SampleID,k__Bacteria|Other|Other|Other|Other,k__Bacteria|p__Acidobacteria|c__Acidobacteria-6|o__iii1-15|Other,k__Bacteria|p__Acidobacteria|c__Acidobacteria-6|o__iii1-15|f__,k__Bacteria|p__Acidobacteria|c__Acidobacteria-6|o__iii1-15|f__RB40,k__Bacteria|p__Acidobacteria|c__Acidobacteria-6|o__iii1-15|f__mb2424,k__Bacteria|p__Acidobacteria|c__Acidobacteriia|o__Acidobacteriales|f__Acidobacteriaceae,k__Bacteria|p__Acidobacteria|c__Solibacteres|o__Solibacterales|Other,k__Bacteria|p__Acidobacteria|c__Solibacteres|o__Solibacterales|f__,k__Bacteria|p__Acidobacteria|c__Sva0725|o__Sva0725|f__,k__Bacteria|p__Acidobacteria|c__[Chloracidobacteria]|Other|Other,k__Bacteria|p__Acidobacteria|c__[Chloracidobacteria]|o__RB41|f__,k__Bacteria|p__Acidobacteria|c__[Chloracidobacteria]|o__RB41|f__Ellin6075,k__Bacteria|p__Actinobacteria|c__Acidimicrobiia|o__Acidimicrobiales|Other,k__Bacteria|p__Actinobacteria|c__Acidimicrobiia|o__Acidimicrobiales|f__,k__Bacteria|p__Actinobacteria|c__Acidimicrobiia|o__Acidimicrobiales|f__AKIW874,k__Bacteria|p__Actinobacteria|c__Acidimicrobiia|o__Acidimicrobiales|f__C111,k__Bacteria|p__Actinobacteria|c__Acidimicrobiia|o__Acidimicrobiales|f__EB1017,k__Bacteria|p__Actinobacteria|c__Acidimicrobiia|o__Acidimicrobiales|f__Iamiaceae,k__Bacteria|p__Actinobacteria|c__Acidimicrobiia|o__Acidimicrobiales|f__Microthrixaceae,k__Bacteria|p__Actinobacteria|c__Actinobacteria|o__Actinomycetales|Other,k__Bacteria|p__Actinobacteria|c__Actinobacteria|o__Actinomycetales|f__,k__Bacteria|p__Actinobacteria|c__Actinobacteria|o__Actinomycetales|f__ACK-M1,k__Bacteria|p__Actinobacteria|c__Actinobacteria|o__Actinomycetales|f__Actinomycetaceae,k__Bacteria|p__Actinobacteria|c__Actinobacteria|o__Actinomycetales|f__Bogoriellaceae,k__Bacteria|p__Actinobacteria|c__Actinobacteria|o__Actinomycetales|f__Brevibacteriaceae,k__Bacteria|p__Actinobacteria|c__Actinobacteria|o__Actinomycetales|f__Cellulomonadaceae,k__Bacteria|p__Actinobacteria|c__Actinobacteria|o__Actinomycetales|f__Corynebacteriaceae,k__Bacteria|p__Actinobacteria|c__Actinobacteria|o__Actinomycetales|f__Dermabacteraceae,k__Bacteria|p__Actinobacteria|c__Actinobacteria|o__Actinomycetales|f__Dermacoccaceae,k__Bacteria|p__Actinobacteria|c__Actinobacteria|o__Actinomycetales|f__Dermatophilaceae,k__Bacteria|p__Actinobacteria|c__Actinobacteria|o__Actinomycetales|f__Dietziaceae,k__Bacteria|p__Actinobacteria|c__Actinobacteria|o__Actinomycetales|f__Frankiaceae,k__Bacteria|p__Actinobacteria|c__Actinobacteria|o__Actinomycetales|f__Geodermatophilaceae,k__Bacteria|p__Actinobacteria|c__Actinobacteria|o__Actinomycetales|f__Gordoniaceae,k__Bacteria|p__Actinobacteria|c__Actinobacteria|o__Actinomycetales|f__Intrasporangiaceae,k__Bacteria|p__Actinobacteria|c__Actinobacteria|o__Actinomycetales|f__Jonesiaceae,k__Bacteria|p__Actinobacteria|c__Actinobacteria|o__Actinomycetales|f__Kineosporiaceae,k__Bacteria|p__Actinobacteria|c__Actinobacteria|o__Actinomycetales|f__Microbacteriaceae,k__Bacteria|p__Actinobacteria|c__Actinobacteria|o__Actinomycetales|f__Micrococcaceae,k__Bacteria|p__Actinobacteria|c__Actinobacteria|o__Actinomycetales|f__Micromonosporaceae,k__Bacteria|p__Actinobacteria|c__Actinobacteria|o__Actinomycetales|f__Mycobacteriaceae,k__Bacteria|p__Actinobacteria|c__Actinobacteria|o__Actinomycetales|f__Nakamurellaceae,k__Bacteria|p__Actinobacteria|c__Actinobacteria|o__Actinomycetales|f__Nocardiaceae,k__Bacteria|p__Actinobacteria|c__Actinobacteria|o__Actinomycetales|f__Nocardioidaceae,k__Bacteria|p__Actinobacteria|c__Actinobacteria|o__Actinomycetales|f__Nocardiopsaceae,k__Bacteria|p__Actinobacteria|c__Actinobacteria|o__Actinomycetales|f__Promicromonosporaceae,k__Bacteria|p__Actinobacteria|c__Actinobacteria|o__Actinomycetales|f__Propionibacteriaceae,k__Bacteria|p__Actinobacteria|c__Actinobacteria|o__Actinomycetales|f__Pseudonocardiaceae,k__Bacteria|p__Actinobacteria|c__Actinobacteria|o__Actinomycetales|f__Ruaniaceae,k__Bacteria|p__Actinobacteria|c__Actinobacteria|o__Actinomycetales|f__Sanguibacteraceae,k__Bacteria|p__Actinobacteria|c__Actinobacteria|o__Actinomycetales|f__Sporichthyaceae,k__Bacteria|p__Actinobacteria|c__Actinobacteria|o__Actinomycetales|f__Streptomycetaceae,k__Bacteria|p__Actinobacteria|c__Actinobacteria|o__Actinomycetales|f__Thermomonosporaceae,k__Bacteria|p__Actinobacteria|c__Actinobacteria|o__Actinomycetales|f__Tsukamurellaceae,k__Bacteria|p__Actinobacteria|c__Actinobacteria|o__Actinomycetales|f__Williamsiaceae,k__Bacteria|p__Actinobacteria|c__Actinobacteria|o__Actinomycetales|f__Yaniellaceae,k__Bacteria|p__Actinobacteria|c__Actinobacteria|o__Bifidobacteriales|f__Bifidobacteriaceae,k__Bacteria|p__Actinobacteria|c__Actinobacteria|o__Micrococcales|f__,k__Bacteria|p__Actinobacteria|c__Coriobacteriia|o__Coriobacteriales|f__Coriobacteriaceae,k__Bacteria|p__Actinobacteria|c__MB-A2-108|o__0319-7L14|f__,k__Bacteria|p__Actinobacteria|c__Nitriliruptoria|o__Euzebyales|f__Euzebyaceae,k__Bacteria|p__Actinobacteria|c__OPB41|o__|f__,k__Bacteria|p__Actinobacteria|c__Thermoleophilia|o__Gaiellales|f__,k__Bacteria|p__Actinobacteria|c__Thermoleophilia|o__Gaiellales|f__AK1AB1_02E,k__Bacteria|p__Actinobacteria|c__Thermoleophilia|o__Gaiellales|f__Gaiellaceae,k__Bacteria|p__Actinobacteria|c__Thermoleophilia|o__Solirubrobacterales|Other,k__Bacteria|p__Actinobacteria|c__Thermoleophilia|o__Solirubrobacterales|f__,k__Bacteria|p__Actinobacteria|c__Thermoleophilia|o__Solirubrobacterales|f__Conexibacteraceae,k__Bacteria|p__Actinobacteria|c__Thermoleophilia|o__Solirubrobacterales|f__Patulibacteraceae,k__Bacteria|p__Actinobacteria|c__Thermoleophilia|o__Solirubrobacterales|f__Solirubrobacteraceae,k__Bacteria|p__Armatimonadetes|c__|o__|f__,k__Bacteria|p__Bacteroidetes|Other|Other|Other,k__Bacteria|p__Bacteroidetes|c__|o__|f__,k__Bacteria|p__Bacteroidetes|c__Bacteroidia|o__Bacteroidales|f__,k__Bacteria|p__Bacteroidetes|c__Bacteroidia|o__Bacteroidales|f__Bacteroidaceae,k__Bacteria|p__Bacteroidetes|c__Bacteroidia|o__Bacteroidales|f__Porphyromonadaceae,k__Bacteria|p__Bacteroidetes|c__Bacteroidia|o__Bacteroidales|f__Prevotellaceae,k__Bacteria|p__Bacteroidetes|c__Bacteroidia|o__Bacteroidales|f__Rikenellaceae,k__Bacteria|p__Bacteroidetes|c__Bacteroidia|o__Bacteroidales|f__S24-7,k__Bacteria|p__Bacteroidetes|c__Bacteroidia|o__Bacteroidales|f__[Barnesiellaceae],k__Bacteria|p__Bacteroidetes|c__Bacteroidia|o__Bacteroidales|f__[Odoribacteraceae],k__Bacteria|p__Bacteroidetes|c__Bacteroidia|o__Bacteroidales|f__[Paraprevotellaceae],k__Bacteria|p__Bacteroidetes|c__Cytophagia|o__Cytophagales|Other,k__Bacteria|p__Bacteroidetes|c__Cytophagia|o__Cytophagales|f__Cyclobacteriaceae,k__Bacteria|p__Bacteroidetes|c__Cytophagia|o__Cytophagales|f__Cytophagaceae,k__Bacteria|p__Bacteroidetes|c__Cytophagia|o__Cytophagales|f__Flammeovirgaceae,k__Bacteria|p__Bacteroidetes|c__Flavobacteriia|o__Flavobacteriales|f__Cryomorphaceae,k__Bacteria|p__Bacteroidetes|c__Flavobacteriia|o__Flavobacteriales|f__Flavobacteriaceae,k__Bacteria|p__Bacteroidetes|c__Flavobacteriia|o__Flavobacteriales|f__[Weeksellaceae],k__Bacteria|p__Bacteroidetes|c__Sphingobacteriia|o__Sphingobacteriales|f__,k__Bacteria|p__Bacteroidetes|c__Sphingobacteriia|o__Sphingobacteriales|f__Sphingobacteriaceae,k__Bacteria|p__Bacteroidetes|c__VC2_1_Bac22|o__|f__,k__Bacteria|p__Bacteroidetes|c__[Rhodothermi]|o__[Rhodothermales]|f__Rhodothermaceae,k__Bacteria|p__Bacteroidetes|c__[Saprospirae]|o__[Saprospirales]|f__,k__Bacteria|p__Bacteroidetes|c__[Saprospirae]|o__[Saprospirales]|f__Chitinophagaceae,k__Bacteria|p__Bacteroidetes|c__[Saprospirae]|o__[Saprospirales]|f__Saprospiraceae,k__Bacteria|p__Chlorobi|c__OPB56|o__|f__,k__Bacteria|p__Chloroflexi|c__Anaerolineae|Other|Other,k__Bacteria|p__Chloroflexi|c__Anaerolineae|o__Ardenscatenales|f__Ardenscatenaceae,k__Bacteria|p__Chloroflexi|c__Anaerolineae|o__Caldilineales|f__Caldilineaceae,k__Bacteria|p__Chloroflexi|c__Anaerolineae|o__GCA004|f__,k__Bacteria|p__Chloroflexi|c__Anaerolineae|o__SBR1031|f__A4b,k__Bacteria|p__Chloroflexi|c__Anaerolineae|o__envOPS12|f__,k__Bacteria|p__Chloroflexi|c__C0119|o__|f__,k__Bacteria|p__Chloroflexi|c__Ktedonobacteria|o__Ktedonobacterales|f__Ktedonobacteraceae,k__Bacteria|p__Chloroflexi|c__S085|o__|f__,k__Bacteria|p__Chloroflexi|c__TK10|o__B07_WMSP1|f__,k__Bacteria|p__Chloroflexi|c__Thermomicrobia|o__JG30-KF-CM45|f__,k__Bacteria|p__Cyanobacteria|Other|Other|Other,k__Bacteria|p__Cyanobacteria|c__|o__|f__,k__Bacteria|p__Cyanobacteria|c__4C0d-2|o__MLE1-12|f__,k__Bacteria|p__Cyanobacteria|c__4C0d-2|o__YS2|f__,k__Bacteria|p__Cyanobacteria|c__Chloroplast|Other|Other,k__Bacteria|p__Cyanobacteria|c__Chloroplast|o__Chlorophyta|f__,k__Bacteria|p__Cyanobacteria|c__Chloroplast|o__Chlorophyta|f__Chlamydomonadaceae,k__Bacteria|p__Cyanobacteria|c__Chloroplast|o__Chlorophyta|f__Trebouxiophyceae,k__Bacteria|p__Cyanobacteria|c__Chloroplast|o__Stramenopiles|f__,k__Bacteria|p__Cyanobacteria|c__Chloroplast|o__Streptophyta|f__,k__Bacteria|p__Cyanobacteria|c__ML635J-21|o__|f__,k__Bacteria|p__Cyanobacteria|c__Nostocophycideae|o__Nostocales|f__Nostocaceae,k__Bacteria|p__Cyanobacteria|c__Nostocophycideae|o__Nostocales|f__Scytonemataceae,k__Bacteria|p__Cyanobacteria|c__Nostocophycideae|o__Stigonematales|f__Rivulariaceae,k__Bacteria|p__Cyanobacteria|c__Oscillatoriophycideae|o__Chroococcales|f__Xenococcaceae,k__Bacteria|p__Cyanobacteria|c__Oscillatoriophycideae|o__Oscillatoriales|f__Phormidiaceae,k__Bacteria|p__Cyanobacteria|c__Synechococcophycideae|Other|Other,k__Bacteria|p__Cyanobacteria|c__Synechococcophycideae|o__Pseudanabaenales|f__Pseudanabaenaceae,k__Bacteria|p__Elusimicrobia|c__Elusimicrobia|o__FAC88|f__,k__Bacteria|p__FBP|c__|o__|f__,k__Bacteria|p__Firmicutes|Other|Other|Other,k__Bacteria|p__Firmicutes|c__Bacilli|Other|Other,k__Bacteria|p__Firmicutes|c__Bacilli|o__Bacillales|Other,k__Bacteria|p__Firmicutes|c__Bacilli|o__Bacillales|f__Alicyclobacillaceae,k__Bacteria|p__Firmicutes|c__Bacilli|o__Bacillales|f__Bacillaceae,k__Bacteria|p__Firmicutes|c__Bacilli|o__Bacillales|f__Listeriaceae,k__Bacteria|p__Firmicutes|c__Bacilli|o__Bacillales|f__Paenibacillaceae,k__Bacteria|p__Firmicutes|c__Bacilli|o__Bacillales|f__Planococcaceae,k__Bacteria|p__Firmicutes|c__Bacilli|o__Bacillales|f__Staphylococcaceae,k__Bacteria|p__Firmicutes|c__Bacilli|o__Bacillales|f__Thermoactinomycetaceae,k__Bacteria|p__Firmicutes|c__Bacilli|o__Bacillales|f__[Exiguobacteraceae],k__Bacteria|p__Firmicutes|c__Bacilli|o__Bacillales|f__[Thermicanaceae],k__Bacteria|p__Firmicutes|c__Bacilli|o__Gemellales|f__,k__Bacteria|p__Firmicutes|c__Bacilli|o__Gemellales|f__Gemellaceae,k__Bacteria|p__Firmicutes|c__Bacilli|o__Lactobacillales|Other,k__Bacteria|p__Firmicutes|c__Bacilli|o__Lactobacillales|f__,k__Bacteria|p__Firmicutes|c__Bacilli|o__Lactobacillales|f__Aerococcaceae,k__Bacteria|p__Firmicutes|c__Bacilli|o__Lactobacillales|f__Carnobacteriaceae,k__Bacteria|p__Firmicutes|c__Bacilli|o__Lactobacillales|f__Enterococcaceae,k__Bacteria|p__Firmicutes|c__Bacilli|o__Lactobacillales|f__Lactobacillaceae,k__Bacteria|p__Firmicutes|c__Bacilli|o__Lactobacillales|f__Leuconostocaceae,k__Bacteria|p__Firmicutes|c__Bacilli|o__Lactobacillales|f__Streptococcaceae,k__Bacteria|p__Firmicutes|c__Bacilli|o__Turicibacterales|f__Turicibacteraceae,k__Bacteria|p__Firmicutes|c__Clostridia|o__|f__,k__Bacteria|p__Firmicutes|c__Clostridia|o__Clostridiales|Other,k__Bacteria|p__Firmicutes|c__Clostridia|o__Clostridiales|f__,k__Bacteria|p__Firmicutes|c__Clostridia|o__Clostridiales|f__Clostridiaceae,k__Bacteria|p__Firmicutes|c__Clostridia|o__Clostridiales|f__Eubacteriaceae,k__Bacteria|p__Firmicutes|c__Clostridia|o__Clostridiales|f__Gracilibacteraceae,k__Bacteria|p__Firmicutes|c__Clostridia|o__Clostridiales|f__Lachnospiraceae,k__Bacteria|p__Firmicutes|c__Clostridia|o__Clostridiales|f__Peptococcaceae,k__Bacteria|p__Firmicutes|c__Clostridia|o__Clostridiales|f__Peptostreptococcaceae,k__Bacteria|p__Firmicutes|c__Clostridia|o__Clostridiales|f__Ruminococcaceae,k__Bacteria|p__Firmicutes|c__Clostridia|o__Clostridiales|f__Veillonellaceae,k__Bacteria|p__Firmicutes|c__Clostridia|o__Clostridiales|f__[Acidaminobacteraceae],k__Bacteria|p__Firmicutes|c__Clostridia|o__Clostridiales|f__[Mogibacteriaceae],k__Bacteria|p__Firmicutes|c__Clostridia|o__Clostridiales|f__[Tissierellaceae],k__Bacteria|p__Firmicutes|c__Clostridia|o__OPB54|f__,k__Bacteria|p__Firmicutes|c__Erysipelotrichi|o__Erysipelotrichales|f__Erysipelotrichaceae,k__Bacteria|p__Fusobacteria|c__Fusobacteriia|o__Fusobacteriales|Other,k__Bacteria|p__Fusobacteria|c__Fusobacteriia|o__Fusobacteriales|f__Fusobacteriaceae,k__Bacteria|p__Fusobacteria|c__Fusobacteriia|o__Fusobacteriales|f__Leptotrichiaceae,k__Bacteria|p__Gemmatimonadetes|c__Gemm-1|o__|f__,k__Bacteria|p__Gemmatimonadetes|c__Gemm-3|o__|f__,k__Bacteria|p__Gemmatimonadetes|c__Gemm-5|o__|f__,k__Bacteria|p__Gemmatimonadetes|c__Gemmatimonadetes|o__|f__,k__Bacteria|p__Gemmatimonadetes|c__Gemmatimonadetes|o__Ellin5290|f__,k__Bacteria|p__Nitrospirae|c__Nitrospira|o__Nitrospirales|f__Nitrospiraceae,k__Bacteria|p__Planctomycetes|c__Phycisphaerae|o__WD2101|f__,k__Bacteria|p__Planctomycetes|c__Planctomycetia|o__Gemmatales|f__Gemmataceae,k__Bacteria|p__Planctomycetes|c__Planctomycetia|o__Gemmatales|f__Isosphaeraceae,k__Bacteria|p__Planctomycetes|c__Planctomycetia|o__Pirellulales|f__Pirellulaceae,k__Bacteria|p__Planctomycetes|c__Planctomycetia|o__Planctomycetales|f__Planctomycetaceae,k__Bacteria|p__Proteobacteria|Other|Other|Other,k__Bacteria|p__Proteobacteria|c__Alphaproteobacteria|Other|Other,k__Bacteria|p__Proteobacteria|c__Alphaproteobacteria|o__|f__,k__Bacteria|p__Proteobacteria|c__Alphaproteobacteria|o__BD7-3|f__,k__Bacteria|p__Proteobacteria|c__Alphaproteobacteria|o__Caulobacterales|f__Caulobacteraceae,k__Bacteria|p__Proteobacteria|c__Alphaproteobacteria|o__Ellin329|f__,k__Bacteria|p__Proteobacteria|c__Alphaproteobacteria|o__Rhizobiales|Other,k__Bacteria|p__Proteobacteria|c__Alphaproteobacteria|o__Rhizobiales|f__,k__Bacteria|p__Proteobacteria|c__Alphaproteobacteria|o__Rhizobiales|f__Aurantimonadaceae,k__Bacteria|p__Proteobacteria|c__Alphaproteobacteria|o__Rhizobiales|f__Bartonellaceae,k__Bacteria|p__Proteobacteria|c__Alphaproteobacteria|o__Rhizobiales|f__Beijerinckiaceae,k__Bacteria|p__Proteobacteria|c__Alphaproteobacteria|o__Rhizobiales|f__Bradyrhizobiaceae,k__Bacteria|p__Proteobacteria|c__Alphaproteobacteria|o__Rhizobiales|f__Brucellaceae,k__Bacteria|p__Proteobacteria|c__Alphaproteobacteria|o__Rhizobiales|f__Hyphomicrobiaceae,k__Bacteria|p__Proteobacteria|c__Alphaproteobacteria|o__Rhizobiales|f__Methylobacteriaceae,k__Bacteria|p__Proteobacteria|c__Alphaproteobacteria|o__Rhizobiales|f__Methylocystaceae,k__Bacteria|p__Proteobacteria|c__Alphaproteobacteria|o__Rhizobiales|f__Phyllobacteriaceae,k__Bacteria|p__Proteobacteria|c__Alphaproteobacteria|o__Rhizobiales|f__Rhizobiaceae,k__Bacteria|p__Proteobacteria|c__Alphaproteobacteria|o__Rhizobiales|f__Rhodobiaceae,k__Bacteria|p__Proteobacteria|c__Alphaproteobacteria|o__Rhizobiales|f__Xanthobacteraceae,k__Bacteria|p__Proteobacteria|c__Alphaproteobacteria|o__Rhodobacterales|f__Rhodobacteraceae,k__Bacteria|p__Proteobacteria|c__Alphaproteobacteria|o__Rhodospirillales|f__,k__Bacteria|p__Proteobacteria|c__Alphaproteobacteria|o__Rhodospirillales|f__Acetobacteraceae,k__Bacteria|p__Proteobacteria|c__Alphaproteobacteria|o__Rhodospirillales|f__Rhodospirillaceae,k__Bacteria|p__Proteobacteria|c__Alphaproteobacteria|o__Rickettsiales|f__Rickettsiaceae,k__Bacteria|p__Proteobacteria|c__Alphaproteobacteria|o__Rickettsiales|f__mitochondria,k__Bacteria|p__Proteobacteria|c__Alphaproteobacteria|o__Sphingomonadales|Other,k__Bacteria|p__Proteobacteria|c__Alphaproteobacteria|o__Sphingomonadales|f__,k__Bacteria|p__Proteobacteria|c__Alphaproteobacteria|o__Sphingomonadales|f__Erythrobacteraceae,k__Bacteria|p__Proteobacteria|c__Alphaproteobacteria|o__Sphingomonadales|f__Sphingomonadaceae,k__Bacteria|p__Proteobacteria|c__Betaproteobacteria|Other|Other,k__Bacteria|p__Proteobacteria|c__Betaproteobacteria|o__|f__,k__Bacteria|p__Proteobacteria|c__Betaproteobacteria|o__Burkholderiales|Other,k__Bacteria|p__Proteobacteria|c__Betaproteobacteria|o__Burkholderiales|f__,k__Bacteria|p__Proteobacteria|c__Betaproteobacteria|o__Burkholderiales|f__Alcaligenaceae,k__Bacteria|p__Proteobacteria|c__Betaproteobacteria|o__Burkholderiales|f__Burkholderiaceae,k__Bacteria|p__Proteobacteria|c__Betaproteobacteria|o__Burkholderiales|f__Comamonadaceae,k__Bacteria|p__Proteobacteria|c__Betaproteobacteria|o__Burkholderiales|f__Oxalobacteraceae,k__Bacteria|p__Proteobacteria|c__Betaproteobacteria|o__Ellin6067|f__,k__Bacteria|p__Proteobacteria|c__Betaproteobacteria|o__Hydrogenophilales|f__Hydrogenophilaceae,k__Bacteria|p__Proteobacteria|c__Betaproteobacteria|o__IS-44|f__,k__Bacteria|p__Proteobacteria|c__Betaproteobacteria|o__MND1|f__,k__Bacteria|p__Proteobacteria|c__Betaproteobacteria|o__Methylophilales|f__Methylophilaceae,k__Bacteria|p__Proteobacteria|c__Betaproteobacteria|o__Neisseriales|f__Neisseriaceae,k__Bacteria|p__Proteobacteria|c__Betaproteobacteria|o__Nitrosomonadales|f__Nitrosomonadaceae,k__Bacteria|p__Proteobacteria|c__Betaproteobacteria|o__Rhodocyclales|f__Rhodocyclaceae,k__Bacteria|p__Proteobacteria|c__Betaproteobacteria|o__SC-I-84|f__,k__Bacteria|p__Proteobacteria|c__Deltaproteobacteria|o__Bdellovibrionales|f__Bacteriovoracaceae,k__Bacteria|p__Proteobacteria|c__Deltaproteobacteria|o__Desulfobacterales|f__Desulfobulbaceae,k__Bacteria|p__Proteobacteria|c__Deltaproteobacteria|o__Desulfovibrionales|f__Desulfovibrionaceae,k__Bacteria|p__Proteobacteria|c__Deltaproteobacteria|o__MIZ46|f__,k__Bacteria|p__Proteobacteria|c__Deltaproteobacteria|o__Myxococcales|f__,k__Bacteria|p__Proteobacteria|c__Deltaproteobacteria|o__Myxococcales|f__0319-6G20,k__Bacteria|p__Proteobacteria|c__Deltaproteobacteria|o__Myxococcales|f__Cystobacterineae,k__Bacteria|p__Proteobacteria|c__Deltaproteobacteria|o__Myxococcales|f__Haliangiaceae,k__Bacteria|p__Proteobacteria|c__Deltaproteobacteria|o__Spirobacillales|f__,k__Bacteria|p__Proteobacteria|c__Deltaproteobacteria|o__Syntrophobacterales|f__Syntrophobacteraceae,k__Bacteria|p__Proteobacteria|c__Epsilonproteobacteria|o__Campylobacterales|f__Campylobacteraceae,k__Bacteria|p__Proteobacteria|c__Epsilonproteobacteria|o__Campylobacterales|f__Helicobacteraceae,k__Bacteria|p__Proteobacteria|c__Gammaproteobacteria|Other|Other,k__Bacteria|p__Proteobacteria|c__Gammaproteobacteria|o__Aeromonadales|f__Aeromonadaceae,k__Bacteria|p__Proteobacteria|c__Gammaproteobacteria|o__Cardiobacteriales|f__Cardiobacteriaceae,k__Bacteria|p__Proteobacteria|c__Gammaproteobacteria|o__Enterobacteriales|f__Enterobacteriaceae,k__Bacteria|p__Proteobacteria|c__Gammaproteobacteria|o__Legionellales|Other,k__Bacteria|p__Proteobacteria|c__Gammaproteobacteria|o__Legionellales|f__,k__Bacteria|p__Proteobacteria|c__Gammaproteobacteria|o__Legionellales|f__Coxiellaceae,k__Bacteria|p__Proteobacteria|c__Gammaproteobacteria|o__Legionellales|f__Legionellaceae,k__Bacteria|p__Proteobacteria|c__Gammaproteobacteria|o__Methylococcales|f__Methylococcaceae,k__Bacteria|p__Proteobacteria|c__Gammaproteobacteria|o__Oceanospirillales|f__Halomonadaceae,k__Bacteria|p__Proteobacteria|c__Gammaproteobacteria|o__Pasteurellales|f__Pasteurellaceae,k__Bacteria|p__Proteobacteria|c__Gammaproteobacteria|o__Pseudomonadales|f__Moraxellaceae,k__Bacteria|p__Proteobacteria|c__Gammaproteobacteria|o__Pseudomonadales|f__Pseudomonadaceae,k__Bacteria|p__Proteobacteria|c__Gammaproteobacteria|o__Thiotrichales|f__Thiotrichaceae,k__Bacteria|p__Proteobacteria|c__Gammaproteobacteria|o__Xanthomonadales|f__Sinobacteraceae,k__Bacteria|p__Proteobacteria|c__Gammaproteobacteria|o__Xanthomonadales|f__Xanthomonadaceae,k__Bacteria|p__Proteobacteria|c__TA18|o__CV90|f__,k__Bacteria|p__SR1|c__|o__|f__,k__Bacteria|p__Spirochaetes|c__Spirochaetes|Other|Other,k__Bacteria|p__Spirochaetes|c__Spirochaetes|o__Sphaerochaetales|f__Sphaerochaetaceae,k__Bacteria|p__Spirochaetes|c__Spirochaetes|o__Spirochaetales|f__Spirochaetaceae,k__Bacteria|p__Synergistetes|c__Synergistia|o__Synergistales|f__Dethiosulfovibrionaceae,k__Bacteria|p__TM7|c__|o__|f__,k__Bacteria|p__TM7|c__TM7-1|o__|f__,k__Bacteria|p__TM7|c__TM7-3|Other|Other,k__Bacteria|p__TM7|c__TM7-3|o__|f__,k__Bacteria|p__TM7|c__TM7-3|o__CW040|f__,k__Bacteria|p__TM7|c__TM7-3|o__CW040|f__F16,k__Bacteria|p__TM7|c__TM7-3|o__EW055|f__,k__Bacteria|p__Tenericutes|c__Mollicutes|o__Mycoplasmatales|f__Mycoplasmataceae,k__Bacteria|p__Tenericutes|c__Mollicutes|o__RF39|f__,k__Bacteria|p__Verrucomicrobia|c__Opitutae|o__Opitutales|f__Opitutaceae,k__Bacteria|p__Verrucomicrobia|c__Verrucomicrobiae|o__Verrucomicrobiales|f__Verrucomicrobiaceae,k__Bacteria|p__WPS-2|c__|o__|f__,k__Bacteria|p__WS3|c__PRR-12|o__Sediment-1|f__,k__Bacteria|p__[Thermi]|c__Deinococci|o__Deinococcales|f__Deinococcaceae,k__Bacteria|p__[Thermi]|c__Deinococci|o__Deinococcales|f__Trueperaceae,k__Bacteria|p__[Thermi]|c__Deinococci|o__Thermales|f__Thermaceae
H160S6Y9.04,0,0,0,0,0,0,0,0,0.00010305,0,0,0,0,0,0,0.000180338,0,0,0,0,0,0,0.000283388,0,0,0.000489489,0.578936521,0.000386439,0.000128813,0,0,0,0,0,0,0,0,0.001159316,0.001880668,0,0,0,0,0.00010305,0,0,0.000875927,0,0,0,0,0,0,0,0,0,0,0,0,0.000437964,0,0,0,0,0.000283388,0,0,0,0,0.000154575,0,0,0,0,0,0,0.001082028,0,0,0,0,0.000283388,0,0,0.000515251,0,0,0.000283388,0.001185078,0,0,0,0,0,0,0,0,0,0,0,0,0,0,0,0.000231863,0,0,0,0,0,0,0,0,0.000283388,0,0,0,0,0,0,0,0,0,0,0,0,0,0.000437964,0,0.001519992,0.000206101,0,0,0,0,0.000128813,0.003091509,0,0,0,0,0.001597279,0,0,0.110959398,0.003039984,0,0,0,0.085557502,0,0,0,0,0,0,0,0.000309151,0,0,0,0.003684048,0,0,0,0,2.58E-05,0,0,0,0,0,0,0,0,0,0,0,0,0,0,0,0,0,0,0.000566777,0,0,0,0,0,0,0,0,0.000412201,0,0.000206101,0.000128813,0.000747115,0.000334913,0,0.000824402,0,0,0.000283388,0,0,0,0,0,0,0,0,0,0,0,0,0,2.58E-05,0,0,0,0,0,0.195151484,0,0,0,0,0,0,0,0.000721352,0,0,0,0,0.000386439,0,0,0,0,0,0,0,0,0,0,0,0,0,5.15E-05,0,0,0.000128813,0.00010305,0,0,0,0,0,0,0,0,0,0,0,0,0,0,0,0,0,0,0,0.00010305,0,0
J160S903.04,0,0,0,0,0,0,0,0,0,0,0,0,0,0,0,0,0,0,0,0,0,0,0.000682498,0,0,0,0.000105,0,0,0,0,0,0,0,0,0,0,0,0,0,0,0,0,0,0,0,1.75E-05,0,0,0,0,0,0,0,0,0,0,0,0.001382497,0,0,0,0,0,0,0,0,0,0,0,0,0,0,0,0,0,0.017307457,0,0,0,0,0,0,0,0,0,0,0,0.000279999,0,0,0,0,0,0,0,0,0,0,0,0,0,0,0,0,0,0,0,0,0,0,0,0,0,0,0,0,0,0,0,0,0,0,0,0,0,0,0,0,0.033319917,0,0,1.75E-05,0,0,0,0.08401729,0,0,0,0,0.000577499,0,0,0,0,0,0.000384999,0,0.562203594,0,0,0,0,0.000227499,0,0,1.75E-05,0,0,0,0.072274819,0,0,0,0,0,0,0,0,0,0,0,0,0,0,0,0,0,0,0,0,0,0,0,0,0,0,0,0,0,0,0.000175,0,0,0,0,0,0,0,0,0,0,0,0,0,0,0,0,0,0,0,0,0,0,0,0,0.000209999,0,0,0,0,0,0,0.050382374,0,0,0,0,0,0,0,0,0,0,0,0,0,0.000332499,0,0,0,0,0,0,0,0,0,0,0,0.0001925,0.17589206,0,0,0,0,0,0,0,0,0,0,0,0,0,0,0,0,0,0,0,0,0,0,0,0,0,0
K160R985.04,0,0,0,0,0,0,0,0,0,0,0,0,0,0,0,0,0,0,0,0,0,0,1.31E-05,0,0,0,0.619052621,0.002415713,0,0,0,0,0,0,0,0,0,0,0,0,0,0,0,0,0,0,5.25E-05,0,0,0,0,0,0,0,0,0,0,0,0,0,0,0,0,0,0,0,0,0,0,0,0,0,0,0,0,0,0,0,0,0,0,7.88E-05,0,0,0,0,0,0,0,0,0,0,0,0,0,0,0,0,0,0,0,0,0,0,0,0,0,0,0,0,0,0,0,0,0,0,0,0,0,0,0,0,0,0,0,0,0,0,2.63E-05,0.005461611,0,0,0,0,0,0,0.368803172,0,0,0,0.001903687,1.31E-05,0,0,1.31E-05,5.25E-05,0,0,1.31E-05,0.001588594,0,0,0,0,0,0,0,0,0,0,0,0.000144418,0,0,1.31E-05,0,0,0,0,0,0,0,0,0,0,0,0,0,0,0,0,0,0,0,0,0,0,0,0,0,0,0,0,0,0,0,0,0,0,0,0,0,0,0,0,0,0,0,0,0,0,0,0,0,0,0,0,0,0,0,0,0,0,0,0,0,0,0,0,0,0,0,0,0,0,0,0,0,0,0,0,0,0,0,0,0,0,0,0,0,0,0.000288835,0,0,0,3.94E-05,0,0,0,0,0,0,0,0,0,0,0,0,0,0,0,0,0,0,0,0,0,2.63E-05
J160S010.04,0,0,0.00210371,0,0,0,0,0,0,0,0,0,0.000191246,0.001693897,0,0.00090159,0,0,0,0,0.00031419,0,0.000860609,0,0.000546418,0,0.64478717,0.00060106,0,0,0,0,0,0,0.000122944,0,0,0.000573739,0.006188186,0,0,0,0,0.002841375,0,0,0.000860609,0,0,0,0,0,0,0,0,0,0,0,0,0,0.00028687,0,0,0,0.000642041,0,0.000655702,0,0,0,0,0,0,0,0,0,0.002622807,0,0,0,0,0.000628381,0,0,0,0,0,0,0.006625321,0,0.000628381,0,0,0,0,0,0,0,0,0,0,0,0,0,0,0,0,0.000327851,0,0,0,0,0,0,0,0,0,0,0,0,0,0,0,0,0,0,0,0,0,0.000478116,0,0,0,0.000942571,0,0.000396153,0.003456095,0,0,0,0,0.003538058,0,0,0.158980384,0.002882356,0,0,0,0.091675318,0,0,0,0,0.001529971,0,0,0.001393366,0,0.001120157,0,0.002322277,0,0,0.000915251,0,0,0,0,0,0,0,0,0,0,0,0,0,0,0,0,0,0,0,0,0,0,0,0,0,0,0,0,0,0.000478116,0.000833288,0,0,0,0,0,0.001147478,0,0,0,0,1.37E-05,0,0,0,0.000396153,0,0,0,0,0,0,0.001625594,0,0,0,0,0,0,0.049423529,0,0,0,0,0,0,0,0.000833288,0,0,0,0,0,0,0,0,0,0,0,0,0,0,0,0,0,0,0,0,0,0,0,0,0,0,0,0,0,0.000614721,0,0,0,0,0,0,0,0,0,0,0,0,0,0,0
G160TPYP.04,0,0,0,0,0,0,0,0,0,4.67E-05,0,0,0,0,0,0,0,0,0,0,0,0,0.000116671,0,0,0,0.415664267,0,0,0,0,0,0,0,0,0,0,3.50E-05,0,0,0,0,0,0,0,0,3.50E-05,0,0,0,0,0,0,0,0,0,0,0,0,0,0,0,0,0,0,0,0,0,0,0,0,0,0,0,0,0.000408349,0.00052502,0,0,0,0,0.000700027,0,0,0,0,0,0,5.83E-05,0,0,0,0,0,0,0,0,0,0,0,0,0,0,0,0,0,0,0,0,0,0,0,0,0,0,0,0,0,0,0,0,0,0,0,0,0,0,0,0,0,0,0,0,0,0,0,3.50E-05,0,0,0,0,0.000653358,0,0,0.00270677,0.00129505,0,0,0,0.543045817,0,0,0,0,0,0,0,9.33E-05,0,0,0,0.002100081,0,0,1.17E-05,0,0,0,4.67E-05,1.17E-05,0,0,0,0,0,0,0,0,0,0,0,0,0,0,0,0,0,0,0,7.00E-05,0,0,0,0,0,0,0,0,0,0,0,1.17E-05,0,0,0,0,0,0,0,0,0,0,0,0,0,0,0,3.50E-05,0,0,0,0,0,0,0.000303345,0,0,0,0,0,0,0,0,0,0,0,0,0,0,0,0,0,0,0,0,0,0,0,0,0,0,0.031991226,0,0,0,0,0,0,0,0,0,0,0,0,0,0,0,0,0,0,0,0,0,0,0,0,0,0
F160S601.04,0,0,0.004059062,0,0,0,0,0,0,0,0,0,0,0.000852991,0.006029766,0.004706159,0,0,0,0.003000176,0,0,0.001941291,0,0,0,0.267251015,0,0,0,0.001647156,0,0,0,0.002941349,0,0,0.001676569,0.004235543,0,0.001588329,0,0,0.005500324,0,0,0.001647156,0,0,0,0,0,0,0,0,0,0,0,0,0,0,0,0,0,0,0,0,0,0,0,0,0,0,0,0,0.016030355,0,0,0,0,0,0.000558856,0,0,0,0,0,0,0.00176481,0,0.005529737,0,0,0,0,0,0,0,0,0,0,0,0,0,0,0,0,0,0,0,0,0,0.00244132,0,0,0.001117713,0,0.000147067,0,0,0,0,0,0,0,0,0,0,0,0.008618154,0,0,0.004676746,0,0,0,0.007088652,0,0.000411789,0,0,0.012088946,0,0,0.198864639,0.014471439,0,0,0,0.169127596,0,0,0,0,0,0,0,0.000735337,0,0,0,0.019736455,0,0,0.001882464,0,0,0,0,0.02979587,0,0,0,0,0,0,0,0,0,0,0,0,0,0,0,0.003411965,0,0,0,0,0,0,0.006265074,0,0.002735455,0,0,0,0,0,0,0.006118007,0,0,0.003088417,0,0,0,0,0.008588741,0.016089182,0,0,0.000647097,0,0,0.002088358,0,0.00488264,0,0,0,0,0,0.101182422,0,0.001029472,0,0,0,0,0,0,0,0,0,0,0,0,0,0,0,0,0,0,0,0,0,0,0,0,0.037061004,0,0,0,0.001029472,0,0,0,0,0,0,0,0,0.002235426,0,0.001382434,0,0,0,0,0,0,0,0,0,0,0
E160VM8V.04,0,0,0,0,0,0,0,0,0,0,0,0,0,0,0,0,0,0,0,0,0,0,0.001922533,0,0,0,0.187022901,0,0,0,0,0,0,0,0,0,0,0.000212044,0.000932994,0,0,0,0,0.00049477,0,0,0.008623127,0,0,0,0,0,0,0,0,0,0,0,0,0,0,0,0,0,0,0,0,0,0,0,0,0,0,0,0,0.00493356,0,0,0,0,0,0.006983319,0,0,0,0,0,0.000565451,0.000763359,0,0,0,0,0,0,0,0,0,0,0,0,0,0,0,0,0,0,0,0,0,0,0,0,0,0,0,0,0.007873904,0,0,0,0,0,0,0,0,0,0,0,0.008552446,0,0,0,0,0,0,0.005513147,0,0,0,0,0.05504665,0,0,0.033361606,0.016595985,0,0.000579587,0,0.354580153,0,0,0,0.001243992,0,0,0,0,0,0,0,0.013584959,0,0,0.005781736,0,0,0,0,0.002374894,0,0,0,0,0,0,0,0,0,0,0,0,0,0,0,0.001031948,0,0,0,0,0,0,0,0.002007351,0,0,0,0,0,0,0,0,0,0,0,0,0.003279615,0,0,0,0,0,0,0,0,0,0.000353407,0.000268589,0,0,0,0,0,0,0.069069833,0,0,0,0,0,0,0,0,0,0,0,0,0,0.001611535,0,0,0,0,0,0,0,0,0,0,0,0.00060786,0.202176986,0,0,0,0.000424088,0,0,0,0,0,0,0,0,0,0,7.07E-05,0,0.00155499,0,0,0,0,0,0,0,0,0
C160SBJS.04,0,0,0,0,0,0,0,0,0,0,0,0,0,0.000343767,0,0,0,0,0,0.000446897,0,0,0.000498462,0,0,0.000240637,0.167758126,0,0,0,0,0,0,0,0,0,0,0.000859417,0.000635968,0.000275013,0,0,0.00030939,0,0,0,0.000567215,0,0,0,0.000240637,0,0,0,0,0,0,0,0,0,0,0,0,0.000326578,0.00113443,0,0.000378143,0,0,0,0,0,0,0,0,0.00165008,0.000739098,0,0,0,0,0.00464085,0,0.000395332,0,0,0,0.00051565,0,0,0,0,0,0,0,0,0,0,0,0,0,0,0,0,0,0,0,0,0,0,0,0,0,0,0,0,0,0,0,0,0,0,0,0,0,0,0,0,0,0.011516183,0,0,0,0,0.000292202,0,0.046030355,0,0,0,0,0.003351725,0,0,0.014472576,0.003042335,0,0.00030939,0,0.022757352,0,0,0,0,0.000429708,0,0,0,0,0,0.000275013,0.005070558,0,0,0,0,0,0,0,0.002836075,0,0,0,0,0,0,0,0,0,0,0,0,0,0,0,0.000257825,0,0,0,0,0,0,0,0,0,0,0,0,0,0,0,0.004503343,0.000275013,0,0,0,0,0,0,0,0,0,0,0.00020626,0,0,0.000189072,0.000395332,0,0,0,0,0,0,0.052011894,0,0,0,0,0,0,0,0.000962547,0,0,0,0,0,0,0,0,0,0,0,0,0,0,0,0,0,0.000137507,0.647346981,0,0,0,0,0,0,0,0,0,0,0,0,0,0,0,0,0,0,0,0,0,0,0.000154695,0.001220372,0,0
H160S2KY.04,0,0,0,0,0,0,0,0,0,0,0,0,0,0,0,0,0,0,0,0,0,0,0.00130768,0,0,0,0.298401219,0,0,0,0,0,0.000261536,0,0,0,0,0,0.000113711,0,0,0,0,0,0,0,0,0,0,0,0,0,0,0,0,0,0,0,0.000136454,0,0,0,0,0,0,0,0,0,0,0,0,0,0,0,0,0.001432763,0.002001319,0,0,0,0,0.004389257,0,0,0,0,0,0,0.001398649,0,0,0,0,0,0,0,0,0,0,0,0,0,0,0,0,0,0,0,0,0,0,0,0,0,0,0,0,0,0,0,0,0,0,0,0,0,0,0,0,0.005071524,0,0,0,0,0,0,0.002672216,0,0,0,0,0.003479566,0,0,0.017545655,0.00039799,0.00070501,0,0.000682268,0.411998817,0,0,0,0.000352505,0,0,0,0.002274226,0,0.000341134,0,0.007982534,0,0.000614041,0,0,0,0,0,0.001921721,0,0,0,0,0,0,0,0,0,0,0,0,0,0,0,0,0,0,0,0,0,0,1.14E-05,0,0,0,0,0,0,0,0,0,0,0,0,0,0,0,0,0,0,0,0,0,0,0,0,0,0,0,0,0,0,0,0.156000546,0,0,0,0,0,0,0,0,0,0,0,0,0,0,0,0,0,0,0,0,0,0,0,0,0,0,0.078403948,0,0,0,0,0,0,0,0,0,0,0,0,0,0,9.10E-05,0,0,0,0,0,0,0,0,0,0,1.14E-05
A160RYFF.04,0,0,0,0,0,0,0,0,0,0,0,0,0,0,0,0,0,0,0,0,0,0,0.000893023,0,0,0,0.743404651,0,0,0,0,0,0,0,0,0,0,0,0.000186047,0,0,0,0,0,0,0,0.000725581,0,0,0,0,0,0,0,0,0,0,0,0,0,0,0,0,0,0,0,0,0,0,0,0,0,0,0,0,0.000260465,0.001860465,0,0,0,0,0.000669767,0,0,0,0,0,0,0.000576744,0,0,0,0,0,0,0,0,0,0,0,0,0,0,0,0,0,0,0,0,0,0,0,0,0,0,0,0,0,0,0,0,0,0,0,0,0,0,0,0,0.0008,0,0,0.000148837,0,0,0,0.002530233,0,0,0,0,0.003348837,0,0,1.86E-05,0.006530233,0,0,0,0.219516279,0,0,0,0,0,0,0,0.000111628,0,0,0,0.009097674,0,0,0,0,0.000427907,0,1.86E-05,0.000260465,0,0,0,0,0,0,0,0,0,0,0,0,0,0,0,5.58E-05,0,0,0,0,0,0,0,0,0,0,0,0,9.30E-05,0,0,0.000334884,0,0,0,0,0,0,0,0,0,0,0,0,0,0,0,0,0,0,0,0,0,0,0.006213953,0,0,0,0,0,0,0,0,0,0,0,0,0,0,0,0,0,0,0,0,0,0,0,0,0,0.001209302,1.86E-05,0,0,0,0.000223256,0,0,0,0,0,0,0,0,0,0,0,0,0,0,0,0,0,0,0,0.000409302,0,5.58E-05
A160TQMV.04,0,0,0,0,0,0,0,0,0,0,0,0,0,0,0,0,0,0,0,0,0,0,0,0,0,0,0.001426688,0,0,0,0,0,0,0,0,0,0,0,0,0,0,0,0,0,0,0,0.000666822,0,0,0,0,0,0,0,0,0,0,0,0,0,0,0,0,0,0,0,0,0,0,0,0,0,0,0,0,0,1.55E-05,0,0,0,0,0,0,0,0,0,0,0,0,0,0,0,0,0,0,0,0,0,0,0,0,0,0,0,0,0,0,0,0,0,0,0,0,0,0,0,0,0,0,0,0,0,0,0,0,0,0,0,0,0.00043421,0,0,0,0,0,0,0.000217105,0,0,0,0,0.085291153,0,0,0,0.018981158,0.000201597,1.55E-05,0.000232612,0.445793595,0,0,0,0,0,0,0,0,0,0,0,0.00856013,0,0.001070016,0,0,0,0,0,0.000418702,0,0,0,0,0,0,0,0,0,0,0,0,0,0,0,0,0,0,0,0,0,0,0,0,0,0,0,0,0,0,0,0,0,0,0,0,0,0,0,0,0,0,0,0,0,0,0,0.000589284,0,0,0,0,0,0,0.002419167,0,0,0,0,0,0,0,0,0,0,0,0,0,0,0,0,0,0,0,0,0,0,0,0,0,0,0.433356595,0,0,0,0,0,0,0,0,0,0,0,0,0,0,0,0,0,0,0,0,0,0,0,0,0,0.00031015
F160S11D.04,0,0,0,0,0,0,0,0,0,0,0,0,0,0,0,0,0,0,0,0,0,0,0.000381526,0,0,0,0.49564106,0,0,0,0,0,0,0,0,0,0,0,0.000190763,0,0,0,0,0,0,0,0.006276111,0,0,0,0,0,0,0,0,0,0,0,0,0,0,0,0,0,0,0,0,0,0,0,0,0,0,0,0,0.001430724,0.003357433,0,0,0,0,0.002823296,0,0,0,0,0,0.000114458,0,0,0,0,0,0,0,0,0,0,0,0,0,0,0,0,0,0,0,0,0,0,0,0,0,0,0,0,0,0,0,0,0,0,0,0,0,0,0,0,0,0.046317316,0,0,0,0,0,0,0.202285344,0,0,0,7.63E-05,0.006466874,0,0,0.01260945,0.003986952,0,0,0.000457832,0.141260182,0,0,0.001430724,0,0.000190763,0,0,0,0,0.000839358,0,0.007134545,0,0,0.009137559,0,0,0,0.000591366,0.001278114,0,0,0,0,0,0,0,0,0,0,0,0,0,0,0,0,0,0,0,0,0,0.000228916,0,0,0,0,0,0,0,0,0,0,0,0,0,0,0,0,0,0,0,0,0,0,0,0,0.000114458,0,0,0,0,0,0,0,0.000438755,0,0,0,0,0,0,0,0,0,0,0,0,0,0,0,0,0,0,0,0,0,0,0,0,0,0,0.054653669,0.000171687,0,0,5.72E-05,0,0,0,0,0,0,0,0,0,0,5.72E-05,0,0,0,0,0,0,0,0,0,0,0
K160X7TC.04,0,0,0,0,0,0,0,0,0,0,0,0,0,0,0,0,0,0,0,0,0,0,0.000298337,0,0,0,0.123945648,0,0,0,0,0,0,0,0,0,0,0.000108486,0,0,0,0,0,0.000271216,0,0,0.003281712,0,0,0,0,0,0,0,0,0,0,0,0,0,0,0,0,0,0,0,0,0,0,0,0,0,0,0,0,0.020503919,0.001654417,0,0,0,0,0.009519677,0,0,0,0,0,0,0.001057742,0,0,0,0,0,0,0,0,0,0,0,0,0,0,0,0,0,0,0,0,0,0,0,0,0,0,0,0,0,0,0,0,0,0,0,0,0,0,0,0,0.000813648,0,0,0.001573052,0,0,0,0.001410322,0,0.00222397,0,0,0.015757642,0,0,0,0.023785631,0,0,0,0.122020016,0,0,0,0,0,0,0,0.004285211,0,0,0,0.012611538,0,0,0,0,0,0,0.000623796,0.001790025,0,0,0,0,0,0,0,0,0,0,0,0,0,0,0,0,0,0,0,0,0,0,0,0,0,0,0,0,0,0,0,0.000135608,0,0,0,0,0,0,0,0,0,0,0,0,0,0,0,0.001898511,0,0,0,0,0,0,0.027121586,0,0,0,0,0,0,0,0,0,0,0,0,0,0,0,0,0,0,0,0,0,0,0,0,0,0,0.614981964,0,0,0,0,0,0.005885384,0,0,0,0,0,0,0,5.42E-05,0.001356079,0,0,0,0,0,0,0,0,0,0,0.00103062
K160X7V8.04,0,0,0,0,0,0,0,0,0,0,0,0,0,0,0,0,0,0,0,0,0,0,0,0,0,0,0.315074215,0,0,0,0,0,0,0,0,0,0,0.00030633,0.001113927,0,0,0,0.003481021,0,0,0,0.009022808,0,0,0,0,0,0,0,0,0,0,0,0,0,0,0,0,0,0,0,0,0,0,0,0,0,0,0,0,0.013617756,0.00061266,0,0,0,0,0.007101284,0,0,0,0,0,0,0,0,0,0,0,0,0,0,0,0,0,0,0,0,0,0,0,0,0,0,0,0,0,0,0,0,0,0,0,0,0,0,0,0,0,0,0,0,0,0,0,0.000417723,0,0,0,0,0,0,0.001531649,0,0,0,0,0.007519006,0,0,0.074883734,0.008437996,0,0,0,0.128380072,0,0,0,0,0,0,0,0.001086079,0,0,0,0.01141775,0,0,0,0,0,0,0,0.002339246,0,0,0,0,0,0,0,0,0,0,0,0,0,0,0,0,0,0,0,0,0,0,0,0,0,0,0,0,0,0,0,0,0,0,0,0,0,0,0,0,0,0,0,0,0,0,0,0.001308864,0,0,0,0,0,0,0.033473502,0,0,0,0,0,0,0,0,0,0,0,0,0,0,0,0,0,0,0,0,0,0,0,0,0,0,0.378874377,0,0,0,0,0,0,0,0,0,0,0,0,0,0,0,0,0,0,0,0,0,0,0,0,0,0
D160S7QH.04,0,0,0,0,0,0,0,0,0,0,0,0,0,0,0,0,0,0,0,0.0035755,0,0,0,0,0,0,0.017670225,0,0.000984558,0,0,0,0,0,0,0,0,5.18E-05,0.007410094,0,0,0,0,0,0,0,0.014250181,0,0,0,0,0,0,0,0,0,0,0,0,0,0,0,0,0,0,0,0,0,0,0,0,0,0,0,0,0,0.003627319,0,0,0,0,0,0,0,0,0,0,0,0,0,0,0,0,0,0,0,0,0,0,0,0,0,0,0,0,0,0,0,0,0,0,0,0,0,0,0,0,0,0,0,0,0,0,0,0,0,0,0,0,0,0,0,0,0,0,0,5.18E-05,0,0,0,0,0,0,0,0,0,0,0.004404602,0,0.319929526,0,0,0,0,0,0,0,0,0,0,0,0.031143124,0,0,0,0,0,0,0,0,0,0,0,0,0,0,0,0,0,0,0,0,0,0,0,0,0,0,0,0.006477355,0,0,0,0,0,0,0,0,0,0,0,0,0,0,0,0,0,0,0,0,0,0,0,0,0,0,0,0.001502746,0,0,0,0,0,0,0.067157218,0,0,0,0,0,0,0,0,0,0,0,0,0,0,0,0,0,0,0,0,0,0,0,0,0,0,0.521660276,0,0,0,0,0,0,0,0,0,0,0,0,0,0,0,0,0,0,0,0,0,0,0,0,0,0.000103638
E160WN13.04,0,0,0,0,0,0,0,0,0,0,0,0,0,0,0,0,0,0,0,0,0,0,0.001410884,0,0,0,0.061397251,0.000491432,0,0,0,0,0,0,0,0,0,0,0.000332905,0,0.000523137,0,0,0,0,0,0.000982863,0,0,0,0,0,0,0,0,0,0,0,0,0,0,0,0,0,0,0,0,0,0,0,0,0,0,0,0,0.003424169,0,0,0,0,0,0.006769075,0,0,0,0,0,0,0.005754506,0,0,0,0,0,0.000380463,0,0,0,0,0,0,0,0,0,0,0,0,0,0,0,0,0,0,0,0,0,0,0,0,0,0,0,0,0,0,0,0,0,0,0.004628969,0,0,0,0,0,0,0.002060842,0,0,0,0,0.021559582,0,0.112632964,0.006547138,0.035684279,0,0,0,0.513419255,0,0,0,0,0,0,0,0,0,0,0,0.012476023,0,0,0.010383475,0,0,0,0,0,0,0,0,0,0,0,0,0,0,0,0,0,0,0,0,0,0,0,0,0,0,0,0,0,0,0,0,0,0,0,0,0,0,0,0,0,0.000269495,0,0,0,0,0,0,0,0,0,0,0,0,0,0,0,0,0,0.177470237,0,0,0,0,0,0,0,0,0,0,0,0,0,0,0,0,0,0,0,0,0,0,0,0,0,0.000174379,0.021226677,0,0,0,0,0,0,0,0,0,0,0,0,0,0,0,0,0,0,0,0,0,0,0,0,0,0
C160S3Q0.04,0,0,0,0,0,0,0,0,0,0,0,0,0,0,0,0,0,0,0,0,0,0,0,0,0,0,0.014175091,0,0,0,0,0,0,0,0.000453603,0,0,0.000243002,0.000469803,0,0,0,0,0,0,0,0.002170814,0,0,0,0,0,0,0,0,0,0,0,0,0,0,0,0,0,0,0,0,0,0,0,0,0,0,0,0,0,0,0,0,0,0,0,0,0,0.000631804,0,0,0,0.000405003,0,0,0,0,0,0,0,0,0,0,0,0,0,0,0,0,0,0,0,0,0,0,0,0,0,0,0,0,0,0,0,0,0,0,0,0,0,0,0,0,0.001020607,0,0,0,0,0,0,0.002689217,0,0,0,0,0.002640617,0,0,0.016831908,0.000356402,0,0,0,0.031104199,0,0,0,0,0,0,0,0.000421203,0,0,0,0,0,0,0,0,0,0,0,0,0,0,0,0,0,0,0,0,0,0,0,0,0,0,0,0,0,0,0,0,0,0,0,0,0,0,0,0,0,0,0,0,0,0,0,0,0,0,0,0,0,0,0,0,0,0,0.000388802,0.000372602,0.002413815,0,0,0,0,0,0.911369233,0,0,0,0,0,0,0,0,0,0,0,0,0,0,0,0,0,0,0,0,0,0,0,0,0,0,0.011842276,0,0,0,0,0,0,0,0,0,0,0,0,0,0,0,0,0,0,0,0,0,0,0,0,0,0
B160RSF5.04,0,0,0,0,0,0,0,0,0,0,0,0,0,0,0,0,0,0,0,0,0,0,0.000363932,0,0,0,0.259471328,0,0,0,0,0,0,0,0,0,0,0,0,0,0,0,0,0,0,0,2.43E-05,0,0,0,0,0,0,0,0,0,0,0,0,0,0,0,0,0,0,0,0,0,0,0,0,0,0,0,0,0.000946223,0.001152451,0,0,0,0,0.003966858,0,0,0,0,0,1.21E-05,1.21E-05,0,0,0,0,0,0,0,0,0,0,0,0,0,0,0,0,0,0,0,0,0,0,0,0,0,0,0,0,0,0,0,0,0,0,0,0,0,0,0,0,1.21E-05,0,0,0,0,0,0,3.64E-05,0,0,0,0,0.000618684,0,0,0.000521636,0.000448849,0,0,0,0.717042932,0,0,0,0,0,0,0,0.000388194,0,0,0,0.00090983,0,1.21E-05,1.21E-05,0,1.21E-05,0,0.002256378,0.002244247,0,0,0,0,0,0,0,0,0,0,0,0,0,0,0,0,0,0,0,0,0,0,0,0,0,0,0,0,0,0,0,0,0,0,0,0,0,0,0,0,0,0,0,0,0,0,0,0,0,0,0,0,0,0,0.007315032,0,0,0,0,0,0,0,0,0,0,0,0,0,1.21E-05,0,0,0,0,0,0,0,0,0,0,0,0,0.002062281,0,0,0,0,0,0,0,0,0,0,0,0,0,0,0,0,0,0.000145573,0,0,0,0,0,0,0,0
A160TQ8N.04,0,0,0,0,0,0,0,0,0,0,0,0,0,0,0,0,0,0,0,0,0,0,0,0,0,0,0.856467433,0,0,0,0,0,0,0,0,0,0,0,0.003528333,0,0,0,0,0,0,0,0,0,0,0,0,0,0,0.00137605,0,0,0,0,0,0,0,0,0,0,0,0,0,0,0,0,0,0,0,0,0,0,0.002893233,0,0,0,0,0,0,0,0,0,0,0,0.0004234,0,0,0,0,0,0,0,0,0,0,0,0,0,0,0,0,0,0,0,0,0,0,0,0,0,0,0,0,0,0,0,0,0,0,0,0,0,0,0,0,0.031119893,0,0,0,0,0,0,0.013936913,0,0,0,0,3.53E-05,0,0,0,0.000493967,0.002928516,0,0,0.063192435,0,0,0,0,0,0,0,0,0,0,0,0.003634182,0,0,0.009632348,0,0,0,0,0,0,0,0,0,0,0,0,0,0,0,0,0,0,0,0,0,0,0,0,0,0,0,0,0,0,0,0,0,0,0,0,0,0,0,0,0,0,0,0,0,0,0,0,0,0,0,0,0.000176417,0,0,0,0,0,0,0,0,0,0.0016936,0,0,0,0,0,0,0,0,0,0,0,0,0,0,0,0,0,0,0,0,0,0,0,0.007056665,0,0,0,0,0,0,0,0,0,0,0,0,0,0,0,0,0,0,0,0,0,0,0,0,0,0.001411333
J160QKF8.04,0,0,0,0,0,0,0,0,0,0,0,0,0,0,0,0,0,0,0,0,0,0,0.000117207,0,0,0,0.023720867,0,0,0,1.80E-05,0,0,0,0,0,0,0,1.80E-05,0,1.80E-05,0,0,0,0,0,0.000171302,0,0,0,0,0,0,0,0,0,0,0,0,0,0,0,0,0,0,0,0,0,0,0,0,0,0,0,9.02E-06,0.00019835,2.70E-05,0,0,0,0,0.000306541,0,0,0,0,0,0,3.61E-05,0,0,0,0,0,0,0,0,0,0,0,0,0,0,0,0,0,0,0,0,0,0,0,0,0,0,0,0,0,0,0,0,0,0,0,0,0,0,0,0,0.000531939,0,0,0,0,0,0,0.001938421,0,0,0,9.02E-05,0.000153271,0,0,3.61E-05,0.000216382,0,9.02E-06,0,0.967948429,0,0,0,0,0,0,0,9.02E-06,0,0,0,0.000504891,0,0,8.11E-05,0,1.80E-05,0,0,0,0,0,0,0,0,0,0,0,0,0,0,0,0,0,0,0,0,0,0,0,0,0,2.70E-05,0,0,0,0,0,0,0,0,0,0,9.02E-06,0,0,0,0,0,0,0,0,0,0,0,0,0,0,0,0,0,0,0,0,9.92E-05,0,0,0,0,0,0,0,0,0,0,0,0,0,0,0,0,0,0,0,0,0,0,0,0,0,0,0.003669477,0,0,0,0,0,0,0,0,0,0,0,0,0,0,0,0,0,1.80E-05,0,0,0,0,0,0,0,0
F160SBC7.04,0,0,0,0,0,0,0,0,0,0,0,5.77E-05,0,0.000216385,0,0,0,0,0,0.000201959,0,0,0,0,0,0,0.051268735,0,0,0,0,0,0,0,0,0,0,0,0.000634728,0,0,0,0,1.44E-05,0,0,0.001731077,0,0,0,0,0,0,0,0,0,0,0,0,0,0,0,0,0,0,0,0,0,0,0,0,0,0,0,0,0,4.33E-05,0,0,0,0,0.003750667,0,0,0.000274087,0,0,0.001298308,0.000201959,0,0,0,0,0,0,0.000201959,0,0,0,0,0,0,0,0,0,0,0,0,0,0,0,0,0,0,0,0,0.000216385,0.008814068,0,0,0,0,0,0,0,0,0,0,0,0.000418344,0,0,0.000115405,0,0,0,0.001009795,0,0,0,0,0.005856811,0,0,0.006491539,0.00324577,0,0.000678005,0,0.565023586,0,0,0,0,0.00033179,0,0,0,0,5.77E-05,0,0.003000534,0,0,0.003173641,0,0,0,0.000346215,0,0,0,0,0,0,0,0,0,0,0,0,0,0,0,0,0,0,0,0,0,0,0,0,0,0.00122618,0,0,0,0,0,0,0,0,0,0,0,2.89E-05,0,0,0,0.000144256,0,0,0,0,0,0,0,0.000649154,0,0,0,0,0,0.301568067,0,0,0,0,0,0,0,0,0,0,0,0,0,0,0,0,0,0,0,0,0,0,0,0,0,0,0.037708631,0,0,0,0,0,0,0,0,0,0,0,0,0,0,0,0,0,0,0,0,0,0,0,0,0,0
K160R6P6.04,0,0,0,0,0,0,0,0,0,0,0,0,0,0,0,0,0,0,0,0,0,0,0.000152518,0,0,0,0.607315802,0,0,0,0,0,0,0,0,0,0,0,0.000190648,0,0,0,0,0,0,0,0.000228778,0,0,0,0,0,0,0,0,0,0,0,0.000152518,0,0,0,0,0,0,0,0,0,0,0,0,0,0,0,0,0.000571944,0.012417545,0,0,0,0,0,0,0,0,0,0,0,0.000355876,0,0,0,0,0,0,0,0,0,0,0,0,0,0,0,0,0,0,0,0,0,0,0,0,0,0,0,0,0,0,0,0,0,0,0,0,0,0,0,0,0.001283697,0,0,0,0,0,0,0.001487055,0,0,0,0,0.020717091,0,0,0.069713647,0,0,0.000368586,0,0.224685113,0,0,0,0,0,0,0,0.000521105,0,0,0,0.00096595,0,0,0.002491135,0,0,0,0,0,0,0,0,0,0,0,0,0,0,0,0,0,0,0,0,0,0,0,0,0,0,0,0,0,0,0.000432136,0,0,0,0,0,0,0,0,0,0,0,0,0,0,0,0,0,0,0,0,0,6.35E-05,0,0,0,0,0,0,0.052822227,0,0.000139809,0,0,0,0,0,0,0,0,0,0,0,0,0,0,0,0,0,0,0,0,0,0,0,0,0.002567394,0,0,0,0,0,0,0,0,0,0,0,0,0,0,0,0,0,0,0,0,0,0,0,0,0,0.000355876
H160VK34.04,0,0,0,0,0,0,0,0,0,0,0,0,0,0,0,0,0,0,0,0,0,0,0.004871609,0,0,0,0.02798386,0,0,0,0,0,0,0,0,0,0,0,0.001022666,0,0,0,0,0,0,0,0.000241721,0,0,0,0,0,0,0,0,0,0,0,0,0,0,0,0,0,0,0,0,0,0,0,0,0,0,0,0,0,0.007865231,0,0,0,0,0.001394545,0,0,0,0,0,0,0,0,0,0,0,0,0,0,0,0,0,0,0,0,0,0,0,0,0,0,0,0,0,0,0,0,0,0,0,3.72E-05,0,0,0,0,0,0,0,0,0,0,0,0.002751901,0,0,0.000818133,0,0,0,0.188356483,0,0,0,5.58E-05,0.016567189,0,0,0,0.010579945,0,0,0,0.45168368,0,0,0,0,0,0,0,0.002472992,0,0,0,0.006563656,0,0,0,0,0,0,0,0,0,0,0,0,0,0,0,0,0,0,0,0,0,0,0,0,0,0,0,0,0,0,0,0,0,0,0,0,0,0,0,0,0,0,0,0,0,0,0,0,0,0,0,0,0,0,0,0.00052063,0,0,0,0,0,0,0.275971068,0,0,0,0,0,0,0,0,0,0,0,0,0,0,0,0,0,0,1.86E-05,0,0,0,0,0,0,0.000223127,0,0,0,0,0,0,0,0,0,0,0,0,0,0,0,0,0,0,0,0,0,0,0,0,0,0,0
D160TQ47.04,0,0,0,0,0,0,0,0,0,0,0,0,0,0,0,0,0,0,0,0,0,0,0.002003454,0,0,0,0.610051813,0,0,0,0,0,0,0,0,0,0,0,0,0,0,0,0,0,0,0,0.000794473,0,0,0,0,0,0,0,0,0,0,0,0,0,0,0,0,0,0,0,0,0,0,0,0,0,0,0,0,0.000310881,0.000621762,0,0,0,0,0.000207254,0,0,0,0,0,0,0,0,0,0,0,0,0,0,0,0,0,0,0,0,0,0,0,0,0,0,0,0,0,0,0,0,0,0,0,0,0,0,0,0,0,0,0,0,0,0,0,0.014162349,0,0,0,0,0,0,0.006010363,0,0,0,0,0.001588946,0,0,0.10791019,0.005043178,0.001588946,0,0,0.076822107,0,0,0,0,0,0,0,0,0,0,0,0.007115717,0,0,0.001727116,0,0.002072539,0,0,0.00224525,0,0,0,0,0,0,0,0,0,0,0,0,0,0,0,3.45E-05,0,0,0,0,0,0,0,0,0,0,0,0,0,0,0,0,0,0,0,0,0,0,0,0,3.45E-05,0,0,0,0,0,0,0.001312608,0,0,0,0,0,0,0.144939551,0,0,0,0,0,0,0,0,0,0,0,0,0,0,0,0,0,0,0,0,0,0,0,0,0,0,0.013402418,0,0,0,0,0,0,0,0,0,0,0,0,0,0,0,0,0,0,0,0,0,0,0,0,0,0
H160TQRS.04,0,0,0,0,0,0,0,0,0,0,0,0,0,0,0,0,0,0,0,0,0,0,0.00048776,0,0,0,0.010639271,0.000746883,0,0,0,0,0,0,0,0,0,0,0.00541109,0,0,0,0,0,0,0,0,0,0,0,0,0,0,0,0,0,0,0,0,0,0,0,0,0,0,0,0,0,0,0,0,0,0,0,0.001722403,0.003719172,0.001082218,0,0,0,0,0,0,0,0,0,0,0,0,0,0,0,0,0,0,0,0,0,0,0,0,0,0,0,0,0,0,0,0,0,0,0,0,0,0,0,0,0,0,0,0,0,0,0,0,0,0,0,0,0.031734902,0,0,0.002240649,0,0,0,0.015349206,0,0,0,0,0.000381063,0,0,0.001219401,0.00091455,0,0.001813858,0.001341341,0.107916959,0,0,0,0,0,0,0,0.00400878,0,0,0.003261897,0.006112246,0,0,0.025531201,0,0,0,0,0,0,0,0,0,0,0,0,0,0,0,0,0,0,0,0,0,0,0,0,0,0,0,0.000716398,0,0,0,0,0,0,0,0,0,0,0,0,0,0,0,0,0,0,0,0,0,0,0,0.002835107,0.000396305,0.000716398,0,0,0,0,0,0.768527269,0,0.001173673,0,0,0,0,0,0,0,0,0,0,0,0,0,0,0,0,0,0,0,0,0,0,0,0,0,0,0,0,0,0,0,0,0,0,0,0,0,0,0,0,0,0,0,0,0,0,0,0,0,0,0
G160RFSQ.04,0,0,0,0,0,0,0,0,0,0,0,0,0,0,0,0,0,0,0,0,0,0,0,0,0,0,0.041534016,0,0,0,0,0,0,0,0,0,0,0,0,0,0,0,0,0,0,0,0.000195915,0,0,0,0,0,0,0,0,0,0,0,0,0,0,0,0,0,0,0,0,0,0,0,0,0,0,0,0,0,0,0,0,0,0,0,0,0,0,0,0,0,0,0,0,0,0,0,0,0,0,0,0,0,0,0,0,0,0,0,0,0,0,0,0,0,0,0,0,0,0,0,0,0,0,0,0,0,0,0,0,0,0,0.022922075,0,0,0.000195915,0,0,0,0.127932605,0,0,0,0,0,0,0,0,0,0,0,0,0.009159034,0,0,0,0,0,0,0,0,0,0,0,0,0,0,0,0,0,0,0,0,0,0,0,0,0,0,0,0,0,0,0,0,0,0,0,0,0,0,0,0,0,0,0,0,0,0,0,0,0,0,0,0,0,0,0,0,0,0,0,0,0,0,0,0,0,0,0,0.000440809,0,0,0,0,0,0,9.80E-05,0,0,0,0,0,0,0,0,0,0,0,0,0,0,0,0,0,0,0,0,0,0,0,0,0,0.797472694,0,0,0,0,0,0,0,0,0,0,0,0,0,0,0,0,0,0,0,0,0,0,0,0,0,0,4.90E-05
B160TQVM.04,0,0,0,0,0,0,0,0,0,0,0,0,0,0,0,0,0,0,0,3.09E-05,0,0,0.000664041,0,0,0,0.621836152,0,0,0,0,0,0,0,0,0,0,0,0.000262528,0,0.000432399,0,0.000169871,0,0,0,0.002038453,0,0,0,0,0,0,0,0,0,0,0,0,0,0,0,0,0,0,0,0,0,0,0,0,0,0,0,0,0.000185314,0,0,0,0,0,0,0,0,0,0,0,0,0.000138985,0,0,0,0,0,0,0,0,0,0,0,0,0,0,0,0,0,0,0,0,0,0,0,0,0,0,0,0,0,0,0,0,0,0,0,0,0,0,0,0,0.007613312,0,0,0.000339742,0,0,0,0.0258204,0,0,0,6.18E-05,0.007072813,0,0,0,0.000540499,0,0,0,0.319496564,0,0,0,0,0,0,0,0,0,0,0,0.009651764,0,0,0.000370628,0,0,0,0,0,0,0,0,0,0,0,0,0,0,0,0,0,0,0,0,0.000833912,0,0,0,0,0,0,0,0,0,0,0,0,0,0,0,0.0001081,0,0,0,0,0,0,0,0,0,0,0,0,0,0,0,0,3.09E-05,0,0,0,0,0,0.001281754,0,0,0,0,0,0,0,0,0,0,0,0,0,0,0,0,0,0,3.09E-05,0,0,0,0,0,0,0,3.09E-05,0,0,0,0.000540499,0,0,0,0,0,0,0,0.000416956,0,0,0,0,0,0,0,0,0,0,0,0,0,0
H160TJZ3.04,0,0,0,0,0,0,0,0,0,0,0,0,0,0,0,0,0,0,0,0,0,0,5.96E-05,0,0.00246418,0,0.412114227,0.002066732,0,0,0.000417321,0,0.001251962,0,0,0,0,0.002066732,0.000894259,0,0,0,0,0,0,0,0.003815504,0,0,0,0,0,0,0,0,0,0,0,0,0,0,0,0,0,0,0,0,0,0,0,0,0,0,0,0,0.000973749,0,0,0,0,0,0.004948232,0,0,0,0,0,0,0.002225711,0,0.005822619,0,0,0,0,0,0,0,0,0,0,0,0,0,0,0,0,0,0,0,0,0,0,0,0,0,0,0,0,0,0,0,0,0,0,0,0,0,0,0.087200175,0,0,0.002325073,0,0,0,0.028238707,0,0,0,0,0.000953876,0,0,0.006200195,0.008306671,0.002861628,0.000715407,0,0.078496055,0,0,0,0,0,0,0,0,0,0,0,0.004292443,0,0,0.013334393,0,0,0,0,0,0,0,0,0,0,0,0,0,0,0,0,0,0,0,0,0.003298822,0,0,0,0,0,0,0,0,0,0,0,0,0,0,0,0,0,0,0,0,0,0,0,0,0,0,0,0,0,0,0,0,0.001828263,0,0,0,0,0,0.15599849,0,0,0,0,0,0,0,0,0,0,0,0,0,0.002523797,0,0,0,0,0,0,0,0,0,0,0,0,0.158562032,0,0,0,0.005206574,0,0,0,0,0,0,0,0,0,0,0,0,0,0,0,0,0,0,0,0,0,0.000536555
G160TQSP.04,0,0,0,0,0,0,0,0,0,0,0,0,0,0,0,0,0,0,0,0,0,0,0,0,0,0,0.280939415,0,0,0,0,0,0,0,0,0,0,0,0.000374404,0,0.000340368,0,0,0,0,0,0.001344452,0,0,0,0,0,0,0,0,0,0,0,0,0,0,0,0,0,0,0,0,0,0,0,0,0,0,0,8.51E-05,0,0,0,0,0,0,0,0,0,0,0,0,0,0.000425459,0,0,0,0,0,0,0,0,0,0,0,0,0,0,0,0,0,0,0,0,0,0,0,0,0,0,0,0,0,0,0,0,0,0,0,0,0,0,0,0,0.000136147,0,0,0,0,0,0,0.000459496,0,0,0,0,0.002586794,0,0,0.000187202,0.000136147,0,0,0,0.357930565,0,0,0,0,0,0,0,0.000459496,0,0,0,0.015112321,0,0,0,0,0.000901974,0,0,0,0,0,0,0,0,0,0,0,0,0,0,0,0,0,0,0,0,0,0,0,0,0,0,0,0,0,0,0,0,0,0,0.011368278,0,0,0,0,0,0,0,0,0,0,0,0,0,0.000153165,0,0,0,0,0,0,0,0,0.01628659,0,0,0,0,0,0,0,0,0,0,0,0,0,0,0,0,0,0,0.000493533,0,0,0,0,0,0,0.221766508,0.088070116,0,0,0,0,0,0,0,0,0,0,0,0,0,0,0.000442478,0,0,0,0,0,0,0,0,0,0,0
F160T6WJ.04,0,0,0,0,0,0,0,0,0,0,0,0,0,0,0,0,0,0,0,0,0,0,0.002241594,0,0,0,0.1824533,0,0,0,0,0,0,0,0,0,0,0,0.000286426,0,0,0,0,0,0,0,0.001183064,0,0,0,0,0,0,0,0,0,0,0,0,0,0,0,0,0,0,0,0,0,0,0,0,0,0,0,0,0.00014944,0.002976339,0,0,0,0,0,0,0,0,0,0,0,0,0,0,0,0,0,0,0,0,0,0,0,0,0,0,0,0,0,0,0,0,0,0,0,0,0,0,0,0,0,0,0,0,0,0,0,0,0,0,0,0,0.006127024,0,0,1.25E-05,0,0,0,0.021818182,0,0,0,0,0.001594022,0,0,0,0.001892902,0,0,0,0.717770859,0,0,0,0,0,0,0,0,0,0,0,0.004806974,0,8.72E-05,0.000535492,0,0.000523039,0,0,0.000435866,0,0,0,0,0,0,0,0,0,0,0,0,0,0,0,0,0,0,0,0,0,0,0.000585305,0,0,0,0,0,0,0,0,0,0,0,0,0,0,0,0,0,0,0,0,0,0,0,0,0,0,0,0,0,0,0,0.054022416,0,0,0,0,0,0,0,0,0,0,0,0,0,0.000336239,0,0,0,0,0,0,0,0,0,0,0,0,0,0,0,0,0.000161893,0,0,0,0,0,0,0,0,0,0,0,0,0,0,0,0,0,0,0,0,0,0
H160SDPL.04,0,0,0,0,0,0,0,0,0,0,0,0,0,0,0,0,0,0,0,0,0,0,0.000248591,0,0,0,0.329756381,0,0,0,0,0,0,0,0,0,0,0,0.00044194,0,0,0,0,0,0,0,0.003148823,8.29E-05,0,0,0,0,0,0,0,0,0,0,0,0,0,0,0,0,0,0,0,0,0,0,0,0,0,0,0,0.0035079,0.00087007,0,0,0,0,9.67E-05,0,0,0,0,0,0.000386698,0.000179538,0,0,0,0.000193349,0,0,0,0,0,0,0,0,0,0,0,0,0,0,0,0,0,0,0,0,0,0,0,0,0.000994365,0,0,0,0,0,0,0,0,0,0,0,0.005330903,0,0,8.29E-05,0,0,0,0.00176776,0,0,0,0,0.002941664,0,0,0.038766435,0.004557507,0,0,0,0.598317865,0,0,0,0,0,0,0,0.000193349,0,0,0.00022097,0.002679262,0,0,5.52E-05,0,0,0,0,0.001947299,0,0,0,0,0,0,0,0,0,0,0,0,0,0,0,0,0,0,0,0,0,0,0,0,0,0,0,0,0,0,0,0,0,0,0,0,0.000966744,0,0,0,0.000165728,0,0,0,0,0,0,8.29E-05,0,0,0,0,0,0,0.001118661,0,0,0,0,0,0,0,0,0,0,0,0,0,0.000787206,0,0,0,0,0,0,0,0,0,0,0,0,0,0,0,0,0,0,0,0,0,0,0,0,0,0,0,0.000110485,0,0,0,0,0,0,0,0,0,0,0
F160TL89.04,4.82E-05,0,0,0,0,0,0,0,0,0,0,0,0,0,0,0,0,0,0,0,0,0,3.61E-05,0,0,0,0.031555882,0,0,0,0,0,0,0,0,0,0,0,4.82E-05,0,0,0,0,0,0,0,3.61E-05,0,0,0,0,0,0,0,0,0,0,0,0,0,0,0,0,0,0,0,0,0,0,0,0,0,0,0,0,0.032434775,3.61E-05,0,0,0,0,0.002732997,0,0,0,0,0,0,6.02E-05,0,0,0,0,0,0,0,0,0,0,0,0,0,0,0,0,0,0,0,0,0,0,0,0,0,0,0,0,0,0,0,0,0,0,0,0,0,0,0,0,0.00065014,0,0,0,0,0,0,8.43E-05,0,0,0,0,0.014242888,0,0,0.002841354,0.002769116,0,1.20E-05,1.20E-05,0.901202759,0,0,0,0,0,0,0,0,0,0,0,0.002817274,0,0,1.20E-05,0,0,0,0,0.00066218,0,0,0,0,0,0,0,0,0,0,0,0,0,0,0,0,0,0,0,0,0,0,0,0,0,0,0,0,0,0,0,0,0,0,0,0,0,0,0,0,0,0,0,0,0,0,0,0,0,0,0,0,0,0,0.001191924,0,0,0,0,0,0,0,0,0,0,0,0,0,0,0,0,0,0,0,0,0,0,0,0,0,0.000132436,0.006332848,0,0,0,0,0,0,0,0,0,0,0,0,0,0,2.41E-05,0,0,0,0,0,0,0,0,0,0,2.41E-05
C160VLVQ.04,0,0,0,0,0,0,0,0,0,0,0,0,0,0,0,0,0,0,0,0,0,0,0.001031339,0,0,0,0.225745963,0,0.000199236,0,0,0,0,0.000105478,0,0,0,0.000105478,0,0,0,0,0,0,0,0,0.000351593,0,0,0,0,0,0,0,0,0,0,0,8.20E-05,0.000117198,0,0,0,0,0,0,0,0,0,0,0,0,0,0,0,0,2.34E-05,0,0,0,0,0,0,0,0,0,0,0,3.52E-05,0,0,0,0,0,0,0,0,0,0,0,0,0,0,0,0,0,0,0,0,0,0,0,0,0,0,0,0,0,0,0,0,0,0,0,0,0,0,0,1.17E-05,1.17E-05,0,0,4.69E-05,0,0,0,0.000175796,0,0,0,0,0.000281274,0,0,0.000128917,5.86E-05,0,0,0,0.621756557,0,0,0,0,0,0,0,0,0,0,0,0.000843823,0,0,4.69E-05,0,0,0,0,0,0,0,0,0,0,0,0,0,0,0,0,0,0,0,0,9.38E-05,0,0,0,0,0,0,0,0,0,0,0,0,0,0,0,0.000773504,0,0,0,0,0,0,0,0,9.38E-05,0,0,0,0,0,0,1.17E-05,0,0,0,0,0,0,0.000117198,0,0,0,0,0,0,0,0,0,0,0,0,0,0,0,0,0,0,0,0,0,0,0,0,0,0,0.147586902,0,0,0,7.03E-05,0,0,0,0,0,0,0,0,0,0,9.38E-05,0,0,0,0,0,0,0,0,0,0,0
E160TGY4.04,0,0,0,0,0,0,0,0,0,0,0,0,0,0,0,0,0,0,0,0,0,0,0.000569389,0,0,0,0.070812255,0,0,0,0,0,0,0,0,0,0,0.000131397,0.000317544,0,0,0,0,0,0,0,0.001303024,0,0,0,0,0,0,0,0,0,0,0,0,0,0,0,0,0,0,0,0,0,0,0,0,0,0,0,0,0.002912643,0.000470841,0,0,0,0,0.004281366,0,0,0,0,0,0.000361343,0.00049274,0,0,0,0,0,0,0,0,0,0,0,0,0,0,0,0,0,0,0,0,0,0,0,0,0,0,0,0,0,0,0,0,0,0,0,0,0,0,0,0,9.85E-05,0,0,5.47E-05,0,0,0,0.000536539,0,0,0,0,0.005803386,0,0,0.003657228,0.009438714,0,0,0,0.855517596,0,0,0,0,0,0,0,9.85E-05,0,0,0,0.012887896,0,0,0,0,0,0,0,7.66E-05,0,0,0,0,0,0,0,0,0,0,0,0,0,0,0,0.000175197,0,0,0,0,0,0,0,0,0,0,0,0,0,0,0,0,0,0,0,0,0,0,0,0,0.000120448,0,0,0,0,0,0,0,0,0,0,0,0,0,0.001916212,0,0,0,0,0,0,0,0,0,0,0,0,0,0.000777435,0,0,0,0,0,0,0,0,0,0,0,0.000328494,0.026859821,0,0,0,0,0,0,0,0,0,0,0,0,0,0,0,0,0,0,0,0,0,0,0,0,0,0
H160WX62.04,0,0,0,0,0,0,0,0,0,0,0,0,0,0,0,0,0,0,0,0,0,0,2.45E-05,0,0,0,0.074147022,0,0,0,0,0,0,0,0,0,0,0,0.000220202,0,0,0,0,0,0,0,0.000110101,0,0,0,0,0,0,0,0,0,0,0,0,0,0,0,0,0,0,0,0,0,0,0,0,0,0,0,0,1.22E-05,0.000171268,0,0,0,0,6.12E-05,0,0,0,0,0,0,0,0,0,0,0,0,0,0,0,0,0,0,0,0,0,0,0,0,0,0,0,0,0,0,0,0,0,0,0,0,0,0,0,0,0,0,0,0,0,0,0,7.34E-05,0,0,0,0,0,0,7.34E-05,0,0,0,0,8.56E-05,0,0,0.000623907,3.67E-05,0,0,0,0.922305274,0,0,0,0,0,0,0,0,0,0,0,6.12E-05,0,0,2.45E-05,0,0,0,0,2.45E-05,0,0,0,0,0,0,0,0,0,0,0,0,9.79E-05,0,0,2.45E-05,0,0,0,0,0,0,0,0,0,0,0,0,0,0,0,0,0,0,0,0,0,0,0,0,0,0,0,0,0,0,0,2.45E-05,0,0,0,0,0,0,0.000159035,0,0,0,0,0,0,0,0,0,0,0,0,0,0,0,0,0,0,0,0,0,0,0,0,0,0,0.001639284,0,0,0,0,0,0,0,0,0,0,0,0,0,0,0,0,0,0,0,0,0,0,0,0,0,0
G160RMKG.04,0,0,0,0,0,0,0,0,0,0,0,0,0,0,0,0,0,0,0,0,0,0,0.001650791,0,0,0,1.90E-05,0,0,0,0,0,0,0,0,0,0,0,0.000721035,0,1.90E-05,0,0,0,0,0,0.000208721,0,0,0,0,0,0,0,0,0,0,0,0,0,0,0,0,0,0,0,0,0,0,0,0,0,0,0,0,0,0,0,0,0,0,0,0,0,0,0,0,0,0,0,0,0,0,0,0,0,0,0,0,0,0,0,0,0,0,0,0,0,0,0,0,0,0,0,0,0,0,0,0,0,0,0,0,0,0,0,0,0,0,0.161834465,0,0,5.69E-05,0,0,0,0.779135517,0,0,0,0,0,0,0,0,0,0.000360518,0,0,0.040795416,0,0,0,0,0,0,0,0,0,0,0,1.90E-05,0,0,0,0,0,0,0,0,0,0,0,0,0,0,0,0,0,0,0,0,0,0,0,0,0,0,0,0,0,0,0.000227695,0,0,0,0,0,0,0,0,0,0,0,0,0,0,0,0,0,0,0,0,0,0,0,0,0.007627794,0,0,0,0,0,0,0,0,0.000151797,0,0,0,0,0,0,0,0,0,0,0,0,0,0,0,0,0,0,0,0,0,0,0,0.007115479,0,0,0,0,0,0,0,0,0,0,0,0,0,0,0,0,0,0,5.69E-05,0,0,0,0,0,0,0,0
F160RSV1.04,0,0,0,0,0,0,0,0,0,0,0,0,0,0,0,0,0,0,0,0,0,0,0,0,0,0,9.97E-05,0,0,0,0,0,0,0,0,0,0,0,6.65E-05,0,9.97E-05,0,0,0,0,0,0,0,0,0,0,0,0,0,0,0,0,0,6.65E-05,0,0,0,0,0,0,0,0,0,0,0,0,0,0,0,0,0,0,0,0,0,0,0,0,0,0,0,0,0,0,0,0,0,0,0,0,0,0,0,0,0,0,0,0,0,0,0,0,0,0,0,0,0,0,0,0,0,0,0,0,0,0,0,0,0,0,0,0,0,0,0.132945479,0,0,0.000132979,0,0,0,0.757912234,0,0,0,0.000199468,0.000631649,0,0,0,0,0.002194149,0.001030585,0,0.086901596,0,0,0,0,0,0,0,0,0,0,0,9.97E-05,0,0,0,0,0,0,0,0,0,0,0,0,0,0,0,0,0,0,0,0,0,0,0,0,0,0,0,0,0,0,0,0,0,0,0,0,0,0,0,0,0,0,0,0,0,0,0,0,0,0,0,0,0,0,0,0.003523936,0,0,0,0,0,0,0,0,0,0,0,0,0,0,0,0,0,0,0,0,0,0,0,0,0,0.003756649,0,0,0,0,0,0,0.010272606,0,0,0,0,6.65E-05,0,0,0,0,0,0,0,0,0,0,0,0,0,0,0,0,0,0,0,0,0,0
H160RPWL.04,0,0,0,0,0,0,0,0,0,0,0,0,0,0,0,0,0,0,0,0,0,0,0.005505577,0,0,0,0.00422851,0,0,0,0,0,0,0,0,0,0,0,2.84E-05,0,0.004256889,0,0,0.007094815,0,0,0.001674376,0,0,0,0,0,0,0,0,0,0,0,0,0,0,0,0,0,0,0,0,0,0,0,0,0,0,0,0,0,0.019383035,0,0,0,0,0,0,0,0,0,0,0,0,0,0,0,0,0,0,0,0,0,0,0,0,0,0,0,0,0,0,0,0,0,0,0,0,0,0,0,0,0,0,0,0,0,0,0,0,0,0,0,0,0.034594318,0,0,0.018105968,0,0,0,0.168289014,0,0,0,0,0,0,0,0,0,0.017481624,0.001787893,0,0.561880977,0,0,0,0,0,0,0,0.011351704,0,0,0,0.030195533,0,0,0,0,0,0,0,0,0,0,0.001447342,0,0,0,0,0,0,0,0,0,0,0,0,0,0,0,0,0,0,0,0,0,0,0,0,0,0,0,0,0,0,0,0,0,0,0,0,0.00536368,0,0,0,0,0,0,0,0.025853506,0,0,0,0,0,0,0,0,0,0,0,0,0,0,0,0,0,0,0,0,0,0,0,0,0,0,0,0,0,0,0,0,0.074580696,0,0,0,0,0,0,0,0,0,0,0,0,0,0,0,0,0,0,0,0,0,0,0,0,0,0,0.00689616
E160RJ2L.04,0,0,0,0,0,0,0,0,0,0,0,0,0,0,0,0,0,0,0,0,0,0,0,0,0,0,0.001485176,0,0,0,0,0,0,0,0,0,0,0,0.000112089,0,0,0,0,0,0,0,7.01E-05,0,0,0,0,0,0,0,0,0,0,0,0,0,0,0,0,0,0,0,0,0,0,0,0,0,0,0,0,4.20E-05,0,0,0,0,0,0,0,0,0,0,0,0,0,0,0,0,0,0,0,0,0,0,0,0,0,0,0,0,0,0,0,0,0,0,0,0,0,0,0,0,0,0,0,0,0,0,0,0,0,0,0,0,0,0.177814829,0,0,7.01E-05,0,0,0,0.808005941,0,0,0,5.60E-05,0,0,0,5.60E-05,0,0,0,0,0.002858264,0,0,0,0,0,0,0,0,0,0,0,0,0,0,0,0,0,0,0,0,0,0,0,0,0,0,0,0,0,0,0,0,0,0,0,0.000196155,0,0,0,0,0,0,0,0,0,0,0,0,0,0,0,0,0,0,0,0,0,0,0,0,7.01E-05,0,0,0,0,0,0,0.002507986,0,0,0,0,0,0,4.20E-05,0,0,0,0,0,0,0,0,0,0,0,0,0,0,0,0,0,0,0,0,0,0,0,0,0,0.006599227,1.40E-05,0,0,0,0,0,0,0,0,0,0,0,0,0,0,0,0,0,0,0,0,0,0,0,0,0,0
G160R5WQ.04,0,0,0,0,0,0,0,0,0,0,0.000846167,0,0,0,0,0,0,0,0,0,0,0,0.007070194,0,0,0,0.007446268,0,0,0,0,0,0,0,0,0,0,0,0.015663489,0,0.00218123,0,0,0,0,0,0.015531863,0,0,0,0,0,0,0,0,0,0,0,0,0,0,0,0,0,0,0,0,0,0,0,0,0,0,0,0,0,0.02038322,0,0,0,0,0,0,0,0,0,0,0,0,0,0,0,0,0,0,0,0,0,0,0,0,0,0,0,0,0,0,0,0,0,0,0,0,0,0,0,0,0,0,0,0,0,0,0,0,0,0,0,0,0.139203851,0,0,0,0,0,0.00233166,0.507493278,0,0.000282056,0,1.88E-05,0.011771121,0,0,0.001203437,0.002707734,0,0,0.000695737,0.184031891,0,0,0,0,0,0,0,0,0,0,0,0.008424061,0,0,0.055320509,0,0,0,0,0,0,0,0,0,0,0,0,0,0,0,0,0,0,0,0,0,0,0,0,0,0,0,0,0,0,0.000827363,0.001147026,0,0,0,0,0,0,0,0,0,0,0,0,0,0,0,0,0,0,0,0,0.011808729,0,0,0,0,0,0,3.76E-05,0,0,0,0,0,0,0,0,0,0,0,0,0,0,0,0,0,0,0,0,0,0,0,0,0,0.001654726,1.88E-05,0,0,0,0,0,0,0,0,0,0,0,0,0,0,0,0,0,0,0,0,0,0,0,0,0,0.001899175
E160SFZH.04,0.001137113,0,0,0,0.000181938,0,0,0,0,0,0,0,0,0,0,0,0,0,0,0.006617998,0,0,0.00523072,0,0.004411999,0.003297628,0.00975643,0,0,0,0,0,0,0,0.009165132,0,0,0,0.024743581,0,0,0.002660845,0,0.013986491,0,0,0.004844102,0,0,0,0,0,0,0,0,0,0,0,0,0,0,0,0,0.000477588,0.006913648,0.004502968,0.000659526,0,0,0.002933752,0,0,0,0,0,0.003502308,0.004502968,0,0,0,0,0.022992427,0,0,0.001250824,0,0,0.000227423,0,0,0,0,0,0,0,0,0,0,0,0.000841464,0,0,0.007709627,0,0,0,0,0,0,0,0,0,0,0,0,0,0,0.003502308,0,0,0,0,0,0,0,0,0,0,0,0.005662823,0,0,0.001773896,0,0.005048782,0.008414637,0.044893225,0,0,0,0,0.022173705,0,0,0,0.005253463,0,0,0,0.583907575,0,0,0,0,0,0,0,0,0,0,0,0.035978258,0,0,0.022651293,0,0.001091629,0,0,0.024379705,0,0,0,0,0,0,0,0,0,0,0,0,0,0,0,0,0,0,0,0,0,0,0,0,0.015214573,0,0,0.008710286,0,0,0,0.003456824,0,0,0,0,0,0,0,0.002956494,0,0,0,0,0,0.002296968,0,0.014736986,0.000386618,0,0,0,0,0,0.015874099,0,0,0.000591299,0,0,0,0,0,0,0,0,0,0,0.007527689,0,0,0,0,0,0,0,0,0,0,0,0,0,0.003434082,0,0,0.012007914,0,0,0,0,0,0,0,0,0,0,0.001728412,0,0,0,0,0,0,0,0,0.003797958,0,0
D160R2C4.04,0,0,0,0,0,0,0,0,0,0,0,0,0,0,0,0,0,0,0,0,0,0,0.003047997,0,0,0,0.001660987,0,0,0,0,0,0,0,0,0,0,0,0.00138701,0,0.000736314,0,0,0.000410966,0,0,0.005359681,0,0,0,0.000547955,0,0,0,0,0,0,0,0,0,0,0,0,0,0,0,0,0,0,0,0,0,0,0,0,0,0.001318516,0,0,0,0,0.005188445,0,0,0,0,0,0,0.007431634,0,0,0,0,0,0,0,0,0,0,0,0,0,0,0,0,0,0,0,0,0,0,0,0,0,0,0,0,0,0,0,0,0,0,0,0,0,0,0,0,0.009589205,0,0,0.000616449,0,0,0,0.042860323,0,0,0,0,0.002688402,0,0,0.001506875,0.00071919,0,0,0,0.897977705,0,0,0,0,0,0,0,0,0,0,0,0.004571996,0,0,0.000873303,0,0,0,0,0.001027415,0,0,0,0,0,0,0,0,0,0,0,0,0,0,0,0,0,0,0,0,0,0,0,0,0,0,0,0,0,0,0,0,0,0,0,0,0,0,0,0,0,0,0,0,0,0,0,0.000753438,0,0,0,0,0,0,0.008390555,0,0.000753438,0,0,0,0,0,0,0,0,0,0,0,0.000582202,0,0,0,0,0,0,0,0,0,0,0,0,0,0,0,0,0,0,0,0,0,0,0,0,0,0,0,0,0,0,0,0,0,0,0,0,0,0,0
C160S4K7.04,0,0,0,0,0,0,0,0,0,0,0,0,0,0,0,0,0,0,0,0,0,0,0,0,0,0,0.59554876,0,0,0,0,0,0,0,0,0,0,0,0.00076446,0,0,0,0,0.000677589,0,0,0.000312733,0,0,0,0,0,0,0,0,0,0,0,0,0,0,0,0,0,0,0,0,0,0,0,0,0,0,0,0,0,0,0,0,0,0,0,0,0,0,0,0,0,0,0,0,0,0,0,0,0,0,0,0,0,0,0,0,0,0,0,0,0,0,0,0,0,0,0,0,0,0,0,0,0,0,0,0,0,0,0,0,0,0,0.088190837,0,0,0,0,0,0.0004691,0.310109978,0,0,0,1.74E-05,0,0,0.001841653,0,0,0,0,0,1.74E-05,0,0,0,0,0,0,0,0,0,0,0,0,0,0,0,0,0,0,0,0,0,0,0,0,0,0,0,0,0,0,0,0,0,0,0,0,0,0,0,0,0,0,0,0,0,0,0,0,0,0,0,0,0,0,0,0,0,0,0,0,0,0,0,0,0,0,0,0.000694963,0,0,0,0,0,0,0,0,0,0,0,0,0,0,0,0,0,0,0,0,0,0,0,0,0,0,0,0,0,0,0,0,0,0,0,0,0,0.001355178,0,0,0,0,0,0,0,0,0,0,0,0,0,0,0,0,0,0,0,0,0,0
C160SKPS.04,0,0,0,0,0,0,0,0,0,0,0,0,0,0,0,0,0,0,0,0,0,0,0,0,0,0,0.144595256,0.007764735,0,0,0,0,0,0,0,0,0,0,0,0,0,0,0,0,0,6.11E-05,3.67E-05,0,0,0,0,0,0,0,0,0,0,0,0,0,0,0,0,0,0,0,0,0,0,0,0,0,0,0,0,0,0,0,0,0,0,0,0,0,0,0,0,0,0,0,0,0,0,0,0,0,0,0,0,0,0,0,0,0,0,0,0,0,0,0,0,0,0,0,0,0,0,0,0,0,0,0,0,0,0,0,0,0,0,0.138689166,0,0,0,0,0,0,0.676644656,0,0,0,0,0,0,0,0,0,0.031841526,0,0,0,0,0,0,0,0,0,0,0,0,0,0,0,0,0,0,0,0,0,0,0,0,0,0,0,0,0,0,0,0,0,0,0,0,0,0,0,0,0,0,0,0,0,0,0,0,0,0,0,3.67E-05,0,0,0.000244559,0,0,0,0,0,0,0,0,0,0,0,0,0,0,0,8.56E-05,0,0,0,0,0,0,0,0,0,0,0,0,0,0,0,0,0,0,0,0,0,0,0,0,0,0,0,0,0,0,0,0,0,0,0,0,0,0,0,0,0,0,0,0,0,0,0,0,0,0,0,0,0,0,0,0,0,0,0,0
E160S6VD.04,0,0,0,0,0,0,0,0,0,0,0,0,0,0,0,0,0,0,0,0,0,0,0,0,0,0,0,0,0,0,0,0,0,0,0,0,0,0.000192839,0,0,0,0,0,0,0,0,1.29E-05,0,0,0,0,0,0,0,0,0,0,0,0,0,0,0,0,0,0,0,0,0,0,0,0,0,0,0,0,0,0,0,0,0,0,0,0,0,0,0,0,0,0,0,0,0,0,0,0,0,0,0,0,0,0,0,0,0,0,0,0,0,0,0,0,0,0,0,0,0,0,0,0,0,0,0,0,0,0,0,0,0,0,0.162704892,0,0,0,0,0,0,0.644147329,0,0,0,0,0,0,0,0,0,0,0,0,0.13341904,0,0,0.00149129,0,0,0,0,0,0,0,0,0,0,0,0.006492254,0,0,0,0,0,0,0,0,0,0,0,0,0,0,0,0,0,0,0,0,0,0,0,0,0,0,0,0.000591374,0,0,0,0,0,0,0,0,0,0,0,0,0,0,0,0,0,0,0,0,0,0,0,0,0,0,0,0,0,0,0,0.047374172,0,0,0,0,0,0,0,0,0,0,0,0,0,0,0,0,0,0,0,0,0,0,0,0,0,0.003573954,0,0,0,0,0,0,0,0,0,0,0,0,0,0,0,0,0,0,0,0,0,0,0,0,0,0,0
H160QPLX.04,0,0,0,0,0,0,0,0,0,0,0,0,0,0,0,0,0,0,0,0,0,0,0,0,0,0,3.23E-05,0,0,0,0,0,0,0,0,0,0,0,0,0,0.002311559,0,0,0,0,0,6.47E-05,0,0,0,0,0,0,0,0,0,0,0,0,0,0,0,0,0,0,0,0,0,0,0,0,0,0,0,0,0,0,0,0,0,0,0,0,0,0,0,0,0,0,0,0,0,0,0,0,0,0,0,0,0,0,0,0,0,0,0,0,0,0,0,0,0,0,0,0,0,0,0.000824402,0,0,0,0,0,0,0,0,0,0,0,0.211321792,0,0,0,0,0,0,0.785138128,0,0,0,4.85E-05,0,0,0,0,0,0,0,0,0.000113153,0,0,0,0,0,0,0,4.85E-05,0,0,0,1.62E-05,0,0,0,0,0,0,0,0,0,0,0,0,0,0,0,0,0,0,0,0,0,0,0,0,0,0,0,0,0,0,0,0,0,0,0,0,0,0,0,0,0,0,0,0,0,0,0,0,0,0,0,0,0,0,0,0,0,0,0,0,0,0,0,0,0,0,0,0,0,0,0,0,0,0,0,0,0,0,0,0,0,0,0,0,0,0,0,0,0,0,0,0,0,0,0,0,0,0,0,0,0,0,0,0,1.62E-05,0,0,0,0,0,0,0,0,0,0,6.47E-05
A160S33D.04,0,0,0,0,0,0,0,0,0,0,0,0,0,0,0,0,0,0,0,0,0,0,0,0,0,0,0.222352665,0,0,0,0,0,0,0,0,0,0,0,0,0,0,0,0,0,0,0,0,0,0,0,0,0,0,0,0,0,0,0,0,0,0,0,0,0,0,0,0,0,0,0,0,0,0,0,0,0,0,0,0,0,0,0,0,0,0,0,0,0,0,0,0,0,0,0,0,0,0,0,0,0,0,0,0,0,0,0,0,0,0,0,0,0,0,0,0,0,0,0,0,0,0,0,0,0,0,0,0,0,0,0.138324724,0,0,0,0,0,0,0.627582766,0,0,0,0,0,0,0,2.93E-05,0,0,0,0,0.001438131,0,0,0,0,0,0,0,0,0,0,0,0,0,0,0.00454919,0,0,0,0,0,0,0,0,0,0,0,0,0,0,0,0,0,0,0,0,0,0,0,0,0,0,0,0.003492604,0,0,0,0,0,0,0,0,0,0,0,0,0,0,0,0,0,0,0,0,0,0,0,0,0,0,0,0,0,0,0,0,0,0,0,0,0,0,0,0,0,0,0,0,0,0,0,0,0,0,0,0,0,0,0,0,0,2.93E-05,0,0,0,0,0,0,0,0,0,0,0,0,0,0,0,0,0,0,0,0,0,0,0,0,0,0,0.002201221
F160RCLH.04,0,0,0,0,0,0,0,0,0,0,0,0,0,0,0,0,0,0,0,0,0,0,0,0,0,0,0.001226196,0,0,0,0,0,0,0,0,0,0,0,0,0,0,0,0,0,0,0,0.000375366,0,0,0,0,0,0,0,0,0,0,0,0,0,0,0,0,0,0,0,0,0,0,0,0,0,0,0,0,0,0,0,0,0,0,0,0,0,0,0,0,0,0,0,0,0,0,0,0,0,0,0,0,0,0,0,0,0,0,0,0,0,0,0,0,0,0,0,0,0,0,0,0,0,0,0,0,0,0,0,0,0,0,0.179387403,0,0,0.00073822,0,0,0,0.796176272,0,0,0,0,0,0,0,0,0,0,0,0,0.002464903,0,0,0,0,0,0,0,0,0,0,0,0,0,0,0,0,0,0,0,0,0,0,0,0,0,0,0,0,0,0,0,0,0,0,0,0,0,0,0,0,0,0,0,0,0,0,0,0,0,0,0,0,0,0,0,0,0,0,0,0,0,0,0,0,0,0,0,0,0,0,0,0,0,0,1.25E-05,0,0,0,0,0,0,0,0,0,0,0,0,0,0,0,0,0,0,0,0,0,0,0,0,0,0.019606616,1.25E-05,0,0,0,0,0,0,0,0,0,0,0,0,0,0,0,0,0,0,0,0,0,0,0,0,0,0
J160S4C8.04,0,0,0,0,0,0,0,0,0,0,0,0,0,0,0,0,0,0,0,0,0,0,0,0,0,0,0.562184441,0,0,0,0,0,0,0,0,0,0,0,0,0,0,0,0,0,0,0,0,0,0,0,0,0,0,0,0,0,0,0,0,0,0,0,0,0,0,0,0,0,0,0,0,0,0,0,0,0,0,0,0,0,0,0,0,0,0,0,0,0,0,0,0,0,0,0,0,0,0,0,0,0,0,0,0,0,0,0,0,0,0,0,0,0,0,0,0,0,0,0,0,0,0,0,0,0,0,0,0,0,0,0.086361964,0,0,0,0,0,0,0.350423199,0,0,0,0.000544638,0,0,0,0,0,8.83E-05,0,0,0.000397439,0,0,0,0,0,0,0,0,0,0,0,0,0,0,0,0,0,0,0,0,0,0,0,0,0,0,0,0,0,0,0,0,0,0,0,0,0,0,0,0,0,0,0,0,0,0,0,0,0,0,0,0,0,0,0,0,0,0,0,0,0,0,0,0,0,0,0,0,0,0,0,0,0,0,0,0,0,0,0,0,0,0,0,0,0,0,0,0,0,0,0,0,0,0,0,0,0,0,0,0,0,0,0,0,0,0,0,0,0,0,0,0,0,0,0,0,0,0,0,0,0,0,0,0,0,0,0,0
H160RZQ6.04,0,0,0,0,0,0,0,0,0,0,0,0,0,0,0,0,0,0,0,0,0,0,0,0,0,0,0.215290377,0,0,0,0,0,0,0,0,0,0,0,0,0,0,0,0,0,0,0,3.59E-05,0,0,0,0,0,0,0,0,0,0,0,0,0,0,0,0,0,0,0,0,0,0,0,0,0,0,0,0,1.80E-05,0,0,0,0,0,3.59E-05,0,0,0,0,0,0,0,0,0,0,0,0,0,0,0,0,0,0,0,0,0,0,0,0,0,0,0,0,0,0,0,0,0,0,0,0,0,0,0,0,0,0,0,0,0,0,0,0.139341465,0,0,0,0,0,0,0.644236469,0,0,0,0.000179633,0,0,0,0,0,0,0,0,3.59E-05,0,0,0,0,0,0,0,0,0,0,0,0,0,0,0,0,0,0,0,0,0,0,0,0,0,0,0,0,0,0,0,0,0,0,0,0,0,0,0,0,0,0,0,0,0,0.00016167,0,0,0,0,0,0,0,0,0,0,0,0,0,0,0,0,0,0,0,0,0,0,0,0,0,0,0,0,0,0,0,0,0,0,0,0,0,0,0,0,0,0,0,0,0,0,0,0.00016167,0,0,0,0,0,0,0,0,0,0,0,0.00043112,0,0,0,0,0,0,0,0,0,0,0,0,0,0,0,0,0,0,0,0,0,7.19E-05
D160QPTC.04,0,0,0,0,0,0,0,0,0,0,0,0,0,0,0,0,0,0,0,0.000362521,0,0,0,0,0,0,0.001826548,0,0,0,0,0,0,0,0,0,0,0,0,0,0,0,0,0,0,0,0.00040435,0,0,0,0,0,0,0,0,0.000390407,0,0,0,0,0,0,0,0,0,0,0,0,0,0,0,0,0,0,0,0,0.001519799,0,0,0,0,0,0,0,0,0,0.000362521,0,1.39E-05,0,0,0,0,0,0,0,0,0,0,0,0,0,0,0,0,0,0,0,0,0,0,0,0,0,0,0,0,0.001394311,0,0,0,0,0,0,0,0,0,0,0,0.153792526,0,0,0.000209147,0.000125488,0,0,0.533533185,0,0,0,0,0.02437256,0,0,1.39E-05,0,0,0,0,0.270998327,0,0,0,0,0,0,0,0,0,0,0,0.009829894,0,0,6.97E-05,0,0,0,0,0,0,0,0,0,0,0,0,0,0,0,0,0,0,0,0,0,0,0,0,0,0,0,0.000738985,0,0,0,0,0,0,0,0,0,0,0,0,0,0,0,0,0,0,0,0,0,0,0,0,1.39E-05,0,0,0,0,0,0,2.79E-05,0,0,0,0,0,0,0,0,0,0,0,0,0,0,0,0,0,0,0,0,0,0,0,0,0,0,0,0,0,0,0,0,0,0,0,0,0,0,0,0,0,0,0,0,0,0,0,0,0,0,0,0,0
D160T6B7.04,0,0,0,0,0,0,0,0,0,0,0,0,0,0,0,0,0,0,0,0,0,0,0,0,0,0,0.426015751,0,0,0,0,0,0,0,0,0,0,0,0,0,0.001551661,0,0,0,0,0,0.00046941,0,0,0,0,0,0,0,0,0,0,0,0,0,0,0,0,0,0,0,0,0,0,0,0,0,0,0,0,0,0,0,0,0,0,0,0,0,0,0,0,0,0,0,0,0,0,0,0,0,0,0,0,0,0,0,0,0,0,0,0,0,0,0,0,0,0,0,0,0,0,0,0,0,0,0,0,0,0,0,0,0,0,0.162115996,0,0,0,0,0,0,0.248383143,0,0,0,2.61E-05,0.002659991,0,0,0,0,0,0,0,0.157095916,0,0,0,0,0,0,0,0,0,0,0,0,0,0,0,0,0,0,0,0,0,0,0,0,0,0,0,0,0,0,0,0,0,0,0,0,0,0,0,0,0,0,0,0,0,0,0,0,0.001447348,0,0,0,0,0,0,0,0,0,0,0,0,0,0,0,0,0,0,0.000221666,0,0,0,0,0,0,1.30E-05,0,0,0,0,0,0,0,0,0,0,0,0,0,0,0,0,0,0,0,0,0,0,0,0,0,0,0,0,0,0,0,0,0,0,0,0,0,0,0,0,0,0,0,0,0,0,0,0,0,0,0,0,0
G160T69B.04,0,0,0,0,0,0,0,0,0,0,0,0,0,0,0,0,0,0,0,0,0,0,0.000117645,0,0,0,0.001075612,0,0,0,0,0,0,0,0,0,0,0.001176451,0,0,0,0,0,0.000134452,0,0,0.002588192,0,0,0,0,0,0,0,0,0,0,0,0,0,0,0,0,0,0,0,0,0,0,0,0,0,0,0,0,0,0,0,0,0,0,0,0,0,0,0,0,0,0,0,0,0,0,0,0,0,0,0,0,0,0,0,0,0,0,0,0,0,0,0,0,0,0,0,0,0,0,0,0,0,0,0,0,0,0,0,0,0,0,0.055377221,0,0,0,0,0,0,0.059461186,0,0,0,0,0.627333994,0,0,0,0,0.005142771,0,0,0.230769231,0,0,0,0,0,0,0,0,0,0,0.000521,0,0,0,0,0,0,0,0,0,0,0,0,0,0,0,0,0,0,0,0,0,0,0,0,0,0,0,0,0,0,0,0.000806709,0,0,0,0,0,0,0,0,0,0,0,0,0,0.000134452,0,0,0.000605032,0,0,0,0,0,0,0,0.000285709,0,0,0,0,0,0,0,0,0,0,0,0,0,0,0,0,0,0,0,0,0,0,0,0,0,0.014470345,0,0,0,0,0,0,0,0,0,0,0,0,0,0,0,0,0,0,0,0,0,0,0,0,0,0,0,0,0,0,0,0,0,0
G160SCZ8.04,0,0,0,0,0,0,0,0,0,0,0,0,0,0,0,0,0,0,0,0,0,0,0,0,0,0,0.411072438,0,0,0,0,0,0,0,0,0,0,0,0,0,0,0,0,0,0,0,1.72E-05,0,0,0,0,0,0,0,0,0,0,0,0,0,0,0,0,0,0,0,0,0,0,0,0,0,0,0,0,0,0,0,0,0,0,0,0,0,0,0,0,0,0,0,0,0,0,0,0,0,0,0,0,0,0,0,0,0,0,0,0,0,0,0,0,0,0,0,0,0,0,0,0,0,0,0,0,0,0,0,0,0,0,0.11630712,0,0,0,0,0,0,0.465228479,0,0,0,0.000447998,3.45E-05,0,0,0,0,0,5.17E-05,0,0.006823351,0,0,0,0,0,0,0,0,0,0,0,0,0,0,0,0,0,0,0,0,0,0,0,0,0,0,0,0,0,0,0,0,0,0,0,0,0,0,0,0,0,0,0,0,0,0,0,0,0,0,0,0,0,0,0,0,0,0,0,0,0,0,0,0,0,0,0,0,0,0,0,0,0,0,1.72E-05,0,0,0,0,0,0,0,0,0,0,0,0,0,0,0,0,0,0,0,0,0,0,0,0,0,0,0,0,0,0,0,0,0,0,0,0,0,0,0,0,0,0,0,0,0,0,0,0,0,0,0,0,0
F160RXX9.04,0,0,0,0,0,0,0,0,0,0,0,0,0,0,0,0,0,0,0,0,0,0,0,0,1.62E-05,0,6.47E-05,0,0,0,0,0,0,0,0,0,0,0,0,0,3.23E-05,0,0,0,0,0,1.62E-05,0,0,0,0,0,0,0,0,0,0,0,0,0,0,0,0,0,0,0,0,0,0,0,0,0,0,0,0,0,0,0,0,0,0,0,0,0,0,0,0,0,0,0,0,0,0,0,0,0,0,0,0,0,0,0,0,0,0,0,0,0,0,0,0,0,0,0,0,0,0,0,0,0,0,0,0,0,0,0,0,0,0,0.174509994,0,0,4.85E-05,0,0,0,0.825004852,0,0,0,0,0,0,0,0,0,9.70E-05,0,0,0,0,0,0,0,0,0,0,0,0,0,0,0,0,0,0,0,0,0,0,0,0,0,0,0,0,0,0,0,0,0,0,0,0,0,0,0,0,0,0,0,0,0,0,0,0,0,0,0,0,0,0,0,0,0,0,0,0,0,0,0,0,0,0,0,0,0,0,0.000113203,0,0,0,0,0,0,3.23E-05,0,0,0,0,0,0,0,0,0,0,0,0,0,0,0,0,0,0,0,0,0,0,0,0,0,0,0,0,0,6.47E-05,0,0,0,0,0,0,0,0,0,0,0,0,0,0,0,0,0,0,0,0,0,0,0
G160QMK5.04,0,0,0,0,0,0,0,0,0,0,0,0,0,0,0,0,0,0,0,0,0,0,0.001028395,0,0,0,0,0,0,0,0,0,0,0,0,0,0,0,0.0069988,0,0.00848426,0,0,0,0,0,0.005199109,0,0,0,0,0,0,0,0,0,0,0,0,0,0,0,0,0,0,0,0,0,0,0,0,0,0,0,0,0,0,0,0,0,0,0,0,0,0,0,0,0,0.020567903,0,0,0,0,0,0,0,0,0,0,0,0,0,0,0,0,0,0,0,0,0,0,0,0,0,0,0,0,0,0,0,0,0,0,0,0,0,0,0,0.003427984,0.21330629,0,0,0.00345655,0,0,0,0.715363081,0,0,0,2.86E-05,0,0,0,0,0,0,0,0,0.003627949,0,0,0,0,0,0,0,0,0,0,0,0,0,0,2.86E-05,0,0,0,0,0,0,0,0,0,0,0,0,0,0,0,0,0,0,0,0,0,0,0,0,0,0,0,0,0,0,0,0,0,0.009398389,0,0,0,0,0,0,0,0,0,0,0,0,0,0,0,0,0,0.00139976,0.003427984,0,0,0,0,0,0,0,0,0,0,0,0,0,0,0,0,0,0,0,0,0,0,0,0,0,0,0,0,0,0,0,0,2.86E-05,0,0,0,0,0,0,0,0,0,0,0,0,0,0,0,0,0,0,0,0,0,0,0,0,0,0,0.004227847
G160R7S4.04,0,0,0,0,0,0,0,0,0,0,0,0,0,0,0,0,0,0,0,0,0,0,0,0,0,0,0.082740127,0,0,0,0,0,0,0,0,0,0,0,0,0,0,0,0,0,0,0,0,0,0,0,0,0,0,0,0,0,0,0,0,0,0,0,0,0,0,0,0,0,0,0,0,0,0,0,0,0,0,0,0,0,0,0,0,0,0,0,0,0,0,0,0,0,0,0,0,0,0,0,0,0,0,0,0,0,0,0,0,0,0,0,0,0,0,0,0,0,0,0,0,0,0,0,0,0,0,0,0,0,0,0.118249547,0,0,0,0,0,0,0.664975742,0,0,0,0.000152045,1.38E-05,0,0,9.68E-05,0,0,0,0,0.133260536,0,0,0,0,0,0,0,5.53E-05,0,0,0,1.38E-05,0,0,0,0,0,0,0,0,0,0,0,0,0,0,0,0,0,0,0,0,0,0,0,0,0,0,0,0,0,0,0,0,0,0,0,0,0,0,0,0,0,0,0,0,0,0,0,0,0,0,0,0,0,0,0,0,0,0,0,0,0,0,4.15E-05,0,0,0,0,0,0,0,0,0,0,0,0,0,0,0,0,0,0,0.000359379,0,0,0,0,0,0,0,0,0,0,0,0,0,0,0,0,0,0,0,0,0,0,0,0,0,0,0,0,0,0,0,1.38E-05,0,2.76E-05
D160R7MM.04,0,0,0,0,0,0,0,0,0,0,0,0,0,0,0,0,0,0,0,0,0,0,0.004366598,0,0,0,0,0,0,0,0,0,0,0,0,0,0,0,0.000556046,0,0,0,0,0,0,0,6.54E-05,0,0,0,0,0,0,0,0,0,9.81E-05,0,0.000294377,0,0,0,0,0,0,0,0,0,0,0,0,0,0,0,0,0,0.030337226,0,0,0,0,0.001341053,0,0,0,0,0,0,0.000212606,0,0,0,0,0,0,0,0,0,0,0,0,0,0,0,0,0,0,0,0,0,0,0,0,0,0,0,0,0,0,0,0,0,0,0,0,0,0,0,0,0.090913551,0,0,0,0,0,0,0.446995715,0,0,0,0.004840873,0.005004416,0,0,0,0.001390115,0,0,0,0.324632846,0,0,0,0,0,0,0,0.000310732,0,0,0,0.084617146,0,0,1.64E-05,0,0,0,0,0,0,0,0,0,0,0,0,0,0,0,0,0,0,0,0,0,0,0,0,0,0,0,0,0,0,0,0,0,0,0,0,0,0,0,0,0,0,0,0,0,0,0,0,0,0,0,0,1.64E-05,0,0,0,0,0,0,8.18E-05,0,0,0,0,0,0,0,0,0,0,0,0,0,3.27E-05,0,0,0,0,0.00384326,0,0,0,0,0,0,0,0,0,0,0,0,0,0,0,0,0,0,0,0,0,0,0,0,0,0,0,0,0,0,0,0,0,3.27E-05
A160S1NQ.04,0,0,0,0,0,0,0,0,0,0,0,0,0,0,0,0,0,0,0,0,0,0,0,0,0,0,0.509097161,0,0,0,0,0,0,0,0,0,0,0,0,0,0,0,0,0,0,0,0,0,0,0,0,0,0,0,0,0,0,0,0,0,0,0,0,0,0,0,0.000313953,0,0,0,0,0,0,0,0,0,0,0,0,0,0,0,0,0,0,0,0,0,0,0,0,0,0,0,0,0,0,0,0,0,0,0,0,0,0,0,0,0,0,0,0,0,0,0,0,0,0,0,0,0,0,0,0,0,0,0,0,0,0,0.095905156,0,0,0,0,0,0,0.392396358,0,0,0,0.000119601,0,0,0,0,0,0.000418604,0,0,7.48E-05,0,0,0,0,0,0,0,0,0,0,0,1.50E-05,0,0,0,0,0,0,0,0,0,0,0,0,0,0,0,0,0,0,0,0,0,0,0,0.000388704,0,0,0,0,0,0,0,0,0,0.000538205,0,0,0,0,0,0,0,0,0,0,0,0,0,0,0,0,0,0,0,0,0,0.000269103,0,0,0,0,0,0,2.99E-05,0,0,0,0,0,0,0,0,0,0,0,0,0,0,0,0,0,0,0,0,0,0,0,0,0,1.50E-05,2.99E-05,0,0,0,0.000388704,0,0,0,0,0,0,0,0,0,0,0,0,0,0,0,0,0,0,0,0,0,0
H160SR90.04,0,0,0,0,0,0,0,0,0,0,0,0,0,0,0,0,0,0,0,0,0,0,0,0,0,0,0.590103452,0,0,0,0,0,0,0,0.000427975,0,0,0,0.000472248,0,0,0,0,0,0,0,0.000634583,0,0,0,0,0,0,0,0,0,0,0,0,0,0,0,0,0,0,0,0,0,0,0,0,0,0,0,0,0,0,0,0,0,0,0,0,0,0,0,0,0,0,0,0,0,0,0,0,0,0,0,0,0,0,0,0,0,0,0,0,0,0,0,0,0,0,0,0,0,0,0,0,0,0,0,0,0,0,0,0,0,0,0.047283836,0,0,0.000929738,0,0,0,0.186021458,0,0,0,0,0,0,0,0,0,0,0,0,0.025014389,0,0,0,0,0,0,0,0.000221366,0,0,0,0,0,0,0,0,0,0,0,0,0,0,0,0,0,0,0,0,0,0,0,0,0,0,0,0,0,0,0,0,0,0,0.002567849,0,0,0,0,0,0,0,0,0,0,0,0,0,0,0,0,0,0,0,0,0,0,0,0,0.003335252,0,0,0,0,0,0,0,0,0,0,0,0,0,0,0,0,0,0,0,0,0,0,0,0,0,0.074452856,0,0,0,0,0,0,0,0,0.066365609,0,0,0.001829961,0,0,0,0,0,0,0,0,0,0,0,0,0,0,0,0,0,0,0,0,0,0.000339428
C160RQ3K.04,0,0,0,0,0,0,0,0,0,0,0,0,0,0,0,0,0,0,0,0,0,0,1.64E-05,0,0,0,0.305788515,0,0,0,0,0,0,0,0,0,0,0,0,0,0,0,0,0,0,0,0,0,0,0,0,0,0,0,0,0,0,0,0,0,0,0,0,0,0,0,0,0,0,0,0,0,0,0,0,0,0,0,0,0,0,0,0,0,0,0,0,0,0,0,0,0,0,0,0,0,0,0,0,0,0,0,0,0,0,0,0,0,0,0,0,0,0,0,0,0,0,0,0,0,0,0,0,0,0,0,0,0,0,0.100966667,0,0,3.28E-05,0,0,0,0.579475144,0,0,0,0.000508772,3.28E-05,0,0,0,0,0.003364461,0,0,0.009469728,0,0,0,0,0,0,0,0,0,0,0,0.000131296,0,0,0,0,0,0,0,0,0,0,0,0,0,0,0,0,0,0,0,0,0,0,0,0,0,0,0,0,0,0,0,0,0,0,0,0,0,0,0,0,0,0,0,0,0,0,0,0,0,0,0,0,0,0,0,1.64E-05,0,0,0,0,0,0,0,0,0,0,0,0,0,0,0,0,0,0,0,0,0,0,0,0,0,0.000196944,0,0,0,0,0,0,0,0,0,0,0,0,0,0,0,0,0,0,0,0,0,0,0,0,0,0,0,0,0,0,0,0,0,0
G160QX0X.04,0,0,0,0,0,0,0,0,0,0,0,0,0,0,0,0,0,0,0,0,0,0,0,0,0,0,4.19E-05,0,0,0,0,0,0,0,0,0,0,0,0,0,0,0,0,0,0,0,0,0,0,0,0,0,0,0,0,0,0,0,0,0,0,0,0,0,0,0,0,0,0,0,0,0,0,0,0,0,1.05E-05,0,0,0,0,0,0,0,0,0,0,0,0,0,0,0,0,0,0,0,0,0,0,0,0,0,0,0,0,0,0,0,0,0,0,0,0,0,0,0,0,0,0,0,0,0,0,0,0,0,0,0,0,0.178932255,0,0,0,0,0,0,0.807265029,0,0,0,0.000482099,0.000178167,0,0,1.05E-05,0,0,0,0,0.001666387,0,0,0,0,0,0,0,0,0,0,0,0,0,0,0,0,0,0,0,0,0,0,0,0,0,0,0,0,0,0,0,0,0,0,0,0,0,0,0,0,0,0,0,0,0,0,0,0,0,0,0,1.05E-05,0,0,0,0,0,0,0,0,0,0,0,0,0,0,0,0,0,0,0,0,0,0,1.05E-05,0,0,0,0,0,0,0,0,0,0,0,0,0,0,0,0,0,0,0.011392219,0,0,0,0,0,0,0,0,0,0,0,0,0,0,0,0,0,0,0,0,0,0,0,0,0,0,0,0,0,0,0,0,0,0
F160S7J3.04,0,0,0,0,0,0,0,0,0,0,0,0,0,0,0,0,0,0,0,0,0,0,0.000221239,0,0,0,0.449115044,0,0,0,0,0,0,0,0,0,0,0,0,0,0,0,0,0,0,0,0.003189528,0,0,0,0,0,0,0,0,0,0,0,0,0,0,0,0,0,0,0,0,0,0,0,0,0,0,0,0,7.37E-05,9.22E-05,0,0,0,0,0.000442478,0,0,0,0,0,0,0.000110619,0,0,0,0,0,0,0,0,0,0,0,0,0,0,0,0,0,0,0,0,0,0,0,0,0,0,0,0,0.000165929,0,0,0,0,0,0,0,0,0,0,0,0.102617994,0,0,0,0,0,0,0.431065634,0,0,0,0.000663717,0.000331858,0,0,1.84E-05,0.000571534,3.69E-05,0,0.000258112,0.009623894,0,0,0,0,0,0,0,0,0,0,0,0.000350295,0,0,0.000313422,0,0,0,0,9.22E-05,0,0,0,0,0,0,0,0,0,0,0,0,0,0,0,0,0,0,0,0,0,0,0,0,0,0,0,0,0,0,0,0.000129056,0,0,0,0,0,0,0,0,0,0,0,0,0,0,0,0,0,0,0,0,0,0,0.000516224,0,0,0,0,0,0,0,0,0,0,0,0,0,0,0,0,0,0,0,0,0,0,0,0,0,0,0,0,0,0,0,0,0,0,0,0,0,0,0,0,0,0,0,0,0,0,0,0,0,0,0,0,0
J160S0PT.04,0,0,0,0,0,0,0,0,0,0,0,0,0,0,0,0,0,0,0,0,0,0,0,0,0,0,0.735931314,0,0,0,0,0,0,0,0,0,0,0,0,0,1.48E-05,0,0,0,0,0,8.90E-05,0,0,0,0,0,0,0,0,0,0,0,0,0,0,0,0,0,0,0,0,0,0,0,0,0,0,0,0,0,0,0,0,0,0,5.93E-05,0,0,0,0,0,0,0.000163115,0,0,0,0,0,0,0,0,0,0,0,0,0,0,0,0,0,0,0,0,0,0,0,0,0,0,0,0,0,0,0,0,0,0,0,0,0,0,0,0,0.048207957,0,0,0,0,0,0,0.20912852,0,0,0,0.00131975,5.93E-05,0,0,2.97E-05,0,1.48E-05,1.48E-05,0,0.00474517,0,0,1.48E-05,0,0,0,0,0,0,0,0,0.000133458,0,0,0,0,0,0,0,1.48E-05,0,0,0,0,0,0,0,0,0,0,0,0,0,0,0,0,0,0,0,0,0,0,0,0,0,1.48E-05,0,0,0,0,0,0,0,1.48E-05,0,0,0,0,0,0,0,0,0,0,0,0,0,0,0,0,0,0,0,0,0,0,0,0,0,0,0,0,0,0,0,0,0,0,0,0,0,0,0,0,0,0,0,0,0,0,0,2.97E-05,0,0,0,0,0,0,0,0,0,0,0,0,0,0,0,0,0,0,0,0,0,0,0,0,0,0
J160S30P.04,0,0,0,0,0,0,0,0,0,0,0,0,0,0,0,0,0,0,0,0,0,0,0,0,0,0,0.225636196,0,0,0,0,0,0,0,0,0,0,0,0.000255067,0,0.000235446,0,0,0,0,0,1.96E-05,0,0,0,0,0,0,0,0,0,0,0,0,0,0,0,0,0,0,0,0,0,0,0,0,0,0,0,0,0,0,0,0,0,0,0,0,0,0,0,0,0,0,0,0,0,0,0,0,0,0,0,0,0,0,0,0,0,0,0,0,0,0,0,0,0,0,0,0,0,0,0,0,0,0,0,0,0,0,0,0,0,0,0.149017992,0,0,1.96E-05,0,0,0,0.621480566,0,0,0,5.89E-05,0,0,0,0,1.96E-05,0.000961406,0,0,7.85E-05,0,0,0.000568996,0,0,0,0,0,0,0,0,1.96E-05,0,0,0,0,0,0,0,1.96E-05,0,0,0,0,0,0,0,0,0,0,0,0,0,0,0,0,0,0,0,0,0,0,0,0,0,0,0,0,0,0,0,0,0,0,0,0,0,0,0,0,0,0,0,0,0,0,0,0.000255067,0,0,0,0,0,0,0.000156964,0,0,0,0,0,0,0,0,0,0,0,0,0,0,0,0,0,0,0,0,0,0,0,0,0,0,1.96E-05,0,0,0,0.001177232,0,0,0,0,0,0,0,0,0,0,0,0,0,0,0,0,0,0,0,0,0,0
K160RT0S.04,0,0,0,0,0,0,0,0,0,0,0,0,0,0,0,1.46E-05,0,0,0,0,0,0,0.013362251,0,0.00579322,0,0.000742347,0.004847091,0,0,0,0,0,0,0,0,0,0,0.001688476,0,0,0,0,0,0,0,0,0,0,0,0,0,0,0,0,0,0,0,0.001965037,0,0,0,0,0,0,0,0,0,0,0,0,0,0,0,0,0.008893611,0.014890613,0,0,0,0,0.00307128,0,0,0,0,0,0,0.00017467,0,0,0,0,0,0,0,0,0,0,0,0,0,0,0,0,0.000160114,0,0,0,0,0,0,0,0,0,0,0,0,0,0,0,0,0,0,0,0,0,0,0,0.002707384,0,0,0.00157203,0,0,0,0.00202326,0,0,0,0,0.027859856,0,0,0.000946129,0.024890467,0,0,0,0.838692304,0,0,0,0,0,0,0,1.46E-05,0,0,0,0.039024177,0,0,0,0,0,0,0,0,0,0,0,0,0,0,0,0,0,0,0,0,0,0,0,0,0,0,0,0,0,0,0,0,0,0,0,0,0,0,0,0.000596789,0,0,0,0,0,0,0,0,0,0,0,0,0,0,0,0,0,0,0,0,0,0,0.004585086,0,0,0,0,0,0,0,0,0,0,0,0,0,0,0,0,0,0,0,0,0,0,0,0,0,0,0,0,0,0,0,0,0,0,0,0,0,0,0,0,0.001484695,0,0,0,0,0,0,0,0,0,0,0,0
B160S7MS.04,0,0,0,0,0,0,0,0,0,0,0,0,0,0,0,0,0,0,0,0,0,0,0,0,0,0,0.000166417,0,0,0,0,0,0,0,0,0,0,0,0.000554723,0,0,0,0,0,0,0,0,0,0,0,0,0,0,0,0,0,0,0,0,0,0,0,0,0,0,0,0,0,0,0,0,0,0,0,0,0,0,0,0,0,0,0,0,0,0,0,0,0,0,0,0,0,0,0,0,0,0,0,0,0,0,0,0,0,0,0,0,0,0,0,0,0,0,0,0,0,0,0,0,0,0,0,0,0,0,0,0,0,0,0.001372941,0,0,0,0,0,0,0.004063349,0,0,0,1.39E-05,0,0,0,0,0,4.16E-05,0,0,0.993787097,0,0,0,0,0,0,0,0,0,0,0,0,0,0,0,0,0,0,0,0,0,0,0,0,0,0,0,0,0,0,0,0,0,0,0,0,0,0,0,0,0,0,0,0,0,0,0,0,0,0,0,0,0,0,0,0,0,0,0,0,0,0,0,0,0,0,0,0,0,0,0,0,0,0,0,0,0,0,0,0,0,0,0,0,0,0,0,0,0,0,0,0,0,0,0,0,0,0,0,0,0,0,0,0,0,0,0,0,0,0,0,0,0,0,0,0,0,0,0,0,0,0,0,0,0,0,0,0
C160SFGR.04,0,0,0,0,0,0,0,0,0,0,0,0,0,0,0,0,0,0,0,0,0,0,0.00013792,0,0,0,0.722258831,0,0,0,0,0,0,0,0,0,0,0,0,0,0,0,0,0,0,0,0.000153245,0,0,0,0,0,0,0,0,0,0,0,1.53E-05,0,0,0,0,0,0,0,0,0,0,0,0,0,0,0,0,4.60E-05,0.000367788,0,0,0,0,0.000275841,0,0,0,0,0,0,1.53E-05,0,0,0,0,0,0,0,0,0,0,0,0,0,0,0,0,0,0,0,0,0,0,0,0,0,0,0,0,0,0,0,0,0,0,0,0,0,0,0,0,0.040885756,0,0,0,0,0,0,0.18708145,0,0,0,0.000888821,0.000107271,0,0,1.53E-05,0.000352463,1.53E-05,0,0.015109953,0.028641483,0,0,0,0,0,0,0,0.000260516,0,0,0,0.001440503,0,0,0.000153245,0,0,0,0,0.001149337,0,0,0,0,0,0,6.13E-05,0,0,0,0,0,0,0,0,0,0,0,0,0,0,0,0,0,0,0,0,0,0,0,0,0,0,4.60E-05,0,0,0,0,0,0,1.53E-05,0,0,0,0,0,0,0,0,0,0,0,0,0,0.000475059,0,0,0,0,0,0,0,0,0,0,0,0,0,0,0,0,0,0,1.53E-05,0,0,0,0,0,0,0,0,0,0,0,1.53E-05,0,0,0,0,0,0,0,0,0,0,0,0,0,0,0,0,0,0,0,0,0,0
A160RX4W.04,0,0,0,0,0,0,0,0,0,0,0,0,0,0,0,0,0,0,0,0,0,0,0.003374979,0,0,0,0.004675429,0,0,0,0,0,0,0,0,0,0,0,0.001223043,0,0,0,0,0,0,0,0.012493614,0,0,0,0,0,0,0,0,0,0,0,0,0,0,0,0,0,0,0,0,0,0,0,0,0,0,0,0,0.003080829,0.000418002,0,0,0,0,0,0,0,0,0,0,0.001269487,0.001702971,0,0,0,0,0,0,0,0,0,0,0,0,0,0,0,0,0,0,0,0,0,0,0,0,0,0,0,0,0.000247705,0,0,0,0,0,0,0,0,0,0,0,0.001161117,0,0,0,0,0,0,0.003313052,0,0,0,0,0.007601443,0,0,0.01664267,0.008654189,0.000464447,0,0,0.90285325,0,0,0,0,0,0,0,0,0,0.000309631,0,0.00846841,0,0,0.000526373,0,0,0,0,0.001161117,0,0,0,0,0,0,0,0,0,0,0,0,0,0,0,0.001254006,0,0,0,0,0,0,0.000216742,0,0,0,0,0,0,0,0,0.002120973,0,0.000572817,0,0,0,0,0,0,0.000387039,0,0,0,0,0,0,0.001346895,0,0,0,0,0,0,0.011951759,0,0,0,0,0,0,0,0,0,0,0,0,0,0,0,0,0,0,0,0,0,0,0,0,0,0,0.002182899,0,0,0,0,0,0,0,0,0,0,0,0,0,0,0,0,0,0,0,0,0,0,0,0.000216742,0,0.000108371
E160R0Z3.04,0,0,0,0,0,0,0,0,0,0,0,0,0,0,0,0,0,0,0,0,0,0,0.003598137,0,0,0,0.003897982,0,0,0,0,0,0,0,0,0,0,0,0.001269931,0,0,0,0.001622689,0,0,0,0.01770848,0,0,0,0,0,0,0,0,0,0,0,0,0,0,0,0,0,0,0,0,0,0,0,0,0,0,0,0.001340483,0.0005115,0,0,0,0,0,0,0,0,0,0,0,0,0.012752222,0,0,0,0,0,0.001851983,0,0,0,0,0,0,0,0,0,0,0,0,0,0,0,0,0,0,0,0,0,0,0,0,0,0,0,0,0,0,0,0,0,0,0.041272753,0,0,0,0,0,0,0.045929166,0,0,0,0,0,0,0,0,0,0,0,0,0.83753704,0,0,0,0,0,0,0,0.00144631,0,0,0,0.001322845,0,0,0.006367292,0,0,0,0.001393396,0,0,0,0,0,0,0,0,0,0,0,0,0,0,0,0,0,0,0,0,0,0,0,0,0,0,0,0,0,0,0,0,0,0,0,0,0,0,0,0,0,0,0,0,0,0,0,0,0.00433893,0,0,0,0,0,0,0.012593481,0,0,0,0,0,0,0,0,0,0,0,0,0,0,0,0,0,0,0,0,0,0,0,0,0,0,0,0,0,0,0,0,0,0,0,0,0,0,0,0,0,0.003245379,0,0,0,0,0,0,0,0,0,0,0
E160X7Y1.04,0,0,0,0,0,0,0,0,0,0,0,0,0,0,0,0,0,0,0,0,0,0,0.000362967,0,0,0,0.167603289,0,0,0,0,0,0,0,0,0,0,0,0,0,0.629385334,0,0,0,0,0,0.000888644,0,0,0,0,0,0,0,0,0,0,0,0,0,0,0,0,0,0,0,0,0,0,0,0,0,0,0,0,0,0.001176515,0,0,0,0,0.004505801,0,0,0,0,0,0,0,0,0,0,0,0,0,0,0,0,0,0,0,0,0,0,0,0,0,0,0,0,0,0,0,0,0,0,0,0,0,0,0,0,0,0,0,0,0,0,0,0.000125161,0,0,0.002002578,0,0,0,0.000625806,0,0,0,0,0.011477277,0,0,0.010338311,0.009324505,0,0,0,0.152834274,0,0,0,0,0,0,0,0,0,0,0,0.006207993,0,0,0.000513161,0,0,0,0,0,0,0,0,0,0,0,0,0,0,0,0,0,0,0,0,0,0,0,0,0,0,0,0,0,0,0,0,0,0.000801031,0,0,0,0,0,0,0,0,0,0,0,0,0,0,0,0,0,0,0,0,0,0,0,0,0,0.00061329,0,0,0,0,0,0,0,0,0,0,0,0,0,0,0,0,0,0,0,0,0,0,0,0,0,0,0.001214063,0,0,0,0,0,0,0,0,0,0,0,0,0,0,0,0,0,0,0,0,0,0,0,0,0,0
C160S1VK.04,0,0,0,0,0,0,0,0,0,0,0,0,0,0,0,0,0,0,0,0.00025678,0,0,0.000365418,0,0,0,0.00038517,0,0,0,0,0,0,0,0,0,0,0,0.000355542,0,0,0.000306161,0,0.000108638,0,0,0,0,0,0,0,0,0,0,0,0,0,0,0,0,0,0,0,0,0,0,5.93E-05,0,0,0,0,0,0,0,0,0.001619689,0.000316037,0,0,0,0,0.005738045,0,0,0,0,0,0,0,0,0,0,0,0,0,0,0,0,0,0,0,0,0,0,0,0,0,0,0,0,0,0,0,0,0,0,0,0,0,0,0,0,0,0,0,0,0,0,0,0.000187647,0,0,0,0,0,0.000138266,0.001688822,0,0,0,0,0.001254271,0,0,0,0.001165386,0,0,0,0.978035436,0,0,0,0,0,0,0,0,0,0,0,0.005659036,0,0,0,0,0,0,0,0.001590061,0,0,0,0,0,0,0,0,0,0,0,0,0,0,0,0,0,0,0,0,0,0,0,0,0,0.000296285,0,0,0,0,0,0,0,0,0,0,0,0,0,0,0,0,0,0,0,0,0,0,0,0,0,0,0,0,0.000138266,0,0,0,0,0,0,0,0,0,0,0,0,0,0,0,0,0,0,0,0,0,0,0,0,0,0,0,0,0,0,0,0,0,0,0,0,0,0,0,0,0,0,0,0,0,0,0,0,0,0,0,0.000335789,0
C160S80Q.04,0,0,0,0,0,0,0,0,0,0,0,0,0,0,0,4.67E-05,0,0,0,0,0,0,0.000175213,0,0,0,8.18E-05,0,0,0,0,0,4.67E-05,0,1.17E-05,0,0,1.17E-05,0.000490597,0,0,5.84E-05,0,2.34E-05,0,0,2.34E-05,0,0,0,0,5.84E-05,0,0,0,0,0,0,0,0,0,0,0,0,0,0,0,0,0,0,0,0,0,0,2.34E-05,0.001004556,0.001004556,0,0,0,0,0.000373788,0,0,0,0,0,4.67E-05,5.84E-05,0,1.17E-05,0,0,0,0,0,0,0,0,0,0,0,0,0,0,0,0,0,0,0,0,0,0,0,0,0,0,0,0,0,0,0,0,0,0,0,0,0,0,0.018011914,0,0,0,0,0,0,0.262784721,0,0,0,0.003165518,0.000292022,0,0,1.17E-05,0.000490597,0,0,0,0.707907955,0,0,0,0,3.50E-05,0,0,0.000116809,0,0,0,0.001109683,0,0,7.01E-05,0,0,0,0,0.000677491,0,0,0,0,0,0,0,0,0,0,0,0,0,0,0,0,0,0,0,0,0,0,0,0,3.50E-05,0,0,0,0,0,0,7.01E-05,0,4.67E-05,0,0,0,0,0,0,1.17E-05,0,0,0,0,0,0,4.67E-05,0,0,0,0,0,0,0.001565238,0,0,0,0,0,0,0,0,0,0,0,0,0,0,0,0,0,0,0,0,0,0,0,0,0,0,0,0,0,0,0,0,0,0,0,0,0,0,0,0,0,0,0,0,0,0,0,0,0,0,0,0,0
F160QH00.04,0,0,0,0,0,0,0,0,0,0,0,0,0,0,0,0,0,0,0,0,0,0,0,0,0,0,0.623110993,0,0,0,0,0,0,0,0,0,0,0,0,0,0,0,0,0,0,0,0.004635148,0,0,0,0,0,0,0,0,0,0,0,0,0,0,0,0,0,0,0,0,0,0,0,0,0,0,0,0,0,0,0,0,0,0,0.003443253,0,0,0,0,0,0,0.014258597,0,0,0,0,0,0,0,0,0,0,0,0,0,0,0,0,0,0,0,0,0,0,0,0,0,0,0,0,0,0,0,0,0,0,0,0,0,0,0,0,0.051266205,0,0,0,0,0,0,0.166159008,0,0,0,1.47E-05,0.021100958,0,0,0.000235436,0,0,0.001088892,0,0.097588252,0,0,0,0,0,0,0,0,0,0,1.47E-05,0.006386203,0,0,0.009255581,0,0,0,0,0,0,0,0,0,0,0,0,0,0,0,0,0,0,0,0,0,0,0,0,0,0,0,0.000456157,0,0,0,0,0,0,0,0,0,0,0,0,0,0,0,0,0,0,0,0,0,0,0,0,0,0,0,0,0,0,0,0,0,0,0,0,0,0,0,0,0,0,0,0,0,0,0,0,0,0,0,0,0,0,0,0,0,0,1.47E-05,0,0,0,0.000559161,0,0,0,0,0,0,0,0,0,0,0.000412013,0,0,0,0,0,0,0,0,0,0,0
D160SRT1.04,0,0.00071017,0,0,0,0,0,0,0,0,0,0,0,0,0,0,0,0,0,0,0,0,0,0,0,0,0.083110137,0,0,0,0,0,0,0,0,0,0,0,0.004240727,0,0,0,0,0,0,0,6.09E-05,0,0,0,0,0,0,0,0,0,0,0,0.000547845,0,0,0,0,0,0,0,0,0,0,0,0,0,0,0,0,0.001704407,0.005498742,0,0,0,0,0.003003003,0,0,0,0,0,0,0,0,0,0,0,0,0,0,0,0,0,0,0,0,0,0,0,0,0,0,0,0,0,0,0,0,0,0,0,0,0,0,0,0,0,0,0,0,0,0,0,0.000101453,0,0,0,0,0,0,0.001339177,0,0,0,0,0.007487217,0,0,0.010348186,0.010368477,0,0,0,0.782830127,0,0,0,0,0,0,0,0,0,0,0,0.055778752,0,0,0,0,0,0,0,0,0,0,0,0,0,0,0,0,0,0,0,0,0,0,0,0,0,0,0,0,0,0,0,0,0,0,0,0,0,0,0,0,0,0.00975976,0,0,0,0,0,0,0,0,0,0,0,0,0,0.000933366,0,0,0,0,0,0,0.007568379,0,0,0,0,0,0,0,0,0,0,0,0,0,0.006269783,0,0,0,0,0,0,0,0,0,0,0,0,0.007710413,0,0,0,0,0,0,0,0,0,0,0,0,0,0,0.000629007,0,0,0,0,0,0,0,0,0,0,0
G160R9KL.04,0,0,0,0,0,0,0,0,0,0,0,0,0,0,0,0,0,0,0,0,0,0,0.001001459,0,0,0,0.000160728,0,0,0,0,0,0,0,0,0,0,0,0.000185455,0,0,0,0,0,0,0,7.42E-05,0,0,0,0,0,0,0,0,0,0,0,0.000111273,0,0,0,0,0,0,0,0,0,0,0,0,0,0,0,0,0,0.000346183,0,0,0,0,0.000136001,0,0,0,0,0,0,0.000346183,0,0,0,0,0,0,0,0,0,0,0,0,0,0,0,0,0,0,0,0,0,0,0,0,0,0,0,0,1.24E-05,0,0,0,0,0,0,0,0,0,0,0,0.017865533,0,0,0,0,0,0,0.951311788,0,0,0,0.000457457,0.000222546,0,0,0,0.000432729,0,1.24E-05,0,0.026841572,0,0,0,0,0,0,0,0.000247274,0,0,0,0.000197819,0,0,0,0,0,0,0,0,0,0,0,0,0,0,0,0,0,0,0,0,0,0,0,0,0,0,0,0,0,0,0,0,0,0,0,0,0,0,0,0,0,0,0,0,0,0,0,0,0,0,0,0,0,0,1.24E-05,2.47E-05,0,0,0,0,0,0,0,0,0,0,0,0,0,0,0,0,0,0,0,0,0,0,0,0,0,0,0,0,0,0,0,0,0,0,0,0,0,0,0,0,0,0,0,0,0,0,0,0,0,0,0,0,0,0,0,0,0,0,0,0
C160RNZZ.04,0,0,0,0,0,0,0,0,0,0,0,0,0,0,0,0,0,0,0,0,0,0,3.39E-05,0,0,0,1.70E-05,0,0,0,0,0,0,0,0,0,0,0,0,0,0,0,1.70E-05,0,0,0,0.000101754,0,0,0,0,0,0,0,0,0,0,0,0,0,0,0,0,0,0,0,0,0,0,0,0,0,0,0,0,1.70E-05,0.000373096,0,0,0,0,0.000118712,0,0,0,0,0,0,0,0,0,0,0,0,0,0,0,0,0,0,0,0,0,0,0,0,0,0,0,0,0,0,0,0,0,0,0,0,0,0,0,0,0,0,0,0,0,0,0,0.031289218,0,0,0,0,0,0,0.953210325,0,0,0,0.001967235,5.09E-05,0,0,0,6.78E-05,0,0,0,0.012413933,0,0,0,0,0,0,0,0,0,0,0,0.000254384,0,0,0,0,0,0,3.39E-05,0,0,0,0,0,0,0,0,0,0,0,0,0,0,0,0,0,0,0,0,0,0,0,0,0,0,0,0,0,0,0,0,0,0,0,0,0,1.70E-05,0,0,0,0,0,0,0,0,0,0,0,0,0,0,0,0,0,1.70E-05,0,0,0,0,0,0,0,0,0,0,0,0,0,0,0,0,0,0,0,0,0,0,0,0,0,0,0,0,0,0,0,0,0,0,0,0,0,0,0,0,0,0,0,0,0,0,0,0,0,0,0,0,0
A160S1LX.04,0,0,0,0,0,0,0,0,0,0,0,0,0,0,0,0,0,0,0,0,0,0,0,0,0,0,0.00098761,0,0,0,0,0,0,0,0,0,0,0,0,0,0,0,0,0,0,0,0.00043395,0,0,0,0,0,0,0,0,0,0,0,0,0,0,0,0,0,0,0,0,0,0,0,0,0,0,0,0,0,0,0,0,0,0,0,0,0,0,0,0,0,0,0,0,0,0,0,0,0,0,0,0,0,0,0,0,0,0,0,0,0,0,0,0,0,0,0,0,0,0,0,0,0,0,0,0,0,0,0,0,0,0,0.009038128,0,0,0,0,0,0,0.988193572,0,0,0,0,0,0,0,1.50E-05,0,0,0,0,0.001137248,0,0,0,0,0,0,0,0,0,0,0,0,0,0,0,0,0,0,0,0,0,0,0,0,0,0,0,0,0,0,0,0,0,0,0,0,0,0,0,0,0,0,0,0,0,0,0,0,0,0,0,0,0,0,0,0,0,0,0,0,0,0,0,0,0,0,0,0,0,0,0,0,0,0,0.000194529,0,0,0,0,0,0,0,0,0,0,0,0,0,0,0,0,0,0,0,0,0,0,0,0,0,0,0,0,0,0,0,0,0,0,0,0,0,0,0,0,0,0,0,0,0,0,0,0,0,0,0,0,0
B160RJPX.04,0,0,0,0,0,0,0,0,0,0.000114973,0,0,0,0,0,0,0,0,0,0,0,0,0.000147822,0,0,0,0.000295644,0,0,0,0,0,0,0,0,0,0,0,0.000164247,0,0,0,0,0,0,0,0.00052559,0,0,0,0,0,0,0,0,0,0,0,0,0,0,0,0,0,0,0,0,0,0,0,0,0,0,0,0,0,0.000164247,0,0,0,0,0,0,0,0,0,0,0,0,0,0,0,0,0,0,0,0,0,0,0,0,0,0,0,0,0,0,0,0,0,0,0,0,0,0,0,0,0,0,0,0,0,0,0,0,0,0,0,0,0.02079364,0,0,0.000131397,0,0,0,0.884633073,0,0,0,0.003876224,0.003137113,0,0,1.64E-05,9.85E-05,0,0,0,0.074715853,0,0,0,0,0,0,0,3.28E-05,0,0,0,0.009854806,0,0,0,0,0,0,0,0,0,0,0,0,0,0,0,0,0,0,0,0,0,0,0,0.000131397,0,0,0,0,0,0,0,0,0,0.00024637,0,0,0,0.000344918,0,0,0,0,0,0,0,0,0,0,0,0,0,0,0,0,0,0,0,0,0,0,0,0,0.000131397,0,0,0,0,0,0,0,0,0,0,0,0,0,0,0,0,0,0,0.000361343,0,0,0,0,0,0,0,0,0,0,0,8.21E-05,0,0,0,0,0,0,0,0,0,0,0,0,0,0,0,0,0,0,0,0,0,0
B160RNZ2.04,0,0,0,0,0,0,0,0,0,0,0,0,0,0,0,0,0,0,0,0,0,0,0.002575277,0,0,0,0.002161072,0,0,0,0,0,0,0,0,0,0,0,0,0,0,0,0,0,0,0,0.000612304,0,0,0,0,0,0,0,0,0,0,0,0,0,0,0,0,0,0,0,0,0,0,0,0,0,0,0,0,0.004628296,0.001710849,0,0,0,0,0,0,0,0,0,0,0,0,0,0,0,0,0,0,0,0,0,0,0,0,0,0,0,0,0,0,0,0,0,0,0,0,0,0,0,0,0,0,0,0,0,0,0,0,0,0,0,0,0.00961677,0,0,0,0,0,0,0.515883878,0,0,0,0,0.005312635,0,0,0.002431206,0.005114537,0,0,0,0.407362052,0,0,0,0,0,0,0,0,0,0,0,0.018567209,0,0,0,0,0.002665322,0,0,0,0,0,0,0,0,0,0,0,0,0,0,0,0,0,0,0,0,0,0,0,0,0,0,0,0,0.001710849,0,0,0,0,0,0,0,0,0,0,0,0,0,0,0,0,0,0,0,0,0,0.001152572,0.001044518,0,0,0,0,0,0.004844403,0,0,0,0,0,0,0,0,0,0,0,0,0,0.010697306,0,0,0,0,0,0,0,0,0,0,0,0,0,0,0,0,0,0,0,0,0,0,0,0,0,0,0,0,0,0,0,0,0,0,0,0,0,0,0.001908947
J160SF8F.04,0,0,0,0,0,0,0,0,0,0,0,0,0,0,0,0,0,0,0,0,0,0,2.54E-05,0,0,0,0.271847746,0,0,0,0,0,0,0,0,0,0,0.001080628,0.000152559,0,0.000572097,0,0,0,0,0,0.000279692,0,0,0,0,0,0,0,0,0,0,0,0,0,0,0,0,0,0,0,0,0,0,0,0,0,0,0,0,0,0,0,0,0,0,0,0,0,0,0,0,0,0,0,0,0,0,0,0,0,0,0,0,0,0,0,0,0,0,0,0,0,0,0,0,0,0,0,0,0,0,0,0,0,0,0,0,0,0,0,0,0,0,8.90E-05,0,0,0,0,0,0,0.000533957,0,0,0,0,0,0,0,0,0,0,0,1.27E-05,0.512509853,0,0,0,0,0,0,0,0.000381398,0,0,0,0.001589158,0,0,0.000241552,0,0,0,0,0,0,0,0,0,0,0,0,0,0,0,0,0,0,0,0,1.27E-05,0,0,0,0,0,0,0,0,0,0,0,0,0,0,0,0.001131481,0,0,0,0,0,0,0,0,0,0,0,0,0,0,0,0,0,0,0,0,0,0,0,0,0,0,0,0,0,0,0,0,0,0,0,0,0,0,0,0,0,0,0,0,0,0,0,0,0,0.209044217,0,0,0,8.90E-05,0,0,0,0,0,0,0,0,0,0,0,0,0,0,0,0,0,0,0,0,0,0.000406824
C160RFQX.04,0,0,0,0,0,0,0,0,0,0,0,0,0,0,0,0,0,0,0,0,0,0,0.000282034,0,0,0,1.34E-05,0,0,0,0,0,0,0,0,0,0,0,0,0,0,0,0,0,0,0,1.34E-05,0,0,0,0,0,0,0,0,0,0,0,0,0,0,0,0,0,0,0,0,0,0,0,0,0,0,0,0,0,0.000940115,0,0,0,0,5.37E-05,0,0,0,0,0,0,0,0,0,0,0,0,0,0,0,0,0,0,0,0,0,0,0,0,0,0,0,0,0,0,0,0,0,0,0,0,0,0,0,0,0,0,0,0,0,0,0,0.012409514,0,0,0,0,0,0,0.913455727,0,0,0,0.006177897,0.000940115,0,0,0,0,0,0,0,0.063833788,0,0,0,0,0,0,0,2.69E-05,0,0,0,0.001396742,0,0,0,0,0,0,0,0,0,0,0,0,0,0,0,0,0,0,0,0,0,0,0,0,0,0,0,0,0,0,0,0,0,0,0,0,0,0,0,0,0,0,0,0,0,0,0,0,0,0,0,0,0,0,0,0,0,0,0,0,0,0,2.69E-05,0,0,0,0,0,0,0,0,0,0,0,0,0,2.69E-05,0,0,0,0,0.000389476,0,0,0,0,0,0,0,1.34E-05,0,0,0,0,0,0,0,0,0,0,0,0,0,0,0,0,0,0,0,0,0,0,0,0,0,0
G160SB00.04,0,0,0,0,0,0,0,0,0,0,0,0,0,0,0,0,0,0,0,0,0,0,0,0,0,0,4.67E-05,0,0,0,0,0,0,0,0,0,0,1.56E-05,0.00018682,0,4.67E-05,0,0,0,0,0,1.56E-05,0,0,0,0,0,0,0,0,0,0,0,0,0,0,0,0,0,0,0,0,0,0,0,0,0,0,0,0,0,0,0,0,0,0,0,0,0,0,0,0,0,0,0,0,0,0,0,0,0,0,0,0,0,0,0,0,0,0,0,0,0,0,0,0,0,0,0,0,0,0,0,0,0,0,0,0,0,0,0,0,0,0,0.006476422,0,0,0,0,0,0,0.992200271,0,0,0,0.000155683,0,0,0,0,0,0,0,0,0.000856258,0,0,0,0,0,0,0,0,0,0,0,0,0,0,0,0,0,0,0,0,0,0,0,0,0,0,0,0,0,0,0,0,0,0,0,0,0,0,0,0,0,0,0,0,0,0,0,0,0,0,0,0,0,0,0,0,0,0,0,0,0,0,0,0,0,0,0,0,0,0,0,0,0,0,0,0,0,0,0,0,0,0,0,0,0,0,0,0,0,0,0,0,0,0,0,0,0,0,0,0,0,0,0,0,0,0,0,0,0,0,0,0,0,0,0,0,0,0,0,0,0,0,0,0,0,0,0,0
C160R32K.04,0,0,0,0,0,0,0,0,0,0,0,0,0,0,0,0,0,0,0,0,0,0,0.003903326,0,0,0,0.000178234,0,0,0,0,0,0,0,0,0,0,0,0,0,0,0,0,0,0,0,0.00073076,0,0,0,0,0,0,0,0,0,0,0,0,0,0,0,0,0,0,0,0,0,0,0,0,0,0,0,0,0.007664064,0,0,0,0,0,0.019712687,0,0,0,0,0,0.00235269,0,0,0,0,0,0,0,0,0,0,0,0,0,0,0,0,0,0,0,0,0,0,0,0,0,0,0,0,0,0,0,0,0,0,0,0,0,0,0,0,0,0.001924928,0,0,0,0,0,0,0.295601183,0,0,0,1.78E-05,0.000160411,0,0,0,0,0.255551991,0,0,0.337432717,0,0,0,0,0,0,0,0.000659466,0,0.000356468,0,0,0,0,0,0,0,0,0,0,0,0,0,0,0,0,0,0,0,0,0,0,0,0,0,0,0,0,0,0,0,0,0,0,0,0,0,0,0,0,0,0,0,0,0,0,0,0,0,0,0,0,0,0,0,0,0,0,0,0,0,0,0,0,0.07316508,0,0,0,0,0,0,0,0,0,0,0,0,0,0,0,0,0,0,0,0,0,0,0,0,0,0.000356468,0,0,0,0,0,0,0,0,0,0,0,0,0,0,0,0,0,0,0,0,0,0,0,0,0,0,0.000231704
J160RCN9.04,0,0,0,0,0,0,0,0,0,0,0,0,0,0,0,0,0,0,0,0,0,0,0.001208038,0,0,0,8.51E-05,0,0,0,0,0,0,0,0,0,0,0,6.81E-05,0,0,0,0,0,0,0,0.000187161,0,0,0,0,0,0,0,0,0,0,0,0.000187161,0,0,0,0,0,0,0,0,0,0,0,0,0,0,0,0,0,0.001803549,0,0,0,0,0.000323278,0,0,0,0,0,0,0,0,0,0,0,0,0,0,0,0,0,0,0,0,0,0,0,0,0,0,0,0,0,0,0,0,0,0,0,0,0,0,0,0,0,0,0,0,0,0,0,0.007894782,0,0,0.000306263,0,0,0,0.898984227,0,0,0,0.000867745,0.001497286,0,0,0,0.000408351,0,0,0,0.080479132,0,0,0,0,0,0,0,1.70E-05,0,0,0,0.002739353,0,0,0,0,0,0,0,0,0,0,0,0,0,0,0,0,0,0,0,0,0,0,0,0,0,0,0,0,0,0,0,0,0,0,0,0,0,0,0,0,0,0,0,0,0,0,0,0,0,0,0,0,0,8.51E-05,0,0.000323278,0,0,0,0,0,0,0,0,0,0,0,0,0,0,0,0,0,0,0,0,0,0,0,0,0,0.002467119,0,0,0,0,0,0,0,0,0,0,0,0,0,0,0,0,0,0,0,0,0,0,0,0,0,0,0,0,0,0,0,0,0,6.81E-05
G160SBLL.04,0,0,0,0,0,0,0,0,0,0,0,0,0,0,0,0,0,0,0,0,0,0,0,0,0,0,0.001700714,0,0,0,0,0,0,0,0,0,0,0,0,0,0,0,0,0,0,0,9.77E-05,0,0,0,0,0,0,0,0,0,0,0,0,0,0,0,0,0,0,0,0,0,0,0,0,0,0,0,0,0,0,0,0,0,0,0,0,0,0,0,0,0,0,0,0,0,0,0,0,0,0,0,0,0,0,0,0,0,0,0,0,0,0,0,0,0,0,0,0,0,0,0,0,0,0,0,0,0,0,0,0,0,0,0.008953182,0,0,0,0,0,0,0.907496823,0,0,0,0.000215033,0.001583423,0,0,0,0,0,0,0,0.07924934,0,0,0,0,0,0,0,0,0,0,0,0,0,0,0,0,0,0,0,0,0,0,0,0,0,0,0,0,0,0,0,0,0,0,0,0,0,0,0,0,0,0,0,0,0,0,0,0,0,0,0,0,0,0,0,0,0,0,0,0,0,0,0,0,0,0,0,0.000488711,0.000215033,0,0,0,0,0,0,0,0,0,0,0,0,0,0,0,0,0,0,0,0,0,0,0,0,0,0,0,0,0,0,0,0,0,0,0,0,0,0,0,0,0,0,0,0,0,0,0,0,0,0,0,0,0,0,0,0,0,0,0
D160RFP3.04,0,0,0,0,0,0,0,0,0,0,0,0,0,0,0,0,0,0,0,0,0,0,0,0,0,0,0.001798191,0,0,0,0,0,0,0,0,0,0,0,0,0,0,0,0,0,0,0,6.86E-05,0,0,0,0,0,0,0,0,0,0,0,0,0,0,0,0,0,0,0,0,0,0,0,0,0,0,0,0,0,0,0,0,0,0,0,0,0,0,0,0,0,0,0,0,0,0,0,0,0,0,0,0,0,0,0,0,0,0,0,0,0,0,0,0,0,0,0,0,0,0,0,0,0,0,0,0,0,0,0,0,0,0,0.006327985,0,0,0,0,0,0,0.990844326,0,0,0,1.37E-05,0,0,0,0,0,4.12E-05,0,0,0.000754966,0,0,0,0,0,0,0,0,0,0,0,0,0,0,0,0,0,0,0,0,0,0,0,0,0,0,0,0,0,0,0,0,0,0,0,0,0,0,0,0,0,0,0,0,0,0,0,0,0,0,0,0,0,0,0,0,0,0,0,0,0,0,0,0,0,0,0,1.37E-05,0,0,0,0,0,0,0,0,0,0,0,0,0,0,0,0,0,0,0,0,0,0,0,0,0,0.000109813,0,0,0,0,0,0,0,0,0,0,0,0,0,0,0,0,0,0,0,0,0,0,0,0,0,0,0,0,0,0,0,0,0,2.75E-05
D160R5XM.04,0,0,0,0,0,0,0,0,0,0,0,0,0,0,0,0,0,0,0,0,0,0,8.68E-05,0,0,0,0.000195287,0,0,0,0,0,0,0,0,0,0,0,0,0,0,0,0,0,0,0,0,0,0,0,0,0,0,0,0,0,0,0,0,0,0,0,0,0,0,0,0,0,0,0,0,0,0,0,0,0,0.000108493,0,0,0,0,0,0,0,0,0,0,0,0,0,0,0,0,0,0,0,0,0,0,0,0,0,0,0,0,0,0,0,0,0,0,0,0,0,0,0,0,0,0,0,0,0,0,0,0,0,0,0,0,0.007290717,0,0,0,0,0,0,0.989714881,0,0,0,4.34E-05,6.51E-05,0,0,0,0,0,0,0,0.002343445,0,0,0,0,0,0,0,0,0,0,0,2.17E-05,0,0,0,0,0,0,0,0,0,0,0,0,0,0,0,0,0,0,0,0,0,0,0,0,0,0,0,0,0,0,0,0,0,0,0,0,0,0,0,0,0,0,0,0,0,0,0,0,0,0,0,0,0,0,0,4.34E-05,0,0,0,0,0,0,4.34E-05,0,2.17E-05,0,0,0,0,0,0,0,0,0,0,0,0,0,0,0,0,0,0,0,0,0,0,0,0,2.17E-05,0,0,0,0,0,0,0,0,0,0,0,0,0,0,0,0,0,0,0,0,0,0,0,0,0,0
F160TQTQ.04,0,0,0,0,0,0,0,0,0,0,0,0,0,1.59E-05,0,0,0,0,0,0,0,0,1.59E-05,0,0,0,0.471350853,0,0,0,0,0,0,0,0,0,0,0,3.18E-05,0,0,0,0,0,0,0,0,0,0,0,0,0,0,0,0,0,0,0,0,0,0,0,0,0,0,0,0,0,0,0,0,0,0,0,0,0,0,0,0,0,0,0,0,0,0,0,0,0,0,0,0,0,0,0,0,0,0,0,0,0,0,0,0,0,0,0,0,0,0,0,0,0,0,0,0,0,0,0,0,0,0,0,0,0,0,0,0,0,0,0.009783024,0,0,0,0,0,0,0.027678799,0,0,0,0.000111351,0.000524943,0,0,0,0.004708577,0,0,0,0.475168618,0,0,0,0,0,0,0,0,0,0,0,0.000286332,0,0,3.18E-05,0,0,0,0,0,0,0,0,0,0,0,0,0,0,0,0,0,0,0,0,0,0,0,0,0,0,0,0,0,0,0,0,0,0,0,0,0,0,0,0,0,0,0,0,0,0,0,0,0,0,0,0,0,0,0,0,0,0,0,0,0,0,0,0,0,0,0,0,0,0,0,0,0,0,0,0,0,0,0.010244337,0,0,0,0,0,0,0,3.18E-05,0,0,0,0,0,0,0,0,0,0,0,0,0,0,0,0,0,0,0,0,0,0,0,0,0,1.59E-05
F160THHD.04,0,0,0,0,0,0,0,0,0,0,0,0,0,0,0,0,0,0,0,0,0,0,0,0,0,0,0.972376103,0,0,0,0,0,0,0,0,0,0,0,0,0,0,0,0,0,0,0,0.000313569,0,0,0,0,0,0,0,0,0,0,0,0,0,0,0,0,0,0,0,0,0,0,0,0,0,0,0,0,0,0,0,0,0,0,0,0,0,0,0,0,0,2.99E-05,0,0,0,0,0,0,0,0,0,0,0,0,0,0,0,0,0,0,0,0,0,0,0,0,0,0,0,0,0,0,0,0,0,0,0,0,0,0,0,0,0.000223978,0,0,0,0,0,0,0.004315301,0,0,0,1.49E-05,0.000283705,0,0,0.000223978,2.99E-05,0,0,0,0.021412253,0,0,0,0,0,0,0,0,0,0,0,0.000149318,0,0,0.000179182,0,0,0,5.97E-05,0,0,0,0,0,0,0,0,0,0,0,0,0,0,0,0,0,0,0,0,0,0,0,5.97E-05,0,0,0,0,0,0,0,0,0,0,0,0,0,0,0,0,1.49E-05,2.99E-05,0,0,0,0,0,0,0,0,0,0,0,0,0,0,0,0,0,0,0,0,0,0,0,0,0,0,0,0,0,0,0,0,0,0,0,0,0,0,0,0,0.000283705,0,0,0,0,0,0,0,0,0,0,0,0,0,0,0,0,0,0,0,0,0,0,0,0,0,0
E160S87C.04,0,0,0,0,0,0,0,0,0,0,0,0,0,0,0,0,0,0,0,0,0,0,0,0,0,0,0.005548723,0,0,0,0,0,0,0,0,0,0,0,0,0,0,0,0,0,0,0,0.013499986,0,0,0,0,0,0,0,0,0,0,0,0,0,0,0,0,0,0,0,0,0,0,0,0,0,0,0,0,0,2.86E-05,0,0,0,0,0,0,0,0,0,0,0,5.72E-05,0,0,0,0,0,0,0,0,0,0,0,0,0,0,0,0,0,0,0,0,0,0,0,0,0,0,0,0,0,0,0,0,0,0,0,0,0,0,0,0,0.005377113,0,0,0,0,0,0,0.031175814,0,0,0,0,0.284329148,0,0,0,0,0,0,0,0.648857363,0,0,0,0,0,0,0,0,0,0,0,0,0,0,0,0,0,0,0,0,0,0,0,0,0,0,0,0,0,0,0,0,0,0,0,0,0,0,0,0,0,0,0.0068644,0,0,0,0,0,0,0,0,0,0,2.86E-05,0,0,0,0,0,0,0,0,0,0,0,0,0,0.003804021,0,0,0,0,0,0,5.72E-05,0,0,0,0,0,0,0,0,0,0,0,0,0,0,0,0,0,0,0,0,0,0,0,0,0,0,0.000371822,0,0,0,0,0,0,0,0,0,0,0,0,0,0,0,0,0,0,0,0,0,0,0,0,0,0
E160SD5F.04,0,0,0,0,0,0,0,0,0,0,0,0,0,0,0,0,0,0,0,0,0,0,0,0,0,0,0.802305159,0,0,0,0,0,0,0,0,0,0,0,0,0,0,0,0,0,0,0,0,0,0,0,0,0,0,0,0,0,0,0,0,0,0,0,0,0,0,0,0,0,0,0,0,0,0,0,0,0,0,0,0,0,0,0,0,0,0,0,0,0,0,0,0,0,0,0,0,0,0,0,0,0,0,0,0,0,0,0,0,0,0,0,0,0,0,0,0,0,0,0,0,0,0,0,0,0,0,0,0,0,0,0.047859495,0,0,0,0,0,0,0.015806806,0,0,0,0,0,0,0,0,0,0,0,0,0.092810099,0,0,0,0,0,0,0,0,0,0,0,0,0,0,0,0,0,0,0,0,0,0,0,0,0,0,0,0,0,0,0,0,0,0,0,0,0,0,0,0.023326015,0,0,0,0,0,0,0,0,0.017892426,0,0,0,0,0,0,0,0,0,0,0,0,0,0,0,0,0,0,0,0,0,0,0,0,0,0,0,0,0,0,0,0,0,0,0,0,0,0,0,0,0,0,0,0,0,0,0,0,0,0,0,0,0,0,0,0,0,0,0,0,0,0,0,0,0,0,0,0,0,0,0,0,0,0,0,0,0,0,0
A160QG4S.04,0,0,0,0,0,0,0,0,0,0,0,0,0,0,0,0,0,0,0,0,0,0,0,0,0,0,0.000356278,0,0,0,1.43E-05,0,0,0,0,0,0,0,0.000798062,0,0.988698874,0,0,0,0,0,0.003833547,0,0,0,0,0,0,0,0,0,0,0,0,0,0,0,0,0,0,0,0,0,0,0,0,0,0,0,0,0,0,0,0,0,0,0,0,0,0,0,0,0,0,0,0,0,0,0,0,0,0,0,0,0,0,0,0,0,0,0,0,0,0,0,0,0,0,0,0,0,0,0,0,0,0,0,0,0,0,0,0,0,0,0.000541542,0,0,0,0,0,0,0.001923899,0,0,0,0,0,0,0,0,0,0,0,0,5.70E-05,0,0,0,0,0,0,0,0,0,0,0,0,0,0,0,0,0,0,0,0,0,0,0,0,0,0,0,0,0,0,0,0,0,0,0,0,0,0,0,0,0,0,0.000228018,0,0,0,0,0,0,0,0,0,0,0,0,0,0.001168591,0,0,0,0.000299273,0,0,0,0,0,0,0,0,0,0,0,0,0,0.001610375,0,0,0,0,0,0,0,0,0,0,0,0,0,0,0,0,0,0,0,0,0,0,0,0,0,0,0,0,0,0,0.000285022,0,0,0,0,0,0,0,0,0,0,0,0,0,0,0,0,0,0,0,0,0,0.000185264
D160R3YK.04,0,0,0,0,0,0,0,0,0,0,0,0,0,0,0,0,0,0,0,0,0,0,0,0,0,0,0.00224103,0,0,0,0,0,0,0,0,0,0,0,0.003170819,0,0,0,0,0,0,0,4.77E-05,0,0,0,0,0,0,0,0,0,0,0,0,0,0,0,0,0,0,0,0,0,0,0,0,0,0,0,0,0,0.033472404,0,0,0,0,0.009536298,0,0,0,0,0,0,0.001668852,0,0,0,0,0,0,0,0,0,0,0,0,0,0,0,0,0,0,0,0,0,0,0,0,0,0,0,0,0,0,0,0,0,0,0,0,0,0,0,0,0.000405293,0,0.00159733,0.001883419,0,0,0,0.002097985,0,0,0,0,0.002717845,0,0,0,0.058910478,0.002097985,0,0,0.859005841,0,0,0,0,0,0,0,0,0,0,0,0.004029086,0,0,0,0,0,0,0,0,0,0,0,0,0,0,0,0,0,0,0,0,0,0,0,0,0,0,0,0,0,0,0,0,0,0,0,0,0,0,0,0,0,0,0,0,0,0,0,0,0,0,0,0,0,0,0,0,0,0,0,0,0,0,0.012611753,0,0,0,0,0,0,0,0,0,0,0,0,0,0,0,0,0,0,0,0,0,0,0,0,0,0,0,0,0,0,0,0,0,0,0,0,0,0,0,0,0,0,0,0,0,0,0,0,0,0,0,0,0.004505901
J160RF9C.04,0,0,0,0,0,0,0,0,0,0,0,0,0,0,0,0,0,0,0,0,0,0,0.000848531,0,0,0,9.56E-05,0,0,8.37E-05,0,0,0,0,0,0,0,0,7.17E-05,0,0,0,0,0,0,0,0,0,0,0,0,0,0,0,0,0,0,0,0,0,0,0,0,0,0,0,0,0,0,0,0,0,0,0,0,0,0,0,0,0,0,0,0,0,0,0,0,0,7.17E-05,0,0,0,0,0,0,0,0,0,0,0,0,0,0,0,0,0,0,0,0,0,0,0,0,0,0,0,0,0,0,0,0,0,0,0,0,0,0,0,0,0.000286827,0,0,2.39E-05,0,0,0,0.000430241,0,0,0,0,0.002258766,0,0,0,0.000884385,0,1.20E-05,7.17E-05,0.990164209,0,0,0,0,0,0,0,0,0,0,0,0.004350216,0,0,2.39E-05,0,0,0,0,0,0,0,0,0,0,0,0,0,0,0,0,0,0,0,0,0,0,0,0,0,0,0,0,0,0,0,0,0,0,0,0,0,0,0,0,0,0,0,0,0,0,0,0,0,0,0,0,8.37E-05,0,0,0,0,0,0,0,0,0,0,0,0,0,0,0,0,0,0,0,0,0,0,0,0,0,0,0,0,0,0,0,0,1.20E-05,0,0,0,0,1.20E-05,0,0,0,0,0,0,0,0,0,0,0,0,0,0,0,0,0,0,0,0.00010756,0,0.00010756
A160SFB7.04,0,0,0,0,0,0,0,0,0,0,0,0,0,0,0,0,0,0,0,0,0,0,0,0,0,0,0.069952813,0,0,0,0,0,0,0,0,0,0,0,0,0,0.000493648,0,0,0.000537205,0,0,0.000580762,0,0,0,0,0,0,0,0,0,0,0,0,0,0,0,0,0,0,0,0,0,0,0,0,0,0,0,0,0,0,0,0,0,0,0,0,0,0,0,0,0,0,0,0,0,0,0,0,0,0,0,0,0,0,0,0,0,0,0,0,0,0,0,0,0,0,0,0,0,0,0,0,0,0,0,0,0,0,0,0,0,0.000203267,0.013110708,0,0,0,0,0,0,0.680479129,0,0,0,5.81E-05,0,0,0,0,0,0,0,0,0.230083485,0,0,0,0,0,0,0,0,0,0,0.001263158,0,0,0,0,0,0,0,0,0,0,0,0,0,0,0,0,0,0,0,0,0,0,0,0,0,0,0,0,0,0,0,0.000842105,0,0,0,0,0,0.000827586,0,0,0,0,0,0,0,0,0,0,0,0,0,0,0,0,0,0,0.000827586,0,0,0,0,0,0,0,0,0,0,0,0,0,0,0,0,0,0,0,0,0,0,0,0,0,0.000740472,0,0,0,0,0,0,0,0,0,0,0,0,0,0,0,0,0,0,0,0,0,0,0,0,0,0,0,0,0,0,0,0,0,0
E160RJV2.04,0,0,0,0,0,0,0,0,0,0,0,0,0,0,0,0,0,0,0,0,0,0,2.87E-05,0,0,0,0,0,0,0,0,0,0,0,0,0,0,0,0.00194915,0,0,0,0,0,0,0,2.87E-05,0,0,0,0,0,0,0,0,0,0,0,0,0,0,0,0,0,0,0,0,0,0,0,0,0,0,0,0,0,0,0,0,0,0,0,0,0,0,0,0,0,0,0,0,0,0,0,0,0,0,0,0,0,0,0,0,0,0,0,0,0,0,0,0,0,0,0,0,0,0,0,0,0,0,0,0,0,0,0,0,0,0,0.00793992,0,0,0,0,0,0,0.794020695,0,0,0,0,0,0,0,0,0,0.010089718,0,0,0.126637429,0,0,0,0,0,0,0,0,0,0,0,0,0,0,0,0,0,0,0,0,0,0,0,0,0,0,0,0,0,0,0,0,0,0,0,0,0,0,0,0,0,0,0,0,0,0,0,0,0,0,0,0,0,0,0,0,0,0,0,0,0,0,0,0,0,0,0,0,0,0,0,0,0,0,5.73E-05,0,0,0,0,0,0,0,0,0,0,0,0,0,0,0,0,0,0,0.059248431,0,0,0,0,0,0,0,0,0,0,0,0,0,0,0,0,0,0,0,0,0,0,0,0,0,0,0,0,0,0,0,0,0,0
C160R9FX.04,0,0,0,0,0,0,0,0,0,0,0,0,0,0,0,0,0,0,0,0,0,0,0,0,0,0,0.000528821,0,0,0,0,0,0,0,0,0,0,0,0,0,0,0,0,0,0,0,0,0,0,0,0,0,0,0,0,0,0,0,0,0,0,0,0,0,0,0,0,0,0,0,0,0,0,0,0,0,0,0,0,0,0,0,0,0,0,0,0,0.004970915,0,0,0,0,0,0,0,0,0,0,0,0,0,0,0,0,0,0,0,0,0,0,0,0,0,0,0,0,0,0,0,0,0,0,0,0,0,0,0,0,0,0.011845584,0,0,0,0,0,0,0.939925965,0,0,0,0,0,0,0,0,0,0,0,0,0.001903755,0,0,0,0,0,0,0,0,0,0,0,0,0,0,0,0,0,0,0,0,0,0,0,0,0,0,0,0,0,0,0,0,0,0,0,0,0,0,0,0,0,0,0,0,0,0,0,0,0,0,0,0,0,0,0,0,0,0,0,0,0,0,0,0,0,0,0,0.012268641,0.015018509,0.013432047,0,0,0,0,0,0,0,0,0,0,0,0,0,0,0,0,0,0,0,0,0,0,0,0,0,0,0,0,0,0,0.000105764,0,0,0,0,0,0,0,0,0,0,0,0,0,0,0,0,0,0,0,0,0,0,0,0,0,0,0
A160VLC8.04,0,0,0,0,0,0,0,0,0,0,0,0,0,0,0,0,0,0,0,0,0,0,0,0,0,0,0.16540404,0.032287157,0,0,0,0,0,0,0,0,0,0,0.018939394,0,0,0,0,0,0,0,0.063672439,0,0,0,0,0,0,0,0,0,0,0,0,0,0,0,0,0,0,0,0,0,0,0,0,0,0,0,0,0,0,0,0,0,0,0,0,0,0,0,0,0,0,0,0,0,0,0,0,0,0,0,0,0,0,0,0,0,0,0,0,0,0,0,0,0,0,0,0,0,0,0,0,0,0,0,0,0,0,0,0,0,0,0.063131313,0,0.00450938,0.014790765,0,0,0,0.003427128,0,0,0,0,0,0,0,0,0,0,0,0.041305916,0.19498557,0,0,0,0.026695527,0,0,0,0.169372294,0,0,0.068542569,0.011002886,0,0,0,0,0,0,0,0,0,0,0,0,0,0,0,0,0,0,0,0,0,0,0,0,0,0.013167388,0,0,0,0,0,0,0,0,0,0,0,0,0,0.000180375,0,0,0,0,0,0,0,0,0,0,0,0,0,0,0,0.011724387,0,0,0,0,0,0,0.060786436,0,0,0,0,0,0,0,0,0,0,0,0,0,0,0,0,0,0,0,0,0,0,0,0,0,0,0,0,0,0,0.011183261,0,0,0,0,0,0,0,0,0,0,0,0,0,0,0,0,0,0,0,0,0,0.024891775
E160RMDN.04,0,0,0,0,0,0,0,0,0,0,0,0,0,0,0,0,0,0,0,0,0,0,0,0,0,0,0.01387847,0,0,0,0,0,0.013972243,0,0,0,0,0,0,0,0.012565641,0,0,0.00028132,0,0,0.007689422,0,0,0,0.005157539,0,0,0,0,0,0,0,0,0,0,0,0,0,0,0,0,0,0,0,0,0,0,0,0,0.007501875,0,0,0,0,0,0,0,0,0,0,0,0,0,0,0,0,0,0,0,0,0,0,0,0,0,0,0,0,0,0,0,0,0,0,0,0,0,0,0,0,0,0,0,0,0,0,0,0,0,0,0,0,0,0.021661665,0,0,0,0,0,0,0.898068267,0,0,0,0,0,0,0,0,0,0,0,0,0.006470368,0,0,0,0,0,0,0,0,0,0,0,0,0,0,0,0,0,0,0,0,0,0,0,0,0,0,0,0,0,0,0,0,0,0,0,0,0,0,0,0,0,0,0,0,0,0,0,0,0,0,0,0,0,0,0,0,0,0,0,0,0,0,0,0,0,0,0,0.002531883,0,0,0,0,0,0,0,0,0,0,0,0,0,0,0,0,0,0,0,0,0,0,0,0,0,0.006939235,0,0,0,0,0,0,0,0,0,0,0,0,0,0,0,0,0,0,0,0,0,0,0,0,0,0,0,0,0,0,0,0,0,0.003282071
K160S31L.04,0,0,0,0,0,0,0,0,0,0,0,0,0,0,0,0,0,0,0,0,0,0,0.001707324,0,0,0,0.50930347,0,0,0,0,0,0,0,0,0,0,0.004832595,0.008247244,0,0,0,0,0,0,0,0,0,0,0,0,0,0,0,0,0,0,0,0,0,0,0,0,0,0,0,0,0,0,0,0,0,0,0,0,0,0,0,0,0,0,0,0,0,0,0,0,0,0,0,0,0,0,0,0,0,0,0,0,0,0,0,0,0,0,0,0,0,0,0,0,0,0,0,0,0,0,0,0,0,0,0,0,0,0,0,0,0,0,0.237549556,0,0,0.002112452,0,0,0,0.209016986,0,0,0,2.89E-05,0,0,0,0,0,0.000318315,0,0,0.003096334,0,0,0,0,0.000926006,0,0,0,0,0,0,0,0,0,0.016552363,0,0,0,0,0,0,0,0,0,0,0,0,0,0,0,0,0,0,0,0,0,0,0,0,0,0,0,0,0,0,0,0,0,0,0,0,0,0,0,0,0,0,0,0,0,0,0,0,0,0,0,0,0.000434065,0,0,0,0,0,0,0,0,0,0,0,0,0,0,0,0,0,0,0,0,0,0,0,0,0,0.000491941,0,0,0,0,0,0,0,0,0,0,0,0,0,0,0,0,0,0,0,0,0,0,0,0,0,0,0,0,0,0,0,0,0,0.005382412
G160RVVC.04,0,0,0,0,0,0,0,0,0,0,0,0,0,0,0,0,0,0,0,0,0,0,0,0,0,0,0.53018456,0,0,0,0,0,3.73E-05,0,0,0,0,0,0,0,0,0,0,0,0,0,0,0,0,0,0,0,0,0,0,0,0,0,0,0,0,0,0,0,0,0,0,0,0,0,0,0,0,0,0,0,1.87E-05,0,0,0,0,0,0,0,0,0,0,0,0,0,0,0,0,0,0,0,0,0,0,0,0,0,0,0,0,0,0,0,0,0,0,0,0,0,0,0,0,0,0,0,0,0,0,0,0,0.000111967,0,0,0,0.198424991,0,0,0,0,0,0,0.238304066,0,0,0,0.000167951,0.001474238,0,0,0,0,0.003135089,0,0,0.017242988,0,0,0,0,0,0,0,0,0,0,0,0,0,0,0.000111967,0,0,0,0,0,0,0,0,0,0,0,0,0,0,0,0,0,0.00029858,0,0,0,0,0,0,0,0,0,0,0,0,0,0,0,0,0,0,0,0,0,0,0,0,0,0,0,9.33E-05,0,0,0,0,0,0,0,0,0,0,0,0,0,0,0,0,0,0,0,0,0,0,0,0,0,0,0,0,0,0,0,0,0.010170377,0,0,0,0,0,0,0,0,0,0,0,0,0,0,0,0,0,0,0,0,0,0,0,0,0,0,0,0,0,0,0,0,0,0.000223935
G160RXY8.04,0,0,0,0,0,0,0,0,0,0,0,0,0,0,0,0,0,0,0,0,0,0,0,0,0,0,0.606641607,0,0,0,0,0,0,0,0,0,0,0,0,0,0,0,0,0,0,0,0.000202818,0,0,0,0,0,0,0,0,0,0,0,0,0,0,0,0,0,0,0,0,0,0,0,0,0,0,0,0,0,1.35E-05,0,0,0,0,0,0,0,0,0,0,0,0,0,0,0,0,0,0,0,0,0,0,0,0,0,0,0,0,0,0,0,0,0,0,0,0,0,0,0,0,0,0,0,0,0,0,0,0,0,0,0,0,0.154344358,0,0,1.35E-05,0,0,0,0.226020174,0,0,0,0.012020336,0,0,0,1.35E-05,2.70E-05,0,0,0,0.000649017,0,0,0,0,0,0,0,0,0,0,0,1.35E-05,0,0,0,0,0,0,0,0,0,0,0,0,0,0,0,0,0,0,0,0,0,0,0,0,0,0,0,0,0,0,0,0,0,0,0,0,0,0,0,0,0,0,0,0,0,0,0,0,0,0,0,0,0,0,0,2.70E-05,0,0,0,0,0,0,0,0,0,0,0,0,0,0,0,0,0,0,0,0,0,0,0,0,0,0,0,0,0,0,0,0,0,1.35E-05,0,0,0,0,0,0,0,0,0,0,0,0,0,0,0,0,0,0,0,0,0,0,0,0,0,0
D160RJ7N.04,0,0,0,0,0,0,0,0,0,0,0,0,0,0,0,0,0,0,0,0,0,0,0,0,0,0,0.04026458,0,0,0,0,0,0,0,0,0,0,0,0,0,0,0,0,0,0,0,0,0,0,0,0,0,0,0,0,0,0,0,0,0,0,0,0,0,0,0,0,0,0,0,0,0,0,0,0,0,0,0,0,0,0,0,0,0,0,0,0,0,0,0,0,0,0,0,0,0,0,0,0,0,0,0,0,0,0,0,0,0,0,0,0,0,0,0,0,0,0,0,0,0,0,0,0,0,0,0,0,0,0,0.206036892,0,0,1.86E-05,0,0,1.86E-05,0.183920253,0,0,0,0.001807341,0,0,0,0,0,0.239295696,0,0,0.000260853,0,0,0,0,0,0,0,0,0,0,0,0,0,0,0,0,0,0,0,0,0,0,0,0,0,0,0,0,0,0,0,0,0,0,0,0,0,0,0,0,0,0,0,0,0,0,0,0,0,0,0,0,0,0,0,0,0,0,0,0,0,0,0,0,0,0,0,3.73E-05,0,0,0,0,0,0,0,0,0,0,0,0,0,0,0,0,0,0,0,0,0,0,0,0,0,0.328339855,0,0,0,0,0,0,0,0,0,0,0,0,0,0,0,0,0,0,0,0,0,0,0,0,0,0,0,0,0,0,0,0,0,0
D160SKSM.04,0,0,0,0,0,0,0,0,0,0,0,0,0,0,0,0,0,0,0,0,0,0,0,0,0,0,0.59363914,0,0,0,0,0,0,0,0,0,0,0,4.63E-05,0,0,0,0,0,0,0,0,0,0,0,0,0,0,0,0,0,0,0,0,0,0,0,0,0,0,0,0,0,0,0,0,0,0,0,0,0,0.000570688,0,0,0,0,0,0,0,0,0,0,0,0,0,0,0,0,0,0,0,0,0,0,0,0,0,0,0,0,0,0,0,0,0,0,0,0,0,0,0,0,0,0,0,0,0,0,0,0,0,0,0,0,0.155566524,0,0,3.08E-05,0,0,0,0.055079125,0,0,0,0.003686337,0,0,0,0,0.000185088,0.010303236,0,0,0.009192708,1.54E-05,0,0,0,0,0,0,0,0,0,0,0.000215936,0,0,0,0,0,0,0,0,0,0,0,0,0,0,0,0,0,0,0,0,0,0,0,0,0,0,0,0,0,0,0,0,0,0,0,0,0,0,0,0,0,0,0,0,0,0,0,0,0,0,0,0,0,0,0,0,0,0,0,0,0,0,0,0,0,0,0,0,0,0,0,0,0,0,0,0,0,0,0,0,0,0.17145325,0,0,0,0,0,0,0,0,0,0,0,0,0,0,0,0,0,0,0,0,0,0,0,0,0,0,0,0,0,0,0,0,0,1.54E-05
B160SHM7.04,0,0,0,0,0,0,0,0,0,0,0,0,0,0,0,0,0,0,0,0,0,0,0,0,0,0,0.330573404,0,0,0,0,0,0,0,0,0,0,0,0,0,0,0,0,0,0,0,0.000131128,0,0,0,0,0,0,0,0,0,0,0,0,0,0,0,0,0,0,0,0,0,0,0,0,0,0,0,0,0,0,0,0,0,0,0,0,0,0,0,0,0,0,0,0,0,0,0,0,0,0,0,0,0,0,0,0,0,0,0,0,0,0,0,0,0,0,0,0,0,0,0,0,0,0,0,0,0,0,0,0,0,0,0.354401214,0,0,0,0,0,0,0.085963696,0,0,0,0.003502988,0,0,0,1.87E-05,0,0.04911676,0,0,0,0,0,0,0,0,0,0,0,0,0,0,0,0,0,0,0,0,0,0,0,0,0,0,0,0,0,0,0,0,0,0,0,0,0,0,0,0,0,0,0,0,0,0,0,0,0,0,0,0,0,0,0,0,0,0,0,0,0,0,0,0,0,0,0,0,0,0,3.75E-05,0,0,0,0,0,0,0,0,0,0,0,0,0,0,0,0,0,0,0,0,0,0,0,0,0,0.176179683,0,0,0,0,0,0,3.75E-05,0,0,0,0,0,0,0,0,0,0,0,0,0,0,0,0,0,0,0,0,0,0,0,0,0,0,3.75E-05
H160RVW8.04,0,0,0,0,0,0,0,0,0,0,0,0,0,0,0,0,0,0,0,0,0,0,0,0,0,0,0.168003861,0,0,0,0,0,0,0,0,0,0,0,1.21E-05,0,0,0,0,0.000241298,0,0,0,0,0,0,8.45E-05,0,0,0,0,0,0,0,0,0,0,0,0,0,0,0,0,0,0,0,0,0,0,0,0,0,0,0,0,0,0,0,0,0,0,0,0,0,0,0,0,0,0,0,0,0,0,0,0,0,0,0,0,0,0,0,0,0,0,0,0,0,0,0,0,0,0,0,0,0,0,0,0,0,0,0,0,0,0,0.540314894,0,0,0,0,0,0,0.216082524,0,0,0,0.000880738,0,0,0,0,0,0.002799059,0,0,3.62E-05,0,0,0,0,0,0,0,0,0,0,0,0,0,0,0,0,0,0,0,0,0,0,0,0,0,0,0,0,0,0,0,0,0,0,0,0,0,0,0,0,0,0,0,0,0,0,0,0,0,0,0,0,0,0,0,0,0,0,0,0,0,0,0,0,0,0,0,6.03E-05,0,0,0,0,0,0,0,0,0,0,0,0,0,0,0,0,0,0,0,0,0,0,0,0,0,0.070024733,0,0,0,0,0,0,0.000337817,0,0.000941063,0,0,0,0,0,0,0,0,0,0,0,0,0,0,0,0,0,0,0,0,0,0,4.83E-05,0,0.000132714
H160SZ7Y.04,0,0,0,0,0,0,0,0,0,0,0,0,0,0,0,0,0,0,0,0.000104526,0,0,0,0,0,0,0.723612418,0,0,0,0,0,0,0,0,0,0,0,0,0,0,0,0,0,0,0,0.000104526,0,0,0,0,0,0,0,0,0,0,0,0,0,0,0,0,0,0,0,0,0,0,0,0,0,0,0,0,0,0.001463364,0,0,0,0,0.000104526,0,0,0,0,0,8.36E-05,0,0,0,0,0,0,0,0,0,0,0,0,0,0,0,0,0,0,0,0,0,0,0,0,0,0,0,0,0,0,0,0,0,0,0,0,0,0,0,0,0,0.067628306,0,0,0,0,0,0,0.06813003,0,0,0,0.005456256,0,0,0,0,0,0.00265496,0,0,0.001505174,0,0,0,0,0,0,0,0,0,0,0,0,0,0,0.003240305,0,0,0,0,0,0,0,0,0,0,0,0,0,0,0,0,0,0,0,0,0,0,0,0,0,0,0,0,0,0,0,0,0,0,0,0,0,0,0,0,0,0,0,0,0,0,0,0,0,0,0,0,2.09E-05,0,0,0,0,0,0,0.07935612,0,0,0,0,0,0,0,0,0,0,0,0,0,0,0,0,0,0,0.043440995,0,0,0,0,0,0,0.003073064,0,0,0,0,2.09E-05,0,0,0,0,0,0,0,0,0,0,0,0,0,0,0,0,0,0,0,0,0,0
E160S6GS.04,0,0,0,0,0,0,0,0,0,0,0,0,0,0,0,0,0,0,0,0,0,0,0,0,0,0,0.726687998,0,0,0,0,0,0,0,0,0,0,0,0,0,0,0,0,0,0,0,1.63E-05,0,0,0,0,0,0,0,0,0,0,0,0,0,0,0,0,0,0,0,0,0,0,0,0,0,0,0,0,0,0,0,0,0,0,0,0,0,0,0,0,0,0,0,0,0,0,0,0,0,0,0,0,0,0,0,0,0,0,0,0,0,0,0,0,0,0,0,0,0,0,0,0,0,0,0,0,0,0,0,0,0,0,0.098520961,0,0,3.26E-05,0,0,0,0.105034609,0,0,0,0.007280919,0,0,0,0,1.63E-05,0.058622829,0,0,0.002873188,0,0,0,0,0,0,0,0,0,0,0,0,0,0,0,0,0,0,0,0,0,0,0,0,0,0,0,0,0,0,0,0,0,0,0,0,0,0,0,0,0,0,0,0,0,0,0,0,0,0,0,0,0,0,0,0,0,0,0,0,0,0,0,0,0,0,0,6.53E-05,0,0,0,0,0,0,0,0,1.63E-05,0,0,0,0,0,0,0,0,0,0,0,0,0,0,0,0,0.000620347,0,0,0,0,0,0,0,0.000179574,0,0,0,0,0,0,0,0,0,0,0,0,0,0,0,0,0,0,0,0,0,0,0,0,0,3.26E-05
K160SNZ8.04,0,0,0,0,0,0,0,0,0,0,0,0,0,0,0,0,0,0,0,0,0,0,0,0,0,0,0.017586938,0,0,0,0,0,0,0,0,0,0,0,0.000377762,0,0,0,0,0,0,0,6.30E-05,0,0,0,0,0,0,0,0,0,0,0,0.000104934,0,0,0,0,0,0,0,0,0,0,0,0,0,0,0,0,0,0.005981238,0,0,0,0,0,0,0,0,0,0,0,0.000293815,0,0,0,0,0,0,0,0,0,0,0,0,0,0,0,0,0,0,0,0,0,0,0,0,0,0,0,0,0,0,0,0,0,0,0,0,0,0,0,0,0.356817562,0,0,0,0,0,0,0.49209847,0,0,0,0.001007366,0.009800835,0,0,2.10E-05,0.002770258,0.001385129,0.025582908,0,0.066087431,0,0,0,0,0,0,0,0,0,0,0,0.003798611,0,0,2.10E-05,0,0,0,0,0,0,0,0,0,0,0,0,0,0,0,0,0,0,0,0,0,0,0,0,0,0,0,0,0,0,0,0,0,0,0,0,0,0,0,0,0,0,0,0,0,0,0,0,0,0,0,0,0,0,0,0,0,0,0,0.001154274,0,0,0,0,0,0,0,0,0,0,0,0,0,0,0,0,0,0,0.003756637,0,0,0,0,0,0,0.011269911,0,0,0,0,0,0,0,0,0,0,0,0,0,0,0,0,0,0,2.10E-05,0,0,0,0,0,0,0,0
D160SJD0.04,0,0,0,0,0,0,0,0,0,0,0,0,0,0,0,0,0,0,0,0,0,0,0,0,1.66E-05,0,0.646783064,0,0,0,0,0,0,0,0,0,0,0,0,0,0,0,0,0,0,0,0,0,0,0,0,0,0,0,0,0,0,0,0,0,0,0,0,0,0,0,0,0,0,0,0,0,0,0,0,0,0,0,0,0,0,0,0,0,0,0,0,0,0,0,0,0,0,0,0,0,0,0,0,0,0,0,0,0,0,0,0,0,0,0,0,0,0,0,0,0,0,0,0,0,0,0,0,0,0,0,0,0,6.63E-05,0.206417307,0,0,0.000430692,0,0,0,0.067602041,0,0,0,0.000364431,0,0,0,0,0,0.029220779,0,0,0,0,0,0,0,0,0,0,0,0,0,0,0,0,0,0,0,0,0,0,0,0,0,0,0,0,0,0,0,0,0,0,0,0,0,0,0,0,0,0,0,0,0,0.000115955,0,0,0,0,0,0,0,0,0,0,0,0,0,0,0,0,0,0,0,0,0,0,0,0,0,0,0,0,0,0,0,0,0,0,0,0,0,0,0,0,0,0,0,0,0,0,0,0,0,0,0.048982905,0,0,0,0,0,0,0,0,0,0,0,0,0,0,0,0,0,0,0,0,0,0,0,0,0,0,0,0,0,0,0,0,0,0
J160RRSB.04,0,0,0,0,0,0,0,0,0,0,0,0,0,0,0,0,0,0,0,0,0,0,0,0,0,0,0.759964139,0.000934939,0,0,0,0,0,0,0,0,0,0,0,0,0,0,0,0,0,0,0.000102459,0,0,0,0,0,0,0,0,0,0,0,0,0,0,0,0,0,0,0,0,0,0,0,0,0,0,0,0,0,0,0,0,0,0,0,0,0,0,0,0,2.56E-05,0,0,0,0,0,0,0,0,0,0,0,0,0,0,0,0,0,0,0,0,0,0,0,0,0,0,0,0,0,0,0,0,0,0,0,0,0,0,0,0,0,0.09663166,0,0,5.12E-05,0,0,0,0.138114754,0,0,0,3.84E-05,0.001639344,0,0,0,0,0.000128074,0,0,0.001524078,0,0,0,0,3.84E-05,0,0,0,0,0,0,2.56E-05,0,0,3.84E-05,0,1.28E-05,0,0,1.28E-05,0,0,0,0,0,0,0,0,0,0,0,0,0,0,0,0,0,0,0,0,0,0,0,0,0,0,0,0,0,0,0,0,0,0,0.000102459,0,0,0,0,0,0,0,0,0,0,0,0,7.68E-05,0,0,0,0,0,0,0.000102459,0,8.97E-05,0,0,0,0,0,0,0,0,0,0,0,0,0,0,0,0,8.97E-05,0,0,0,0,0,0,0,0.000192111,0,0,0,0,0,0,0,0,0,0,0,0,0,0,0,0,0,0,0,0,0,0,0,6.40E-05,0,0
G160S6CY.04,0,0,0,0,0,0,0,0,0,0,0,0,0,0,0,0,0,0,0,0,0,0,0,0,0,0,0.874755071,0,0,0,0,0,0,0,0,0,0,0,0,0,0,0,0,0,0,0,1.44E-05,0,0,0,0,0,0,0,0,0,0,0,0,0,0,0,0,0,0,0,0,0,0,0,0,0,0,0,0,1.44E-05,0,0,0,0,0,0,0,0,0,0,0,0,0,0,0,0,0,0,4.32E-05,0,0,0,0,0,0,0,0,0,0,0,0,0,0,0,0,0,0,0,0,0,0,0,0,0,0,0,0,0,0,0,0,0,0,0.044332065,0,0,0,0,0,0,0.072830221,0,0,0,0.007275818,0,0,0,0,0,1.44E-05,5.76E-05,0,0.000504265,0,0,0,0,0,0,0,0,0,0,0,0,0,0,5.76E-05,0,0,0,0,0,0,0,0,0,0,0,0,0,0,0,0,0,0,0,0,0,0,0,0,0,0,0,0,0,0,0,0,0,0,0,0,0,0,0,0,0,0,0,0,0,0,0,0,0,0,0,0,0,0,0,0,0,0,0,0,0,0,0,0,0,0,0,0,0,0,0,0,0,0,0,0,0,0,0.000100853,0,0,0,0,0,0,0,0,0,0,0,0,0,0,0,0,0,0,0,0,0,0,0,0,0,0,0,0,0,0,0,0,0,0
C160S7RD.04,0,0,0,0,0,0,0,0,0,0,0,0,0,0,0,0,0,0,0,0,0,0,0,0,0,0,0.627588528,0,0,0,0,0,0,0,0,0,0,0,1.29E-05,0,0,0,0,0,0,0,1.29E-05,0,0,0,0,0,0,0,0,0,0,0,0,0,0,0,0,0,0,0,0,0,0,0,0,0,0,0,0,0,0,0,0,0,0,0,0,0,0,0,0,0,0,0,0,0,0,0,0,0,0,0,0,0,0,0,0,0,0,0,0,0,0,0,0,0,0,0,0,0,0,0,0,0,0,0,0,0,0,0,0,0,0,0.144413957,0,0,0,0,0,0,0.207599917,0,0,0,0.014612239,0,0,0,0,0,0.001346034,0.000880099,0,0.002070822,0,0,0,0,0,0,0,0,0,0,0,0,0,0,0,0,0,0,0,0,0,0,0,0,0,0,0,0,0,0,0,0,0,0,0,0,0,0,0,0,0,0,0,0,0,0,0,0,0,0,0,0,0,0,0,0,0,0,0,0,0,0,0,0,0,0,0,1.29E-05,0,0,0,0,0,0,0,0,0,0,0,0,0,0,0,0,0,0,0,0,0,0,0,0,0,0.001384862,0,0,0,0,0,0,2.59E-05,0,0,0,0,0,0,0,0,0,0,0,0,0,0,0,0,0,0,0,0,0,0,0,0,0,0,3.88E-05
F160S7NP.04,0,0,0,0,0,0,0,0,0,0,0,0,0,0,0,0,0,0,0,0,0,0,0,0,0,0,0.31348648,0,0,0,0,0,0,0,0,0,0,0,0,0,0,0,0,0,0,0,6.78E-05,0,0,0,0,0,0,0,0,0,0,0,0,0,0,0,0,0,0,0,0,0,0,0,0,0,1.70E-05,0,0,0,0,0,0,0,0,0,0,0,0,0,0,0,0,0,0,0,0,0,0,0,0,0,0,0,0,0,0,0,0,0,0,0,0,0,0,0,0,0,0,0,0,0,0,0,0,0,0,0,0,0,0,0,0,0.045197932,0,0,0,0,0,0,0.136814444,0,0,0,0.000305162,0.00132237,0,0,0,0,0,0,0,0.449707553,0,0,0,0,0,0,0,0,0,0,0,3.39E-05,0,0,0,0,0,0,0,0,0,0,0,0,0,0,0,0,0,0,0,0,0,0,0,0,0,0,0,0,0,0,0,0,0,0,0,0,0,0,0,0,0,0,0,0,0,0,0,0,0,0,0,0,0,0,0,1.70E-05,0,0,0,0,0,0,0,0,0,0,0,0,0,0,0,0,0,0,0,0,0,0,0,0,0,0.052996525,0,0,0,0,0,0,0,0,0,0,0,0,0,0,0,0,0,0,0,0,0,0,0,0,0,0,0,0,0,0,0,0,0,3.39E-05
B160Q975.04,0,0,0,0,0,0,0,0,0,0,0,0,0,0,0,0,0,0,0,0,0,0,0,0,0,0,0.003052408,0,0,0,0,0,0,0,0,0,0,0,0.004190594,0,0,0,0,0,0,0,3.45E-05,0,0,0,0,0,0,0,0,0,0,0,0,0,0,0,0,0,0,0,0,0,0,0,0,0,0,0,0,1.72E-05,0,0,0,0,0,0,0,0,0,0,0,0,0,0,0,0,0,0,0,0,0,0,0,0,0,0,0,0,0,0,0,0,0,0,0,0,0,0,0,0,0,0,0,0,0,0,0,0,0,0,0,0,0,0.058909756,0,0,0,0,0,0,0.089933951,0,0,0,0,0.001707279,0,0,0.188714712,1.72E-05,0,1.72E-05,0,0.081604498,0,0,0,0,0,0,0,0,0,0,0,0,0,0,0,0,0,0,0,0,0,0,0,0,0,0,0,0,0,0,0,0,0,0,0,0,0,0,0,0,0,0,0,0,0,0,0,0,0,0,0,0,0,0,0,0,0,0,0,0,0,0,0,0,0,0,0,0,0,0,0,0,0,0,0.44870402,0,1.72E-05,0,0,0,0,0,0,0,0,0,0,0,0,0,0,0,0,0.12304482,0,0,0,0,0,0,3.45E-05,0,0,0,0,0,0,0,0,0,0,0,0,0,0,0,0,0,0,0,0,0,0,0,0,0,0,0
J160RJ8K.04,0,0,0,0,0,0,0,0,0,0,0,0,0,0,0,0,0,0,0,0,0,0,0,0,0,0,0.238849258,0,0,0,0,0,0,0,0,0,0,0,0,0,0,0,0,0,0,0,0,0,0,0,0,0,0,0,0,0,0,0,0,0,0,0,0,0,0,0,0,0,0,0,0,0,0,0,0,0,0,0,0,0,0,0,0,0,0,0,0,0,0,0,0,0,0,0,0,0,0,0,0,0,0,0,0,0,0,0,0,0,0,0,0,0,0,0,0,0,0,0,0,0,0,0,0,0,0,0,0,0,0,0.303393861,0,0,0,0,0,0,0.43096988,0,0,0,0.003620839,0,0,0,0,0,0.001837441,0,0,0.000396311,0,0,0,0,0,0,0,0,0,0,0,0,0,0,0,0,0,0,0,0,0,0,0,0,0,0,0,0,0,0,0,0,0,0,0,0,0,0,0,0,0,0,0,0,0,0,0,0,0,0,0,0,0,0,0,0,0,0,0,0,0,0,0,0,0,0,0,0,0,0,0,0,0,0,0,0,0,0,0,0,0,0,0,0,0,0,0,0,0,0,0,0,0,0.02084234,0,0,0,0,0,0,0,1.80E-05,0,0,0,0,0,0,0,0,0,0,0,0,0,0,0,0,0,0,0,0,0,0,0,0,0,7.21E-05
D160RZL2.04,0,0,0,0,0,0,0,0,0,0,0,0,0,0,0,0,0,0,0,0,0,0,0,0,0,0,0.040681437,0,0,0,0,0,0,0,0,0,0,0,0,0,0,0,0,0,0,0,0.000297896,0,0,0,0,0,0,0,0,0,0,0,0,0,0,0,0,0,0,0,0,0,0.000316515,0,0,0,0,0,0,0,0,0,0,0,0,0,0,0,0,0,0,0,0,0,0,0,0,0,0,0,0,0,0,0,0,0,0,0,0,0,0,0,0,0,0,0,0,0,0,0,0,0,0,0,0,0,0,0,0,0,0,0,0,0.106460622,0,0,0.000390989,0,0,0,0.081251164,0,0,0,3.72E-05,0,0,0,0,0,0,0,0,0.769931112,0,0,0,0,0.000633029,0,0,0,0,0,0,0,0,0,0,0,0,0,0,0,0,0,0,0,0,0,0,0,0,0,0,0,0,0,0,0,0,0,0,0,0,0,0,0,0,0,0,0,0,0,0,0,0,0,0,0,0,0,0,0,0,0,0,0,0,0,0,0,0,0,0,0,0,0,0,0,0,0,0,0,0,0,0,0,0,0,0,0,0,0,0,0,0,0,0,0,0,0,0,0,0,0,0,0,0,0,0,0,0,0,0,0,0,0,0,0,0,0,0,0,0,0,0,0,0,0,0,0
A160RV31.04,0,0,0,0,0,0,0,0,0,0,0,0,0,0,0,0,0,0,0,0,0,0,0.001115159,0,0,0,0.000167274,0,0,0,0,0,0,0,0,0,0,0,0,0,0,0,0,0,0,0,0.000353134,0,0,0,0,0,0,0,0,0,0,0,9.29E-05,0,0,0,0,0,0,0,0,0,0,0,0,0,0,0,0.000390306,9.29E-05,0.000334548,0.000390306,0,0,0,0.000334548,0,0,0,0,0,0,0.000148688,0,0,0,0,0,0,0,0,0,0,0,0,0,0,0,0,0,0,0,0,0,0,0,0,0,0,0,0,0,0,0,0,0,0,0,0,0,0,0,0,0.000446063,0,0,7.43E-05,0,0,0,0.000873541,0,0,0,0,0.001598394,0,0,0.014589993,0.000669095,0,0,0,0.070663891,0,0,0,0,0,0,0,0.001282433,0,0,0.001821426,0.001858598,0,0,0.000297376,0,0.000223032,0,0,0.001951528,0,0,0,0,0,0,0,0,0,0,0,0,0,0,0,0,0,0,0,0,0,0,0,0,0,0,0,0,0,0,0,7.43E-05,0,0,0,0,0,0,0,0,0,0,0,0,0,0,0,0.000167274,0,0,0,0,0,0,0.000743439,0,0,0,0,0,0,0,0,0,0,0,0,0,7.43E-05,0,0,0,0,0,0,0,0,0,0,0,3.72E-05,0.898855104,0,0,0,0,0,0,0,0,0,0,0,0,0,0.000130102,3.72E-05,0,0,0,0,0,0,0,0,0,0,0.000111516
D160S92T.04,0,0,0,0,0,0,0,0,0,0,0,0,0,0,0,0,0,0,0,0,0,0,0,0,0,0,0.255478309,6.34E-05,0,0,0,0,0,0,0,0,0,0,0,0,0,0,0,0,0,0,6.34E-05,0,0,0,0,0,0,0,0,0,0,0,0,0,0,0,0,0,0,0,0,0,0,0,0,0,0,0,0,0,8.45E-05,0,0,0,0,0,0,0,0,0,0,0,0,0,0,0,0,0,4.23E-05,0,0,0,0,0,0,0,0,0,0,0,0,0,0,0,0,0,0,0,0,0,0,0,0,0,0,0,0,0,0,0,0,0,0,0.283223802,0,0,0,0,0,0,0.450837859,0,0,0,0.005113792,0,0,0,0,0,0.000232445,0.002408977,0,0.001458065,0,0,0,0,0,0,0,0,0,0,0,0,0,0,4.23E-05,0,0,0,0,0,0,0,0,0,0,0,0,0,0,0,0,0,0,0,0,0,0,0,0,0,0,0,0,0,0,0,0,0,0,0,0,0,0,0,0,0,0,0,0,0,0,0,0,0,0,0,0,0,0,0,0,0,0,0,0,0,0,0,0,0,0,0,0,0,0,0,0,0,0,0,0,0,0,0.000950912,0,0,0,0,0,0,0,0,0,0,0,0,0,0,0,0,0,0,0,0,0,0,0,0,0,0,0,0,0,0,0,0,0,0
G160RPYN.04,0,0,0,0,0,0,0,0,0,0,0,0,0,0,0,0,0,0,0,0,0,0,0,0,0,0,0.567840956,0,0,0,0,0,0,0,0,0,0,6.18E-05,0,0,0,0,0,0,0,0,0,0,0,0,0,0,0,0,0,0,0,0,0,0,0,0,0,0,0,0,0,0,0,0,0,0,0,0,0,0,2.06E-05,0,0,0,0,0,0,0,0,0,0,0,0,0,0,0,0,0,0,0,0,0,0,0,0,0,0,0,0,0,0,0,0,0,0,0,0,0,0,0,0,0,0,0,0,0,0,0,0,0,0,0,0,0.169695097,0,0,0,0,0,0,0.250618047,0,0,0,0.001133086,0,0,0,0,0,0.000473836,0,0,0.008776267,0,0,0,0,0,0,0,0,0,0,0,0,0,0,8.24E-05,0,0,0,0,0,0,0,0,0,0,0,0,0,0,0,0,0,0,0,0,0.000329625,0,0,0,0,0,0,0,0,0,0,0,0,0,0,0,0,0,0,0,0,0,0,0,0,0,0,0,0,0,0,0,2.06E-05,0,0,0,0,0,0,0,0,0,0,0,0,0,0,0,0,0,0,0,0,0,0,0,0,0,0.000576844,0,0,0,0,0,0,0,8.24E-05,0,0,0,0,0,0,0,0,0,0,0,0,0,0,0,0,0,0,0,0,0,0,0,0,0,0.000288422
J160S1PM.04,0,0,0,0,0,0,0,0,0,0,0,0,0,0,0,0,0,0,0,0,0,0,0,0,0,0,0.196875723,0.001766079,0,0,0,0,0,0,0,0,0,0,0,0,0,0,0,0,0,0,0.000714841,0,0,0,0,0,0,0,0,0,0,0,2.10E-05,0,0,0,0,0,0,0,0,0,0,0,0,0,0,0,0,2.10E-05,0.000105124,0,0,0,0,0,0,0,0,0,0,0,0,0,0,0,0,0,0,0,0,0,0,0,0,0,0,0,0,0,0,0,0,0,0,0,0,0,0,0,0,0,0,0,0,0,0,0,0,0,0,0,0,0.244854193,0,0,0,0,0,0,0.37436663,0,0,0,0.001114312,0,0,0,0,0,0.000336396,0,0,0.081491916,0,0,0,0,0,0,0,0,0,0,0,0,0,0,0.008956542,0,0,0,0,0,0,0,0,0,0,0,0,0,0,0,0,0,0,0,0,0,0,0,0,0,0,0,0,0,0,0,0,0,0,0,0,0,0,0,0,0,0,0,0,0,0,0,0,0,0,0,0,0,0,0,0,0,0,0.000147173,0,0,0,0,0,0,0,0,0,0,0,0,0,0,0,0,0,0,0,0.089229023,0,0,0,0,0,0,0,0,0,0,0,0,0,0,0,0,0,0,0,0,0,0,0,0,0,0,0,0,0,0,0,0,0,0
J160S8ML.04,0,0,0,0,0,0,0,0,0,0,0,0,0,0,0,0,0,0,0,0,0,0,0.001273645,0,0,0,0.000251584,0,0,0,0,0,0,0,0.000204412,0,0,0.00525182,0.000283032,0,0,0,0,0,0,0,0.000361652,0,0,0,0,0,0,0,0,0,0,0,0.00015724,0.000220136,0,0,0,0,0,0,0,0,0,0,0,0,0,0,0,0.002059846,0.002044122,0,0,0,0,0.003459283,0,0,0,0,0,0.000220136,0.07983081,0,0,0,0,0,0,0,0,0,0,0,0,0,0,0,0,0,0,0,0,0,0,0,0,0,0,0,0,9.43E-05,0,0,0,0.000125792,0,0.000896269,0,0,0,0,7.86E-05,1.57E-05,0,0,0.000408824,0,0,0,0.00031448,0,0,0,0,0.003286319,0,0,0.161312641,0.004151139,0,0,0,0.091843955,0,0,0,4.72E-05,0,0,0,0.000786201,0,0,4.72E-05,0.006478293,0,3.14E-05,0.001116405,0,0.000455996,0,0,0.002138466,0,0,0,0,0,0,0,0,0,0,0,0,0,0,0,1.57E-05,0,0,0,0,0,0,0,0,0,0,0,0,0,0,0,0.000251584,0,0,0,0,0,0,0.000172964,0,0.000141516,0,0,0,0,0,9.43E-05,0.000723305,0,0,0,0,0,0,0.001839709,0,0,0,0,0,0,0,0,0,0,0,0,0,0.000361652,0,0,0,0,0.000660409,0,0,0,0,0,0,0,0.62474645,0.001619573,0,7.86E-05,0,0,0,0,0,0,0,0,0,0,3.14E-05,0,0,0,0,0,0,0,0,0,0,0,1.57E-05
D160RX79.04,0,0,0,0,0,0,0,0,0,0,0,0,0,0,0,0,0,0,0,0,0,0,0.000946496,0,0,0,0.001708044,0,0,0,0,0,0,0,0,0,0,0,0,0,0,0,0,0,0,0,0.000467808,0,0,0,0,0,0,0,0,0,0,0,0,0,0,0,0,0,0,0,0,0,0,0,0,0,0.000184947,0,0,0,0,0,0,0,0,0,0,0,0,0,0,0,0,0,0,0,0,0,0,0,0,0,0,0,0,0,0,0,0,0,0,0,0,0,0,0,0,0,0,0,0,0,0,0,0,0,0,0,0,0,0,0,0.001316391,0.000217585,0,0,0.000609239,0,0,0,0.000543963,0,0,0,0,0,0,0,0.002197611,0.00029374,0,0,0,0.042026589,0,0,0,0,0,0,0,0,0,0,0,0.00294828,0,0,0,0,0,0,0,0,0,0,0,0,0,0,0,0,0,0,0,0,0,0,0,0,0,0,0,0,0,0,0,0,0,0,0,0,0,0,0,0,0,0,0,0,0,0,0,0,0,0,0,0,0,0,0,0,0,0,0,0,0,0,0,0,0,0,0,0,0,0,0,0,0,0,0,0,0,0,0,0,0,0,0,0,0,0,0,0,0,0.946539307,0,0,0,0,0,0,0,0,0,0,0,0,0,0,0,0,0,0,0,0,0,0,0,0,0,0
E160S3SR.04,0,0,0,0,0,0,0,0,0,0,0,0,0,0,0,0,0,0,0,0.000273691,0,0,0.000228076,0,0,0,0.308541453,0,0,0,0,0,0,0,0,0,0,0,0,0,0,0,0,0,0,0,0,0,0,0,0,0,0,0,0,0,0,0,0,0,0,0,0,0,0,0,0,0,0,0,0,0,0,0,0.000159653,0,0.000433345,0,0,0,0,0.001664956,0,0,0,0,0,0.002736914,0,0,0,0,0,0,0,0,0,0,0,0,0,0,0,0,0,0,0,0,0,0,0,0,0,0,0,0,0,0,0,0,0,0,0,0,0,0,0,0,0,0.001322842,0,0,0.000707036,0,0,0,0.001482495,0,0,0,0,0,0,0,0.013319649,0.000752651,0.000182461,0,0,0.061398107,0,0,0,0,0,0,0,0,0,0,0,0.004835215,0,0,0,0,2.28E-05,0,0,0,0,0,0,0,0,0,0,0,0,0,0,0,0,0,0,0,0,0,0,0,0,0,0,0,0,0,0,0,0,0,0,0,0,0,0,0,0,0,0,0,0,0,0,9.12E-05,0,0,0.000843882,6.84E-05,0,0,0,0,0,0,0.000159653,0,0.000319307,0,0,0,0,0,0,0,0,0,0,0,0,0,0,0,0,0.001505303,0,0,0,0,0,0,0,0.59751397,0,0,0,0,0,0,0,0,0,0,0,0,0,0.000136846,0,0,0,0,0,0,0,0,0,0,0,0.001300034
H160RZ7Z.04,0,0,0,0,0,0,0,0,0,0,0,0,0,0,0,0,0,0,0,2.14E-05,0,0,0.00096122,0,0,0,0.078638485,0,0,0,0,0,0,0,0,0,0,0,0.000384488,0,0,0,0,0,0,0,0.000747616,0,0,0,0,0,0,0,0,0,0,0,0,0,0,0,0,0,0,0,0,0,0,0,0,0,8.54E-05,0,0,0.002317608,0.000523331,0,0,0,0,0.004677938,0,0,0,0,0,0,0.001516592,0,0,0,0,0,0,0,0,0,0,0,0,0,0,0,0,0,0,0,0,0,0,0,0,0,0,0,0,0.000202924,0,0,0,0,0,0,0,0,0,0,0,4.27E-05,0,0,0.000160203,0,0,0.000138843,6.41E-05,0,0,0,0,0.005692559,0,0,0,0.00909955,0,0,0,0.358834147,0,0,0,0,0,0,0,0.000224285,0,0,0,0.009024789,0,0,0,0,0,0,0,0.000405848,0,0,0,0,0,0,0,0,0,0,0,0,0,0,0,0,0,0,0,0,0,0,0,0,0,0,0,0,0,0,0,0,0,0,0,0,0,0,0,0,0,0,0,0,0,0,9.61E-05,0,0,0,0,0,0,0,0.003460392,0,0,0,0,0,0,0,0,0,0,0,0,0,0,0,0,0,0,0,0,0,0,0,0,0,0.020174942,0.502504512,0,0,0,0,0,0,0,0,0,0,0,0,0,0,0,0,0,0,0,0,0,0,0,0,0,0
C160SQS1.04,0,0,0,0,0,0,0,0,0,0,0,0,0,0,0,0,0,0,0,0,0,0,0.000733906,0,0,0,0.121019681,0,0,0,0,0,0,0,0,0,0,0,0,0,0,0,0,0,0,0,0.001962077,0,0,0,0,0,0,0,0,0,0,0,0,0,0,0,0,0,0,0,0.000434353,0,0,0,0,0,0.000209688,0,0,0.003639577,0.004163796,0,0,0,0,0.02101369,0,0,0,0,0,0,0.001333014,0,0,0,0,0,0,0,0,0,0,0,0,0,0,0,0,0,0,0,0,0,0,0,0,0,0,0,0,0,0,0,0,0,0,0,0,0,0,0,0,0.002036965,0,0,0,0,0,0,0.003010514,0,0,0,0,0.006590181,0,0,0.012955696,0.017344157,0,0.000299554,0,0.418985711,0,0,0,0,0,0,0,0.001377947,0,0,0,0.027139562,0,0,0,0,0.000209688,0,0,0.000434353,0,0,0,0,0,0,0,0,0,0,0,0,0,0,0,0,0,0,0,0,0,0,0,0,0.000164755,0.000359464,0,0,0.000374442,0,0,0,0,0,0,0,0,0,0,0,0,0,0,0,0,0,0,1.50E-05,0,0,0,0,0,0,0.082227481,0,0,0,0,0,0,0,0.00058413,0,0,0,0,0,0.001497768,0,0,0,0,0,0,0,0,0,0,0,0.00103346,0.268400084,0,0,0,0,0,0,0,0,0,0,0,0,0,0.000149777,0,0,0,0,0,0,0,0,0,0,0,0.000299554
K160RYKN.04,0,0,0,0,0,0,0,0,0,0,0,0,0,0,0,0,0,0,0,0,0,0,0.000186679,0,0,0,0.141452609,0,0,0,0,0,0,0,0,0,0,0,0.000273795,0,0,0,0,0,0,0,0,0,0,0,0,0,0,0,0,0,0,0,0.000124452,0,0,0,0,0,0,0,0,0,0,0,0,0,0,0,0,0.000112007,0,0,0,0,0,0.000672043,0,0,0.000622262,0,0,0,0.002115691,0,0,0,0,0,0,0,0,0,0,0,0,0,0,0,0,0,0,0,0,0,0,0,0,0,0,0,0,0.015656113,0,0,0,0,0,0,0,0,0,0,0,0.001157407,0,0,0.000435583,0,0,0,0.001368977,0,0,0,0,0.002414377,0,0,0.068112804,0.00387047,0,0,0,0.360476404,0,0,0,0,0,0,0,0,0,0,0,0.00491587,0,0,0,0,0,0,0,0,0,0,0,0,0,0,0,0,0,0,0,0,0,0,0,0,0,0,0,0,0,0,0,0,0,0,0,0,0,0,0,0,0,0,0,0,0.001617881,0,0,0.000920948,0,0,0,0,0,0,0,0,0,0,0,0,0,0,0.000983174,0,0,0,0,0,0,0.000945838,0,0,0,0,0,0,0.000298686,0,0,0,0,0,0,0,0,0,0,0,0.002986858,0.387383015,0,0,0,0,0,0,0.000311131,0,0,0,0,0,0,0,0,0,0,0,0,0,0,0,0,0,0,0.000584926
E160TRC7.04,0,0,0,0,0,0,0,0,0,0,0,0,0,0,0,0,0,0,0,0,0,0,0.000212073,0,0,0,0.501704158,0.000272665,0,0,0,0,0,0,0,0,0,0.000212073,0.001317882,0,0,0,0,0,0,0,0.000499886,0,0,0,0,0,0,0,0,0,0,0,0,0,0,0,0,0,0,0,0,0,0,0,0,0,6.06E-05,0,0,0,0.001893509,0,0,0,0,0.000590775,0,0,0,0,0,0,0.001060365,0,0,0,0,0,0,0,0,0,0,0,0,0,0,0,0,0,0,0,0,0,0,0,0,0,0,0,0,0.000181777,0,0,0,0,0,0,0,0,0,0,0,0.000333258,0,0,0,0,0,0,0,0,0,0,0,0.001423919,0,0,0.255547982,0.001060365,0,0,0,0.078012573,0,0,0,0,0,0,0,0.001969249,0,0,0,0.001848065,0,0,1.51E-05,0,0,0,0,0.000136333,0,0,0,0,0,0,0,0,0,0,0,0,0,0,0,0,0,0,0,0,0,0,0.000302961,0,0,0,0,0,0,0,0,0,0,0,0,0,0,0,0,0,0,0,0,0,0,0,0.000333258,0,0,0,0,0,0,0,0.004377793,0,0.000136333,0,0,0,0,0,0,0,0,0,0,0,0,0,0,0,0,0.000227221,0,0,0,0,0,0,0,0.146269787,0,0,0,0,0,0,0,0,0,0,0,0,0,0,0,0,0,0,0,0,0,0,0,0,0,0
C160SG19.04,0,0,0,0,0,0,0,0,0,0,0,0,0,0,0,0,0,0,0,1.64E-05,0,0,1.64E-05,0,0,0,0.445557684,0,0,0,0,0,0,0,0,0,0,0,0,0,0,0,0,0,0,0,0.000867672,9.82E-05,0,0,0,0,0,0,0,0,0,0,0,0,0,0,0,0,0,0,0,0,0,0,0,0,1.64E-05,0,0,0,0.000229196,0,0,0,0,0.00042565,0,0,0,0,0,0,0.00027831,0,0,0,0,0,0,0,0,0,0,0,0,0,0,0,0,0,0,0,0,0,0,0,0,0,0,0,0,0,0,0,0,0,0,0,0,0,0,0,0,0.000671218,0,0,0.000376537,0,0,0,0.000163712,0,0,0,0,0.000147341,0,0,0.136453678,0.000785816,0,0,0.000130969,0.022936005,0,0,0,0,0,0,0,0.000343795,0,0,0,0.003077779,0,0,0,0,0,0,0.00027831,0,0,0,0,0,0,0,0,0,0,0,0,0,0,0,0,0,0,0,0,0,0,0,0,0,0,0,0,0,0,0,0,0,0,0,0,0,0,0,0,0,0,0,0,0,0,0,0,0.00042565,0.000605733,0,0,0,0,0.000147341,0.00098227,0,6.55E-05,0,0,0,0,0,0,0,0,0,0,0,0,0,0,0,0,0,0,0,0,0,0,0,0.001211466,0.38336362,0,0,0,6.55E-05,0,0,0,0,0,0,0,0,0,0,0,0,0,0,0,0,0,0,0,0,0,0.000261939
D160SDJN.04,0,0,0,0,0,0,0,0,0,0,0,0,0,0,0,0,0,0,0,0.000419915,0,0,0.001259746,0,4.20E-05,0,0.353554582,0,0,0,0,0,0.000783842,0,0,0,0,0,0.000391921,0,0,0,0,0.000111977,0,0,0.000671864,0,0,0,0,0,0,0,0,0,0,0,0,0,0,0,0,0,0,0,0,0,0,0,0,0,0.000125975,0,0,0.000517895,0.002057584,0,0,0,0,0.004535084,0,0,0,0,0,0,0,0,0,0,0,0,0,0,0,0,0,0,0,0,0,0,0,0,0,0,0,0,0,0,0,0,0,0,0,0,0,0,0,0,0,0,0,0,0,0,0,0.001035791,0,0,0,0,0,0,0.00054589,0,0,0,0,0.00425514,0,0,0,0.006690648,9.80E-05,0,0,0.221911174,0,0,0,0,0,0,0,0,0,0,0,0.004311129,0,0.000377924,1.40E-05,0,0,0,1.40E-05,0.005766835,0,0,0,0,0,0,0,0,0,0,0,0,0,0,0,0,0,0,0,0,0,0,0,0.001203757,0,0,0,0,0,0,0,0,0,0,0,0,0,0,0,0,0.000601878,0,0,0,0,0,0,0.000671864,0,0,0,0,0,0,0.182649105,0,0,0,0,0,0,0,0,0,0,0,0,0,0,0,0,0,0,0,0,0,0,0,0,0,0,0.202511093,0,0,0,0.002603474,0,0,0,0,0,0,0,0,0,0,0,0,0,0,0,0,0,0,0,0,0,0.000265946
B160RKKK.04,0,0,0,0,0,0,0,0,0,0,0,0,0,0,0,0,0,0,0,0,0,0,0.000120212,0,0,0,0.475935025,0,0,0,0,0,0,0,0,0,0,0,0.00064614,0,0,0,0,0,0,0,0.020120513,0,0,0,0,0,0,0,0,0,0,0,0,0,0,0,0,0,0,0,0,0,0,0,0,0,0,0,0,0,0.006852094,0,0,0,0,0,0,0,0,0,0,0,0,0,0,0,0,0,0,0,0.001517679,0,0,0,0,0,0,0,0,0,0,0,0,0,0,0,0,0,0,0,0,0,0,0,0,0,0,0,0,0,0,0,0,0.011209785,0,0,0,0,0,0,0.003606365,0,0,0,1.50E-05,0.000270477,0,0,0.00548468,0.000631114,0.000601061,0.001547732,0,0.160738704,0,0,0,0,0,0,0,0.001277254,0,0,0,0.00730289,0,0,0.000405716,0,0.000180318,0,0,0.000315557,0,0,0,0,0,0,0,0,0,0,0,0,0,0,0,0,0,0,0,0,0,0,0,0,0,0,0,0,0,0,0,0.000255451,0,0,0,0,0,0,0,0,0,0,0,0,0,0,0.000180318,0,0,0,0,0,0,0,0.099490601,0,0,0,0,0,0,0,0,0,0,0,0,0,0,0,0,0,0,0,0,0,0,0,0,0,3.01E-05,0.200453801,0,0,0,0,0,0,0,0,0,0,0,0,0,0,0,0,0,0,0,0,0,0,0,0,0,0.000811432
B160SMM7.04,0,0,0,0,0,0,0,0,0,0,0,0,0,0,0,0,0,0,0,0,0,0,0.000135994,0,0,0,0.107493249,0,0,0,0,0,0,0,0,0,0,0,0,0,0,0,0,7.77E-05,0,0,9.71E-05,0,0,0,0,0,0,0,0.000291415,0,0,0,0,0,0,0,0,0,0,0,0,0,0,0,0,0,0,0,0,0,0,0,0,0,0,0.000155421,0,0,0,0,0,0,0,0,0,0,0.000699396,0,0,0,0,0,0,0,0,0,0,0,0,0,0,0,0,0,0,0,0,0,0,0,0,0,0,0,0,0,0,0,0,0,0,0,0,0.000116566,0,0,0,0,0,0,0.000485692,0,0,0,0,0.000524547,0,0,0.140869971,9.71E-05,1.94E-05,9.71E-05,0,0.014337614,0,0,0,0,0,0,0,0,0,0,0,0.001029666,0,0,0,0,0,0,0,0.000971383,0,0,0,0,0,0.000194277,0,0,0.000796534,0,0,0,0,0,0,0,0,0,0,0,0,0,0,0,0,0,0,0,0,0,0,0,0,0,0,0,0.000116566,0,0,0,0,0,0,0,0,0,0,0.000213704,0,0,0,0,0,0,0.046956657,0,0,0,0,0,0,0,0,0,0,0,0,0,0,0,0,0,0,0,0,0,0,0,0,0,0.597653139,0.086569658,0,0,0,0,0,0,0,0,0,0,0,0,0,0,0,0,0,0,0,0,0,0,0,0,0,0
H160SHB7.04,0,0,0,0,0,0,0,0,0,0,0,0,0,0,0,0,0,0,0,0,0,0,0.000519936,0,0,0,0.009564662,0,0,0,0,0,0,0,1.08E-05,0,0,3.25E-05,3.25E-05,0,0,0,0,0,0,0,6.50E-05,0,0,0,0,0,0,0,0,0,0,0,0,0,0,0,0,0,0,0,0,0,0,0,0,0,0,0,0,6.50E-05,0.000454944,0,0,0,0,0.000238304,0,0,0,0,0,0,0.000151648,0,0,0,0,0,0,0,0,0,0,0,0,0,0,0,0,0,0,0,0,0,0,0,0,0,0,0,0,0,0,0,0,0,0,0,0,0,0,0,0,0.000194976,0,0,1.08E-05,0,0,0,0.00010832,0,2.17E-05,0,0,0.000498272,0,0,0.009781302,0.000931553,0,0,0,0.933458985,0,0,0,0,0,0,0,4.33E-05,0,0,0,0.001202353,0,0,0,0,0,0,0,0.001505649,0,0,0,0,0,0,0,0,0,0,0,0,0,0,0,2.17E-05,0,0,0,0,0,0,3.25E-05,0,0,0,0,0,0,0,0,0,0,0,0,0,0,0,0,0,0,0,0,0,0,0,0,0,1.08E-05,0,0,0,0,0,0.00010832,0,0,0,0,0,0,0,0,0,0,0,0,0,7.58E-05,0,0,0,0,2.17E-05,0,0,0,0,0,0,0.023516286,0.017255386,0,0,0,0,0,0,0,0,0,0,0,0,0,2.17E-05,0,0,0,0,0,0,0,0,0,4.33E-05,0,0
C160SH9B.04,0,0,0,0,0,0,0,0,0,0,0,0,0,0,0,0,0,0,0,3.54E-05,0,0,0.000354133,0,0,0,0.386093208,0,0,0,0,0,0,0,0,0,0,0,1.77E-05,0,0,0,0,0.000141653,0,0,1.77E-05,0,0,0,0,0,0,0,0,0,0,0,0,0,0,0,0,0,0,0,0,0,0,0,0,0,1.77E-05,0,0,0.000619732,0.000407253,0,0,0,0,0.000318719,0,0,0,0,0,0,1.77E-05,0,0,0,0,0,0,0,0,0,0,0,0,0,0,0,0,0,0,0,0,0,0,0,0,0,0,0,0,0.000761385,0,0,0,0,0,0,0,0,0,0,0,0.000690559,0,0,0,0,0,0,0.101211134,0,0,0,0.000230186,0.000938452,0,0,0.026241235,0.001575891,0,0,0,0.033784262,0,0,0,0,0,0,0,0.000318719,0,0,0,0.002992422,0,0,3.54E-05,0,0,0,1.77E-05,0.000354133,0,0,0,0,0,0,0,0,0,0,0,0,0,0,0,0,0,0,0,0,0,0,0,0,0,0,0,0,0,0,0,0.000336426,0,0,0,0,0,0,0,3.54E-05,0,0,0,0,0,0,0,1.77E-05,0.000123946,0,0,0,0,0,0.385207876,0,0,0,0,0,0,0,0,0,0,0,0,0,5.31E-05,0,0,0,0,0,0,0,0,0,0,0,0,0.056997663,0,0,0,0,0,0,0,0,0,0,0,0,0,0,0,0,0,0,0,0,0,0,0,0,0,3.54E-05
K160T704.04,0,0,0,0,0,0,0,0,0,0.000390979,0,0,0,0,0,0,0,0,0,0,0,0,0,0,0,0,0.05116494,0,0,0,0,0,0,0,0,0,0,0.001759406,0.00170609,0,0,0,0,0,0,0,0.028452612,0,0,0,0,0,0,0,0,0,0,0,0,0,0,0,0,0,0,0,0,0,0,0,0,0,0.001030763,0,0.001066306,0.006433383,0,0,0,0,0,0,0,0,0.000319892,0,0,0,0,0,0,0,0,0,0,0,0,0,0,0,0,0,0,0,0,0,0,0,0,0,0,0,0,0,0,0,0,0,0,0,0,0,0,0,0,0,0,0,0,0.004176367,0,0,0.000568697,0,0,0,0.035383604,0,0,0,0,0.006824362,0,0,0.002257015,0.008121701,0,0.000906361,0,0.626526151,0,0,0,0,0,0,0,0.005331532,0,0,0,0.0205264,0,0,0,0,0,0,0,0.001315111,0,0,0,0,0,0,0,0,0,0,0,0,0,0,0,0,0,0,0,0,0,0,0,0,0,0,0,0,0,0,0,0,0,0,0,0,0,0,0,0,0.000693099,0,0,0,0,0,0,0,0,0,0,0,0,0,7.11E-05,0,0,0,0,0,0,0,0,0,0,0,0,0,0.000906361,0,0,0,0,0,0,0,0,0,0,0,0,0.193427998,0,0,0,0,0,0,0,0,0,0,0,0,0,0,0,0,0,0,0,0,0,0,0,0,0,0.000639784
D160W1Y1.04,0,0,0,0,0,0,0,0,0,0,0,0,0,0,0,0,0,0,0,0,0,0,0.002645741,0,0,0,0,0,0,0,0,0,0,0,0.000871892,0,0,0,0.00120261,0,0,0.005922853,0,0.00252548,0,0,0.00929016,0,0,0,0,0,0,0,0,0,0,0,0,0,0,0,0,0,0,0,0,0,0,0,0,0,0,0,0,0.013679685,3.01E-05,0,0,0,0,0.001052283,0,0,0,0,0,0.013890142,0,0,0,0,0,0,0,0,0,0,0,0,0,0,0,0,0,0,0,0,0,0,0,0,0,0,0,0,0,0.011334596,0,0,0,0,0,0,0,0,0,0,0,0,0,0.001563393,0.003066655,0,0,0,0,0,0,0,0,0.018189471,0,0,0.016926731,0.021616909,0,0,0,0.224888007,0,0,0,0,0,0,0,0.002946394,0,0,0,0.037521421,0,0,0,0,0.00252548,0,0,0.015032621,0,0,0,0,0,0,0,0,0,0,0,0,0,0,0,0,0,0,0.007877093,0,0,0,0,0,0,0,0,0,0,0,0,0.001743784,0,0,0,0,0,0,0,0,0,0,0,0,0,0,0,0.001142479,0,0,0,0,0,0,0.238297105,0,0,0,0,0,0,0,0,0,0,0,0,0,0,0,0,0,0,0,0,0,0,0,0,0,0.001803914,0.340158143,0,0,0,0,0,0,0,0,0,0,0,0,0,0.002254893,0,0,0,0,0,0,0,0,0,0,0,0
G160SLQQ.04,0,0,0,0,0,0,0,0,0,0,0,0,0,0,0,0,0,0,0,0,0,0,0.000240368,0,0,0,0.230530183,0,0,0,0,0,0,0,0,0,0,0,0,0,0,0,0,0,0,0,0,0,0,0,0,0,0,0,0,0,0,0,0,0,0,0,0,0,0,0,0,0,0,0,0,0,0.000171692,0,0.00041206,0.000446398,0,0,0,0,0,0.001648238,0,0,0,0,0,0,0,0,0,0,0,0,0,0,0,0,0,0,0,0,0,0,0,0,0,0,0,0,0,0,0,0,0,0,0,0,0,0,0,0,0,0,0,0,0,0,0,0.000566582,0,0,0,0,0,0,0,0,0,0,0,0.002661218,0,0,0.074548451,0.002438019,0,0,0,0.629506902,0,0,0,0,0,0,0,0,0,0,0,0.004532656,0,0,0.000154522,0,0,0,0,0,0,0,0,0,0,0,0,0,0,0,0,0,0,0,0,0,0,0,0,0,0,0,0,0,0,0,0,0,0,0,0,0,0,0,0,0,0,0,0,0,0,0,0,0,0,0,0,0,0,0,0,0,0,0,0.002180482,0,0.000223199,0,0,0,0,0,0,0,0,0,0,0,0,0,0,0,0,0,0,0,0,0,0,0,0,0.049739029,0,0,0,0,0,0,0,0,0,0,0,0,0,0,0,0,0,0,0,0,0,0,0,0,0,0
E160S94M.04,0,0,0,0,0,0,0,0,0,0,0,0,0,0,0,0,0,0,0,0,0,0,0.026034863,0,0,0,0.112877798,0,0,0,0,0,0,0,0,0,0,0,0.002972839,0,0,0,0,0,0,0,0.008242872,0.00029278,0,0,0,0,0,0,0,0,0,0,0,0,0,0,0,0,0,0,0,0,0,0,0,0,0,0,0,0.112787712,0.008693302,0,0,0,0,0.019391018,0,0,0,0,0,0,0.002342237,0,0,0,0,0,0,0,0,0,0,0,0,0,0,0,0,0,0,0,0,0,0,0,0,0,0,0,0,0,0,0,0,0,0,0,0,0,0,0,0,0.001981893,0,0,0.007184361,0,0,0,0.000810774,0,0,0,0,0.017071303,0,0,0.001531463,0.054006576,0,0,0,0.503625963,0,0,0,0,0,0,0,0,0,0,0,0.078419891,0,0,0,0,0,0,0,0,0,0,0,0,0,0,0,0,0,0,0,0,0,0,0,0,0,0,0,0,0,0,0,0,0,0,0,0,0,0,0,0.001148597,0,0,0,0,0,0,0,0,0,0,0,0,0,0,0,0,0.000247737,0,0,0,0,0,0.003040404,0,0,0,0,0,0,0,0,0,0,0,0,0,0,0,0,0,0,0,0,0,0,0,0,0,0,0.035313725,0,0,0,0,0,0,0,0,0,0,0,0,0,0,0,0,0,0,0,0,0,0,0,0,0,0.001981893
D160S47N.04,0,0,0,0,0,0,0,0,0,0,0,0,0,0,0,0,0,0,0,0,0,0,0.013342186,0,0,0,0.001912802,0,0,0,0,0,0,0,0,0,0,0,0.001217237,0.000790414,0,0,0,0,0,0,0,0,0,0,0,0,0,0,0,0,0,0,0.000300357,0,0,0,0,0,0,0,0,0,0,0,0,0,0,0,0,0.003604287,0.012219798,0,0,0,0,0.017009706,0,0,0,0,0,0,0,0,0,0,0,0,0,0,0,0,0,0,0,0,0,0,0,0,0,0,0,0,0,0,0,0,0,0,0,0,0,0,0,0,0,0,0,0,0,0,0,6.32E-05,0,6.32E-05,0.003019381,0,0,0,7.90E-05,0,0,0,0,0.009121376,0,0,0.000648139,0.037354959,0,0,0,0.768266464,0,0,0,0,0,0,0,0.008552278,0,0,0,0.06524076,0,0.000411015,0,0,0.001691486,0,0.000774606,0.022337096,0,0,0,0,0,0,0,0,0,0,0,0,0,0,0,0,0,0,0,0,0,0,0,1.58E-05,0,0,0,0,0,0,0,0,0,0,0,0,0,0,0,0,1.58E-05,0,0,0,0,0,0.000110658,0.000142274,0,0,0,0,0,0,0.02643144,0,0,0,0,0,0,0,0,0,0,0,0,0,0.002545133,0,0,0,0,0,0,0,0,0,0,0,3.16E-05,0.002576749,0,0,0,0.000110658,0,0,0,0,0,0,0,0,0,0,0,0,0,0,0,0,0,0,0,0,0,0
J160S48K.04,0,0,0,0,0,0,0,0,0,0,0,0,0,0,0,0,0,0,0,0,0,0,0.003583456,0,0,0,0.218245402,0,0,0,0,0,0,0,0,0,0,0,0.000172697,0,0,0,0,0,0,0,0.001878076,0,0,0,0,0,0,0,0,0,0,0,0,0,0,0,0,0,0,0,0,0,0,0,0,0,4.32E-05,0,0,0.0006692,0.003734565,0,0,0,0,0.004360591,0,0,0,0,0,0,0.000388567,0,0,0,0,0,0,0,0,0,0,0,0,0,0,0,0,0,0,0,0,0,0,0,0,0,0,0,0,0,0,0,0,0,0,0,0,0,0,0,2.16E-05,0.000798722,0,0,0,0,0,0,0.000302219,0,0,0,0,0.005353596,0,0,0.00140316,0.008872291,0,0,0,0.145388999,0,0,0,0,0,0,0,0.000302219,0,0.000107935,0,0.014290648,0,0.000431742,0.00036698,0,0.000107935,0,0,0.000172697,0,0,0,0,0,0,0,0,0,0,0,0,0,0,0,0.000323806,0,0,0,0,0,0,0,0,0,0,0,0,0,0,0,0,0,0,0,0,0,0,0,0,0,0,0,0,0,0,0,4.32E-05,0,0,0,0,0,0,0.232449702,0,0,0,0,0,0,0,0,0,0,0,0,0,0.000604438,0,0,0,0,0,0,0,0,0,0,0,0,0.355560832,0,0,0,0,0,0,0,0,0,0,0,0,0,2.16E-05,0,0,0,0,0,0,0,0,0,0,0,0
H160S5NT.04,0,0,0,0,0,0,0,0,0,0,0,0,0,0,0,0,0,0,0,7.60E-05,0,0,7.60E-05,0,0,0,0.229001254,0,0,0,0,0,0,0,0,0,0,0.000227938,0,0,0,0,0,7.60E-05,0,0,7.60E-05,0,0,0,0,0,0,0,0,0,0,0,0,0,0,0,0,0,0,0,0,0,0,0,0,0,3.80E-05,0,0,0.000113969,0.000113969,0,0,0,0,0.000455875,0,0,0,0,0,0,3.80E-05,0,0,0,0,0,0,0,0,0,0,0,0,0,0,0,0,0,0,0,0,0,0,0,0,0,0,0,0,0.000265927,0,0,0,0,0,0,0,0,0,0,0,0.000189948,0,0,0,0,0,0,7.60E-05,0,0,0,0,0.000379896,0,0,0.079702162,0.000379896,0,0,0,0.304752498,0,0,0,0,0,0,0,0,0,0,0,0.000493865,0,0,0,0,0,0,0.000189948,7.60E-05,0,0,0,0,0,0,0,0,0,0,0,0,0,0,0,0,0,0,0,0,0,0,0,0,0,0,0,0,0,0,0,0,0,0,0,0,0,0,0,0,0,0,0,0,0,0,0,0,0,0,0,0,0,0,0.000721802,0,0,0,0,0,0,0,0,0,0,0,0,0,0,0,0,0,0,7.60E-05,0,0,0,0,0,0,0.004368803,0.378034419,0,0,0,0,0,0,0,0,0,0,0,0,0,0,0,0,0,0,0,0,0,0,0,0,0,0
H160SCQV.04,0,0,0,0,0,0,0,0,0,0,0,0,0,0,0,0,0,0,0,0,0,0,0,0,0,0,0.310061075,0,0,0,0,0,0,0,0,0,0,0,0,0,0,0,0,0,0,0,0,0,0,0,0,0,0,0,0,0,0,0,0,0,0,0,0,0,0,0,0,0,0,0,0,0,0,0,0,0.000349667,0,0,0,0,0,0.002424355,0,0,0,0,0,0,0,0,0,0,0,0,0,0,0,0,0,0,0,0,0,0,0,0,0,0,0,0,0,0,0,0,0,0,0,0,0,0,0,0,0,0,0,0,0,0,0,0.000116556,0,0,0.0002098,0,0,0,0.000186489,0,0,0,0,0.002983822,0,0,0.033824421,0.0012588,0,0,0,0.515362022,0,0,0,0,0,0,0,0,0,0,0,0.003147,0,0,0,0,0,0,0,0,0,0,0,0,0,0,0,0,0,0,0,0,0,0,0,0,0,0,0,0,0,0,0,0,0,0,0,0,0,0,0,0,0,0,0,0,0,0,0,0,0,0,0,0,0,0,0,0.0002098,0,0,0,0,0,0,0.000885822,0,0,0,0,0,0,0,0,0,0,0,0,0,9.32E-05,0,0,0,0,0,0,0,0,0,0,0,0,0.128840505,0,0,0,0,0,0,0,0,0,0,0,0,0,0,4.66E-05,0,0,0,0,0,0,0,0,0,0,0
A160SCKJ.04,0,0,0,0,0,0,0,0,0,0,0,0,0,0,0,0,0,0,0,2.91E-05,0,0,0.000450916,0,0,0,0.477679675,0,0,0,0,0,0,0,1.45E-05,0,0,0,4.36E-05,0,0,0,0,0,0,0,0.000174548,0,0,0,0,0,0,0,0,0,0,0,5.82E-05,0,0,0,0,0,0,0,0,0,0,0,0,0,0,0,0,0.001454567,0.000465461,0,0,0,0,0,0,0,0,0,0,2.91E-05,0.00010182,0,0,0,0,0,0,0,0,0,0,0,0,0,0,0,0,0,0,0,0,0,0,0,0,0,0,0,0,0.000276368,0,0,0,0,0,0,0,0,0,0,0,0.000509098,0,0,2.91E-05,0,0,2.91E-05,0.058371758,0,0,0,0.000320005,0.000509098,0,0,0,0.001425475,0,0,0,0.048931621,0,0,0,0,0,0,0,0,0,0,0,0.004218243,0,0,0,0,0,0,0,0,0,0,0,0,0,0,0,0,0,0,0,0,0,0,0,0,0,1.45E-05,0,0,0,0,0,0,0,0,0,0,0,0,0,0,0,2.91E-05,0,0,0,0,0,0,0,0,0,0,0,0,0,0,1.45E-05,0,0,0,0,0,0.360587063,0,0,0,0,0,0,0,0,0,0,0,0,0,4.36E-05,0,0,0,0,0,0,0,0,0,0,0,0,0.044087914,0,0,0,1.45E-05,0,0,0,0,0,0,0,0,0,2.91E-05,0,0,0,0,0,0,0,0,0,0,0,5.82E-05
G160RRF7.04,0,0,0,0,0,0,0,0,0,0,0,0,0,0,0,0,0,0,0,0,0,0,9.89E-05,0,0,0,0.000197768,0,0,0,0,0,2.83E-05,0,0,0,0,0,0,0,0.00011301,0,0,0,0,0,0.000127137,0,0,0,0,0,0,0,0,0,0,0,0,0,0,0,0,0,0,0,0,0,0,0,0,0,2.83E-05,0,0,0,0.00038141,0,0,0,0,0.000339031,0,0,0,0,0,0,0.000127137,0,0,0,0,0,8.48E-05,0,0,0,0,0,0,0,0,0,0,0,0,0,0,0,0,0,0,0,0,0,0,0,0,0,0,0,0,0,0,0,0,0,0,0.000155389,0,0,0.000197768,0,0,0,0.000437915,0,0,0,0,0.00076282,0,0,0,0.000466168,8.48E-05,0,0,0.840937986,0,0,0,0,0,0,0,0,0,0,0,0.000678062,0,0,0,0,0,0,0,0,0,0,0,0,0,0,0,0,0,0,0,0,0,0,0,0,0,0,0,0,0,0,0,0,0,0,0,0,0,0,0,7.06E-05,0,0,0,0,0,0,0,0,0,0,0,0,0,0,0,7.06E-05,0,0,0,0,0,0,0.000211894,0,0,0,0,0,0,0,0,0,0,0,0,0,0,0,0,0,0,0,0,0,0,0,0,0,0.147987004,0.006413335,0,0,0,0,0,0,0,0,0,0,0,0,0,0,0,0,0,0,0,0,0,0,0,0,0,0
J160TP14.04,0,0,0,0,0,0,0,0,0,0,0,0,0,0,0,0,0,0,0,0,0,0,1.52E-05,0,0,0,0.521250076,0,0.000380009,0,0,0,0,0,0,0,0,0,0.000699216,0,0,0,0,0.000258406,0,0,0.000349608,0,0,0,0,0,0,0,0,0,0,0,0,0,0,0,0,0,0,0,0,0,0,0,0,0,3.04E-05,0,0,0.002903265,0.000197604,0,0,0,0,0.004803308,0,0,0,0,0,0,0.03081109,0,0,0,0,0,0.000228005,0,0,0,0,0,0,0,0,0,0,0,0,0,0,0,0,0,0,0,0,0,0,0,0,0,0,0,0,0,0,0,0,0,0,0.007949778,0,0,0,0,0,0.000197604,0.002416854,0,0,0,0,0.002538457,0,0,0.065999878,0.004104092,0.000592813,0.001307229,0,0.238478142,0,0,0,0,0,0,0,0,0,0,0,0.018118806,0,0,0,0.000212805,0,0,0,0.004712106,0,0,0,0,0,0,0,0,0,0,0,0,0,0,0,0,0,0,0,0.000167204,0,0,0,0,0,0,0,0,0.000927221,0,0,0,0,0,0,0,0,0,0,0,0,0,0,0,0,0,0,0,0,0,0,0,0,0,0,0,0,0,0,0,0,0,0,0,0,0,0,0,0,0,0,0,0,0.001702438,0,0,0,0.000258406,0,0,0,0.088009971,0,0,0,0.000380009,0,0,0,0,0,0,0,0,0,0,0,0,0,0,0,0,0,0,0,0,0,0
E160SDHH.04,0,0,0,0,0,0,0,0,0,9.04E-05,0,0,0,0,0,0,0,0,0,0,0,0,0.001235368,0,0,0,0.000135589,0.000195851,0,0,0,0,0,0,0,0,0,6.03E-05,0,0,0,0,0,0,0,0,0.000135589,0,0,0,0,0,0,0,0,0,0,0,0,0,0,0,0,0,0,0,0,0,0,0,0,0,0,0,0,0.00066288,0.000391702,0,0,0,0,0.000602618,0,0,0,0,0,0,1.51E-05,0,0,0,0,0,0,0,0,0,0,0,0,0,0,0,0,0,0,0,0,0,0,0,0,0,0,0,0,0.01131416,0,0,0,0,0,0,0,0,0,0,0,1.51E-05,0,0,0.000105458,0,0,0,3.01E-05,0,0,0,0,0.000647815,0,0,0,9.04E-05,0,0,0,0.655016045,0,0,0,6.03E-05,0,0,0,9.04E-05,0,0,0,0.000256113,0,0,0,0,0,0,7.53E-05,0.000723142,0,0,0,0,0,0,0,0,0,0,0,0,0,0,0,0,0,0,0,0,0,0,0,0,0,0,0,0,0,0,0,0,0,0,0,0,0,0,0,0,0,0,0,0,0,0,0,0,0,0,0,0,0,0,0.293068382,0,0,0,0,0,0,0,0,0,0,0,0,0,0,0,0,0,0,0,0,0,0,0,0,0,0.009958269,0.024827877,0,0,0,0,0,0,0,0,0,0,0,0,0,0,0,0,0,0,0,0,0,0,0,0,0,0.000195851
F160RZ8W.04,0,0,0,0,0,0,0,0,0,0,0,0,0,0,0,0,0,0,0,0,0,0,7.43E-05,0,0,0,0.000399228,0,0,0,0,0,0,0,0,0,0,2.79E-05,5.57E-05,0,0,0,0,0,0,0,2.79E-05,0,0,0,0,0,0,0,0,0,0,0,0,0,0,0,0,0,0,0,0,0,0,0,0,0,0,0,0,0.000519924,6.50E-05,0,0,0,0,0.000408512,0,0,0,0,0,0,0.000176403,0,0,0,0,0,0,0,0,0,0,0,0,0,0,0,0,0,0,0,0,0,0,0,0,0,0,0,0,1.86E-05,0,0,0,0,0,0,0,0,0,0,0,0.000250678,0,0,0,0,0,0,0.0002971,0,0,0,0,0.000807739,0,0,9.28E-06,0.000649905,0,0,1.86E-05,0.894381104,0,0,0,0,0,0,0,0,0,0,0,0.000269246,0,0,0,0,0,0,0,0.00014855,0,0,0,0,0,0,0,0,0,0,0,0,0,0,0,0,0,0,0,0,0,0,0,0,0,0,0,0,0,0,0,0,0,0,0,0,0,0,0,1.86E-05,0,0,0,0,0,0,0,9.28E-06,0,0,0,0,0,0,0.019357894,0,0,0,0,0,0,0,0,0,0,0,0,0,0,0,0,0,0,0.000204256,0,0,0,0,0,0,0.024984217,0.05677387,0,0,0,0,0,0,0,0,0,0,0,0,0,0,1.86E-05,0,0,0,0,0,0,0,0,0,0,2.79E-05
K160SGWM.04,0,0,0,0,0,0,0,0,0,0,0,0,0,0,0,0,0,0,0,0,0,0,0,0,0,0,0.034914033,0,0,0,0,0,0,0,3.01E-05,0,0,6.03E-05,0,7.53E-05,0,0,0,0,0,0,0.000165755,0,0,0,0,0,0,0,0,0,0,0,0,0,0,0,0,0,0,0,0,0,0,0,0,0,0,0,0,0.000346579,0.000150686,0,7.53E-05,0,0,0.000180824,0,0,0,0,0,9.04E-05,0.000135618,0,0,0,0,0,0,0,0,0,0,0,0,0,0,0,0,0,0,0,0,0,0,0,0,0,0,0,0,0.000135618,0,0,0,0,0,0,0,0,0,0,0,0.00043699,0,0,4.52E-05,0,0,0,0.000497265,0,0,0,0,0.000542471,0,0,0.001506864,0.00033151,0,0,0,0.921236231,0.000135618,0,0,0,6.03E-05,0,0,0,0,0,0.000180824,0.001446589,0,0,3.01E-05,0,0,0,0,9.04E-05,0,0,0,0,0,0,0,0,0,0,0,0,0,0,0,0,0,0,0,0,0,0,0,0,0,0,0,0,0,0,0,0,0,0,0,0,0,0,0,0,1.51E-05,0,0,0,0,0,0,0,0,0,0,0,0,6.03E-05,0.000195892,0,0,0,0,0,0,0,0,0,0,0,0,0,0,0,0,0,0,0,0,0,0,0,0,0,0,0.036752407,0,0,0,1.51E-05,0,0,0,0,0,0,0,0,0,0,1.51E-05,0,0,0,0,0,0,0,0,0,0,4.52E-05
J160S9S8.04,0,0,0,0,0,0,0,0,0,0,0,0,0,0,0,0,0,0,0,0,0,0,0.000296426,0,0,0,0.076743061,0,0,0,0,0,0,0,0,0,0,0,0,0,0,0,0,0,0,0,4.68E-05,0,0,0,0,0,0,0,0,0,0,0,0,0,0,0,0,0,0,0,0,0,0,0,0,0,1.56E-05,0,0,0.001513331,0.002090581,0,0,0,0,0.001138899,0,0,0,0,0,1.56E-05,4.68E-05,0,0,0,0,0,0,0,0,0,0,0,0,0,0,0,0,0,0,0,0,0,0,0,0,0,0,0,0,0,0,0,0,0,0,0,0,0,0,0,0,0.000530446,0,0,0,0,0,0,6.24E-05,0,0,0,0,0.003120271,0,0,0.000436838,0.001544534,0,0,0,0.89849759,0,0,0,0,0,0,0,3.12E-05,0,0,0,0.001045291,0,0,0,0,0,0,0.001528933,0.00068646,0,0,0,0,0,0,0,0,0,0,0,0,0,0,0,0,0,0,0,0,0,0,0,0,0,0,0,0,0,0,0,0,0,0,0,0,0,0,0,0,0,0,0,0,0,0,0,6.24E-05,0,0,0,0,0,0,0.002870649,0,0,0,0,0,0,0,0,0,0,0,0,0,6.24E-05,0,0,0,0,0,0,0,0,0,0,0,0.003557109,0.004040751,0,0,0,0,0,0,0,0,0,0,0,0,0,0,0,0,0,0,0,0,0,0,0,0,0,1.56E-05
F160SDG2.04,0,0,0,0,0,0,0,0,0,0,0,0,0,0,0,0,0,0,0,0,0,0,6.31E-05,0,0,0,0.000126129,0,0,0,0,0,0,0,0,0,0,0,0.000110363,0,0,0,0,0,0,0,0,0,0,0,0,0,0,0,0,0,0,0,0,0,0,0,0,0,0,0,0,0,0,0,0,0,4.73E-05,0,0,0.000141895,0,0,0,0,0,0.000331089,0,0,0,0,0,0,0.000126129,0,0,0,0,0,0,0,0,0,0,0,0,0,0,0,0,0,0,0,0,0,0,0,0,0,0,0,0,0.004351459,0,0,0,0,0,0,0,0,0,0,0,0,0,0,4.73E-05,0,0,0,0.000189194,0,0,0,0,3.15E-05,0,0,1.58E-05,0.000520283,0,1.58E-05,0,0.978778754,0,0,0,0,0,0,0,0,0,0,0,6.31E-05,0,0,0,0,0,0,0,0,0,0,0,0,0,0,0,0,0,0,0,0,0,0,0,0,0,0,0,0,0,0,0,0,0,0,0,0,0,0,0,0,0,0,0,0,0,0,0,0,0,0,0,0,0,0,0,0,0,0,0,0,0,0,0.000299557,0,0,0,0,0,0,0,0,0,0,0,0,0,0,0,0,0,0,0,0,0,0,0,0,0,0.002333391,0.012313368,0,0,0,0,0,0,0,0,0,0,0,0,0,0,0,0,0,0,0,0,0,0,0,0,0,9.46E-05
B160SGBJ.04,0,0,0,0,0,0,0,0,0,0,0,0,0,0,0,0,0,0,0,0,0,0,0.00011801,0,0,0,0.346780855,0,0,0,0,0,0,0,0,0,0,0,5.06E-05,0,0,0,0,0,0,0,3.37E-05,0,0,0,0,0,0,0,0,0,0,0,0,0,0,0,0,0,0,0,0,0,0,0,0,0,0,0,0,0.001837585,0.000101151,0,0,0,0,0.001567847,0,0,0,0,0,0,1.69E-05,0,0,0,0,0,0,0,0,0,0,0,0,0,0,0,0,0,0,0,0,0,0,0,0,0,0,0,0,0,0,0,0,0,0,0,0,0,0,0,0,0.000303454,0,0,0,0,0,0,1.69E-05,0,0,0,0,0.005664481,0,0,0.003742603,0.000404606,0,0,0,0.582952611,0,0,0,0,0,0,0,0.000219161,0,0,0,0.000910363,0,0,0,0,0,0,0,0.00035403,0,0,0,0,0,0,0,0,0,0,0,0,0,0,0,0,0,0,0,0,0,0,0,0,0,0,0,0,0,0,0,0,0,1.69E-05,0,0,0,0,0,0,0,0,0,0,0,0,0,0,0,0,0,0,0,0,0.01512214,0,0,0,0,0,0,0,0,0,0,0,0,0,3.37E-05,0,0,0,0,0,0,0,0,0,0,0,0.03616164,0.003590876,0,0,0,0,0,0,0,0,0,0,0,0,0,0,0,0,0,0,0,0,0,0,0,0,0,0
H160S4BC.04,0,0,0,0,0,0,0,0,0,0,0,0,0,0,0,0,0,0,0,0,0,0,0,0,0,0,0.032381794,0,0,0,0,0,0,0,0,0,0,0,0,0,0,0,0,0,0,0,0,0,0,0,0,0,0,0,0,0,0,0,0,0,0,0,0,0,0,0,0,0,0,0,0,0,2.85E-05,0,0,0,0,0,0,0,0,0,0,0,0,0,0,0,0,0,0,0,0,0,0,0,0,0,0,0,0,0,0,0,0,0,0,0,0,0,0,0,0,0,0,0,0,0,0,0,0,0,0,0,0,0,0,0,0,0.278774311,0,0,0.000213882,0,0,0,0.419836879,0,0,0,0.000356471,0,0,0,0.000270918,0,0.001981977,0,0,0.264201791,0,0,0,0,0,0,0,0,0,0,0,0,0,0,0,0,0,0,0,0,0,0,0,0,0,0,0,0,0,0,0,0,0,0,0,0,0,0,0,0,0,0,5.70E-05,0,0,0,0,0,0,0,0,0,0,0,0,0,0,0,0,0,0,0,0,0,0,0,0,0,0,0,0,0,0,0,4.28E-05,0,0,0,0,0,0,0,0,0,0,0,0,0,0,0,0,0,0,0.001739577,0,0,0,0,0,0,0,4.28E-05,0,0,0,0,0,0,0,0,0,0,0,0,0,0,0,0,0,0,0,0,0,0,0,0,0,7.13E-05
E160RPQ1.04,0,0,0,0,0,0,0,0,0,0,0,0,0,0,0,0,0,0,0,0,0,0,0.00016897,0,0,0,1.69E-05,0,0,0,0,0,0,0,0,0,0,0,0,0,0,0,0,0,0,0,0,0,0,0,0,0,0,0,0,0,0,0,0,0,0,0,0,0,0,0,0,0,0,0,0,0,0,0,0,0,0.000236558,0,0,0,0,0.001064513,0,0,0,0,0,3.38E-05,5.07E-05,0,0,0,0,0,0,0,0,0,0,0,0,0,0,0,0,0,0,0,0,0,0,0,0,0,0,0,0,0,0,0,0,0,0,0,0,0,0,0,0,0,0,0,0,0,0,0,5.07E-05,0,0,0,0,0.000185867,0,0,3.38E-05,0.000152073,0,0,0,0.834645669,0,0,0,0,0,0,0,6.76E-05,0,0,0,0.000777263,0,0,1.69E-05,0,0.000135176,0,0,0.000270352,0,0,0,0,0,0,0,0,0,0,0,0,0,0,0,0,0,0,0,0,0,0,0,6.76E-05,0,0,0,0,0,0,0,3.38E-05,0,0,0,0,0,0,0,0,0,0,0,0,0,0,0,0,0,0,0,0,0,0,0.000658984,0,0,0,0,0,0,0,0,0,0,0,0,0,0.000118279,0,0,0,0,0,0,0,0,0,0,0,0.139890507,0.021324051,0,0,0,0,0,0,0,0,0,0,0,0,0,0,0,0,0,0,0,0,0,0,0,0,0,0
A160SZ4K.04,0,0,0,0,0,0,0,0,0,0,0,0,0,0,0,0,0,0,0,0,0,0,0.000134162,0,0,0,0.211066887,0,0,0,0,0,0,0,0,0,0,1.49E-05,0.000119255,0,0,0,0,0,0,0,0.000491928,0,0,0,0,0,0,0,0,0,0,0,0,0,0,0,0,0,0,0,0,0,0,0,0,0,0,0,1.49E-05,0.009928,0.000149069,0,0,0,0,0.003920516,0,0,0,0,0,8.94E-05,0.001416156,0,0,0,0,0,0,0,0,0,0,0,0,0,0,0,0,0,0,0,0,0,0,0,0,0,0,0,0,0,0,0,0,0,0,0,0,0,0,0,0,0.000566462,0,0,1.49E-05,0,0,0,0.000447207,0,2.98E-05,0,0,0.005500648,0,0,0.019945441,0.007915567,2.98E-05,2.98E-05,5.96E-05,0.717648286,0,0,0,0,0,0,0,5.96E-05,0,0,1.49E-05,0.008213705,0,4.47E-05,8.94E-05,0,1.49E-05,0,0,0.000342859,0,0,0,0,0,0,0,0,0,0,0,0,0,0,0,0,0,0,0,0,0,0,0,0,0,0,0,0,0,0,0,0,0,0,0,0,0,0,0,0,0,0,0,0,0,0,0,7.45E-05,4.47E-05,0,0,0,0,0,0.011165273,0,0,0,0,0,0,0,0,0,0,0,0,0,0.000119255,0,0,0,0,7.45E-05,0,0,0,0,0,0,5.96E-05,0.000119255,1.49E-05,0,0,1.49E-05,0,0,0,0,0,0,0,0,0,0,0,0,0,0,0,0,0,0,0,0,0,0
D160SBS0.04,0,0,0,0,0,0,0,0,0,0,0,0,0,0,0,0,0,0,0,0,0,0,0.000553025,0,0,0,0.026176494,0,2.63E-05,0,0,0,0,0,1.32E-05,0,0,7.90E-05,0.000223843,0,0,1.32E-05,0,5.27E-05,0,0,6.58E-05,0,0,0,0,0,0,0,0,0,0,0,0.000618861,0,0,0,0,0,0,0,0,0,0,0,0,0,0,0,0,0.000237011,0.004121349,0,0,0,0,0.000842704,0,0,0,0,0,0.000131673,3.95E-05,0,0,0,0,0,0,0,0,0,0,0,0,0,0,0,0,0,0,0,0,0,0,0,0,0,0,0,0,0,0,0,0,0,0,0,0,0,0,0,0,0.346680536,0,0,1.32E-05,0,0,0,0.535893925,0,1.32E-05,0,0,0.00172491,0,0,6.58E-05,0.000276512,9.22E-05,0.000934875,0.000474021,0.069957601,0,0,1.32E-05,0,0,0,0,0.000223843,0,7.90E-05,0,0.003528823,0,2.63E-05,0.000223843,0,6.58E-05,0,0.000131673,2.63E-05,0,0,0,0,0,0,0,0,0,0,0,0,0,0,0,0.000158007,0,0,0,0,0,0,3.95E-05,0,0,0,0,0,0,0,0,0,0,0,0,0,0,0,0,0,2.63E-05,0,0,0,0,0,0,0.000276512,0,0,0,0,0,0,0.000395018,0,0,0,0,0,0,0,0,0,0,0,0,0,0.000329181,0,0,0,0,0.000592526,0,0,0,0,0,0,2.63E-05,5.27E-05,0.000592526,0,0,0.00383167,0,0,0,0,0,0,0,0,0,1.32E-05,1.32E-05,0,0,0,0,0,0,0,0,0,0,1.32E-05
B160S1RY.04,0,0,0,0,0,0,0,0,0,0,0,0,0,0,0,0,0,0,0,1.09E-05,0,0,3.27E-05,4.35E-05,0,0,0.00172014,0,0,0,0,0,0,0,0,0,0,0,0,0,0,0,0,0,0,0,3.27E-05,0,0,0,0,0,0,0,0,0,0,0,0,0,0,0,0,0,0,0,0,0,0,0,0,0,0,0,5.44E-05,0.002079409,9.80E-05,0,0,0,0,0.000402818,0,0,0,0,0,0,3.27E-05,0,0,0,0,0,0,0,0,0,0,0,0,0,0,0,0,0,0,0,0,0,0,0,0,0,0,0,0,3.27E-05,0,0,0,0,0,0,0,0,0,0,0,0.000119757,0,0,0,0,0,0,1.09E-05,0,0,0,0,8.71E-05,0,0,0,0.000631444,0,0,0,0.919697778,0,0,0,0,0,0,0,0,0,0,0,0.000228626,0,0,0,0,0,0,2.18E-05,0.000130644,0,0,0,0,0,0,0,0,0,0,0,0,0,0,0,0,0,0,0,0,0,0,0,0,0,0,0,0,0,0,0,0,0,0,0,0,0,0,0,0,0,0,0,0,0,0,0,2.18E-05,0,0,0,0,0,0,0.000391931,0,0,0,0,0,0,0,0,0,0,0,0,0,0.00010887,0,0,0,0,0,0,0,0,0,0,0,0.071004758,0.002993914,0,0,0,0,0,0,0,0,0,0,0,0,0,0,1.09E-05,0,0,0,0,0,0,0,0,0,0,0
A160TR31.04,0,0,0,0,0,0,0,0,0,0,0,0,0,0,0,0,0,0,0,0,0,0,0.028031761,0,0,0,0.012872955,0,0,0,0,0,0,0,0,0,0,0,0.00180462,0,0,0,0,0,0,0.00120308,0,0,0,0,0,0,0,0,0,0,0,0,0.0030077,0,0,0,0,0,0,0,0,0,0,0,0,0,0.007338787,0,0,0,0.016602502,0,0,0,0,0,0,0,0,0,0,0,0.000120308,0,0,0,0,0,0,0,0,0,0,0,0,0,0,0,0,0,0,0,0,0,0,0,0,0,0,0,0,0,0,0,0,0,0,0,0,0,0,0,0,0.009865255,0,0,0.008902791,0,0,0,0.009624639,0,0,0,0,0.10346487,0,0,0.0030077,0.034769009,0,0,0,0.091313763,0,0,0,0,0,0,0,0,0,0,0,0.077478345,0,0,0,0,0,0,0,0,0,0,0,0,0,0,0,0,0,0,0,0,0,0,0,0,0,0,0,0,0,0,0,0,0,0,0,0,0,0,0,0,0,0,0,0,0,0,0,0.012993263,0,0,0,0,0,0,0,0.005413859,0,0,0,0,0,0,0.54487488,0,0.003368624,0,0,0,0,0,0,0,0,0,0,0,0,0,0,0,0,0.000360924,0,0,0,0,0,0,0,0.00120308,0,0,0,0,0,0,0,0,0,0,0,0,0,0,0,0,0,0,0,0,0,0,0,0,0,0.022377286
F160S4JB.04,0,0,0,0,0,0,0,0,0,0,0,0,0,0,0,0,0,0,0,0,0,0,0,0,0,0,0.313686402,0,0,0,0,0,0,0,0,0,0,0,0,0,0,0,0,0,0,0,0.000155049,0,0,0,0,0,0,0,0,0,0,0,0,0,0,0,0,0,0,0,0,0,0,0,0,0,0.000110749,0,0,0,0,0,0,0,0,0,0,0,0,0,0,0,0,0,0,0,0,0,0,0,0,0,0,0,0,0,0,0,0,0,0,0,0,0,0,0,0,0,0,0,0,0,0,0,0,0,0,0,0,0,0,0,0,0.015128358,0,0,0,0,0,0,0.015859304,0,0,0,0,2.21E-05,0,0,4.43E-05,0,0,0,0,0.653199548,0,0,0,0,0,0,0,0,0,0,0,0,0,0,0,0,0,0,0,0,0,0,0,0,0,0,0,0,0,0,0,0,0,0,0,0,0,0,0,0,0,0,0,0,0,0,0,0,0,0,0,0,0,0,0,0,0,0,0,0,0,0,0,0,0,0,0,0,0,0,0,0,0,0.000487297,0,0,0,0,0,0,0,0,0,0,0,0,0,0,0,0,0,0,0,0.001041044,0,0,0,0,0,0,0,0.000265798,0,0,0,0,0,0,0,0,0,0,0,0,0,0,0,0,0,0,0,0,0,0,0,0,0,0
F160RZHC.04,0,0,0,0,0,0,0,0,0,0,0,0,0,0,0,0,0,0,0,0,0,0,0,0,0,0,0.697933227,0,0,0,0,0,0,0,0,0,0,0,0,0,0,0,0,0,0,0,0,0,0,0,0,0,0,0,0,0,0,0,0,0,0,0,0,0,0,0,0,0,0,0,0,0,0,0,0,0,0,0,0,0,0,2.41E-05,0,0,0,0,0,0,0,0,0,0,0,0,0,0,0,0,0,0,0,0,0,0,0,0,0,0,0,0,0,0,0,0,0,0,0,0,0,0,0,0,0,0,0,0,0,0,0,0.109432962,0,0,7.23E-05,0,0,0,0.184251096,0,0,0,0.002553355,0,0,0,0,0,0.000361324,0,0,0.001830708,0,0,0,0,0,0,0,0,0,0,0,7.23E-05,0,0,0,0,0,0,0,0,0,0,0,0,0,0,0,0,0,0,0,0,0,0,0,0,0,0,0,0,0,0,0,0,0,0,0,0,0,0,0,2.41E-05,0,0,0,0,0,0,0,0,0,0,0,0,0,0,0,0.000168618,0,0,0,0,0,0,0,0,0,0,0,0,0,0,0,0,0,0,0,0,0,0,0,0,0,0.002192032,0,0,0,0,0,0,0.000192706,0.000746736,0,0,0,0,0,0,0,0,0,0,0,0,0,0,0,0,0,0,0,0,0,0,0,0,0,0.00014453
D160S7PL.04,0,0,0,0,0,0,0,0,0,0,0,0,0,0,0,0,0,0,0,0,0,0,0,0,0,0,0.456883371,0,0,0,0,0,0,0,0,0,0,0,0,0,0,0,0,0,0,0,0,0,0,0,0,0,0,0,0,0,0,0,0,0,0,0,0,0,0,0,0,0,0,0,0,0,6.12E-05,0,0,0,0,0,0,0,0,0,0,0,0,0,0,0,0,0,0,0,0,0,0,0,0,0,0,0,0,0,0,0,0,0,0,0,0,0,0,0,0,0,0,0,0,0,0,0,0,0,0,0,0,0,0,0,0,0.070943673,0,0,0.000443398,0,0,0,0.375022934,0,0,0,1.53E-05,0,0,0,0,0,0.093388784,0,0,0.001743013,0,0,0,0,0,0,0,0,0,0,0,0,0,0,0,0,0,0,0,0,0,0,0,0,0,0,0,0,0,0,0,0,0,0,0,0,0,0,0,0,0,0,0,0,0,0,0,0,0,0,0,0,0,0,0,0,0,0,0,0,0,0,0,0,0,0,0,1.53E-05,0,0,0,0,0,0,0,0,0,0,0,0,0,0,0,0,0,0,0,0,0,0,0,0,0,0.000611583,0,0,0,0,0,0,0,0.000122317,0,0,0,0,0,0,0,0,0,0,0,0,0,0,0,0,0,0,0,0,0,0,0,0,0,0.00074919
E160RZK5.04,0.000613208,0,0,0,0,0.001619497,0,0,0,0,0,0,0,0,0,0,0,0,0,0,0,0,0,0,0,0,0.691352201,0,0,0,0,0,0,0,0,0,0,0,0,0,0,0,0,0,0,0,0,0,0,0,0,0,0,0,0,0,0,0,0,0,0,0,0,0,0,0,0,0,0,0,0,0,0,0,0,0,0.003018868,0,0,0,0,0,0,0,0,0,0,0,0,0,0,0,0,0,0,0,0,0,0,0,0,0,0,0,0,0,0,0,0,0,0,0,0,0,0,0,0,0.001761006,0,0,0,0,0,0,0,0,0,0,0,0.035597484,0,0,0.001116352,0,0,0,0.051257862,0,0,0,0,0,0,0,0,0,0.001855346,0,0,0.20495283,0,0,0,0,0,0,0,0,0,0,0,0.004968553,0,0,1.57E-05,0,0,0,0,0,0,0,0,0,0,0,0,0,0,0,0,0,0,0,0,0,0,0,0,0,0,0,0,0,0,0,0,0,0,0,0,0,0,0,0,0,0,0,0,0,0,0,0,0,0,0,0,0.000801887,0,0,0,0,0,0,0.000927673,0,0,0,0,0,0,0,0,0,0,0,0,0,0,0,0,0,0,0,0,0,0,0,0,0,0,0.000141509,0,0,0,0,0,0,0,0,0,0,0,0,0,0,0,0,0,0,0,0,0,0,0,0,0,0
D160SH1Y.04,0,0,0,0,0,0,0,0,0,0,0,0,0,0,0,0,0,0,0,0,0,0,0.017416161,0,0,0,0.000265221,0,0,0,0,0,0,0,0,0,0,0,0.001797607,0,0,0,0,0,0,0,0,0,0,0,0,0,0,0,0,0,0,0,0.001561855,0,0,0,0,0,0,0,0,0,0,0,0,0,0,0,0,0.009695291,0.033064183,0,0,0,0,0.025814817,0,0,0,0,0,0.000383097,0.00029469,0,0,0,0,0,0,0,0,0,0,0,0,0,0,0,0,0,0,0,0,0,0,0,0,0,0,0,0,0,0,0,0,0,0,0,0,0,0,0,0,0.001473448,0,0,0,0,0,0,0.001267166,0,0,0,0,0.030323569,0,0,0,0.047209289,5.89E-05,0,0,0.644810515,0,0,5.89E-05,0.000442035,0,0,0,0.01685625,0,0,0,0.08204161,0,0.001031414,0,0,0.002239642,0,0.000176814,0.045028585,0,0,0,0,0,0,0,0,0,0,0,0,0,0,0,0,0,0,0,0,0,0,0,0,0,0,0,0,0,0,0,0,0,0,0,0,0,0,0,0,0,0,0,0,0,0,0,0,0,0,0,0,0,0,0.018506513,0,0,0,0,0,0,0,0,0,0,0,0,0,0.013319974,0,0,0,0,0.002239642,0,0,0,0,0,0,0.000471504,0.000117876,0,0,0,0,0,0,0,0,0,0,0,0,0,0.001974421,0,5.89E-05,0,0,0,0,0,0,0,0,0,0
A160SD3M.04,0,0,0,0,0,0,0,0,0,0,0,0,0,0,0,0,0,0,0,0,0,0,0.000172354,0,0,0,0.695449845,0,0,0,0,0,0,0,0,0,0,0,0,0,0,0,0,0,0,0,0.017580145,0,0,0,0,0,0,0,0,0,0,0,0,0,0,0,0,0,0,0,0,0,0,0,0,0,0.008790072,0,0,0.000172354,0,0,0,0,0,0.000172354,0,0,0,0,0,0,0,0,0,0,0,0,0,0,0,0,0,0,0,0,0,0,0,0,0,0,0,0,0,0,0,0,0,0,0,0,0,0,0,0,0,0,0,0,0,0,0,0.125818683,0,0,0.044467425,0,0,0,0.051361599,0,0,0,0,0,0,0,0.000861772,0,0,0,0,0.020337815,0,0,0,0,0,0,0,0,0,0,0,0.000344709,0,0,0,0,0,0,0,0,0,0,0,0,0,0,0,0,0,0,0,0,0,0,0,0,0,0,0,0,0,0,0,0,0,0,0,0,0,0,0,0.017924853,0,0,0,0,0,0,0,0,0,0,0,0,0,0,0,0,0,0,0,0,0,0,0.000172354,0,0,0,0,0,0,0,0,0,0,0,0,0,0,0,0,0,0,0,0,0,0,0,0,0,0,0.000689417,0,0,0,0,0,0,0,0,0,0,0,0,0,0,0,0,0,0,0,0,0,0,0,0,0,0.015684247
A160RRV4.04,0,0,0,0,0,0,0,0,0,0,0,0,0,0,0,0,0,0,0,0,0,0,0,0,0,0,0.580755248,0,0,0,0,0,0,0,0,0,0,0,0,0,0,0,0,0,0,0,0,0,0,0,0,0,0,0,0,0,0,0,0,0,0,0,0,0,0,0,0,0,0,0,0,0,0.00018864,0,0,1.71E-05,0,0,0,0,0,0,0,0,0,0,0,0,0,0,0,0,0,0,0,0,0,0,0,0,0,0,0,0,0,0,0,0,0,0,0,0,0,0,0,0,0,0,0,0,0,0,0,0,0,0,0,0,0,0.141514611,0,0,0.000531623,0,0,0,0.191864453,0,0,0,0.002246536,0,0,0,0,0,0.000222939,0.001714913,0,0.000908904,0,0,0,0,0,0,0,0,0,0,0,0,0,0,0,0,0,0,0,0,0,0,0,0,0,0,0,0,0,0,0,0,0,0,0,0.000891755,0,0,0,0,0,0,0,0,0,0,0,0,0,0,0,0,0,0,0,0,0,0,0,0,0,0,0,0,0,0,0,0.000634518,5.14E-05,0,0,0,0,0,0,0,0.00018864,0,0,0,0,0,0,0,0,0,0,0,0,0,0,0,0,0.07046577,0,0,0,0,0,0,0.003910001,3.43E-05,0,0,0,0.002177939,0,0,0,0,0,0,0,0,0,0,0,0,0,0,0,0,0,0,0,0,0,0.001680615
J160T6XF.04,0,0,0,0,0,0,0,0,0,0,0,0,0,0,0,0,0,0,0,0,0,0,0.002767768,0,0,0,0.000246633,0,0,0,0,0,0,0,0,0,0,0,9.59E-05,0,0,0,0,0,0,0,0.00195936,0,0,0,0,0,0,0,0,0,0,0,0,0,0,0,0,0,0,0,0,0,0,0,0,0,0,0,0,0,0.010399682,0,0,0,0,0,0,0,0.000328844,0,0,0,0.00105504,0,0,0,0,0,0,0,0,0,0,0,0,0,0,0,0,0,0,0,0,0,0,0,0,0,0,0,0,0,0,0,0,0,0,0,0,0,0,0,9.59E-05,0.009810504,0,0,0,0,0,0,0.004795637,0,0,0,0,0.000397353,0,0,0,0.013030432,0,0,0,0.838195196,0,0,0,0,0,0,0,0,0,0,0,0.052313552,0,0,0.003480263,0,0.000123316,0,0,0,0,0,0,0,0,0,0,0,0,0,0,0,0,0,0,0,0,0,0,0,0,0,0,0,0,0,0,0,0,0,0,0,0,0,0,0,0,0,0,0,0.000287738,0,0,0,0,0,0,0.000287738,0,0,0,0,0,0,0.060013976,0,0,0,0,0,0,0,0,0,0,0,0,0,0,0,0,0,0,0,0,0,0,0,0,0,0.00030144,1.37E-05,0,0,0,0,0,0,0,0,0,0,0,0,0,0,0,0,0,0,0,0,0,0,0,0,0,0
A160S697.04,0,0,0,0,0,0,0,0,0,0,1.77E-05,0,0,0,0,0,0,0,0,0,0,0,0,0,0,0,0.059011277,0,0,0,0,0,0,0,0,0,0,0,0.000106391,0,0,0,0,0,0,0,0.000141854,0,0,0,0,0,0,0,0,0,0,0,0,0,0,0,0,0,0,0,0,0,0,0,0,0,0,0,0,0,0,0,0,0,0,0,0,0,0,0,0,0,0,0,0,0,0,0,0,0,0,0,0,0,0,0,0,0,0,0,0,0,0,0,0,0,0,0,0,0,0,0,0,0,0,0,0,0,0,0,0,0,0,0.090485141,0,0,0.000283708,0,0,0,0.127863678,0,0,0,0,0.047556564,0,0,0,0,0,0,0,0.670224839,0,0,0,0,0,0,0,0,0,0,0,0.00273069,0,0,0,0,0,0,0,0,0,0,0,0,0,0,0,0,0,0,0,0,0,0,0,0,0,0,0,0,0,0,0,0,0,0,0,0,0,0,0,0,0,0,0,0,0,0,0,0,0.000727002,0,0,0,0,0,0,0.000425562,0,0,0,0,0,0,0,0,0,0,0,0,0,0,0,0,0,0,0,0,0,0,0,0,0,0,0,0,0,0,0,0,0,1.77E-05,0,0,0,0,0,0,0,0,0,0,0,0,0,0,0,0,0,0,0,0,0,0,0,0,0,0.00040783
B160SRK1.04,0,0,0,0,0,0,0,0,0,0,0,0,0,0,0,0,0,0,0,0,0,0,0,0,0,0,0.970190163,0,0,0,0,0,0,0,0,0,0,0.000446191,0,0,0,0,0,0,0,0,0,0,0,0,0,0,0,0,0,0,0,0,0,0,0,0,0,0,0,0,0,0,0,0,0,0,0.00014873,0,0,0.000276214,0,0,0,0,0,2.12E-05,0,0,0,0,0,0,0,0,0,0,0,0,0,0,0,0,0,0,0,0,0,0,0,0,0,0,0,0,0,0,0,0,0,0,0,0,0,0,0,0,0,0,0,0,0,0,0,0.000169978,0,0,0.000573675,0,0,0,0.000594922,0,0,0,0,0.0007649,0,0,0.011261022,0.001168597,0.000446191,2.12E-05,0,0.010559864,0,0,0,0,0,0,0,0,0,0,0,0.001019866,0,0,0,0,0,0,0,0,0,0,0,0,0,0,0,0,0,0,0,0,0,0,0,0,0,0,0,0,0,0,2.12E-05,0,0,0,0,0,0,0,0,0,0,0,0,0,0,0,0,0,0,0,0,0,0,0,0,6.37E-05,0,0,0,0,0,0,0.001699777,0,0,0,0,0,0,0,0,0,0,0,0,0,0,0,0,0,0,0,0,0,0,0,0,0,4.25E-05,4.25E-05,0,0,0,0.000467439,0,0,0,0,0,0,0,0,0,0,0,0,0,0,0,0,0,0,0,0,0,0
C160ST5W.04,0,0,0,0,0,0,0,0,0,0,0,0,0,0,0,0,0,0,0,0,0,0,1.51E-05,0,0,0,0.558819523,0,0,0,0,0,0,0,0,0,0,0,0,0,0,0,0,0,0,0,7.57E-05,0,0,0,0,0,0,0,0,0,0,0,0,0,0,0,0,0,0,0,0,0,0,0,0,0,0,0,0,7.57E-05,0,0,0,0,0,0,0,0,0,0,0,1.51E-05,0,0,0,0,0,0,0,0,0,0,0,0,0,0,0,0,0,0,0,0,0,0,0,0,0,0,0,0,0,1.51E-05,0,0,0,0,0,0,0,0,0,0,0,0.130245933,0,0,0,0,0,0,0.189330306,0,0,0,0.001740446,3.03E-05,0,0,1.51E-05,1.51E-05,0,4.54E-05,0,0.001362089,0,0,0,0,0,0,0,0,0,0,0,4.54E-05,0,0,0,0,0,0,0,0,0,0,0,0,0,0,0,0,0,0,0,0,0,0,0,0,0,0,0,0,0,0,0,0,0,0,0,0,0,0,0,1.51E-05,0,0,0,0,0,0,0,0,0,0,0,0,0,0,0,1.51E-05,0,0,0,0,0,0,9.08E-05,0,0,0,0,0,0,0,0,0,0,0,0,0,0,0,0,0,0,0.117926599,0,0,0,0,0,0,6.05E-05,3.03E-05,0,0,0,0,0,0,0,0,0,0,0,0,0,0,0,0,0,0,0,0,0,0,0,0,0,1.51E-05
H160RX6D.04,0,0,0,0,0,0,0,0,0,0,0,0,0,0,0,0,0,0,0,0,0,0,0.000249066,0,0,0,0.734433375,0,0,0,0,0,0,0,0,0,0,0,0.000716065,0,0,0,0,0,0,0,4.67E-05,0,0,0,0,0,0,0,0,0,0,0,0.000108966,0,0,0,0,0,0,0,0,0,0,0,0,0,0,0,0,7.78E-05,0.001650062,0,0,0,0,0.000295766,0,0,0,0,0,0.000124533,0.000155666,0,0,0,0,0,0,0,0,0,0,0,0,0,0,0,0,0,0,0,0,0,0,0,0,0,0,0,0,0,0,0,0,0,0,0,0,0,0,0,0,0.000108966,0,0,1.56E-05,0,0,0,0.0001401,0,0,0,0,0.000326899,0,0,0.043197385,0.001183064,0,0.000155666,0,0.029436488,0,0,0,0,0,0,0,0,0,0,0,0.002661893,0,0,3.11E-05,0,9.34E-05,0,0.000124533,0.000498132,0,0,0,0,0,0,0,0,0,0,0,0,0,0,0,3.11E-05,0,0,0,0,0,0,0,0,0,0,0,0,0,0,6.23E-05,0,0,0,0,0,0,6.23E-05,0,0,0,0,0,0,0,0,0,1.56E-05,0,0,0,0,0,0,0.183421544,0,0,0,0,0,0,0,0,0,0,0,0,0,0,0,0,0,0,0,0,0,0,0,0,0,3.11E-05,0.000466999,0,0,0,1.56E-05,0,0,0,0,0,0,0,0,0,0,4.67E-05,0,0,0,0,0,0,0,0,0,0,1.56E-05
K160TG8F.04,0,0,0,0,0,0,0,0,0,0,0,0,0,0,0,0,0,0,0,0,0,0,0,0,0,0,2.73E-05,0,0,0,0,0,0,0,0,0,0,0,0.004333488,0,0,0,0,0,0,0,0.004360742,0,0,0,0,0,0,0,0,0,0,0,0,0,0,0,0,0,0,0,0,0,0,0,0,0,0,0,0,0.013818103,0,0,0,0,0,0,0,0,0,0,0,0,0,0,0,0,0,0,0,0,0,0,0,0,0,0,0,0,0,0,0,0,0,0,0,0,0,0,0,0,0,0.002316644,0,0,0,0,0,0,0,0,0,0,0,0.003570358,0,0,0.005968766,0,0,0,0.022403314,0,0,0,0,0.122318825,0,0,0,0.044942902,0,0,0,0.516257393,0,0,0,0,0,0,0,0,0,0,0,0.020631763,0,0,0,0,0,0,0,0,0,0,0,0,0,0,0,0,0,0,0,0,0,0,0,0,0,0,0,0,0,0,0,0,0,0.001580769,0,0,0,0,0,0,0,0,0,0,0,0,0,0,0,0,0,0,0,0,0,0,0,0,0,0,0,0,0.22866643,0,0,0,0,0,0,0,0,0,0,0,0,0,0,0,0,0,0,0,0,0,0,0,0,0,0.003870159,0,0,0,0,0,0,0,0,0,0,0,0,0,0,0,0,0,0,0,0,0,0,0,0,0,0,0.00493309
F160S51B.04,0,0,0,0,0,0,0,0,0,0,0,0,0,0,0,0,0,0,0,0,0,0,0.008516642,0,0,0,0.028541801,0,0,0,0,0,0,0,0,0,0,1.70E-05,0.002345901,0,0,0,0,0,0,0,0.00023799,0,0,0,0,0,0,0,0,0,0,0,0.000424982,0,0,0,0,0,0,0,0,0,0,0,0,0,0,0,0,0.002073913,0.005371774,0,0,0,0,0.000611974,0,0,0,0,0,0.001002958,0.000118995,0,0,0,0,0,0,0,0,0,0,0,0,0,0,0,0,0,0,0,0,0,0,0,0,0,0,0,0,0,0,0,0,0,0,0,0,0,0,0,0,0.001376942,0,0,0,0,0,0,0.000288988,0,0,0,0,0.027946826,0,0,0.002447897,0.011355523,1.70E-05,0.000424982,0,0.800054398,0,0,0,0,0,0,0,0.001002958,0,0,0,0.022405059,0,0.000645973,0,0,8.50E-05,0,0,0.007445687,0,0,0,0,0,0,0,0,0,0,0,0,0,0,0,0,0,0,0,0,0,0,0,0,0,0,0,0,0,0,0,0,0,0,0,0,0,0,0,0,0,0,0,0,0,0,0.000118995,1.70E-05,0,0,0,0,0,0,0.072994934,0,0,0,0,0,0,0,0,0,0,0,0,0,0.001036956,0,0,0,0,0,0,0,0,0,0,0,0.000509979,0,0,0,0,0.00023799,0,0,0,0,0,0,0,0,0,1.70E-05,0.000305987,0,0,0,0,0,0,0,0,0,0,0
F160S93Q.04,0,0,0,0,0,0,0,0,0,0,0,0,0,1.53E-05,0,0,0,0,0,0,0,0,0.00064287,0,0,0,0.052715362,0,0,0,0,0,0,0,0,0,0,0,0,0,0,0,0,0,0,0,0.000489806,0,0,0,0,0,0,0,0,0,0,0,0.000183677,0,0,0,0,0,0,0,0,0,0,0,0,0,1.53E-05,0,0,0.000489806,0.001867385,0,0,0,0,0.037347701,0,0,0,0,0,0.00021429,0.001500031,0,0,0,0,0,0,0,0,0,0,0,0,0,0,0,0,0,0,0,0,0,0,0,0,0,0,0,0,0,0,0,0,0,0,0,0,0,0,0,0,0.000352048,0,0,3.06E-05,0,0,0,0.000122451,0,0,0,0,0.022423927,0,0,0.000244903,0.006551154,0,0,0,0.464397233,0,0,0,0,0,0,0,0.015092145,0,0,0,0.006153187,0,0,0,0,0.000229597,0,0,0.002096982,0,0,0,0,0,0,0,0,0,0,0,0,0,0,0,0,0,0,0,0,0,0,0,0,0,0,0,0,0,0,0,0,0,0,0,0,0.000244903,0,0,0,0,0,0,0,0,0,0,0,0,0,0,0,0,0,0.06843507,0,0,0,0,0,0,0,0,0,0,0,0,0,0.000887773,0,0,0,0,1.53E-05,0,0,0,0,0,0,0.296608094,0.020403478,0,0,0,0,0,0.000137758,0,0,0,0,0,0,0,9.18E-05,0,0,0,0,0,0,0,0,0,0,0,0
C160SRJ0.04,0,0,0,0,0,0,0,0,0,0,0,0,0,0,0,0,0,0,0,0,0,0,0,0,0,0,0.248494149,0,0,0,0,0,0,0,0,0,0,0,0.005179359,0,0,0,0,0,0,0,0.001879916,0,0,0,0,0,0,0,0,0,0,0,0,0,0,0,0,0,0,0,0,0,0,0,0,0,0.001112603,0,0,0.007788222,0.008785728,0,0,0,0,0,0,0,0,0,0,0,0,0,0,0,0,0,0,0,0,0,0,0,0,0,0,0,0,0,0,0,0,0,0,0,0,0,0,0,0,0.002301937,0,0,0,0,0,0,0,0,0,0,0,0.047726837,0,0,0,0,0,0,0.065528486,0,0,0,0,0.001074237,0,0,0.008478803,0,0.002723959,0,0,0.20798005,0,0,0,0,0,0,0,0,0,0,0,0.026855937,0,0,0.0036831,0,0,0,0,0,0,0,0,0,0,0,0,0,0,0,0,0,0,0,0,0,0,0,0,0,0,0,0,0,0,0,0,0,0,0,0,0,0,0,0,0,0,0,0,0,0,0,0,0,0,0,0,0,0,0,0,0,0,0,0.34835987,0,0,0,0,0,0,0,0,0,0,0,0,0,0,0,0,0,0,0.001419528,0,0,0,0,0,0,0,0,0,0,0,0.002992519,0,0,0,0,0,0,0,0,0,0,0,0,0,0.003145981,0,0,0,0,0,0,0,0.004488778
J160SPM0.04,0,0,0,0,0,0,0,0,0,0,0,0,0,0.001177759,0,0,0,0,0,0,0,0,0.001053784,0,0,0,0.39684278,0,0,0,0,0,0.000185962,0,0,0,0.000661198,0,0.004731698,0,0,0,0,0,0,0,0,0,0,0,0.003822551,0,0,0,0,0,0,0,0,0,0,0,0,0,0,0,0,0,0,0,0,0,0,0,0.000454574,0.00152902,0.000826498,0,0,0,0,0.01322396,0,0,0.002851416,0,0,0,0.000661198,0,0,0,0,0,0,0,0,0,0,0,0,0,0,0,0,0,0,0,0,0,0,0,0,0,0,0,0,0,0,0,0,0,0.001177759,0,0,0,0,0,0.000268612,0.001425708,0,0,0.000330599,0,0,0,0.001735645,0,0,0,0,0.005785483,0,0,0.005888795,0.003099366,0.000185962,0,0,0.281174453,0,0,0,0,0,0,0,0.000268612,0,0,0,0.003120028,0,0,0.000351261,0,0,0,0,0.000392586,0,0,0,0,0,0,0,0,0,0,0,0,0,0,0,0,0,0,0,0,0,0,0,0,0,0,0,0,0,0,0,0.002479493,0,0.004669711,0,0,0,0,0,0,0,0,0,0,0,0,0,0.000351261,0,0,0,0,0,0,0.24571771,0,0,0,0,0,0,0,0,0,0,0,0,0,0,0,0,0,0,0,0,0,0,0,0,0,0,0,0,0,0,0.000661198,0,0,0,0,0,0,0,0,0,0,0.000144637,0,0,0,0,0,0,0,0,0.00076451,0.010248569,0.001735645
F160SJSB.04,0,0,0,0,0,0,0,0,0,0,0,0,0,0,0,0,0,0,0,0,0,0,0.000281809,0,0,0,0.404945752,0,0,0,0,0,4.23E-05,0,4.23E-05,0,0,1.41E-05,0.001028604,0,0,0,0,1.41E-05,0,0,0.000169086,0,0,0,0,0,0,0,0,0,0,0,0,0,0,0,0,0,0,0,0,0,0,0,0,0,0,0,0,0.001056785,0.000225447,0,0,0,0,0.002085388,0,0,0,0,0,0.001817669,0.008031563,0,0,0,0,0,0,0,0,0,0,0,0,0,0,0,0,0,0,0,0,0,0,0,0,0,0,0,0,0,0,0,0,0,0,0,0,0,0,0,0,0.001620403,0,0,0,0,0,0,0.000535438,0,0,0,0,0.002550373,0,0,0.057150909,0.003874877,9.86E-05,0,0,0.473115401,0,0,0,4.23E-05,0,0,0,0.000126814,0,0,1.41E-05,0.001451317,0,0,2.82E-05,0,0,0,0,0.00091588,0,0,0,0,0,0,0,0,0,0,0,0,0,0,0,0,0,0,0,0,0,0,1.41E-05,0,0,0,0,0,0,0,0,0.000126814,0,0,0,0,0,0,0,0,0,0,0,0,0,0,5.64E-05,0.00060589,0,0,0,0,0,0,0.037381992,0,0,0,0,0,0,0,0,0,0,0,0,0,0.000281809,0,0,0,0,0,0,0,0,0,0,0,7.05E-05,0.000154995,0,0,0,0,0,0,0,0,0,0,0,0,0,0,0,0,0,0,0,0,0,0,0,0,0,2.82E-05
K160SJ1K.04,0,0,0,0,0,0,0,0,0,0,0,0,0,0,0,0,0,0,0,0,0,0,0.000518255,0,0,0,0.227192308,0,0,0,0,0,0,0,0,0,0,0,0.000285934,0,0,0,0,0,0,0,0,0,0,0,0,0,0,0,0,0,0,0,0.000357417,0,0,0,0,0,0,0,0,0,0,0,0,0,0,0,0.000232321,0.026252301,0.002859338,0.000142967,0,0,0,0.001483282,0,0,0,0,0,0,0.00021445,0,0,0,0,0,0,0,0,0,0,0,0,0,0,0,0,0,0,0,0,0,0,0,0,0,0,0,0,0,0,0,0,0,0,0,0,0,0,0,1.79E-05,0.001393927,0,0,0,0,0,0,0.001393927,0,0.00019658,0,0,0.024429473,0,0,0.047286309,0.020605107,0.001304573,0.000553997,0,0.551905928,0,0,0,0,0.000696964,0,0,0.002037279,0,0,0.000375288,0.034508641,0,0,7.15E-05,0,0.001804957,0,0,0.014993656,0,0,0,0,0,0,0,0,0,0,0,0,0,0,0,0,0,0,0,0,0,0,0,0,0,0,0,0,0,0,0,0,0,0,0,0,0,0,0,0,0.000125096,0,0,0,0,0,0.000142967,7.15E-05,0,0,0,0,0,0,0.035688118,0,5.36E-05,0,0,0,0,0,0,0,0,0,0,0,0.00041103,0,0,0,0,0,0,0,0,0,0,0,0.000125096,0,0,0,0,0,0,0,0,0,0,0,0,0,0,0,0,0,0,0,0,0,0,0,0,0,0,0.000268063
J160SDXN.04,0,0,0,0,0,0,0,0,0,0,0,0,0,0,0,0,0,0,0,0,0,0,0.006031116,0,0,0,0.008832008,0,0,0,0,0,0,0,0,0,0,0,0.001124445,0,0,0,0,0,0,0,8.18E-05,0,0,0,0,0,0,0,0,0,0,0,0.001083557,0,0,0,0,0,0,0,0,0,0,0,0,0,8.18E-05,0,0,0.006664895,0.009036452,0,0,0,0,0.002432891,0,0,0,0,0,0.000695112,0.000920001,0,0,0,0,0,0,0,0,0,0,0,0,0,0,0,0,0,0,0,0,0,0,0,0,0,0,0,0,0,0,0,0,0,0,0,0,0,0,0,0,0.001410668,0,0,0,0,0,0,0.000347556,0,0,0,0,0.007809785,0,0,0.002330669,0.022775131,0.000306667,0.000143111,0,0.835381187,0,0,0,0.000327111,0,0,0,0.002371558,0,0,0,0.042279149,0,0,2.04E-05,0,0.001431112,0,6.13E-05,0.014413346,0,0,0,0,0,0,0,0,0,0,0,0,0,0,0,0,0,0,0,0,0,0,0,0,0,0,0,0,0,0,0,6.13E-05,0,0,0,0,0,0,0,0,0,0,0,0,0,0,0,0.000102222,0,0,0,0,0,0,0.027722691,0,0,0,0,0,0,0,0,0,0,0,0,0,0.003189336,0,0,0,0,0,0,0,0,0,0,0,6.13E-05,0,0,0,0,0,0,0,0,0,0,0,0,0,0,0.000163556,0.000286222,0,0,0,0,0,0,0,0,0,0,2.04E-05
C160SW1W.04,0,0,0,0,0,0,0,0,0,0,0,0,0,0,0,0,0,0,0,0,0,0,0.000281683,0,0,0,0.279557502,0,0,0,0,0,0,0,0,0,0,0,0.000550562,0,0,0,0,5.12E-05,0,0,0.000179253,0,0,0,0,0,0,0,0,0,0,0,0,0,0,0,0,0,0,0,0,0,0,0,0,0,7.68E-05,0,0,0.002522343,0.00020486,0,0,0,0,0,0,0,0,0,0,0,0,0,0,0,0,0,0,0,0,0,0,0,0,0,0,0,0,0,0,0,0,0,0,0,0,0,0,0,0,0,0,0,0,0,0,0,0,0,0,0,0,0.000665796,0,0,0,0,0,0,0.000742619,0,0,0,0,0.002163837,0,0,0.055517144,0.002048603,0,2.56E-05,0,0.636372948,0,0,0,0,0,0,0,0.000281683,0,0,0,0.005351976,0,0,0,0,0,0,0,0,0,0,0,0,0,0,0,0,0,0,0,0,0,0,0,0,0,0,0,0,0,0,0,0,0,0,0,0,0.000166449,0,0,0,0,0,0,0,0,0,0,0,0,0,0,0,0,0,0,0.000320094,0,0,0,0,0,0,0.012291619,0,0,0,0,0,0,0,0,0,0,0,0,0,0,0,0,0,0,0,0,0,0,0,0,0,0.000128038,0.000499347,0,0,0,0,0,0,0,0,0,0,0,0,0,0,0,0,0,0,0,0,0,0,0,0,0,0
D160S202.04,0,0,0,0,0,0,0,0,0,0,0,0,0,0,0,0,0,0,0,0,0,0,0.000129344,0,0,0,0.126421171,0,0,0,0,0,0,0,0,0,0,0,5.17E-05,0,0,0,0,0,0,0,0.000129344,0,0,0,0,0,0,0,0,0,0,0,0,0,0,0,0,0,0,0,0,0,0,0,0,0,0,0,0,0.000258689,0.000103475,0,0,0,0,0.000297492,0,0,0,0,0,0,6.47E-05,0,0,0,0,0,0,0,0,0,0,0,0,0,0,0,0,0,0,0,0,0,0,0,0,0,0,0,0,0,0,0,0,0,0,0,0,0,0,0,0,9.05E-05,0,0,0,0,0,0,0.000142279,0,0,0,0,0.00090541,0,0,0.001047689,0.000310426,0,0,0,0.814843558,0,0,0,0,0,0,0,0.000517377,0,0,0,0.00058205,0,0,0,0,0,0,0,0,0,0,0,0,0,0,0,0,0,0,0,0,0,0,0,0,0,0,0,0,0,0,0,0,0,0,0,0,0,0,0,0,0,0,0,0,0,0,0,0,0,0,0,0,0,0,0,1.29E-05,0,0,0,0,0,0,0.016245651,0,0,0,0,0,0,0,0,0,0,0,0,0,0.000155213,0,0,0,0,0,0,0,0,0,0,0,0.01385278,0.023812295,0,0,0,0,0,0,0,0,0,0,0,0,0,0,0,0,0,0,0,0,0,0,0,0,0,2.59E-05
J160S7B2.04,0,0,0,0,0,0,0,0,0,0,0,0,0,0.000881145,0,0.000326876,0,0,0,0.000326876,0,0,0.001961258,0,0.000710601,0,0.320395662,0,0,0,0,0,0,0,0,0,0,0,0.001307505,0,0,0,0,0,0,0,0,0,0,0,0,0,0,0,0,0,0,0,0,0,0,0.001080113,0,0,0,0,0,0,0,0,0,0,0.00021318,0,0,0.005130537,0.00197547,0,0,0,0,0.008910933,0,0,0,0,0,0,0.001378565,0,0,0,0,0,0,0,0,0,0,0,0,0,0,0,0,0,0,0,0,0,0,0,0,0,0,0,0,0,0,0,0,0,0,0,0,0,0,0,0,0.008157697,0,0,0.000653753,0,0.00021318,0.001506474,0.008527209,0,0,0,0,0.008086636,0,0,0.028367182,0.01375723,0,0,0,0.485112914,0,0,0,0,0,0,0,0.000270028,0,0,0,0.012520785,0,0,0,0,0,0,0,0,0,0,0,0,0,0,0,0,0,0,0,0,0,0,0,0.000241604,0,0,0,0,0,0,0,0,0,0.000227392,0,0,0.001094325,0,0,0,0,0,0.00042636,0,0.000525845,0,0,0,0.000369512,0,0,0,0,0,0,0,0.000298452,0,0,0,0,0,0.072040703,0,0.000454784,0,0,0,0,0,0,0,0,0,0,0,0,0,0,0,0,4.26E-05,0,0,0,0,0,0,0,0.011156432,0,0,0,0,0.000795873,0,0,0,0,0,0,0,0,0,8.53E-05,0,0,0,0,0,0,0,0,0,0,0.000468996
K160T2LP.04,0,0,0,0,0,0,0,0,0,0,0,0,0,0.000505726,0,0,0,0,0,1.63E-05,0,0,0.000407844,0,0,0,0.261623544,0,0,0,0,0,0,0,0,0,0,0,0,0,0,0,0,0.000114196,0,0,0,0,0,0,0,0,0,0,0,0,0,0,0,0,0,0,0,0,0,0,0,0,0,0,0,0,0.000146824,0,0,0.000864629,0.000473099,0,0,0,0,0.00182714,0,0,0,0,0,0.001158276,0.002153414,0,0,0,0,0,0,0,0,0,0,0,0,0,0,0,0,0,0,0,0,0,0,0,0,0,0,0,0,0,0,0,0,0,0,0,0,0,0,0,0,0,0,0,0,0,0,0,8.16E-05,0,0,0,0,0.002920161,0,0,0.082237593,0.000734119,0,0,0,0.278883487,0,0,0,0,0,0,0,0.001549806,0,0,0,0.003425887,0,0,0,0,0,0,0,0.001011452,0,0,0,0,0,0,0,0,0,0,0,0,0,0,0,0,0,0,0,0,0,0,0,0,0,0,0,0,0,0,0,0,0,0,0,0,0,0,0,0,0,0,0,0,0,0,0.000163137,0,0,0,0,0,0,0,0.023654932,0,0,0,0,0,0,0,0,0,0,0,0,0,0,0,0,0,0,1.63E-05,0,0,0,0,0,0,0.00039153,0.333501909,0.001484551,0,0,0,0,0,0,0,0,0,0,0,0,0,0.000277334,0,0,0,0,0,0,0,0,0,0,0.000375216
J160T67W.04,0,0,0,0,0,0,0,0,0,0,0,0,0,0,0,0,0,0,0,0,0,0,0.000466588,0,0,0,0.825219078,0,0,0,0,0,0,0,0,0,0,0.000554073,0.000962338,0,0,0,0,0,0,0,0.000656139,0.000131228,0,0,0,0,0,0,0,0,0,0,0,0,0,0,0,0,0,0,0,0,0,0,0,0,0.000204132,0,0,0,0.006051062,0,0,0,0,0,0,0,0,0,0,0,0.00016039,0,0,0,0,0,0,0,0,0,0,0,0,0,0,0,0,0,0,0,0,0,0,0,0,0,0,0,0,0,0,0,0,0,0,0,0,0.000218713,0,0,0,0.009113046,0,0,0.000845691,0,0,0,0.00418471,0,0,0,0,0.003761865,0,0,0,0.003630637,0,0,0,0.129915577,0,0,0.000626978,0,0,0,0,0.001122727,0,0,0,0.008194451,0,0,0,0,0,0,1.46E-05,0,0,0,0,0,0,0,0,0,0,0,0,0,0,0,0,0,0,0,0,0,0,0,0,0,0,0,0,0,0,0,0,0,0,0,0,0,0,0,0,0,0,0,0,0,0,0,0,0,0,0,0,0,0,0,0.000612397,0,0.000233294,0,0,0,0,0,0,0,0,0,0,0,0.002828689,0,0,0,0,0,0,0,0,0,0,0,5.83E-05,0,0,0,0,0,0,0,0,0,0,0,0,0,0,0,0,0,0,0,0,0,0,0,0,0,0,0.000233294
D160RXQ9.04,0,0,0,0,0,0,0,0,0,0,0,0,0,0,0,0,0,0,0,0,0,0,0,0,0,0,0.414149779,0,0,0,0,0,0,0,0,0,0,0,0,0,0,0,0,0,0,0,0,0,0,0,0,0,0,0,0,0,0,0,0,0,0,0,0,0,0,0,0,0,0,0,0,0,0,0,0,0,0,0,0,0,0,0,0,0,0,0,0,0,0,0,0,0,0,0,0,0,0,0,0,0,0,0,0,0,0,0,0,0,0,0,0,0,0,0,0,0,0,0,0,0,0,0,0,0,0,0,0,0,1.56E-05,0.225387103,0,0,3.12E-05,0,0,0,0.346963329,0,0,0,0.005218668,1.56E-05,0,0,0,0,0,1.56E-05,0,0.000546866,0,0,0,0,0,0,0,0,0,0,0,0,0,0,0,0,0,0,0,0,0,0,0,0,0,0,0,0,0,0,0,0,0,0,0,0,0,0,0,0,0,0,0,0,0,0,0,0,0,0,0,0,0,0,0,0,0,0,0,0,0,0,0,0,0,0,0,0,0,0,0,0,0,0,0,0,0,0,0,0,0,0,0,0,0,0,0,0,0,0,0,0,0,0.00765613,0,0,0,0,0,0,0,0,0,0,0,0,0,0,0,0,0,0,0,0,0,0,0,0,0,0,0,0,0,0,0,0,0,0
D160SCLF.04,0,0,0,0,0,0,0,0,0,0,0,0,0,0,0,0,0,0,0,0,0,0,1.46E-05,0,0,0,0.137368506,0,0,0,0,0,0,0,0,0,0,0,5.85E-05,0,0,0,0,0,0,0,1.46E-05,0,0,0,0,0,0,0,0,0,0,0,0,0,0,0,0,0,0,0,0,0,0,0,0,0,0,0,0,0,0,0,0,0,0,0,0,0,0,0,0,0,0,0,0,0,0,0,0,0,0,0,0,0,0,0,0,0,0,0,0,0,0,0,0,0,0,0,0,0,0,1.46E-05,0,0,0,0,0,0,0,0,0,0,0,0.227611231,0,0,0,0,0,0,0.609752886,0,0,0,0.001682541,0.000146308,0,0,0,1.46E-05,1.46E-05,0,0,0.017132657,0,0,0,0,0,0,0,0,0,0,0,1.46E-05,0,0,0,0,0,0,0,0,0,0,0,0,0,0,0,0,0,0,0,0,0,0,0,0,0,0,0,0,0,0,0,0,0,0,0,0,0,0,0,0,0,0,0,0,0,0,0,0,0,0,0,0,0,0,0,0,0,0,0,0,0,0,5.85E-05,0,0,0,0,0,0,0,0,0,0,0,0,0,0,0,0,0,0,0.00610104,0,0,0,0,0,0,0,0,0,0,0,0,0,0,0,0,0,0,0,0,0,0,0,0,0,0,0,0,0,0,0,0,0,0
A160S1FH.04,0,0,0,0,0,0,0,0,0,0,0,0,0,0,0,0,0,0,0,0,0,0,0,0,0,0,0.047739228,0,0,0,0,0,0,0,0,0,0,0,0.000121629,0,0,0,0,0,0,0,0,0,0,0,0,0,0,0,0,0,0,0,0,0,0,0,0,0,0,0,0,0,0,0,0,0,4.56E-05,0,0,0,0,0,0,0,0,0,0,0,0,0,0,0,0,0,0,0,0,0,0,0,0,0,0,0,0,0,0,0,0,0,0,0,0,0,0,0,0,0,0,0,0,0,0,0,0,0,0,0,0,0,0,0,4.56E-05,0.364384103,0,0,0,0,0,0,0.514093715,0,0,0,0.000152036,0,0,0,0,0,0,0,0,0.0731292,0,0,0,0,0,0,0,0,0,0,0,0,0,0,0,0,0,0,0,0,0,0,0,0,0,0,0,0,0,0,0,0,0,0,0,0,0,0,0,0,0,0,0,0,0,0,0,0,1.52E-05,0,0,0,0,0,0,0,0,0,0,0.000258461,0,0,0,0,0,0,0,0,0,0,0,0,0,0,0,0,0,0,0,0,0,0,0,0,0,0,0,0,0,0,0,0,0,0,0,0,0,0,0,0,0,1.52E-05,0,0,0,0,0,0,0,0,0,0,0,0,0,0,0,0,0,0,0,0,0,0,0,0,0,0
F160S49G.04,0.000261521,0,0,0,0,0,0,0,0,0,0,0,0,0,0,0,0,0,0,0,0,0,0,0,0,0,0.000203406,0,0,0,0,0,0,0,0,0,0,0,0.000174348,0,0,0,0,0,0,0,0,0,0,0,0,0,0,0,0,0,0,0,0,0,0,0,0,0,0,0,0,0,0,0,0,0,0,0,0,0,0,0,0,0,0,0,0,0,0,0,0,0,0,0,0,0,0,0,0,0,0,0,0,0,0,0,0,0,0,0,0,0,0,0,0,0,0,0,0,0,0,0,0,0,0,0,0,0,0,0,0,0,0,0.341939327,0,0,0.000188877,0,0,0,0.514834079,0,0,0,0,0.001322136,0,0,0,0.000232464,0.000159819,0,0,0.108139129,0,0,0,0,0,0,0,0,0,0,0,0,0,0,0,0,0,0,0,0,0,0,0,0,0,0,0,0,0,0,0,0,0,0,0,0,0,0,0,0,0,0,0,0,0,0,0,0,0,0,0,0,0,0,0,0,0,0,0,0,0,0,0,0,0,0,0,0,0.000290579,0,0,0,0,0,0.004881734,0,0,0,0,0,0,0,0,0,0,0,0,0,0,0,0,0,0,0.027270878,0,0,0,0,0,0,0,1.45E-05,0,0,0,8.72E-05,0,0,0,0,0,0,0,0,0,0,0,0,0,0,0,0,0,0,0,0,0,0
K160QLXN.04,0,0,0,0,0,0,0,0,0,0,0,0,0,0,0,0,0,0,0,0,0,0,0,0,0,0,0.253560388,0,0,0,0,0,0,0,0,0,0,0,0,0,0,0,0,0,0,0,0,0,0.000303772,0,0,0,0,0,0,0,0,0,0,0,0,0,0,0,0,0,0,0,0,0,0,0,0,0,0,0,0,0,0,0,0,1.79E-05,0,0,0,0,0,0,0,0,0,0,0,0,0,0,0,0,0,0,0,0,0,0,0,0,0,0,0,0,0,0,0,0,0,0,0,0,0,0,0,0,0,0,0,0,0,0,0,0.287350571,0,0,0.000214427,0,0,0,0.409038114,0,0,0,0.000428855,3.57E-05,0,0,5.36E-05,0,0,0,0,0.000410986,0,0,0,0,0,0,0,0,0,0,0,1.79E-05,0,0,0,0,0,0,0,0,0,0,0,0,0,0,0,0,0,0,0,0,0,0,0,0,0,0,0,0,0,0,0,0,0,0,0,0,0,0,0,0.000142952,0,0,0,0,0,0,0,0,0,0,0,0,0,0,0,0.000589675,0,0,0,0,0,0,0,0,0,0,0,0,0,0,0,0,0,0,0,0,0,0,0,0,0,0.000446724,0,0,0,0,0,0,0,0,0.046870254,0,0,0.0005182,0,0,0,0,0,0,0,0,0,0,0,0,0,0,0,0,0,0,0,0,0,0
C160RMHN.04,0,0,0,0,0,0,0,0,0,0,0,0,0,0,0,0,0,0,0,0,0,0,0,0,0,0,0.804666887,0,0,0,0,0,0,0,0,0,0,0,0,0,0,0,0,1.65E-05,0,0,0,0,0,0,0,0,0,0,0,0,0,0,0,0,0,0,0,0,0,0,0,0,0,0,0,0,0,0,0,0,0,0,0,0,0,0,0,0,0,0,0,0,0,0,0,0,0,0,0,0,0,0,0,0,0,0,0,0,0,0,0,0,0,0,0,0,0,0,0,0,0,0,0,0,0,0,0,0,0,0,0,0,0,0.068931398,0,0,3.30E-05,0,0,0,0.112994723,0,0,0,4.95E-05,0,0,0,0,1.65E-05,0.001253298,0,0,0.000346306,0,0,0,0,0,0,0,0,0,0,0,0,0,0,0,0,0,0,0,0,0,0,0,0,0,0,0,0,0,0,0,0,0,0,0,0,0,0,0,0,0,0,0,0,0,0,0,0,0,0,0,0,0,0,0,0,0,0,0,0,0,0,0,0,0,0,0,0,0,0,0,0,0,0,0,0,0,0,0,0,0,0,0,0,0,0,0,0,0,0,0,0,0,0.011691953,0,0,0,0,0,0,0,0,0,0,0,0,0,0,0,0,0,0,0,0,0,0,0,0,0,0,0,0,0,0,0,0,0,0
B160RXS3.04,0,0,0,0,0,0,0,0,0,0,0,0,0,0,0,0,0,0,0,0,0,0,0,0,0,0,0.042871656,0,0,0,0,0,0,0,0,0,0,0.002912293,0,0,0,0,0,0,0,0,0,0,0,0,0,0,0,0,0,0,0,0,0,0,0,0,0,0,0,0,0,0,0,0,0,0,0,0,0,0,0,0,0,0,0,0,0,0,0,0,0,0,0,0,0,0,0,0,0,0,0,0,0,0,0,0,0,0,0,0,0,0,0,0,0,0,0,0,0,0,0,3.39E-05,0,0,0,0,0,0,0,0,0,0,0,0.354825601,0,0,0.004368439,0,0,0,0.540433458,0,0,0,0,0,0,0,0,0,0.002776837,0.00149001,0,0.031865899,0,0,0,0,0,0,0,0,0,0,0,0.002810701,0,0,0,0,0,0,0,0,0,0,0,0,0,0,0,0,0,0,0,0,0,0,0,0,0,0,0,0,0,0,0,0,0,0,0,0,0,0,0,0,0,0,0,0,0,0,0,0,0,0,0,0,0,0,0,0.003962072,0,0,0,0,0,0,0.011141212,0,0,0,0,0,0,0,0,0,0,0,0,0,0,0,0,0,0,3.39E-05,0,0,0,0,0,0,0,3.39E-05,0,0,0,0,0,0,0,0,0,0,0,0,0,0,0,0,0,0,0,0,0,0,0,0,0,0.00044023
E160RST4.04,0,0,0,0,0,0,0,0,0,0,0,0,0,0,0,0,0,0,0,0,0,0,0,0,0,0,0.251078516,0,0,0,0,0,0,0,0,0,0,0,0.000986072,0,0,0,0,0,0,0,0.017995809,0,0,0,0,0,0,0,0,0,0,0,0,0,0,0,0,0,0,0,0,0,0,0,0,0,0,0,0,0,0.008011833,0,0,0,0,0.000123259,0,0,0,0,0,0,0.027610009,0,0,0,0,0,0,0,0,0,0,0,0,0,0,0,0,0,0,0,0,0,0,0,0,0,0,0,0,0,0,0,0,0,0,0,0,0,0,0,0,0.276716381,0,0,0.000369777,0,0,0,0.38062369,0,0,0,0,0.000246518,0,0,0,0.000123259,0.000369777,0,0,0.001848885,0,0,0,0,0,0,0,0,0,0,0,0.002218661,0,0,0,0,0,0,0,0,0,0,0,0,0,0,0,0,0,0,0,0,0,0,0,0,0,0,0,0,0,0,0,0,0,0,0,0,0,0,0,0,0,0,0,0,0,0,0,0,0,0,0,0,0,0,0,0,0,0,0,0,0,0,0.008135092,0,0,0,0,0,0,0,0,0,0,0,0,0,0,0,0,0,0,0.000739554,0,0,0,0,0,0,0.000369777,0,0,0,0,0,0,0,0,0,0,0,0,0,0,0,0,0,0,0,0,0,0,0,0,0,0,0.022433132
E160SBP9.04,0,0,0,0,0,0,0,0,0,0,0,0,0,0,0,0,0,0,0,0,0,0,0,0,0,0,0.439146779,0,0,0,0,0,0,0,0,0,0,0,0,0,0,0,0,0,0,0,0.000503474,0,0,0,0,0,0,0,0,0,0,0,0,0,0,0,0,0,0,0,0,0,0,0,0,0,0.000117477,0,0,0.000855906,0,0,0,0,0,0,0,0,0,0,0,0,0,0,0,0,0,0,0.000604169,0,0,0,0,0,0,0,0,0,0,0,0,0,0,0,0,0,0,0,0,0,0,0,0,0,0,0,0,0,0,0,0,0,0,0.187225187,0,0,0,0,0,0,0.287198335,0,0,0,0.000872688,0,0,0,0,0,0,0,0,0.082737556,0,0,0,0,0,0,0,0,0,0,0,0,0,0,0,0,0,0,0,0,0,0,0,0,0,0,0,0,0,0,0,0,0,0,0,0,0,0,0,0,0,0,0,0,0,0,0,0,1.68E-05,0,0,0,0,0,0,0,0,0,0,0,0,0,0,0,0,0,0,0,0,0,0,0,0,0,0,0,0,0,0,0,0,0,0,0,0,0,0,0,0,0,0,0,0,0.000721646,0,0,0,0,0,0,0,0,0,0,0,0,0,0,0,0,0,0,0,0,0,0,0,0,0,0,0,0,0,0,0,0,0,0
A160T09Y.04,1.89E-05,0,0,0,0,0,0,0,0,0,0,0,0,0,0,0,0,0,0,0.0001136,0,0,1.89E-05,0,0,0,0.675464339,0,0,0,0,0,0,0,0,0,0,0,0.0001136,0,0,0,0,0,0,0,1.89E-05,0,0,0,0,0,0,0,0,0,0,0,1.89E-05,0,0,0,0,0,0,0,0,0,0,0,0,0,0,0,0,0.0001704,0.001306398,0,0,0,0,0.000321866,0,0,0,0,0,0.003843459,0.000246133,0,0,0,0,0,0,0,0,0,0,0,0,0,0,0,0,0,0,0,0,0,0,0,0,0,0,0,0,0,0,0,0,0,0,0,0,0,0,0,0,0.100289679,0,0,0,0,0,0,0.156975974,0,0,0,0.013783441,0,0,0,0,0,0.000132533,0,0,0.020959161,0,0,0,0,0,0,0,0.0001136,0,0,0,0.000132533,0,0,0.002271996,0,0,0,0,0,0,0,0,0,0,0,0,0,0,0,0,0,0,0,0,0,0,0,0,0,0,0,0,0,0,0,0,0,9.47E-05,0,0,0,0,0,0,0,0,0,0,0,0,0,0,0,0,0,0,0,0,0,0,0,0,0,0.021867959,0,0,0,0,0,0,0,0,0,0,0,0,0,0,0,0,0,0,0.000397599,0,0,0,0,0,0,0.001325331,0,0,0,0,0,0,0,0,0,0,0,0,0,0,0,0,0,0,0,0,0,0,0,0,0,0,0
E160S7KZ.04,0,0,0,0,0,0,0,0,0,0,0,0,0,0,0,0,0,0,0,0,0,0,0,0,0,0,0.040032745,0,0,0,0,0,0,0,0,0,0,0,1.61E-05,0,0,0,0,0,0,0,0,0,0,0,0,0,0,0,0,0,0,0,0,0,0,0,0,0,0,0,0,0,0,0,0,0,0,0,0,0,0,0,0,0,0,0,0,0,0,0,0,0,0,0,0,0,0,0,0,0,0,0,0,0,0,0,0,0,0,0,0,0,0,0,0,0,0,0,0,0,0,0,0,0,0,0,0,0,0,0,0,0,0,0.176343119,0,0,0,0,0,0,0.269635147,0,0,0,0,0.001733575,0,0,1.61E-05,0,1.61E-05,9.63E-05,0,0.477343136,0,0,0,0,0,0,0,0,0,0,0,0,0,0,3.21E-05,0,0,0,0,0,0,0,0,0,0,0,0,0,0,0,0,0,0,0,0,0,0,0,0,0,0,0,0,0,0,0,0,0,0,0,0,0,0,0,0,0,0,0,0,0,0,0,0,0,0,0,0,0,0,0,0,0,0,0,0.012616575,0,4.82E-05,0,0,0,0,0,0,0,0,0,0,0,0,0,0,0,0,0.002086711,0,0,0,0,0,0,0,0,0,0,0,0.019936115,0,0,0,0,0,0,0,0,0,0,0,0,0,0,0,0,0,0,0,0,0,4.82E-05
E160S6B4.04,0,0,0,0,0,0,0,0,0,0,0,0,0,0,0,0,0,0,0,0,0,0,0,0,0,0,0.007016172,0,0,0,0,0,0,0,0,0,0,0,0,0,0,0,0,0,0,0,0,0,0,0,0,0,0,0,0,0,0,0,0,0,0,0,0,0,0,0,0,0,0,0,0,0,6.90E-05,0,0,0,0,0,0,0,0,0,0,0,0,0,0,0,0,0,0,0,0,0,0,0,0,0,0,0,0,0,0,0,0,0,0,0,0,0,0,0,0,0,0,0,0,0,0,0,0,0,0,0,0,0,0,0,2.30E-05,0.330818247,0,0,0,0,0,0,0.525614778,0,0,0,0,0.000414069,0,0,0,0,4.60E-05,0,0,0.007821306,0,0,0,0,0,0,0,0,0,0,0,0,0,0,0,0,0,0,0,0,0,0,0,0,0,0,0,0,0,0,0,0,0,0,0,0,0,0,0,0,0,0,0,0,0,0,0,0,0,0,0,0,0,0,0,0,0,0,0,0,0,0,0,0,0,0,0,0,0,0,0,0,0,0,0.000529088,0,0,0,0,0,0,0,0,0,0,0,0,0,0,0,0,0,0,0.086793495,0,0,0,0,0,0,4.60E-05,0,0,0,0,0.040785811,0,0,0,0,0,0,0,0,0,0,0,0,0,0,0,0,0,0,0,0,0,2.30E-05
D160RZGG.04,0,0,0,0,0,0,0,0,0,0,0,0,0,0,0,0,0,0,0,0,0,0,0,0,0,0,0.005294531,0,0,0,0,0,0,0,0,0,0,0,0,0,0,0,0,0,0,0,0,0,0,0,0,0,0,0,0,0,0,0,0,0,0,0,0,0,0,0,0,0,0,0,0,0,0.000240661,0,0,0,0.002314043,0,0,0,0,0,0,0,0,0,0,0,0,0,0,0,0,0,0,0,0,0,0,0,0,0,0,0,0,0,0,0,0.000129586,0,0,0,0,0,0,0,0,0,0,0,0,0,0,0,0,0,0,0,0,0.137546744,0,0,0.000185123,0,0,0,0.209874486,0,0,0,0,0.048169129,0,0,0,0,0,0.002277019,0,0.569458329,0,0,0,0,0,0,0,0.000481321,0,0,0,0.017290533,0,0,0,0,0.000666445,0,0,0,0,0,0,0,0,0,0,0,0,0,0,0,0,0,0,0,0,0,0,0,0,0,0,0,0,0,0,0,0,0,0,0,0,0,0,0,0,0,0,0,0,0,0,0,0,0,0,0,0,0,0,0,0,0,0.000462809,0,0.000148099,0,0,0,0,0,0,0,0,0,0,0,0,0,0,0,0,0.005461143,0,0,0,0,0,0,0,0,0,0,0,0,0,0,0,0,0,0,0,0,0,0,0,0,0,0,0,0,0,0,0,0,0,0
G160PY41.04,0,0,0,0,0,0,0,0,0,0,0.000852134,0,0,0,0,0,0,0,0,0,0,0,0,0,0,0,0.007243142,0,0,0,0,0,0,0,0,0,0,0,0,0,0,0,0,0,0,0,0.002211492,0,0,0,0,0,0,0,0,0,0,0,0,0,0,0,0,0,0,0,0,0,0,0,0,0,0,0,0,0,0,0,0,0,0,0,0,0,0,0,0,0,0,0,0,0,0,0,0,0,0,0,0,0,0,0,0,0,0,0,0,0,0,0,0,0,0,0,0,0,0,0,0,0,0,0,0,0,0,0,0,0,0,0.398494563,0,0,0.004625872,0,0,0,0.569611264,0,0,0,0,0,0,0,0,0,0.00298247,0,0,0.000669534,0,0,0,0,0,0,0,0,0,0,0,0,0,0,0,0,0,0,0,0,0,0,0,0,0,0,0,0,0,0,0,0,0,0,0,0,0,0,0,0,0,0,0,0,0,0,0,0,0,0,0,0,0,0,0,0,0,0,0,0,0,0,0,0,0,0,0,0.000953579,0,0,0,0,0,0,0,0,0,0,0,0,0,0,0,0,0,0,0,0,0,0,0,0,0,0,0,0,0,0,0,0,0,0,0,0,0,0,0,0,0,0,0,0,0,0,0,0,0,0,0,0.008115566,0,0,0,0,0,0,0,0.004240383
A160TRBB.04,0,0,0,0,0,0,0,0,0,0,0,0,0,0,0,0.00058306,0,0,0,0,0,0,0.002189715,0,0,0,0.00212493,0,0,0,0.000272095,0,0,6.48E-05,0,0,0,0.000323922,0.000492362,0,0,0,0.000388707,0.000129569,0,0,0.000803327,0,0,0,0,0,0,0,0,0,0,0,1.30E-05,0,0,0,0,0,0,0,0,0,0,0,0,0,0,0,0.000686715,0.003848197,0.009730626,0.000220267,0,0.000233224,0,0.012011039,0,0,0,0,0,0.001425258,0.001995361,0,0,0,0,0,0.000531233,0,0,0,0,0,0,0,0,0,0,0,0,0,0,0,0,0,0,0,0,0,0,0.003278094,0,0,0,0,0,0,0,0,0,0,0,1.30E-05,0,0,0.000298009,0,0,0,0.002552508,0,0,0,0,0.009432618,0,0,0.00079037,0.007450213,0.000596017,0.000323922,0.000336879,0.147812229,0,0,6.48E-05,0.000362793,0.000349836,0,0,0.009769497,0,0,0.007437256,0.019901787,0,0.000660802,0,0,0.00154187,0,0.003031913,0.000906982,0,0,0,0,0,0,0,0,0,0,0,0,0,0,0,0,0,0,0,0,0,0,0,0,0,0,0,0,0.000634888,0,0,0.000259138,0,0.000285052,0,0,0,0,0,0,0,0,0,0,0,0,0.00020731,0.000401664,0.000298009,0,0,0,0,0,0.193200223,0,0,0,0,0,0,0,0,0,0,0,0,0,0,0,0,0,0,0.000349836,0,0,0,0,0,0,0.000777414,0.5461978,0,0,0,0.001399344,0,0,0,0,0,0,0,0,0,0.000855155,0,0,0,0,0,0,0,0,0,0.000155483,0,0
C160S01Z.04,0,0,0,0,0,0,0,0,0,0,0,0,0,0,0,0,0,0,0,0,0,0,3.12E-05,0,0,0,0.00046834,0,0,0,0,0,0,0,0,0,0,0,0,0,0,0,0,0,0,0,0.001092794,0,0,0,0,0,0,0,0,0,0,0,0,0,0,0,0,0,0,0,0,0,0,0,0,0,0.00046834,0,0,0,0,0,0,0,0,0,0,0,0,0,0,0,0,0,0,0,0,0,0,0,0,0,0,0,0,0,0,0,0,0,0,0,0,0,0,0,0,0,0,0,0,0,0,0,0,0,0,0,0,0,0,0,0,0.025946047,0,0,0,0,0,0,0.041182715,0,0,0,0,0,0,0,0,0,0,0,0,0.915355314,0,0,0,0,0,0,0,0,0,0,0,0,0,0,0,0,0,0,0,0,0,0,0,0,0,0,0,0,0,0,0,0,0,0,0,0,0,0,0,0,0,0,0.003746722,0,0,0,0,0,0,0,0,0.004714625,0,0,0,0,0,0,0,0,0,0,0,0,0,0,0,0.00256026,0,0,0,0,0,0,0,0,0,0,0,0,0,0,0,0,0,0,0,0,0,0,0,0,0,0,0,0,0,0,0,0,0,0,0,0,0,0,0,0,0,0,0,0,0,0,0,0,0,0,0,0,0,0,0,0,0,0,0,0.004433621
F160SB0X.04,0,0,0,0,0,0,0,0,0,0.000165941,0,0,0,0,0,0,0,0,0,0,0,0,0,0,0,0,0.171159378,0,0,0,0,0,0,0,0,0,0,0,1.84E-05,0,0,0,0,0,0,0,0.000295007,0,0,0,0,0,0,0,0,0,0,0,0,0,0,0,0,0,0,0,0,0,0,0,0,0,0,0,0,0,0,0,0,0,0,0,0,0,0,0,0,0,3.69E-05,0,0,0,0,0,0,0,0,0,0,0,0,0,0,0,0,0,0,0,0,0,0,0,0,0,0,0,0,0,0,0,0,0,0,0,0,0,0,0,0,0.00232318,0,0,0,0,0,0,0.689210119,0,0,0,0.000184379,3.69E-05,0,0,0,0,0,0,0,0.136293237,0,0,0,0,0,0,0,0,0,0,0,0,0,0,1.84E-05,0,0,0,0,0,0,0,0,0,0,0,0,0,0,0,0,0,0,0,0,0,0,0,0,0,0,0,0,0,0,0,0,0,0,0,0,0,0,0,0,0,0,0,0,0,0,0,0,0,0,0,0,3.69E-05,0,0,0,0,0,0,9.22E-05,0,0,0,0,0,0,0,0,0,0,0,0,0,0,0,0,0,0,0,0,0,0,0,0,0,0,0,0,0,0,0,0,0,0,0,0,0,0,0,0,0,0,0,0,0,0,0,0,0,0,0,0,0.000129066
J160SGHR.04,0,0,0,0,7.51E-05,0,0,0,0,0,0,0,0,0,0,0.000300576,0,0,0,0,0,0,0,0,0,0.000300576,0.431942169,0,0,0,0,0,0,0,0,0,0,1.50E-05,0.001367619,0,0,0,0,0.000180345,0,0,0.009212642,0,0,0,0,0,0,0,0,0,0,0,0,0,0,0,0,0,0,0,0,0,0,0,0,0,7.51E-05,0,0,0,0,0,0,0,0,0.007694735,0,0,0,0,0,0,0.000510979,0,0,0,0,0,0,0,0,0,0,0,0,0,0,0,0,0,0,0,0,0,0,0,0,0,0,0,0,0,0,0,0,0,0,0,0,0,0,0,0.000225432,0.000961842,0,0,0.000631209,0,0,0,0.002524835,0,0,0,1.50E-05,0.006131742,0,0,0.101940216,0.003727137,6.01E-05,0.00689821,0,0.379852417,0,0,0,0,0,0,0,0,0,0,0,0.037541893,0,0,0.000405777,0,0,0,0,0,0,0,0,0,0,0,0,0,0,0,0,0,0,0,0,0.000150288,0,0,0,0,0,0,0,0,0,0,0,0,0,0,0,0.000526007,0,0,0,0,0,0,0,0,0.000255489,0,0,0,0,0,0,0.000105201,0,0,0,0,0,0,0.005680879,0,0,0,0,0,0,0,0,0,0,0,0,0,0,0,0,0,0,0,0,0,0,0,0,0,1.50E-05,0.00024046,0,0,0,0,0,0,0,0,0,0,0,0,0,0,0,0,0,0,0,0,0,0,0,0,0,0.000435835
D160SYJ3.04,0,0,0,0,0,0,0,0,0,0,0,0,0,0,0,0,0,0,0,0,0,0,0.000438962,0,0,0,0.12549932,0,0,0,0,0,0,0,0.000329222,0,0,0,0,0,0.000724288,0,0,0,0,0,0.000109741,0,0,0,0,0,0,0,6.58E-05,0,0,0,0.00081208,0,0,0,0,0,0,0,0,0,0,0,0,0,0,0,0,0,0.006255213,0,0,0,0,0.007001449,0,0,0,0,0,0,0,0,0,0,0,0,0,0,0,0,0,0,0,0,0,0,0,0,0,0,0,0,0,0,0,0,0,0,0,0.00105351,0,0,0,0,0,0,0,0,0,0,0,0.00338001,0,0,0,0,0,0,0.003314165,0,0,0,0,0.034656073,0,0,0.220819982,0.003862868,0,0,0,0.525284228,0,0,0,0,0,0,0,0.010381458,0,0,0.000768184,0.042601291,0,0,0,0,0.000219481,0,0,0,0,0,0,0,0,0,0,0,0,0,0,0,0,0,0,0,0,0.000834028,0,0,0,0,0.000263377,0,0,0,0,0,0,0,0,0,0,0,0.000395066,0,0,0,0,0,0.000175585,0,0,0,0,0,0,0,0,0,0,0,0,0,0.007879373,0,0,0,0,0,0,0,0,0,0,0,0,0,0,0,0,0,0,0.000724288,0,0,0,0,0,0,0.000724288,0.00116325,0,0,0,0,0,0,0,0,0,0,0,0,0,0,0,0,0,0,0,0,0,0,0,0,0,0.000263377
C160T2KS.04,2.57E-05,0,0,0,0,0,0,0,0,0,0,0,0,0,0,0,0,0,0,0,0,0,0.000180023,0,0,0,2.57E-05,0,0,0,0,0,0,0,0,0,0,2.57E-05,0.00061722,0,0,0,0,0,0,0,7.72E-05,0,0,0,0,0,0,0,0,0,0,0,0.00041148,0,0,0,0,0,0,0,0,0,0,0,0,0,0,0,0,0.001697356,0.026720502,0,0,0,0,0,0,0,0,0,0,0.001928814,0.097880876,0,0,0,0,0,0,0,0,0,0,0,0,0,0,0,0,0,0,0,0,0,0,0,0,0,0,0,0,0,0,0,0,0,0,0,0,0,0,0,2.57E-05,0.001208723,0,0,0,0,0,0,0,0,0,0,0,0.027234852,0,0,0.000694373,0.003291842,0,0,0,0.636894352,0,0,0,0,0,0,0,0.005529267,0,0,0,0.088854027,0,0.00041148,0,0,0,0,0,7.72E-05,0,0,0,0,0,0,0,0,0,0,0,0,0,0,0,2.57E-05,0,0,0,0,0,0,0,0,0,0,0,0,0,0,0,0,0,0,0,0,0,0,0,0,0,0,0,0,0,0,0.001877379,0,0,0,0,0,0,0,0.089702705,0,0,0,0,0,0,0,0,0,0,0,0,0,0.013758873,0,0,0,0,2.57E-05,0,0,0,0,0,0,0.000745808,0,0,0,0,5.14E-05,0,0,0,0,0,0,0,0,0,0,0,0,0,0,0,0,0,0,0,0,0,0
F160SFWC.04,0,0,0,0,0,0,0,0,0,0,0,0,0,0,0,0,0,0,0,0,0,0,0.001179402,0,0,0,0,0,0,0,0,0,0,0,0,0,0,0,0,0,0,0,0,0,0,0,0.000282392,0,0,0,0,0,0,0,0,0,0,0,0,0,0,0,0,0,0,0,0,0,0,0,0,0,3.32E-05,0,0,0.001245847,0.001345515,0,0,0,0,0,0,0,0,0,0,0,0,0,0,0,0,0,0,0,0,0,0,0,0,0,0,0,0,0,0,0,0,0,0,0,0,0,0,0,0,0.000930233,0,0,0,0,0,0,0,0,0,0,0.000249169,0.001893688,0,0,0,0,0,0,0.873438538,0,0,0,0.000232558,0.004302326,0,0,0.015813953,0.002259136,0,0,0,0.076594684,0,0,0,0,0,0,0,0,0,0,0,0.005149502,0,0,0,0,0.000332226,0,0,0,0,0,0,0,0,0,0,0,0,0,0,0,0,0,0,0,0,0.000465116,0,0,0,0,0,0,0,0,0,0,0,0,0,0.000465116,0,0,0,0,0,0,0,0,0,0,0,0,0,0,0,0,0,0,0,0,0,0,0.001893688,0,0,0,0,0,0,0,0,0,0,0,0,0,0,0,0,0,0,0,0,0,0,0,0,0,0,0.011893688,0,0,0,0,0,0,0,0,0,0,0,0,0,0,0,0,0,0,0,0,0,0,0,0,0,0
J160SB7C.04,0,0,0,0,0,0,0,0,0,0,0,0,0,5.18E-05,0,0,0,0,0,0,0,0,0.003987778,0,0,0,0.009788182,0,0,0,0,0,0,0,0,0,0,0,0.005489668,0,0,0,0.005541457,0,0,0,0.023926666,0,0,0,0,0,0,0,0,0,0,0,0,0,0,0,0,0,0,0,0,0,0,0,0,0,0,0,0,0,0.002744834,0,0,0,0,0,0,0,0,0,0,0.004246724,0,0,0,0,0,0,0,0,0,0,0,0,0,0,0,0,0,0,0,0,0,0,0,0,0,0,0,0,0,0,0,0,0,0,0,0,0,0,0,0,0,0.003366306,0,0,0,0,0,0,0.62167901,0,0,0,0,0.0106686,0,0,0.00150189,0.007716609,0,0,0,0.161323735,0,0,0,0.004194935,0,0,0,0,0,0,0,0.016624372,0,0,0,0,0,0,0,0,0,0,0,0,0,0,0,0,0,0,0,0,0,0,0,0,0,0,0,0,0,0,0,0,0,0,0,0,0,0,0,0.006214719,0,0,0,0,0,0,0,0,0,0,0,0,0,0,0,0,0,0,0,0,0,0,0.106686001,0,0,0,0,0,0,0,0,0,0,0,0,0,0,0,0,0,0,0,0,0,0,0,0,0,0,0.003987778,0,0,0,0,0,0,0,0,0,0,0,0,0,0,0,0,0,0,0,0,0,0,0,0,0,0.000258947
B160SBKP.04,0,0,0,0,0,0,0,0,0,0,0,0,0,0,0,0,0,0,0,0,0,0,0,0,0,0,0.246978073,0,0,0,0,0,0,0,0,0,0,0,0,0,0,0,0,0,0,0,0,0,0,0,0,0,0,0,0,0,0,0,0,0,0,0,0,0,0,0,0,0,0,0,0,0,0,0,0,0,0,0,0,0,0,0,0,0,0,0,0,0,0,0,0,0,0,0,0,0,0,0,0,0,0,0,0,0,0,0,0,0,0,0,0,0,0,0,0,0,0,3.38E-05,0,0,0,0,0,0,0,0,0,0,0,0.003888354,0,0,3.38E-05,0,0,0,0.730638535,0,0,0,0.000185965,8.45E-05,0,0,0,0,3.38E-05,0,0,0.018055485,0,0,0,0,0,0,0,0,0,0,0,0,0,0,0,0,0,0,0,0,0,0,0,0,0,0,0,0,0,0,0,0,0,0,0,3.38E-05,0,0,0,0,0,0,0,0,0,0,0,0,0,0,0,0,0,0,0,0,0,0,0,0,0,0,0,0,0,0,0,0,0,0,0,0,0,0,0,0,0,0,0,0,0,0,0,0,0,0,0,0,0,0,0,0,0,0,0,0,0,0,0,0,0,0,0,0,0,0,0,0,0,0,0,0,0,0,0,0,0,0,0,0,0,0,0,0,0,0,0,3.38E-05
E160S32H.04,0,0,0,0,0,0,0,0,0,0,0,0,0,0,0,0,0,0,0,0,0,0,0,0,0,0,0.219080538,0,0,0,0,0,0,0,0,0,0,0,0,0,0,0,0,0,0,0,0,0,0,0,0,0,0,0,0,0,0,0,0,0,0,0,0,0,0,0,0,0,0,0,0,0,0,0,0,0,0,0,0,0,0,0,0,0,0,0,0,0,0,0,0,0,0,0,0,0,0,0,0,0,0,0,0,0,0,0,0,0,0,0,0,0,0,0,0,0,0,0,0,0,0,0,0,0,0,0,0,0,0.00035887,0.002530976,0,0,0.000585524,0,0,0,0.000906618,0,0,0,0,0.002549864,0,0,0,0,0,0,0,0.131648534,0,0,0,0,0,0,0,0,0,0,0,0,0,0,0,0,0,0,0,0,0,0,0,0,0,0,0,0,0,0,0,0,0,0,0,0,0,0,0,0,0,0,0,0,0,0,0,0,0,0,0,0,0,0,0,0,0,0,0,0,0,0,0,0,0,0,0,0,0,0,0,0,0,0,0,0,0,0,0,0,0,0,0,0,0,0,0,0,0,0,0,0,0,0.642093533,0,0,0,0,0,0,0,0,0,0,0,0,0,0,0,0,0,0,0,0,0,0,0,0,0,0,0,0,0,0,0,0,0,0.000245542
E160SYK0.04,0,0,0,0,0,0,0,0,0,0,0,0,0,0,0,0,0,0,0,0,0,0,9.21E-05,0,0,0,0.625005754,0,0,0,0,0,0,0,0,0,0,0,0.000736547,0,0,0,0,0,9.21E-05,0,2.30E-05,0,0,0,0,0,0,0,0,0,0,0,0,0,0,0,0,0,0,0,0,0,0,0,0,0,0,0,0,0.000184137,0.001173871,0,0,0,0,0.001588178,0,0,0,0,0,0,0,0,0,0,0,0,0,0,0,0,0,0,0,0,0,0,0,0,0,0,0,0,0,0,0,0,0,0,0,0.000207154,0,0,0,0,0,0,0,0,0,0,0,0.000483359,0,0,0.00039129,0,0,0,0.000598444,0,0,0,0,0.003981955,0,0,0.201123233,0.001219905,0,0,0,0.153178659,0,0,0,0,0.000575427,0,0,0.000920683,0,0,0,0.004994706,0,0,0.000414307,0,0.00165723,0,0,0,0,0,0,0,0,0,0,0,0,0,0,0,0,0,0,0,0,0,0,0,0,0,0,0,0,0.000322239,0,0,0,0,0,0,0,0,0,0,0,0,0,0,0,0,0,0,0,0,0,0,0,0,0,0,0,0,0.001035769,0,0,0,0,0,0,0,0,0,0,0,0,0,0,0,0,0,0,0,0,0,0,0,0,0,0,0,0,0,0,0,0,0,0,0,0,0,0,0,0,0,0,0,0,0,0,0,0,0,0,0,0,0
A160QMJ6.04,0,0,0,0,0,0,0,0,0,0,0,0,0,0,0,0,0,0,0,0,0,0,0.040598256,0,0,0,0.005023645,0,0,0,0,0,0,0,0,0,0,0,0.002192731,0,0,0,0,0,0,0,0.001947276,0,0,0,0,0,0,0,0,0,0,0,0,0,0,0,0,0,0,0,0,0,0,0,0,0,0.000949093,0,0,0,0,0,0,0,0,0,0,0,0.001325457,0,0,0,0.000900002,0,0,0,0,0,0,0,0,0,0,0,0,0,0,0,0,0,0,0,0,0,0,0,0,0,0,0,0,0.001538185,0,0,0,0,0,0,0,0,0,0,0,0.017427304,0,0,0.001341821,0,0,0,0.023170951,0,0.001014547,0,0,0.004810918,0,0,0.004156371,0.000589092,0,0.005596374,0,0.833205151,0,0,0,0,3.27E-05,0,0,0,0,0,0,0.024480045,0,0,0.002389095,0,0,0,0,0,0,0,0,0,0,0,0,0,0,0,0,0,0,0,0,0.00343637,0,0,0,0,0,0,0,0,0,0,0,0,0,0,0,0,0,0,0,0,0,0,0,0,0,0,0,0,0,0,0,0.004778191,0,0,0,0,0,0,0,0,0.003043642,0,0,0,0,0,0,0,0,0,0,0,0,0,0,0,0,0.001325457,0,0,0,0,0,0,0,0,0,0,0,0,0,0,0,0,0,0,0,0,0,0,0,0,0,0.009981836,0,0,0,0,0,0,0,0.004745463
D160RXF8.04,0,0,0,0,0,0,0,0,0,0,0,0,0,0,0,0,0,0,0,0,0,0,0.001602564,0,0,0,0.000139353,0,0,0,0,0,0,0,0,0,0,8.36E-05,0.000780379,0,0,0,0,0,0,0,0.000195095,0,0,0,0,0,0,0,0,0,0,0,0,0,0,0,0,0,0,0,0,0,0,0,0,0,0,0,0,0,0,0,0,0,0,0,0,0,0,0,0,0,0,0,0,0,0,0,0,0,0,0,0,0,0,0,0,0,0,0,0,0,0,0,0,0,0,0,0,0,0,0,0,0,0,0,0,0,0,0,0,0,0,6.97E-05,0,0,0.000334448,0,0,0,5.57E-05,0,0,0,0,0.000111483,0,0,0,0.025515608,0,0,0,0.888921405,0,0,0,0,0,0,0,0,0,0,0,0.081661093,0,0,0,0,0,0,0,0,0,0,0,0,0,0,0,0,0,0,0,0,0,0,0,0,0,0,0,0,0,0,0,0,0,0.000278707,0,0,0,0,0,0,0,0,0,0,0,0,0,0,9.75E-05,0,0,0,0,0,0,0,0,0,0,0,0,0,0,0,0,0,0,0,0,0,0,0,0,0,0,0,0,0,0,0,0,0,0,0,0,0,0,0,0,0,0,0,0,0,0,0,0,0,0,0,0,0,0,0,0,0,0,0,0,0,0,0,0,0,0,0.000153289
H160S4D5.04,0,0,0,0,0,0,0,0,0,0,5.57E-05,0,0,0,0,0,0,0,0,0,0,0,0,0,0,0,0.631464677,0,0,0,0,0,0,0,0,0,0,0,0,0,0,0,0,0,0,0,0.00116907,0,0,0,0,0,0,0,0,0,0,0,0,0,0,0,0,0,0,0,0,0,0,0,0,0,0,0,0,0,0,0,0,0,0,0,0,0,0,0,0,0,0,0,0,0,0,0,0,0,0,0,0,0,0,0,0,0,0,0,0,0,0,0,0,0,0,0,0,0,0,0,0,0,0,0,0,0,0,0,0,0,0,0.020709236,0,0,0.004787619,0,0,0,0.015531927,0,0,0,0,0.028892724,0,0,0,0,0,0,0,0.28408395,0,0,0,0,0,0,0,0,0,0,0,0,0,0,0,0,0,0,0,0,0,0,0,0,0,0,0,0,0,0,0,0,0,0,0,0,0,0,0,0,0,0,0,0,0,0,0,0,0,0,0,0,0,0,0,0,0,0,0,0,0,0,0,0,0,0,0.00089072,0,0,0,0,0,0,0,0.00011134,0,0,0,0,0,0,0,0,0,0,0,0,0,0,0,0,0,0,0.010911318,0,0,0,0,0,0,0,0.00022268,0,0,0,0,0,0,0,0,0,0,0,0,0,0,0,0,0,0,0,0,0,0,0,0,0,0.00116907
B160T66Z.04,0,0,0,0,0,0,0,0,0,0,0,0,0,0,0,0,0,0,0,0,0,0,0.002823417,0,0,0,6.80E-05,0,0,0,0,0,0,0,0,0,0,0,0.000799401,0,0,0,0,0,0,0,0.000102051,0,0,0,0,0,0,0,0,0,0,0,0,0,0,0,0,0,0.000204102,0,0,0,0,0,0,0,1.70E-05,0,0.000527265,0.0013947,0.094771575,0,0,0,0,6.80E-05,0,0,0,0,0,0,0,0,0,0,0,0,0,0,0,0,0,0,0,0,0,0,0,0,0,0,0,0,0,0,0,0,0,0,0,0,0,0,0,0,0,0,0,0,0,0,0,0.000646324,0,6.80E-05,0,0,0,0,0.001054529,0,0,0,0,0.002279144,0,0,0,0.011684866,0,0,0,0.728169541,0,0,0,0,0.001122564,0,0,0.000374188,0,0,0,0.0940232,0,0,0,0,0,0,6.80E-05,0.000289145,0,0,0,0,0,0,0,0.001224615,0,0,0,0,0,0,0,0,0,0,0,0,0,0,0,0,0.000782393,0,0,0,0,0,0,0.00081641,0,0,0,0,0,0,0,0,0.000510256,0,0,0,0,0,0,0.000731367,0.000595299,0,0,0,0,0,0.000833418,0,0,0,0,0,0,0,0,0,0,0,0,0,0,0,0,0,0,0,0,0,0,0,0,0,0.053729972,8.50E-05,0,0,0,0,0,0,0,0,0,0,0,0,0,0,0,0,0,0,0,0,0,0,0,0,0,0.000136068
F160SHKF.04,0,0,0,0,0,0,0,0,0,3.85E-05,0,0,0,0,0,0,0,0,0,0,0,0,0,0,0,0,0.013932723,0,0,0,0,0,0,0,0,0,0,0,0,0,0,0,0,0,0,0,0,0,0,0,0,0,0,0,0,0,0,0,0,0,0,0,0,0,0,0,0,0,0,0,0,0,0,0,0,0.001347086,0,0,0,0,0,0,0,0,0,0,0,0,0,0,0,0,0,0,0,0,0,0,0,0,0,0,0,0,0,0,0,0,0,0,0,0,0,0,0,0,0,0,0,0,0,0,0,0,0,0,0,0,3.85E-05,0.00592718,0,0,0.005003464,0,0,0,0.003771842,0,0,0,0,3.85E-05,0,0,7.70E-05,0.001731968,0.001385575,0.035062736,0,0.904818721,0,0,0,0,0,0,0,0,0,0,0,3.85E-05,0,0,0.018397352,0,0,0,0,0.004118236,0,0,0,0,0,0,0,0,0,0,0,0,0,0,0,0,0,0,0,0,0,0,0,0,0,0,0,0,0,0,0,0,0,0,0,0,0,0,0,0,0,0,0,0,0,0,0,0.001924409,0,0,0,0,0,0,3.85E-05,0,0,0,0,0,0,0,0,0,0,0,0,0,0,0,0,0,0,0.000153953,0,0,0,0,0,0,0,0,0,0,0,0.002155338,0,0,0,0,0,0,0,0,0,0,0,0,0,0,0,0,0,0,0,0,0,0
F160S1H9.04,0,0,0,0,0,0,0,0,0,0,0,0,0,0,0,0,0,0,0,0,0,0,0,0,0,0,0.186636031,0,0,0,0,0,0,0,0,0,0,0,0,0,0,0,0,0,0,0,0.000310501,0,0,0,0,0,0,0,0,0,0,0,0,0,0,0,0,0,0,0,0,0,0,0,0,0,1.24E-05,0,0,0,0,0,0,0,0,0,0,0,0,0,0,0,0,0,0,0,0,0,0,0,0,0,0,0,0,0,0,0,0,0,0,0,0,0,0,0,0,0,0,0,0,0,0,0,0,0,0,0,0,0,0,0,0,0.013301869,0,0,9.94E-05,0,0,0,0.015363597,0,0,0,1.24E-05,0,0,0,0,0,0,0,0,0.780003726,0,0,0,0,0,0,0,0,0,0,0,0.000856983,0,0,0,0,0,0,0,0,0,0,0,0,0,0,0,0,0,0,0,0,0,0,0,0,0,0,0,0,0,0,0,0,0,0,0,0,0,0,0,0,0,0,0,0,0,0,0,0,0,0,0,0,0,0,6.21E-05,4.97E-05,0,0,0,0,0,0,0,0,0,0,0,0,0,0,0,0,0,0,0,0,0,0,0,0,0,0.003191952,0,0,0,0,0,0,0,0,0,0,0,0,0,0,0,0,0,0,0,0,0,0,0,0,0,0,0,0,0,0,0,0,0,9.94E-05
J160RXWD.04,0,0,0,0,0,0,0,0,0,0,0,0,0,0,0,0,0,0,0,0,0,0,0,0,0,0,0.354861574,0,0,0,0,0,0,0,0,0,0,0,0,0,0,0,0,0,0,0,0,0,0.010590394,0,0,0,0,0,0,0,0,0,0,0,0,0,0,0,0,0,0,0,0,0,0,0,0,0,0,0,0.001167445,0,0,0,0,0,0,0,0,0,0,0,0,0,0,0,0,0,0,0,0,0,0,0,0,0,0,0,0,0,0,0,0,0,0,0,0,0,0,0,0,0,0,0,0,0,0,0,0,0,0,0,0,0.011215811,0,0,0,0,0,0,0.027226484,0,0,0,0,0,0,0,0.000125083,0,0.544154436,0,0,0.000125083,0,0,0,0,0,0,0,0,0,0,0,0,0,0,0,0,0,0,0,0,0,0,0,0,0,0,0,0,0,0,0,0,0,0,0,0,0,0,0,0,0,0,0,0,0,0,0,0,0,0,0,0,0,0,0,0,0,0,0,0,0.003585724,0,0,0,0,0,0,0.004961641,0,0,0,0,0,0,0.000208472,0,0,0,0,0,0,0,0,0,0,0,0,0,0,0,0,0,0,0.015426951,0,0,0,0,0,0,0,0,0,0,0,0,0,0,0,0,0,0,0,0,0,0,0,0,0,0,0,0,0,0,0,0,0,0.026350901
D160SW4L.04,0,0,0,0,0,0,0,0,0,0.007340876,0,0,0,0,0,0,0,0,0,0,0,0,0,0,0,0,0.000518179,0,0,0,0,0,0,0,0,0,0,0,0,0,0,0,0,0,0,0,0,0,0,0,0,0,0,0,0,0,0,0,0,0,0,0,0,0,0,0,0,0,0,0,0,0,0.003799983,0,0,0,0,0,0,0,0,0.004663615,0,0,0,0,0,0,0,0,0,0,0,0,0,0,0,0,0,0,0,0,0,0,0,0,0,0,0,0,0,0,0,0,0,0,0,0,0,0,0,0,0,0,0,0,0,0,0,0.005440884,0,0,0,0,0,0,0.008722688,0,0,0,0,0,0,0,8.64E-05,0.010795405,0,0,0.013904482,0.21910355,0,0,0,0,0,0,0,0,0,0,0,0,0,0,0,0,0,0,0,0,0,0,0,0,0,0,0,0,0,0,0,0,0,0,0,0,0,0,0,0,0,0,0,0,0,0,0,0,0,0,0,0,0,0,0,0,0,0,0,0,0,0,0,0,0,0,0,0,0,0,0,0,0,0,0.714828569,0,0,0,0,0,0,0,0,0,0,0,0,0,0,0,0,0,0,8.64E-05,0,0,0,0,0,0,0,0,0,0,0,0.010709042,0,0,0,0,0,0,0,0,0,0,0,0,0,0,0,0,0,0,0,0,0,0
F160STTT.04,0,0,0,0,0,0,0,0,0,0,0,0,0,0,0,0,0,0,0,0.00013574,0,0,0,0,0,0,0.651910547,0,0,0,0,0,0,0,0,0,0,0,0,0,0,0,0,0,0,0,0.000101805,0,0,0,0,0,0,0,0,0,0,0,0,0,0,0,0,0,0,0,0,0,0,0,0,0,0,0,0,0,0,0,0,0,0,0,0,0,0,0,0,0,0,0,0,0,0,0,0,0,0,0,0,0,0,0,0,0,0,0,0,0,0,0,0,0,0,0,0,0,0,0,0,0,0,0,0,0,0,0,0,0,0,0.023109814,0,0,0,0,0,0,0.036666893,0,0,0,0.002019139,0,0,0,0,0,5.09E-05,0,0,0.000186643,0,0,0,0,0,0,0,0,0,0,0,0,0,0,0,0,0,0,0,0,0,0,0,0,0,0,0,0,0,0,0,0,0,0,0,0,0,0,0,0,0,0,0,0,0,0,0,0,0,0,0,0,0,0,0,0,0,0,0,0,0,0,0,0,0,0,0,0,0,0,0,0,0,0,0.284885299,0,0,0,0,0,0,0,0,0,0,0,0,0,0,0,0,0,0,0.000322384,0,0,0,0,0,0,0.000610832,0,0,0,0,0,0,0,0,0,0,0,0,0,0,0,0,0,0,0,0,0,0,0,0,0,0,0
G160SWN7.04,0,0,0,0,0,0,0,0,0,0,0,0,0,0,0,0,0,0,0,0.000112044,0,0,0,0,0,0,0.970454113,0,0,0,0,0,0,0,0,0,0,0,0.000156861,0,0,0,0,0,0,0,1.12E-05,0,0,0,0,0,0,0,0,0,0,0,1.12E-05,0,0,0,0,0,0,0,0,0,0,0,0,0,0,0,0,1.12E-05,0.000123248,0,0,0,0,0,0,0,0,0,0,1.12E-05,5.60E-05,0,0,0,0,0,0,0,0,0,0,0,0,0,0,0,0,0,0,0,0,0,0,0,0,0,0,0,0,0,0,0,0,0,0,0,0,0,0,0,0,0.002565798,0,0,0,0,0,0,0.003338898,0,0,0,0.000380948,0.000268905,0,0,0,0,2.24E-05,0.000638648,0,0.018039014,0,0,0,0,0,0,0,0.000112044,0,0,0,1.12E-05,0,0,0,0,0,0,0,0,0,0,0,0,0,0,0,0,0,0,0,0,0,0,0,0,0,0,0,0,0,0,0,0,0,0,0,0,0,0,0,0,0,0,0,0,0,0,0,0,0,0,0,0,0,0,0,0,0,0,0,0,0,0,0.003428533,0,0,0,0,0,0,0,0,0,0,0,0,0,0,0,0,0,0,0.000224087,0,0,0,0,0,0,2.24E-05,0,0,0,0,0,0,0,0,0,0,0,0,0,0,0,0,0,0,0,0,0,0,0,0,0,0,0
E160SYCX.04,0,0,0,0,0,0,0,0,0,0,0,0,0,0,0,0,0,0,0,9.93E-05,0,0,1.65E-05,0,0,0,0.733429299,0,0,0,0,0,0,0,0,0,0,0,0,0,0,0,0,0,0,0,0,0,0,0,0,0,0,0,0,0,0,0,0,0,0,0,0,0,0,0,0,0,0,0,0,0,1.65E-05,0,0,1.65E-05,0,0,0,0,0,0,0,0,0,0,0,3.31E-05,0,0,0,0,0,0,0,0,0,0,0,0,0,0,0,0,0,0,0,0,0,0,0,0,0,0,0,0,0,0,0,0,0,0,0,0,0,0,0,0,0,0.010473543,0,0,0,0,0,0,0.01285615,0,0,0,0.001307125,0,0,0,0,8.27E-05,0,0,0,0.008934776,0,0,0,0,0,0,0,0,0,0,0,0,0,0,0,0,0,0,0,1.65E-05,0,0,0,0,0,0,0,0,0,0,0,0,0,0,0,0,0,0,0,0,0,0,0,0,0,0,0,0,0,0,0,0,0,0,0,0,0,0,0,0,0,0,0,0,0,0,0,1.65E-05,0,0,0,0,0,0,0.003871736,0,0,0,0,0,0,0,0,0,0,0,0,0,0,0,0,0,0,0.228829544,0,0,0,0,0,0,0,0,0,0,0,0,0,0,0,0,0,0,0,0,0,0,0,0,0,0,0,0,0,0,0,0,0,0
B160S1L0.04,0,0,0,0,0,0,0,0,0,0,0,0,0,0,0,0,0,0,0,0,0,0,0.000977972,0,0,0,0.000884832,0,0,0,0,0,0,0,0,0,0,6.99E-05,0.003446188,0,0,0,0,6.99E-05,0,0,4.66E-05,0,0,0,0,0,0,0,0,0,0,0,0.007264937,0,0,0,0,0,0,0,0,0,0,0,0,0,2.33E-05,0,0,0.014902436,0.708517673,0,0,0,0,0,0,0,0,0,0,0,0,0,0,0,0,0,0,0,0,0,0,0,0,0,0,0,0,0,0,0,0,0,0,0,0,0,0,0,0,0,0,0,0,0,0,0,0,0,0,0,0,0,0,0,0.00013971,2.33E-05,0,0,2.33E-05,0,0,0,0,0,0,0,0,0,0.009244167,0,0,0.103758208,0,0,0,0,0,0,0,0,0,0,0,0.002724352,0,0,0,0,0,0,0,0,0,0,0,0,0,0,0,0,0,0,0,0,0,0,0,0,0,0,0,0,0,0,0,0,0,0,0,0,0,0,0,6.99E-05,0,0,0,0,0,0,0,0,0,0,0,0,0,0,0,6.99E-05,0,0,0,0,0,0,0.051529828,0,4.66E-05,0,0,0,0,0,0,0,0,0,0,0,0,0,0,0,0,0.095701579,0,0,0,0,0,0,0,0,0,0,0,0.000209566,0,0,0,0,0,0,0,0,0,0,0,0,0,0,0,0,0,0,0,0,0,0.000256136
J160SMCV.04,0,0,0,0,0,0,0,0,0,0,0,0,0,0,0,0,0,0,0,0,0,0,0,0,0,0,0.001381719,0,0,0,0,0,0,0,0,0,0,0,0.000383811,0,0,0,0,0,0,0,0,0,0,0,1.92E-05,0,0,0,0,0,0,0,0,0,0,0,0,0,0,0,0,0,0,0,0,0,0,0,0,0,0.001458481,0,0,0,0,0,0,0,0,0,0,0,0,0,0,0,0,0,0,0,0,0,0,0,0,0,0,0,0,0,0,0,0,0,0,0,0,0,0,0,0,0,0,0,0,0,0,0,0,0,0,0,0,0.144159358,0,0,0.001151433,0,0,0,0.131800649,0,0,0,0,0.002916963,0,0,1.92E-05,0,0.005488495,0.432554837,0,0.263140724,0,0,0,0,0,0,0,0,0,0,0,0.00247558,0,0,0,0,0,0,0,0,0,0,0,0,0,0,0,0,0,0,0,0,0,0,0,0,0,0,0,0,0,0,0,0,0.001746339,0,0,0,0,0,0,0,0,3.84E-05,0,0,0,0,0,0,0,0,0,0,0,0,0,0.000191905,0,0,0,0,0,0,9.60E-05,0,0,0,0,0,0,0,0,0,0,0,0,0,0,0,0,0,0,0.010727513,0,0,0,0,0,0,0,0,0,0,0,0,0,0,0,0,0,0,0,0,0,0,0,0,0,0,0,0,0,0,0,0,1.92E-05,0.000230287
K160T6Z7.04,0,0,0,0,0,0,0,0,0,0,0,0,0,0,0,0,0,0,0,0,0,0,0.000135135,0,0,0,0.000675676,0.008918919,0,0,0,0,0,0.009864865,0,0,0,0,0,0,0,0,0,0,0,0,0,0,0,0,0.005675676,0,0,0,0,0,0,0,0,0,0,0,0,0,0,0,0,0,0,0,0,0,0.001756757,0,0,0.004054054,0.071081081,0,0,0,0,0.022972973,0,0,0,0,0,0,0.011081081,0,0,0,0,0,0,0,0,0,0,0,0,0,0,0,0,0,0,0,0,0,0,0,0,0,0,0,0,0,0,0,0,0,0,0,0,0,0,0,0,0,0,0,0.01527027,0,0,0,0.002027027,0,0.002837838,0,0,0.010540541,0,0,0,0.017972973,0,0,0,0.753378378,0,0,0,0,0,0,0,0,0,0,0,0.011756757,0,0,0,0,0,0,0,0,0,0,0,0,0,0,0,0,0,0,0,0,0,0,0,0,0,0,0,0,0,0,0,0,0,0,0,0,0,0,0,0,0,0,0,0,0,0,0,0,0,0,0,0,0,0,0,0.008648649,0,0,0,0,0,0,0.041081081,0,0,0,0,0,0,0,0,0,0,0,0,0,0,0,0,0,0,0,0,0,0,0,0,0,0.000135135,0.000135135,0,0,0,0,0,0,0,0,0,0,0,0,0,0,0,0,0,0,0,0,0,0,0,0,0,0
D160SR33.04,0,0,0,0,0,0,0,0,0,0,0,0,0,0,0,0,0,0,0,0,0,0,0,0,0,0,0.341915303,0,0,0,0,0,0,0,0,0,0,0,0.072545717,0,0,0,0,0,0,0,0,0,0,0,0,0,0,0,0,0,0,0,0,0,0,0,0,0,0,0,0,0,0,0,0,0,0.003368624,0,0.015158807,0,0,0,0,0,0,0,0,0,0,0,0,0,0,0,0,0,0,0,0,0,0,0,0,0,0,0,0,0,0,0,0,0,0,0,0,0,0,0,0,0,0,0,0,0,0,0,0,0,0,0,0,0,0,0.192733397,0,0,0,0,0,0,0.260105871,0,0,0,0,0,0,0,0,0,0.000240616,0,0,0.025866218,0,0,0,0,0,0,0,0,0,0,0,0,0,0,0,0,0,0,0,0,0,0,0,0,0,0,0,0,0,0,0,0,0,0,0,0.025986526,0,0,0,0,0,0,0,0,0,0,0,0,0,0,0,0,0,0,0,0,0,0,0,0.032964389,0,0,0,0,0,0,0,0,0,0,0,0,0,0,0,0,0,0,0,0,0,0,0,0,0,0,0,0,0,0,0,0,0,0.002165544,0,0,0,0,0,0,0,0.000240616,0,0,0,0,0,0,0,0,0,0,0,0,0,0,0,0,0,0,0,0,0,0,0,0,0,0.026708373
A160SLTH.04,0,0,0,0,0,0,0,0,0,0,0,0,0,0,0,0,0,0,0,0,0,0,0.000129842,0,0,0,0.961292649,0,0,0,0,0,0,0,0,0,0,0,0,0,0.000173123,0,0,0,0,0,0,0,0,0,0,0,0,0,0,0,0,0,0,0,0,0,0,0,0,0,0,0,0,0,0,0,0.000144269,0,0,0,0,0,0,0,0,0,0,0,0,0,0,0,0,0,0,0,0,0,0,0,0,0,0,0,0,0,0,0,0,0,0,0,0,0,0,0,0,0,0,0,0,0,0,0,0,0,0,0,0,0,0,0,0,4.33E-05,0,0,0,0,0,0,0.003145062,0,0,0,0,0.00018755,0,0,0.005265815,0,0,0,0,0.021799033,0,0,0,0,0.000201976,0,0,0,0,0,0,0,0,0,0.000634783,0,0.000245257,0,0,0,0,0,0,0,0,0,0,0,0,0,0,0,0,0,0,0,0,0,0,0,0,0,0,0,0,0,0,0,0,0,0,0,0,0,0,0,0,0,0,0,0,0,0,0,0,0,0.000115415,0.00041838,0,0,0,0,0,0,0.001168578,0,0,0,0,0,0,0,0,0,0,0,0,0,0.000548222,0,0,0,0,0,0,0,0,0,0,0,0,0.004328068,0,0,0,0,0,0,0,0,0,0,0,0,0,0,0,0,0,0,0,0,0,0,0,0,0,0.000158696
K160QGV7.04,0,0,0,0,0,0,0,0,0,0,0,0,0,0,0,0,0,0,0,0,0,0,0,0,0,0,0.010004317,0,0,0,0,0,0,0,0,0,0,0,0.000595495,0,0,0,0,0,0,0,1.49E-05,0,0,0,0,0,0,0,0,0,0,0,0,0,0,0,0,0,0,0,0,0,0,0,0,0,0,0,0,1.49E-05,2.98E-05,0,0,0,0,0,0,0,0,0,0,0,0,0,0,0,0,0,0,0,0,0,0,0,0,0,0,0,0,0,0,0,0,0,0,0,0,0,0,0,0,0,0,0,0,0,0,0,0,0,0,0,0,0.017760641,0,0,1.49E-05,0,0,0,0.86963124,0,0,0,0.003081687,0.00062527,0,0,0.001057004,0,0,0,0,0.066114841,0,0,0,0,0,0,0,0,0,0,0,8.93E-05,0,0,0,0,0,0,0,0,0,0,0,0,0,0,0,0,0,0,0,0,0,0,0,0,0,0,0,0,0,0,7.44E-05,0,0,0,0,0,0,0,0,0,0,0,0,0,0,0,0,0,0,0,0,0,0,0,0,0,0,0,0,0,0,0,0.030682884,0,0,0,0,0,0,0,0,0,0,0,0,0,0,0,0,0,0,0,0,0,0,0,0,0,0,0.000148874,1.49E-05,0,0,0,0,0,0,0,0,0,0,0,0,0,0,0,0,0,0,0,0,0,0,0,0,4.47E-05
F160SWYC.04,2.47E-05,0,0,0,0,0,0,0,0,0,0,0,0,0,0,0,0,0,0,0.000222283,0,0,0,0,0,0,0.924349823,0,0,0,0,0,0,0,0,0,0,0,0,0,0.004630887,0,0,0,0,0,0.00025933,0,0,0,0,0,0,0,0,0,0,0,0,0,0,0,0,0,0,0,0,0,0,0,0,0,0,0,0,0,0,0,0,0,0,0,0,0,0,0,0,0,0,0,0,0,0,0,0,0,0,0,0,0,0,0,0,0,0,0,0,0,0,0,0,0,0,0,0,0,0,0,0,0,0,0,0,0,0,0,0,0,0,0.013423399,0,0,4.94E-05,0,0,0,0.026463978,0,0,0,0.009990368,0.000419867,0,0,2.47E-05,0,2.47E-05,0,0,0.017091062,0,0,0,0,0,0,0,0,0,0,0,7.41E-05,0,0,0.000926177,0,0,0,0,0,0,0,0,0,0,0,0,0,0,0,0,0,0,0,0,0,0,0,0,0,0,0,0,0,0,0,1.23E-05,0,0,0,0,0,0,0,0,0,0,0,0,0,0,0,0,0,0,0,0,7.41E-05,0,0,0,0,0,0,0.001901751,0,0,0,0,0,0,0,0,0,0,0,0,0,0,0,0,0,0,0,0,0,0,0,0,0,0,0,0,0,0,0,0,0,0,0,0,0,0,0,0,0,0,0,0,0,0,0,0,0,0,0,0,3.70E-05
J160SKFW.04,0,0,0,0,0,0,0,0,0,0,0,0,0,0,0,0,0,0,0,0,0,0,6.01E-05,0,0,0,0.832369132,0,0,0,0,0,0,0,0,0,0,0,0,0,1.00E-05,0,0,0.000130117,0,0,0.00040036,0,0,0,0,0,0,0,0,0,0,0,0,0,0,0,0,0,0,0,0,0,0,0,0,0,0,0,0,0,0,0,0,0,0,0,0,0,0,0,0,0,0,0,0,0,0,0,0,0,0,0,0,0,0,0,0,0,0,0,0,0,0,0,0,0,0,0,0,0,0,0,0,0,0,0,0,0,0,0,0,0,0,0.008067261,0,0,7.01E-05,0,0,0,0.070913822,0,0,0,0.004814333,0.000330297,0,0,0.008127315,0.00010009,0,0,0,0.071824642,0,0,0,0,0,0,0,0,0,0,0,0.00091082,0,0,0.00081073,0,0,0,0,0,0,0,0,0,0,0,0,0,0,0,0,0,0,0,0,0,0,0,0,0,0,0,0,0,0,0,0,0,0,0,0,0,0,0,0,0,0,0,0,0,0,0,0,0,0,0,0,2.00E-05,0,0,0,0,0,0,0,0,0,0,0,0,0,0,0,0,0,0,0,0,0,0,0,0,0,0,0,0,0,0,0,0,0,0,0,0,0,0,0,0,0,0,0,0,0,0,0,0,0,0,0,0.000700631,0,0,0,0,0,0,0,0.000340306
C160QM25.04,0,0,0,0,0,0,0,0,0,0,0,0,0,0,0,0,0,0,0,0,0,0,0,0,0,0,0.488262595,0,0,0,0,0,0,0,0,0,0,0,0,0,0,0,0,0,0,0,0.000285868,0,0,0,0,0,0,0,0,0,0,0,0,0,0,0,0,0,0,0,0,0,0,0,0,0,0,0,0,0,0,0,0,0,0,0,0,0,0,0,0,0,0,0,0,0,0,0,0,0,0,0,0,0,0,0,0,0,0,0,0,0,0,0,0,0,0,0,0,0,0,0,0,0,0,0,0,0,0,0,0,0,0,0.011619695,0,0,0,0,0,0,0.490566355,0,0,0,0.001832919,0.001177104,0,0,0,0,0,0,0,0.004271205,0,0,0,0,0,0,0,0,0,0,0,0,0,0,0,0,0,0,0,0,0,0,0,0,0,0,0,0,0,0,0,0,0,0,0,0,0,0,0,0,0,0,0,0,0,0,0,0,0,0,0,0,0,0,0,0,0,0,0,0,0,0,0,0,0,0,0,0,0,0,0,0,0,0,0,0,0,0,0,0,0,0,0,0,0,0,0,0,0,0,0,0,0,0,0,0,0,0,0,0,0,0,0.001008946,0,0,0.000975314,0,0,0,0,0,0,0,0,0,0,0,0,0,0,0,0,0,0,0,0,0,0
F160QKDC.04,0,0,0,0,0,0,0,0,0,0,0,0,0,0,0,0,0,0,0,0,0,0,6.43E-05,0,0,0,0.005386989,0,0,0,0,0,0,0,0,0,0,0,0,0,0,0,0,0,0,0,0.000591412,0,0,0,0,0,0,0,0,0,0,0,0,0,0,0,0,0,0,0,0,0,0,0,0,0,0.000128568,0,0,0,0,0,0,0,0,0,0,0,0,0,0,0,0,0,0,0,0,0,0,0,0,0,0,0,0,0,0,0,0,0,0,0,0,0,0,0,0,0,0,0,0,0,0,0,0,0,0,0,0,0,0,0,0,0.015659553,0,0,0.000141425,0,0,0,0.97356647,0,0,0,0.000501414,0,0,0,0.000655696,0,0,0,0,0.003137053,0,0,0,0,0,0,0,0,0,0,0,0,0,0,0,0,0,0,0,0,0,0,0,0,0,0,0,0,0,0,0,0,0,0,0,0,0,0,0,0,0,0,0.000154281,0,0,0,0,0,0,0,0,0,0,0,0,0,0,0,0,0,0,0,0,0,0,0,0,0,0,0,0,0,0,0,0,0,0,0,0,0,0,0,0,0,0,0,0,0,0,0,0,0,0,0,0,0,0,0,0,0,0,1.29E-05,0,0,0,0,0,0,0,0,0,0,0,0,0,0,0,0,0,0,0,0,0,0,0,0,0,0
G160SS4S.04,0,0,0,0,0,0,0,0,0,0.000558899,0,0,0,0,0,0,0,0,0,0,0,0,0.000329607,0,0,0,0.000200631,0,0,0,0,0,0,0,0,0,0,0,0,0,0,0,0,0,0,0,0.027930639,0,0,0,0,0,0,0,0,0,0,0,0,0,0,0,0,0,0,0,0,0,0,0,0,0,0,0,0,0,0,0,0,0,0,0,0,0,0,0,0,0,0,0,0,0,0,0,0,0,0,0,0,0,0,0,0,0,0,0,0,0,0,0,0,0,0,0,0,0,0,0.000802522,0,0,0,0,0,0,0,0,0,0,0,0.0001863,0,0,0,0,0,0,0.142648323,0,0,0,0,0.0001863,0,0,1.43E-05,0,0,0,0,0.217641158,0,0,0,0,0,0,0,0.000472915,0,0,0,0,0,0,0.001289768,0,0,0,0,0,0,0,0,0,0,0,0,0,0,0,0,0,0,0,0,0,0,0,0,0,0,0,0,0,0,0,0,0,0,0,0,0,0,0,0,0,0,0,0,0,0,0,0,0,0,0,0,0,0,0,0,0,0,0,0.579206076,0,0,0,0,0,0,0,0,0,0,0,0,0,0,0,0,0,0,0,0,0,0,0,0,0,0,0.028532531,0,0,0,0,0,0,0,0,0,0,0,0,0,0,0,0,0,0,0,0,0,0,0,0,0,0
D160SKRQ.04,0,0,0,0,0,0,0,0,0,0,0,0,0,0,0,0,0,0,0,0,0,0,0.000751243,0,0,0,0.003182538,0,0,0,0,0,0,0,0,0,0,0,0.000751243,0,1.37E-05,0,0,0.002608862,0,0,0.01383653,0,0,0,0,0,0,0,0,0,0,0,0.003264492,0,0,0,0,0,0,0,0,0,0,0,0,0,0,0,0,0,0,0,0,0,0,0,0,0,0,0,0,0,0,0,0,0,0,0,0,0,0,0,0,0,0,0,0,0,0,0,0,0,0,0,0,0,0,0,0,0,0,0,0,0,0,0,0,0,0,0,0,0,0.001161012,0.000956127,0,0,0,0,0,0,0.711317817,0,0,0,0.000819538,0.000915151,0,0,0,0,0,0,0,0.086106103,0,0,0,0,0,0,0,0,0,0,0,0.001557122,0,0,0,0,0,0,0,0,0,0,0,0,0,0,0,0,0,0,0,0,0,0,0,0,0,0,0,0,0,0,0,0,0,0,0,0,0,0,0,0,0,0,0,0,0,0,0,0,0.00394744,0,0,0,0,0,0,0.002185434,0.00118833,0,0,0,0,0,0.015257062,0,0,0,0,0,0,0,0,0,0,0,0,0,0,0,0,0,0,0,0,0,0,0,0,0,0,0.148882697,0,0,0,0,0,0,0,0,0,0,0,0,0,0,0,0,0,0,0,0,0,0,0,0,0,0.001297601
H160SX2C.04,0,0,0,0,0,0,0,0,0,0,0,0,0,0,0,0,0,0,0,0,0,0,0.001962538,0,0,0,0.850971332,0,0,0,0,0,0,0.000273265,0,0,0,0,0.000484424,0,0,0,0,0,0,0,4.97E-05,0,0,0,0,0,0,0,0,0,0,0,0,0,0,0,0,0,0,0,0,0,0,0,0,0,0,0,0,0.000186317,0.004657922,0,0,0,0,0,0,0,0,0,0,0,0.001291797,0,0,0,0,0,0,0,0,0,0,0,0,0,0,0,0,0,0,0,0,0,0,0,0,0,0,0,0,0,0,0,0,0,0,0,0,0,0,0,0,0.000434739,0,0,0.000136632,0,0,0,0.009340687,0,0,0,0.000298107,8.69E-05,0,0,0.014408506,0.000583793,0,0,0,0.07689919,0,0,0,0,0,0,0,0.000472003,0,0,0,0.005341084,0,0,0.00077011,0,4.97E-05,0,0,0,0,0,0,0,0,0,0,0,0,0,0,0,0,0,0,0,0,0,0,0,0,0.000409897,0,0,0,0,0,0,0.000273265,0,0,0,0,0,0,0,0,0,0,0,0.000683162,0,0,0,0,0,0,0.000633477,0,0,0,0,0,0,0.001900432,0,0,0,0,0,0,0,0,0,0,0,0,0,9.94E-05,0,0,0,0,0,0,0,0,0,0,0,0,0.02702837,0,0,0,0,0,0,0,0,0,0,0,0,0,0,0,0,0,0,0,0,0,0,0,0,0,0.000273265
H160SVJK.04,0,0,0,0,0,0,0,0,0,0,0,0,0,0,0,0,0,0,0,0,0,0,7.55E-05,0,0.000105697,0,0.168979419,0,0.000815377,0,0,0,0,0.000271792,0,0,0,0.000150996,0.003019916,0,0,0,0,0,0,0,9.06E-05,0,0,0,0,0,0,0,0,0,0,0,0,0,0,0,0,0,0,0,0,0,0,0,0,0,0.000211394,0,0,0,0,0,0,0,0,3.02E-05,0,0,0,0,0,0,6.04E-05,0,0,0,0,0,0,0,0,0,0,0,0,0,0,0,0,0,0,0,0,0,0,0,0,0,0,0,0,0,0,0,0,0,0,0,0,0,0,0,0,0.100668911,0,0,0.000196295,0,0,0,0.698098963,0,0,0,7.55E-05,0.000150996,0,0,0.001479759,3.02E-05,0,0,0,0.011687076,0,0,0,0,0,0,0,0,0,0,0,0.000196295,0,0,0,0,0,0,0,0,0,0,0,0,0,0,0,0,0,0,0,0,0,0,0,0.000135896,0,0,0,0,0,0,0,0,0,0,0,0,0,0,0,0.00037749,0,0.000211394,0,0,0,0,0,0,0,0,0,0,0,0,0,1.51E-05,0,0,0,0,0,0,6.04E-05,0,0,0,0,0,0,0,0,0,0,0,0,0,0,0,0,0,0,0,0,0,0,0,0,0,0,0.012683649,0,0,0,0,0,0,0,0,0,0,0,0,0,0,0,0,0,0,0,0,0,0,0,0,0,0.000120797
A160QSGW.04,0,0,0,0,0,0,0,0,0,0,0,0,0,0,0,0,0,0,0,0,0,0,0.003403128,0,0,0,0.186032087,0,0,0,0,0,0,0,0,0,0,3.35E-05,8.38E-05,0,0,0,0,0,0,0,0.00072086,0,0,0,0,0,0,0,0,0,0,0,0.001005851,0,0,0,0,0,0,0,0,0,0,0,0,0,0,0,0,0.002095522,0.006253039,0,0,0,0,0.0044928,0,0,0,0,0,0,0.001240549,0,0,0,0,0,0,0,0,0,0,0,0,0,0,0,0,0,0,0,0,0,0,0,0,0,0,0,0,0,0,0,0,0,0,0,0,0,0,0,0,0.000905266,0,0,0,0,0,0,0.00244757,0,5.03E-05,0,0.000586746,0.01091348,0,0,0.004073695,0.012271379,0,0.000184406,0,0.592110778,0,0,0,0,0,0,0,0.000871737,0,0.000117349,0,0.021793432,0,0,6.71E-05,0,3.35E-05,0,0,0.001810531,0,0,0,0,0,0,0,0,0,0,0,0,0,0,0,0.000251463,0,0,0,0,0,0,0,0,0,0,0,0,0,0,0,0.000268227,0,0,0,0,0,0,0,0,6.71E-05,0,0,0,0,0,0.000100585,0,0,0,0,0,0,0,0.062077752,0,0,0,0,0,0,0,0,0,0,0,0,0,0,0,0,0,0,0,0,0,0,0,0,0,0,0.08253005,0,0,0,0,0,0,0,0,0,0,0,0,0,0,0.000838209,0,0,5.03E-05,0,0,0,0,0,0,0,0.000217934
G160SV8H.04,0,0,0,0,0,0,0,0,0,0,0,0,0,0,0,0,0,0,0,0,0,0,0.001154925,0,0,0,0.525960428,0,0,0,0,0,0,0,0,0,0,0,0.000279213,0,0,0,0,0,0,0,0.000317287,0,0,0,0,0,0,0,0,0,0,0,0,0,0,0,0,0,0,0,0,0,0,0,0,0,0,0,0,0.000736106,0.000164989,0,0,0,0,0.000355362,0,0,0.000139606,0,0,0,0.000164989,0,0,0,0,0,0,0,0,0,0,0,0,0,0,0,0,0,0,0,0,0,0,0,0,0,0,0,0,0,0,0,0,0,0,0,0,0,0,0,0,0.000634574,0,0,0,0,0,0,0.006168061,0,0,0,0.000418819,0.00128184,0,0,0.057340119,0.000723415,0,0,0,0.312997347,0,0,0,0,0.000228447,0,0,0,0,0,8.88E-05,0.002170244,0,0,0.000177681,0,0,0,0,0,0,0,0,0,0,0,0,0,0,0,0,0,0,0,0,0.000228447,0,0,0,0,0,0,6.35E-05,0,0,0,0,0,0,0,0,0,0,0,0,0,0,0,0,0,0,0,0,0,0,0,0,0,0,0,0,0,0,0,0.034114706,0,0,0,0,0,0,0,0,0,0,0,0,0,0,0,0,0,0,0,0,0,0,0,0,0,0,0.053710355,0,0,0,0.000114223,0,0,0,0,0,0,0,0,0,0,0,0,0,0,0,0,0,0,0,0,0,0.000266521
B160SGGV.04,0,0,0,0,0,0,0,0,0,0,0,0,0,0,0,0,0,0,0,0,0,0,0,0,0,0,0.494966899,0,0,0,0,0,0,0,0,0,0.000194328,0,1.30E-05,0,0,0,0,0,0,0,0.000388656,0,0,0,0,0,0,0,0,0,0,0,0,0,0,0,0,0,0,0,0,0,0,0,0,0,0,0,0,3.89E-05,0,0,0,0,0,1.30E-05,0,0,0,0,0,0,6.48E-05,0,0,0,0,0,0,0,0,0,0,0,0,0,0,0,0,0,0,0,0,0,0,0,0,0,0,0,0,0,0,0,0,0,0,0,0,0,0,0,0,0,0,0,0,0,0,0,0.000777313,0,0,0,1.30E-05,7.77E-05,0,0,0.037932866,0.000103642,2.59E-05,0.000272059,0,0.449183174,0,0,0,0,0,0,0,0,0,0,0,0.000246149,0,0,0,0,0,0,0,3.89E-05,0,0,0,0,0,0,0,0,0,0,0,0,0,0,0,0,0,0,0,0,0,0,0,0,0,0,0,0,0,0,0,0,0,0,0,0,0,0,0,0,0.000246149,0,0,0,0,0,0,0,0,0,0,0,0,0,0.001204835,0,0,0,0,0,0,0,0,0,0,0,0,0,0,0,0,0,0,0,0,0,0,0,0,0,0,0.014043452,0,0,0,0.000155463,0,0,0,0,0,0,0,0,0,0,0,0,0,0,0,0,0,0,0,0,0,0
G160R1L4.04,0,0,0,0,0,0,0,0,0,0,0,0,0,0,0,0,0,0,0,0,0,0,0.001629142,0,0,0,0.09080838,9.77E-05,0,0,0,0,0,0,0,0,0,0.000814571,3.26E-05,0,0,0,0,0,0,0.000439868,0.003518947,0,0,0,0,0,0,0,0,0,0,0,0.000602783,0,0,0,0,0,0,0,0,0,0,0,0,0,0,0,0.000488743,0.020022156,0.031719397,0,0,0,0,0.028265615,0,0,0,0,0,0.003958815,0.002850999,0,0,0,0,0,0,0,0,0,0,0,0,0,0,0,0,0,0,0,0,0,0,0,0,0,0,0,0,0.001107817,0,0,0,0,0,0,0,0,0,0,0,4.89E-05,0,0,0,0,0.002134176,0,0.002965039,0,0,0,0,0.006386237,0,0,0.003079079,0.000553908,0,0,0,0.500961194,0,0,0,0,0,0,0,0.000488743,0,9.77E-05,0.000423577,0.036101789,0,0,0,0,0,0,0,0.000781988,0,0,0,0,0,0,0,0,0,0,0,0,0,0,0,0,0,0,0,0,0,0,0.000325828,0,0,0,0,0,0,0,0,0.000407286,0,0,0,0,0,0,0,0,0,0,0,0,0,0,0.000244371,0.000847154,0,0,0,0,0,0,0.050307908,0,0,0,0,0,0,0,0,0,0,0,0,0,0,0,0,0,0,0.000537617,0,0,0,0,0,0,0.015379101,0.175963638,0,0,0,0,0,0,0,0,0,0,0,0,0,0,0,0,0,0.015607181,0,0,0,0,0,0,0,0
D160RQG1.04,0,0,0,0,0,0,0,0,0,0,0,0,0,0,0,0,0,0,0,0.000272763,0,0,0.002688661,0,0,0,0.011754773,0,0,0,0,0,0,0,0,0,0,0.000324717,0.001584621,0,0,0,0,0,0,0,0.00140278,0,0,0,0,0,0,0,0,0,0,0,0,0,0,0,0,0,0,0,0,0,0,0,0,0,0,0,0,0.002091181,0.001130017,0,0,0,0,0.001337836,0,0,0,0,0,0.002052215,0.019651903,0,0,0,0,0,0,0,0,0,0,0,0,0,0,0,0,0,0,0,0,0,0,0,0,0,0,0,0,0.000467593,0,0,0,0,0,0,0,0,0,0,0,0.002909469,0,0,0,0.000142876,0,0.00019483,0.001779452,0,0,0,0.002299,0.004416158,0,0,0.001935316,0.008481621,0,0.000987141,0.010546824,0.869346668,0,0,0,0,0,0,0,0.000610469,0,0.000441616,0,0.014417457,0,0.000311729,0.000220808,0,0,0,0,0.002935446,0,0,0,0,0,0,0,0,0,0,0,0,0,0,0,0,0,0,0,0,0,0,0,0,0,0,0,0.000337706,0,0,0,0,0,0,0,0,0,0,0,0,0.000948175,0,0,0,0,0,0.000454604,5.20E-05,0.000883232,0,0,0,0,0,0.023119886,0,0,0,0,0,0,0,0,0,0,0,0,0,0.001078062,0,0,0,0,0.001909339,0,0,0,0,0,0,0,0.003987531,0,0,0,0,0,0,0,0,0,0,0,0,0,0,0,0,0,0,0,0,0,0,0,0,0,0.000493571
H160SP4R.04,0,0,0,0,0,0,0,0,0,0,0,0,0,0,0,0,0,0,0,0,0,0,1.13E-05,0,0,0,0.212033059,0,0,0,0,0,0,0,0,0,0,0,0,0,0.006167619,0,0,0,0,0,0.000112754,0,0,0,0,0,0,0,0,0,0,0,0,0,0,0,0,0,0,0,0,0,0,0,0,0,0,0,0,0,0,0,0,0,0,6.77E-05,0,0,0,0,0,0,1.13E-05,0,0,0,0,0,0,0,0,0,0,0,0,0,0,0,0,0,0,0,0,0,0,0,0,0,0,0,0,0,0,0,0,0,0,0,0,0,0,0,0,3.38E-05,0,0,0,0,0,0,0.000124029,0,0,0,0,7.89E-05,0,0,0.002085941,6.77E-05,0,0,0,0.77430121,0,0,0,0,0,0,0,1.13E-05,0,0,0,0.000191681,0,0,0,0,0,0,0,1.13E-05,0,0,0,0,0,0,0,0,0,0,0,0,0,0,0,0,0,0,0,0,0,0,0,0,0,0,0,0,0,0,0,0,0,0,0,0,0,0,0,0,0,0,0,0,0,0,0,2.26E-05,0,0,0,0,0,0,0.002401651,0,0,0,0,0,0,0,0,0,0,0,0,0,0,0,0,0,0,0,0,0,0,0,0,0,0,0.002266346,0,0,0,0,0,0,0,0,0,0,0,0,0,0,0,0,0,0,0,0,0,0,0,0,0,0
J160S91X.04,0,0,0,0,0,0,0,0,0,0,0,0,0,0,0,0,0,0,0,0,0,0,0,0,0,0,0.001169056,0,0,0,0,0,0,0,0,0,0,0,0,0,0,0,0,0,0,0,2.69E-05,0,0,0,0,0,0,0,0,0,0,0,0,0,0,0,0,0,0,0,0,0,0,0,0,0,1.34E-05,0,0,0,0,0,0,0,0,0,0,0,0,0,0,0,0,0,0,0,0,0,0,0,0,0,0,0,0,0,0,0,0,0,0,0,0,0,0,0,0,0,0,0,0,0,0,0,0,0,0,0,0,0,0,0,0,0.018825837,0,0,0,0,0,0,0.763138446,0,0,0,0,0,0,0,9.41E-05,0,0,0,0,0.00047031,0,0,0,0,0,0,0,0.000349373,0,0,0,0,0,0,0,0,0,0,0,0,0,0,0,0,0,0,0,0,0,0,0,0,0,0,0,0,0,0,0,0,0,0,0,0,0,0,0,0,0.00047031,0,0,0,0,0,0,0,0,0,0,0,0,0,0,0,0,0,0,0.000147812,0,0,0,0,0,0,0,0,0,0,0,0,0,0,0,0,0,0,0,0,0,0,0,0,0,0.214636047,0,0,0,0,0,0,0,2.69E-05,0,0,0,0,0,0,0,0,0,0,0,0,0,0,0,0,0,1.34E-05,0,0,0,0,0,0,0,0.000618122
E160S09J.04,0,0,0,0,0,0,0,0,0,0,0,0,0,0,0,0,0,0,0,0,0,0,0.000476417,0,0,0,0.077540532,0,0,0,0,0,0,0,0,0,0,0.00046198,0.00018768,0,0,0.000909524,0,0.000332048,0,0,0.0017613,0,0,0,0,0,0,0,0,0,0,0,0,0,0,0,0,0,0,0,0,0,0,0,0,0,0,0,0,0,0.001443689,0,0,0,0,0,0,0,0,0,0,0,0,0,0,0,0,0,0,0,0,0,0,0,0,0,0,0,0,0,0,0,0,0,0,0,0,0,0,0,0,0.000332048,0,0,0,0,0,0,0,0,0,0,0,0.025423362,0,0,0.000144369,0,0,0,0.762758601,0,0,0,0.000158806,0.002151096,0,0,0,0.007810357,0,0,0,0.11267992,0,0,0,0,0,0,0,0,0,0,0,0.003031747,0,0,0,0,0,0,0,0,0,0,0,0,0,0,0,0,0,0,0,0,0,0,0,7.22E-05,0,0,0,0,0,0,0.00023099,0,0.000389796,0.000173243,0,0,0,0,0,0,0,0,0,0,0.000144369,0,0,0,0,0,0,0,0,0,0,0,0,0,0,0,0,0,0.00083734,0,0,0,0,0,0,0,0,0,0,0,0,0,0,0,0,0,0,0,0,0,0,0,0,0,0,0,0,0,0,0.000548602,0,0,0,0,0,0,0,0,0,0,0,0,0,0,0,0,0,0,0,0,0,0
K160SYFS.04,0,0,0,0,0,0,0,0,0,0,0,0,0,0,0,0,0,0,0,0,0,0,0,0,0,0,0.000331895,0,0,0,0,0,0,0,0,0,0,0,0,0,0,0,0,0,0,0,0.068868238,0,0,0,0,0,0,0,0,0,0,0,0,0,0,0,0,0,0,0,0,0,0,0,0,0,0.000165948,0,0.076833721,0,0,0,0,0,0,0,0,0,0,0,0,0,0,0,0,0,0,0,0,0,0,0,0,0,0,0,0,0,0,0,0,0,0,0,0,0,0,0,0,0,0,0.015765018,0,0,0,0,0,0,0,0,0,0,0,0.005476269,0,0,0.037006306,0,0,0,0.000165948,0,0,0,0.005642217,0.008463326,0,0,0,0,0,0.009956854,0,0.071855294,0,0,0,0,0,0,0,0.074012612,0,0,0.034848988,0.006637902,0,0,0.496349154,0,0,0,0,0,0,0,0,0,0,0,0,0,0,0,0,0,0,0,0,0,0,0,0,0,0,0,0.022568868,0,0,0,0,0,0,0,0,0,0,0,0,0,0,0,0,0,0,0,0,0,0,0,0,0.015101228,0,0,0,0,0,0,0,0,0,0,0,0,0.025058082,0,0,0,0,0,0,0,0,0,0,0,0,0,0,0,0,0,0,0,0,0,0,0,0,0,0,0,0,0,0,0,0,0,0,0,0,0,0,0,0,0,0,0,0,0,0,0.024892134
A160SPRY.04,0,0,0,0,0,0,0,0,0,0,0,0,0,0,0,0,0,0,0,0,0,0,0.002083477,0,0,0,0.01033129,0,0,0,0,0,0,0,0,0,0,0,0.011020043,0,0.799659067,0,0,0,0,0,0.001687444,0,0,0,0,0,0,0,0,0,0,0,0,0,0,0,0,0,0,0,0,0,0,0,0,0,0.004993457,0,0,0,0,0,0,0,0,0,0,0,0,0,0,0,0,0,0,0,0,0,0,0,0,0,0,0,0,0,0,0,0,0,0,0,0,0,0,0,0,0,0,0,0,0,0,0,0,0,0,0,0,0,0,0,0,0.000154969,0,0,0,0,0.004235829,0,0.056253874,0,0,0,0,0,0,0,0.00218679,0,0.001635788,0.0032027,0,0.047076245,0,0,0,0,0.001825195,0,0,0.003082168,0,0,0.003684827,0.00072319,0,0,0.028049452,0,0,0,0,0,0,0,0,0,0,0,0,0,0,0,0,0,0,0,0,0,0,0,0,0,0,0,0,0,0,0,0,0,0,0,0,0,0,0,0,0,0,0,0,0,0,0,0,0,0,0,0,0.001394724,0.007231903,0,0,0,0,0,0.006801433,0,0,0,0,0,0,0,0,0,0,0,0,0,0.002686135,0,0,0,0,0,0,0,0,0,0,0,0,0,0,0,0,0,0,0,0,0,0,0,0,0,0,0,0,0,0,0,0,0,0,0,0,0,0,0
A160RXDC.04,0,0,0,0,0,0,0,0,0,0,0,0,0,0,0,0,0,0,0,0,0,0,0.000378003,0,0,0,0.297927082,0,0,0,0,0,0,0,0,0,0,8.54E-05,0.00013413,0,0,0,0,0,0,0,0.000207292,0,0,0,0,0,0,0,0,0,0,0,0,0,0,0,0,0,0,0,0,0,0,0,0,0,0,0,0,0.002121692,0.001329106,0,0,0,0,0.006450433,0,0,0,0,0,0,0.000597488,0,0,0,0,0,0,0,0,0,0,0,0,0,0,0,0,0,0,0,0,0,0,0,0,0,0,0,0,0,0,0,0,0,0,0,0,0,0,0,0,0.000658456,0,0,0,0,0,0,0.000317035,0,0,0,0.000182905,0.005072552,0,0,0.00174369,0.005657847,0.00013413,0.000207292,6.10E-05,0.663955615,0,0,0,0,0,0,0,8.54E-05,0,4.88E-05,0,0.002097305,0,0,0,0,1.22E-05,0,0.000646263,0.000231679,0,0,0,0,0,0,0,0,0,0,0,0,0,0,0,0,0,0,0,0,0,0,0,0,0,0,0,0,0,0,0,0,0,0,0,0,0,0,0,0,0,0,0,0,0,0,0,0,0,0,0,0,0,0,0.008950128,0,0,0,0,0,0,0,0,0,0,0,0,0,0.000109743,0,0,0,0,0,0,0,0,0,0,0,0,0.000548714,0,0,0,0,0,0,0,0,0,0,0,0,0,0,4.88E-05,0,0,0,0,0,0,0,0,0,0,0
D160QX5Q.04,0,0,0,0,0,0,0,0,0,0,0,0,0,0,0,0,0,0,0,0,0,0,0,0,0,0,0.000109037,0,0,0,0,0,0,0,0,0,0,0,0,0,0,0,0,0,0,0,0.000181729,0,0,0,0,0,0,0,0,0,0,0,0,0,0,0,0,0,0,0,0,0,0,0,0,0,0,0,0,0,0,0,0,0,0,0,0,0,0,0,0,0,0,0,0,0,0,0,0,0,0,0,0,0,0,0,0,0,0,0,0,0,0,0,0,0,0,0,0,0,0,0,0,0,0,0,0,0,0,0,0,0,0,0.000454322,0,0,0,0,0,0,0.006814836,0,0,0,7.27E-05,0.004797645,0,0,3.63E-05,9.09E-05,0.059080088,0,0,0.612335762,0,0,0,0,0,0,0,0,0,0,0,0,0,0,0,0,0,0,0,0,0,0,0,0,0,0,0,0,0,0,0,0,0,0,0,9.09E-05,0,0,0,0,0,0,0,0,0,0,0,0,0,0,0,0,0,0,0,0,0,0,0,0,0,0,0,0,0,0,0,0,0,0,0,0,0,0,0.008359533,0,0,0,0,0,0,0,0,0,0,0,0,0,0,0,0,0,0,0.036909154,0,0,0,0,0,0,0,0,0.001344794,0,0,0.269322333,0,0,0,0,0,0,0,0,0,0,0,0,0,0,0,0,0,0,0,0,0,0
C160WTF6.04,0,0,0,0,0,0,0,0,0,0,0,0,0,0,0,0,0,0,0,0,0,0,0.005524789,0,0.000578787,0,0.003748964,0,0,0,0,0,0,0,0.002236224,0,0,0,0.001407506,0,0.000157851,0,0,0,0,0,0.008734429,0,0,0,0,0,0,0,0,0,0,0,0,0,0,0,0,0,0,0,0,0,0,0,0,0,0,0,0.000355165,0.011338972,0.0041699,0,0,0,0,0.048565528,0,0,0,0,0,0,0.000499862,0,0,0,0,0,0,0,0,0,0,0,0,0,0,0,0,0,0,0,0,0,0,0,0,0,0,0,0,0,0,0,0,0,0,0,0,0,0,0,0,0.000342011,0,0,0,0,1.32E-05,0,0.003262256,0,0,0,0.000249931,0.026229594,0,0,0.000342011,0.023703977,1.32E-05,0.000302548,0,0.670617329,0,0,0,0,0,0,0,0,0,0,0,0.047210639,0,0,0.002249378,0,0,0,0,0.006563976,0,0,0,0,0,0,0,0,0,0,0,0,0,0,0,0,0,0,0,0,0,0,0.001262809,0,0.000815564,0,0,0,0,0,0,0.003196485,0,0.000933952,0,0,0,0,0,0,0,0,0,0,0,0,0,0.000605096,0,0,0,0,0,0,0.019941858,0,0,0,0,0,0,0,0,0,0,0,0,0,0.00061825,0,0,0,0,0,0,0,0,0,0,0,0,0.102129675,0,0,0,0.000434091,0,0,0,0,0,0,0,0,0,0.001197038,0,0,0,1.32E-05,0,0,0,0,0,0,0,0.000434091
J160TKZT.04,0,0,0,0,0,0,0,0,0,0,0,0,0,0,0,0,0,0,0,0,0,0,0.004621198,0,0,0,0.519167729,0,0,0,0,0,0,0,0,0,0,0,0.003027682,0,0,0,0,0,0,0,0.000842287,0,0,0,0,0,0,0,0,0,0,0,0,0,0,0,0,0,0,0,0,0,0,0,0,0,0,0,0,0.008627755,0,0,0,0,0,0,0,0,0,0,0,0,0,0,0,0,0,0,0,0,0,0,0,0,0,0,0,0,0,0,0,0,0,0,0,0,0,0,0,0,0,0.001752868,0,0,0,0,0,0,0,0,0,0,0,0,0,0,0,0,0,0,0.001365871,0,0,0,0,0.013658714,0,0,0.111910399,0.011609907,0,2.28E-05,0,0.273561282,0,0,0,0,0,0,0,0,0,0,0,0.013499363,0,0,0,0,0,0,0,0.013544892,0,0,0,0,0,0,0,0,0,0,0,0,0,0,0,0,0,0,0,0,0,0,0,0,0,0,0,0,0,0,0,0,0,0,0,0,0,0,0,0,0,0,0,0,0,0,0,0,0.001775633,0,0,0,0,0,0.013681479,0,0,0,0,0,0,0,0,0,0,0,0,0,0.006783828,0,0,0,0,0,0,0,0,0,0,0,0,0,0,0,0,0,0,0,0,0,0,0,0,0,0,0,0,0,0,0,0,0,0,0,0,0,0,0.000546349
E160QV3W.04,0,0,0,0,0,0,0,0,0,0,0,0,0,0,0,0,0,0,0,0,0,0,0,0,0,0,0.081002877,0,0,0,0,0,0,0,0,0,0,0,0.000618853,0,0,0,0,0,0,0,0.002224527,0,0,0,0,0,0,0,0,0,0,0,0,0,0,0,0,0,0,0,0,0,0,0,0,0,6.69E-05,0,0,0,0,0,0,0,0,0,0,0,0,0,0,0,0,0,0,0,0,0,0,0,0,0,0,0,0,0,0,0,0,0,0,0,0,0,0,0,0,0,0,0,0,0,0,0,0,0,0,0,0,0,0,0,0.000618853,0.001823108,0,0,0.000200709,0,0,0,0.018816485,0,0,0,0.002140898,0.000468321,0,0,0,0,0.000903191,5.02E-05,0,0.024386164,0,0,0,0,0,0,0,0,0,0,0,0.001455141,0,0,0.000267612,0,0,0,0,0,0,0,0,0,0,0,0,0,0,0,0,0,0,0,0,0,0,0,0,0,0,0,0.000250886,0,0,0,0,0,0,0,0,0,0,0,0,0,0,0,0,0,0.000618853,0,0,0,0,0,0,0.000351241,0,0,0,0,0,0,0,0,0,0,0,0,0,0,0,0,0,0,0.000167258,0,0,0,0,0,0,0,0,0,0,0,0,0,0,0,0.863367231,0,0,0.000200709,0,0,0,0,0,0,0,0,0,0,0,0,0,0,0,0,0,0,0,0,0,0
H160W54T.04,0,0,0,0,0,0,0,0,0,0,0,0,0,0,0,0,0,0,0,0,0,0,0.000343332,0,0,0,0.576093242,0,0,0,0,0,0,0,0,0,0,0,0,0,0,0,0,0,0,0,0.002674377,0,0,0,0,0,0,0,0,0,0,0,0,0,0,0,0,0,0,0,0,0,0,0,0,0,0,0,0.000451753,0.005565595,0.000722804,0,0,0,0,0.017347308,0,0,0,0,0,0.000162631,0.000614384,0,0,0,0,0,0,0,0,0,0,0,0,0,0,0,0,0,0,0,0,0,0,0,0,0,0,0,0,0.000234911,0,0,0,0,0,0,0,0,0,0,0,0.000451753,0,0,0,0,0,0,0.000740875,0,0,0,0.000686664,0.006830502,0,0,0,0.012287676,0.000632454,0.000180701,0.009269967,0.148680882,0,0,0.000252982,0,0,0,0,0.001156487,0,0,0,0.003903144,0,0,0.000397542,0,7.23E-05,0,0.005366823,0,0,0,0,0,0,0,0,0,0,0,0,0,0,0,0,0,0,0,0,0,0,0,0,0,0,0,0,0,0,0,0,0,0,0,0,0,0,0,0,0,0,0,0,0,0,0,0,0,1.81E-05,0,0,0,0,0,0.180827611,0,0,0,0,0,0,0,0,0,0,0,0,0,0,0,0,0,0,0,0,0,0,0,0,0,7.23E-05,0,0.001228768,0,0,0.021647994,0,0.000885435,0,0,0,0,0,0,0,0.000144561,5.42E-05,0,0,0,0,0,0,0,0,0,0,0
H160TBM7.04,0,0,0,0,0,0,0,0,0,0,0,0,0,0,0,0,0,0,0,0,0,0,0.001000231,0,0,0,0.010024291,0,0,0,0,0,0,0,0,0,0,0,0.000659493,0,0,0,0,0,0,0,0.002033436,0,0,0,0,0,0,0,0,0,0,0,0.000505611,0,0,0,0,0,0,0,0,0,0,0,0,0,0,0,0,0.003759109,0.001780631,0,0,0,0,0,0,0,0,0,0,0.000329746,0.001253036,0,0,0,0,0,0,0,0,0,0,0,0,0,0,0,0,0,0,0,0,0,0,0,0,0,0,0,0,0,0,0,0,0,0,0,0,0,0,0,0,0.001615757,0,0,0.00035173,0,0,0,0.003572253,0,0,0,0.001901538,0.007694083,0,0,0.002648963,0.005495774,0.000736434,0.000703459,0.001879555,0.843106651,0,0,0.00028578,0,0,0,0,0,0,0,0,0.005177019,0,0,0.000208839,0,0,0,0,0,0,0,0,0,0,0,0,0,0,0,0,0,0,0,0,0,0,0,0,0,0,0,0,0,0,0,0,0,0,0,0,0.000241814,0,0.001406918,0,0,0,0,0,0,0,0,0,0,0,0,0,0.000274789,0.000417679,0,0,0,0,0,0.017872256,0,0,0,0,0,0,0,0,0,0,0,0,0,0,0,0,0,0,0,0,0,0,0,0,0,0,0.082722386,0,0,0,0,0,0,0,0,0,0,0,0,0,0,0,0,0,0,0,0,0,0,0,0,0,0.000340738
J160QY99.04,0,0,0,0,0,0,0,0,0,0,0,0,0,0,0,0,0,0,0,0,0,0,0.000310327,0,0,0,0.006133513,0,0,0,0,0,0,0,0,0,0,0,0,0,0,0,0,0,0,0,0.000127782,0,0,0,0,0,0,0,0,0,0,0,1.83E-05,0,0,0,0,0,0,0,0,0,0,0,0,0,0,0,1.83E-05,5.48E-05,0.000474617,0,0,0,0,0.000109527,0,0,0,0,0,3.65E-05,7.30E-05,0,0,0,0,0,0,0,0,0,0,0,0,0,0,0,0,0,0,0,0,0,0,0,0,0,0,0,0,0,0,0,0,0,0,0,0,0,0,0,0,0.121885325,0,0,0,3.65E-05,0,0,0.855898943,0,0,0,5.48E-05,0.000383345,0,0,1.83E-05,0.000711926,0,0,0,0.007411329,0,0,0,0,0.000164291,0,0,5.48E-05,0,0,9.13E-05,0.000584144,0,0,0.000949234,0,5.48E-05,0,0,0,0,0,0,0,0,0,0,0,0,0,0,0,0,0,0,0,0,0,0,0,0,0,0,0,0,0,0,0,0,0,0,0,0,0,3.65E-05,0,0,0,0,0,0,0,0,0,0,0,0,0,0,0,0,0,0,0,0.000127782,0,0,0,0,0,0,0,0,0,0,0,0,0,3.65E-05,0,0,0,0,0,0,0,0,0,0,0,0,0.004089009,1.83E-05,0,0,0,0,0,0,0,0,0,0,0,0,3.65E-05,0,0,0,0,0,0,0,0,0,0,0,0
F160T94Z.04,0,0,0,0,0,0,0,0,0,0,0,0,0,0,0,0,0,0,0,0,0,0,0.001094164,0,0.000685234,0,0.432692308,0,0,0,0.000320513,0,0,0,0,0,0,0.000453139,0.000884173,0,0,0,0,8.84E-05,0,0,0.000839965,0,0,0,0,0,0,0.000740495,0,0,0,0,0,0,0,0,0,0,0,0,0,0,0,0,0,0,0,0,0,0.003105659,0.002541998,0,0,0,0,0.009217507,0,0,0,0,0,0.001381521,0.009372237,0,0,0,0,0,0,0,0,0,0,0,0,0,0,0,0,0,0,0,0,0,0,0,0.011858974,0,0,0,0,0,0,0,0,0,0.000950486,0,0,0,0,0,0,0.004022989,0,0,0.000265252,0,0,0,0,0,0,0,0.001016799,0.005879752,0,0,0.042561892,0.001447834,0.0005084,0,0,0.393755526,0,0,0,0,0,0,0,0.000762599,0,0,0,0.014202034,0,0,0,0,0,0,0.000552608,0.006752874,0,0,0,0,0,0,0,0,0,0,0,0,0,0,0,0,0,0,0,0,0,0,0.000209991,0,0,0,0,0,0.000165782,0,0,0.00382405,0,0,0,0.000419982,0,0,0,0,0,0,0,0,0,0,0,0.001138373,0.00081786,0,0,0,0,0,0.043843943,0,0,0,0,0,0,0,0,0,0.00122679,0,0,0,0,0,0,0,0,0,0,0,0,0,0,0,0,0,0,0,0,0,0,0,0,0,0,0,0,0,0,0,0.000143678,0,0,0,0,0,0,0,0,0,0,0.0002542
B160TWSZ.04,0,0,0,0,0,0,0,0,0,0,0,0,0,0,0,0,0,0,0,0,0,0,0.001439868,0,0,0,0.825152086,0,0,0,0,0,0,0,0,0,0,0,2.40E-05,0,0,0,0,0,0,0,0,0,0,0,0,0,0,0,0,0,0,0,0.000299972,0,0,0,0,0,0,0,0,0,0,0,0,0,0,0,0,0.001163893,0.008603209,0,0,0,0,0.004223611,0,0,0,0,0,1.20E-05,9.60E-05,0,0,0,0,0,0,0,0,0,0,0,0,0,0,0,0,0,0,0,0,0,0,0,0,0,0,0,0,0,0,0,0,0,0,0,0,0,0,0,0,0.00010799,0,0,0,0,0,0,0.016126516,0,0,0,0,0.004103622,0,0,0,0.002399779,0,0,0,0.128856145,0,0,0,0,0,0,0,0.000275975,0,3.60E-05,0,0.002651756,0,0,0,0,0.000227979,0,0.000695936,0.000119989,0,0,0,0,0,0,0,0,0,0,0,0,0,0,0,0,0,0,0,0,0,0,0,0,0,0,0,0,0,0,0,0,0,0,0,0,0,0,0,0,0,0,0,0,0,0,0,0,0,0,0,0,0,0,0.002699752,0,0,0,0,0,0,0,0,0,0,0,0,0,0.00043196,0,0,0,0,0,0,0,0,0,0,0,0.000119989,0,0,0,0,2.40E-05,0,0,0,0,0,0,0,0,0,0.00010799,0,0,0,0,0,0,0,0,0,0,0,0
G160S0BF.04,0,0,0,0,0,0,0,0,0,0,0,0,0,0,0,0,0,0,0,0,0,0,0.014097094,0,0,0,5.77E-05,0,0,0,0,0,0,0,0,0,0,0,0.001974746,0,0,0,0,0.000936923,0,0,0.000965752,0,0,0,0,0,0,0,0,0,0,0,0,0,0,0,0,0,0,0,0,0,0,0,0,0,0,0,0,0.003661208,0.055581181,0,0,0,0,0.011906135,0,0,0,0,0,0,0.003661208,0,0,0,0,0,0,0,0,0,0,0,0,0,0,0,0,0,0,0,0,0,0,0,0,0,0,0,0,0,0,0,0,0,0,0,0,0,0,0,0,0.000115314,0,0,0,0,0,0,0.004468404,0,0,0,0,0.047264184,0,0,0,0.017844788,0,0,0,0.725438192,0,0,0,0,0,0,0,0.000864852,0,0,0,0.10046702,0,0,0.002522486,0,0.003834179,0,0,0,0,0,0,0,0,0,0,0,0,0,0,0,0,0,0,0,0,0,0,0,0,0,0,0,0,0,0,0,0,0,0,0,0,0,0,0,0,0,0,0,0,0,0,0,0,0,0,0,0,0,0,0,0,0,0.000691882,0,0,0,0,0,0,0,0,0,0,0,0,0,0,0,0,0,0,0,0,0,0,0,0,0,0.001181965,0,1.44E-05,0,0,0,0,0,0,0,0,0,0,0,0,0,0,0.001167551,0,0,0,0,0,0,0,0,0,0.001282864
J160VFK7.04,0,0,0,0,0,0,0,0,0,0,0,0,0,0,0,0,0,0,0,0,0,0,0.000773771,0,0,0,0.648480527,0,0,0,0,0,0,0,0,0,0,0,0,0,0,0,0,0,0,0,0.002988879,0,0,0,0,0,0,0,0,0,0,0,0,0,0,0,0,0,0,0,0,0,0,0,0,0,0.000166892,0,0.000531019,0.007388751,0.004141949,0,0,0,0,0.024457223,0,0,0,0,0,0.000409643,0.014413376,0,0,0,0,0,0,0,0,0,0,0,0,0,0,0,0,0,0,0,0,0,0,0,0,0,0,0,0,0,0,0,0,0,0,0,0,0,0,0,0,0.000318611,0,0,0,0,0,0,0.000197236,0,0,0,0.000273096,0.003125427,0,0,0,0.001183414,0.000182064,6.07E-05,0.000728255,0.219811564,0,0,0,0,0,0,0,0.000500675,0,0,0.000576535,0.021468344,0,0,0.001016522,0,0.000212408,0,0.003550242,0.00122893,0,0,0,0,0,0,0,0,0,0,0,0,0,0,0,0,0,0,0,0,0,0,0,0,0,0,0,0,0,0,0,0,0,0,0,0,0,0,0,0,0,0,0,0,0,0,0,3.03E-05,0,0,0,0,0,0,0.039007146,0,0,0,0,0,0,0,0,0,0,0,0,0,0.000788943,0,0,0,0,0,0,0,0,0,0,0,1.52E-05,0,0,0,0,0.000166892,0,0.001410994,0,0,0,0,0,0,0,4.55E-05,0.000348955,0,0,0,0,0,0,0,0,0,0,0
F160WS8Z.04,0,0,0,0,0,0,0,0,0,0,0,0,0,0,0,0,0,0,0,0,0,0,0.003759245,0,0,0,0.44130266,0,0,0,0,0,0,0,0,0,0,0,0.000136205,0,0,0,0,0,0,0,0.000830848,0,0,0,0,0,0,0,0,0,0,0,0,0,0,0,0,0,0,0,0,0,0,0,0,0,0,0,1.36E-05,0.006837467,0.003473215,0,0,0,0,0.008866915,0,0,0,0,0,0.000708264,0.001620834,0,0,0,0,0,0,0,0,0,0,0,0,0,0,0,0,0,0,0,0,0,0,0,0,0,0,0,0,0,0,0,0,0,0,0,0,0,0,0,0,0.001389286,0,0,0,0,0,0,0.001934104,0,0,0,0.000953432,0.015677141,0,0,0.00600662,0.011196012,0.000149825,8.17E-05,6.81E-05,0.463667443,0,0,6.81E-05,0,0,0,0,0.001443768,0,0.000108964,0,0.010446887,0,0,0.001947725,0,0.000517577,0,0.001076016,0.001280323,0,0,0,0,0,0,0,0,0,0,0,0,0,0,0,0,0,0,0,0,0,0,0,0,0,0,0,0,0,0,0,0,0,0,0,0,0,0,0,0,0,0,0,0,0,0,0,0,0,0,0,0,0,0,0.014287855,0,0,0,0,0,0,0,0,0,0,0,0,0,1.36E-05,0,0,0,0,0,0,0,0,0,0,0,5.45E-05,0,0,0,0,0,0,5.45E-05,0,0,0,0,0,0,0,0,0,2.72E-05,0,0,0,0,0,0,0,0,0,0
K160T942.04,0,0,0,0,0,0,0,0,0,0,0,0,0,0,0,0,0,0,0,0,0,0,0.003897782,0,0,0,0.036038853,0,0,0,0,0,0,0,0.001063032,0,0,0,0.001031766,0,0,0,0,0.002282391,0,0,0.001750875,0,0,0,0,0,0,0,0,0,0,0,0.002084376,0,0,0,0,0,0,0,0,0,0,0,0,0,0.000802485,0,0,0.003230782,0.061082625,0,0,0,0,0.027461647,0,0,0,0,0,0.001104719,0.003064032,0,0,0,0,0,0,0,0,0,0,0,0,0,0,0,0,0,0,0,0,0,0,0,0,0,0,0,0,0.000729531,0,0,0,0,0,0,0,0,0,0,0,0.011370268,0,0,0.009921627,0,0,0,0.005857095,0,0,0,0.001792563,0.015278473,0,0,0.010317659,0.00343922,0.002126063,1.04E-05,0,0.643571786,0,0,0,0,0,0,0,0.01465316,0,0,0,0.060936718,0,0.000531516,0.000823328,0,0.000458563,0,0,0.008535518,0,0,0,0,0,0,0,0,0,0,0,0,0,0,0,0,0,0,0,0,0,0,0,0,0,0,0,0,0,0,0,0.008723112,0,0,0,0,0,0,0,0,0,0,0,0,0,0,0,0.002355344,0,0,0,0,0,0,0.043719777,0,0,0,0,0,0,0,0,0,0,0,0,0,0.004345923,0,0,0,0,0.000614891,0,0,0,0,0,0,0,0,2.08E-05,0,0,0.002647157,0,0,0,0,0,0,0,0,0,0,0,0,0,0,0,0,0,0,0,0,0,0.002324079
C160SV9D.04,0,0,0,0,0,0,0,0,0,0,0,0,0,0,0,0,0,0,0,0,0,0,0.004554061,0,0,0,0.002481066,0,0,0,0,0,0,0,0,0,0,0,0,0,0.035453121,0,0,0,0,0,0.000865108,0,0,0,0,0,0,0,0,0,0,0,0,0,0,0,0,0,0,0,0,0,0,0,0,0,0,0,0,0.003068686,0,0,0,0,0,0.001044659,0,0,0,0,0,0.000342779,0.000179551,0,0,0,0,0,0.000489684,0,0,0,0,0,0,0,0,0,0,0,0,0,0,0,0,0,0,0,0,0,0,0,0,0,0,0,0,0,0,0,0,0,0.000391747,0.002072996,0,0,0.000571298,0,0,0,0.108122225,0,0,0,0.000359102,0.006300601,0,0,0,0.004472447,0,0,0,0.792977932,0,0,0,0,0,0,0,0,0,0,0.001028336,0.002725908,0,0,0.002007704,0,0,0,1.63E-05,0.000130582,0,0,0,0,0,0,0,0,0,0,0,0,0,0,0,0,0,0,0,0,0,0,0,0,0,0,0,0,0,0,0,0,0,0,0,0,0,0,0,0,0,0,0,0,0,0,0,0.000342779,0,0,0,0,0,0,0.028173152,0,0,0,0,0,0,0,0,0,0,0,0,0,0,0,0,0,0,0,0,0,0,0,0,0,4.90E-05,0,0,0,0,0,0,0,0,0,0,0,0,0,0,0.000342779,1.63E-05,0,0,0,0,0,0,0,0,0,0,0.001420084
C160QF2Z.04,0,0,0,0,0,0,0,0,0,0,0,0,0,0,0,0,0,0,0,0,0,0,0,0,0,0,0.040321468,0,0,0,0,0,0,0,0,0,0,0,0,0,0,0,0,0,0,0,1.72E-05,0,0,0,0,0,0,0,0,0,0,0,0,0,0,0,0,0,0,0,0,0,0,0,0,0,0,0,0,5.17E-05,0,0,0,0,0,1.72E-05,0,0,0,0,0,0,0,0,0,0,0,0,0,0,0,0,0,0,0,0,0,0,0,0,0,0,0,0,0,0,0,0,0,0,0,0,0,0,0,0,0,0,0,0,0,0,0,0.026265866,0,0,3.45E-05,0,0,0,0.932515866,0,0,0,8.62E-05,0,0,0,5.17E-05,3.45E-05,0.000120723,0,0,0.000413907,0,0,0,0,0,0,0,0,0,0,0,3.45E-05,0,0,0,0,0,0,0,0,0,0,0,0,0,0,0,0,0,0,0,0,0,0,0,0,0,0,0,0,0,0,0,0,0,0,0,0,0,0,0,0,0,0,0,0,0,0,0,0,0,0,0,0,0,0,0,0,0,0,0,0,0,0,3.45E-05,0,0,0,0,0,0,0,0,0,0,0,0,0,0,0,0,0,0,0,0,0,0,0,0,0,0,0,0,0,0,0,0,0,0,0,0,0,0,0,0,0,0,0,0,0,0,0,0,0,0,0,0,0
A160QT05.04,0,0,0,0,0,0,0,0,0,0,0,0,0,0,0,0,0,0,0,0,0,0,0,0,0,0,0.340216069,0,0,0,0,0,0,0,0,0,0,0,0.000202795,0,0,0,0,0,0,0,0.000184359,0,0,0,0,0,0,0,0,0,0,0,0.011393385,0,0,0,0,0,0,0,0,0,0,0,0,0,0,0,0,0,0,0,0,0,0,0,0,0,0,0,0,0,0,0,0,0,0,0,0,0,0,0,0,0,0,0,0,0,0,0,0,0,0,0,0,0,0,0,0,0,0,0,0,0,0,0,0,0,0,0,0,0,0,0.003558128,0,0,0,0,0,0,0.163434239,0,0,0,0.002433539,0.008093359,0,0,0,0,0.003484385,0.01200177,0,0.209136831,0,0,0,0,0,0,0,0.000553077,0,0,0,0.008056488,0,0,0,0,0,0,0,0,0,0,0,0,0,0,0,0,0,0,0,0,0,0,0,0,0,0,0,0,0,0,0,0,0,0,0,0,0,0,0,0,0,0,0,0,0,0,0,0,0,0,0,0,0,0,0,0,0,0,0,0,0,0,0,0,0,0,0,0,0,0,0,0,0,0,0,0,0,0,0,0,0,0,0,0,0,0,0,0,0,0,0.235020833,0,0,0,0,0,0,0,0,0,0,0,0,0,0.001382692,0,0,0,0,0,0,0,0,0,0,0.000848051
C160SLDT.04,0,0,0,0,0,0,0,0,0,0,0,0,0,0,0,0,0,0,0,0,0,0,0.000628224,0,0,0,0.675340563,0,0,0,0,0,0,0,0,0,0,0,0,0,0,0,0,0,0,0,0.00029758,0,0,0,0,0,0,0,0,0,0,0,0.000793546,0,0,0,0,0,0,0,0,0,0,0,0,0,0,0,8.27E-05,0,0.000231451,0,0,0,0,0,0,0,0.000281047,0,0,0,0,0,0,0,0,0,0,0,0,0,0,0,0,0,0,0,0,0,0,0,0,0,0,0,0,0,0,0,0,0,0,0,0,0,0,0,0,0,0,0,0,0.001107658,0,0.00014879,0,0,0,0,0.198617908,0,0.000198386,0,0.000115725,0.001289512,0,0,0.000165322,0.000595159,0,0,0,0.114452453,0,0,0,0,0,0,0,0,0,0,9.92E-05,0.004017326,0,0,0,0,0,0,0,0,0,0,0,0,0,0,0,0,0,0,0,0,0,0,0,0,0,0,0,0,0,0,0,0,0,0,0,0,0,0,0,0,0,0,0,0,0,0,0,0,0,0,0,0,0,0,0,0.000429837,0.000181854,0,0,0,0,0,0,0,0,0,0,0,0,0,0,0,0,0,0,0,0,0,0,0,0,0,0,0,0,0,0,0,0,0,0,0,0,0,0,0,0,0,0,0,0,0,0,0,0.000132258,0,0,0,0,0,0,0,0,0,0,0.000793546
E160SLFS.04,0,0,0,0,0,0,0,0,0,0,0,0,0,0,0,0,0,0,0,0,0,0,0,0,0,0,0.002941176,0,0,0,0,0,0,0,0,0,0,0,0,0,0,0,0,0,0,0,0.402320772,0,0,0,0,0,0,0,0,0,0,0,0,0,0,0,0,0,0,0,0,0,0,0,0,0,0,0,0,0,0,0,0,0,0,0,0,0,0,0,0,0,0,0,0,0,0,0,0,0,0,0,0,0,0,0,0,0,0,0,0,0,0,0,0,0,0,0,0,0,0,0,0,0,0,0,0,0,0,0,0,0,0,0.000597426,0,0,0.003308824,0,0,0,0.030629596,0,0,0,0.001171875,0,0,0,0,0,0,0.002136949,0,0.529618566,0,0,0,0,0,0,0,0,0,0,0,0.000942096,0,0,0,0,0,0,0,0,0,0,0,0,0,0,0,0,0,0,0,0,0,0,0,0,0,0,0,0,0,0,0,0,0,0,0,0,0,0,0,0,0,0,0,0,0,0,0,0,0,0,0,0,0,0,0,0.003653493,0,0,0,0,0,0,0.003469669,0,0,0,0,0,0,0,0,0,0,0,0,0,0,0,0,0,0,0,0,0,0,0,0,0,0,2.30E-05,0,0,0,0.000344669,0,0,0,0,0,0,0,0,0,0,0,0,0,6.89E-05,0,0,0,0,0,0,0,0.018772978
E160QGQX.04,0,0,0,0,0,0,0,0,0,0,0,0,0,0,0,0,0,0,0,0,0,0,0,0,0,0,0.043823429,0,0,0,0,0,0,0,0,0,0,0,0,0,0,0,0,0,0,0,0.00019564,0,0,0,0,0,0,0,0,0,0,0,0,0,0,0,0,0,0,0,0,0,0,0,0,0,0,0,0,0,0,0,0,0,0,0,0,0,0,0,0,0,0,0,0,0,0,0,0,0,0,0,0,0,0,0,0,0,0,0,0,0,0,0,0,0,0,0,0,0,0,0,0,0,0,0,0,0,0,0,0,0,0,0.008237487,0,0,0,0,0,0,0.94703296,0,0,0,0.000380984,1.03E-05,0,0,0,0,0,0,0,0.000102969,0,0,0,0,0,0,0,0,0,0,0,0,0,0,0,0,0,0,0,0,0,0,0,0,0,0,0,0,0,0,0,0,0,0,0,0,0,0,0,0,0,0,0,0,0,0,0,0,0,0,0,0,0,0,0,0,0,0,0,0,0,0,0,0,0,0,0,0,0,0,0,0,0,0,0,0,0,0,0,0,0,0,0,0,0,0,0,0,0,0,0,0,0,7.21E-05,0,0,0,0,0,0,0,0,0,0,0,0,0,0,0,0,0,0,0,0,0,0,0,0,0,0,0,0,0,0,0,0,0,0.000144156
K160SSTY.04,0,0,0,0,0,0,0,0,0,2.85E-05,0,0,0,0,0,0,0,0,0,0,0,0,0,0,0,0,0.714059649,0,0,0,0,0,0,0,0,0,0,0,0,0,0,0,0,0,0,0,1.43E-05,0,0,0,0,0,0,0,0,0,0,0,0,0,0,0,0,0,0,0,0,0,0,0,0,0,0,0,0,0,0,0,0,0,0,0,0,0,0,0,0,0,0,0,0,0,0,0,0,0,0,0,0,0,0,0,0,0,0,0,0,0,0,0,0,0,0,0,0,0,0,0,0,0,0,0,0,0,0,0,0,0,0,0.007912295,0,0,0,0,0,0,0.273223654,0,0,0,0.000798358,0,0,0,0,0,0,0,0,0.003877737,0,0,0,0,0,0,0,0,0,0,0,5.70E-05,0,0,1.43E-05,0,0,0,0,0,0,0,0,0,0,0,0,0,0,0,0,0,0,0,0,0,0,0,0,0,0,0,0,0,0,0,0,0,0,0,0,0,0,0,0,0,0,0,0,0,0,0,0,0,0,0,0,0,0,0,0,0,0,0,1.43E-05,0,0,0,0,0,0,0,0,0,0,0,0,0,0,0,0,0,0,0,0,0,0,0,0,0,0,0,0,0,0,0,0,0,0,0,0,0,0,0,0,0,0,0,0,0,0,0,0,0,0,0,0,0
E160V9QR.04,0,0,0,0,0,0,0,0,0,0,0,0,0,0,0,0,0,0,0,0,0.001476839,0,9.47E-06,0,0.000331342,0,0.95325236,0.000179871,0,0,0,0,0,0,0.000454412,0,0,0,5.68E-05,0,0,0,0,0,0,0,0.001183365,0,0,0,0,0,0,0,0,0,0,0,0,0,0,0,0,0,0,0,0,0,0,0,0,0,0,0,0,0.000880423,0.001202299,0,0,0,0,0.001287501,0,0,0,0,0,0,0.001240166,0,0,0,0,0,0,0,0,0,0,0,0,0,0,0,0,0,0,0,0,0,0,0,0,0,0,0,0,0,0,0,0,0,0,0,0,0,0,0,0,0.000160938,0,0,9.47E-06,0,0,0,0.000672151,0,0,0,0.000293474,0.002953678,0,0,0.001221232,0.000719486,0,0,0,0.02097869,0,0,0,0,0,0,0,0,0,0,0,0.001704045,0,0,0,0,0.000530147,0,1.89E-05,0,0,0,0,0,0,0,0,0,0,0,0,0,0,0,0,0,0,0,0,0,0,0,0,0,0,0,0,0,0,0,0,0,0,0,0,0,0,0,0,0,0,0,0,0,0,0,9.47E-06,0,0,0,0,0,0,0,0.008993572,0,0,0,0,0,0,0,0,0,0,0,0,0,0,0,0,0,0,0,0,0,0,0,0,0,0,0,0,0,0,0,0,0,0,0,0,0,0,0,0,0,0.000179871,0,0,0,0,0,0,0,0,0,0,0
K160ST0X.04,0,0,0,0,0,0,0,0,0,0,0,0,0,0,0,0,0,0,0,0,0,0,0.002693053,0,0,0,0.654184822,0,0,0,0,0,0,0.001633987,0,0,0,0,0,0,3.03E-05,0,0,0,0,0,0,0,0,0,0,0,0,0,0,0,0,0,0,0,0,0,0,0,0,0,0,0,0,0,0,0,0,0,0,0,0.002239167,0,0,0,0,7.56E-05,0,0,0,0,0,0,0,0,0,0,0,0,0,0,0,0,0,0,0,0,0,0,0,0,0,0,0,0,0,0,0,0,0,0,0,0,0,0,0,0,0,0,0,0,0,0,0,0.00062031,0,0,0.00216352,0,0,0,0.00462963,0,0,0,0.00122549,0.009698015,0,0,0,0.003979061,0,0,0,0.29557008,0,0,0,0,0,0,0,0,0,0,0,0.010439361,0,0,0.004538853,0,0,0,0,0,0,0,0,0,0,0,0,0,0,0,0,0,0,0,0,0,0,0,0,0,0,0,0.003540305,0,0,0,0,0,0,0,0,0,0,0,0,0,0,0,0,0,0,0,0,0,0,0,0,0,0,0,0,0,0,0,0.002677923,0,0,0,0,0,0,0,0,0,0,0,0,0,0,0,0,0,0,0,0,0,0,0,0,0,0,6.05E-05,0,0,0,0,0,0,0,0,0,0,0,0,0,0,0,0,0,0,0,0,0,0,0,0,0,0
A160W91L.04,0,0,0,0,0,0,0,0,0,0,0,0,0,0,0,0,0,0,0,0,0,0,0.000159447,0,0,0,0.811852246,0,0,0,0,0,0,0,0,0,0,0,0.000177164,0,0,0,0,0,0,0,0.000814953,0,0,0,0,0,0,0,0,0,0,0,0,0,0,0,0,0,0,0,0,0,0,0,0,0,0,0,0.000124015,0.002001949,0.000124015,0,0,0,0,0.001204713,0,0,0,0,0,0.000478342,8.86E-05,0,0,0,0,0,0,0,0,0,0,0,0,0,0,0,0,0,0,0,0,0,0,0,0,0,0,0,0,0,0,0,0,0,0,0,0,0,0,0,0,0.000425193,0,0,1.77E-05,0,0,0,0.000797236,0,0,0,0.000407476,0.003206661,0,0,0,0,0.000124015,0,0.004730268,0.089945965,0,0,0,1.77E-05,0,0,0,0,0,0,0,0.000726371,0,0,0.000124015,0,0,0,5.31E-05,0.000177164,0,0,0,0,0,0,0,0,0,0,0,0,0,0,0,0,0,0,0,0,0,0,0.00019488,0,0,0,0.000212596,0,0,0,0,0,0,0,0,0,0,0,0,0,0,0,0,0,0,0,0,0,0,0,0,0,0,0,0.06397378,0,0,0,0,0,0,0,0,0,0,0,0,0,0,0,0,0,0,0,0,0,0,0,0,0,5.31E-05,0,0.017556914,0,0,0.000230313,0,0,0,0,0,0,0,0,0,0,0,0,0,0,0,0,0,0,0,0,0,0
G160TFPW.04,0,0,0,0,0,0,0,0,0,0,0,0,0,0,0,0,0,0,0,0,0,0,0,0,0,0,0.964163938,0,0,0,0,0,0,0,0,0,0,0,0,0,0,0,0,0,0,0,0.001246052,0,0,0,0,0,0,0,0,0,0,0,0,0,0,0,0,0,0,0,0,0,0,0,0,0,0,0,0,0,0.003226212,0,0,0,0,9.66E-06,0,0,0,0,0,0,0,0,0,0,0,0,0,0,0,0,0,0,0,0,0,0,0,0,0,0,0,0,0,0,0,0,0,0,0,0,0,0,0,0,0,0,0,0,0,0,0.00084036,9.66E-05,0,0,0.001188096,0,0,0,0.006606972,0,0,0,9.66E-06,0,0,0,0,0,0,0,0,0.02046809,0,0,0,0,0,0,0,0,0,0,0,0.001168777,0,0,0,0,0,0,0,0,0,0,0,0,0,0,0,0,0,0,0,0,0,0,0,0,0,0,0,0,0,0,0,0,0,0,0,0,0,0,0,0,0,0,0,0,0,0,0,0,0,0,0,0,0,0,0,0.000859679,0,0,0,0,0,0,0,0,0,0,0,0,0,0,0,0,0,0,0,0,0,0,0,0,0,0,0,0,0,0,0,0,0,0,0,0,0,0,0,0,0,0,0,0,0,0,0,0,0,0,0,9.66E-06,0,0,0,0,0,0,0,0.000106252
K160T6C4.04,0,0,0,0,0,0,0,0,0,0,0,0,0,0,0,0,0,0,0,0,0,0,0,0,0,0,0.942612835,0,0,0,0,0,0,0,0,0,0,0,0,0,0,0,0,0,0,0,3.78E-05,0,0,0,0,0,0,0,0,0,0,0,0,0,0,0,0,0,0,0,0,0,0,0,0,0,0,0,0,0.000415575,0,0,0,0,0,0.000705219,0,0,0,0,0,0,0,0,0,0,0,0,0,0,0,0,0,0,0,0,0,0,0,0,0,0,0,0,0,0,0,0,0,0,0,0,0,0,0,0,0,0,0,0,0,0,0,0.000151118,0,0,0,0,0,0,0.002820874,0,0,0,0.000251864,0.002153435,0,0,1.26E-05,0,0.000994862,0,0,0.040827121,0,0,0,0,0,0,0,0,0,0,0,0,0,0,0,0,0,0,0,0,0,0,0,0,0,0,0,0,0,0,0,0,0,0,0,0,0,0,0,0,0,0,0,0,0,0,0,0,0,0,0,0,0,0,0,0,0,0,0,0,0,0,0,0,0,0,0,0,0,0,0,0,0,0,0.008273726,0,0,0,0,0,0,0,0,0,0,0,0,0,0,0,0,0,0,0.000667439,0,0,0,0,0,0,1.26E-05,6.30E-05,0,0,0,0,0,0,0,0,0,0,0,0,0,0,0,0,0,0,0,0,0,0,0,0,0,0
F160SLMG.04,0,0,0,0,0,0,0,0,0,0,0,0,0,0,0,0,0,0,0,0,0,0,0,0,0,0,0.048304958,0,0,0,0,0,0,0,0,0,0,0,0,0,0.1789655,0,0,0,0,0,2.50E-05,0,0,0,0,0,0,0,0,0,0,0,0,0,0,0,0,0,0,0,0.00052424,0,0,0,0,0,0,0,0,0,0,0,0,0,0,0.000386939,0,0,0,0,0,0,0,0,0,0,0,0,0,0,0,0,0,0,0,0,0,0,0,0,0,0,0,0,0,0,0,0,0,0,0,0,0,0,0,0,0,0,0,0,0,0,0,0,0,0,0,0,0,0,8.74E-05,0,0,0,0,0,0,0,0,0,0,0.000137301,0,0.770495282,0,0,0,0,0,0,0,0,0,0,0,0.000536722,0,0,0,0,0,0,0,0,0,0,0,0,0,0,0,0,0,0,0,0,0,0,0,0,0,0,0,0,0,0,0,0,0,0,0,0,0,0,0,0,0,0,0,0,0,0,0,0,0,0,0,0,0,0,0,0,0,0,0,0,0,0,0.000312048,0,0,0,0,0,0,0,0,0,0,0,0,0,0,0,0,0,0,0,0,0,0,0,0,0,0,0,0,0,0,0.000224674,0,0,0,0,0,0,0,0,0,0,0,0,0,0,0,0,0,0,0,0,0,0
E160RK6X.04,0,0,0,0,0,0,0,0,0,0,0,0,0,0,0,0,0,0,0,0,0,0,0.001461461,0,0,0,0.379714161,0.00024674,0,0,0,0,0,0,0,0,0,0,0.000949001,0,0.0001898,0,0,0,0,0,0.001480441,0,0,0,0,0,0,0,0,0,0,0,0,0,0,0,0,0,0,0,0,0,0,0,0,0,0,0,0.003682123,0.003112722,0.003739063,0.0005694,0,0,0,0.007990586,0,0,0,0,0,0,0.003473343,0,0,0,0,0,0,0,0,0,0,0,0,0,0,0,0,0,0,0,0,0,0,0,0,0,0,0,0,0,0,0,0,0,0,0,0,0,0,0,0,0.004422343,0,0,0.000892061,0,0,0,0.060242565,0,0.001423501,0,0.001442481,0.01343785,0,0,0.004536223,0.010514928,0.002277602,0,0,0.456203618,0,0,0.00020878,0,0,0,0,0.004650103,0,0,0.001461461,0.011767609,0,0,0.002562302,0,0.00053144,0,0,0.001916981,0,0,0,0,0,0,0,0,0,0,0,0,0,0,0,0,0,0,0,0,0,0,0,0,0,0.00020878,0,0,0,0,0,0.001043901,0,0,0,0,0.00034164,0,0,0,0,0,0,0,0.00055042,0.00026572,0,0.00034164,0,0,0,0,0,0,0.007705886,0,0.000835121,0,0,0,0,0,0,0,0,0,0,0,7.59E-05,0,0,0,0,0,0,0,0,0,0,0,0,0.001651261,0,0,0,0,0,0,0,0,0,0.0006643,0,0,0,9.49E-05,0.00020878,0,0,0,0,0,0,0,0,0,0,0.000911041
A160SFD1.04,0,0,0,0,0,0,0,0,0,0,0,0,0,0,0,0,0,0,0,0,0,0,0.000171939,0,0,0,0.012895461,0,0,0,0,0,0,0,0,0,0,0,0,0,0,0.000171939,0,0,0,0,0.002751032,0,0,0,0,0,0,0,0,0,0,0,0,0,0,0,0,0,0,0,0,0,0,0,0,0,0,0,0,0.000171939,0,0,0,0,0,0,0,0,0,0,0,0,0,0,0,0,0,0,0,0,0,0,0,0,0,0,0,0,0,0,0,0,0,0,0,0,0,0,0,0,0,0,0,0,0,0,0,0,0,0,0,0,0,0.019429161,0,0,0.000171939,0,0,0,0.719050894,0,0,0,0,0.000171939,0,0,0,0.000343879,0.117434663,0,0,0.001719395,0,0,0,0,0,0,0,0,0,0,0,0.000343879,0,0,0,0,0,0,0,0,0,0,0,0,0,0,0,0,0,0,0,0,0,0,0,0,0,0,0,0,0,0,0,0,0,0,0,0,0,0,0,0,0,0,0,0,0,0,0,0,0,0,0,0,0,0,0,0,0,0,0,0,0,0,0.000343879,0,0,0,0,0,0,0,0,0,0,0,0,0,0.000171939,0,0,0,0,0.122764787,0,0,0,0,0,0,0,0,0.000859697,0,0,0.001031637,0,0,0,0,0,0,0,0,0,0,0,0,0,0,0,0,0,0,0,0,0,0
A160R9VB.04,0,0,0,0,0,0,0,0,0,0,0,0,0,0,0,0,0,0,0,0,0,0,0.00066047,0,0,0,0.187622309,0.000146771,0,0,0,0,0,0,0,0,0,0,0.000195695,0,0,0,0,0,0,0,0.001296477,0,0,0,0,0,0,0,0,0,0,0,0.000415851,0,0,0,0,0,0,0,0,0,0,0,0,0,0,0,0,0,0.001394325,0,0,0,0,0,0,0,0,0,0,0,7.34E-05,0,0,0,0,0,0,0,0,0,0,0,0,0,0,0,0,0,0,0,0,0,0,0,0,0,0,0,0,0,0,0,0,0,0,0,0,0,0,0,0,0.021453033,0,0,0,0,0,0,0.712720157,0,0,0,0.001956947,0.001541096,0,0,0,0.002617417,0,0.000513699,0,0.058047945,0,0,0,0,0,0,0,0,0,0,0,0.007729941,0,0,0.001247554,0,0,0,0,0,0,0,0,0,0,0,0,0,0,0,0,0,0,0,0,7.34E-05,0,0,0,0,0,0,7.34E-05,0,0,0,0.000171233,0,0,0,0,0,0,0,0,0,0,0,0,0,0,0,0,0,0,0,0,0,0,0,0,0,0,0,0,0,0,0,0,0,0,0,0,0,0,0,0,0,0,0,0,0,0,0,0,0,0,0,0,0,0,0,2.45E-05,0,0,2.45E-05,0,0,0,0,0,0,0,0,0,0,0,0,0,0,0,0,0,0,0,0,0,0
E160Q54T.04,0,0,0,0,0,0,0,0,0,0,0,0,0,0,0,0,0,0,0,0,0,0,0,0,0,0,0.347207616,0,0,0,0,0,0,0,0,0,0,0,0,0,0,0,0,0,0,0,0,0,0,0,0,0,0,0,0,0,0,0,0,0,0,0,0,0,0,0,0,0,0,0,0,0,0,0,0,0,0,0,0,0,0,0,0,0,0,0,0,0,0,0,0,0,0,0,0,0,0,0,0,0,0,0,0,0,0,0,0,0,0,0,0,0,0,0,0,0,0,0,0,0,0,0,0,0,0,0,0,0,0,0.017794875,0,0,0,0,0,0,0.632797365,0,0,0,0.002103282,0,0,0,0,0,0,0,0,4.15E-05,0,0,0,0,0,0,0,0,0,0,0,0,0,0,0,0,0,0,0,0,0,0,0,0,0,0,0,0,0,0,0,0,0,0,0,0,0,0,0,0,0,0,0,0,0,0,0,0,0,0,0,0,0,0,0,0,0,0,0,0,0,0,0,0,0,0,0,0,0,0,0,0,0,0,0,0,0,0,0,0,0,0,0,0,0,0,0,0,0,0,0,0,0,0,0,0,0,0,0,0,0,0,0,0,0,5.53E-05,0,0,0,0,0,0,0,0,0,0,0,0,0,0,0,0,0,0,0,0,0,0
G160QGRT.04,0,0,0,0,0,0,0,0,0,0,0,0,0,0,0,0,0,0,0,0,0,0,0,0,0,0,0.011713776,0.000391765,0,0,0,0,0,0,0,0,0,0,3.92E-05,0,0,0,0,0,0,0,0.000372177,0,0,0,0,0,0,0,0,0,0,0,0,0,0,0,0,0,0,0,0,0,0,0,0,0,1.96E-05,0,0,0,0,0,0,0,0,0,0,0,0,0,0,0,0,0,0,0,0,0,0,0,0,0,0,0,0,0,0,0,0,0,0,0,0,0,0,0,0,0,0,0,0,0,0,0,0,0,0,0,0,0,0,0,0,0.016865487,0,0,0,0,0,0,0.967816497,0,0,0,5.88E-05,0,0,0,0,0,0.000470118,0,0,0.00123406,0,0,0,0,0.000372177,0,0,0,0,0,0,0,0,0,0,0,0,0,0,0,0,0,0,0,0,0,0,0,0,0,0,0,0,0,0,0,0,0,0,0,0,0,0,0,0,0,0,0,0,0,0,0,0,0,0,0,0,0,0,0,0,0,0,0,0,0,0,0.000254647,0,0,0,0,0,0,1.96E-05,0,0,0,0,0,0,0,0,0,0,0,0,0,0,0,0,0,0,0.000352589,0,0,0,0,0,0,0,0,1.96E-05,0,0,0,0,0,0,0,0,0,0,0,0,0,0,0,0,0,0,0,0,0,0,0,0,0
E160QL6Y.04,0,0,0,0,0,0,0,0,0,0,0,0,0,0,0,0,0,0,0,0,0,0,0.000522733,0,0,0,0.000849442,0,0,0,0,0,0,0,0,0,0,0,0.00116526,0,0,0,0,0,0,0,1.09E-05,0,0,0,0,0,0,0,0,0,0,0,0,0,0,0,0,0,0,0,0,0,0,0,0,0,0,0,1.09E-05,0.000675197,0.007078682,0,0,0,0,0.000359379,0,0,0,0,0,0,0.005750068,0,0,0,0,0,0,0,0,0,0,0,0,0,0,0,0,0,0,0,0,0,0,0,0,0,0,0,0,0,0,0,0,0,0,0,0,0,0,0,0,0.009354751,0,0,6.53E-05,0,0,0,0.009060713,0,0,0,0.00037027,0.155077593,0,0,6.53E-05,0,0,0,0,0.808026137,0,0,0,0,5.45E-05,0,0,1.09E-05,0,0,0,0.000696978,0,0,0.000304928,0,0,0,0,0,0,0,0,0,0,0,0,0,0,0,0,0,0,0,0,0,0,0,0,0,0,0,0,0,0,0,0,0,0,0,0,0,0,0,0,0,0,0,0,0,0,0,0,0,0,0,0,0,0,0,0,0,0,0,6.53E-05,0,0.000119793,0,0,0,0,0,0,0,0,0,0,0,0,0,0,0,0,0,0,0,0,0,0,0,0,0,0,0,0,0,0,0,0,0,0,0,0,0,0,0,0,0,0,0.000294038,0,0,0,0,0,0,0,1.09E-05
J160R9SX.04,0,0,0,0,0,0,0,0,0,0,0,0,0,0,0,0,0,0,0,0,0,0,0,0,0,0,0.721024662,0,0,0,0,0,0,0,0.00055213,0,0,0,0,0,0,0,0,0,0,0,0.002841171,0,0,0,0,0,0,0,0,0,0,0,0,0,0,0,0,0,0,0,0,0,0,0,0,0,0,0,0,0.000828195,0,0,0,0,0,0.000345081,0,0,0,0,0,0,0,0,0,0,0,0,0,0,0,0,0,0,0,0,0,0,0,0,0,0,0,0,0,0,0,0,0,0,0,0,0,0,0,0,0,0,0,0,0,0,0,0.002128002,0,0,0,0,0,0.000494617,0.097750069,0,0,0,5.75E-05,0.013964296,0,0,1.15E-05,0.002116499,0,0.000621147,0,0.141448882,0,0,0,0,0,0,0,0,0,0,0,0.002519095,0,0,0,0,0,0,1.15E-05,0,0,0,0,0,0,0,0,0,0,0,0,0,0,0,0,0,0,0,0,0,0,0,0,0,0,0,0,0,0,0,0,0,0,0,0,0,0.001046747,0,0,0,0,0,0,0,0,0,0,0,0,0,0,0,0,0,0.003301279,0,0,0,0,0,0,0,0,0,0,0,0,0,0,0,0,0,0,0.008419987,0,0,0,0,0,0,0,0,0,0,0,0.000517622,0,0,0,0,0,0,0,0,0,0,0,0,0,0,0,0,0,0,0,0,0,0
G160TBNH.04,0,0,0,0,0,0,0,0,0,0,0,0,0,0,0,0,0,0,0,0,0,0,0.007821522,0,0,0,0.013333333,0,0,0,0,0,0,0,0,0,0,0,0,0,0,0,0,0,0,0,0,0,0,0,0,0,0,0,0,0,0,0,0,0,0,0,0,0,0,0,0,0,0,0,0,0,0,0,0,0.010498688,0.04015748,0,0,0,0,0.006299213,0,0,0,0,0,0,0,0,0,0,0,0,0,0,0,0,0,0,0,0,0,0,0,0,0,0,0,0,0,0,0,0,0,0,0,0,0,0,0,0,0,0,0,0,0,0,0,0.000209974,0,0,0.012073491,0,0,0,0.022047244,0,0,0,0,0.006771654,0,0,0.009238845,0.007821522,0,0,0,0.20183727,0,0,0,0,0,0,0,0,0,0,0,0.00992126,0,0,0.014540682,0,0,0,0,0.005721785,0,0,0,0,0,0,0,0,0,0,0,0,0,0,0,0,0,0,0,0,0,0,0.009711286,0,0,0,0,0,0,0,0,0,0,0,0,0,0,0,0,0,0,0,0,0,0,0,0.003412073,0.012440945,0,0,0,0,0,0,0.594908136,0,0,0,0,0,0,0,0,0,0,0,0,0,0,0,0,0,0,0,0,0,0,0,0,0,0.003097113,0,0,0,0,0,0,0,0,0,0,0,0,0,0,0,0,0,0,0,0,0,0,0,0,0,0,0.008136483
E160Q7CG.04,0,0,0,0,0,0,0,0,0,0,0,0,0,0,0,0,0,0,0,0,0,0,9.86E-06,0,0,0,0.046324588,0,0,0,0,0,0,0,0,0,0,0,0,0,0,0,0,0,0,0,0,0,0,0,0,0,0,0,0,0,0,0,0,0,0,0,0,0,0,0,0,0,0,0,0,0,9.86E-06,0,0,0,0,0,0,0,0,9.86E-06,0,0,0,0,0,0,0,0,0,0,0,0,0,0,0,0,0,0,0,0,0,0,0,0,0,0,0,0,0,0,0,0,0,0,0,0,0,0,0,0,0,0,0,0,0,0,0,0.014183209,0,0,0,0,0,0,0.5817284,0,0,0,0.005312543,1.97E-05,0,0,0,0,0,0,0,0.352283704,0,0,0,0,0,0,0,0,0,0,0,0,0,0,0,0,0,0,0,0,0,0,0,0,0,0,0,0,0,0,0,0,0,0,0,0,0,0,0,0,0,0,0,0,0,3.94E-05,0,0,0,0,0,9.86E-06,0,0,0,0,0,0,0,0,0,0,0,0,0,0,0,2.96E-05,0,0,0,0,0,0,0,0,0,0,0,0,0,0,0,0,0,0,0,0,0,0,0,0,0,0,0,0,0,0,0,0,0,0,0,0,0,0,0,0,0,0,0,0,0,0,0,0,0,0,0,0,0,0,0,0,0,0,0,3.94E-05
D160TL12.04,0,0,0,0,0,0,0,0,0,0,0,0,0,0,0,0,0,0,0,0,0,0,0.000879653,0,0,0,0.830177092,0,0,0,0,0,0,0,0,0,0,0.00107882,0,0,0,0,0,0,0,0,0,0,0,0,0,0,0,0,0,0,0,0,0,0,0,0,0,0,0,0,0,0,0,0,0,0,0,0,0,0.001311182,0,0,0,0,0,0,0,0,0,0,0,0,0.001626529,0,0,0,0,0,0,0,0,0,0,0,0,0,0,0,0,0,0,0,0,0,0,0,0,0,0,0,0,0,0,0,0,0,0,0,0,0,0,0,0,0.000912848,0,0,0,0,0,0,0.001892085,0,0,0,0.001626529,0.002307016,0,0,0.106952582,0,0,0,0,0.045360243,0,0,0,0,0,0,0,0,0,0,0,0.000431528,0,0,0,0,0,0,0,0.003186669,0,0,0,0,0,0,0,0,0,0,0,0,0,0,0,0,0,0,0,0,0,0,0,0,0,0,0,0,0,0,0,0,0,0,0,0,0,0,0,0,0,0,0,0,0,0,0.000879653,0,0,0,0,0,0,0,0.00137757,0,0,0,0,0,0,0,0,0,0,0,0,0,0,0,0,0,0,0,0,0,0,0,0,0,0,0,0,0,0,0,0,0,0,0,0,0,0,0,0,0,0,0,0,0,0,0,0,0,0,0,0,0
F160QC5P.04,0,0,0,0,0,0,0,0,0,0,0,0,0,0,0,0,0,0,0,0,0,0,5.63E-05,0,0,0,0.027762143,0,0,0,0,0,0,0,4.22E-05,0,0,0,7.04E-05,0,0,0,0,0,0,0,0,0,0,0,0,0,0,0,0,0,0,0,0,0,0,0,0,0,0,0,0,0,0,0,0,0,0,0,0,2.81E-05,8.44E-05,0,0,0,0,0,0,0,0,0,0,0,0.000365847,0,0,0,0,0,0,0,0,0,0,0,0,0,0,0,0,0,0,0,0,0,0,0,0,0,0,0,0,0,0,0,0,0,0,0,0,0,0,0,0,0.008625542,0,0,0,0,0,0,0.672257556,0,0,0,0.003574042,0.00014071,0,0,0.003742894,2.81E-05,0,0,0,0.201708223,0,0,0,0,0,0,0,0,0,0,0,0.000464344,0,0,0,0,0,0,0,0,0,0,0,0,0,0,0,0,0,0,0,0,0,0,0,0,0,0,0,0,0,0,0,0,0,0,0,0,0,0,0,0,0,0,0,0,0,0,0,0,0,0,0,0,0,0,0,8.44E-05,0,0,0,0,0,0,0.080950639,0,0,0,0,0,0,0,0,0,0,0,0,0,0,0,0,0,0,1.41E-05,0,0,0,0,0,0,0,0,0,0,0,0,0,0,0,0,0,0,0,0,0,0,0,0,0,0,0,0,0,0,0,0,0,0
A160WS36.04,0,0,0,0,0,0,0,0,0,0,0,0,0,0,0,0,0,0,0,0,0,0,0.000158562,0,0,0,0.93390592,0,0,0,0,0,0,0,0,0,0,0,0,0,0,0,0,0,0,0,0,0,0,0,0,0,0,0,0,0,0,0,0,0,0,0,0,0,0,0,0,0,0,0,0,0,0,0,0,0.000356765,0.000607822,0,0,0,0,0.000237844,0,0,0,0,0,0,0,0,0,0,0,0,0,0,0,0,0,0,0,0,0,0,0,0,0,0,0,0,0,0,0,0,0,0,0,0,0,0,0,0,0,0,0,0,0,0,0,0.000171776,0,0,0,0,0,0,0.000607822,0,0,0,0.000251057,0.000198203,0,0,0.015406977,0.002378436,0,0,0.000766385,0.038200317,0,0,0,0,0,0,0,0,0,9.25E-05,0,0.001268499,0,0,0,0,0,0,0,0.000290698,0,0,0,0,0,0,0,0,0,0,0,0,0,0,0,0,0,0,0,0,0,0,0,0,0,0,0,0,0,0,0,0,0,0,0,0,0,0,0,0,0,0,0,0,0,0,0,0.000145349,0,0,0,0,0,0.000118922,0.004413319,0,0,0,0,0,0,0,0,0,0,0,0,0,0,0,0,0,0,0,0,0,0,0,0,0,0,0.000422833,0,0,0,0,0,0,0,0,0,0,0,0,0,0,0,0,0,0,0,0,0,0,0,0,0,0
J160QF9J.04,0,0,0,0,0,0,0,0,0,0,0,0,0,0,0,0,0,0,0,0,0,0,0,0,0,0,0.005407631,0,0,0,0,0,0,0,0,0,0,0,0,0,0,0,0,0,0,0,0,0,0,0,0,0,0,0,0,0,0,0,0,0,0,0,0,0,0,0,0,0,0,0,0,0,0,0,0,0,0,0,0,0,0,0,0,0,0,0,0,0,0,0,0,0,0,0,0,0,0,0,0,0,0,0,0,0,0,0,0,0,0,0,0,0,0,0,0,0,0,0,0,0,0,0,0,0,0,0,0,0,0,0.015006643,0,0,3.74E-05,0,0,0,0.803641263,0,0,0,3.74E-05,0,0,0,0,0,0.174746927,0,0,7.48E-05,0,0,0,0,0,0,0,0,0,0,0,0,0,0,0,0,0,0,0,0,0,0,0,0,0,0,0,0,0,0,0,0,0,0,0,0,0,0,0,0,0,0,0,0,0,0,0,0,0,0,0,0,0,0,0,0,0,0,0,0,0,0,0,0,0,0,5.61E-05,0,0,0,0,0,0,0,0.000879442,0,0,0,0,0,0,0,0,0,0,0,0,0,0,0,0,0,0,0,0,0,0,0,0,0,0,0,0,0,0,3.74E-05,0,0,0,0,0,0,0,0,0,0,0,0,0,0,0,0,0,0,0,0,0,7.48E-05
G160SG60.04,0,0,0,0,0,0,0,0,0,0,0,0,0,0,0,0,0,0,0,0,0,0,0,0,0,0,0.004646345,0,0,0,0,0,0,0,0,0,0,0,0,0,0,0,0,0,0,0,0.001884431,0,0,0,0,0,0,0,0,0,0,0,0,0,0,0,0,0,0,0,0,0,0,0,0,0,0,0,0,0,0.001424112,0,0,0,0,0,0,0,0,0,0,0,0,0,0,0,0,0,0,0,0,0,0,0,0,0,0,0,0,0,0,0,0,0,0,0,0,0,0,0,0,0,0,0,0,0,0,0,0,0,0,0,0,0.023461887,0,0,0.001510422,0,0,0,0.925888632,0,0,0,0,0,0,0,0,0,0.029187105,0,0,0,0,0,0,0,0,0,0,0,0,0,0,0.000632939,0,0,0,0,0,0,0,0,0,0,0,0,0,0,0,0,0,0,0,0,0,0,0,0,0,0,0,0,0,0,0,0,0,0,0,0,0,0,0,0,0,0,0,0,0,0,0,0,0,0,0,0,0,0,0,0,0,0,0,0,0,0,0,0,0,0,0,0,0,0,0,0,0,0,0,0,0,0,0,0,0,0.011349742,0,0,0,0,0,0,0,0,0,0,0,0,0,0,0,0,0,0,0,0,0,0,0,0,0,1.44E-05,0,0,0,0,0,0,0,0
G160QC3W.04,0,0,0,0,0,0,0,0,0,4.81E-05,0,0,0,0,0,0,0,0,0,0,0,0,0,0,0,0,0.000144249,0,0,0,0,0,0,0,0,0,0,0,6.41E-05,0,0,0,0,0,0,0,9.62E-05,0,0,0,0,0,0,0,0,0,0,0,0,0,0,0,0,0,0,0,0,0,0,0,0,0,1.60E-05,0,0,0,1.60E-05,0,0,0,0,0,0,0,0,0,0,0,0,0,0,0,0,0,0,0,0,0,0,0,0,0,0,0,0,0,0,0,0,0,0,0,0,0,0,0,0,0,0,0,0,0,0,0,0,0,0,0,0,0.017918964,0,0,0,0,0,0,0.981183485,0,0,0,0,0,0,0,1.60E-05,0,0.000304526,0,0,0.000112194,0,0,0,0,0,0,0,0,0,0,0,1.60E-05,0,0,0,0,0,0,0,0,0,0,0,0,0,0,0,0,0,0,0,0,0,0,0,0,0,0,0,0,0,0,0,0,0,0,0,0,0,0,0,0,0,0,0,0,0,0,0,0,0,0,0,0,0,0,0,0,0,0,0,0,0,0,0,0,0,0,0,0,0,0,0,0,0,0,0,0,0,0,0,0,0,0,0,0,0,0,0,0,0,0,1.60E-05,0,0,0,0,0,0,0,0,0,0,0,0,0,0,0,0,0,0,0,0,0,0,0,0,4.81E-05
E160QV2Z.04,0,0,0,0,0,0,0,0,0,0.000450194,0,0,0,0,0,0,0,0,0,0,0,0,0,0,0,0,0.000480206,0,0,0,6.00E-05,0,0,0,0,0,0,1.50E-05,0,0,0,0,0,0,0,0,0,0,0,0,0,0,0,0,0,0,0,0,0,0,0,0,0,0,0,0,0,0,0,0,0,0,0,0,0,0,0,0,0,0,0,0,0,0,0,0,0,0,0,0,0,0,0,0,0,0,0,0,0,0,0,0,0,0,0,0,0,0,0,0,0,0,0,0,0,0,0,0,0,0,0,0,0,0,0,0,0,0,0,0.000900387,0,0,0.001125484,0,0,0,0.034409796,0,0,0,0,0.152375521,0,0,0,0.003421471,0.009484078,0,0,0.762447853,0,0,0,0,0,0,0,0,0,0,0,0,0,0,0,0,0,0,0,0,0,0,0,0,0,0,0,0,0,0,0,0,0,0,0,0,0,0,0,0,0,0,0,0,0,0,0,0,0,0,0,0,0,0,0,0,0,0,0,0,0,0,0,0,0,0,0,0,0,0,0,0,0,0,0.001425613,0,0.000225097,0,0,0,0,0,0,0,0,0,0,0,0,0,0,0,0,0.004652,0,0,0,0,0,0,0,0,0.002761187,0,0,0.024955731,0,0,0,0,0,0,0,0,0,0,0,0,0,0,0,0,0,0,0,0,0,0.000810348
J160QYMQ.04,0,0,0,0,0,0,0,0,0,0,0,0,0,0,0,0,0,0,0,0,0,0,0.000665966,0,0,0,0.000350508,0,0,0,0,0,0,0,0,0,0,5.26E-05,0,0,0,0,0,0,0,0,0.000403084,0,0,0,0,0,0,0,0,0,0,0,0,0,0,0,0,0,0,0,0,0,0,0,0,0,0,0,0,0,0,0,0,0,0,0,0,0,0,0,0,0,0,0,0,0,0,0,0,0,0,0,0,0,0,0,0,0,0,0,0,0,0,0,0,0,0,0,0,0,0,0,0,0,0,0,0,0,0,0,0,0,0,0.000595864,0,0,0.000998948,0,0,0,0.028601472,0,0,0,0,0.000297932,0,0,0,0,0.001156677,0,0,0.807553453,0,0,0,0,0,0,0,0,0,0,0,0,0,0,0,0,0,0,0,0.001191728,0,0,0,0,0,0,0,0,0,0,0,0,0,0,0,0,0,0,0,0,0,0,0,0,0,0,0,0,0,0,0,0,0,0,0,0,0,0,0,0,0,0,0,0,0,0,0,0,0,0,0,0,0,0,0,0,0,0,0,0,0,0,0,0,0,0,0,0,0,0,0,0,0,0.105397827,0,0,0,0,0,0,0,0,0,0,0,0.052716439,0,0,0,0,0,0,0,0,0,0,0,0,0,1.75E-05,0,0,0,0,0,0,0,0
H160SST1.04,0,0,0,0,0,0,0,0,0,0.000100218,0,0,0,0,0,0,0,0,0,0,0,0,0,0,0,0,0.990967855,0,0,0,0,0,0,0,7.52E-05,0,0,0,0,0,3.76E-05,0,0,0,0,0,0.000463508,0,0,0,0,0,0,0,0,0,0,0,0,0,0,0,0,0,0,0,0,0,0,0,0,0,1.25E-05,0,0,0,0,0,0,0,0,0,0,0,0,0,0,0,0,0,0,0,0,0,0,0,0,0,0,0,0,0,0,0,0,0,0,0,0,0,0,0,0,0,0,0,0,0,0,0,0,0,0,0,0,0,0,0,0,1.25E-05,0,0,1.25E-05,0,0,0,0.000939544,0,0,0,1.25E-05,0,0,0,0,0,0,0.000651417,0,0.006514168,0,0,0,0,0,0,0,0,0,0,0,1.25E-05,0,0,0,0,0,0,0,0,0,0,0,0,0,0,0,0,0,0,0,0,0,0,0,0,0,0,0,0,0,0,0,0,0,3.76E-05,0,0,0,0,0,0,0,0,0,0,0,0,0,0,0,0,0,0,0,0,0,0,0,0,0,0,0,0,3.76E-05,0,0,0,0,0,0,0,0,0,0,0,0,0,0,0,0,0,0,0,0,0,0,0,0,0,0,0,0,0,0,0,0,0,0,0,0,0,0,0,0,0,0,0,0,0,0,0,0,0,0,0,0,0.000112745
J160QSKL.04,0,0,0,0,0,0,0,0,0,0,0,0,0,0,0,0,0,0,0,0,0,0,0,0,0,0,0.020985847,0,0,0,0,0,0,0,0,0,0,0,0,0,0,0,0,0,0,0,0.003611518,0,0,0,0,0,0,0,0,0,0,0,0,0,0,0,0,0,0,0,0,0,0,0,0,0,0,0,0,0,0,0,0,0,0,0,0,0,0,0,0,0,0,0,0,0,0,0,0,0,0,0,0,0,0,0,0,0,0,0,0,0,0,0,0,0,0,0,0,0,0,0,0,0,0,0,0,0,0,0,0,0,0,0.011176184,0,0,0,0,0,0,0.532454856,0,0,0,0,0.323914104,0,0,0,0,4.88E-05,0,0,0.089702294,0,0,0,0,0,0,0,0,0,0,0,4.88E-05,0,0,0,0,0,0,0,0,0,0,0,0,0,0,0,0,0,0,0,0,0,0,0,0,0,0,0,0,0,0,0,0,0,0,0,0,0,0,0,0,0,0,0,0,0,0,0,0,0,0,0,0,0,0,0,0,0,0,0,0,0,0,0,0,0,0,0,0,0,0,0,0,0,0,0,0,0,0,0,0,0,0.005319668,0,0,0,0,0,0,0,0,0.012640312,0,0,0,0,0,0,0,0,0,0,0,0,0,0,0,0,4.88E-05,0,0,0,0,0,0,0,4.88E-05
B160QF7G.04,0,0,0,0,0,0,0,0,0,0,0,0,0,0,0,0,0,0,0,0,0,0,0.000641867,0,0,0,0.1004165,0,0,0,0,0,0,0,0,0,0,0,0,0,0,0,0,0,0,0,4.28E-05,0,0,0,0,0,0,0,0,0,0,0,0,0,0,0,0,0,0,0,0,0,0,0,0,0,0,0,0,0,7.13E-05,0,0,0,0,0,0,0,0,0,0,0,7.13E-05,0,0,0,0,0,0,0,0,0,0,0,0,0,0,0,0,0,0,0,0,0,0,0,0,0,0,0,0,0,0,0,0,0,0,0,0,0,0,0,0,0.009385519,0,0,0,0,0,0,0.735550864,0,0,0,0.003651509,0,0,0,0.001355052,2.85E-05,0,0,0,0.143664061,0,0,0,0,0,0,0,0,0,0,0,0.004892452,0,0,0,0,0,0,0,0,0,0,0,0,0,0,0,0,0,0,0,0,0,0,0,0,0,0,0,0,0,0,0,0,0,0,0,0,0,0,0,0,0,0,0,0,0,0,0,0,0,0,0,0,0,0,0,1.43E-05,0,0,0,0,0,0,1.43E-05,0,0,0,0,0,0,0,0,0,0,0,0,0,0,0,0,0,0,0.000142637,0,0,0,0,0,0,5.71E-05,0,0,0,0,0,0,0,0,0,0,0,0,0,0,0,0,0,0,0,0,0,0,0,0,0,0,0
D160SKJH.04,0,0,0,0,0,0,0,0,0,0,0,0,0,0,0,0,0,0,0,0,0,0,0.004718836,0,0,0,0.002293879,0,0,0,0,0,0,0,0,0,0,0.003670206,0,0,0,0,0,0,0,0,0.008651199,0,0,0,0,0,0,0,0,0,0,0,0,0,0,0,0,0,0,0,0,0,0,0,0,0,0.001245248,0,0.004128982,0,0,0,0,0,0,0,0,0,0,0,0,0,0,0,0,0,0,0,0,0,0,0,0,0,0,0,0,0,0,0,0,0,0,0,0,0,0,0,0,0,0,0,0,0,0,0,0,0,0,0,0,0,0.005046533,0.009830908,0,0,0.011731551,0,0,0,0.228798008,0,0,0,0,0.003342509,0,0,0,0,0,0,0,0.671385503,0,0,0,0,0,0,0,0,0,0,0,0.029623804,0,0,0,0,0,0,0,0,0,0,0,0,0,0,0,0,0,0,0,0,0,0,0,0,0,0,0,0,0,0,0,0,0,0,0,0,0,0,0,0,0,0,0,0,0,0,0,0,0,0,0,0,0,0,0,0.007078254,0,0,0,0,0,0,0,0,0.008389042,0,0,0,0,0,0,0,0,0,0,0,0,0,0,0,0,0,0,0,0,0,0,0,0,6.55E-05,0,0,0,0,0,0,0,0,0,0,0,0,0,0,0,0,0,0,0,0,0,0,0,0,0,0
H160QX6M.04,0,0,0,0,0,0,0,0,0,0,0,0,0,0,0,0,0,0,0,0,0,0,0,0,0,0,0.120382214,0,0,0,0,0,0,0,0,0,0,0,0.000545482,0,0,0,0,0,0,0,0,0,0,0,0,0,0,0,0,0,0,0,0,0,0,0,0,0,0,0,0,0,0,0,0,0,0,0,0,0,0,0,0,0,0,0,0,0,0,0,0,0,0.000150478,0,0,0,0,0,0,0,0,0,0,0,0,0,0,0,0,0,0,0,0,0,0,0,0,0,0,0,0,0.001279061,0,0,0,0,0,0,0,0,0,0,0,0.003216462,0,0,0.000206907,0,0,0,0.011643217,0,0,0,0.003517418,0.001034535,0,0,0,0,0,0,0,0.487999398,0,0,0,0,0,0,0,0,0,0,0,0.003479798,0,0,0.002106689,0,0,0,0,0,0,0,0,0,0,0,0,0,0,0,0,0,0,0,0,0,0,0,0,0,0,0,0,0,0,0,0,0,0,0,0,0,0,0,0,0,0,0,0,0,0,0,0,0,0,0,0,0,0,0,0,0,0,0,0,0,0,0,0,0,0,0,0,0,0,0,0,0,0,0,0,0,0,0,0,0,0,0,0,0,0,0,0.364005718,0,0,0,0,0,0,0,0,0,0,0,0,0,0,0,0,0,0,0,0,0,0,0,0,0.000432624
D160QKH2.04,0,0,0,0,0,0,0,0,0,0,0,0,0,0,0,0,0,0,0,0,0,0,0,0,0,0,0.266663452,0,0,0,0,0,0,0,0,0,0,0,0,0,0,0,0,0,0,0,0,0,0,0,0,0,0,0,0,0,0,0,0,0,0,0,0,0,0,0,0,0,0,0,0,0,0,0,0,0,0,0,0,0,0,0,0,0,0,0,0,0,0,0,0,0,0,0,0,0,0,0,0,0,0,0,0,0,0,0,0,0,0,0,0,0,0,0,0,0,0,0,0,0,0,0,0,0,0,0,0,0,0,0.01909446,0,0,0,0,0,0,0.659578572,0,0,0,0.002362698,0.001703714,0,0,0,0,0.001687642,0,0,0.001687642,0,0,0,0,0,0,0,0,0,0,0,0,0,0,3.21E-05,0,0,0,0,0,0,0,0,0,0,0,0,0,0,0,0,0,0,0,0,0,0,0,0,0,0,0,0,0,0,0,0,0,0,0,0,0,0,0,0,0,0,0,0,0,0,0,0,0,0,0,0,0,0,0,0,0,0,0,0,0,0,0,0,0,0,0,0,0,0,0,0,0,0,0,0,0,0,0.001896588,0,0,0,0,0,0,0,0,0.001012585,0,0,0.044280502,0,0,0,0,0,0,0,0,0,0,0,0,0,0,0,0,0,0,0,0,0,0
E160QPH2.04,0,0,0,0,0,0,0,0,0,0,0,0,0,0,0,0,0,0,0,0,0,0,0,0,0,0,0.839922866,0,0,0,0,0,0,0,0,0,0,0,0,0,0,0,0,0,0,0,0.001177802,0,0,0,0,0,0,0,0,0,0,0,0,0,0,0,0,0,0,0,0,0,0,0,0,0,0,0,0,0,0,0,0,0,0,0,0,0,0,0,0,0,0,0,0,0,0,0,0,0,0,0,0,0,0,0,0,0,0,0,0,0,0,0,0,0,0,0,0,0,0,0,0,0,0,0,0,0,0,0,0,0,0,0.002944505,0,0,0,0,0,0,0.155181174,0,0,0,0.000115471,0,0,0,0,0,0,0,0,0.0001963,0,0,0,0,0,0,0,0,0,0,0,0,0,0,0,0,0,0,0,0,0,0,0,0,0,0,0,0,0,0,0,0,0,0,0,0,0,0,0,0,0,0,0,0,0,0,0,0,0,0,0,0,0,0,0,0,0,0,0,0,0,0,0,0,0,0,1.15E-05,0,0,0,0,0,0,0,0,0,0,0,0,0,0,0,0,0,0,0,0,0,0,0,0,0,0,0,0,0,0,0,0,0,0,0,0,0,0,0,0,0,0,0,0,0,0,0,0,0,0,0,0,0,0,0,0,0,0,0,0,0.000450336
H160QPF8.04,0,0,0,0,0,0,0,0,0,0,0,0,0,0,0,0,0,0,0,0,0,0,0,0,0,0,0.043247459,0,0,0,0,0,0,0,0,0,0,0,0,0,0,0,0,0,0,0,0,0,0,0,0,0,0,0,0,0,0,0,0,0,0,0,0,0,0,0,0,0,0,0,0,0,0,0,0,0,1.26E-05,0,0,0,0,0,0,0,0,0,0,0,0,0,0,0,0,0,0,0,0,0,0,0,0,0,0,0,0,0,0,0,0,0,0,0,0,0,0,0,0,0,0,0,0,0,0,0,0,0,0,0,0,0.02513334,0,0,0,0,0,0,0.913618295,0,0,0,1.26E-05,0.014340344,0,0,0,0,0,0,0,0.000251585,0,0,0,0,0,0,0,0,0,0,0,2.52E-05,0,0,0,0,0,0,0,0,0,0,0,0,0,0,0,0,0,0,0,0,0,0,0,0,0,0,0,0,0,0,0,0,0,0,0.000628962,0,0,0,0,0,0,0,0,0,0,0,0,0,0,0,0,0,0,0,0,0,0,0,0,0,0,0,1.26E-05,0,0,0,0,0,0,0,0,0,0,0,0,0,0,0,0,0,0,0.00233974,0,0,0,0,0,0,0,0,0,0,0,0,0,0,0,0,0,0,0,0,0,0,0,0,0,0,0,0,0,0,0,0,0,0.000377377
D160S7K2.04,0,0,0,0,0,0,0,0,0,0,0,0,0,0,0,0,0,0,0,0,0,0,0,0,0,0,0.000371356,0,0,0,0,0,0,0,0,0,0,0,0,0,0,0,0,0,0,0,0,0,0,0,0,0,0,0,0,0,0,0,0,0,0,0,0,0,0,0,0,0,0,0,0,0,0,0,0,0,0,0,0,0,0,0,0,0,0,0,0,0,0,0,0,0,0,0,0,0,0,0,0,0,0,0,0,0,0,0,0,0,0,0,0,0,0,0,0,0,0,0,0,0,0,0,0,0,0,0,0,0,0,0.025422418,0,0,0,0,0,0,0.973865817,0,0,0,0,0,0,0,6.19E-05,0,0,0,0,0.000201151,0,0,0,0,0,0,0,0,0,0,0,0,0,0,0,0,0,0,0,0,0,0,0,0,0,0,0,0,0,0,0,0,0,0,0,0,0,0,0,0,0,0,0,0,0,0,0,0,0,0,0,0,0,0,0,0,0,0,0,0,0,0,0,0,0,0,0,0,0,0,0,0,0,0,0,0,0,0,0,0,0,0,0,0,0,0,0,0,0,0,0,0,0,1.55E-05,0,0,0,0,0,0,0,6.19E-05,0,0,0,0,0,0,0,0,0,0,0,0,0,0,0,0,0,0,0,0,0,0,0,0,0,0
G160QC2Z.04,0,0,0,0,0,0,0,0,0,0,0,0,0,0,0,0,0,0,0,0,0,0,0,0,0,0,0.006200482,0,0,0,0,0,0,0,0,0,0,0,0,0,0,0,0,0,0,0,0,0,0,0,0,0,0,0,0,0,0,0,0,0,0,0,0,0,0,0,0,0,0,0,0,0,0,0,0,0,0,0,0,0,0,0,0,0,0,0,0,0,2.65E-05,0,0,0,0,0,0,0,0,0,0,0,0,0,0,0,0,0,0,0,0,0,0,0,0,0,0,0,0,0,0,0,0,0,0,0,0,0,0,0,0,0.051644188,0,0,0,0,0,0,0.884681629,0,0,0,0.052518615,0,0,0,0.000344471,0,0,0,0,0.003338721,0,0,0,0,0,0,0,0,0,0,0,0.000132489,0,0,0,0,0,0,0,0,0,0,0,0,0,0,0,0,0,0,0,0,0,0,0,0,0,0,0,0,0,0,0,0,0,0,0,0,0,0,0,0,0,0,0,0,0,0,0,0,0,0,0,0,0,0,0,0.000185485,0,0,0,0,0,0,0.000397467,0,0,0,0,0,0,0,0,0,0,0,0,0,0,0,0,0,0,0,0,0,0,0,0,0,0,0.000503458,0,0,0,0,0,0,0,0,0,0,0,0,0,0,0,0,0,2.65E-05,0,0,0,0,0,0,0,0
D160Q69H.04,0,0,0,0,0,0,0,0,0,0,0,0,0,0,0,0,0,0,0,0,0,0,0,0,0,0,0.005736518,0,0,0,0,0,0,0,0,0,0,0,0,0,0,0,0,0,0,0,0.002186692,0,0,0,0,0,0,0,0,0,0,0,0,0,0,0,0,0,0,0,0,0,0,0,0,0,0.001817511,0,0,0,0,0,0,0,0,0.002073098,0,0,0,0,0,0,0,0,0,0,0,0,0,0,0,0,0,0,0,0,0,0,0,0,0,0,0,0,0,0,0,0,0,0,0,0,0,0,0,0,0,0,0,0,0,0,0,0.037883736,0,0,0,0,0,0,0.799307074,0,0,0,0,0,0,0,5.68E-05,0,0,0,0,0.002726266,0,0,0,0,0,0,0,0.000567972,0,0,0,0,0,0,0.002385483,0,0,0,0,0,0,0,0,0,0,0,0,0,0,0,0,0,0,0,0,0,0,0,0,0,0,0,0,0,0,0,0,0,0,0,0,0,0,0,0,0,0.000851958,0,0,0,0,0,0,0,0,0,0,0.001647119,0,0,0,0,0,0,0,0,0,0,0,0,0,0,0,0,0,0,0,0,0,0,0,0,0,0,0,0,0,0,0,0,0,2.84E-05,0,0,0,0.001277937,0,0,0,0,0,0,0,0,0,0,0,0,0,0.14145344,0,0,0,0,0,0,0,0
C160SBR3.04,0,0,0,0,0,0,0,0,0,0,0,0,0,0,0,0,0,0,0,0,0,0,0,0,0,0,0.000301341,0,0,0,0,0,0,0,0,0,0,0,0,0,0,0,0,0,0,0,0,0,0,0,0,0,0,0,0,0,0,0,0,0,0,0,0,0,0,0,0,0,0,0,0,0,0,0,0,0,0,0,0,0,0,0,0,0,0,0,0,0.001130029,0,0,0,0,0,0,0,0,0,0,0,0,0,0,0,0,0,0,0,0,0,0,0,0,0,0,0,0,0,0,0,0,0,0,0,0,0,0,0,0,0,0.011676962,0,0,0,0,0,0,0.496308573,0,0,0,0,0,0,0,0,0,0,0,0,0.00015067,0,0,0,0,0,0,0,0,0,0,0,0,0,0,0,0,0,0,0,0,0,0,0,0,0,0,0,0,0,0,0,0,0,0,0,0,0,0,0,0,0,0,0,0,0,0.000828688,0,0,0,0,0,0,0,0,0,0,0,0,0,0,0,0,0,0,0,0,0,0,0,0,0,0,0,0,0,0,0,0,0,0,0,0,0,0,0,0,0,0,0,0,0,0,0,0.489603737,0,0,0,0,0,0,0,0,0,0,0,0,0,0,0,0,0,0,0,0,0,0,0,0,0,0,0,0,0,0,0,0,0,0
E160VFH5.04,0,0,0,0,0,0,0,0,0,0,0,0,0,0,0,0,0,0,0,0,0,0,0.00197265,0,0,0,0.002491768,0,1.48E-05,0,0,0,0,0,0,0,0,0,2.97E-05,0,0.000860253,0,0,0,0,0,0.002684584,0,0,0,0,0,0,0,0,0,0,0,0,0,0,0,0,0,0,0,0,0,0,0,0,0,0,0,0,0.000281807,0.003856308,0,0,0,0,0.000578446,0,0,0,0,0,0,0.000504286,0,0,0,0,0,0,0,0,0,0,0,0,0,0,0,0,0,0,0,0,0,0,0,0,0,0,0,0,0.002669752,0,0,0,0,0,0,0,0,0,0,0,0.00189849,0,0,0,0,0,0,0.002788407,0,0,0,0.000133488,0.003010887,0,0,0.001379372,0.012355018,0.000978909,0,0.001038237,0.352466554,0,0,0,0,0,0,0,0.000296639,0,0,0,0.029797396,0,0,0.000786094,0,0,0,0,0.003218534,0,0,0,0,0,0,0,0,0,0,0,0,0,0,0,0.000489454,0,0,0,0,0,0,0,0.000430127,0,0.001735339,0,0,0.000266975,0,0,0,1.48E-05,0,0,0,0.001676011,0,0,0,0,0,0,0,0,0,0,0,0,0,0,0,0,0,0.002565928,0,0,0,0,0,0,0,0,0,0,0,0,0,0,0,0,0,0,0,0,0,0,0,0,0,0,0.566224674,0,0,0,0.000430127,0,0,0,0,0,0,0,0,0,0,7.42E-05,0,0,0,0,0,0,0,0,0,0,0
C160VWLP.04,0,0,0,0,0,0,0,0,0,0,0,0,0,0,0,0,0,0,0,0,0,0,0,0,0,0,0.00023252,0,0,0,0,0,0,0,0,0,0,0,0,0,0.003039362,0,0,0,0,0,0.006593589,0,0,0,0,0,0,0,0,0,0,0,0,0,0,0,0,0,0,0,0,0,0,0,0,0,0,0,0,0,0,0,0,0,0,0,0,0,0,0,0,0,0,0,0,0,0,0,0,0,0,0,0,0,0,0,0,0,0,0,0,0,0,0,0,0,0,0,0,0,0,0,0,0,0,0,0,0,0,0,0,0,0,3.32E-05,0,0,0.008188009,0,0,0,0.000365388,0,0,0,0,0,0,0,0.005397774,0,0,0,0.000166085,0.000431822,0,0,0,0,0,0,0,0,0,0,0,0,0,0,1.66E-05,0,0,0,0,0,0,0,0,0,0,0,0,0,0,0,0,0,0,0,0,0,0,0,0,0,0,0,0,0,0,0,0,0,0,0,0,0,0,0,0,0,0,0,0,0,0,0,0,0,0,0,0,0,0,0,0,0,0,0,1.66E-05,0,0,0,0,0,0,0,0,0,0,0,0,0,0,0,0,0,0,0,0,0,0,0,0,0,0.319199469,0.656319548,0,0,0,0,0,0,0,0,0,0,0,0,0,0,0,0,0,0,0,0,0,0,0,0,0,0
B160VTBY.04,0,0,0,0,0,0,0,0,0,0,0,0,0,0,0,0,0,0,0,0,0,0,0.004787612,0,0,0,0.002195698,0,0.000511779,0,0,0,0,0,0,0,0,0,0.002955112,0,0,0,0,0,0,0,0.000577815,0,0,0,0,0,0,0,0,0,0,0,0,0,0,0,0,0,0,0,0,0,0,0,0,0,0,0,0.000280653,0.006289931,0.006900764,0,0,0,0,0.004952702,0,0,0,0,0,0.001122612,0.002905585,0,0,0,0,0,0,0,0,0,0,0,0,0,0,0,0,0,0,0,0,0,0,0,0,0,0,0,0,0.052003368,0,0,0,0,0,0,0,0,0,0,0,0.004936193,0,0,0.002443333,0,0,0.000132072,0.003400855,0,0,0,0.000396216,0.028015783,0,0,0.000528288,0.026166774,0,0.001353738,0.001271193,0.53726908,0,0,0.00016509,0,0,0,0,0.002509369,0,0,0.002509369,0.054083503,0,0,0,0,0.000132072,0,1.65E-05,0.005761643,0,0,0,0,0,0,0,0,0,0,0,0,0,0,0,0,0,0,0,0,0,0,0,0,0,0,0,0,0,0,0,3.30E-05,0,0.000742905,0,0,1.65E-05,0,0,0,0.00016509,0,0,0,0,0,0,0.000132072,0,0,0,0,0,0,0.010516237,0,0,0,0,0,0,0,0,0,0,0,0,0,0.000858468,0,0,0,0,0,0,0,0,0,0,0,0.000181599,0.229986958,0,0,0,0,0,0,0,0,0,0,0,0,0,0,0.000297162,0,0,0,0,0,0,0,0,0,0,0.00049527
J160T24S.04,0,0,0,0,0,0,0,0,0,0,0,0,0,0,0,0,0,0,0,0,0,0,0.014394993,0,0,0,0.035006954,0,0,0,0,0,0,0.000305981,0,0,0,0,0.001613352,0,0.000486787,0,0,0,0,0,0.001418637,0,0,0,0,0,0,0,0,0,0,0,0.000681502,0,0,0,0,0,0,0,0,0,0,0,0,0,0,0,0,4.17E-05,0.081390821,0,0,0,0,0,0,0,0,0,0,0.001641168,0.000347705,0,0,0,0,0,8.34E-05,0,0,0,0,0,0,0,0,0,0,0,0,0,0,0,0,0,0,0,0,0,0,0,0,0,0,0,0,0,0,0,0,0,0,0.020917942,0,0,0,0,0,0,0.05286509,0,0,0,0.001710709,0.008748261,0,0,0.001529903,0.011543811,0,0,0.000890125,0.592127955,0,0,0,0,0,0,0,0.004422809,0,0,0,0.040375522,0,0,0.002739917,0,0.000361613,0,5.56E-05,0.006606398,0,0,0,0,0,0,0,0,0,0,0,0,0,0,0,0,0,0,0,0,0,0,0.000486787,0,0,0,0,0,0.000236439,0,0,0,0,0,0,0,0,0,0,0,0.000319889,0,0,0,0,0,0,0.000709318,0.000305981,0,0,0,0,0,0.010055633,0,0,0,0,0,0,0,0,0,0,0,0,0,0.000417246,0,0,0,0,0,0,0,0,0,0,0,0.000166898,0.104993046,0,0,0,0,0,0,0,0,0,0,0,0,0,0,0,0,0,0,0,0,0,0,0,0,0,0
J160V0B8.04,0,0,0,0,0,0,0,0,0,0,0,0,0,0,0,0,0,0,0,0,0,0,0,0,0,0,0.031416816,0,0,0,0,0,0,0,0,0,0,0,0,0,0.001065513,0,0,0,0,0,0,0,0,0,0,0,0,0,0,0,0,0,0,0,0,0,0,0,0,0,0,0,0,0,0,0,0,0,0,1.05E-05,0,0,0,0,0,0.004494145,0,0,0,0,0,0,0,0,0,0,0,0,0,0,0,0,0,0,0,0,0,0,0,0,0,0,0,0,0,0,0,0,0,0,0,0,0,0,0,0,0,0,0,0,0,0,0,0.000917818,0,0,0,0,0,0,0,0,0,0,3.16E-05,0.004705138,0,0,0.011963287,0.004800084,0,0,0,0.184365439,0,0,0,0,0,0,0,1.05E-05,0,0,0,0.001466399,0,0,0,0,0,0,0,0,0,0,0,0,0,0,0,0,0,0,0,0,0,0,0,0,0,0,0,0,0,0,0,0,0,0,0,0,0,0,0,0,0,0,0,0,0,0,0,0,0,0,0,0,0,0,0,0.002584661,0,0,0,0,0,0,0.228673911,0,0,0,0,0,0,0,0,0,0,0,0,0,0,0,0,0,0,0,0,0,0,0,0,0,0,0.523441291,0,0,0,5.27E-05,0,0,0,0,0,0,0,0,0,0,0,0,0,0,0,0,0,0,0,0,0,0
A160TPLM.04,0,0,0,0,0,0,0,0,0,0,0,0,0,0,0,0,0,0,0,0,0,0,0.004179156,0,0,0,0.571160941,0,0,0,0,0,0,4.32E-05,0,0,0,0,0.001023173,0,0,0,0,0,0,0,0.001095227,0,0,0,0,0,0,0,0,0,0,0,0.001080816,0,0,0,0,0,0,0,0,0,0,0,0,0,0,0,0,0.000879064,0.00325686,0,0,0,0,0,0,0,0,0,0,0,0.005649066,0,0.003372147,0,0,0,0,0,0,0,0,0,0,0,0,0,0,0,0,0,0,0,0,0,0,0,0,0,0,0,0,0,0,0,0,0,0,0,0,0,0,0.000129698,0,0,0,0,0,0,0.002377796,0,0,0,0,0.006412843,0,0,0.011399009,0.015549343,0,0,0.008920337,0.213915149,0,0,0,0,0,0,0,0.002046345,0,0,0,0.007464837,0,0,1.44E-05,0,0.000374683,0,0,0.004770002,0,0,0,0,0,0,0,0,0,0,0,0,0,0,0,0,0,0,0,0,0,0,0,0,0,0,0,0,0.001066405,0,0,1.44E-05,0,0.001527554,0,0,0,0,0,0,0,0,0,0,0,0,0,0.002896588,0.000634079,0,0,0,0,0,0.002132811,0,0,0,0,0,0,0,0,0,0,0,0,0,0,0,0,0,0,0.000129698,0,0,0,0,0,0,0,0.126124049,0,0,0,0.000360272,0,0,0,0,0,0,0,0,0,0,0,0,0,0,0,0,0,0,0,0,0,0
K160TWG2.04,0,0,0,0,0,0,0,0,0,0.000158182,0,0,0,0,0,0,0,0,0,2.88E-05,0,0,0.002272074,0,0,0,0.196836353,0,0,0,0,0,0,0,0,0,0,0,0.00202761,0,0.036108714,0,0,0,0,0,0.00064711,0,0,0,0,0,0,0,0,0,0,0,0,0,0,0,0,0,0,0,0,0,0,0,0,0,0,0,0,0.033592177,0.001581823,0,0,0,0,0,0,0,0,0,0,0,0.000129422,0,0,0,0,0,0,0,0,0,0,0,0,0,0,0,0,0,0,0,0,0,0,0,0,0,0,0,0,0,0,0,0,0,0,0,0,0,0,0,0,0.000359505,0,0,0.000589589,0,0,0,0.000345125,0,0,0,1.44E-05,0.028559103,0,0,0.00474547,0.054874892,0,0,0.001711245,0.51282715,0,0,0,0,0,0,0,0.001452401,0,0,0,0.034498131,0,0.000100661,2.88E-05,0,0.000115042,0,0,0.000460167,0,0,0,0,0,0,0,0,0,0,0,0,0,0,0,0.000172563,0,0,0,0,0,0,0,0,0,0,0,0,0,0,0,0,0,0.000532068,0,0,0,0,0,0,0.000747771,0,0,0,0,0,0,0.000215703,0.000115042,0,0,0,0,0,0.040365257,0,0,0,0,0,0,0,0,0,0,0,0,0,0.00070463,0,0,0,0,0,0,0,0,0,0,0,0.000100661,0.042392867,0,0,0,0.000345125,0,0,0,0,0,0,0,0,0,0,0.000244464,0,0,0,0,0,0,0,0,0,0,0
F160W1W5.04,0,0,0,0,0,0,0,0,0,0,0,0,0,0,0,0,0,0,0,0,0,0,0.002619746,0,0,0,0.014635314,0,0,0,0,0,0,0,0,0,0,0,0.002405632,0,1.26E-05,0,0,0,0,0,0,0,0,0,0,0,0,0,0,0,0,0,0,0,0,0,0,0,0,0,0,0,0,0,0,0,0,0,0,0,0.019182085,0,0,0,0,0.006826454,0,0,0,0,0,0,0.00392962,0,0,0,0,0,0,0,0,0,0,0,0,0,0,0,0,0,0,0,0,0,0,0,0,0,0,0,0,0.002632341,0,0,0,0,0,0,0,0,0,0,0,1.26E-05,0,0,0,0,0,0,0.000881645,0,0,0,0,0.000642342,0,0,0,0.001826265,0,0,0,0.225147046,0,0,0,0,0,0,0,0,0,0,0,0.002518987,0,0,0,0,0,0,1.26E-05,0.004206708,0,0,0,0,0,0,0,0,0,0,0,0,0,0,0,0,0,0,0,0,0,0,0,0,0,0,0,0,0,0,0,0.005113543,0,0,0,0,0,0,0,0,0,0,0,0,0,8.82E-05,0,0.001473607,0,0,0,0,0,0,0.000881645,0,0,0,0,0,0,0,0,0,0,0,0,0,0,0,0,0,0,0,0,0,0,0,0,0,0,0.704951069,0,0,0,0,0,0,0,0,0,0,0,0,0,0,0,0,0,0,0,0,0,0,0,0,0,0
D160V9RN.04,0,0,0,0,0,0,0,0,0,0,0,0,0,0,0,0,0,0,0,0,0,0,0.005709531,0,0,0,0.005339682,0,0,0,0,0,0,0,0,0,0,0,0,0,0,0,0,0,0,0,0.000785927,0,0,0,0,0,0,0,0,0,0,0,0.000809043,0,0,0,0,0,0,0,0,0,0,0,0,0,0,0,0,0.002588937,0.007373847,0,0,0,0,0.001202006,0,0,0,0,0,0,0,0,0,0,0,0,0,0,0,0,0,0,0,0,0,0,0,0,0,0,0,0,0,0,0,0,0,0,0,0,0,0,0,0,0,0,0,0,0,0,0,0.000277386,0,0,0,0,0,0,0.003883405,0,0,0,0,0.013915536,0,0,0.001017082,0.014031113,0,0,0,0.297288551,0,0,0,0,0,0,0,0.001618086,0,0,0,0.025542637,0,0,0.000416079,0,0,0,0,0,0,0,0,0,0,0,0,0,0,0,0,0,0,0,0,0.000762812,0,0,0,0,0,0,0,0,0,0,0,0,0,0,0,0,0,0,0,0,0,0,0,0,0,0,0,0,0,0,0,0,0,0,0,0,0,0,0.194170269,0,0,0,0,0,0,0,0,0,0,0,0,0,0,0,0,0,0,2.31E-05,0,0,0,0,0,0,0.000161809,0.422782645,0,0,0,0,0,0,0,0,0,0,0,0,0,0.000161809,0.000138693,0,0,0,0,0,0,0,0,0,0,0
K160VWML.04,0,0,0,0,0,0,0.00580375,0,0,0,0,0,0,0,0,0,0,0,0,0,0,0,0.001727307,0,0,0,0.002100405,0,0,0,0,0,0,0,0,0,0,0,0,0,0,0,0,0,0,0,0.000497464,0,0,0,0,0,0,0,0,0,0,0,0.006080119,0,0,0,0,0,0,0,0,0,0,0,0,0,0,0,0,0.002708417,0.021100778,0,0,0,0,0.000939655,0,0,0,0,0,0,0,0,0,0,0,0,0,0,0,0,0,0,0,0,0,0,0,0,0,0,0,0,0,0,0,0,0,0,0,0,0,0,0,0,0,0,0,0,0,0,0,6.91E-05,0,0,0,0,0,0,0.001810217,0,0,0,0,0.006605221,0,0,0,0.002155679,0,0,0,0.451904874,0,0,0,0,0,0,0,0.001796399,0,0.00438045,0,0.032901737,0,0,0.054347976,0,0.00312297,0,0,0.009659099,0,0,0,0,0,0,0,0,0,0,0,0,0,0,0,0,0,0,0,0,0,0,0,0,0,0,0,0,0,0,0,0,0,0,0,0,0,0,0,0,0.000483646,0,0,0,0,0.001146932,0,0.001133113,0,0,0,0,0,0,0.01438501,0,0,0,0,0,0,0,0,0,0,0,0,0,0.003648072,0,0,0,0,0,0,0,0,0,0,0,0.143228267,0.226028438,0,0,0,0,0,0,0,0,0,0,0,0,0,0,0,0,0,0,0,0,0,0,0,0,0,0.000234914
A160WDDL.04,0,0,0,0,0,0,0,0,0,0,0,0,0,0,0,0,0,0,0,0,0,0,0.00337435,0,0.001815915,0,0.020232546,0,0,0,0,0,0,0,0,0,0,0,0.004092585,0,0.012169341,0,0,0,0,0,0.01157307,0,0,0,0,0,0,0,0,0,0,0,0,0,0,0,0,0,0,0,0.002574805,0,0,0,0,0,0,0,0,0,0.010272116,0,0,0,0,4.07E-05,0,0,0,0,0,0,0,0,0,0,0,0,0,0,0,0,0,0,0,0,0,0,0,0,0,0,0,0,0,0,0,0,0,0,0,0,0,0,0,0,0,0,0,0,0,0,0,0,0,0,0.001002819,0,0,0,0.019487207,0,0,0,0,0,0,0,0.006572528,0.012060928,0,0,0,0.074709996,0,0,0,0,0,0,0,0,0,0,0,1.36E-05,0,0,0,0,0,0,2.71E-05,0,0,0,0,0,0,0,0,0,0,0,0,0,0,0,0,0,0,0,0,0,0,0,0.009309952,0,0,0,0,0,0,0,0,0,0,0,0,0,0,0,0,0,0.006884215,0,0,0,0,0,0,0,0,0,0,0,0,0,1.36E-05,0,0,0,0,0,0,0,0,0,0,0,0,0,0,0,0,0,0,0,0,0,0,0,0,0,2.71E-05,0.803745663,0,0,0,0,0,0,0,0,0,0,0,0,0,0,0,0,0,0,0,0,0,0,0,0,0,0
B160V3GT.04,0,0,0,0,0,0,0,0,0,0,0.000210422,0,0,0,0,0,0,0,0.000450904,0,0,0,6.01E-05,0,0,0,0.192145251,0,0.002915846,0,0,0,0,0,0.001653315,0,0,0.002510033,0.011483023,0,0.000631266,0,0,0,0,0,0.000526055,6.01E-05,0,0,0,0,0,0,0,0,0,0,0,0,0,0,0,0,0,0,0,0,0,0,0,0,0,0,0.000240482,0.003802624,0.034659492,0,0,0,0,0.000811627,0,0,0,0,0,0.001187381,0,0,0,0,0,0,0,0,0,0,0,0,0,0,0,0,0,0,0,0,0,0,0,0,0,0,0,0,0,0,0,0,0,0,0,0,0,0,0,0,0,0.0010972,0,0,0,0,0,0,0.004328679,0,0,0,0.000135271,0.000826657,0,0,3.01E-05,0,0,0,0,0.232636436,0,0,0,0,0,0,0,0.001848707,0,0,0,0.005410849,0,0,0,0,0,0,0,0.000631266,0,0,0,0,0,0,0,0,0,0,0,0,0,0,0,0.003592202,0,0,0,0.000495994,0,0,0,0,0,0,0,0,0.002359731,0,0,0.006989013,0,0.003982986,0,0,0,0,0,0,0.000480964,0,0,0,0,0,0,0.000420844,0,0,0,0,0,0,0.0032916,0,0,0,0,0,0,0,0,0,0,0,0,0,0,0,0,0,0,0.000480964,0,0,0,0,0,0,0.042279771,0.435332842,0,0,0,0,0,0,0,0,0,0,0,0,0,0,0,0,0,0,0,0,0,0,0,0,0,0
B160TXJD.04,0,0,0,0,0,0,0,0,0,0,0,0,0,0,0,0,0,0,0,0,0,0,0,0,0,0,0.061386982,0,0,0,0,0,0,0,0,0,0,0,0.002107616,0,0.001617968,0,0,0,0,0,0,0,0,0,0,0,0,0,0,0,0,0,0,0,0,0,0,0,0,0,0,0,0,0,0,0,0.000149023,0,0.000840918,0,1.06E-05,0,0,0,0,1.06E-05,0,0,0,0,0,0,0,0,0,0,0,0,0,0,0,0,0,0,0,0,0,0,0,0,0,0,0,0,0,0,0,0,0,0,0,0,0,0,0,0,0,0,0,0,0,0,0,0.001096386,0,0,0.005992868,0,0,0,0.001873437,0,0,0,5.32E-05,0.002448241,0,0,3.19E-05,0.004066209,0,0,0,0.400659961,0,0,0,0,0,0,0,0,0,0,0,0.006588962,0,0,0,0,0,0,0,1.06E-05,0,0,0,0,0,0,0,0,0,0,0,0,0,0,0,0,0,0,0,0,0,0,0.0029166,0,0,0,0,0,0,0,0,0.010165522,0,0,0,0,0,0,0,0,0,0,0,0,0,0,0,0,0,0,0,0,0,0,0.006439938,0,0,0,0,0,0,0,0,0,0,0,0,0,0,0,0,0,0,0,0,0,0,0,0,0,0.001543456,0.489967534,0,0,0,0,0,0,0,0,0,0,0,0,0,2.13E-05,0,0,0,0,0,0,0,0,0,0,0,0
G160VKLH.04,0,0,0,0,0,0,0,0,0,0,0,0,0,0,0,0,0,0,0,1.33E-05,0,0,0.002789734,0,0,0,0.206028482,0,0,0,0,0,0,0,0,0,0,0,0,0,0.00011956,0,0,0,0,0,0.000106276,0,0,0,0,0,0,0,0,0,0,0,0,0,0,0,0,0,0,0,0,0,0,0,0,0,0,0,0,0.003294543,0.002231787,0,0,0,0,0.004848823,0,0,0,0,0,0.000172698,0.000212551,0,0,0,0,0,0,0,0,0,0,0,0,0,0,0,0,0,0,0,0,0,0,0,0,0,0,0,0,0,0,0,0,0,0,0,0,0,0,0,0,0,0,0,0.00023912,0,0,0,0.001873107,0,0,0,1.33E-05,0.002563898,0,0,0.023194644,0.005845156,0.000172698,0,0,0.499030235,0,0,0.000464956,0.000996333,0.000518093,0,0,0.002298209,0,0,0.00023912,0.011982571,0,0.000212551,0,0,0.000823636,0,0,0.003839205,0,0,0,0,0,0,0,0,0,0,0,0,0,0,0,0,0,0,0,0,0,0,0.000212551,0,0,0,0,0,0,0,0,0.000571231,0,0.000438387,0,0,0,0,0,0,0.000425102,0,0,0,0,0,0,0,0,0,0,0,0,0,0.009365535,0,0,0,0,0,0,0,0,0,0,0,0,0,0.00095648,0,0,0,0,0,0,0,0,0,0,0,0,0.213786599,0,0,0,3.99E-05,0,0,0,0,0,0,0,0,0,7.97E-05,0,0,0,0,0,0,0,0,0,0,0,0
F160TL64.04,0,0,0,0,0,0,0,0,0,0,0,0,0,0,0,0,0,0,0,0,0,0,0.005878322,0,0,0,0.370933893,0,0,0,0,0,0,0,0,0,0,0,0,0,0.031875709,0,0,0,0,0,0.000985074,0,0,0,0,0,0,0,0,0,0,0,0,0,0,0,0,0,0,0,0,0,0,0,0,0,0,0,1.07E-05,0,0.003619076,0,0,0,0,0,0,0,0,0,0,0,2.14E-05,0,0,0,0,0,0,0,0,0,0,0,0,0,0,0,0,0,0,0,0,0,0,0,0,0,0,0,0,0,0,0,0,0,0,0,0,0,0,0,0,0.001884489,0,0,0.002398441,0,0,0,0.000149903,0,0,0,6.42E-05,0.018727113,0,0,0.035655395,0.006456518,0,0,0,0.222926526,0,0,0,0,0,0,0,0.001980855,0,0,0,0.045399062,0,0.001445489,0,0,0,0,0,0.003897467,0,0,0,0,0,0,0,0,0,0,0,0,0,0,0,0,0,0,0,0,0,0,0,0,0,0,0,0,0,0,0,0,0,0.000631732,0,0,0,0,0,0.001499026,0,0,0,0,0,0,0,0,0.00048183,0,0,0,0,0,0.181917468,0,0,0,0,0,0,0,0,0,0,0,0,0,0.002837441,0,0,0,0,0,0,0,0,0,0,0,0,0.057937341,0,0,0,0,0,0,0,0,0,0,0,0,0,0,0,0,0,0,0,0,0,0,0,0,0,0.000385464
H160V4XM.04,0.002499448,0,0,0,0,0,0,0,0,0,0,0,0,0,0,0,0,0,0,0,0,0,0.000538555,0,0,0,8.29E-05,0,0,0,0,0,0,0,0,0,0,0,0,0,4.14E-05,0,0,0,0,0,0,0,0,0,0,0,0,0,0,0,0,0,0,0,0,0,0,0,0,0,0,0,0,0,0,0,0,0,0,0,0,0,0,0,0,0.001463765,0,0,0,0,0,0,0,0,0,0,0,0,0,0,0,0,0,0,0,0,0,0,0,0,0,0,0,0,0,0,0,0,0,0,0,0,0,0,0,0,0,0,0,0,0,0,0,1.38E-05,0,0,0,0,0,0,0.000138091,0,0,0,0,2.76E-05,0,0,0,0.003355612,0,0,0,0.073367764,0,0,0,0,0,0,0,0,0,0,0,0.004791759,0,0,0,0,0,0,0,0.002637539,0,0,0,0,0,0,0,0,0,0,0,0,0,0,0,0.001477574,0,0,0,0,0,0,0,0,0,0,0,0,0,0,0,0.000649028,0,0,0,0,0,0,0,0,0,0,0,0,0,0,0,0,0,0,0,0,0,0,0.006131242,0,0,0,0,0,0,0,0,0,0,0,0,0,0,0,0,0,0,0,0,0,0,0,0,0,0,0.902783915,0,0,0,0,0,0,0,0,0,0,0,0,0,0,0,0,0,0,0,0,0,0,0,0,0,0
B160TTH3.04,7.70E-05,0,0,0,0,0,0,0,0,0,0,0,0,0,0,0,0,0,0,0,0,0,0.001170726,0,0,0,0.44992837,0,0,0,0,0,0,0,0,0,0,0,0,0,0.001263151,0,0,0,0,0,0.000924257,0,0,0,0,0,0,0,0,0,0,0,0,0,0,0,0,0,0,0,0,0,0,0,0,0,0,0,0,0,0,0,0,0,0,0.004051327,0,0,0,0,0,0,0,0,0,0,0,0,0,0,0,0,0,0,0,0,0,0,0,0,0,0,0,0,0,0,0,0,0,0,0,0,0,0,0,0,0,0,0,0,0,0,0,0,0,0,0.001817706,0,0,0,0,0,0,0,0,0.000847236,0,0,0.040112759,0.004867754,0,0,0,0.179198053,0,0,0,0,0,0,0,0,0,0,0,0.014264368,0,0,0,0,0.001555833,0,0,0.000246469,0,0,0,0,0,0,0,0,0,0,0,0,0,0,0,0,0,0,0,0,0,0,0,0,0,0,0,0,0,0,0.000739406,0,0,0,0,0,0,0,0,0,1.54E-05,0,0,0,0,0,0,0,0,0,0,0,0,0,0.236856293,0,0,0,0,0,0,0,0,0,0,0,0,0,0,0,0,0,0,0,0,0,0,0,0,0,0,0.061155013,0,0,0,0,0,0,0,0,0,0,0,0,0,0,0,0,0,0,0,0,0,0,0,0,0,0.000908853
G160W5XD.04,0,0,0,0,0,0,0,0,0,0,0,0,0,0,0,0,0,0,0,0,0,0,0.000270776,0,0,0,0.071146513,0,0,0,0,0,0,0,0,0,0,0,0,0,0.000541553,0,0,0,0,0,0.000880023,0,0,0,0,0,0,0,0,0,0,0,0,0,0,0,0,0,0,0,0,0,0,0,0,0,0,0,0,0.014689622,0.007378658,0,0,0,0,0.023715504,0,0,0,0,0,0.0023016,0.042331385,0,0,0,0,0,0,0,0,0,0,0,0,0,0,0,0,0,0,0,0,0,0,0,0,0,0,0,0,0,0,0,0,0,0,0,0,0,0,0,0,0,0,0,0,0,0,0,0,0,0,0,0,0.050860843,0,0,0.014193199,0.034546562,0,0,0,0.564952501,0,0,0,0,0,0,0,0,0,0.002008259,0,0.023873457,0,0,0,0,0,0,0,0.006837105,0,0,0,0,0,0,0,0,0,0,0,0,0,0,0,0,0,0,0,0,0,0,0.001692353,0,0,0,0,0,0,0,0,0,0,0,0,0,0,0,0,0,0,0,0,0,0,0,0,0,0,0,0,0,0,0,0.01908974,0,0,0,0,0,0,0,0,0,0,0,0,0,0,0,0,0,0,0,0,0,0,0,0,0,0.001331318,0.115756933,0.000112824,0,0,0,0,0,0,0,0,0,0,0,0,0,4.51E-05,0.001444141,0,0,0,0,0,0,0,0,0,0
J160WDFZ.04,0,0,0,0,0,0,0,0,0,0,0,0,0,0,0,0,0,0,0,0,0,0,0.000374251,0,0,0,0.527140719,0,0,0,0,0,0,0,0,0,0,0,0,0,1.50E-05,0,0,0,0,0,0.000628743,0,0,0,0,0,0,0,0,0,0,0,0,0,0,0,0,0,0,0,0,0,0,0,0,0,0,0,0,0.002829341,0,0,0,0,0,0.006766467,0,0,0,0,0,0.001032934,0.004625749,0,0,0,0,0,0,0,0,0,0,0,0,0,0,0,0,0,0,0,0,0,0,0,0,0,0,0,0,0.000613772,0,0,0,0,0,0,0,0,0,0,0,0.000359281,0,0,0,0,8.98E-05,0,0.000598802,0,0,0,5.99E-05,0.009461078,0,0,0.090928144,0.011062874,0,1.50E-05,0,0.196976048,0,0,0,0,0,0,0,0,0,0,0,0.012799401,0,0,0,0,0,0,0,0.005553892,0,0,0,0,0,0,0,0,0,0,0,0,0,0,0,0,0,0,0,0,0,0,0,0,0,0,0,0,0,0,0,0.001601796,0,0,0,0,0,0,0,0,0,0,0,0,0,0,0,0,0,0,0,0,0,0,0.021706587,0,0,0,0,0,0,0,0,0,0,0,0,0,0,0,0,0,0,0,0,0,0,0,0,0,0,0.104760479,0,0,0,0,0,0,0,0,0,0,0,0,0,0,0,0,0,0,0,0,0,0,0,0,0,0
H160V9WK.04,0,0,0,0,0,0,0,0,0,0,0,0,0,0,0,0,0,0,0,0,0,0,0.013868457,0,0,0,0.001214026,0,0,0,0,0,0,0,0,0,0,0.004513319,0.000557023,0,0,0,0,0,0,0,0.000157109,0,0,0,0,0,0,0,0,0,0,0,0,0,0,0,0,0,0,0,0,0,0,0,0,0,0,0,0,0.001571092,0.021352567,0,0,0,0,0.007769764,0,0,0,0,0,0.001271156,0.004913233,0,0,0,0,0,0,0,0,0,0,0,0,0,0,0,0,0,0,0,0,0,0,0,0,0,0,0,0,0,0,0,0,0,0,0,0,0,0,0,0,0,0,0,0,0,0,0,0.000414197,0,0,0,0,0.045375991,0,0,0.006255802,0.085196029,0,0.010454903,0,0.482925087,0,0,0,0.001556809,0,0,0,0.007526959,0,0,0,0.038877383,0,0,0,0,0.001114047,0,1.43E-05,0.005527387,0,0,0,0,0,0,0,0,0,0,0,0,0,0,0,0,0,0,0,0,0,0,0,0,0,0,0,0,0,0,0,0,0,0,0,0,0,0,0,0,0,0,0,0,0,0,0,0,0,0,0,0,0,0,0.066028708,0,0,0,0,0,0,0,0,0,0,0,0,0,0,0,0,0,0,0,0,0,0,0,0,0,4.28E-05,0.191358995,0,0,0,0,0,0,0,0,0,0,0,0,0,0.000142827,0,0,0,0,0,0,0,0,0,0,0,0
C160VKKL.04,0,0,0,0,0,0,0,0,0,0,0,0,0,0,0,0,0,0,0,0,0,0,0.00095888,0,0,0,0.00093658,0,0,0,0,0,0,0,0,0,0,0,0,0.000624387,0.000445991,0,0,0,0,0,0.000445991,0,0,0,0,0,0,0,0,0,0,0,0,0,0,0,0,0,0,0,0,0,0,0,0,0,0,0,0,0.002430648,0,0,0,0,0,0.001627865,0,0,0,0,0,0,0,0,0,0,0,0,0,0,0,0,0,0,0,0,0,0,0,0,0,0,0,0,0,0,0,0,0,0,0,0,0,0,0,0,0,0,0,0,0,0,0,0.000713585,0,0,0,0,0,0,0.001003479,0,0,0,0.000178396,0.001494068,0,0,0.001761663,0.001360271,0,0,0,0.757135849,0,0,0,0,0,0,0,0,0,0,0,0.008206226,0,0,0,0,0,0,2.23E-05,0.002207653,0,0,0,0,0,0,0,0,0,0,0,0,0,0,0,0,0,0,0,0,0,0,0.000735884,0,0,0,0,0,0,0,0,0.000111498,0,0,0,0,0,0,0,0,0,0,0,0,0,0,0,0.000334493,0,0,0,0,0,0,0.011105165,0,0,0,0,0,0,0,0,0,0,0,0,0,0,0,0,0,0,0,0,0,0,0,0,0,0,0.205400946,0,0,0,0,0,0,0,0,0,0,0,0,0,0,0,0,0,0,0,0,0,0,0,0,0,0.000758184
D160WLTV.04,0,0,0,0,0,0,0,0,0,0,0,0,0,0,0,0,0,0,0,0,0,0,0.00166076,0,0,0,0.846764943,0,0.000565001,0,0,0,0,0,0,0,0.000291061,0.000650607,0,0,0,0,0,0,0,0,0.001130002,0,0,0,0,0,0,0,0,0,0,0,0,0,0,0,0,0,0,0,0,0,0,0,0,0,0,0,0,0,0.00027394,0,0,0,0,0.001506669,0,0,0,0,0,0,0.002088791,0,0,0,0,0,0,0,0,0,0,0,0,0,0,0,0,0,0,0,0,0,0,0,0,0,0,0,0,0,0,0,0,0,0,0,0,0,0,0,0,0.00041091,0,0,0.001095759,0,0,0,0.001335456,0,0,0,0,0.000496516,0,0,0.034550653,0.000650607,0,0.000171212,0.001472426,0.032136559,0,0,0,0,0.000393788,0,0,0.000530758,0,0,0,0.002311367,0,0,0.000359546,0,0,0,0,0.000941668,0,0,0,0,0,0,0,0,0,0,0,0,0,0,0,0.001986063,0,0,0,0,0,0,0.000428031,0,0,0.000462273,0,0,0,0,0,0,0,0,0,0,0,0,0,0,0.000667728,0,0,0,0,0,0,0.000119849,0,0,0,0,0,0,0.003338641,0,0,0,0,0,0,0,0,0,0,0,0,0,0.000308182,0,0,0,0,0,0,0,0,0,0,0,0,0.060900235,0,0,0,0,0,0,0,0,0,0,0,0,0,0,0,0,0,0,0,0,0,0,0,0,0,0
C160V4F1.04,0,0,0,0,0,0,0,0,0,0,0,0,0,0,0,0,0,0,0,0,0,0,0.005113559,0,0,0,0.000489596,0,0,0,0,0,0,0,0,0,0,0,0.000870393,0,0,0,0,0,0,0,0,0,0,0,0,0,0,0,0,0,0,0,0,0,0,0,0,0,0,0,0,0,0,0,0,0,0,0,0,0.010431117,0.00995512,0,0,0,0,0.020767034,0,0,0,0,0,0,0,0,0,0,0,0,0,0,0,0,0,0,0,0,0,0,0,0,0,0,0,0,0,0,0,0,0,0,0,0,0,0,0,0,0,0,0,0,0,0,0,0.018346253,0,0,0,0,0,0,0.011940704,0,0,0,0.001400789,0.01003672,0,0,0.005113559,0.027689378,0,0,0.006922345,0.631184551,0,0,0.005167959,0,0,0,0,0,0,0,0,0.02628859,0,0,0,0,0.001563987,0,0,0.000815993,0,0,0,0,0,0,0,0,0,0,0,0,0,0,0,0,0,0,0,0,0,0,0.001074391,0,0,0,0,0,0,0,0,0,0,0,0,0,0,0,0,0,0,0,0,0,0,0,0,0,0,0,0,0,0,0,0,0,0,0,0,0,0,0,0,0,0,0,0,0,0,0,0,0,0,0,0,0,0,0,0,0,0,0.204039168,0,0,0,0.000788794,0,0,0,0,0,0,0,0,0,0,0,0,0,0,0,0,0,0,0,0,0,0
E160T6J6.04,0.008085764,0,0,0,0,0,0,0,0,0,0,0,0,0,0,0,0,0,0,0,0,0,0.004042882,0,0,0,0.367879531,0,0,0,0,0,0,0.000113564,0,0,0,0.000386118,0.000249841,0,0,0,0,0,0,0,0.000204415,0,0,0,0,0,0,0,0,0,0,0,0.000363405,0,0,0,0,0,0,0,0,0,0,0,0,0,0,0,0,0.000613246,0.002225856,0,0,0,0,0,0,0,0.000476969,0,0,0.034091941,0.02119106,0,0.002384846,0,0,0,0.000317979,0,0,0,0,0,0,0,0,0,0,0,0,0,0,0,0,0,0,0,0,0,0,0.001544472,0,0,0,0,0,0,0,0,0,0,0,0.000613246,0,0,0,0,0,0,0.304601617,0,0,0,2.27E-05,0.000408831,0,0,0.030503316,0.002611974,0,0,0.000249841,0.033455983,0,0,0,0,0,0,0,0.000408831,0,0,0,0.0070864,0,0,0.000499682,0,0,0,0,0.00604161,0,0,0,0,0,0,0,0,0,0,0,0,0,0,0,0.049014264,0,0,0,0,0,0,0.000545108,0,0,0,0,0,0.002793677,0,0,0,0,0.002225856,0,0,0,0,0,0,0.038907059,0,0,0,0,0,0,0.009471246,0,0,0,0,0,0,0.012446625,0,0,0,0,0,0,0,0,0,0,0,0,0,0.000772236,0,0,0,0,0.000590533,0,0,0,0,0,0,0,0.046356864,0,0,0,0.001022077,0,0,0,0,0,0,0,0,0,0,0,0,0.004928682,0,0,0,0,0,0,0,0,0.000249841
A160W5PK.04,0,0,0,0,0,0,0,0,0,0,0,0,0,0,0,0,0,0,0,0,0,0,0.000635213,0,0,0,0.00050817,0,0,0,0,0,0,0,0,0,0,0,0,0,0,0,0,0,0,0,0.000190564,0,0,0,0,0,0,0,0,0,0,0,0,0,0,0,0,0,0,0,0,0,0,0,0,0,0,0,0,0.005462832,0,0,0,0,0,0.051626939,0,0,0,0,0,0,0.000524051,0,0,0,0,0,0,0,0,0,0,0,0,0,0,0,0,0,0,0,0,0,0,0,0,0,0,0,0,0,0,0,0,0,0,0,0,0,0,0,0,0.000317607,0,0,0,0,0,0,0.001270426,0,0,0,7.94E-05,0.015038669,0,0,0.026980674,0.010084007,6.35E-05,0,0,0.551936606,0,0,0,0,0,0,0,0.001206905,0,0,0,0.174191294,0,0,0,0,0.000539931,0,0,0.034428546,0,0,0,0,0,0,0,0,0,0,0,0,0,0,0,0,0,0,0,0,0,0,0,0,0,0,0,0,0,0,0,0,0,0,0,0,0,0,0,0,0,0,0,0,0,0,0,0,0,0,0,0,0,0,0.008337171,0,0,0,0,0,0,0,0,0,0,0,0,0,0.000778136,0,0,0,0,0,0,0,0,0,0,0,0,0.115704054,0,0,0,9.53E-05,0,0,0,0,0,0,0,0,0,0,0,0,0,0,0,0,0,0,0,0,0,0
H160WB2F.04,0,0,0,0,0,0,0,0,0,0,0,0,0,0,0,0,0,0,0,1.38E-05,0,0,0.002852237,0,0,0,0.727459016,0,0.000193841,0,0,0,0,0,0.000844595,0,0,0,0.002076872,0,0,0,0,0,0,0,0.000456912,0,0,0,0,0,0,0,0,0,0,0,0,0,0,0,0,0,0,0,0,0,0,0,0,0,0,0,8.31E-05,0.000484603,0.002229176,0,0,0,0,0.001343044,0,0,0,0,0,0.000498449,0.001730727,0,0,0,0,0,0,0,0,0,0,0,0,0,0,0,0,0,0,0,0,0,0,0,0,0,0,0,0,0.000110767,0,0,0,0,0,0,0,0,0,0,0,0.000470758,0,0,0,0,0,0,0.000581524,0,0,0,4.15E-05,0.004513735,0,0,0.044472751,0.00383529,0,0.000969207,0,0.164003655,0,0,0,0,0,0,0,0,0,0,0.000235379,0.003752215,0,0,0.000124612,0,0.000207687,0,0,0.000443066,0,0,0,0,0,0,0,0,0,0,0,0,0,0,0,0,0,0,0,0,0,0,0,0,0,0,0,0,0,0,0,0.001135357,0,0,0,0,0,0,0,0,0,0,0,0,0,0,0,0.000636907,0,0,0,0,0,0,0.010799734,0,0,0,0,0,0,0,0,0,0,0,0,0,0.000110767,0,0,0,0,0,0,0,0,0,0,0,0,0.022624058,0,0,0,0.000124612,0,0,0,0,0,0,0,0,0,0,0.000235379,0,0,0,0,0,0,0,0,0.000304608,0,0
H160V4YJ.04,0,0,0,0,0,0,0,0,0,0,0,0,0,0,0,0,0,0,0,0,0,0,0.002242921,0,0,0,0.000124607,0,0,0,0,0,0,0,0,0,0,0,0,0,0.000467275,0,0,0,0,0,0.000311517,0,0,0,0,0,0,0,0,0.000124607,0,0,0,0,0,0,0,0,0,0,0,0,0,0,0,0,0,0,0,0.001993707,0.00093455,0,0,0,0,0.000623034,0,0,0,0,0,0,0.000155758,0,0,0,0,0,0,0,0,0,0,0,0,0,0,0,0,0,0,0,0,0,0,0,0,0,0,0,0,0,0,0,0,0,0.000996854,0,0,0,0,0,0,0.000716489,0,0,0,0,0,0,0.013831345,0,0,0,0,0.002616741,0,0,0,0.001339522,0,0,0,0.701099654,0,0,3.12E-05,0,0,0,0,0.00037382,0,0,0,0.012024548,0,0,0,0,0,0,0,0.007538706,0,0,0,0,0,0,0,0,0,0,0,0,0,0,0,0,0,0,0,0,0,0,0,0,0,0,0,0,0,0,0,0,0,0,0,0,0,0,0,0,0,0,0,0,0,0,0,0,0,0,0,0,0,0,0.001837949,0,0,0,0,0,0,0,0,0,0,0,0,0,0.004672752,0,0,0,0,0,0,0,0,0,0,0,0,0.245849039,0,0,0,0,0,0,0,0,0,0,0,0,0,0,0,0,0,9.35E-05,0,0,0,0,0,0,0,0
H160WDCP.04,0,0,0,0,0,0,0,0,0,0,0,0,0,0,0,0,0,0,0,0,0,0,0,0,0,0,0.001207685,0,0,0,0,0,0,0,0,0,0,0.000683135,0.00095151,0,0.000182983,0,0,0,0,0,0.000426959,0,0,0,0,0,0,0,0,0,0,0,0,0,0,0,0,0,0.00010979,0,0,0,0,0,0,0,0,0,0,0.000304971,0,0,0,0,0,0.000170784,0,0,0,0,0,0,0,0,0,0,0,0,0.000426959,0,0,0,0,0,0,0,0,0,0,0,0,0,0,0,0,0,0,0,0,0,0,0,0,0,0,0,0,0,0,0,0,0,0,0.000561147,0,0,0,0,0,0,0.004111009,0,7.32E-05,0,9.76E-05,0.000963708,0,0,0.249356511,0,0,0,0,0.651393718,0,0,0,0,0,0,0,0,0,0,0,0.00052455,0,0,0,0,0,0,0,0,0,0,0,0,0,0,0,0,0,0,0,0,0,0,0,0,0,0,0,0,0,0,0,0,0,0,0,0,0,0,0,0,0,0,0,0,0,0,0,0,0.000561147,0,0,0,0,0,0,0,0.000256176,0,0,0,0,0,0.000561147,0,0,0,0,0,0,0,0,0,0,0,0,0,0,0,0,0,0,0,0,0,0,0,0,0,0,0.087026532,4.88E-05,0,0,0,0,0,0,0,0,0,0,0,0,0,0,0,0,0,0,0,0,0,0,0,0,0
H160V5DD.04,0,0,0,0,0,0,0,0,0,0,0,0,0,0,0,0,0,0,0,0,0,0,0.000253652,0,0,0,0.02732524,0,0,0,0,0,0,0,0,0,0,0,3.46E-05,0,0,0,0,0,0,0,0,0,0,0,0,0,0,0,0,0,0,0,0.000149885,0,0,0,0,0,0,0,0,0,0,0,0,0,0,0,0.000495774,0.001060727,0.000138356,0,0,0,0,0.000299771,0,0,0,0,0,0.000334359,0.000864723,0,0,0,0,0,0,0,0,0,0,0,0,0,0,0,0,0,0,0,0,0,0,0,0,0,0,0,0,0.000472715,0,0,0,0,0,0,0,0,0,0,0,8.07E-05,0,0,0,0,0,0,0.001014608,0,0,0,0,0.000772486,0,0,2.31E-05,0.002490402,0.000196004,0,0,0.86059516,0,0,0,5.76E-05,0,0,0,0.002075335,0,0.0006226,0.001302849,0.004381262,0,0.000426597,0.003228298,0,0.000864723,0,1.15E-05,0.000749426,0,0,0,0,0,0,0,0,0,0,0,0,0,0,0,0,0,0,0,0,0,0,0,0,0,0,0,0,0,0,0,0,0,1.15E-05,0,0,0,0,0,0,0,0,0,0,0,5.76E-05,0,0,0,0,0,0,0,0,0.005522696,0,0,0,0,0,0,0,0,0,0,0,0,0,0.000149885,0,0,0,0,0,0,0,0,0,0,0,2.31E-05,0.083739753,0,0,0,0,0,0,0,0,0,0,0,0,0,0,0,0,0,0,0,0,0,0,0,0,0,0.000172945
E160WDH8.04,0.000223133,0,0,0,0,0,0,0,0,8.93E-06,0,0,0,0,0,0,0,0,0,0,0,0,0.000383788,0,0,0,0.043412679,2.68E-05,0,0,0,0,0,0,0,0,0.000232058,0,0.000669398,0,0.037646933,0,0,0,0,0,0.000240983,0.000196357,0,0,0,0,0,0,0,0,0.000357012,0,8.93E-06,0,0,0,0,0,0,0,0,0,0,0,0,0,0,0,0.00336484,0.001169215,0.000928232,0,0,0,0,0.007791791,0,0,0,0,0,0.000357012,0.001365572,0,0,0,0,0,0,0,0,0,0,0,0,0,0,0,0,0,0,0,0,0,0,0,0,0,0,0,0,0.000392713,0,0,0,0,0,0,0,0,0,0,0,0.000178506,0,0,0,0,0,0,0.002650815,0,0,0,0,0.004444801,0,0,0.102471417,0.019376835,0,0,0,0.666541712,0,0,0,0,0.000901456,0,0,0.012914915,0,0.002043895,0.0124865,0.020001607,0,0.000196357,0.007595434,0,0.000321311,0,1.79E-05,0.003097081,0,0,0,0,0,0,0,0,0,0,0,0,0,0,0,0,0,0,0,0,0,0,0,0,0,0,0,0,0,0,0,0,0,0,0,0,0,0,0,0,0,0,0,0,0,0,0,8.93E-06,0.000107104,0,0,0.000160655,0.000124954,0,0.021813443,0,0,0,0,0,0,0,0,0,0,0,0,0,0,0,0,0,0,0.000258834,0,0,0,0,0,0,0.000232058,0.020903062,0.000214207,0,0,0.000419489,0,0.001017485,0,0,0,0,0,0,0,0.000276684,0.000419489,0,0,2.68E-05,0,0,0,0,0,0,0,0
K160VSFD.04,1.30E-05,0,0,0,0,0,0,0,0,0,0,0,0,0,0,0,0,0,0,0,0,0,0.001383288,0,0,0,0.020657975,0,0,0,0,0,0,0,0,0,0,0,0.000704694,0,2.61E-05,0,0,7.83E-05,0,0,0.003667019,0,0,0,0,0,0,0,0,0,0,0,0,0,0,0,0,0,0,0,0.000143549,0,0,0,0,0,0,0,0,0.000195748,0.000665544,0,0,0,0,0.002140182,0,0,0,0,0,0.000691644,0.006185648,0,0,0,0,0,0,0,0,0,0,0,0,0,0,0,0,0,0,0,0,0,0,0,0,0,0,0,0,0,0,0,0,0,0,0,0,0,0,0,0,0.000508946,0,0,0,0,0,0,0.004084615,0,0,0,6.52E-05,0.018335095,0,0,0.008117031,0.004554412,0,0.012005899,0,0.774928552,0,0,0,0,0,0,0,0.000156599,0,0.000234898,0,0.00475016,0,0,0.000391497,0,0,0,0.001631236,0.000456746,0,0,0,0,0,0,0,0,0,0,0,0,0,0,0,0,0,0,0,0,0,0,0,0,0,0,0,0,0,0,0,0,0,0,0,0,0,0,0,0,0,0,0,0,0,0,0,0,0,0,0,0,0,0,0.002688277,0,0,0,0,0,0,0,0,0,0,0,0,0,0,0,0,0,0,0,0,0,0,0,0,0,0,0.130407548,0,0,0,0,0,0,0,0,0,0,0,0,0,0,0.000130499,0,0,0,0,0,0,0,0,0,0,0
G160W5NN.04,0,0,0,0,0,0,0,0,0,0,0,0,0,0,0,0,0,0,0,0,0,0,0.022291105,0,0,0,0.000700809,0,0,0,0,0,0,0,0,0,0,0,0.005929919,0,0,0,0,0,0,0,0.014285714,0,0,0,0,0,0,0,0,0,0,0,0,0,0,0,0,0,0,0,0,0,0,0,0,0,0,0,0,0.011913747,0.001132075,0,0,0,0,0.010161725,0,0,0,0,0,0,0.004743935,0,0,0,0,0,0.004097035,0,0,0,0,0,0,0,0,0,0,0,0,0,0,0,0,0,0,0,0,0,0,0,0,0,0,0,0,0,0,0,0,0,0,0.000512129,0,0,0,0,0,0,0.007628032,0,0,0,0.000404313,0.00690027,0,0,0.043315364,0.007385445,0,0,0,0.730781671,0,0,0,0,0,0,0,2.70E-05,0,0,0,0.020053908,0,0,0,0,0.005579515,0,0,0.020404313,0,0,0,0,0,0,0,0,0,0,0,0,0,0,0,0.01638814,0,0,0,0,0,0,0,0,0,0,0,0,0.003423181,0,0,0,0,0,0,0,0,0,0,0,0,0,0,0,0,0,0,0,0,0,0,0,0,0,0.032991914,0,0,0,0,0,0,0,0,0,0,0,0,0,0,0,0,0,0,0,0,0,0,0,0,0,0,0.028948787,0,0,0,0,0,0,0,0,0,0,0,0,0,0,0,0,0,0,0,0,0,0,0,0,0,0
F160VHF2.04,0,0,0,0,0,0,0,0,0,0,0,0,0,0,0,0,0,0,0,0,0,0,3.35E-05,0,0,0,0.351250683,0,0,0,0,0,0,0,0,0,0,0,0.000200734,0,3.35E-05,0,0,0,0,0,1.12E-05,0,0,0,0,0,0,0,0,0,0,0,0,0,0,0,0,0,0,0,0,0,0,0,0,0,0,0,0,0.000301101,0.000434923,0,0,0,0,0.000646809,0,0,0,0,0,0.000100367,0,0,0,0,0,0,0,0,0,0,0,0,0,0,0,0,0,0,0,0,0,0,0,0,0,0,0,0,0,1.12E-05,0,0,0,0,0,0,0,0,0,0,0,1.12E-05,0,0,0,0,0,0,0,0,0,0,0,0.000981365,0,0,0.000992517,0.000747176,1.12E-05,0,0,0.607788471,0,0,0,0,0,0,0,0.000133823,0,0,0,0.000412619,0,0,0,0,0,0,0,0.000312253,0,0,0,0,0,0,0,0,0,0,0,0,0,0,0,0,0,0,0,0,0,0,0,0,0,0,0,0,0,0,0,0,0,0,0,0,0,0,0,0,0,0,0,0,0,0,0,0,0,0,0,0,0,0,0.000379164,0,0,0,0,0,0,0,0,0,0,0,0,0,1.12E-05,0,0,0,0,0,0,0,0,0,0,0,0.026853721,0.008319301,0,0,0,0,0,2.23E-05,0,0,0,0,0,0,0,0,0,0,0,0,0,0,0,0,0,0,0,0
J160T628.04,0,0,0,0,0,0,0,0,0,0,0,0,0,0,0,0,0,0,0,0,0,0,3.60E-05,0,0,0,0.000522193,3.60E-05,0.000306113,0,0,0,0,0,0,0,0,0,0.000396147,0,0,0,0,0,0,0,0.000252093,0,0,0,0,0,0,0,0,0,0,0,0,0,0,0,0,0,0,0,0,0,0,0,0,0,0,0,0,0.000198073,9.00E-05,0,0,0,0,0,0,0,0,0,0,0,3.60E-05,0,0,0,0,0,0,0,0,0,0,0,0,0,0,0,0,0,0,0,0,0,0,0,0,0,0,0,0,0,0,0,0,0,0,0,0,0,0,0,0,0.018492842,0,0,0,0,0,0,0.632213919,0,0,0,0.064139732,0.000666247,0,0,1.80E-05,0.000126047,0,0,0,0.277482669,0,0,0,0,0,0,0,1.80E-05,0,0,0,0.000288107,0,0,3.60E-05,0,0,0,0,0,0,0,0,0,0,0,0,0,0,0,0,0,0,0,0,0,0,0,0,0,0,0,0,0,0,0,0,0,0,0,0,0.000198073,0,0,0,0,0,0,0,0,0,0,0,0,0,0,0,0,0,0,0,0,0,0,0.00010804,0,0,0,0,0,0,0,0,0,0,0,0,0,0,0,0,0,0,0,0,0,0,0,0,0,0,0.004303592,0,0,0,0,0,0,0,0,0,0,0,0,0,0,3.60E-05,0,0,0,0,0,0,0,0,0,0,0
F160S2J4.04,0,0,0,0,0,0,0,0,0,0,0,0,0,0,0,0,0,0,0,0,0,0,0.000553729,0,0,0,0.032749093,0,0,0,0,0,0,0,0,0,0,0,0,0,3.39E-05,0,0,0,0,0,0.000678035,0,0,0,0,0,0,0,0,0,0,0,0,0,0,0,0,0,0,0,0.00019211,0,0,0,0,0,0,0,0,0,0,0,0,0,0,0,0,0,0,0,0,0,0.00057633,0,0,0,0,0,0,0,0,0,0,0,0,0,0,0,0,0,0,0,0,0,0,0,0,0,0,0,0,0,0,0,0,0,0,0,0,0,0,0,0,0.005175668,0,0,0,0,0.000847544,0,0.009345583,0,0,0,0.000565029,0.004373326,0,0,0.003378875,0.000452023,0,0,0,0.785164593,0,0,0,0,0,0,0,0,0,0,0,0.001751591,0,0,0,0,0,0,0,0,0,0,0,0,0,0,0,0,0,0,0,0,0,0,0,0,0,0,0,0,0,0,0,0,0,0.000101705,0,0,0,0,0,0,0,0,0,0,0,0,0,0,0,0,0,0,0,0,0,0,0,0,0,0,0,0,0.015436598,0,0,0,0,0,0,0,0,0,0,0,0,0,0,0,0,0,0,0,0,0,0,0,0,0,4.52E-05,0.138579065,0,0,0,0,0,0,0,0,0,0,0,0,0,0,0,0,0,0,0,0,0,0,0,0,0,0
K160T32G.04,0,0,0,0,0,0,0,0,0,0,0,0,0,0,0,0,0,0,0,0,0,0,7.88E-05,0,0,0,0.001370726,0,0.00066173,0,0,0,0,0,0.000110288,0,0,0,0.002615409,0,0.236395147,0,0,0,0,0,0.000708996,0,0,0,0,0,0,0,0,0,0,0,0,0,0,0,0,0,0,0,0,0,0,0,0,0,0,0,0,0.000693241,0.000252088,0,0,0,0,0,0,0,0,0,0,0,0,0,0,0,0,0,0,0,0,0,0,0,0,0,0,0,0,0,0,0,0,0,0,0,0,0,0,0,0,0.000126044,0,0,0,0,0,0,0,0,0,0,0,0.008082559,0,0,0.000519931,0,0,0,0.112415314,0,0,0,0.009768395,0.000929573,0,0,0,4.73E-05,0,0,0,0.619662833,0,0,0,0,0,0,0,0.000157555,0,0,0,0.000362376,0,0,0.000110288,0,0,0,0,0.000204821,0,0,0,0,0,0,0,0,0,0,0,0,0,0,0,0,0,0,0,0.000252088,0,0,0.000141799,0,0.000126044,3.15E-05,0,0,0,0,0,0.001197416,0,0,0,0,0,0,0,0,0,0,0,0,0,0,0.00017331,0.000157555,0,0,0,0,0,0,0.00048842,0,0.000189066,0,0,0,0,0,0,0,0,0,0,0,0,0,0,0,0,0,0,0,0,0,0,0,0,0.001622814,0,0,0,1.58E-05,0,0,0,0,0,0,0,0,0,0,0,0,0,0,0,0,0,0,0,0,0,0.000330865
A160RPP4.04,0,0,0,0,0,0,0,0,0,0,0,0,0,0,0,0,0,0,0,0,0,0,0.000298641,0,0,0,0.001000448,0,0,0,0,0,0.000209049,0,0,0,0,0,0,0,0.142436912,0,0,0,0,0,0.000866059,0,0,0,0,0,0,0,0,0,0,0,0,0,0,0,0,0,0,0,0,0,0,0,0,0,0,0,0,0,0,0,0,0,0,0,0,0,0.000149321,0,0,0,7.47E-05,0,0,0,0,0,0,0,0,0,0,0,0,0,0,0,0,0,0,0,0,0,0,0,0,0,0,0,0,1.49E-05,0,0,0,0,0,0,0,0,0,0,0,0.057592952,0,0,2.99E-05,0,0,0,0.733970435,0,0,0,0.000164253,0.000642079,0,0,0,0,0,0,0,0.060415111,0,0,0,0,0,0,0,0,0,0,0,0,0,0,0,0,0,0,0,0,0,0,0,0,0,0,0,0,0,0,0,0,0,0,0,0,0,0,0,0,0,0,0,0,0,0,0,0,0,0,0,0,0,0,0,0,0,0,0,0,0,0,0,0,0,0,0,0,0,0,0,0,0,0,0.000328505,0,0,0,0,0,0,0,0,0,0,0,0,0,0,0,0,0,0,0,0,0,0,0,0,0,0,0.001806779,0,0,0,0,0,0,0,0,0,0,0,0,0,0,0,0,0,0,0,0,0,0,0,0,0,0
J160WDZZ.04,9.61E-06,0,0,0,0,0,0,0,0,0,0,0,0,0,0,0,0,0,0,0,0,0,0.000874344,0,0,0,0.002392436,0,0.001835162,0,0,0,0,0,0,0,0,0.002296355,0.04050808,0,0,0,0,0,0,0,0.004496628,0,0,0,0,0,0,0,0,0,0,0,0,0,0,0,0,0,0,0,0,0,0,0,0,0,5.76E-05,0,0,0.001902419,0.000989642,0,0,0,0,0.000576491,0,0,0,0,0,0,0.032466035,0,0,0,0,0,0,0,0,0,0,0,0,0,0,0,0,0,0,0,0,0,0,0,0,0,0,0,0,0.002747939,0,0,0,0,0,0,0,0,0,0,0,8.65E-05,0,0,0.000336286,0,0,0,0.00126828,0,0,0,0,0.014931109,0,0,0.006812199,0.01593036,0,0,0,0.791185457,0,0,0,0,0.00021138,0,0,0.001681431,0,0,0,0.007369473,0,0,0,0,0,0,0,0.00126828,0,0,0,0,0,0,0,0,0,0,0,0,0,0,0,0.00137397,0,0,0,0.000345894,0,0,0,0,0,0,0,0,0,0,0,0.011808451,0.004727224,0.013019082,0,0,0,0,0,0,0.00216184,0,0,0,0,0,0.001393186,0.00095121,0,0,0,0,0,0,0.013278503,0,0,0,0,0,0,0,0,0,0,0,0,0,0.00247891,0,0,0,0,0,0,0,0,0,0,0,0.00290167,0.012894176,0,0,0,0.000326678,0,0,0,0,0,0,0,0,0,0,0.00010569,0,0,0,0,0,0,0,0,0,0,0
C160SYZ5.04,0,0,0,0,0,0,0,0,0,0,0,0,0,0,0,0,0,0,0,0,0,0,0.000164977,0,0,0,0.00028496,0,0,0,0,0,0,0,0,0,0,0,0,0,0,0,0,0.000449937,0,0,0.009733637,0,0,0,0,0,0,0,0,0,0,0,0,0,0,0,0,0,0,0,0,0,0,0,0,0,0,0,0,0,0,0,0,0,0,0,0,0,0,0,0,0,0,0,0,0,0,0,0,0,0,0,0,0,0,0,0,0,0,0,0,0,0,0,0,0,0,0,0,0,0,0,0,0,0,0,0,0,0,0,0,0,0,0.000224969,0,0,0,0,0,0,0.177395165,0,0,0,0,0.000209971,0,0,3.00E-05,7.50E-05,0,0,0,0.333088368,0,0,0,0,0,0,0,0,0,0,0,0.002474654,0,0,0,0,0,0,0,3.00E-05,0,0,0,0,0,0,0,0,0,0,0,0,0,0,0,0,0,0,0,0,0,0,0.000134981,0,0,0,0,0,0,0,0,0,0,0,0,0,0,0,0,0,0.000584918,0,0,0,0,0,0,7.50E-05,0,0,0,0,0,0,0.31050153,0,0,0,0,0,0,0,0,0,0,0,0,0,0,0,0,0,0,0,0,0,0,0,0,0,0,0.16421201,0,0,0,0,0,0,0,0,0,0,0,0,0,0,0,0,0,0,0,0,0,0,0,0,0,0.000329954
F160TPMJ.04,0,0,0,0,0,0,0,0,0,0,0,0,0,0,0,0,0,0,0,0,0,0,0.007926171,0,0,0,0.001860604,0,0,0,0,0,9.92E-05,0,0,0,0,6.20E-05,0.008707625,0,0,0,0,8.68E-05,0,0,0.000632605,0,0,0,0,0,0,0,0,0,0,0,0,0,0,0,0,0,0,0,7.44E-05,0,0,0,0,0,0,0,0,0.023133505,0.001463675,0,0,0,0,0.004204964,0,0,0,0,0,0.004477853,0.00527171,0,0,0,0,0,0,0,0,0,0,0,0,0,0,0,0,0,0,0,0,0,0,0,0,0,0,0,0,0,0,0,0,0,0,0,0,0,0,0,0,0.000322505,0,0,0,0,0,0,0.001438867,0,0,0,0,0.012652104,0,0,0.004787953,0.021769062,6.20E-05,0,0,0.765377889,0,0,0,0.001041938,0,0,0,6.20E-05,0,7.44E-05,0,0.005420558,0,0,3.72E-05,0,0,0,0.011696995,0.014785596,0,0,0,0,0,0,0,0,0,0,0,0,0,0,0,0,0,0,0,0,7.44E-05,0,0,3.72E-05,0,0,0,0,6.20E-05,0,0,0,0,0,0,0,0,0,0,0,0,0,0,0,0,0,0.001215594,0,0,0,0,0,0,0,0.033689329,0,0,0,0,0,0,0,0,0,0,0,0,0,0.000645009,0,0,0,3.72E-05,0,0,0,0,0,0,0,0.000223272,0.066101043,0,0,0,0,0,0.000235676,0,0,0,0,0,0,0,4.96E-05,9.92E-05,0,0,0,0,0,0,0,0,0,0,0
G160WDVK.04,0,0,0,0,0,0,0,0,0,0,0,0,0,0,0,0,0,0,0,0,0,0,1.54E-05,0,0,0,0.000864171,0,3.09E-05,0,0,0,0,1.54E-05,0,0,0,0.000154316,0.000455233,0,6.94E-05,0,0,0,0,0,0,0,0,0,0,0,0,0,0,0,0,0,0,0,0,0,0,0,0,0,0,0,0,0,0,0,0,0,0,3.86E-05,5.40E-05,0,0,0,0,9.26E-05,0,0,0,0,0,6.17E-05,0.000223759,0,0,0,0,0,0,0,0,0,0,0,0,0,0,0,0,0,0,0,0,0,0,0,0,0,0,0,0,0,0,0,0,0,0,0,0,0,0,0,0,1.54E-05,0,0,0,0,0,0,2.31E-05,0,0,0,0,0.000277769,0,0,0,9.26E-05,0,0,0,0.990509552,0,0,0,0,0,0,0,0.000108021,0,4.63E-05,0,0.000138885,0,0,9.26E-05,0,0,0,0,9.26E-05,0,0,0,0,0,0,0,0,0,0,0,0,0,0,0,0,0,0,0,7.72E-05,0,6.17E-05,0,0,0,0,0,0,0,0,0,0.000540107,0,0.000501528,0,0,0,0,0,0,0.000108021,0,0,0,0,0,1.54E-05,3.09E-05,0,0,0,0,0,0,0.000632697,0,0,0,0,0,0,0,0,0,0,0,0,0,0,0,0,0,0,0,0,0,0,0,0,0,0.00285485,0.001705194,0,0,0,0,0,0,0,0,0,0,0,0,0,0,0,0,0,0,0,0,0,0,0,0,0,0
E160V7FH.04,1.47E-05,0,0,0,0,0,0,0,0,0,0,0,0,0,0,0,0,0,0,0,0,0,0.000556777,0,0,0,0.005010989,0.000659341,0,0,0.000161172,0,0,0,0,0,0,0,0,0,0,0,0,0,0,0,0.000600733,0,0,0,0,0,0,0,0,0,0,0,0.001230769,0,0,0,0,0,0,0,0,0,0,0,0,0,0,0,0,0.00029304,0.001010989,0,0,0,0,0,0,0,0,0,0,7.33E-05,7.33E-05,0,0.001450549,0,0,0,0,0,0,0,0,0,0,0,0,0,0,0,0,0,0,0,0,0,0,0,0,0,0,0.000571429,0,0,0,0,0,0,0,0,0,0,0,0.005201465,0,0,0,0,0,0,0.04385348,0,0,0,0.000175824,0.004717949,0,0,0.252117216,0,0.003003663,0.000630037,0.2123663,0.449406593,0,0,0,0,0,0,0,0.001538462,0,0,0,0.005479853,0,0,0.004131868,0,0.0003663,0,0,0.000483516,0,0,0,0,0,0,0,0,0,0,0,0,0,0,0,0.000175824,0,0,0,0,0,0,0.00029304,0,0,0,0,0,0,0,0,0,0,1.47E-05,0,0,0,0,0,0,5.86E-05,0,0,0,0,0,0,0.000380952,0,0,0,0,0,0,0.00370696,0,0,0,0,0,0,0,0,0,0,0,0,0,0,0,0,0,0,0,0,0,0,0,0,0,0,0.000161172,0,0,0,0,0,0,0,0,0,0,0,0,0,0,0,0,2.93E-05,0,0,0,0,0,0,0,0,0
G160TMJ8.04,0,0,0,0,0,0,0,0,0,0,0,0,0,0,0,0,0,0,0,0,0,0,0.002951621,0,0,0,0.855762579,0,0,0,0,0,0,0,0,0,0,0,0,0,0.000184476,0,0,0.000161417,0,0,0.002167597,0,0,0,0,0,0,0,0,0,0,0,0,0,0,0,0,0,0,0,0,0,0,0,0,0,0,0,0,0,0.000392012,0,0,0,0,0,0,0,0,0,0,0.000622608,0,0,0,0,0,0,0,0,0,0,0,0,0,0,0,0,0,0,0,0,0,0,0,0,0,0,0,0,0,0,0,0,0,0,0,0,0,0,0,0,9.22E-05,2.31E-05,0,0,0,0,0,0,0.003458931,0,0,0,0,0.000830143,0,0,0.00751741,0,0,0,0,0.079578472,0,0,0,0,0,0,0,0,0,0,0,0.00198312,0,0,0,0,0.000161417,0,0,0,0,0,0,0,0,0,0,0,0,0,0,0,0,0,0,0,0,0,0,0,0,0,0,0,0,0,0,0,0,0,0,0,0,0,0,0,0,0,0,0,0,0,0,0,0,0,0,0,0,0,0,0,0,0,0.002398192,0,0,0,0,0,0,0,0,0,0,0,0,0,0,0,0,0,0,0,0,0,0,0,0,0,0,0.041714707,0,0,0,0,0,0,0,0,0,0,0,0,0,0,0,0,0,0,0,0,0,0,0,0,0,0
C160VGC6.04,0,0,0,0,0,0,0,0,0,0,0,0,0,0,0,0,0,0,0,0,0,0,0.0052617,0,0,0,0.091073571,0,0,0,0,0,0,0,0,0,0,0,0.001587741,0,0.001975445,0,0,0,0,0,0.002584695,0,0,0,0,0,0,0,0,0,0,0,0,0,0,0,0,0,0,0,0,0,0,0,0,0,0,0,0,9.23E-05,0.00096003,0,0,0,0,0,0,0,0,0,0,0.008751038,0.002769316,0,0,0,0,0,0,0,0,0,0,0,0,0,0,0,0,0,0,0,0,0,0,0,0,0,0,0,0,0,0,0,0,0,0,0,0,0,0,0,0,0.002584695,0,0,0,0,0,0,0.007384843,0,0,0,0,0.021896058,0,0,0.009766454,0.008547955,5.54E-05,0,0,0.687528847,0,0,0,0,0,0,0,0,0,0,0,0.013274255,0,0.00166159,0,0,0,0,0,1.85E-05,0,0,0,0,0,0,0,0,0,0,0,0,0,0,0,0,0,0,0,0,0,0,0.001513893,0,0,0,0,0,0,0,0,0,0,0,0,0,0,0,0,0,0,0,0,0,0,0,0,0.000867719,0,0,0,0,0,0,0.017575925,0,0,0,0,0,0,0,0,0,0,0,0,0,0,0,0,0,0,0,0,0,0,0,0,0,0,0.112249608,0,0,0,0,0,0,0,0,0,0,0,0,0,0,0,0,0,0,0,0,0,0,0,0,0,1.85E-05
H160VX76.04,0,0,0,0,0,0,0,0,0,0,0,0,0,0,0,0,0,0,0,0,0,0,6.99E-05,0,0,0,0.002409835,0,0,0,0,0,0,0,0,0,0,0,1.16E-05,0,0,0,0,0,0,0,1.16E-05,0,0,0,0,0,0,0,0,0,0,0,0,0,0,0,0,0,0,0,0,0,0,0,0,0,0,0,0,0.001455214,0.000232834,0,0,0,0,0.001280589,0,0,0,0,0,6.99E-05,0.000372535,0,0,0,0,0,0,0,0,0,0,0,0,0,0,0,0,0,0,0,0,0,0,0,0,0,0,0,0,0,0,0,0,0,0,0,0,0,0,0,0,8.15E-05,0,0,0,0,0,0,0,0,0,0,0,0.003469231,0,0,5.82E-05,0.001653123,0,0,1.16E-05,0.955097907,0,0,0,0,0,0,0,6.99E-05,0,0,0,0.000325968,0,0,0,0,0,0,3.49E-05,0.000291043,0,0,0,0,0,0,0,0,0,0,0,0,0,0,0,0,0,0,0,0,0,0,0,0,0,0,0,0,0,0,0,0,0,0,0,0,0,0,0,0,0,0,0,0,0,0,0,0,0,0,0,0,0,0,0.010873361,0,0,0,0,0,0,0,0,0,0,0,0,0,0.000244476,0,0,0,0,0,0,0,0,0,0,0,0.020035391,0.001501781,0.000291043,0,0,0,0,4.66E-05,0,0,0,0,0,0,0,0,0,0,0,0,0,0,0,0,0,0,0,0
D160TF2T.04,0,0,0,0,0,0,0,0,0,0,0,0,0,0,0,0,0,0,0,0,0,0,0.003440677,0,0.000425252,0,0.011578459,0.000231956,0,0,0.000328604,0,0,0.000328604,0.001836317,0,0,0,0.001836317,0,0,0,0,0,0,0,0.000908493,0,0,0,0,0,0,0,0,0,0,0,0,0,0,0,0,0,0,0,0,0,0,0,0,0,0,0,0,0.019097692,0.002029613,0,0,0,0,0.017918584,0,0,0,0,0,0,0.025979047,0,0,0,0,0,0,0,0,0,0,0,0,0,0,0,0,0,0,0,0,0,0,0,0,0,0,0,0,0,0,0,0,0,0,0,0,0,0,0,0,0.000985812,0,0,0.000715197,0,0,0,0.005895543,0,0,0,7.73E-05,0.017358024,0,0,0.038330692,0.038079406,0,0,0,0.522325743,0,0,0,0,0,0,0,0.005141686,0.000367263,0,0,0.034928674,0,0,0.001488383,0,0.000850505,0,0.026752233,0.003711292,0,0,0,0,0,0,0,0,0,0,0,0,0,0,0,0.000154637,0,0,0,0,0.000270615,0,0,0,0,0,0,0,0,0,0,0,0,0,0,0,0,0,0,0,0.000328604,0,0,0,0,0.000386593,0,0.000231956,0,0,0,0,0,0,0.185448641,0,0,0,0,0,0,0,0,0,0,0,0,0,0.001507713,0,0,0,0,0,0,0,0,0,0,0,0.000251285,0.027486759,0,0,0,5.80E-05,0,0,0,0,0,0,0,0,0,0,1.93E-05,0,0,0,0,0,0,0,0,0,0,0.000908493
G160TYG6.04,0,0,0,0,0,0,0,0,0,0,0,0,0,0,0,0,0,0,0,0,0,0,1.40E-05,0,0,0,0.685671229,0,0,0,0,0,0,0,0,0,0,0,0.001186041,0,0.004855791,0,0,0,0,0,0.001158134,0,0,0,0,0,0,0,0,0,0,0,0,0,0,0,0,0,0,0,0,0,0,0,0,0,0,0,0,1.40E-05,0,0,0,0,0,0.001032553,0,0,0,0,0,0,0,0,0,0,0,0,0,0,0,0,0,0,0,0,0,0,0,0,0,0,0,0,0,0,0,0,0,0,0,0.028576611,0,0,0,0,0,0,0,0,0,0,0,1.40E-05,0,0,0.001074414,0,0,0,0.000599997,0,0,0,0,0.005497649,0,0,0.144362119,0,0,0,0,0.10735764,0,0,0,0,0,0,0,0,0,0,0,0.005079046,0,0,0,0,0,0,0,0.00097674,0,0,0,0,0,0,0,0,0,0,0,0,0,0,0,0.001730225,0,0,0,0,0,0,0,0,0,0,0,0,0,0,0,0,0,0.00415812,0,0,0,0,0,0,0,0,0,0,0,0,0,0,0,0,0,0,0,0,0.006488342,0,0,0,0,0,0,0,0,0,0,0,0,0,0,0,0,0,0,0,0,0,0,0,0,0,2.79E-05,0.000125581,0,0,0,0,0,0,0,0,0,0,0,0,0,0,0,0,0,0,0,0,0,0,0,0,0,0
B160TX61.04,0,0,0,0,0,0,0,0,0,0,0.000109696,0,0,0,0,0,0,0,0,0,0,0,0.009007252,0,0,0,0.091120726,0,0,0,0,0,0,0,0,0,0,0.000426595,0,0,0,0,0,0,0,0,0.00692303,0,0,0,0,0,0,0,0,0,0,0,0,0,0,0,0,0,0,0,0,0,0,0,0,0,0,0,0,0.002474252,0,0,0,0,0,0,0,0,0,0,0,0.000804437,0.000341276,0,0,0,0,0,0,0,0,0,0,0,0,0,0,0,0,0,0,0,0,0,0,0,0,0,0,0,0,0,0,0,0,0,0,0,0,0,0,0,0,0.001279785,0,0,0,0,0,0,0.429410689,0,0,0,4.88E-05,0.012164056,0,0,0,0.003839356,0,0,0,0.426534219,0,0,0,0,0,0,0,0,0,0,0,0.005277592,0,0,0,0,0,0,0,0,0,0,0,0,0,0,0,0,0,0,0,0,0,0,0,0,0,0,0,0,0,0,0.000694741,0,0,0,0,0,0,0,0,0,0,0,0,0,0,0,0,0,0,0,0,0,0,0,0,0.000402218,0.000292522,0,0,0,0,0,0.003449327,0,0,0,0,0,0,0,0,0,0,0,0,0,0,0,0,0,0,0,0,0,0,0,0,0,0,0.005399476,0,0,0,0,0,0,0,0,0,0,0,0,0,0,0,0,0,0,0,0,0,0,0,0,0,0
D160TC75.04,0,0,0,0,0,0,0,0,0,7.66E-05,0,0,0,0,0,0,0,0,0,0.002475216,0,0,0.006991847,0,0,0,0.727432793,0,0,0,0,0,0,0,0,0,0,1.28E-05,0.011419166,0,0.004937673,0,0,0,0,0,0.020847953,0,0,0,0,0,0,0,0,0,0,0,0,0,0,0,0,0,0,0,0,0,0,0,0,0,0,0,0,0,0.00220728,0,0,0,0,0.004299731,0,0,0,0,0,0,0,0,0,0,0,0,0,0,0,0,0,0,0,0,0,0,0,0,0,0,0,0,0,0,0,0,0,0,0,0,0,0,0,0,0,0,0,0,0,0,0,0.003151435,0,0.001607614,0,0,0,0,0.011661584,0,0,0,0.000165865,0,0,0.001862791,0.075379257,0,0,0,0,0.05446751,0,0,0,0,0,0,0,0,0,0,0.000982431,0.028541536,0,0,0,0,0,0,0,0,0,0.003176952,0,0,0,0,0,0,0,0,0,0,0,0,0,0.007195989,0,0.01690547,0,0,0,0,0.006787706,0,0,0.004440078,0,0,0,0,0,0,0,0,0,0,0,0,0,0,0.002934534,0,0,0,0,0,0,0,0,0,0,0,0,0,0,0,0,0,0,0,0,0,0,0,0,0,0,0,0,0,0,0,0,0,0,0,0,0,0,0,0,3.83E-05,0,0,0,0,0,0,0,0,0,0,0,0,0,0,0,0,0,0,0,0,0,0,0,0,0,0
J160TJ4B.04,0,0,0,0,0,0,0,0,0,0,0,0,0,0,0,0,0,0,0,0,0,0,0.005339527,0,0,0,0.476646243,0,0,0,0,0,0.002162509,0,0,0,0,0,0,0,0.150054063,0,0,0,0,0,0.01220082,0,0,0,0,0,0,0,0,0,0,0,0,0,0,0,0,0,0,0,0,0,0,0,0,0,0,0,0,1.33E-05,0.002522927,0,0,0,0,0.004004645,0,0,0,0,0,0,0,0,0,0,0,0,0,0,0,0,0,0,0,0,0,0,0,0,0,0,0,0,0,0,0,0,0,0,0,0,0,0,0,0,0,0,0,0,0,0,0,4.00E-05,0,0,0.001455021,0,0,0,0.002816601,0,0,0,0,4.00E-05,0,0,0.205585145,0,0.003537437,0,0,0.110501515,0,0,0,0,0,0,0,0,0,0,0,0.003510739,0,0.002122462,0.005659899,0,0,0,0,0,0,0,0,0,0,0,0,0,0,0,0,0,0,0,0,0,0,0,0,0,0,0,0.006754502,0,0,0,0,0,0,0,0,0,0,0,0,0,0,0,0,0,0,0,0,0,0,0,0,0,0,0,0,0,0,0,2.67E-05,0,0,0,0,0,0,0,0,0,0,0,0,0,0.001601858,0,0,0,0,0,0,0,0,0,0,0,5.34E-05,0.000280325,0,0,0,0,0,0,0,0,0,0,0,0,0,0,0,0,0,0,0,0,0,0,0,0,0,0.003070228
G160VTZ3.04,0,0,0,0,0,0,0,0,0,2.08E-05,0,0,0,0,0,0,0,0,0,0,0,0,0.000332585,0,0,0,0.906502037,0,0,0,0,0,0,0,0,0,0,0,0.000124719,0,0.003512929,0,0,0,0,0,0.000103933,0,0,0,0,0,0,0,0,0,0,0,0.004032593,0,0,0,0,0,0,0,0,0,0,0,0,0,0,0,0,0,0,0,0,0,0,4.16E-05,0,0,0,0,0,0,0,0,0,0,0,0,0,0,0,0,0,0,0,0,0,0,0,0,0,0,0,0,0,0,0,0,0,0,0,0.006734847,0,0,0,0,0,0,0,0,0,0,0,0,0,0,0,0,0,0,0.000103933,0,0,0,0,0.00465619,0,0,0.000103933,0.004988775,0,0,0,0.043402345,0,0,0,0,2.08E-05,0,0,8.31E-05,0,0,2.08E-05,0.002847759,0,0,0.000166293,0,0,0,0,0,0,0,0,0,0,0,0,0,0,0,0,0,0,0,0,0,0,0,0,0,0,0,0,0,0,0,0,0,0,0,0,0,0,0,0,0,0,0,0,0,0,0,0,0,0,0,0,2.08E-05,0,0,0,0,0,0,0.008522491,0,0,0,0,0,0,0,0,0,0,0,0,0,0,0,0,0,0,0,0,0,0,0,0,0,2.08E-05,0.013635986,0,0,0,0,0,0,0,0,0,0,0,0,0,0,0,0,0,0,0,0,0,0,0,0,0,0
J160WZMT.04,0,0,0,0,0,0,0,0,0,0,0,0,0,0.001333374,0,0,0,0,0,0,0,0,0.001136398,0,0,0,0.525561381,0,0,0,0,0,0,0,0,0,0,0,0,0,0.00237886,0,0,0,0,0,0.005727446,0.0092124,0,0,0,0,0,0,0,0,0,0,0,0,0,0,0,0,0,0,0,0,0,0,0,0,0,0,0,0.009060881,1.52E-05,0,0,0,0,0.005712294,0,0,0,0,0,0,0.001833389,0,0.000318191,0.001545501,0,0,0.002469772,0,0,0,0,0,0,0,0,0,0,0,0,0,0,0,0,0,0,0,0,0,0,0.001848541,0,0,0,0,0,0,0,0,0,0,0,0.000515167,0,0,0,0,0,0,0.009833631,0,0.005727446,0,0.000166672,0.033167672,0,0,0.007879027,0.015985333,0,0.004242553,0,0.303191006,0,0,0,0,0,0,0,0,0,0,0,0.007909331,0,0,0.000181824,0,0,0,0,0.006242613,0,0,0,0,0,0,0,0,0,0,0,0,0,0,0,0.00928816,0,0,0,0,0,0,0,0,0,0,0,0,0.004712264,0,0,0,0,0.002954635,0,0,0,0,0,0,0,0,0,0,0,0,0.002257644,0.001015182,0.00360617,0,0,0,0,0,0.00713658,0,0,0,0,0,0,0,0,0,0,0,0,0,0,0,0,0,0,0,0,0,0,0,0,0,0,0.00022728,0,0,0,0.00560623,0,0,0,0,0,0,0,0,0,0,0,0,0,0,0,0,0,0,0,0,0,0
G160THGH.04,0,0,0,0,0,0,0,0,0,0,0,0,0,0,0,0,0,0,0,0,0,0,0.000535783,0,0,0,0.449457839,0,0,0,0,0,0,0,0,0,0,0,0.000204108,0,2.55E-05,0,0,0,0,0,0.003801505,0,0,0,0,0,0,0,0,0,0,0,0.000242378,0,0,0,0,0,0,0,0,0,0,0,0,0,0,0,0,0.000829187,0,0,0,0,0,0.000153081,0,0,0,0,0,0,0.001007782,0,0,0,0,0,0.000165837,0,0,0,0,0,0,0,0,0,0,0,0,0,0,0,0,0,0,0,0,0,0,0,0,0,0,0,0,0,0,0,0,0,0,0.000918485,0,0,0,0,0,0,0.00144151,0,0,0,7.65E-05,0.004464855,0,0,0.013930348,0.000369945,0,0.000102054,0.00066335,0.467929583,0,0,0,0,0,0,0,0.000255135,0,0,0,0.00195178,0,0,0.000102054,0,0.000178594,0,0,0.000484756,0,0,0,0,0,0,0,0,0,0,0,0,0,0,0,1.28E-05,0,0,0,0,0,0,0,0,6.38E-05,0,0,0,0,0,0,0,0,0,0,0,0,0,0,0,0,0,0,0,0,0,0,0.000178594,0,0,0,0,0,0,0.00331675,0,0,0,0,0,0,0,0,0,0,0,0,0,0.000318918,0,0,0,0,0,0,0,0,0,0,0,0,0.046804439,0,0,0,0,0,0,0,0,0,0,0,0,0,0,1.28E-05,0,0,0,0,0,0,0,0,0,0,0
F160S44K.04,0,0,0,0,0,0,0,0,0,0,0,0,0,0,0,0,0,0,0,0,0,0,0,0,0,0,0.150466767,0.001013951,0,0,0,0,0,0,0,0,0,0.000227265,0,0,0,0,0,0,0,0,0.001992937,0,0,0,0,0,0,0,0,0,0,0,0,0,0,0,0,0,0,0,0,0,0,0,0,0,0,0,0,0.000349638,0,0,0,0,0,0,0,0,0,0,0,0,0.000716758,0,0,0,0,0,0,0,0,0,0,0,0,0,0,0,0,0,0,0,0,0,0,0,0,0,0,0,0,0,0,0,0,0,0,0,0,0,0,0,0,0.019195133,0,0,0.000139855,0,0,0,0.4150729,0,0,0,0.000646831,0.01201007,0,0,0.00073424,0.001066396,0.00036712,0,0.000402084,0.372836614,0,0,0,0,0,0,0,0,0,0,0,0.00596133,0,0,0.013356176,0,0,0,0.001083878,0,0,0,0,0,0,0,0,0,0,0,0,0,0,0,0,0,0,0,0,0,0,0,0.000349638,0,0,0,0,0,0,0,0,0,0,0,0,0,0,0,0,0,0,0,0,0,0,0,0,8.74E-05,0,0,0,0,0,0,0.001905528,0,0,0,0,0,0,0,0,0,0,0,0,0,0,0,0,0,0,0,0,0,0,0,0,0,0,1.75E-05,0,0,0,0,0,0,0,0,0,0,0,0,0,0,0,0,0,0,0,0,0,0,0,0,0,0
K160WTHP.04,0,0,0,0,0,0,0,0,0,0,0,0,0,0,0,0,0,0,0,0,0,0,0.002710061,0,0,0,0.008596566,0,0,0,0,0,0,0,0,0,0,0,0.001739481,0,0.140343358,0,0,0,0,0,0.002798296,0,0,0,0,0,0,0,0,0,0,0,0,0,0,0,0,0,0,0,0,0,0,0,0,0,0,0,0,0.003151234,0,0,0,0,0,0.000743691,0,0,0,0,0,0,0,0,0,0,0,0,0,0,0,0,0,0,0,0,0,0,0,0,0,0,0,0,0,0,0,0,0,0,0,1.26E-05,0,0,0,0,0,0,0,0,0,0,0,0.000390753,0,0,0,0,0,0,0.004575592,0,0,0,6.30E-05,0.017306577,0,0,1.26E-05,0.005722641,0.002281493,0,0,0.730456047,0,0,0,0,0,0,0,0.001058815,0,0,0,0.01187385,0,0,0.000289914,0,0,0,0,0,0,0,0,0,0,0,0,0,0,0,0,0,0,0,0,0,0,0,0,0,0,0,0.000680667,0,0,0,0,0,0,0,0,0.001021,0,0.001537802,0,0,0,0,0,0,0,0,0,0,0,0,0,0,0,0,0,0,0,0,0.050986966,0,0,0,0,0,0,0,0,0,0,0,0,0,0,0,0,0,0,8.82E-05,0,0,0,0,0,0,0,0.011483097,0,0,0,7.56E-05,0,0,0,0,0,0,0,0,0,0,0,0,0,0,0,0,0,0,0,0,0,0
J160TQGY.04,0,0,0,0,0,0,0,0,0,0,0,0,0,0,0,0,0,0,0,0,0,0,0.011914248,0,0,0,0.36034908,0,0,0,0,0,0,0,0,0,0,0,0,0,0.022614305,0,0,0,0,0,0.011079492,0,0,0,0.009827357,0,0,0,0,0,0,0,0,0,0,0,0,0,0,0,0,0,0,0,0,0,0,0,0,0.009334092,0,0,0,0,0,0.021210397,0,0,0,0,0,0,0,0,0,0,0,0,0,0,0,0,0,0,0,0,0,0,0,0,0,0,0,0,0,0,0,0,0,0,0,0,0,0,0,0,0,0,0,0,0,0,0,0.000303548,0,0,0,0,0,0,0.018933789,0,0,0,0,0.042079302,0,0,0.1178524,0.042989945,0,0.005881237,0,0.219199393,0,0,0,0,0,0,0,0.017795485,0,0,0,0.062492886,0,0,0,0,0,0,0,0.012066022,0,0,0,0,0,0,0,0,0,0,0,0,0,0,0,0,0,0,0,0,0,0,0.014039082,0,0,0,0,0,0,0,0,0,0,0,0,0,0,0,0,0,0,0,0,0,0,0,0,0,0,0,0,0,0,0,0,0,0,0,0,0,0,0,0,0,0,0,0,0,0,0,0,0,0,0,0,0,0,0,0,0,0,0,0,0,0,0,0,0,0,0,0,0,0,0,0,0,0,0,0,0,0,0,0,0,0,0,0,3.79E-05
E160TZNW.04,0,0,0,0,0,0,0,0,0,0,0,0,0,0,0,0,0,0,0,0,0,0,0.002070906,0,0,0,0.006694626,0,0,0,0,0,0,0,0,0,0,0,0,0,0,0,0,0,0,0,0.00342546,0,0,0,0,0,0,0,0,0,0,0,0,0,0,0,0,0,0,0,0,0,0,0,0,0,0,0,0,0.003347313,0.000664253,0,0,0,0,0.004076689,0,0,0,0,0,0,0,0,0,0,0,0,0,0,0,0,0,0,0,0,0,0,0,0,0,0,0,0,0,0,0,0,0,0,0,0,0,0,0,0,0,0,0,0,0,0,0,0.000612155,0,0,0,0,0,0,0.00119826,0,0,0,0,0.010458725,0,0,1.30E-05,0.002044857,0,0,0,0.251543411,0,0,0,0,0,0,0,0.000481909,0,0,0,0.030855193,0,0,0,0,0,0,0.000833572,0,0,0,0,0,0,0,0,0,0,0,0,0,0,0,0,0.00134153,0,0,0,0,0,0,0,0,0,0,0,0,0,0,0,0,0,0,0,0,0,0,0,0,0,0,0,0,0,0,0,0.000377712,0,0,0,0,0,0,0.158704316,0,0,0,0,0,0,0,0,0,0,0,0,0,0.0007424,0,0,0,0.000260491,0,0,0,0,0,0,0,0.520201099,5.21E-05,0,0,0,0,0,0,0,0,0,0,0,0,0,0,0,0,0,0,0,0,0,0,0,0,0,0
H160W610.04,2.13E-05,0,0,0,0,0,0,0,0,0,0,0,0,0,0,0,0,0,0,0,0,0,0.012390283,0,0,0,0.001870231,0.006397042,0,0,0,0,0,0,0,0,0,0,0.006375789,0,0,0,0,0,0,0,0.00945742,0,0,0,0,0,0,0,0,0,0,0,0,0,0,0,0,0,0,0,0,0,0,0,0,0,0,0,0,0.011008862,0.000701337,0,0,0,0,0.005504431,0,0,0,0,0,0.005228147,0.002189021,0,0,0,0,0,0,0,0,0,0,0,0,0,0,0,0,0,0,0,0,0,0,0,0,0,0,0,0,0.003952989,0,0,0,0,0,0,0,0,0,0,0,0.000191274,0,0,0,0,0,0,0.005801968,0,0.00735341,0,0,0.010201262,0,0,0.106071876,0.016640809,0.001551442,0.001147642,2.13E-05,0.591864493,0,0,0,0,0,0,0,2.13E-05,0,0,0,0.016364525,0,0,6.38E-05,0,0,0,0,0.006120757,0,0,0,0,0,0,0,0,0,0,0,0,0,0,0,0,0,0,0,0,0,0,0,0,0,0,0,0,0.004186768,0,0,0,0,0,0,0,0,0,0,0,0.002571568,0,0,0,0,0,0,0.008033494,0.046309481,0,0,0,0,0,0.004335537,0,0,0,0,0,0,0,0,0,0,0,0,0,0,0,0,0,0,0,0,0,0,0,0,0,2.13E-05,0.088899751,0.003187895,0,0,0.013112873,0,0,0,0,0,0,0,0,0,0,0.000573821,0,0,0.000255032,0,0,0,0,0,0,0,0
E160TYK3.04,0,0,0,0,0,0,0,0,0,0,0,0,0,0,0,0,0,0,0,0,0,0,0.003296149,0,0,0,0.00517043,0,0,0,0,0,0,0,0,0,0,0.000827269,0,0,0.003205667,0,0,0,0,0,0.000840195,0,0,0,0,0,0,0,0,0,0,0,0,0,0,0,0,0,0,0,0,0,0,0,0,0,0,0,0,0,0.001421868,0,0,0,0,0.003839045,0,0,0,0,0,0,0,0,0,0,0,0,0,0,0,0,0,0,0,0,0,0,0,0,0,0,0,0,0,0,0,0,0,0,0,0,0,0,0,0,0,0,0,0,0,0,0,0,0,0,0,0,0,0,0.001900133,0,0,0,0,0.004317309,0,0,0.000103409,0.005687473,0,0,3.88E-05,0.930716234,0,0,0,0.000336078,0,0,0,0,0,0,0,0.009112883,0,0,0,0,0,0,0,0.001124569,0,0,0,0,0,0,0,0,0,0,0,0,0,0,0,0,0,0.005247987,0,0,0,0,0,0,0,0,0,0,0,0,0,0,0,0,0,0,0,0,0,0,0.000504117,0,0,0,0,0,0,0,0,0,0,0,0,0,0.005635769,0,0,0,0,0,0,0,0,0,0,0,0,0,1.29E-05,0,0,0,0,0,0,0,0,0,0,0,0.000504117,0.016131743,0,0,0,2.59E-05,0,0,0,0,0,0,0,0,0,0,0,0,0,0,0,0,0,0,0,0,0,0
G160T158.04,0,0,0,0,0,0,0,0,0,0,0,0,0,0,0,0,0,0,0,0,0,0,0.00241271,0,0,0,0.005614482,0,0,0,0,0,0,0.000591797,0,0,0,0,0,0,0,0,0,0,0,0,0.000333834,0,0,0,0,0,0,0,0,0,0,0,0,0,0,0,0,0,0,0,0,0,0,0,0,0,0,0,0,0.017738729,0.00493164,0,0,0,0,0.007996844,0,0,0,0,0,0,0,0,0,0,0,0,0,0,0,0,0,0,0,0,0,0,0,0,0,0,0,0,0,0,0,0,0,0,0,0,0,0,0,0,0,0,0,0,0,0,0,0.003019681,0,0,0,0,0,0,0.097342984,0,0,0,0,0.009893628,0,0,3.03E-05,0.06386853,0,0,0,0.429811384,0,0,0,0,0,0,0,0,0,0,0,0.019832779,0,0,0,0,6.07E-05,0,0,0,0,0,0,0,0,0,0,0,0,0,0,0,0,0,0,0,0,0,0,0,0,0,0,0,0,0,0,0,0,0,0,0,0,0,0,0,0,0,0,0,0,0,0,0,0,0,0,0,0,0,0,0,0,0,0.335821915,0,0,0,0,0,0,0,0,0,0,0,0,0,0,0,0,0,0,0,0,0,0,0,0,0,0.000698017,0,0,0,0,0,0,0,0,0,0,0,0,0,0,0,0,0,0,0,0,0,0,0,0,0,0,0
C160TXGG.04,0,0,0,0,0,0,0,0,0,0.000427922,0,0,0,0,0,0,0,0,0,0,0,0,0.00235357,0,0,0,0.359240439,0,0.00010698,0,0,0,0,0,7.13E-05,0,0,0,0.000231791,0,5.35E-05,0,0,0,0,0,0.001622537,0,0,0,0,0,0,0,0,0,0,0,0,0,0,0,0,0,0,0,0,0,0,0,0,0,0,0,0,0.006294018,0.003138094,0,0,0,0,0.009111171,0,0,0,0,0,0,0.000142641,0,0,0,0,0,0,0,0,0,0,0,0,0,0,0,0,0,0,0,0,0,0,0,0,0,0,0,0,0.00673977,0,0,0,0,0,0,0,0,0,0,0,0.000659713,0,0,8.92E-05,0,0,0,0.006187038,0,0,0,3.57E-05,0.006436659,0,0,0.169617545,0.017509138,0,0.000124811,0,0.334492288,0,0,0,0.000356602,0.001533387,0,0,0.00235357,0,0,0,0.045217081,0,0,0.000624053,0,0.000392262,0,0,0.001194615,0,0,0,0,0,0,0,0,0,0,0,0,0,0,0,0.000641883,0,0,0,0.000838014,0,0,0.000410092,0,0,0,0,0,0.000392262,0,0,0,0,0,0,0,0,0,0,0,0,0,0,0,0,0,0,0,0,0,0,0,0,0,0.011767852,0,0,0,0,0,0,0,0,0,0,0,0,0,0.000838014,0,0,0,0,0,0,0,0,0,0,0,7.13E-05,0.007542124,0,0,0,0.000320941,0,0,0,0,0,0,0,0,0,0,0,0,0,0,0,0,0,0,0,0,0,0.000820184
K160TY18.04,0,0,0,0,0,0,0,0,0,0,0,0,0,0,0,0,0,0,0,0,0,0,0.002009988,0,0.000274657,0,0.003657928,0,0,0,0,0,0,0,0,0,0,0.000287141,0.002908864,0,0.088564295,0,0,0,0,0,0.000586767,0,0,0,0,0,0,0,0,0,0,0,0,0,0,0,0,0,0,0,0,0,0,0,0,0,2.50E-05,0,0,0.014057428,0.000349563,0,0,0,0,0.000724095,0,0,0,0,0,0.003895131,0.006966292,0,0,0,0,0,0,0,0,0,0,0,0,0,0,0,0,0,0,0,0,0,0,0,0,0,0,0,0,0,0,0,0,0,0,0,0,0,0,0,0,0.002559301,0,0,0,0,0,0,0.004694132,0,0,0,0.000137328,0.029513109,0,0,0.008851436,0.031036205,0,0,0.00031211,0.731273408,0,0,0,0.001860175,0,0,0,0.000998752,0,0,0,0.009013733,0,0,0,0,0,0,0.008401998,0.010062422,0,0,0,0,0,0,0,0,0,0,0,0,0,0,0,0,0,0,0,0,0,0,0.000486891,0,0,0,0,0,0.00062422,0,0,0,0,0,0,0,0,0,0,0,0,0,0,0,0,0.000124844,0.000299625,0.000137328,0.000374532,0,0,0,0,0,0.016579276,0,6.24E-05,0,0,0,0,0,0,0,0,0,0,0,0,0,0,0,0,0,0,0,0,0,0,0,4.99E-05,0.016841448,0,0,0,0.000387016,0,0.000411985,0,0,0,0,0,0,0,0.000561798,3.75E-05,0,0,0,0,0,0,0,0,0,0,0
B160VRX9.04,0,0,0,0,0,0,0,0,0,0,0,0,0,0,0,0,0,0,0,0,0,0,0.00159396,0,0.00591443,0,0.005830537,0,0,0,0,0,0,0,0,0,0,0,0,0,0.000671141,0,0,0,0,0,0.006459732,0,0,0,0,0,0,0,0,0,0,0,0,0,0,0,0,0,0,0,0,0,0,0,0,0,0,0,0.000671141,8.39E-05,0.009312081,0,0,0,0,0.029739933,0,0,0,0,0,4.19E-05,4.19E-05,0,0,0,0,0,0,0,0,0,0,0,0,0,0,0,0,0,0,0,0,0,0,0,0,0,0,0,0,0,0,0,0,0,0,0,0,0,0,0,0,0.00385906,0,0,0.003481544,0,0,0,0.006963087,0,0,0,0.000503356,0.03125,0,0,0.07227349,0.028104027,0,0.005033557,0,0.485444631,0,0,0,0,0,0.003104027,0,0.031501678,0,0,0,0.047357383,0,0,0.009563758,0,0,0,4.19E-05,0.008389262,0,0,0,0,0,0,0,0,0,0,0,0,0,0,0,0,0,0,0,0,0,0,0,0,0,0,0,0,0,0,0,0,0,0,0,0,0,0,0,0,0,0,0,0,0,0.000167785,0,0.004530201,0,0,0,0,0,0,0.008011745,0,0,0,0,0,0,0,0,0,0,0,0,0,0,0,0,0,0,0,0,0,0,0,0,0,8.39E-05,0.189974832,0,0,0,0,0,0,0,0,0,0,0,0,0,0,0,0,0,0,0,0,0,0,0,0,0,0
J160TMS4.04,0,0,0,0,0,0,0,0,0,0,0,0,0,0,0,0,0,0,0,0,0,0,0,0,0,0,0.828872312,0,0,0,0,0,0,0,0,0,0,0,0,0,0.002620545,0,0,0,0,0,0,0,0,0,0,0,0,0,0,0,0,0,0,0,0,0,0,0,0,0,0,0,0,0,0,0,0,0,0,0,0,0,0,0,0,0,0,0,0,0,0,0,0,0,0,0,0,0,0,0,0,0,0,0,0,0,0,0,0,0,0,0,0,0,0,0,0,0,0,0,0,0.002620545,0,0,0,0,0,0,0,0,0,0,0,0.001669836,0,0,0.002791185,0,0,0,0.01306616,0,0,0,0.00017064,0.005972405,0,0,0.053215348,0.002303642,0,0,0,0.077275608,0,0,0,0,0,0,0,0.000365657,0,0,0,0.003973478,0,0,0,0,0,0,0,0,0,0,0,0,0,0,0,0,0,0,0,0,0,0,0,0,0,0,0,0,0,0,0,0,0,0.002961825,0,0,0,0,0,0,0,0,0,0,0,0,0,0,0,0,0,0,0,0,0,0,0,0,0,0,0,0,0,0,0,0,0,0,0,0,0,0,0,0,0,0,0,0,0,0,0,0,0,0,0,0,0,0,0,0,0,0,0.002120813,0,0,0,0,0,0,0,0,0,0,0,0,0,0,0,0,0,0,0,0,0,0,0
H160T8W8.04,0,0,0,0,0,0,0,0,0,0,0,0,0,0,0,0,0,0,0,0,0,0,0,0,0,0,0.503237843,0,0,0,0,0,0,0,0,0,0,0,0.000154183,0,0,0,0,0,0,0,0.001110117,0,0,0,0,0,0,0,0,0,0,0,3.08E-05,0,0,0,0,0,0,0,0,0,0,0,0,0,0,0,9.25E-05,4.63E-05,3.08E-05,0,0,0,0,0.000385457,0,0,0,0,0,0.000277529,7.71E-05,0,0,0,0,0,0,0,0,0,0,0,0,0,0,0,0,0,0,0,0,0,0,0,0,0,0,0,0,0,0,0,0,0,0,0,0,0,0,0,0,4.63E-05,0,0,1.54E-05,0,0,0,0.001002189,0,0,0,0,0.00308366,0,0,0.004363378,0.000709242,0,0,0,0.248219187,0,0,0,0,0,0,0,0,0,0,0,0.004856764,0,0,6.17E-05,0,0,0,0.000154183,0,0,0,0,0,0,0,0,0,0,0,0,0,0,0,0,0,0,0,0,0,0,0,0,0,0,0,0,0,4.63E-05,0,0,0,0,0,0,0,0,0,0,0,0,0,0,0,0,0,0,6.17E-05,0,0,0,0,0,0,0.219525733,0,0,0,0,0,0,0,0,0,0,0,0,0,0.000107928,0,0,0,0,0,0,0,0,0,0,0,0,0.012180456,0,0,0,6.17E-05,0,0,0,0,0,0,0,0,0,0,0,0,0,0,0,0,0,0,0,0,0,6.17E-05
C160WDRV.04,0,0,0,0,0,0,0,0,0,0,0,0,0,0,0,0,0,0,0,0.000460961,0,0,0.001165959,0,0.000501634,0,0.007592294,0.002819995,0.001274421,0,0,0,0,0,0.007307583,0,0,0,0.00360634,0,0.000664326,0,0,0,0,0,0.004528261,0,0,0,0,0,0,0,0,0,0,0,0,0,0,0,0,0,0,0,0,0,0,0,0,0,0,0,0,0.002874226,0.001084613,0,0,0,0,0.003958839,0,0,0,0,0,0.001030383,0.001572689,0,0,0,0,0,0,0,0,0,0,0,0,0,0,0,0,0,0,0,0,0,0,0,0,0,0,0,0,0,0,0,0,0,0,0,0,0,0,0,0,0.000325384,0,0,0,0,0,0,0.011727382,0,0,0,2.71E-05,0.00732114,0,0,0,0.005802682,0.001016825,0,0,0.599018425,0,0,0,0,0,0,0,0,0,0,0,0.022166786,0,0,0.00058298,0,0,0,0.000135577,0.000908364,0,0,0,0,0,0,0,0,0,0,0,0,0,0,0,0.000691441,0,0.000894806,0,0,0,0,0.000271153,0,0.001328651,0.000474518,0,0,0,0,0,8.13E-05,0,0.000867691,0,0,0,0,0,0,0.000528749,0,0,0,0,0,0,0,0,0,0,0,0,0,0.002657303,0,0,0,0,0,0,0,0,0,0,0,0,0,0,0,0,0,0,0,0,0,0,0,0,0,0,0.301942814,0,0,0,2.71E-05,0,0,0,0,0,0,0,0,0,0.000677883,8.13E-05,0,0,0,0,0,0,0,0,0,0,0
J160VFWN.04,3.07E-05,0,0,0,0,0,0,0,0,0,0,0,0,0,0,0,0,0,0,3.07E-05,0,0,0.000153666,0,0,0,0.372902453,0,0,0,0,0,0,0,0,0,0,0,0.000215133,0,6.15E-05,0,0,0,0,0,0.002550864,4.61E-05,0,0,1.54E-05,0,0,0,0,0,0,0,0,0,0,0,0,0,0,0,0,0,0,0,0,0,0,0,0,0.03626529,0.000845166,0,0,0,0,0.002228164,0,0,0,0,0,0.000968099,0.002120597,0,0,0,0,0,7.68E-05,0,0,0,0,0,0,0,0,0,0,0,0,0,0,0,0,0,0,0,0,0,0,0.000107567,0,0,0,0,0,0,0,0,0,0,0,3.07E-05,0,0,0,0,0,0,0.000215133,0,0,0,0,0.025815969,0,0,0.020176409,0.042335116,0,1.54E-05,0,0.196462598,0,0,0,0,0,0,0,0.0001844,0,0,0,0.046222878,0,0,0.000122933,0,0,0,0.0002305,0.026753335,0,0,0,0,0,0,0,0,0,0,0,0,0,0,0,0.001613498,0,0,0,0,0,0,0.0002305,0,0,0,0,0,0,0,0,0.000983465,0,0.000307333,0,0,0,0,0,0,0,0,0,0,0,0,4.61E-05,0,0,0,0,0,0,0,0.009788555,0,0,0,0,0,0,0,0,0,0,0,0,0,0,0,0,0,0,0.000122933,0,0,0,0,0,0,0.000215133,0.208018317,0.001306165,0,0,0,0,0,0,0,0,0,0,0,0,0,0.0001844,0,0,0,0,0,0,0,0,0,0,0
H160TXB0.04,0,0,0,0,0,0,0,0,0,0,0,0,0,0,0,0,0,0,0,0,0,0,0.003041329,0,0,0,0.019687178,0,0,0,0,0,0,0,0,0,0,0,0.002796937,0,0,0,0,0,0,0,0,0,0,0,0,0,0,0,0,0,0,0,0,0,0,0,0,0,0,0,0,0,0,0,0,0,0,0,0,0.031037854,0.009531309,0,0,0,0,0.002063759,0,0,0,0,0,0.013197198,0.026638788,0,0,0,0,0,0,0,0,0,0,0,0,0,0,0,0,0,0,0,0,0,0,0,0,0,0,0,0,0.000108619,0,0,0,0,0,0,0,0,0,0,0,0.000244393,0,0,0.000135774,0,0,0,0.009775702,0,0,0,0,0.127762994,0,0,0.000108619,0.091782979,0,0,0,0.524140553,0,0,0,0,0,0,0,0,0,0,0,0.00999294,0,0,0.009205453,0,0,0,0,0,0,0,0,0,0,0,0,0,0,0,0,0,0,0,0,0,0,0,0,0,0,0,0,0,0,0,0,0,0,0,0,0,0,0,0,0,0,0,0,0,0,0,0,0,0,0,0,0,0,0,0,0,0,0,0.114620105,0,0,0,0,0,0,0,0,0,0,0,0,0,0,0,0,0,0,0,0,0,0,0,0,0,0.002253842,5.43E-05,0,0,0,0.001819367,0,0,0,0,0,0,0,0,0,0,0,0,0,0,0,0,0,0,0,0,0,0
J160VL5R.04,0,0,0,0,0,0,0,0,0,0,0,0,0,0,0,0,0,0,0,5.54E-05,0,0,0.000978365,0,9.23E-05,0.000147678,0.772299343,0.000387654,0,0,0.002492062,0,0,0,1.85E-05,0,0,0,0.001439858,0,0,0,0,0,0,0,0.00197519,0,0,0,0,0,0,0,0,0,0,0,0.000147678,0,0,0,0,0,0,0,0,0,0,0,0,0,0,0,0.000110758,0.002990475,0.000609171,0,0,0,0,0.000812228,0,0,0,0,0,0.000313815,0.00793768,0,3.69E-05,0,0,0,0,0,0,0,0,0,0,0,0,0,0,0,0,0,0,0,0,0,0,0,0,0,0,0,0,0,0,0,0,0,0,0,0,0,0,0.000996825,0,0,0.000110758,0,0,0,0.022317803,0,0,0,0,0.005630215,0,0,0.003728864,0.007051613,0,1.85E-05,0,0.149209924,0,0,1.85E-05,5.54E-05,0,0,0,0.000369194,0,0,0.000166137,0.007420808,0,0,0.000461493,0,0,0,1.85E-05,0.000369194,0,0,0,0,0,0,0,0,0,0,0,0,0,0,0,0.000110758,0,0,0,0,0,0,0,0,0,7.38E-05,0,0,0,0,0,0.000295356,0,0,0,0,0,0,0,0,0,0,0,0,0,0,0.000978365,0,0,0,0,0,0,0,0.007605405,0,0,0,0,0,0,0,0,0,0,0,0,0,0,0,0,0,0,0,0,0,0,0,0,0,0,0.000110758,0,0,0,1.85E-05,0,0,0,0,0,0,0,0,0,1.85E-05,0,0,0,0,0,0,0,0,0,0,0,0
B160V5WC.04,1.91E-05,0,0,0,0,0,0,0,0,0,0,0,0,0,0,0,0,0,0,0,0,0,0.003185989,0,0,0,0.000877578,0,0,0,0,0,0,0,0,0,0,1.91E-05,0.002537345,0,0,0,0,1.91E-05,0,0,1.91E-05,0,0,0,0,0,0,0,0,0,0,0,1.91E-05,0,0,0,0,0,0,0,0,0,0,0,0,0,0,0,0,0.022836103,0.003834634,0,0,0,0,0.000305244,0,0,0,0,0,0.000896656,0.000133544,0,0,0,0,0,0,0,0,0,0,0,0,0,0,0,0,0,0,0,0,0,0,0,0,0,0,0,0,0,0,0,0,0,0,0,0,0,0,0,0,7.63E-05,0,0,0,0,0,0,0,0,0,0,0,0.00971059,0,0,0.0001717,0.077856421,0,0,0,0.795543431,0,0,0,0.000190778,0,0,0,0.001240056,0,0.000152622,0,0.04855295,0,0,0,0,0.000133544,0,0.000114467,0.003815556,0,0,0,0,0,0,0,0,0,0,0,0,0,0,0,0,0,0,0,0,0,0,0,0,0,0,0,0,0,0,0,0,0,1.91E-05,0,0,0,0,0,0,0,0,0,0,0,0,1.91E-05,0,0,0,0,0,0,0,0.024038003,0,0,0,0,0,0,0,0,0,0,0,0,0,0.003033367,0,0,0,0,0,0,0,0,0,0,0,0.000438789,0.0001717,0,0,0,0,0,1.91E-05,0,0,0,0,0,0,0,0,0,0,0,0,0,0,0,0,0,0,0,0
G160WZDZ.04,0,0,0,0,0,0,0,0,0,0,0,0,0,0,0,0,0,0,0,2.22E-05,0,0,0.001077898,0,0,0,0.732036893,0,0,0,0,0,0,0,0,0,0,0.000633404,0,0,0.161562396,0,0.000233359,0,0,0,0.000544505,0,0,0,0,0,0,0,0,0,0,0,0,0,0,0,0,0,0,0,0,0,0,0,0,0,0,0,0,0,0.000211135,0,0,0,0,0.00075564,0,0,0,0,0,0.000122236,0.000888988,0,0.000211135,0,0,0,0,0,0,0,0,0,0,0,0,0,0,0,0,0,0,0,0,0,0,0,0,0,0,0,0,0,0,0,0,0,0,0,0,0,0,0.001144572,0,0,0,0,0,0,0.023169241,0,0,0,5.56E-05,0.002089121,0,0,0.002933659,0.003500389,0,0,0,0.060240027,0,0,0,0,0,0,0,0,0,0,0,0.00213357,0,0,0,0,0.000200022,0,0,0.000244472,0,6.67E-05,0,0,0,0,0,0,0,0,0,0,0,0,0,0,0,0,0,0,0,0,0,0,0,0,0,0,0,0,0,0.00037782,0,0,0,0,0,0,0,0,0.000555617,0,0,0,0,0,0,0,0,0,0,0,0,0,0.003700411,0,0,0,0,0,0,0,0,0,0,0,0,0,0,0,0,0,0,0,0,0,0,0,0,0,0,0.000300033,1.11E-05,0,0,0.000555617,0,0,0,0,0,0,0,0,0,0,0.000111123,0,0,0,0,0,0,0,0,0,0,0.000311146
J160TLV2.04,0,0,0,0,0,0,0,0,0,0,0,0,0,0,0,0,0,0,0,0,0,0,3.35E-05,0,0,0,0.536983959,0,0,0,0,0,0,0,0,0,0,0.001491762,0.000620171,0,0.000134091,0,0,0,0,0,1.68E-05,0,0,0,0,0,0,0,0,0,0,0,0,0,0,0,0,0,0,0,0,0,0,0,0,0,6.70E-05,0,0,0,0,0,0,0,0,0.000351989,0,0,0,0,0,0,0,0,0,0,0,0,0,0,0,0,0,0,0,0,0,0,0,0,0,0,0,0,0,0,0,0,0,0,0,0,0,0,0,0,0,0,0,0,0,0,0,0,0,0,0,0,0,0.00036875,0,0,0,0,0,0.001273864,0,0,0.006872161,0.002966762,0,0,0,0.441343591,0,0,0,0,0,0,0,0,0,0,0,0.001659375,0,0,0.000217898,0,0,0,0,0.000905114,0,0,0,0,0,0,0,0,0,0,0,0,0,0,0,0,0,0,0,0,0,0,0,0,0,0,0,0,0,0,0,0,0,0,0,0,0,0,0,0,0,0,0,0,0,0,0,0.000251421,0,0,0,0,0,0,0.003503126,0,0.000938637,0,0,0,0,0,0,0,0,0,0,0,0,0,0,0,0,0,0,0,0,0,0,0,0,0,0,0,0,0,0,0,0,0,0,0,0,0,0,0,0,0,0,0,0,0,0,0,0,0,0,0
H160W0PX.04,0,0,0,0,0,0,0,0,0,0,0,0,0,0,0,0,0,0,0,0,0,0,0.001982678,0,0,0,0.001808759,0,0,0,0,0,0,0,0,0,0,0,0,0,0,0,0,0,0,0,0.019757209,0,0,0,0,0,0,0,0,0,0,0,0,0,0,0,0,0,0,0,0,0,0,0,0,0,0,0,0,0,0.018974573,0,0,0,0,0.133987269,0,0,0,0,0,0,0,0,0,0,0,0,0,0,0,0,0,0,0,0,0,0,0,0,0,0,0,0,0,0,0,0,0,0,0,0,0,0,0,0,0,0,0,0,0,0,0,1.74E-05,0,0,0,0,0,0,0.002626178,0,0,0,0,0.031861978,0,0,0,0.039618769,0,0,0.002765314,0.643257157,0,0,0,0,0,0,0,0.028627083,0,0,0,0.034262061,0,0,0,0,0,0,0.001652231,0,0,0,0,0,0,0,0,0,0,0,0,0,0,0,0,0,0,0,0,0,0,0,0,0,0,0,0,0,0,0,0,0,0,0,0,0,0,0,0,0,1.74E-05,0,0,0,0,0,0,0,0,0,0,0,0,0,0.02768792,0,0,0,0,0,0,0,0,0,0,0,0,0,0.005548019,0,0,0,0,3.48E-05,0,0,0,0,0,0,0,0.004382761,0,0,0,0,0,0,0,0,0,0,0,0,0,0,0.001130474,0,0,0,0,0,0,0,0,0,0,0
H160VVL2.04,0,0,0,0,0,0,0,0,0,0,0,0,0,0,0,0,0,0,0,0,0,0,0.000524068,0,0,0,0.006618789,0,0,0,0,0,0,0,0,0,0,0,7.76E-05,0,0.006017081,0,0,0,0,0,0.004755435,0,0,0,0,0,0,0,0,0,0,0,0,0,0,0,0,0,0,0,0,0,0,0,0,0,0,0,0,0.018187112,0.002387422,0,0,0,0,0.02828028,0,0,0,0,0,0.005706522,0,0,0,0,0,0,0,0,0,0,0,0,0,0,0,0,0,0,0,0,0,0,0,0,0,0,0,0,0,0.049495342,0,0,0,0,0,0,0,0,0,0,0,0.004910714,0,0,0.002775621,0,0,0,0.005221273,0,0,0,0.000815217,0.026358696,0,0,0,0.023602484,0,0,0.00623059,0.728668478,0,0,0,0,0,0,0,3.88E-05,0,0,0,0.010384317,0,0,0,0,0,0,0,0.000329969,0,0,0,0,0,0,0,0,0,0,0,0,0,0,0,0,0,0,0,0,0,0,0,0,0,0.015081522,0,0,0,0,0,0,0,0,0,0,0,0,0,0,0,0,0,0,0,0,0,0,0.00015528,0,0,0,0,0,0.014945652,0,0,0,0,0,0,0,0,0,0,0,0,0,0,0,0,0,0,0,0,0,0,0,0,0,0.000291149,0.005201863,0,0,0,0,0,0,0,0,0,0,0,0,0,0.02173913,0,0,0,0,0,0,0,0,0,0,0,0.011199534
D160SZZ6.04,0,0,0,0,0,0,0,0,0,0,0,0,0,0,0,0,0,0,0,0,0,0,0.001946985,0,0,0,0.556337525,0,0,0,0,0,0,0,0,0,0,0,0,0,3.57E-05,0,0,0,0,0,0.00032152,0,0,0,0,0,0,0,0,0,0,0,0,0,0,0,0,0,0,0,0,0,0,0,0,0,1.79E-05,0,0.0017505,0.00016076,0,0,0,0,0,0,0,0,0,0,0,0,0.001214633,0,0,0,0,0,0,0,0,0,0,0,0,0,0,0,0,0,0,0,0,0,0,0,0,0,0,0,0,0,0,0,0,0,0,0,0,0,0,0,0,8.93E-05,0,0,0,0,0,0,0.002393541,0,0,0,0,0.001536153,0,0,1.79E-05,0,0,0,0,0.427729351,0,0,0,0,0,0,0,0.000643041,0,0,0,0.004787082,0,0,0.000446556,0,0,0,0,0,0,0,0,0,0,0,0,0,0,0,0,0,0,0,0,0,0,0,0,0,0,0,8.93E-05,0.000107173,0,0,0,0,0,0,0,0.000303658,0,0,0,0,0,0,0,0,0,0,0,0,0,0,0,0,0,0,0,0,0,0,0,0,0,0,0,0,0,0,0,0,0,0,0,0,0,0,0,0,0,5.36E-05,0,0,0,0,0,0,0,1.79E-05,0,0,0,0,0,0,0,0,0,0,0,0,0,0,0,0,0,0,0,0,0,0,0,0,0,0
A160TX17.04,0,0,0,0,0,0,0,0,0,0,0,0,0,0,0,0,0,0,0,8.84E-05,0,0,0.000662876,0,0,0,0.651621837,0,0,0,0,0,0,0,0,0,0,0,0,0,0.128288601,0,0,0,0,0,0.002857732,0,0,0,0,0,0,0,0,0,0,0,0,0,0,0,0,0,0,0,0,0,0,0,0,0,0,0,0,0,4.42E-05,0,0,0,0,0,0,0,0,0,0,0,0.00561235,0,0,0,0,0,0,0,0,0,0,0,0,0,0,0,0,0,0,0,0,0,0,0,0,0,0,0,0,0.000353534,0,0,0,0,0,0,0,0.000368264,0,0,0,8.84E-05,0,0,0.000559762,0,0,0,0.001325752,0,0,0,0,0.002135934,0,0,0.051674867,0.00050084,0,0,0,0.125047874,0,0,0.000117845,0,0,0,0,4.42E-05,0,0,0,0.000279881,0,0,0.000176767,0,0,0,0,0,0,0,0,0,0,0,0,0,0,0,0,0,0,0,0,0,0,0,0,0,0,0,0,0,0,0,0.000103114,0,0.000132575,0,0,0,0,0,0,0,0,0,0,0,0.000162036,0,0,0,0,0,0,0,0,0,0,0,0,0,0.00050084,0,0,0,0,0,0,0,0,0,0,0,0,0,0.00025042,0,0,0,0,0,0,0,0,0,0,0,1.47E-05,0.026220428,0,0,0,0.000309342,0,0,0,0,0,0,0,0,0,0,4.42E-05,0,0,0,0,0,0,0,0,0,0,0.000412456
A160T6VM.04,0,0,0,0,0,0,0,0,0,0,0,0,0,0,0,0,0,0,0,0,0,0,0,0,0,0,0.696867799,0,0,0,0,0,0,0,0,0,0,0,0,0,0,0,0,0,0,0,0.001177776,0,0,0,0,0,0,0,0,0,0,0,0,0,0,0,0,0,0,0,0,0,0,0,0,0,0,0,0,0,0,0,0,0,0,0,0,0,0,0,0,0,0,0,0,0,0,0,0,0,0,0,0,0,0,0,0,0,0,0,0,0,0,0,0,0,0,0,0,0,0,0,0,0,0,0,0,0,0,0,0,0,0,0.000546215,0,0,0,0,0,0,0.00087053,0,0,0,8.53E-05,0.007715285,0,0,0.001143637,0,0,0,0,0.291013058,0,0,0,0,0,0,0,0,0,0,0,1.71E-05,0,0,0,0,0,0,0,0,0,0,0,0,0,0,0,0,0,0,0,0,0,0,0,0,0,0,0,0,0,0,0,0,0,0,0,0,0,0,0,0,0,0,0,0,0,0,0,0,0,0,0,0,0,0,0,0,0,0,0,0,0,0,0.000546215,0,0,0,0,0,0,0,0,0,0,0,0,0,0,0,0,0,0,0,0,0,0,0,0,0,0,1.71E-05,0,0,0,0,0,0,0,0,0,0,0,0,0,0,0,0,0,0,0,0,0,0,0,0,0,0
J160TFL8.04,0,0,0,0,0,0,0,0,0,0,0,0,0,0,0,0,0,0,0,0,0,0,0,0,0,0,0.419676649,0,0,0,0,0,0,0,0,0,0,0,0,0,3.67E-05,0,0,0,0,0,0.000973728,0,0,0,0,0,0,0,0,0,0,0,0,0,0,0,0,0,0,0,0,0,0,0,0,0,0,0,0,0,0,0,0,0,0,0,0,0,0,0,0,0,1.84E-05,0,0,0,0,0,0,0,0,0,0,0,0,0,0,0,0,0,0,0,0,0,0,0,0,0,0,0,0,0,0,0,0,0,0,0,0,0,0,0,0,0.0049605,0,0,0.000716517,0,0,0,0.024453426,0,0,0,0.000183722,0.02671321,0,0,0.048006614,3.67E-05,1.84E-05,0,0,0.466856513,0,0,0,0,0,0,0,0,0,0,0,0.0003307,0,0,0.002847694,0,0,0,0,0,0,0,0,0,0,0,0,0,0,0,0,0,0,0,0,1.84E-05,0,0,0,0,0,0,0,0,0,0,0,0,0.000753261,0,0,0,0,0,0,0,0,0,0,0,0,0,0,0,0,0,0,0.001451405,0,0,0,0,0,0,0.000220467,0,0,0,0,0,0,0,0,0,0,0,0,0,0,0,0,0,0,1.84E-05,0,0,0,0,0,0,0,3.67E-05,0,0,0,0,0,0,0,0,0,0,0,0,0,0,0,0,0,0,0,0,0,0,0,0,0,0.001671872
D160VSD3.04,0,0,0,0,0,0,0,0,0,0,0,0,0,0,0,0,0,0,0,7.99E-05,0,0,9.59E-05,0,0,0,0.969618513,0,0,0,0,0,0,0,0,0,0,0,0,0,0,0,0,0,0,0,0.000367582,0,0,0,0,0,0,0,0,0,0,0,0,0,0,0,0,0,0,0,0,0,0,0,0,0,0,0,0.000815074,1.60E-05,0.000399546,0,0,0,0,1.60E-05,0,0,0,0,0,0,3.20E-05,0,0,0,0,0,0,0,0,0,0,0,0,0,0,0,0,0,0,0,0,0,0,0,0,0,0,0,0,1.60E-05,0,0,0,0,0,0,0,0,0,0,0,0,0,0,0.000351601,0,0,0,0.000207764,0,0,0,0,0.000239728,0,0,0.003004587,0.000223746,0,0,0,0.01455946,0,0,7.99E-05,0,0,0,0,0.001630148,0,1.60E-05,1.60E-05,0.001054802,0,0,0.000159818,0,4.79E-05,0,0,0.000239728,0,0,0,0,0,0,0,0,0,0,0,0,0,0,0,0,0,0,0,0,0,0,0,0,0,0,0,0,3.20E-05,0,0,6.39E-05,0,0,0,0,0,0,0,0,0,0,0,0,0,0,0,0,0,0,0,0,0,0,0.000127855,0,0,0,0,0,0,0,0,0,0,0,0,0,0,0,0,0,0,0,0,0,0,0,0,0,0,0.006264883,0,0,0,0,0,0,0,0,0,0,0,0,0,0,1.60E-05,0,0,0,0,0,0,0,0,0,0,0.000207764
B160TXHF.04,0,0,0,0,0,0,0,0,0,0,0,0,0,0,0,0,0,0,0,0,0,0,2.09E-05,0,0,0,0.271313527,0,0,0,0,0,0,0,0,0,0,0,0,0,2.09E-05,0,0,0,0,0,7.33E-05,0,0,0,0,0,0,0,0,0,0,0,0,0,0,0,0,0,0,0,0,0,0,0,0,0,0,0,1.05E-05,0.000743526,0.000607387,0,0,0,0,0.002167744,0,0,0,0,0,0,0.001466107,0,0,0,0,0,0,0,0,0,0,0,0,0,0,0,0,0,0,0,0,0,0,0,0,0,0,0,0,0,0,0,0,0,0,0,0,0,0,0,0,0,0,0,0,0,0,0,0.001602245,0,0,0,0,0.001466107,0,0,0.005215151,0.00152894,0,0,0,0.703312354,0,0,0,0,0,0,0,0,0,0,0,0.004262182,0,0,0,0,0,0,0,0.000617859,0,0,0,0,0,0,0,0,0,0,0,0,0,0,0,0,0,0,0,0,0,0,0,0,0,0,0,0,0,0,0,0.002785603,0,0,0,0,0,0,0,0,0,0,0,0,0,0,0,0,0,0,0,0,0,0,0.002031605,0,0,0,0,0,0,0,0,0,0,0,0,0,0,0,0,0,0,0,0,0,0,0,0,0,0,0.000387471,0,0,0,0,0,0,0,0,0,0,0,0,0,0,0,0,0,0,0,0,0,0,0,0,0,0.000366527
B160TP5W.04,0,0,0,0,0,0,0,0,0,0,0,0,0,0,0,0,0,0,0,1.32E-05,0,0,0.005229602,0,0,0,0.445517296,0,0,0,0,0,0,0,0,0,0,0,0.000289802,0,0.002107648,0,0,0,0,0,0.00023711,0,0,0,0,0,0,0,0,0,0,0,0.000144901,0,0,0,0,0,0,0,0,0,0,0,0,0,0,0,0,0.000500566,0.010432858,0,0,0,0,5.27E-05,0,0,0,0,0,0,7.90E-05,0,0,0,0,0,0,0,0,0,0,0,0,0,0,0,0,0,0,0,0,0,0,0,0,0,0,0,0,0,0,0,0,0,0,0,0,0,0,0,0,0.000316147,0,0,0,0,0,0,0.001396317,0,0,0,0,0.004755381,0,0,0.037252681,0.007086967,0,2.63E-05,0.000316147,0.474444766,0,0,0,0,0,0,0,0.000355666,0,0,0,0.00898385,0,3.95E-05,0.000105382,0,5.27E-05,0,0,0,0,0,0,0,0,0,0,0,0,0,0,0,0,0,0,0.000144901,0,0,0,3.95E-05,0,0,0,0,0,0,0,0,0,0,0,7.90E-05,0,0,0,0,0,0,0,0,0,0,0,0,0,0,0,0,0,0,0,0,0,0,0,0,0,0,0,0,0,0,0,0,0,0,0,0,0,0,0,0,0,0,0,0,0,0,0,0,0,0,0,0,0,0,0,0,0,0,0,0,0,0,0,0,0,0,0,0,0,0,0,0,0,0,0,0
K160V4D4.04,0,0,0,0,0,0,0,0,0,0,0,0,0,0,0,0,0,0,0,0,0,0,0,0,0,0,0.936364191,0,0,0,0,0,0,0,0,0,0,0,0,0,0,0,0,0,0,0,0.000990975,0,0,0,0,0,0,0,0,0,0,0,0,0,0,0,0,0,0,0,0,0,0,0,0,0,0,0,0,0,0,0,0,0,0,7.62E-05,0,0,0,0,0,0,0,0,0,0,0,0,0,0,0,0,0,0,0,0,0,0,0,0,0,0,0,0,0,0,0,0,0,0,0,0,0,0,0,0,0,0,0,0,0,0,0,6.10E-05,0,0,0,0,0,0,0.000518356,0,0,0,0,0.000381144,0,0,0.003232101,0.000929991,0,0,0,0.025414685,0,0,0,0,0,0,0,0,0,0,0,0.001051958,0,0,0,0,0.000228686,0,0,0,0,0,0,0,0,0,0,0,0,0,0,0,0,0,0,0,0,0,0,0,0,0,0.000182949,0,0,0.000228686,0,0,0,0,0,0,0,0,0,0,0,0,0,0,0,0,0,0,0,0,0,0,0,0,0,0,0,0,0.000350653,0,0,0,0,0,0,0,0,0,0,0,0,0,0,0,0,0,0,0,0,0,0,0,0,0,0,0.029759727,0,0,0,3.05E-05,0,0,0,0,0,0,0,0,0,0.000198195,0,0,0,0,0,0,0,0,0,0,0,0
K160TCGB.04,0,0,0,0,0,0,0,0,0,0,0,0,0,0,0,0,0,0,0,2.15E-05,0,0,0,0,0,0,0.755018523,0,0,0,0,0,0,0,0,0,0,0,0,0,0.061299216,0,0,0,0,0,0,0,0,0,0,0,0,0,0,0,0,0,0,0,0,0,0,0,0,0,0,0,0,0,0,0,0,0,2.15E-05,0,2.15E-05,0,0,0,0,0.000107694,0,0,0,0,0,0,0,0,0,0,0,0,0,0,0,0,0,0,0,0,0,0,0,0,0,0,0,0,0,0,0,0,0,0,0,0,0,0,0,0,0,0,0,0,0,0,0,0.000603084,0,0,0,0,0,0,0.000452313,0,0,0,0,0.000430775,0,0,0.053631429,0,0,0,0,0.003360041,0,0,0,0,0,0,0,0,0,0,0,0.000430775,0,0,0,0,0,0,0,0,0,0,0,0,0,0,0,0,0,0,0,0,0,0,0,2.15E-05,0,0,0,0,0,0,0,0,0,0,0,0,0,0,0,0,0,0,0,0,0,0,0,0,0,0,0,0,0,0,0,0.000107694,0,0,0,0,0,0,0.124386146,0,0,0,0,0,0,0,0,0,0,0,0,0,0,0,0,0,0,0,0,0,0,0,0,0,0,8.62E-05,0,0,0,0,0,0,0,0,0,0,0,0,0,0,0,0,0,0,0,0,0,0,0,0,0,0
E160T172.04,0,0,0,0,0,0,0,0,0,0,0,0,0,0,0.000391215,0,0,0,0,0,0,0,0,0,0,0,0.687970125,0.000657953,0,0,0,0,0,0,0,0,0,0,1.78E-05,0,0,0,0,0,0,0,0.001262559,0,0,0,0,0,0,0,0,0,0,0,0,0,0,0,0,0,0,0,0,0,0,0,0,0,3.56E-05,0,0,0.000160043,0.000160043,0,0,0,0,0,0,0,0,0,0,0,0.000693518,0,0,0,0,0,0,0,0,0,0,0,0,0,0,0,0,0,0,0,0,0,0,0,0,0,0,0,0,0,0,0,0,0,0,0,0,0,0,0,0,0.006472837,0,0,0.000533476,0,0,0,0.012803414,0,0,0,0.00042678,0.004854628,0,0,0.008944607,0.000106695,0,0.000462346,0,0.267306837,0,0,0,0,0.000320085,0,0,0,0,0,0,0.000764648,0,0,0.000106695,0,0,0,8.89E-05,0.000160043,0,0,0,0,0,0,0,0,0,0,0,0,0,0,0,0,0,0,0,0,0,0.000177825,7.11E-05,0,0,0,0,0,0,0,0,0,0,0.000177825,0,0,0,0,0,0,0,0,0,0,0,0,0,0,0,0,0,0,0,0,0.004765715,0,0,0,0,0,0,0,0,0,0,0,0,0,0,0,0,0,0,0,0,0,0,0,0,0,0,8.89E-05,0,0,0,0,0,0,0,0,0,1.78E-05,0,0,0,0,0,0,0,0,0,0,0,0,0,0,0,0
C160QZXL.04,0,0,0,0,0,0,0,0,0,0,0,0,0,0,0,0,0,0,0,0,0,0,0,0,0,0,0.851335365,0,0,0,0,0,0,0,0,0,0,0,0.001487722,0,0,0,0,0,0,0,0.003333931,0,0,0,0,0,0,0,0,0,0,0,0,0,0,0,0,0,0,0,0,0,0,0,0,0,0,0,0,0,0.001989604,0,0,0,0,0,0,0,0,0,0,0,0,0,0,0,0,0,0,0,0,0,0,0,0,0,0,0,0,0,0,0,0,0,0,0,0,0,0,0,0,0,0,0,0,0,0,0,0,0,0,0,0,0.043860907,0,0,0,0,0,0,0.028463882,0,0,0,0.003387704,0.010826313,0,0,0,0,0,0,0,0.038555297,0,0,0,0,0,0,0,0,0,0,0,0,0,0,0.011364044,0,0,0,0,0,0,0,0,0,0,0,0,0,0,0,0,0,0,0,0,0,0,0,0,0,0,0,0,0,0,0,0,0,0.00320846,0,0,0.002043377,0,0,0,0,0,0,0,0,0,0,0,0,0,0,0,0,0,0,0,0,0,0,0,0,0,0,0,0,0,0,0,0,0,0,0,0,0,0,0,0,0,0,0,0,0,0,0,0,0,1.79E-05,0,0,0,0.000125471,0,0,0,0,0,0,0,0,0,0,0,0,0,0,0,0,0,0,0,0,0,0
K160TD1B.04,0,0,0,0,0,0,0,0,0,0,0,0,0,0,0,0,0,0,0,2.80E-05,0,0,0.000237842,0,0,0,0.599529912,0.000167889,0,0,0,0,0,0,0.000181879,0,0,0,0.08590296,0,0,0,0,0,0,0,0.000811461,0,0,0,0,0.004952711,0,0,0,0,0,0,0,0,0,0,0,0,0,0,0,0,0,0,0,0,0,0,0,0,0.000251833,0,0,0,0,0,0,0,7.00E-05,0,0,0,0,0,0,1.40E-05,0,0,0,0,0,0,0,0,0,0,0,0,0,0,0,0,0,0,0,0,0,0,0,0,0,0,0,0,0,0,0,0,0,0.000139907,0,0,0,0.02995411,0,0,0,0,0,0,0.015641614,0,0,0,0.002462365,5.60E-05,0,0,0.208713414,1.40E-05,0.00039174,0,0,0.030779562,0,0,0,0,0,0,0,0,0,0,0,0.000769489,0,0,0.014438413,0,0,0,0,0,0,0,0,0,0,0,0,0,0,0,0,0,0,0,0,0.002070625,0,0,0,0,0,0,0,0,7.00E-05,0,0,0,0,0,0,0.001203201,0,0,0,0,0,0,0,0,0.000433712,0,0,0,0,0,0,0,0.000265823,0,0,0,0,0,0.000209861,0,0,0,0,0,0,0,0,0,0,0,0,0,8.39E-05,0,0,0,0,0,0,0,0,0,0,0,0,0,0,0,0,0,0,0,0,0,0,0,0,0,0,0,0,0,0,0,0,0,0,0,0,0,0.000153898,0
K160TY4J.04,0,0,0,0,0,0,0,0,0,0,0,0,0,0,0,0,0,0,0,0,0,0,0.001458909,0,0,0,0.266320757,0,0,0,0,0,0,0,0,0,0,0,0,0,0.000811915,0,0,0.000253723,0,0,0.001395479,0,0,0,0,0,0,0,0,0,0,0,0,0,0,0,0,0,0,0,0,0,0,0,0,0,0,0,0,0.000279096,0.002803643,0,0,0,0,0.003222287,0,0,0,0,0,0,0,0,0,0,0,0,0,0,0,0,0,0,0,0,0,0,0,0,0,0,0,0,0,0,0,0,0,0,0,0,0,0,0,0,0,0,0,0,0,0,0,0.001649202,0,0,0.00043133,0,0,0,0.001763378,0,0,0,0.000177606,0.012838404,0,0,0.107705579,0.002892447,0,0,0,0.585060767,0,0,0,0,0,0,0,0,0,0,0,0.005074468,0,0,0,0,0,0,0,0.00026641,0,0,0,0,0,0,0,0,0,0,0,0,0,0,0,0.00059625,0,1.27E-05,0,0,0,0,0.00026641,0,0,0,0,0,0,0,0,0.003805851,0,0,0,0,0,0,0,0,0,0,0,0,0,0,0,0,0,0,0,0,0,0,0,0,0,0,0,0,0,0,0,0,0,0,0,0,0,0,0,0,0,0,0,0,0,0,0,0,0.000380585,6.34E-05,0,0,0,0.000291782,0,0,0,0,0,0,0,0,0,0,0,0,0,0,0,0,0,0,0,0,0,0.000177606
B160TMT1.04,0,0,0,0,0,0,0,0,0,0,0,0,0,0,0,0,0,0,0,0,0,0,0.00100653,0,0,0,0.334400083,0,0,0,0,0,0,0,0,0,0,0,0,0,0,0,0,0,0,0,2.58E-05,0,0,0,0,0,0,0,0,0,0,0,0,0,0,0,0,0,0,0,0,0,0,0,0,0,5.16E-05,0,0,0,0,0,0,0,0,0.001264614,0,0,0,0,0,0,0,0,0,0,0,0,0,0,0,0,0,0,0,0,0,0,0,0,0,0,0,0,0,0,0,0,0,0,0,0,0,0,0,0,0,0,0,0,0,0,0,0.000283893,0,0,0.000180659,0,0,0,0.001987251,0,0,0,0,0.00100653,0,0,0.022375926,0.000206468,0,0,0,0.63475882,0,0,0,0,0,0,0,0,0,0,0,0.000748445,0,0,0,0,0,0,0,0,0,0,0,0,0,0,0,0,0,0,0,0,0,0,0,0,0,0,0,0,0,0,0.000412935,0,0,0,0,0,0,0,0,0,0,0,0,0,0,0,0,0,0,0,0,0,0,0,0,0.000387127,0,0,0,0,0,0,0.000464552,0,0,0,0,0,0,0,0,0,0,0,0,0,0,0,0,0,0,0,0,0,0,0,0,0,0,2.58E-05,0,0,0,0,0,0,0,0,0,0,0,0,0,0,0,0,0,0,0,0,0,0,0,0,0,0.000412935
E160VJ0F.04,0,0,0,0,0,0,0,0,0,0,0,0,0,0,0,0,0,0,0,0,0,0,0.000564006,0,0,0,0.534575286,0.000358913,0,0,0,0,0,0,0.00030764,0,0,0.000376004,0,0,0.00046146,0,0,0,0,0,0.011109212,0,0,0,0,0,0,0,0,0,0,0,0,0,0,0,0,0,0,0,0,0,0,0,0,0,0,0,0,0,0,0,0,0,0,5.13E-05,0,0,0,0,0,0,0.006494616,0,0,0,0,0,0,0,0,0,0,0,0,0,0,0,0,0,0,0,0,0,0,0,0,0,0,0,0,5.13E-05,0,0,0,0,0,0,0,0,0,0,0,0.000717826,0,0,0.000615279,0,0,0,0.003640403,0,0,0,5.13E-05,0.009195009,0,0,0.040300803,0.001897112,0,0,0,0.371252777,0,0,0,0,0,0,0,0.000717826,0,0,0,0,0,0,0,0,0,0,0,0,0,0,0,0,0,0,0,0,0,0,0,0,0,0,0,0.000837464,0,0,0,0,0,0,0,0,0.00030764,0,0,0,0,0,0,0,0,0,0,0,0,0,0,0,0,0,0,0,0,0,0.000290549,0.000803281,0.000290549,0,0,0,0,0,0.001333105,0,0,0,0,0,0,0,0,0,0,0,0,0,0,0,0,0,0,0,0,0,0,0,0,0,0,0.013399419,0,0,0,0,0,0,0,0,0,0,0,0,0,0,0,0,0,0,0,0,0,0,0,0,0,0
E160RYH7.04,0,0,0,0,0,0,0,0,0,0,0,0,0,0,0,0,0,0,0,0,0,0,0.00010091,0,0,0,0.000319548,0,0,0,0,0,0.000370003,0,0,0,0,0,0,0,3.36E-05,0,0,0,0,0,0.005247313,0.000185001,0,0,0,0,0,0,0,0,0,0,0,0,0,0,0,0,0,0,0,0,0,0,0,0,0,0,0,0,0,0,0,0,0,0,0,0,0,0,0,0,1.68E-05,0,0,0,0,0,0,0,0,0,0,0,0,0,0,0,0,0,0,0,0,0,0,0,0,0,0,0,0,0,0,0,0,0,0,0,0,0,0,0,0,0.007719605,0,0,0.000218638,0,0,0,0.960275148,0,0,0,6.73E-05,0.000857734,0,0,0,0.000151365,0,0,0,0.023007451,0,0,0,0,0.000639096,0,0,1.68E-05,0,0,0,1.68E-05,0,0,0.000538186,0,0,0,0,0,0,0,0,0,0,0,0,0,0,0,0,0,0,0,0,0,0,0,0,0,0,0,0,0,0,0,0,0,0,0,0,0,0,0,0,0,0,0,0,0,0,0,0,0,0,0,0,0,0,0,0,0,0,0,3.36E-05,0,0,0,0,0,0,0,0,0,0,0,0,0,0,0,0,0,0,6.73E-05,0,0,0,0,0,0,0,0.000117728,0,0,0,0,0,0,0,0,0,0,0,0,0,0,0,0,0,0,0,0,0,0,0,0,0,0
F160T37P.04,0,0,0,0,0,0,0,0,0,0,0,0,0,0,0,0,0,0,0,0,0,0,0,0,0,0,0.372574197,0.000175096,0.000145913,0,0,0,0,0,0,0,0,0,0.000131322,0,0.005763563,0,0,0,0,0,0.000218869,0,0,0,0,0,0,0,0,0,0,0,0,0,0,0,0,0,0,0,0,0,0,0,0,0,0,0,0,0,0,0,0,0,0,2.92E-05,0,0,0,0,0,0,0,0,7.30E-05,0,0,0,0,0,0,0,0,0,0,0,0,0,0,0,0,0,0,0,0,0,0,0,0,0,0,0,0,0,0,0,0,0,0,0,0,0,0,0.04924563,0,0,7.30E-05,0,0,0,0.556906061,0,0,0,0.005748971,0,0,0,0,0,0,0,0,0.00124026,0,0,0,0,0,0,0,0,0,1.46E-05,0,2.92E-05,0,0,0.00731024,0,0,0,0,0,0,0,0,0,0,0,0,0,0,0,0,0,0,0,0,0,0,0,0,0,0,0,4.38E-05,0,0,0,0,0,0,0,0,0,0,0.000277235,0,0,0,0,0,0,0,0,0,0,0,0,0,0,0,0,0,0,0,0,0,0,0,0,0,0,0,0,0,0,0,0,0,0,0,0,0,0,0,0,0,0,0,0,0,0,0,0,0,0,0,0,0,0,0,0,0,0,0,0,0,0,0,0,0,0,0,0,0,0,0,0,0,0
H160RXJ3.04,0,0,0,0,0,0,0,0,0,0,0,0,0,0,0,0,0,0,0,0,0,0,0,0,0,0,0.586722578,0,0,0,0,0,0,0,0,0,0,0,0,0,0.129268752,0,0,0,0,0,0.000942329,0,0,0,0,0,0,0,0,0,0,0,0,0,0,0,0,0,0,0,0,0,0,0,0,0,0,0,0,0,0.000216736,0,0,0,0,1.88E-05,0,0,0,0,0,0,0.000188466,0,0,0,0,0,0,0,0,0,0,0,0,0,0,0,0,0,0,0,0,0,0,0,0,0,0,0,0,0,0,0,0,0,0,0,0,0,0,0,0,0.00168677,0,0,0,0,0,0,0.004900113,0,0,0,0.000179043,0,0,0,9.42E-06,0,0,0,0,0.275612514,0,0,0,0,0,0,0,0,0,0,0,0,0,0,0,0,0,0,0,0,0,0,0,0,0,0,0,0,0,0,0,0,0,0,0,0,0,0,0,0,0,0,0,0,0,0,0,0,0,0,0,0,0,0,0,0,0,0,0,0,0,0,0,0,0,0,0,0.00011308,0,0,0,0,0,0,0.00011308,0,0,0,0,0,0,0,0,0,0,0,0,0,0,0,0,0,0,0,0,0,0,0,0,0,0,0,0,0,0,2.83E-05,0,0,0,0,0,0,0,0,0,0,0,0,0,0,0,0,0,0,0,0,0,0
G160SZN6.04,0,0,0,0,0,0,0,0,0,0,0,0,0,0,0,0,0,0,0,0,0,0,0.001397756,0,0,0,0.031078035,0,0,0,0,0,0,0,0,0,0,0,0.000239256,0,0.000163701,0,0,0,0,0,0.000642212,0,0,0,0,0,0,0,0,0,0,0,0,0,0,0,0,0,0.000503696,0,0,0,0,0,0,0,0,0,0,0.001800713,0,0,0,0,0,0.000239256,0,0,0,0,0,0,0,0,0,0,0,0,0,0,0,0,0,0,0,0,0,0,0,0,0,0,0,0,0,0,0,0,0,0,0,0,0,0,0,0,0,0,0,0.000302218,0,0,0,0.000428141,0,0,0,0,0,0,0.002266631,0,0,0,1.26E-05,0.006107312,0,0,0,0.004419931,0,0.000654805,0,0.922330097,0,0,0,0,0,0,0,0.000239256,0,0,0,0.006762117,0,0,0,0,0,0,0,0,0,0,0,0,0,0,0,0,0,0,0,0,0,0,0,0.00031481,0,0,0,0,0,0,8.81E-05,0,8.81E-05,6.30E-05,0,0,0,0,0,0.000818506,0,0,0,0,0,0,0,0,0.000151109,0,0,0,0.000113332,0,0,0,0.000251848,0,0,0,0,0,0.017856019,0,0,0,0,0,0,0,0,0,0,0,0,0,0,0,0,0,0.000377772,0,0,0,0,0,0,0,0,6.30E-05,0,0,0,0,0,0,0,0,0,0.000226663,0,0,0,0,0,0,0,0,0,0,0,0,0,0,0,0
J160RTZZ.04,0,0,0,0,0,0,0,0,0,0,0,0,0,0,0,0,0,0,0,0,0,0,0,0,0,0,0.144524607,0,0,0,0,0,0,0,0,0,0,0,0,0,0.008532818,0,0,0,0,0,0.00013081,0,0,0,3.02E-05,0,0,0,0,0,0,0,0,0,0,0,0,0,0,0,0,0,0,0,0,0,0,0,0,0,0,0,0,0,0,0,0,0,0,0,0,0,1.01E-05,0,0,0,0,0,0,0,0,0,0,0,0,0,0,0,0,0,0,0,0,0,0,0,0,0,0,0,0,0,0,0,0,0,0,0,0,0,0,0,0,9.06E-05,0,0,0,0,0,0,0.000493052,0,0,0,1.01E-05,0.000120747,0,0,0.000291806,4.02E-05,0,0,0,0.837172095,0,0,0,0,1.01E-05,0,0,0,0,1.01E-05,0,0.000100623,0,0,1.01E-05,0,0,0,2.01E-05,0,0,0,0,0,0,0,0,0,0,0,0,0,0,0,0,0,0,0,0,0,0,0,0,0,0,0,0,0,0,0,0,0,0,0,0,0,0,0,0,0,0,0,0,0,0,0,0,0,0,0,0,0,0,0,0.000171059,0,0,0,0,0,0,0,0,0,0,0,0,0,0,0,0,0,0,0,0,0,0,0,0,0,0,0.0081907,0,0,0,0,0,0,0,0,0,0,0,0,0,0,0,0,0,0,0,0,0,0,0,0,0,4.02E-05
K160S0RP.04,0,0,0,0,0,0,0,0,0,0,0,0,0,0,0,0,0,0,0,0,0,0,0,0,0,0,0.00037063,0,0,0,0,0,0,0,0,0,0,0,0,0,4.12E-05,0,0,0,0,0,0.010830622,0,0,0,0,0,0,0,0,0,0,0,0,0,0,0,0,0,0,0,0,0,0,0,0,0,0,0,0,0,0,0,0,0,0,0,0,0,0,0,0,0,0,0,0,0,0,0,0,0,0,0,0,0,0,0,0,0,0,0,0,0,0,0,0,0,0,0,0,0,0,0,0,0,0,0,0,0,0,0,0,0,0,0,0,0,0.018984475,0,0,0,0.004159288,0,0,0,4.12E-05,4.12E-05,0,0,0,4.12E-05,0,0.601037763,0,0.364246592,0,0,0,0,0,0,0,0,0,0,0,0,0,0,0,0,0,0,0,0,0,0,0,0,0,0,0,0,0,0,0,0,0,0,0,0,0,0,0,0,0,0,0,0,0,0,0,0,0,0,0,0,0,0,0,0,0,0,0,0,0,0,0,0,0,0,0,0,0,0,0,0,0,0,4.12E-05,0,0,0,0,0,0,0,0,0,0,0,0,0,0,0,0,0,0,0,0,0,0,0,0,0,0,0.000164724,0,0,0,0,0,0,0,0,0,0,0,0,0,0,0,0,0,0,0,0,0,0,0,0,0,0
G160TPXS.04,0,0,0,0,0,0,0,0,0,0,0,0,0,0,0,0,0,0,0,0,0,0,0.002511849,0,0,0,0.003947191,0,0,0,0,0,0,0,0,0,0,0,0.007191663,0,0,0,0,0,0,0,0.006907585,0,0,0,0,0,0,0,0,0,0,0,0.005561951,0,0,0,0,0,0,0,0,0,0,0,0,0,0,0,0,0.000777477,0.005726418,0,0,0,0,0.006713216,0,0,0,0,0,0,0.017493234,0,0,0,0,0,0,0,0,0,0,0,0,0,0,0,0,0,0,0,0,0,0,0,0,0,0,0,0,0.000717671,0,0,0,0,0,0,0,0,0,0,0,0.091637636,0,0,0,0,0,0,0.16963952,0,0,0,0.008342927,0.011527593,0,0,0.004754571,0.022875768,0,0,0,0.19596908,0,0,0,0,0,0,0,0,0,0,0,0.004365833,0,0,0.00907555,0,0,0,0,0.011542544,0,0,0,0,0,0,0,0,0,0,0,0,0,0,0,0,0,0,0,0,0,0,0,0,0,0,0,0,0,0,0,0.004066803,0,0,0,0,0,0,0,0,0,0,0,0,0,0,0,0,0,0,0,0,0,0,0.12889673,0,0,0,0,0,0,0,0,0,0,0,0,0,0,0,0,0,0,0,0,0,0,0,0,0,0,0.279757188,0,0,0,0,0,0,0,0,0,0,0,0,0,0,0,0,0,0,0,0,0,0,0,0,0,0
J160V5NQ.04,0,0,0,0,0,0,0,0,0,0,0,0,0,0,0,0,0,0,0,0,0,0,0.008076305,0,0,0,3.65E-05,0,0,0,0,0,0,0,0,0,0,0.000657799,0.004293963,0,0,0,0,0,0,0,0.006102909,0,0,0,0,0,0,0,0,0,0,0,0,0,0,0,0,0,0,0,0,0,0,0,0,0,0,0,0,0.01465429,0.021798714,0,0,0,0,0,0,0,0,0,0,0,0.00116942,0,0,0,0,0,0,0,0,0,0,0,0,0,0,0,0,0,0,0,0,0,0,0,0,0,0,0,0,0,0,0,0,0,0,0,0,0,0,0,0,0.000383716,0,0,0,0,0,0,0.015330361,0,0,0,0,0.028120889,0,0,0,0.035594211,0,0,0.002576378,0.762096185,0,0,0,0,0,0,0,0.000365444,0,0,1.83E-05,0.068831311,0,0,0,0,0,0,0,0,0,0,0,0,0,0,0,0,0,0,0,0,0,0,0,0,0,0,0,0,0,0,0.002521561,0,0,0,0,0,0,0,0,0,0,0,0,0,0,0,0,0,0,0,0,0,0,0,0,0,0,0,0,0,0,0,0.024502997,0,0,0,0,0,0,0,0,0,0,0,0,0,0,0,0,0,0,0,0,0,0,0,0,0,0,0.000146177,0,0,0,0,0,0,0,0,0,0,0,0,0,0.002722555,0,0,0,0,0,0,0,0,0,0,0,0
D160TMTY.04,0,0,0,0,0,0,0,0,0,0,0,0,0,0,0,0,0,0,0,0,0,0,0.000585912,0,0,0,0.004233684,0,0,0,0,0,0,0,0,0,0,0,0.012719953,0,0.198094842,0,0,0,0,0,0.004592791,0,0,0,0,0,0,0,0,0,0,0,0,0,0,0,0,0,0,0,0,0,0,0,0,0,0,0,0,0.015384906,1.89E-05,0,0,0,0,5.67E-05,0,0,0,0,0,0.000963919,0.00202234,0,0,0,0,0,0,0,0,0,0,0,0,0,0,0,0,0,0,0,0,0,0,0,0,0,0,0,0,0,0,0,0,0,0,0,0,0,0,0,0,0,0,0,0,0,0,0,1.89E-05,0,0,0,0,0.016934737,0,0,0.01056531,0.020317904,0,0,0,0.680545843,0,0,0,0,0,0,0,0.002268045,0,0,0,0.012171842,0,0,0,0,0,0,0,0.001152923,0,0,0,0,0,0,0,0,0,0,0,0,0,0,0,0,0,0,0,0,0,0,3.78E-05,0,0,0,0,0,0,0,0,0,0,0,0.005707914,0,0,0,0,0,0,0,0,0,0,0,0,0,0,0,0,0,0,0,0.006747434,0,0,0,0,0,0,0,0,0,0,0,0,0,0,0,0,0,0,0,0,0,0,0,0,0,0.001946739,0.002627152,0,0,0,0,0,0,0,0,0,0,0,0,0,0.000189004,9.45E-05,0,0,0,0,0,0,0,0,0,0,0
H160RWC7.04,0,0,0,0,0,0,0,0,0,0,0,0,0,0,0,0,0,0,0,0,0,0,0,0,0,0,0.007057664,0,0,0,0,0,0,0,0,0,0,0,0,0,0.908772082,0,0,0,0,0,0.004420098,0,0,0,0,0,0,0,0,0,0,0,0,0,0,0,0,0,0,0,0,0,0,0,0,0,0,0,0,0,0,0,0,0,0,0,0,0,0,0,0,0,0,0,0,0,0,0,0.004956306,0,0,0,0,0,0,0,0,0,0,0,0,0,0,0,0,0,0,0,0,0,0,0,0,0,0,0,0,0,0,0,0,0,0,5.80E-05,0,0,0,0,0,0,0.007564888,0,0,0,0,0.003014362,0,0,1.45E-05,0,0,0,0,0.043621292,0,0,0,0,0,0,0,0,0,0,0,2.90E-05,0,0,0.002652059,0,0,0,0,0,0,0,0,0,0,0,0,0,0,0,0,0,0,0,0,1.45E-05,0,0,0,0,0,0,0,0,0,0,0,0,0,0,0,0,0,0,0,0,0,0,0,0,0,0,0,0,0,0,0,0,0,0,0,0,0,0,0.016042781,0,0.001449212,0,0,0,0,0,0,0,0,0,0,0,0,0,0,0,0,1.45E-05,0,0,0,0,0,0,0,0.000318827,0,0,0,0,0,0,0,0,0,0,0,0,0,0,0,0,0,0,0,0,0,0,0,0,0,0
E160RL7N.04,0,0,0,0,0,0,0,0,0,0,0,0,0,0,0,0,0,0,0,0,0,0,0,0,0,0,0.001521111,0,0,0,0,0,0.002827116,0,0,0,0,0,0,0,0.971529101,0,0,0,0,0,0,0,0,0,0,0,0,0,0,0,0,0,0,0,0,0,0,0,0,0,0,0,0,0,0,0,0,0,0,1.54E-05,0,0,0,0,0,0,0,0,0,0,0,0,0,0,0,0,0,0,0,0,0,0,0,0,0,0,0,0,0,0,0,0,0,0,0,0,0,0,0,0,0,0,0,0,0,0,0,0,0,0,0,0,0,0,0,0,0,0,0,0,0.001966689,0,0,0,0,0.002827116,0,0,3.07E-05,0.00255055,0,1.54E-05,1.54E-05,0.010432672,0,0,0,0,0,0,0,0,0,0,0,1.54E-05,0,0,0,0,0,0,0,0,0,0,0,0,0,0,0,0,0,0,0,0,0,0,0,0,0,0,0,0,0,0,0,0,0,0,0,0,0,0,0,0,0,0,0,0,0,0,0,0,0,0,0,0,0,0,0,0,0,0,0,0,0,0,0.006253457,0,0,0,0,0,0,0,0,0,0,0,0,0,0,0,0,0,0,0,0,0,0,0,0,0,0,0,0,0,0,0,0,0,0,0,0,0,0,0,0,0,0,0,0,0,0,0,0,0,0,0,0,0
E160TC8Z.04,0,0,0,0,0,0,0,0,0,0,0,0,0,0,0,0,0,0,0,0,0,0,5.07E-05,0,0,0,0.177808898,0,0,0,0,0,0,0,0,0,0,0,0,0,1.01E-05,0,0,0,0,0,4.06E-05,0,0,0,0,0,0,0,0,0,0,0,0,0,0,0,0,0,0,0,0,0,0,0,0,0,0,0,1.01E-05,6.09E-05,2.03E-05,0,0,0,0,8.12E-05,0,0,0,0,0,0,0,0,0,0,0,0,0,0,0,0,0,0,0,0,0,0,0,0,0,0,0,0,0,0,0,0,0,0,0,0,0,0,0,0,0,0,0,0,0,0,0,1.01E-05,0,0,0,0,0,0,0.000111625,0,0,0,0,0.000263842,0,0,0.00031458,0.000466797,0,2.03E-05,0,0.818740867,0,0,0,0,0,0,0,0,0,0,0,0.000213103,0,0,0,0,0,0,1.01E-05,7.10E-05,0,0,0,0,0,0,0,0,0,0,0,0,0,0,0,0,0,0,0,0,0,0,0,0,0,0,0,0,0,0,0,0,0,0,0,0,0,0,0,0,0,0,0,0,0,0,0,0,0,0,0,0,0,0,0.001684527,0,0,0,0,0,0,0,0,0,0,0,0,0,0,0,0,0,0,0,0,0,0,0,0,0,0,1.01E-05,0,0,0,0,0,0,0,0,0,0,0,0,0,0,0,0,0,0,0,0,0,0,0,0,0,0
K160T23W.04,0,0,0,0,0,0,0,0,0,0,0,0,0,0,0,0,0,0,0,0,0,0,1.82E-05,0,0,0,0.000272754,0,0,0,0,0,0,0,0,0,0,0,6.06E-06,0,3.64E-05,0,0,0,0,0,4.85E-05,0,0,0,0,0,0,0,0,0,0,0,6.06E-06,0,0,0,0,0,0,0,0,0,0,0,0,0,0,0,0,0.000163652,6.06E-05,0,0,0,0,7.88E-05,0,0,0,0,0,0,3.03E-05,0,0,0,0,0,0,0,0,0,0,0,0,0,0,0,0,0,0,0,0,0,0,0,0,0,0,0,0,0,0,0,0,0,0,0,0,0,0,0,0,0.000115163,0,0,0,0,0,0,0.000109101,0,0,0,1.82E-05,0.00015153,0,0,6.67E-05,0.00010304,3.64E-05,0,0,0.997908888,0,0,0,0,0,0,0,0,0,6.06E-06,0,0.000193958,0,0,2.42E-05,0,0,0,6.06E-06,3.03E-05,0,0,0,0,0,0,0,0,0,0,0,0,0,0,0,0,0,0,0,0,0,0,0,0,0,0,0,0,0,0,0,6.06E-06,0,0,0,0,0,0,0,0,0,0,0,0,0,0,0,6.06E-06,0,0,0,0,0,0,1.21E-05,0,0,0,0,0,0,0,0,0,0,0,0,0,0,0,0,0,0,0,0,0,0,0,0,0,0,0.000472773,0,0,0,0,0,0,0,0,0,0,0,0,0,0,0,0,0,0,0,0,0,0,0,0,0,1.21E-05
K160RKN5.04,0,0,0,0,0,0,0,0,0,0,0,0,0,0,0,0,0,0,0,0,0,0,0,0,1.20E-05,0,0.042876835,0,0,0,0,0,0,0,0,0,0,0,9.59E-05,0,5.99E-05,0,0,0,0,0,0.000107881,0,0,0,0,0,0,0,0,0,0,0,0,0,0,0,0,0,0,0,0,0,0,0,0,0,0,0,0,2.40E-05,2.40E-05,0,0,0,0,2.40E-05,0,0,0,0,0,0,0,0,0,0,0,0,0,0,0,0,0,0,0,0,0,0,0,0,0,0,0,0,0,0,0,0,0,0,0,0,0,0,0,0,0,0,0,0,0,0,0,0.00029967,0,0,0,0,0,0,0.000515433,0,0,0,3.60E-05,0.000611328,0,0,0.001210668,1.20E-05,0,0,0,0.881558286,0,0,0,0,0,0,0,0,0,0,3.60E-05,4.79E-05,0,0,0,0,0,0,0,0,0,0,0,0,0,0,0,0,0,0,0,0,0,0,0,0,0,0,0,0,0,0,0,0,0,0,0,0,0,0,0,7.19E-05,0,0,0,0,0,0,0,0,0,0,0,0,0,0,0,0,1.20E-05,0,0,0,0,0,0.060713215,0,0,0,0,0,0,0,0,0,0,0,0,0,0,0,0,0,0,0,0,0,0,0,0,0,0.003140545,0.008498651,0,0,0,0,0,0,0,0,0,0,0,0,0,0,0,0,0,0,0,0,0,0,0,0,0,1.20E-05
B160WJ6V.04,0,0,0,0,0,0,0,0,0,0,0,0,0,0,0,0,0,0,0,0,0,0,0.004372275,0,0.000767935,0,0.010367122,0,0,0,0,0,0,0,0,0,0,0.000396354,0.000805093,0,0,0,0,8.67E-05,0,0,0.003096512,0,0,0,0,0,0,0,0,0,0.000619302,0,0.007233452,0,0,0,0,0,0,0,0,0,0,0,0,0,0,0,0.011580955,0,0.020833333,0,0,0,0,0,0,0,0,0,0,0,0.025787753,0,0.001189061,0,0,0,0,0,0,0,0,0,0,0,0,0,0,0,0,0,0,0,0,0,0,0,0,0,0,0,0,0,0,0,0,0,0,0,0,0,0,0.001870293,0,0,0,0,0,0,0.015532105,0,0,0,0.000421126,0.002638228,0,0,0.002316191,0.005660424,0,0.000755549,0.062462842,0.473283294,0,0,0.003096512,0,0.001077586,0,0,0.005437475,0,0.001312921,0,0.032674396,0,0,0.094740884,0,0.003369005,0,0,0,0,0,0,0,0,0,0,0,0,0,0,0,0,0,0,0.000507828,0,0,0,0,0,0,0,0.000322037,0,0,0,0,0.001238605,0,0,2.48E-05,0,0,0,0,0,0,0,0,0.000606916,0,0,0,0,0.000792707,0,0.023892687,0.001647344,0,0,0,0,0,0.153042013,0,0,0,0,0,0,0,0,0,0,0,0,0,0,0,0,0,0,0,0,0,0,0,0,0,0,0.012039239,0,0,0.001672117,0.010429053,0,0,0,0,0,0,0,0,0,0,0,0,0,0,0,0,0,0,0,0,0,0
B160WCHZ.04,0,0,0,0,0,0,0,0,0,0,0,0,0,0,0,0,0,0,0,0,0,0,0,0,0,0,0.559449359,0,0,0,0,0,0,0,0,0,0,0.013079622,0,0,0,0,0,0.007054606,0,0,0.043128432,0,0,0,0,0,0,0,0,0,0,0,0,0,0,0,0,0,0,0,0,0,0,0,0,0,0,0,0,0.00583435,0.001029591,0,0,0,0,0.005948749,0,0,0.002898109,0,0,0,0,0,0,0,0,0,0,0,0,0,0,0,0,0,0,0,0,0,0,0,0,0,0,0,0,0,0,0,0,0,0,0,0,0,0,0,0,0,0,0,0,0.010791641,0,0,0.0116687,0,0,0,0.003660769,0,0,0,0,0.010257779,0,0,0,0.029591214,0,0,0.012431361,0.184487492,0,0,0,0,0.006520744,0,0,0.006711409,0,0,0,0.013422819,0,0,0.025701647,0,0,0,0,0,0,0,0,0,0,0,0,0,0,0,0,0,0,0,0,0,0,0,0,0,0,0,0.013651617,0,0,0,0,0,0,0,0,0,0,0,0,0,0,0,0,0,0.00430903,0,0,0,0,0,0,0.005109823,0,0,0,0,0,0,0,0,0,0,0,0,0,0,0,0,0,0,0,0,0,0,0,0,0,0,0,0,0,0,0,0,0,0.023261135,0,0,0,0,0,0,0,0,0,0,0,0,0,0,0,0,0,0,0,0,0,0,0,0,0,0
J160TYYM.04,0,0,0,0,0,0,0,0,0,0,0,0,0,0,0,0,0,0,0,0,0,0,0.004935136,0,0,0,0.432430482,0,0,0,0,0,0,0,0,0,0,0,0,0,0,0,0,0,0,0,0.000923534,0,0,0,0,0,0,0,0,0,0,0,0,0,0,0,0,0,0,0,0,0,0,0,0,0,0,0,0,0.005873101,0.002539719,0,0,0,0,0.004487799,0,0,0,0,0,0.000274174,0.000779232,0,0,0,0,0,0,0,0,0,0,0,0,0,0,0,0,0,0,0,0,0,0,0,0,0,0,0,0,0,0,0,0,0,0,0,0,0,0,0,0,0,0,0,0,0,0,0,0.000216453,0,0,0,0,0.007359414,0,0,0.005930822,0.012121387,0,0,1.44E-05,0.259282241,0,0,0,0,0,0,0,0.000173163,0,0,0.000288604,0.022366845,0,0,0,0,0.00063493,0,0,0.001154418,0,0,0,0,0,0,0,0,0,0,0,0,0,0,0,0,0,0,0,0,0,0,0,0,0,0,0,0,0,0,0,0,0,0,0,0,0,0,0,0,0,0,0,0,0,0,0,0.000187593,0,0,0,0,0,0,0.012482143,0,0.000187593,0,0,0,0,0,0,0,0,0,0,0,0.000288604,0,0,0,0,0,0,0,0,0,0,0,0,0.224967171,0,0,0,0,0,0,0,0,0,0,0,0,0,0.000101012,0,0,0,0,0,0,0,0,0,0,0,0
D160V9NW.04,0,0,0,0,0,0,0,0,0,0,0,0,0,0,0,0,0,0,0,0,0,0,0,0,0,0,0.344597683,0,0,0,0,0,0,0.000590905,0.002385916,0,0,0,0,0,0.000301027,0,0,0.000234132,0,0,0.000813887,0,0,0,0,0,0,0,0,0,0,0,0,0,0,0,0,0,0,0,0,0,0,0,0,0,0,0,1.11E-05,0.000234132,0.000958826,0,0,0,0,0.000590905,0,0,0,0,0,0,0.000680098,0,0,0,0,0,0,0,0,0,0,0,0,0,0,0,0,0,0,0,0,0,0,0,0,0.002564303,0,0,0,0.004180928,0,0,0,0,0,0,0,0,0,0,0,0,0,0,0,0,0,0,0,0,0,0,0,0.00168352,0,0,0.027058968,0,0,0,0,0.273599946,0,0,0,0,0,0,0,0,0,0,0,0.000769291,0,0,0,0,0,0,0,0,0,0,0,0,0,0,0,0,0,0,0,0,0,0,0,0,0,0,0,0,0,0,0,0,5.57E-05,0,0,0,0,0,0,0,0,0,0,0,0,0,0,0,0.000211834,0,0,0,0,0,0,0,0,0,0,0,0,0,0.015497307,0,0,0,0,0,0,0,0,0,0,0,0,0,0,0,0,0,0,0,0,0,0,0,0,0,0,0.322979497,0,0,0,0,0,0,0,0,0,0,0,0,0,0,0,0,0,0,0,0,0,0,0,0,0,0
F160TG7J.04,0,0,0,0,0,0,0,0,0,0,0,0,0,0,0,0,0,0,0,0,0,0,0.000956107,0,0,0,0.17249647,0,0,0,0,0,0,0,0,0,0,0,0,0,0,0,0,0,0,0,0,0,0,0,0,0,0,0,0,0,0,0,0,0,0,0,0,0,0,0,0,0,0,0,0,0,0,0,0,0.000264768,0.000235349,0,0,0,0,0,0,0,0,0,0,0,0,0,0,0,0,0,0,0,0,0,0,0,0,0,0,0,0,0,0,0,0,0,0,0,0,0,0,0,0,0,0,0,0,0,0,0,0,0,0,0,0,0.000558955,0,0,0.000117675,0,0,0,0.136223229,0,0,0,0,0.000573664,0,0,0.006060249,0,0,0,0.000338315,0.019592845,0,0,0,0,0,0,0,0.000882561,0,0,0,0.001691574,0,0.000485408,0,0,0,0,0,0,0,0,0,0,0,0,0,0,0,0,0,0,0,0,0,0,0,0,0,0,0,0,0,0,0,0,0,0,0,0,0,0,0,0,0,0,0,0,0,0,0,0,0,0,0,0,0,0,0,0,0,0,0,0,0.001029654,0,0,0,0,0,0,0,0,0,0,0,0,0,0,0,0,0,0,0,0,0,0,0,0,0,0,0.658493175,0,0,0,0,0,0,0,0,0,0,0,0,0,0,0,0,0,0,0,0,0,0,0,0,0,0
C160W4CX.04,0,0,0,0,0,0,0,0,0,0,0,0,0,0,0,0.00047459,0,0,0,0,0,0,0.001252919,0,0,0,0.188526302,0,0,0,0,0,0.000702394,0,0,0,0,0,0.000151869,0,0,0,0,0.000987148,0,0,0.005714069,0,0,0,0,0,0,0,0,0,0,0,0,0,0,0,0,0,0.000740361,0,0,0,0,0,0,0,0,0,0,0.000968164,0.000645443,0,0,0,0,0.003872658,0,0,0,0,0,0,0.000360689,0,0,0,0,0,0,0,0,0,0,0,0,0,0,0,0,0,0,0,0,0,0,0,0,0,0,0,0,0.005960856,0,0,0,0,0,0,0,0,0,0,0,0.000854263,0,0.000436623,0,0,0,0,0.000132885,0,0,0,0.000189836,0.004688953,0,0,0.024906506,0.008276857,0,0,0,0.087590409,0,0,0,0,0,0,0,0,0,0,0,0.002334985,0,0,0.000341705,0,0,0,0,0.001385804,0,0,0,0,0,0,0,0,0,0,0,0,0,0,0,0,0,0,0,0,0,0,0,0,0,0.000113902,0,0,0,0,0,0,0,0,0,0,0,0,0,0,0.000835279,0,0,0,0,0,0,0,0.000436623,0,0,0,0,0,0.329081003,0,0,0,0,0,0,0,0,0,0,0,0,0,0,0,0,0,0,0,0,0,0,0,0,0,0.000303738,0.327714183,0,0,0,1.90E-05,0,0,0,0,0,0,0,0,0,0,0,0,0,0,0,0,0,0,0,0,0,0
K160W0T4.04,0,0,0,0,0,0,0,0,0,0,0,0,0,0,0,0,0,0,0,0,0,0,0.000456363,0,0,0,0.444880524,0,0.000109527,0,0,0.000821453,0.000219054,0.000292072,0,0,0.000255563,0,0.000821453,0,0,0,0,0.000182545,0,0,0.009017725,0,0,0,0,0,0,0,0,0,0,0,0,0,0,0,0,0,0,0,0,0,0,0,0,0,0,0,0,0.007648637,0.000492872,0,0,0,0,0.006352567,0,0,0,0,0,0.000346836,0.000620653,0,0,0,0,0,0,0,0,0,0,0,0,0,0,0,0,0,0,0,0,0,0,0,0,0,0,0,0,0,0,0,0,0,0,0,0,0,0,0,0,0.000310327,0,0,0,0,0,0,0.001314324,0,0,0,0,0.022580822,0,0,0.0401234,0.00940107,0,0,0,0.252350267,0,0,0,0.000967489,0,0,0,0,0,0,0,0.012212263,0,0,0.001624651,0,0,0,1.83E-05,0.000675417,0,0,0,0,0,0,0,0,0,0,0,0,0,0,0,0.000748435,0,0,0,0,0,0,0,0,0,3.65E-05,0,0,0.001168288,0,0,0.020846644,0,0.00166116,0,0,0.00056589,0,0,0,0.000219054,0,0,0,0,0,0.000711926,0.002081013,0,0,0,0,0,0,0.011828919,0,0,0,0,0,0,0,0,0,0,0,0,0,0,0,0,0,0,0.000638908,0,0,0,0,0,0,0.000456363,0.134298388,0,0,0,0.010405067,0,0,0,0,0,0,0,0,0,0.000237309,0,0,0,0,0,0,0,0,0,0,0,0
J160TY25.04,0,0,0,0,0,0,0,0,0,0,0,0,0,0,0,0,0,0,0,0,0,0,0.003460006,0,0,0,0.026658102,0,0,0,0,0,0,0,0,0,0,0.000218988,0.000408777,0,0.00035038,0,0,0.000919748,0,0,0.002467261,0,0,0,0,0,0,0,0,0,0,0,0,0,0,0,0,0,0,0,0,0,0,0,0,0,0,0,0,0.001591311,0.004540345,0,0,0,0,0.018102983,0,0,0.000321182,0,0,0,0,0,0,0,0,0,0,0,0,0,0,0,0,0,0,0,0,0,0,0,0,0,0,0,0,0,0,0,0,0,0,0,0,0,0,0,0,0,0,0,0,0.000364979,0,0,0,0,0,0,0.000364979,0,0,0,1.46E-05,0.007562375,0,0,0.001124137,0.011401959,0,0.000291984,0.002525658,0.462078631,0,0,0,0,0.000291984,0,0,0.000934347,0,0,0.002715447,0.03824985,0,0,0.000992744,0,0.000379579,0,0.000102194,0.005649882,0,0,0,0,0,0,0,0,0,0,0,0,0,0,0,0,0,0,0,0,0,0,0,0,0,0,0,0,0,0,0,0,0,0,0,0,0,0,0,0,0,0,0,0,0,0,0,0,0,0,0,0,0,0,0.049958392,0,0,0,0,0,0,0,0,0,0,0,0,0,0.000802955,0,0,0,0,0,0,0,0,0,0,0,0.012555294,0.34110983,0,0,0,0.00052557,0,0,0,0,0,0,0,0,0,0,0,0,0,0,0,0,0,0,0,0,0,0.000963546
G160V0S2.04,0,0,0,0,0,0,0,0,0,0,0,0,0,0,0,0,0,0,0,0,0,0,0.000339286,0,0,0,0.054839914,0,0.000452381,0,0,0,0,0,0.000441072,0,0,0.000531548,0,0,0,0,0,0,0,0,0.001379763,0,0,0,0,0,0,0,0,0,0,0,0,0,0,0,0,0,0,0,0,0,0,0,0,0,0,0,0,0.01204465,0.002850002,0,0,0,0,0.011988102,0,0,0,0,0,0,0.000814286,0,0,0,0,0,0,0,0,0,0,0,0,0,0,0,0,0,0,0,0,0,0,0,0,0,0,0,0,0,0,0,0,0,0,0,0,0,0,0,0,0.000429762,0,0,0,0,0,0,0.001334525,0,1.13E-05,0,1.13E-05,0.033057758,0,0,0.001187501,0.010676197,0,0,0,0.703170061,0,0,0,0.001130953,0,0,0,0,0,0,0,0.024349419,0,0,0.002103573,0,0.000339286,0,0,5.65E-05,0,0,0,0,0,0,0,0,0,0,0,0,0,0,0,0,0,0,0,0,0,0,0,0,0,0,0,0,0,0,0,0.000350595,0,0,0,0,0,0,0,0,0,0,0,0,0,0,0,0,0,0,0,0,0,0,0.047081576,0,0,0,0,0,0,0,0,0,0,0,0,0,0,0,0,0,0,0,0,0,0,0,0,0,1.13E-05,0.088700648,0,0,0,0,0,0,0,0,0,0,0,0,0,0.000316667,0,0,0,0,0,0,0,0,0,0,0,0
C160T8LH.04,0,0,0,0,0,0,0,0,0,0,0,0,0,0,0,0,0,0,0,0,0,0,0,0,0,0,0.307286756,0,0,0,0,0,0,0,0,0,0,0,0,0,0,0,0,0,0,0,0.000452175,0,0,0,0,0,0,0,0,0,0,0,0,0,0,0,0,0,0,0,0,0,0,0,0,0,0,0,0,0.000683073,9.62E-06,0,0,0,0,0.00025976,0,0,0,0,0,0,0,0,0,0,0,0,0,0,0,0,0,0,0,0,0,0,0,0,0,0,0,0,0,0,0,0,0,0,0,0,0,0,0,0,0,0,0,0,0,0,0,0.000317485,0,0,0,0,0,0,0,0,0,0,0,0.001712494,0,0,0.04040715,0.000856247,0,0,0,0.571001135,0,0,0,0,0,0,0,0,0,0,0,0.005483828,0,0,0,0,0,0,0,0.000596487,0,0,0,0,0,0,0,0,0,0,0,0,0,0,0,0,0,0,0,0,0,0,0,0,0,0,0,0,0,0,0,0,0,9.62E-06,0,0,0,0,0,0,0,0,0,0,0,0,0,0,0,0,0,0,0,0,0.005493448,0,0,0,0,0,0,0,0,0,0,0,0,0,0,0,0,0,0,0,0,0,0,0,0,0,0,0.064689923,0,0,0,0.000740798,0,0,0,0,0,0,0,0,0,0,0,0,0,0,0,0,0,0,0,0,0,0
E160T6RX.04,1.74E-05,0,0,0,0,0,0,0,0,0,0,0,0,0,0,0,0,0,0,0,0,0,0.000889462,0,0,0,0.552896857,0.000156964,0,0,0,0,0,0,6.98E-05,0,0,0,0.000819701,0,0,0,0,0,0,0,0.000453451,0,0,0,0,0,0,0,0,0,0,0,0,0,0,0,0,0,0,0,0,0,0,0,0,0,0,0,0,0.002284698,0.001220831,0,0,0,0,0.005197251,0,0,0,0,0,0.000104643,0.007726115,0,0,0,0,0,0,0,0,0,0,0,0,0,0,0,0,0,0,0,0,0,0,0,0,0,0,0,0,0.000348809,0,0,0,0,0,0,0,0,0,0,0,0.000662737,0,0,0,0,0,0,0.001709163,0,0,0,0,0.00355785,0,0,0.007464509,0.008249329,3.49E-05,0,0,0.074610206,0,0,0,1.74E-05,0,0,0,0.00038369,0,0,0,0.006609927,0,0,1.74E-05,0,5.23E-05,0,0,0.000627856,0,0,0,0,0,0,0,0,0,0,0,0,0,0,0,0,0,0,0,0,0,0,0,0,0,0.000156964,0,0,0.000209285,0,0,0,0,0,0,0,0,0,0,0,0,0,0,0,0,0,5.23E-05,0,0,0,0,0,0,0,0.066517842,0,0,0,0,0,0,0,0,0,0,0,0,0,8.72E-05,0,0,0,0,0,0,0,0,0,0,0,0,0.256357041,0,0,0,0,0,0,0,0,0,0,0,0,0,0,0.000436011,0,0,0,0,0,0,0,0,0,0,0
D160VVXW.04,0,0,0,0,0,0,0,0,0,0,0,0,0,0,0,0,0,0,0,0,0,0,0.010891026,0,0,0,0.030443921,0,0,0,0,0,0,0,0,0,0,0,0.000615672,0,0,0,0,0,0,0,0.00309959,0,0,0,0,0,0,0,0,0,0,0,0,0,0,0,0,0,0,0,0,0,0,0,0,0,0,0,0.000573212,0.013014033,0.007536675,0,0,0,0,0.003460501,0,0,0,0,0,0,2.12E-05,0,0,0,0,0,0,0,0,0,0,0,0,0,0,0,0,0,0,0,0,0,0,0,0,0,0,0,0,0,0,0,0,0,0,0,0,0,0,0,0,0.000955353,0,0,0.000339681,0,0,0,0.010041823,0,0,0,2.12E-05,0.013035263,0,0,0.008768019,0.031017133,0,0,0,0.338173789,0,0,0,0,0,0,0,0.002441458,0,0,0.007090843,0.025072713,0,0,0,0,0,0,0,0.000551982,0,0,0,0,0,0,0,0,0,0,0,0,0,0,0,0,0,0,0,0,0,0,0.006220411,0,0,0,0,0,0,0,0,0,0,0,0,0,0,0,0,0,0,0,0,0,0,0,0,0,0,0,0,0,0,0,0.215421523,0,0,0,0,0,0,0,0,0,0,0,0,0,0,0,0,0,0,0,0,0,0,0,0,0,0.091013311,0.179521474,0,0,0,0,0,0,0,0,0,0,0,0,0,0,0.000658132,0,0,0,0,0,0,0,0,0,0,0
E160W4JT.04,0.002914064,0,0,0,0,0,0,0,0,0,0,0,0,0,0,0,0,0,0,0,0,0,0.006159927,0,0,0,0.157431584,0,0,0,0,0,0,0,0,0,0,0,0.001442606,0,0,0,0,0,0,0,0.004847156,0,0,0,0,0,0,0,0,0,0,0,0,0,0,0,0,0,0,0,0,0,0,0,0,0,0,0,0,0.000562616,0,0,0,0,0,0,0,0,0,0,0,0.041171973,8.66E-05,0,0,0,0,0,0,0,0,0,0,0,0,0,0,0,0,0,0,0,0,0,0,0,0,0,0,0,0,0,0,0,0,0,0,0,0,0,0,0,0,0,0,0,0,0,0,0,0,0,0,0,0,0.002091779,0,0,0.014887693,0.001009824,0,0.000173113,1.44E-05,0.566713311,0,0,0,0,0,0,0,0,0,0,0,0.002279317,0.000678025,0,0,0,0.000216391,0,0,0.000230817,0,0,0,0,0,0,0,0,0,0,0,0,0,0,0,0,0,0,0,0,0,0,0,0,0,0,0,0,0,0,0,0,0,0,0,0,0.000346225,0,0,0,0,0,0,0,0,0,0,0,0,0,0,0,0,0,0.131378121,0,0,0,0,0,0,0,0,0,0,0,0,0,0,0,0,0,0,0,0,0,0,0,0,0,0,0.061916646,0,0,0,0,0,0,0,0,0,0,0,0,0,0.003447828,0,0,0,0,0,0,0,0,0,0,0,0
H160V6XZ.04,0,0,0,0,0,0,0,0,0,4.31E-05,0,0,0,0,0,0,0,0,0,0,0,0,7.18E-05,0,0,0,0.853978871,0.000200953,0,0,0,0,0,0,0,0,0,0,0.000244014,0,0,0,0,0,0,0,0.000344491,0,0,0,0,0,0,0,0,0,0,0,0,0,0,0,0,0,0,0,0,0,0,0,0,0,0,0,0,0.002153069,0.000143538,0,0,0,0,0,0,0,0,0,0,0,0.000244014,0,0,0,0,0,0,0,0,0,0,0,0,0,0,0,0,0,0,0,0,0,0,0,0,0,0,0,0,0,0,0,0,0,0,0,0,0,0,0,0,0.001693747,0,0,0.000186599,0,0,0,0.00344491,0,0,0,5.74E-05,0.001263134,0,0,0.000287076,0.000631567,0.000129184,0,0,0.079132457,0,0,0,0.000358845,0.000129184,0,0,0.000473675,0,0,0.000760751,0.00457886,0,0,0.009416088,0,0,0,5.74E-05,0,0,0,0,0,0,0,0,0,0,0,0,0,0,0,0,0,0,0,0,0,0,0,0,0,0,0,0,0,0,0,0,5.74E-05,0,0,0,0,0,0,0,0,0,0,0,0,0,0.00030143,0,0.000287076,0,0,0,0,0,0,0.000129184,0,0,0,0,0,0,0,0,0,0,0,0,0,0.000200953,0,0,0,0,0,0,0,0,0,0,0,0,0.038138026,0,0,0,0,0,0,0,0,0,0,0,0,0,0.00011483,0.000186599,0,0,0,0,0,0,0,0,0.000559798,0,0
J160W20W.04,0,0,0,0,0,0,0,0,0,0,0,0,0,0,0,0,0,0,0,0,0,0,0.01401932,0,0,0,0.000107634,0,0,0,0,0,0,0,0,0,0,0,0,0,0.013750235,0,0.000215268,0,0,0,0.07757716,0,0,0,0,0,0,0,0.00834163,0,0,0,0,0,0,0,0,0,0,0,0,0,0,0,0,0,0,0,0,0.007561284,5.38E-05,0,0,0,0,0.012646988,0,0,0,0,0,0,0.011732099,0,0,0,0,0,0,0,0,0,0,0,0,0,0,0,0,0,0,0,0,0,0,0,0,0,0,0,0,0,0,0,0,0,0,0,0,0,0,0,0,0,0,0,0,0,0,0,0.029841509,0,0,0,0,0.054355138,0,0,0.026235772,0.014611307,5.38E-05,0,0,0.448618249,0,0,0.000107634,0,0,0,0,0,0,0,0,5.38E-05,0,0,0,0,0,0,0,0,0,0,0,0,0,0,0,0,0,0,0,0,0,0,0,0,0,0,0,0,0,0,0,0,0.000188359,0.01065576,0,0.012862255,0,0,0,0.060140462,0,0,0,0,0,0.009391061,0,0,0,0,0,0,0,0,0,0.006996206,0,0,0,0,0,0,0.041681242,0,0,0,0,0,0,0,0,0,0,0,0,0,0,0,0,0,0,0,0,0,0,0,0,0,0,0.123698302,0,0,0,0,0,0,0,0,0,0,0,0,0,0,5.38E-05,0,0,0,0,0,0,0,0,0.014449856,0,0
K160W2Z0.04,0,0,0,0,0,0,0,0,0,0,0,0,0,0,0,0,0,0,0,0,0,0,0,0,0,0,0.324821097,0,0,0,0,0,0,0,0,0,0,0,0,0,0.000721249,0,0,0,0,0,0.001138221,0,0,0,0.000371894,0,0,0,0,0,0,0,0,0,0,0,0,0,0,0,0,0,0,0,0,0,0,0,0,0.003155463,0.008654984,0,0,0,0,0.015664619,0,0,0,0,0,0,0,0,0,0,0,0,0,0,0,0,0,0,0,0,0,0,0,0,0,0,0,0,0,0,0,0,0,0,0,0,0,0,0,0,0,0,0,0,0,0,0,0.009331155,0,0,0,0,0,0,0.003380853,0,0,0,0.000428241,0.003324506,0,0,0,0.018087564,0,0,0,0.268856708,0,0,0,0,0,0,0,0,0,0,0,0.02715952,0,0,0.003392123,0,0.002152476,0,0,0,0,0,0,0,0,0,0,0,0,0,0,0,0,0,0,0,0,0,0,0,0,0,0,0,0,0,0,0,0,0,0,0,0,0,0,0,0,0,0,0,0.000957908,0,0,0,0,0,0,0.001318533,0,0,0,0,0,0,1.13E-05,0,0,0,0,0,0,0,0,0,0,0,0,0,0,0,0,0,0,0,0,0,0,0,0,0,0,0.305617851,0,0,0,0,0,0,0,0,0,0,0,0,0,0,0,0,0,0,0,0,0,0,0,0,0,0.001453767
B160W4S8.04,0,0,0,0,0,0,0,0,0,0,0,0,0,0,0,0,0,0,0,0,0,0,0.001886937,0,0,0,0.118569877,0.000405911,0,0,0,0,0,0,0,0,0,0,0.002567112,0,0,0,0,0,0,0,0.007218632,0,0,0,0,0,0,0,0,0,0,0,0,0,0,0,0,0,0,0,0,0,0,0,0,0,0,0,1.10E-05,0.004772196,0.002490318,0,0,0,0,0.002621965,0,0,0,0,0,0.000603381,0.00038397,0,0,0,0,0,0,0,0,0,0,0,0,0,0,0,0,0,0,0,0,0,0,0,0,0,0,0,0,0.001513938,0,0,0,0,0,0,0,0,0,0,0,0.000570469,0,0,0.000614352,0,0,0.000438823,0.009237217,0,0,0,1.10E-05,0.005167137,0,0,0.074018409,0.004772196,0,0,0.000921528,0.387436508,0,0,0,0.001612673,0,0,0,0,0,0,0,0.027371562,0,0,0.001843055,0,0,0,0,0.005386548,0,0,0,0,0,0,0,0,0,0,0,0,0,0,0,0,0,0,0,0,0,0,0,0,0,0.001832085,0,0,0,0,0,0,0,0.001086086,0,0,0,0,0,0,0.000318146,0,0,0,0,0,0,0,0.000351058,0,0,0,0,0,0.263403289,0,0,0,0,0,0,0,0,0,0,0,0,0,0,0,0,0,0,0,0,0,0,0,0,0,0,0.07056268,0,0,0,0,0,0,0,0,0,0,0,0,0,0,0,0,0,0,0,0,0,0,0,0,0,0
F160V0CJ.04,0.019947591,0,0,0,0,0,0,0,0,0,0,0,0,0,0,0,0,0.0001847,0,0,0,0,0.063167373,0,0,0,0.125365071,0,0,0,0,0,0,0,0,0,0,0.000473294,1.15E-05,0,0,0,0,0.000888868,0,0,0.003971048,0,0,0,0,0,0,0,0,0,0,0,0,0,0,0,0,0,0,0,0,0,0,0,0,0,0,0,0,0.003936417,0.001546862,0,0,0,0,0.006649197,0,0,0,0,0,0.015249287,0.018042873,0,0,0,0,0,0,0,0,0,0,0,0,0,0,0,0,0,0,0,0,0,0,0,0,0,0,0,0,0.000484837,0,0,0,0,0,0,0,0,0,0,0,0.005737241,0,0,0.000404031,0,0,0,0.000565644,0,0,0,2.31E-05,0.016819236,0,0,0.065049003,0.012778926,0.000230875,0,0,0.361099888,0,0,0,0,0,0,0,0.000265506,0,0,0,0.098814457,0,0,0.000138525,0,0.000230875,0,0,0.011693814,0,0,0,0,0,0,0,0,0,0,0,0,0,0,0,0,0,0,0,0,0,0,0.000196244,0,0,0,0,0,0,0,0,0,0,0,0,0,0,0,0,0,0,0,0,0,0,4.62E-05,0,0.002020155,0,0,0,0,0,0,0.10776086,0,0,0,0,0,0,0,0,0,0,0,0,0,0,0,0,0,0,0.000380944,0,0,0,0,0,0,0.001050481,0.049210985,0,0,0,0.004513604,0,0,0,0,0,0,0,0,0,0.000877325,0.000173156,0,0,0,0,0,0,0,0,0,0,0
J160WMY0.04,0,0,0,0,0,0,0,0,0,0,0,0,0,0,0,0,0,0,0,0,0,0,8.64E-05,0,0,0,0.856317964,0,0,0,0,0,0,0,0,0,0,0,0,0,8.64E-05,0,0,0,0,0,0.000224746,0,0,0,0,0,0,0,0,0,0,0,0,0,0,0,0,0,0,0,0,0,0,0,0,0,0,0,0,0.000656951,0,0,0,0,0,0.004754249,0,0,0,0,0,0,0,0,0,0,0,0,0,0,0,0,0,0,0,0,0,0,0,0,0,0,0,0,0,0,0,0,0,0,0,0,0,0,0,0,0,0,0,0,0,0,0,0,0,0,0,0,0,0,0.000242034,0,0,0,0,0.003457635,0,0,0.049910966,0.002195598,0,0,3.46E-05,0.04674723,0,0,0,0,0,0,0,0.000172882,0,0,0,0.005048148,0,0,0.000708815,0,0,0,0,0,0,0,0,0,0,0,0,0,0,0,0,0,0,0,0,0,0,0,0,0,0,0,0,0,0,0,0,0,0,0,0,0,0,0.000414916,0,0,0,0,0,0,0,0,0,0,0,0,0,0,0,0,0,0,0,0,0,0,0,0,0,0,0,0,0,0,0,0,0,0,0,0,0,0,0,0,0,0,0,0,0,0,0,0.028940408,0,0,0,0,0,0,0,0,0,0,0,0,0,0,0,0,0,0,0,0,0,0,0,0,0,0
C160VXQD.04,0,0,0,0,0,0,0,0,0,0,0,0,0,0,0,7.69E-05,0,0,0,1.54E-05,0,0,0.000138347,0,0,0,0.808374581,0,0,0,0,0,0,0,0,0,0,0.000768592,7.69E-05,0.000107603,0,0,0,9.22E-05,0,0,0.00024595,0,0,0,0,0,0,0.000138347,0,0,0,0,0,0,0,0,0,0,0,0,0,0,0.000122975,0,0,0,0,0,4.61E-05,0.000107603,0.000199834,0,0,0,0,0.000107603,0,0,0.000660989,0,0,0,0.000568758,0,0,0,0,0,0,0,0,0,0,0,0,0,0,0,0,0,0,0,0,0,0,0,0,0,0,0,0,0,0,0,0,0,0,0,0,0,0,0.000292065,0,0.004596182,0,0,0,0,0,0,0.00083008,0,0,0,9.22E-05,0.000860823,0,0,0.000399668,0.001675531,0.000476527,0,0,0.089848434,0,0,0,0,0.000368924,0,0,0.000261321,4.61E-05,0,0.000292065,0.002643957,0,0,0.001183632,0,0,0,0,0,0,0,0,0,0,0,0,0,0,0,0,0,0,0,0,0,0,0,0,0.001306607,0,0,0,0,0,0,0,0,0.001429582,0,0,0,0,0,0,0,0,0,0,0,0.001245119,0,0,0,0,0.00016909,0,7.69E-05,0,0,0,0,0,0,0.000199834,0,0,0,0,0,0,0,0,0,0,0,0,0,0,0,0,0,0,0,0,0,0,0.000353552,0,0,1.54E-05,0.078919052,0,0,0,0.000368924,0,0,0,0,0,0,0,0,0,0,0,0,0,0,0,0,0,0,0,0.000199834,0,0
G160VJ7J.04,0,0,0,0,0,0,0,0,0,0,0,0,0,0,0,0,0,0,0,0,0,0,0.004705231,0,0,0,0.581059624,0,0,0,0.002491005,0,0,0,0,0,0,0,0,0,0.001413026,0,0,0,0,0,0.00722537,0,0,0,0,0,0,0,0,0,0,0,0,0,0,0,0,0,0,0,0,0,0,0,0,0,0,0,1.46E-05,0,0,0,0,0,0,1.46E-05,0,0,0,0,0,0.002578408,0,0,0,0,0,0,0,0,0,0,0,0,0,0,0,0,0,0,0,0,0,0,0,0,0,0,0,0,0,0.009832913,0,0,0,0,0,0,0,0,0,0,0,0.021763515,0,0,0,0,0,0,0.00508398,0,0,0,0,0.014756654,0,0,0,0.013882617,0.002389034,0,0,0.149066966,0,0,0,0,0,0,0,0,0,0,0,0.016461025,0,0,0.010561277,0,0,0,0,0,0,0,0,0,0,0,0,0,0,0,0,0,0,0,0,0,0,0,0,0,0,0,0,0,0,0,0,0,0,0,0,0,0,0,0,0,0,0,0,0,0,0,0,0,0,0,0,0,0,0,0,0,0,0,1.46E-05,0,0,0,0,0,0,0,0,0,0,0,0,0,0,0,0,0,0,0,0,0,0,0,0,0,0,0.150378021,0,0,0,0,0,0,0,0,0,0,0,0,0,0,0,0,0,0,0,0,0,0,0,0,0,0.006307632
C160SWR8.04,2.13E-05,0,0,0,0,0,0,0,0,0,0,0,0,0,0,0,0,0,0,0,0,0,0.004196579,0,0,0,0.393871291,3.20E-05,0,0,0,0,0,0,0,0,0,0.000223676,0,0,0,0,0,0.000244978,0,0,0.000841446,0,0,0,0,0,0,0,0,0,0,0,0.000223676,0,0,0,0,0,0,0,0,0,0,0,0,0,0,0,0,0.001395309,0.002854526,0,0,0,0,0.010768379,0,0,0,0,0,0,0.000671027,0,0,0,0,0,0,0,0,0,0,0,0,0,0,0,0,0,0,0,0,0,0,0,0,0,0,0,0,0,0,0,0,0,0,0,0,0,0,0,0,3.20E-05,0,0,0,0,0,0,0.002396523,0,0,0,0,0.006561149,0,0,0.034648403,0.009405023,0.000117163,0,0.000159768,0.145974906,0,0,0,0,0,0,0,0.001693543,0,0,0,0.019726051,0,0,0.0004367,0,0.000138466,0,0.000692329,0,0,0,0,0,0,0,0,0,0,0,0,0,0,0,0,0,0,0,0,0,0,0,8.52E-05,0,0,0,0,0,0,0,0,0,0,0,0,0,0,0,0,0,0,0,0,0,0,0,0,0,0,0,0,0,0,0,0.31287945,0,0,0,0,0,0,0,0,0,0,0,0,0,0.000607119,0,0,0,0,0,0,0,0,0,0,0,0,0.048899729,0,0,0,0,0,0,0,0,0,0,0,0,0,0.000191722,1.07E-05,0,0,0,0,0,0,0,0,0,0,0
F160SRH1.04,5.74E-05,0,0,0,0,0,0,0,0,0,0,0,0,0,0,0,0,0,0,0,0,0,0.005312131,0,0,0,0.013653209,0.000149153,0,0,0,0,0,0,0,0,0,5.74E-05,0.000286832,0,0,0,0,0,0,0,0.001101435,0,0,0,0,0,0,0,0,0,0,0,0,0,0,0,0,0,0,0,0,0,0,0,0,0,0,0,4.59E-05,0.004841726,0.00380913,0,0,0,0,0.013251644,0,0,0,0,0,0.001491527,0.000183573,0,1.15E-05,0,0,0,0,0,0,0,0,0,0,0,0,0,0,0,0,0,0,0,0,0,0,0,0,0,0,0,0,0,0,0,0,0,0,0,0,0,0,0.000826076,0,0,0,0,0,0,0.00069987,0,0,0,0,0.004910566,0,0,0.031769525,0.008995055,0,0,0,0.846659553,0,0,0.00010326,0.000929336,0,0,0,0.00087197,0.000160626,0.001147328,0,0.015052949,0,6.88E-05,0.001032596,0,0.000791657,0,0.002742115,0.002719168,0,0,0,0,0,0,0,0,0,0,0,0,0,0,0,1.15E-05,0,0,0,0,0,0,0,0,0,0,0,0,4.59E-05,0,4.59E-05,6.88E-05,0,0,4.59E-05,0,0,0,0,0,0.001216168,0,0,0,0,0.000149153,4.59E-05,0.00010326,0,0,0,0,0,0,0.008536124,0,0,0,0,0,0,0,0,0,0,0,0,0,0.001101435,0,0,0,1.15E-05,9.18E-05,0,0,0,0,0,0,0.000286832,0.022625317,0,0,0,6.88E-05,0,0.000539244,0,0,0.000229466,3.44E-05,0,0,0,0.000504825,0.000481878,2.29E-05,0,0,0,0,0,0,0,0,0,0
H160WH7L.04,0.000622977,0,0,0,0,0,0,0,0,0,0,0,0,0,0,0,0,0,0,0,0,0,0.005390105,0,0,0,0.025149311,0,0,0,0,0,0,0,0,0,0,0.000338574,0.001164696,0,0.025230569,0,0.000392746,0,0,0,0.001313669,0,0,0,0,0,0,0,0,0,0,0,0,0,0,0,0,0,0,0,0,0,0,0,0,0,0,0,0,0.002776311,0.001191782,0,0,0,0,0.010170777,0,0,0,0,0,0.001665786,0.009019624,0,0,0,0,0,0,0,0,0,0,0,0,0,0,0,0,0,0,0,0,0,0,0,0,0,0,0,0,0.000297946,0,0,0,0,0,0,0,0,0,0,0,0.001096981,0,0,0,0,0,0,0.000853208,0,0,0,9.48E-05,0.03296361,0,0,0.003141971,0.015601511,0.017294384,0.000352117,0,0.67263912,0,0,0,0,0,0,0,0.001503271,0,0.000243774,0,0.029604951,0,0,4.06E-05,0,0,0,0.000176059,0.00254608,0,0,0,0,0,0,0,0,0,0,0,0,0,0,0,0,0,0,0,0,0,0,0,0,0,0,0,0,0,0,0,0,0,0,0,0,0,0,0,0,0,0,0,0,0,0,0,0,0,0,0,0,0,0,0.024810737,0,0.000893837,0,0,0,0,0,0,0,0,0,0,0,0,0,0,0,0,0,0,0,0,0,0,0,0.00013543,0.11021276,0,0,0,0.000176059,0,0.000826122,0,0,0,0,0,0,0,0,6.77E-05,0,0,0,0,0,0,0,0,0,0,0
C160TZK8.04,0,0,0,0,0,0,0,0,0,0,0,0,0,0,0,0,0,0,0,0,0,0,3.02E-05,0,0.000392192,0,0.961866836,0.00021118,0,0,0,0,0,0,0,0,0,0.000241349,0,0,0,0,0,0,0,0,0.000633541,0,0,0,0,0,0,3.02E-05,0,0,0,0,0.00010559,0,0,0,0,0,0,0,0,0,0,0,0,0,0,0,0,0.000377108,0.000346939,0,0,0,0,0,0,0,0,0,0,0,0.00122183,0,9.05E-05,0,0,0,0,0,0,0,0,0,0,0,0,0,0,0,0,0,0,0,0,0,0,0,0,0,0,0,0,0,0,0,0,0,0,0,0,0,0,7.54E-05,0,0,0,0,6.03E-05,0,0.000362024,0,0,0,0,0.000226265,0,0,3.02E-05,0.000437445,0.001251999,0,0,0.01466196,0,0,0,7.54E-05,0,0,0,0.000859806,0,0,0.000392192,0.00021118,0,0,0.00132742,0,0,0,0,0,0,0,0,0,0,0,0,0,0,0,0,0,0,0,0,0.000618457,0,0,0,0,0,0,4.53E-05,0,0,9.05E-05,0,0,0.000346939,0,0,0,0,0,0,0,6.03E-05,0,0,0,0.000256433,0,0,0.000135759,0,0,0,0.000331855,0,0,0,0,0,0,9.05E-05,0,0,0,0,0,0,0,0,0,0,0,0,0,0,0,0,0,0,0,0,0,0,0,0,0,0,0.012369144,0,0,0,0,0,0,0,0,0,0,0,0,0,0.00010559,3.02E-05,0,0,0,0,0,0,0,0,0,0,0
F160T7WK.04,7.77E-05,0,0,0,0,0,0,0,0,0,0,0,0,0,0,0,0,0,0,0,0,0,0.002346871,0,0,0,0.491319687,0,0,0,0,0,0,0,0,0,0,1.55E-05,0.000233133,0,0,0,0,0,0,0,0.002828678,1.55E-05,0,0,0,0,0,0,0,0,0,0,3.11E-05,0,0,0,0,0,0,0,0,0,0,0,0,0,0,0,1.55E-05,0.005797237,0.007677842,0,0,0,0,0.003015185,0,0,0,0,0,0.000279759,0.000808194,0,7.77E-05,0,0,0,0,0,0,0,0,0,0,0,0,0,0,0,0,0,0,0,0,0,0,0,0,0,0,0.000170964,0,0,0,0,0,0,0,0,0,0,0,0.002377955,0,0,0,0,0,0,0.001554219,0,3.11E-05,0,0.000124338,0.007149407,0,0,0.02335991,0.009558446,1.55E-05,0,0,0.349839138,0,0,0,0,0,0,0,0.000217591,0,0,0,0.027540759,0,0,0.000528434,0,7.77E-05,0,0.000202048,0.00212928,0,0,0,0,0,0,0,0,0,0,0,0,0,0,0,0.000233133,0,3.11E-05,0,0,0,0,0,0,0,4.66E-05,0,0,7.77E-05,0,0,0.000341928,0,0,0,0,0,0,0,0,4.66E-05,0,0,0,0,0,3.11E-05,0,0,0,0,0,0,0,0.058749475,0,0,0,0,0,0,0,0,0,0,0,0,0,0.00035747,0,0,0,0,9.33E-05,0,0,0,0,0,0,0,0.000326386,0,0,0,4.66E-05,0,0,0,0,0,0,0,0,0,6.22E-05,7.77E-05,0,0,0,0,0,0,0,0,6.22E-05,0,0
B160SN73.04,0,0,0,0,0,0,0,0,0,0,0,0,0,0,0,0,0,0,0,0,0,0,0.000281733,0,0,0,0.819540172,0,0,0,0,0,0,0,0,0,0.000150928,0,0,0,0,0,0,0,0,0,0.000724455,0,0,0,0,0,0,0,0,0,0,0,0,0,0,0,0,0,0,0,0,0,0,0,0,0,0,0,0,1.01E-05,0.000181114,0,0,0,0,1.01E-05,0,0,0,0,0,0,0,0,0,0,0,0,0,0,0,0,0,0,0,0,0,0,0,0,0,0,0,0,0,0,0,0,0,0,0,0,0,0,0,0,0,0,0,0,0,0,0,0.001106807,0,0,0,0,0,0,0.035910852,0,0,0,0.000332042,0.000221361,0,0,0,0.000241485,0,0,0,0.135010313,0,0,0,0,0,0,0,0,0,0,0,0.005795643,0,0,5.03E-05,0,0,0,0,0,0,0,0,0,0,0,0,0,0,0,0,0,0,0,0,0,0,0,0,0,0,0,0,0,0,0.000120743,0,0,0,0,0,0,0,0,0,0,0,0,0,0,0,0,0,0,0,0,0,0.000231423,0,0,0,0,0,0,2.01E-05,0,0,0,0,0,0,0,0,0,0,0,0,0,0,0,0,0,0,0,0,0,0,0,0,0,0,1.01E-05,0,0,0,0,0,0,0,0,0,0,0,0,0,0,5.03E-05,0,0,0,0,0,0,0,0,0,0,0
D160SJHM.04,0,0,0,0,0,0,0,0,0,0,0,0,0,0,0,0,0,0,0,0,0,0,3.07E-05,0,0,0,0.258909864,0,0,0,0,0,5.11E-05,0,0,0,0,0,0,0,0,1.02E-05,0,1.02E-05,0,0,0.001369569,1.02E-05,0,0,2.04E-05,0,0,0,0,0,0,0,0,0,0,0,0,0,0,0,0,0,0,0,0,0,0,0,0,1.02E-05,4.09E-05,0,0,0,0,0.000204413,0,0,0,0,0,0,0,0,0,0,0,0,0,0,0,0,0,0,0,0,0,0,0,0,0,0,0,0,0,0,0,0,0,0,0,1.02E-05,0,0,0,0,0,0,0,0,0,0,0,0.000214634,0,0,0,0,0,0,0.000419047,0,0,0,0,0.000163531,0,0,0.011252951,0.000735888,0,2.04E-05,0,0.611338805,0,0,0,0,0,0,0,1.02E-05,0,0,0,0.001022066,0,0,4.09E-05,0,0,0,0,0,0,0,0,0,0,0,0,0,0,0,0,0,0,0,0,1.02E-05,0,0,0,0,0,0,0,0,0,0,0,0,0,0,0,0,0,7.15E-05,1.02E-05,0,1.02E-05,0,0,0,0,0,0,0,0,0,0,0,0,0,0,0,0,0,0.108155068,0,0,0,0,0,0,0,0,0,0,0,0,0,0,0,0,0,0,0,0,0,0,0,0,0,0,0.0055396,0,0,0,1.02E-05,0,0,0,0,0,0,0,0,0,0,0,0,0,0,0,0,0,0,0,0.000296399,0,0
J160SM6S.04,0,0,0,0,0,0,0,0,0,0,0,0,0,0,0,0,0,0,0,0,0,0,0,0,0,0,0.395808855,0.005833322,0,0,0,0,4.15E-05,0,0,0,0,0,0,0,0,0,0,0,0,0,0,0,0,0,0,0,0,0,0,0,0,0,0,0,0,0,0,0,0,0,0,0,0,0,0,0,0,0,0,0,1.38E-05,0,0,0,0,1.38E-05,0,0,0,0,0,0,0,0,0,0,0,0,0,0,0,0,0,0,0,0,0,0,0,0,0,0,0,0,0,0,0,0,0,0,0,0,0,0,0,0,0,0,0,0,0,0,0,0.00436808,0,0,0,1.38E-05,0,0,0.588889042,0,0,0,0.000262638,2.76E-05,0,0,0,1.38E-05,0.00109202,0,0,0.002971953,0,0,0,0,0,0,0,0,0,0,0,0.00031793,0,0,0,0,0,0,0,2.76E-05,0,0,0,0,0,0,0,0,0,0,0,0,0,0,0,0.000110584,0,0,0,0,0,0,0,0,0,0,0,0,0,0,0,0,0,0,0,0,0,0,0,0,0,0,0,0,0,0,0,1.38E-05,0,0,0,0,0,0,1.38E-05,0,5.53E-05,0,0,0,0,0,0,0,0,0,0,0,0,0,0,0,0,8.29E-05,0,0,0,0,0,0,0,1.38E-05,0,0,0,1.38E-05,0,0,0,0,0,0,0,0,0,0,0,0,0,0,0,0,0,0,0,0,0,0
D160TMKJ.04,0,0,0,0,0,0,0,0,0,0,0,0,0,0,0,0,0,0,0,0,0,0,2.23E-05,0,0,0,6.69E-05,0,0,0,0,0,0,0,0,0,0,0,0.000133812,0,0,0,0,0,0,0,0.000278775,0,0,0,0,0,0,0,0,0,0,0,0,0,0,0,0,0,0,0,0,0,0,0,0,0,0,0,0,0,0,0,0,0,0,0.000301077,0,0,0,0,0,5.58E-05,0,0,0,0,0,0,0,0,0,0,0,0,0,0,0,0,0,0,0,0,0,0,0,0,0,0,0,0,0,0,0,0,0,0,0,0,0,0,0,0,0,4.46E-05,0,0,0,0,0,0,0.000479493,0,0,0,0,0.000144963,0,0,0.000234171,0.000390285,0,0.000156114,0,0.983072771,0,0,0,4.46E-05,0,0,0,0,0,0,0,0.000490644,0,0,1.12E-05,0,0,0,0,8.92E-05,0,0,0,0,0,0,0,0,0,0,0,0,0,0,0,0,0,0,0,0,0,0,0,0,0,0,0,0,0,0,0,0,0,0,0,0,0,0,0,0,0,0,0,0,0,0,0,0,0,0,0,0,0,0,0.004638819,0,0,0,0,0,0,0,0,0,0,0,0,0,0,0,0,0,0,0,0,0,0,0,0,0,0,0.009333393,0,0,0,0,0,0,0,0,0,0,0,0,0,0,1.12E-05,0,0,0,0,0,0,0,0,0,0,0
K160V3VK.04,1.46E-05,0,0,0,0,0,0,0,0,0,0,0,0,0,0,0,0,0,0,0,0,0,0.000960978,0,0,0,0.463322656,4.37E-05,0,0,0,0,0,0,0,0,0,1.46E-05,0.000145603,0,0.041278393,0,0,0,0,0,0.000247525,0,0,0,0,0,0,0,0,0,0,0,0,0,0,0,0,0,0,0,0,0,0,0,0,0,0,0,0.000262085,0.001237624,0.000844496,0,0,0,0,0.005794991,0,0,0,0,0,0.000174723,0.000160163,0,0,0,0,0,0,0,0,0,0,0,0,0,0,0,0,0,0,0,0,0,0,0,0,0,0,0,0,0,0,0,0,0,0,0,0,0,0,0,0,0.001135702,0,0,0,0,0,0,0.009129295,0,4.37E-05,0,7.28E-05,0.002766453,0,0,0.057527665,0.001834595,5.82E-05,0.000436808,0,0.174548631,0,0,2.91E-05,0,0.000174723,0,0,0.002213162,0,0,0.000305766,0.007382062,0,0,7.28E-05,0,0.000378567,0,0.00050961,0.000859056,0,0,0,0,0,0,0,0,0,0,0,0,0,0,0,0.000116482,0,0,0,0,0,0,0,0,0,0.000174723,0,0,0,0,0,8.74E-05,0,0,4.37E-05,0,0,0,0,0,0,0,0,0,0,0,0,5.82E-05,5.82E-05,0,0,0,0,0,0.153931275,0,0,0,0,0,0,0,0,0,0,0,0,0,7.28E-05,0,0,0,0,0,0,0,0,0,0,0,1.46E-05,0.071316249,0,0,0,0,0,0,0,0,0,0,0,0,0,5.82E-05,8.74E-05,0,0,0,0,0,0,0,0,0,0,0
C160WH8H.04,0,0,0,0,0,0,0,0,0,0,0,0,0,0,0,0,0,0,0,0,0,0,0.001656492,0,0,0,0.062345539,0.003192754,0,0,0,0,0,0,0,0,0,0.000307252,0.004475199,0,0,0,0,0,0,0,6.68E-05,0,0,0,0,0,0,0,0,0,0,0,0,0,0,0,0,0,0,0,0,0,0,0,0,0,0,0,0,0.004902681,0.00033397,0,0,0,0,0.003179395,0,0,0,0,0,0,0.00491604,0,0,0,0,0,0,0,0,0,0,0,0,0,0,0,0,0,0,0,0,0,0,0,0,0,0,0,0,0.005437033,0,0,0,0,0,0,0,0,0,0,0,0.000267176,0,0,0,0,0,0,1.34E-05,0,0,0,0,0.00301909,0,0,0.009952309,0.004622146,0.003246189,0,0,0.250357348,0,0,0,0,0,0,0,0,0,0,0,0.016992399,0,0,0.000641223,0,0,0,0,0,0,0,0,0,0,0,0,0,0,0,0,0,0,0,0,0,0,0,0,0,0,0,0,0,0,0,0,0,0,0,0,0,0,0,0,0,0,0,0,0,0.000574429,0,0,0,0,0,0.000734734,0,0,0,0,0,0,0,0.037204269,0,0,0,0,0,0,0,0,0,0,0,0,0,0,0,0,0,0,0,0,0,0,0,0,0,0,0.581562179,0,0,0,0,0,0,0,0,0,0,0,0,0,0,0,0,0,0,0,0,0,0,0,0,0,0
C160VH7K.04,0,0,0,0,0,0,0,0,0,0,0,0,0,0,0,0,0,0,0,0,0,0,0.000284743,0,0,0,0.064443832,0,0,0,0,0,0,0,0,0,0,0,0,0,0,0,0,0,0,0,1.84E-05,0.000128594,0,0,0,0,0,0,0,0,0,0,0,0,0,0,0,0,0,0,0,0,0,0,0,0,0,0,0,0.000881786,0.000367411,0,0,0,0,0.000431708,0,0,0,0,0,0,0,0,0,0,0,0,0,0,0,0,0,0,0,0,0,0,0,0,0,0,0,0,0,0,0,0,0,0,0,0,0,0,0,0,0,0,0,0,0,0,0,0,0,0,0,0,0,0,5.51E-05,0,0,0,0,0.00188298,0,0,0.000376596,0.002884174,0,0,0,0.917672453,0,0,0,0,0,0,0,1.84E-05,0,0,0,0.000762377,0,0,0,0,7.35E-05,0,2.76E-05,0.000303114,0,0,0,0,0,0,0,0,0,0,0,0,0,0,0,0,0,0,0,6.43E-05,0,0,0,0,0,0,0,0,0,0,0,0,0,0,0,0,0,0,0,0,0,0,0,0,0,0,0,0,0,0,0,0,0,0,0.001717645,0,0,0,0,0,0,0,0,0,0,0,0,0,0,0,0,0,0,0,0,0,0,0,0,0,0,0.007605401,0,0,0,0,0,0,0,0,0,0,0,0,0,0,0,0,0,0,0,0,0,0,0,0,0,0
A160VT6V.04,0,0,0,0,0,0,0,0,0,0,0,0,0,0,0,0,0,0,0,0,0,0,0.005469333,0,0,0,0.257851807,0.002687313,0,0,0,0,0,0,0,0,0,0.00029596,0.000461697,0,0,0,0,0,0,0,0.000520889,0,0,0,0,0,0,0,0,0,0,0,1.18E-05,0,0,0,0,0,0,0,0,0,0,0,0,0,0,0,0,0.001112808,0.00775414,0,0,0,0,0.002462384,0,0,0,0,0,0,0,0,0,0,0,0,0,0,0,0,0,0,0,0,0,0,0,0,0,0,0,0,0,0,0,0,0,0,0,0,0,0,0,0,0,0,0,0,0,0,0,0.003196363,0,0,0.000355151,0,0,0,0.002651798,0,0,0,7.10E-05,0.005066828,0,0,0.013590463,0.006037575,0,0.000390667,0,0.532123451,0,0,0,0,0,0,0,0.00161002,0,0,0,0.030910016,0,0.000224929,0,0,0.000627434,0,0,0.000899717,0,0,0,0,0,0,0,0,0,0,0,0,0,0,0,0.000307798,0,0,0,0,0,0,0,0,0,0,0,0,0,0,0,0.005149696,0,0,0,0,0,0,0,0,0,0,0,0,0,0,0,0,0.000994424,0,0,0,0,0,0.034781168,0,0,0,0,0,0,0,0,0,0,0,0,0,0.001645535,0,0,0,0,0.000414343,0,0,0,0,0,0,0,0.077955748,0,0,0,0.001444283,0,0,0,0,0,0,0,0,0,0.000414343,0.000201253,2.37E-05,0,0,0,0,0,0,0,0,0,0.000284121
B160SNMY.04,0,0,0,0,0,0,0,0,0,0,0,0,0,0,0,0,0,0,0,0,0,0,0,0,0,0,0.776644621,2.52E-05,0,0,0,0,0,0,0,0,0,0,0,0,0,0,0,0,0,0,1.26E-05,0,0,0,0,0,0,0,0,0,0,0,0,0,0,0,0,0,0,0,0,0,0,0,0,0,0,0,1.26E-05,0,0,0,0,0,0,0.0009845,0,0,0,0,0,0,0,0,0,0,0,0,0,0,0,0,0,0,0,0,0,0,0,0,0,0,0,0,0,0,0,0,0,0,0,0.019828848,0,0,0,0,0,0,0,0,0,0,0,6.31E-05,0,0,0,0,0,0,0.001363154,0,0,0,0,0.002208815,0,0,0.058527288,0.002928258,2.52E-05,0,0,0.067122734,0,0,0,0,0,0,0,0,0,0,0,0.009365376,0,0,0,0,0,0,0,0,0,0,0,0,0,0,0,0,0,0,0,0,0,0,0,0.000315545,0,0,0,0,0,0,0,0,0,0,0,0.000467007,0,0,0,2.52E-05,0,0,0,0,0,1.26E-05,0,0,0,0,0,0,0,0,0,0,0,0,0,0,0,0,1.26E-05,0,0,0,0,0,0,0,0,0,0,0,0,0,0,0,0,0,0,2.52E-05,0,0,0,0,0,0,0,0.060029283,0,0,0,0,0,0,0,0,0,0,0,0,0,0,0,0,0,0,0,0,0,0,0,0,0,0
E160X7ZB.04,0,0,0,0,0,0,0,0,0,0,0,0,0,0,0,0,0,0,0,0,0,0,0.001396609,0,0,0,0.471023898,0.00104393,0,0,0,0,0,0.000592501,0.000550179,0,0,0,0.00441554,0,4.23E-05,0,0.000578393,0,0,0,0.003639647,0,0,0,0,0,0,0,0,0,0,0,0,0,0,0,0,0,0,0,0,0,0,0,0,0,0,0,0,0.007194651,1.41E-05,0,0,0,0,0.011553762,0,0,0,0,0,9.88E-05,0.019862878,0,0,0,0,0,0,0,0,0,0,0,0,0,0,0,0,0,0,0,0,0,0,0,0,0,0,0,0,1.41E-05,0,0,0,0,0,0,0,0,0,0,0,0.001763395,0,0,0.000225715,0.004627148,0,0,0.00153768,0,0,0,2.82E-05,0.012752871,0,0,0.018748413,0.003442147,0.007787151,0,0,0.268572073,0,0,1.41E-05,0,0,0,0,0,0,0,0.000888751,0.026831814,0,0.000705358,0.001791609,0,0,0,0,0.001283751,0,0,0,0,0,0,0,0,0,0,0,0,0,0,0,0.001495359,0,0,0,0,0,0,0,0.000465536,0,0,0,0,0.002101967,0,0,0.000479643,0,0,0,0,0,0,0,0,0,0,0,0,0,0,1.41E-05,0.006912507,0,0,0,0,0,0,0.01846627,0,0,0,0,0,0,0,0,0,0,0,0,0,2.82E-05,0,0,0,0,0,0,0,0,0,0,0,1.41E-05,0.095322066,0,0,0,0.001664645,0,0,0,0,0,0,0,0,0,1.41E-05,0,0,0,0,0,0,0,0,0,0,0,0
A160TVXG.04,0,0,0,0,0,0,0,0,0,0,0,0,0,0,0,0,0,0,0,0,0,0,0.000939301,0,0,0,0.015758372,0,0,0,0,0,0,0,0,0,0,0,6.38E-05,0,0,0,0,0,0,0,3.65E-05,0,0,0,0,0,0,0,0,0,0,0,2.74E-05,0,0,0,0,0,0,0,3.65E-05,0,0,0,0,0,0,0,9.12E-06,0.000364777,0.001076093,0,0,0,0,0.001012257,0,0,0,0,0,0,4.56E-05,0,0,0,0,0,0,0,0,0,0,0,0,0,0,0,0,0,0,0,0,0,0,0,0,0,0,0,0,0,0,0,0,0,0,0,0,0,0,0,0,0.000419494,0,0,0,0,0,0,0.001404392,0,0,0,0,2.74E-05,0,0,0.00670278,8.21E-05,0,0,0,0.821760779,0,0,0,0,0,0,0,9.12E-06,0,0,0,0.002179543,0,0,9.12E-05,0,0,0,9.12E-05,0.000109433,0,0,0,0,0,0,0,0,0,0,0,0,0,0,0,0,0,0,0,0,0,0,0,0,0,0,0,0,0,0,0,0,0,0,0,0,0,0,0,0,0,0,0,0,0,0,0,0,0,0,0,0,0,0,0.012356825,0,0,0,0,0,0,0,0,0,0,0,0,0,0,0,0,0,0,0,0,0,0,0,0,0,0,0.13535967,0,0,3.65E-05,0,0,0,0,0,0,0,0,0,0,0,0,0,0,0,0,0,0,0,0,0,0,0
G160W0VF.04,2.13E-05,0,0,0,0,0,0,0,0,0,0,0,0.00017026,0,0,0,0,0,0,0,0,0,0.007619129,0,0,0,0.016153404,0.00017026,0,0,0,0,0,0.00017026,0,0,0,0,0.002553898,0,0,0,0.000106412,0,0,0,0.004107519,0.000276672,0,0,0,0,0,0,0,0,0,0,0,0,0,0,0,0,0,0,0,0,0,0,0,0,0,0,0,0.009938919,0.005448315,0,0,0,0,0.005618575,0,0,0,0,0,0.033732735,0.019473471,0,0.000319237,0,0,0,0,0,0,0,0,0,0,0,0,0,0,0,0,0,0,0,0,0,0,0,0,0,0,0.001936706,0,0,0,0,0,0,0,0,0,0,0,2.13E-05,0,0,0,0,0,0,0.001830293,0,0,0,0,0.037201779,0,0,0.010513546,0.013684636,0,0,2.13E-05,0.703279631,0,0,0.000446932,0,0,0,0,0.001787729,0,0,0,0.018834997,0,0,0.001191819,0,0,0,0.00034052,0.028752634,0,0,0,0,0,0,0,0,0,0,0,0,0,0,0,0,0,0,0,0,0,0,0,0,0,8.51E-05,0,0,0,0,0,0.003192372,0,0,0,0,0.000148977,0,0,0,0,0,0,0,0,0,0.003894694,0.000191542,0,0,0,0,0,0,0.057058335,0,0,0,0,0,0,0,0,0,0,0,0,0,0.004171367,0,0,0,0,0,0,0,0,0,0,0,0.001936706,0.000617192,0,0,0,0.00025539,0,0.000468215,0,0,0,0,0,0,0,0.002255943,0,0,0,0,0,0,0,0,0,0,0,0
G160TDK8.04,0,0,0,0,0,0,0,0,0,0,0,0,0,0,0,0,0,0,0,0,0,0,0.001618595,0,0,0,0.1441716,0.000481204,0,0,0,0,0,0,0,0,0,0.002041471,0.001224883,0,0.000583277,0,0,0.001195719,0,0,0.00263933,0,0,0,0,0,0,0,0,0,0,0,0,0,0,0,0,0,0,0,0,0,0,0,0,0,0,0,0,5.83E-05,0.003907959,0,0,0,0,0,0,0,0,0,0,0,0.000758261,0,0,0,0,0,0,0,0,0,0,0,0,0,0,0,0,0,0,0,0,0,0,0,0,0,0,0,0,0,0,0,0,0,0,0,0,0,0,0,0,0.005774447,0.000204147,0,0,0,0,0.000204147,0.294861326,0,0,0,2.92E-05,0.003003879,0,0,0.000539532,0.003747558,0,0,0,0.323733559,0,0,0.000364548,0,0,0,0,0,0,0.000335385,0,0.009317857,0,0.000145819,0.002245618,0,0.001064481,0,0.00097699,0.001006154,0,0,0,0,0,0,0,0,0,0,0,0,0,0,0,0.001224883,0,0,0,0.000583277,0,0,0,0,0.000670769,0,0,0,0,0,0,0,0,0,0,0,0,0.000116655,0,0,0.000802006,0,0,0,0,0,0,0.000277057,0,0,0,0,0,0,0.189025635,0,0,0,0,0,0,0,0,0,0,0,0,0,0.000131237,0,0,0,0,0,0,0,0,0,0,0,0,0.000116655,0,0,0,0,0,0,0,0,0,0,0,0,0,0.000816588,0,0,0,0,0,0,0,0,0,0,0,0
H160V2JJ.04,0,0,0,0,0,0,0,0,0,0,0,0,0,0,0,0,0,0,0,0,0,0,0.009057948,0,0,0,0.01146671,0,0,0,0,0,0.000702556,0,0,0,0,0,0.000715101,0,0,0,0,0,0,0,0.002057484,0,0,0,0,0,0,0,0,0,0,0,0.000301095,0,0,0,0,0,0,0,0,0,0,0,0,0,0,0,0,0.003086226,0.005808629,0,0,0,0,0.016058412,0,0,0,0,0,0,0.001618387,0,0,0,0,0,0,0,0,0,0,0,0,0,0,0,0,0,0,0,0,0,0,0,0,0,0,0,0,0,0,0,0,0,0,0,0,0,0,0,0,0.00434079,0,0,0,0,0,0,0.014665847,0,0,0,2.51E-05,0.011040159,0,0,0.000163093,0.021315033,0,0,0,0.645799094,0,0,0,0,0,0,0,0.000100365,0,0,0,0.064597473,0,0,0,0,0,0,0,0.000388915,0,0,0,0,0,0,0,0,0,0,0,0,0,0,0,0,0.000238367,0.000815466,0,0,0,0,0,0,0,0,0,0,0,0,0,0,0,0,0,0,0,0,0,0,0,0,0,0,0,0,0,0,0,0,0,0,0,0,0.184533741,0,0,0,0,0,0,0,0,0,0,0,0,0,0,0,0,0,0,0,0,0,0,0,0,0,0.000526917,0.000112911,0,0,0,0,0,0,0,0,0,0,0,0,0,0.000464188,0,0,0,0,0,0,0,0,0,0,0,0
D160W0FH.04,0,0,0,0,0,0,0,0,0,0,0,0,0,0,0,0,0,0,0,0,0,0,0,0,0,0,0.38165771,0,0,0,0,0,0,0,0,0,0,0,0,0,4.37E-05,0,0,0,0,0,0.022108621,0,0,0,0,0,0,0,0,0,0,0,0,0,0,0,0,0,0,0,0,0,0,0,0,0,0,0,0,8.74E-05,0,0,0,0,0,0,0,0,0,0,0,0,0,0,0,0,0,0,0,0,0,0,0,0,0,0,0,0,0,0,0,0,0,0,0,0,0,0,0,0,0,0,0,0,0,0,0,0,0,0,0,0,0,0,0,0,0,0,0,0,0.034167868,0,0,0,0,0.009743523,0,0,0,0.034561105,0.015773146,0,0,0.178354524,0,0,0,0,0,0,0,0,0,0,0,0.02612837,0,0,0,0,0,0,0,0,0,0,0,0,0,0,0,0,0,0,0,0,0,0,0,0,0,0,0,0,0,0,0,0,0,0,0,0,0,0,0,0,0,0,0,0,0,0,0,0,0,0,0,0,0,0,0,0,0,0,0,0,0,0,0.257919343,0,0,0,0,0,0,0,0,0,0,0,0,0,0,0,0,0,0,0,0,0,0,0,0,0,0.012146633,0.027308079,0,0,0,0,0,0,0,0,0,0,0,0,0,0,0,0,0,0,0,0,0,0,0,0,0,0
A160SS7H.04,0,0,0,0,0,0,0,0,0,0,0,0,0,0,0,0,0,0,0,0.000799591,0,0,0.000275269,0,0,0,0.407647236,0.125784844,0,0,0,0,0,0,0,0,0,0,0,0,0.001061752,0,0,0,0,0,0.000550538,0,0,0,0,0,0,0,0,0,0,0,0,0,0,0,0,0,0,0,0,0,0,0,0,0,0,0,0,0,0,0,0,0,0,0,0,0,0,0,0,0,0,0,0,0,0,0,0,0,0,0,0,0,0,0,0,0,0,0,0,0,0,0,0,0,0,0,0,0,0,0,0,0,0,0,0,0,0,0,0,0,0,0.008900366,0,0,0,0,0,0,0.363709054,0,0,0,0.000144189,0,0,0,0,0,0.007694425,0,0,0.004037279,0,0,0,0,0,0,0,0,0,0,0,0,0,0,0,0,0,0,0,0,0,0,0,0,0,0,0,0,0,0,0,0,0,0,0,0,0,0,0,0,0,0,0,0,0,0,0,0,0,0,0,0,0,0,0,0,0,0,0,0,0,0,0,0,0,0,0,0,0,0,0,0,0,0,0.002608502,0,0,0,0,0,0,0,0,0,0,0,0,0,0,0,0,0,0,0.076773847,0,0,0,0,0,0,0,0,0,0,0,1.31E-05,0,0,0,0,0,0,0,0,0,0,0,0,0,0,0,0,0,0,0,0,0,0
D160SSL7.04,0,0,0,0,0,0,0,0,0,0,0.001288192,0,0,0,0,0,0,0,0,0,0,0,0.004139725,0,0,0,0.006741123,0,0,0,0,0,0,0,0,0,0,0,0.012969471,0,0,0,0,0.003501882,0,0,0.000562803,0,0,0,0,0,0,0,0,0,0.0014883,0,0,0,0,0,0,0,0,0,0.003952124,0,0,0,0,0,0,0,0,0.014607852,0.01056818,0,0,0,0,0.007566567,0,0,0,0,0,0,0.014507798,0,0,0,0,0,0,0,0,0,0,0,0,0,0,0,0,0,0,0,0,0,0,0,0,0,0,0,0,0.004890128,0,0,0,0,0,0,0,0,0,0,0,0.007579074,0,0,0.005015196,0,0,0,0.00976775,0,0,0,0,0.02617657,0,0,0,0.023625199,0,0,0,0.696887077,0,0,0,0,0,0,0,0.004952662,0,0,0,0.04716285,0,0,0,0,0.000587816,0,2.50E-05,0.013419713,0,0,0,0,0,0,0,0,0,0,0,0,0,0,0,0,0,0,0,0,0,0,0,0,0,0,0,0,0,0,0,0,0,0,0,0,0,0,0,0,0,0,0,0,0,0,0,0.010393086,0,0,0,0,0,0,0.031954676,0,0,0,0,0,0,0,0,0,0,0,0,0,0,0,0,0,0,0,0,0,0,0,0,0,0.032767613,1.25E-05,0,0,0,1.25E-05,0,0.000525282,0,0,0,0,0,0,0,0,0,0.002351264,0,0,0,0,0,0,0,0,0,0
D160TC82.04,0.000320595,0,0,0,0,0,0,0,0,0,0,0,0,0,0,0,0,0,0,0,0,0,0.017611353,0,0.001752586,0,0.004659314,0.000192357,0,0,0.000320595,0,0,0.00064119,0,0,0,0.001325126,0.021736343,8.55E-05,0,0,0.003013593,0.000320595,0,0,4.27E-05,0,0,0,0,0,0,0,0,0,0,0,0.000320595,0,0,0,0,0,0,0,0,0,0,0,0,0,0,0,2.14E-05,0.037210396,0.011306318,0,0,0,0,0.038514149,0,0,8.55E-05,0,0,0.003932632,0.004146362,0,0.002073181,0,0,0,0,0,0,0,0,0,0,0,0,0,0,0,0,0,0,0,0,0,0,0,0,0,0,0,0,0,0,0,0,0,0,0,0,0,0,0.000256476,0,0,0,0,0,0,0.0021373,0,0.000384714,0,0,0.020624947,0,0,0.003975378,0.05091049,0.000106865,8.55E-05,0,0.581858596,0,0,0.000341968,0.000277849,0,0,0,0.003034966,0,0,0,0.047790032,0,2.14E-05,0.000256476,0,0.000683936,0,8.55E-05,0.029430623,0,0,0,0,8.55E-05,0,0,0,0,0.000406087,0,0,0,0,0,0.000235103,0,0.000170984,0,0,0,0,0.000448833,0.000149611,0.000192357,8.55E-05,0,0,0.000170984,0,0,0.000106865,0,0,6.41E-05,0,0,0,0,0,4.27E-05,0,0,0,0,0,0.000128238,0.006262289,0,0,0,0,0,0,0.096178507,6.41E-05,0,0,0,0,0,0,0,0,0,0,0,0,0.000363341,0,0,0,0,0,0,0,0,0,0,0,0,0.000341968,0,0,0,0.000149611,0,0,0,0,0,0,0,0,0,2.14E-05,0.002436522,0,0,0,0,0,0,0,0,0,0,0
K160TBG1.04,2.36E-05,0,0,0,0,0,0,0,0,0,0,0,0,0,0,0,0,0,0,7.07E-05,0,0,0.013993922,0,0.000141353,0,0.01071925,0,0,0,0,0,0,0,0,0,0,0,7.07E-05,0,0.005701227,0,0,0,0,0,0.000164912,0,0,0,0,0,0,0,0,0,0,0,0.001225057,0,0,0,0,0,0,0,0,0,0,0,0,0,0,0,2.36E-05,0,0.088133437,0,0,0,0,0,0,0,0,0,0,0,9.42E-05,0,0,0,0,0,0,0,0,0,0,0,0,0,0,0,0,0,0,0,0,0,0,0,0,0,0,0,0,0,0,0,0,0,0,0,0,0,0,0,0,0.002120291,0,0,0,0,0,0,0.056658892,0,0.000259147,0,0,0.000117794,0,0,2.36E-05,0.00624308,0.046669965,0,0.005913257,0.580771315,0,0,0,0,0,0,0,0.005913257,0,0,0,0.139444484,0,0.00077744,0.000141353,0,0.002355879,0,2.36E-05,0.000141353,0,0,0,0,0,0,0,0,0,0,0,0,0,0,0,0.000164912,0,0,0,0,0,0,0,0,0,0,0,0,0,0,0,0,0,0,0,0,0,0,0,0,0,0,0,0,0,0,0,0.000164912,0,0,0,0,0,0,0.012627512,0,0,0,0,0,0,0,0,0,0,0,0,0,0.00233232,0,0,0,0,0.007915754,0,0,0,0,0,0,0,0.000447617,4.71E-05,0,0,0.007538813,0,0,0,0,0,0,0,0,0,0.000471176,0,0.000353382,0,0,0,0,0,0,0,0,0,0
C160T53D.04,0,0,0.001758746,0,0.000113467,0,0,0,0,0,0,0,0,0.001520464,0,0.001406996,0,0.000283669,0,0,0,0,0.005185463,0,0,0.00052195,0.00243955,0,0,0,0,0,0,0,0.000646764,0,0,0.003109008,0.005287583,0.000442523,0,0,0.000147508,0.002541671,0,0,0.000158854,0,0,0,0,0.000680805,0,0,0,0,0,0,0.001667972,0,0,0,0,0,0.001248142,0,0.002609751,0,0,0,0,0,0,0,0,0.005514518,0.004334457,0,0,0,0,0.026642158,0,0,0.004969874,0,0,0.001520464,0.005639332,0,0.001316222,0,0,0,0.000714845,0,0,0,0,0,0,0,0,0,0,0,0,0,0,0,0,0,0,0,0,0,0,0.000567337,0,0,0,0,0,0,0,0,0,0,0,0.000919086,0,0,0.000987167,0,0,0,0.007488852,0,0,0,0,0.009292984,0,0,0.000635418,0.009973789,0,0,0,0.780043345,0,0,0,0.00149777,0,0,0,0.000612724,0,0.000204241,0,0.04967605,0,0,1.13E-05,0,0.000374443,0,0,0.013332426,0,0,0.000714845,0,0,0,0,0,0,0,0,0,0,0,0,0.001123328,0,0,0,9.08E-05,0,0,0.000295015,0.000748885,0.000317709,0.000442523,0.00045387,0.000124814,0.001384303,0,0,0,0,0,0,0,0,0,0,0.000555991,0.000102121,0,0,0,0,0,0.00045387,0.002223962,0,0,0,0,0,0,0.027901646,0,0,0.000374443,0,0,0,0,0,0,0,0.000192895,0,0,0.00100986,0,0,0,0,0,0,0.001486424,0,0,0,0,3.40E-05,3.40E-05,0,0,0.000215588,0.000692151,0,4.54E-05,0,0,0,0,0,0,0,0,0.000340402,0,0,0,0,0.000306362,0,0,0,0,0,0.000295015
D160V98N.04,0,0,0,0,0,0,0,0,0,0,0,0,0,0,0,0,0,0,0,0,7.25E-05,0,0.000299225,0,0,0,0.245101328,7.25E-05,0.00024482,0,0,0,0,0,9.07E-05,0,0,0.000145079,0.000852337,0,9.97E-05,0,0,0,0,0,0.000108809,9.07E-06,0,0,0,0,0,0,0,0,0,0,0,0,0,0,0,0,0,0,0,0,0,0,0,0,0,0,0,5.44E-05,0,5.44E-05,0,0,0,0,0,0,0,0,0,0,0.00028109,0,0,0,0,0,0,0,0,0,0,0,0,0,0,0,0,0,0,0,0,0,0,0,0,0,0,0,0,0.000154146,0,0,0,0,0,0,0,0,0,0,0,9.07E-05,0,0,0,0,0,0,0.000208551,0,0,0,9.07E-06,0.000136011,0,0,3.63E-05,8.16E-05,1.81E-05,0,0,0.73834157,0,0,0,0,0,0,0,3.63E-05,2.72E-05,0,4.53E-05,0.000145079,0,0,3.63E-05,0,0.000172281,0,0,0,0,0,0,0,0,0,0,0,0,0,0,0,0,0,0,0.000117876,0,0,0,0,0,0,0,0,0,0,0,0,0,0,0,0.000997416,0,0.000117876,0,0,0,0,0,0,2.72E-05,0,0,0,0,0,0,0,2.72E-05,0,0,0,0,0,0.000471506,0,0,0,0,0,0,0,0,0,0,0,0,0,0,0,0,0,0,1.81E-05,0,0,0,0,0,0,0,0.011189192,0,0,0,0,0,0,0,0,0,0,0,0,0,0,9.07E-06,0,0,0,0,0,0,0,0,0,0,0
E160WX4S.04,0,0,0,0,0,0,0,0,0,0,0,0,0,4.31E-05,0,0,0,0,0,0,0,0,6.04E-05,0,6.04E-05,0,0.009181595,5.18E-05,9.49E-05,0,8.63E-06,0,0,0,5.18E-05,0,0,0.000112181,0.001104553,0,0,0,0,0,0,0,6.90E-05,0,0,0,0,0,0,0,0,0,0,0,0.000146698,0,0,0,0,0,0,0,0,0,0,0,0,0,0,0,0,0.00025888,0.000103552,0,0,0,0,2.59E-05,0,0,0,0,0,2.59E-05,9.49E-05,0,0,0,0,0,0,0,0,0,0,0,0,0,0,0,0,0,0,0,0,0,0,0,0,0,0,0,0,0,0,0,0,0,0,0,0,0,0,0,0,6.04E-05,0,0,0,0,0,0,0,0,0,0,8.63E-06,0.00037969,0,0,0.000595423,0.000267509,0,0,0,0.961375168,0,0,0,0,3.45E-05,0,0,0,0,0,3.45E-05,0.000276138,0,0,0,0,0,0,4.31E-05,6.04E-05,0,0,0,0,0,0,0,0,0,0,0,0,0,0,0,0.000181216,0,0,0,0,3.45E-05,0,4.31E-05,0,0,1.73E-05,0,0,0,0,0,0.000327914,0,0,0,0,0.00012081,0,0,0,2.59E-05,0,0,0,0,0,0,0,0,0,0,0,0,0,0.018587553,0,0,0,0,0,0,0,0,0,0,0,0,0,0,0,0,0,0,0,0,0,0,0,0,0,0,0.005876566,0,0,0,2.59E-05,0,0,0,0,0,0,0,0,0,0,6.90E-05,0,0,0,0,0,0,0,0,2.59E-05,0,3.45E-05
H160SX80.04,0,0,0,0,0,0,0,0,0,0,0,0,0,0,0,0,0,0,0,0,0,0,2.81E-05,0,0,0,0.367011023,0,0,0,0,0,0,0,0,0,0,0,0.00014972,0,0,0,0,0,0,0,5.61E-05,0,0,0,0,0,0,0,0,0,0,0,0,0,0,0,0,0,0,0,0,0,0,0,0,0,0,0,0,0,0,0,0,0,0,0,0,0,0,0,0,9.36E-05,0,0,0,0,0,0,0,0,0,0,0,0,0,0,0,0,0,0,0,0,0,0,0,0,0,0,0,0,0,0,0,0,0,0,0,0,0,0,0,0,0,0.000552093,0,0,0,0,0,0,0.000552093,0,0,0,2.81E-05,7.49E-05,0,0,0.00391144,9.36E-05,0,0,0,0.623463028,0,0,0,0,0.000102933,0,0,0,0,0,0,0.00176857,0,0,0,0,0,0,0,0,0,0,0,0,0,0,0,0,0,0,0,0,0,0,0,0,0,0,0,0,0,0,2.81E-05,0,0,0,0,0,0,0,0,0,0,0,0,0,0,0,0,0,0,0,0,0,0,0,0,1.87E-05,0,0,0,0,0,0,0.002002508,0,0,0,0,0,0,0,0,0,0,0,0,0,3.74E-05,0,0,0,0,0,0,0,0,0,0,0,0,0,0,0,0,0,0,0,0,0,0,0,0,0,0,0,2.81E-05,0,0,0,0,0,0,0,0,0,0,0
J160S707.04,0,0,0,0,0,0,0,0,0,0,0,0,0,0,0,0,0,0,0,0,0,0,0,0,0,0,0.31810784,0,0,0,0,0,0,0,0,0,0,0,0,0,0,0,0,0,0,0,7.08E-05,0,0,0,0,0,0,0,0,0,0,0,0,0,0,0,0,0,0,0,0,0,0,0,0,0,0,0,0,0,0,0,0,0,0,0,0,0,0,0,0,0,0,0,0,0,0,0,0,0,0,0,0,0,0,0,0,0,0,0,0,0,0,0,0,0,0,0,0,0,0,0,0,0,0,0,0,0,0,0,7.08E-05,0,0,0.002759694,0,0,0,0,0,0,0.669845033,0,0,0,0,0,0,0,0,5.31E-05,0,0,0,0.008774413,0,0,0,0,0,0,0,0,0,0.000159213,0,7.08E-05,0,0,5.31E-05,0,0,0,0,0,0,0,0,0,0,0,0,0,0,0,0,0,0,0,0,0,0,0,0,0,0,0,0,0,0,0,0,0,0,0,0,0,0,0,0,0,0,0,0,0,0,0,0,0,0,0,0,0,0,0,0,0,0,0,0,0,0,0,0,0,0,0,0,0,0,0,0,0,0,0,0,0,0,0,0,0,0,0,0,0,0,3.54E-05,0,0,0,0,0,0,0,0,0,0,0,0,0,0,0,0,0,0,0,0,0,0,0,0,0,0
D160W7Z2.04,0,0,0,0,0,0,0,0,0,0,0,0,0,0,0,0,0,0,0,0,0,0,0,0,6.56E-05,0,0.038893407,0,0,0,0,0,0,0,0,0,0,0,0,0,2.62E-05,0,0,0,0,0,0.00463048,0,0,0,0,0,0,0,0,0,0,0,0,0,0,0,0,0,0,0,0,0,0,0,0,0,0,0,0,0,0,0,0,0,0,1.31E-05,0,0,0,0,0,1.31E-05,0,0,0,0,0,0,0,0,0,0,0,0,0,0,0,0,0,0,0,0,0,0,0,0,0,0,0,0,0,0,0,0,0,0,0,0,0,0,0,0,0,0.017721751,0,0,0,0,0,0,0.637091062,0,0,0,0.000196763,6.56E-05,0,0,0,1.31E-05,2.62E-05,0.020214078,0.246097542,0.027179474,0,0,0,0,0,0,0,0,0,0,0,0,0,0,0.002859616,0,0,0,0,0,0,0,0,0,0,0,0,0,0,0,0,0,0,0,0,0,0,0,0,0,0,0,0,0,0,0,0,0,0,0,0,0,0,0,0,0,0,0,0,0,0,0,0,0,0,0,0,0.002243094,0,0,0,0,0,0,0.002531679,0,0,0,0,0,0,0,0,0,0,0,0,0,0,0,0,0,0,0,0,0,0,0,0,0,0,0.000118058,0,0,0,0,0,0,0,0,0,0,0,0,0,0,0,0,0,0,0,0,0,0,0,0,0,0
C160V63R.04,4.10E-05,0,0,0,0,0,0,0,0,0,0,0,0,0,0,0,0,0,0,0,0,0,0.084836805,0,0,0,0.000143513,0,0,0,0,0,0,0,0,0,0,0,6.15E-05,0,8.20E-05,0,0,0,0,0,0,0,0,0,0,0,0,0,0,0,0,0,0.001189109,0,0,0,0,0,0,0,0,0,0,0,0,0,0,0,0,0.028825652,0.063986387,0,0,0,0,0.012506151,0,0,0,0,0,0.001168608,0.000164015,0,0,0,0,0,0,0,0,0,0,0,0,0,0,0,0,0,0,0,0,0,0,0,0,0,0,0,0,0,0,0,0,0,0,0,0,0,0,0,0,0,0,0,0,0,0,0,0,0,0,0,0,0.014658849,0,0,0,0.024397245,0,0,0.002521732,0.369690011,0,0,0,0,0,0,0,0.007032147,0,0.000102509,0,0.13402083,0,0.002890766,0,0,0.008979826,0,0.000574053,0.129038872,0,0,0,0,0,0,0,0,0,0,0,0,0,0,0,0,0,0,0,0,0,0,0,0,0,0,0,0,0,0,0,0,0,0,0,0,0,0,0,0,0,0,0,0,0,0,0,0,0,0,0,0,0,0,0.096153846,0,0,0,0,0,0,0,0,0,0,0,0,0,0.015806954,0,0,0,0,0,0,0,0,0,0,0,4.10E-05,2.05E-05,0,0,0,0,0,0,0,0,0,0,0,0,0,0.001066098,0,0,0,0,0,0,0,0,0,0,0,0
A160WBC6.04,3.45E-05,0,0,0,0,0,0,0,0,0,0,0,0,0,0,1.15E-05,0,0,0,5.75E-05,0,0,0.005438657,0,5.75E-05,0,0.741577555,0,0,0,0,0,0,0,0,0,0,1.15E-05,0.000850868,0,0,0,0,0,0,0,0.000551914,1.15E-05,0,0,2.30E-05,0,0,0,0,0,0,0,3.45E-05,0,0,0,0,0,0,0,0,0,0,0,0,0,0,0,0,0.003863401,0.003518455,0,0,0,0,0.000816373,0,0,0,0,0,0.000103484,0.000218466,0,0,0,0,0,0,0,0,0,0,0,0,0,0,0,0,0,0,0,0,0,0,0,0,0,0,0,0,0.000229964,0,0,0,0,0,0,0,0,0,0,0,0.003104519,0,0,3.45E-05,0,0,0,0.00019547,0,0,0,0.00012648,0.004507301,0,0,0.015580085,0.008704151,0,0,1.15E-05,0.169391744,0,0,0,9.20E-05,0,0,0,0.0012878,0,2.30E-05,0,0.017718754,0,0.000206968,0,0,9.20E-05,0,0,0.004564792,0,0,0,0,0,0,0,0,0,0,0,0,0,0,0,0,0,2.30E-05,0,0,0,0,1.15E-05,0,0,1.15E-05,0,0,2.30E-05,0,0,1.15E-05,0,0,0,0,5.75E-05,0,0,0,0,0,0,0,0,0,0,0,1.15E-05,0,0,0,0,0,0.007554329,0,0,0,0,0,0,0,0,0,0,0,0,0,0.008244222,0,0,0,0,0,0,0,0,0,0,0,2.30E-05,6.90E-05,0,0,0,0,0,0,0,0,0,0,0,0,0,0.000632402,0.000241463,3.45E-05,0,0,0,0,0,0,0,0,0,0
B160W5LV.04,0,0,0,0,0,0,0,0,0,0,0,0,0,0,0,0,0,0,0,0,0,0,0.000846715,0,0,0,0.440401243,0,0,0,0,0,0,0,0,0,0,0,0.000966251,0,5.98E-05,0,0,0,0,0,0.000199227,0,0,0,0,0,0,0,0,0,0,0,0,0,0,0,0,0,0,0,0,0,0,0,0,0,0,0,0,0.007002829,0.004472646,0,0,0,0,0.009821891,0,0,0,0,0,0,0.027931625,0,0,0,0,0,0,0,0,0,0,0,0,0,0,0,0,0,0,0,0,0,0,0,0,0,0,0,0,0,0,0,0,0.002201458,0,0,0,0,0,0,0,0,0,0,0.002520222,0,0,0,0.000776985,0,0,0,0,0.005807467,0,0,9.96E-06,0.011694625,0,0,1.99E-05,0.263756624,0,0,0,0,0,0,0,0,0,0,0,0.016814759,0,0,0,0,0,0,9.96E-06,0.001763159,0,0,0,0,0,0,0,0,0,0,0,0,0,0,0,0,0,0,0,0,0,0,0.000657449,0,0,0,0,0,0,0,0,0.000169343,0,0,0,0,0,0,0,0,0,0,0,0,0,0,0,0.000707256,0,0,0,0,0,0,0.07511854,0,0.002191497,0,0,0,0,0,0,0,0,0,0,0,0.001045942,0,0,0,0,0,0,0,0,0,0,0,0,0.122594334,0,0,0,0.000428338,0,0,0,0,0,0,0,0,0,0,0,0,0,0,0,0,0,0,0,0,0,9.96E-06
G160W0DL.04,0,0,0,0,0,0,0,0,0,0,0,0,0,0,0,0,0,0,0,0,0,0,0.001829781,0,0,0,0.338443532,1.65E-05,0,0,0,0,0,0,0,0,0,0,0,0.004731055,0.000379144,0,0,0,0,0,0.001335246,0,0,0,0,0,0,0,0,0,0,0,0,0,0,0,0,0,0,0,0,0,0,0,0,0,0,0,0,0.014522856,0.03061174,0,0,0,0,0.006280599,0,0,0,0,0,0,0,0,0,0,0,0,0,0,0,0,0,0,0,0,0,0,0,0,0,0,0,0,0,0,0,0,0,0,0,0,0,0,0,0,0,0,0,0,0,0,0,0,0,0,0.006676228,0,0,0,3.30E-05,0,0,0,1.65E-05,0.014572309,0,0,0,0.057712279,0,0,0,0.328997906,0,0,0,0,0,0,0,0,0,0,0,0.029935875,0,0,0,0,0,0,0,0.004813478,0,0,0,0,0,0,0,0,0,0,0,0,0,0,0,0,0,0,0,0,0,0,0.007830144,0,0,0,0,0,0,0,0,0,0,0,0,0,0,0,0,0,0,0,0,0,0,0,0,0.002324316,0,0,0,0,0,0,0.148591398,0,0,0,0,0,0,0,0,0,0,0,0,0,0,0,0,0,0,0,0,0,0,0,0,0,0,0.00032969,0,0,0,0,0,0,0,0,0,0,0,0,0,0,0,0,0,0,0,0,0,0,0,0,0,1.65E-05
A160T0P6.04,0,0,0,0,0.000529414,0,0,0,0,0,0,0,0,0,0,0,0,0,0,0,0,0,0,0,0,0,2.08E-05,0.000114187,0,0,0,0,0,0,0,0,0,0,0,0,0,0,0,0,0,0,0.002647068,0,0,0,0,0,0,0,0,0,0,0,0,0,0,0,0,0,0,0,0,0,0,0,0,0,0,0,0,0,0,0,0,0,0,0,0,0,0,0,0,0,0,0,0,0,0,0,0,0,0,0,0,0,0,0,0,0,0,0,0,0,0,0,0,0,0,0,0,0,0,0,0,0,0,0,0,0,0,0,0,0,0,0.003830463,0,0,0,0,0,0,0.174706487,0,0,0,0,0.017543313,0,0,0,0,0.003176482,0,0,0.787154973,0,0,0,0,0,0,0,0,0,0,0,0,0,0,0.000653982,0,0,0,0,0,0,0,0,0,0,0,0,0,0,0,0,0,0,0,0,0,0,0.000539794,0,0,0,0,0,0,0,0,0,0,0,0,0,0,0,0,0,0,0,0,0,0,0,0,0,0,0,0,0,0,0,0,0,0,0,0,0,0,0,0,0,0,0,0,0,0,0,0,0,0,0,0,0,0,0,0.009072696,0,0,0,0,0,0,0,1.04E-05,0,0,0,0,0,0,0,0,0,0,0,0,0,0,0,0,0,0,0,0,0,0,0,0,0,0
E160STQV.04,0,0,0,0,0,0,0,0,0,0,0,0,0,0,0,0,0,0,0,0.036034034,0,0,0.00022228,0,0,0,0.809555564,0.086553304,0,0,0,0,0,0,0,0,0,0,0,0,3.70E-05,0,0,0,0,0,0.001815285,0,0,0,0,0,0,0,0,0,0,0,0,0,0,0,0,0,0,0,0,0,0,0,0,0,0,0,0,1.23E-05,0,0,0,0,0,0,0,0,0,0,0,0,0,0,0,0,0,0,0,0,0,0,0,0,0,0,0,0,0,0,0,0,0,0,0,0,0,0,0,0,0,0,0,0,0,0,0,0,0,0,0,0,0,0.002049914,0,0,0,0,0,0,0.050210548,0,0,0,7.41E-05,0,0,0,0,1.23E-05,0.000802677,0,1.23E-05,0.009002334,0,0,0,0,0,0,0,0,0,0,0,1.23E-05,0,0,0,0,0,0,0,0,0,0,0,0,0,0,0,0,0,0,0,0,0,0,0,0,0,0,0,0,0,0,0,0,0,0,0,0,0,0,0,0,0,0,0,0,0,0,0,0,0,0,0,0,0,0,0,0,2.47E-05,0,0,0,0,0,0.002716754,0,0,0,0,0,0,0,0,0,0,0,0,0,0,0,0,0,0,0.000839724,0,0,0,0,0,0,0,1.23E-05,0,0,0,0,0,0,0,0,0,0,0,0,0,0,0,0,0,0,0,0,0,0,0,0,0,0
E160T87X.04,0,0,0,0,0,0,0,0,0,0,0,0,0,0,0,0,0,0,0,0,0,0,0,0,0,0,0.12330022,0,0,0,0,0,0,0,0,0,0,0,0,0,0,0,0,0,0,0,0.003553548,0,0,0,0,0,0,0,0,0,0,0,0,0,0,0,0,0,0,0,0,0,0,0,0,0,0,0,3.16E-05,0,7.90E-05,0,0,0,0,0,0,0,0,0,0,0,0,0,0,0,0,0,0,0,0,0,0,0,0,0,0,0,0,0,0,0,0,0,0,0,0,0,0,0,0,0,0,0,0,0,0,0,0,0,0,0,0,0.002811251,0,0,0,0,0,0,0.05009713,0,0,0,1.58E-05,0.073092534,0,0,0.017973056,6.32E-05,0,0,0,0.685376755,0,0,0,0,0.013408721,0,0,0,0,0,0,0.012018889,0,0,0.013487689,0,0,0,0,0,0,0,0,0,0,0,0,0,0,0,0,0,0,0,0,0,0,0,0,0,0,0,0,0,0,0,0,0,0,0,0,0,0,0,0,0,0,0,0,0,0,0,0,0,0,0,0,0,0.004169496,0,0,0,0,0,0.000442219,0,0,0,0,0,0,0,0,0,0,0,0,0,0,0,0,0,0,0,0,0,0,0,0,0,0,6.32E-05,0,0,0,0,0,0,0,0,0,0,0,0,0,0,0,0,0,0,0,0,0,0,0,0,0,1.58E-05
C160V7CP.04,0,0,0,0,0,0.000563892,0,0,0,0,0,0,0,0,0,0,0,0,0,0.001031509,0,0,0.006615412,0,0,0,0.003520885,0,0,0,0,0,0,0,0.001306578,0,0,0,0.000440111,0,0,0,0,0,0,0,0.003397104,0,0,0,0,0,0,0,0,0,0,0,0.000880221,0,0,0,0,0,0,0,0,0,0,0,0,0,0,0,1.38E-05,0.002159293,0.011896739,0,0,0,0,0.002613157,0,0,0,0,0,0,0.002393101,0,0,0,0,0,0,0,0,0,0,0,0,0,0,0,0,0,0,0,0,0,0,0,0,0,0,0,0,0,0,0,0,0,0,0,0,0,0,0,0,0,0,0,0.000165041,0,0,0,0.002200553,0,0,0,0,0.002063018,0,0,0.033475911,0.007289331,0,0,0,0.488013863,0,0,0,0,0,0,0,0.000838961,0,0,1.38E-05,0.02921234,0,0,0,0,0.000536385,0,0.000481371,0.000893975,0,0,0,0,0,0,0,0,0,0,0,0,0,0,0,0,0,0,0,0,0,0,0,0,0,0,0,0,0,0,0,0,0,0,0,0,0,0,0,0,8.25E-05,0,0,0,0,0,0,0,0,0,0,0,0,0,0.397364838,0,0,0,0,0,0,0,0,0,0,0,0,0,0,0,0,0,0,0,0,0,0,0,0,0,0,1.38E-05,0,0,0,0.000137535,0,0,0,0,0,0,0,0,0,0.000385097,0,0,0,0,0,0,0,0,0,0,0,0
E160SWJM.04,0,0,0,0,0,0,0,0,0,0,0,0,0,0,0,0,0,0,0,0.232703896,0,0,0,0,8.06E-05,0,0.70943834,0.047530049,0,0,0,0,0,0,0,0,0,0,0,0,0,0,0,0,0,0,0.000225566,0,0,0,0,0,0,0,0,0,0,0,0,0,0,0,0,0,0,0,0,0,0,0,0,0,0,0,0,0.000161119,0,0,0,0,0,0,0,0,0,0,0,0,0,0,0,0,0,0,0,0,0,0,0,0,0,0,0,0,0,0,0,0,0,0,0,0,0,0,0,0,0,0,0,0,0,0,0,0,0,0,0,0,0,0.000805594,0,0,0,0,0,0,0.004269648,0,0,0,0,1.61E-05,0,0,4.83E-05,0,8.06E-05,0,0,0.001256727,0,0,0,0,0,0,0,0,0,0,0,0,0,0,0,0,0,0,0,0,0,0,0,0,0,0,0,0,0,0,0,0,0,0,0,0,0,0,0,0,0,0,0,0,0,0,0,0,0,0,0,0,0,0,0,0,0,0,0,0,0,0,0,0,0,0,0,0.000193343,0,0,0,0,0,0,0.003190152,0,0,0,0,0,0,0,0,0,0,0,0,0,0,0,0,0,0,0,0,0,0,0,0,0,0,0,0,0,0,0,0,0,0,0,0,0,0,0,0,0,0,0,0,0,0,0,0,0,0,0,0,0
H160SXKB.04,0,0,0,0,0,0,0,0,0,0,0,0,0,0,0,0,0,0,0,0.000242342,0,0,6.46E-05,0,0,0,0.765202921,0.013538839,0,0,0,0,0,0,0,0,0,0,0,0,0,0,0,0,0,0,0.000840119,0,0,0,0,0,0,0,0,0,0,0,0,0,0,0,0,0,0,0,0,0,0,0,0,0,0,0,0,0,0,0,0,0,0,0,0,0,0,0,0,0,0,0,0,0,0,0,0,0,0,0,0,0,0,0,0,0,0,0,0,0,0,0,0,0,0,0,0,0,0,1.62E-05,0,0,0,0,0,0,0,0,0,0,0,0.047951402,0,0,0,0,0,0,0.165471113,0,0,0,0.001050149,0,0,0,0,0,0.000727026,0,0,0.000177717,0,0,0,0,0,0,0,0,0,0,0,0,0,0,0,0,0,0,0,0,0,0,0,0,0,0,0,0,0,0,0,0,0,0,0,0,0,0,0,0,0,0,0,0,0,0,0,0,0,0,0,0,0,0,0,0,0,0,0,0,0,0,0,0,0,0,0,0,0,0,0,0,0,0,0.004394468,0,0,0,0,0,0,0,0,0,0,0,0,0,0,0,0,0,0,0.000306967,0,0,0,0,0,0,0,1.62E-05,0,0,0,0,0,0,0,0,0,0,0,0,0,0,0,0,0,0,0,0,0,0,0,0,0,0
E160SWFX.04,0,0,0,0,0,0,0,0,0,0,0,0,0,0,0,0,0,0,0,7.11E-05,0,0,0,0,0,0,0.62517176,0.075337598,0,0,0,0,0,0,0,0,0,0,0,0,0,0,0,0,0,0,0.000165837,0,0,0,0,0,0,0,0,0,0,0,0,0,0,0,0,0,0,0,0,0,0,0,0,0,0,0,0,0,0,0,0,0,0,0,0,0,0,0,0,0,0,0,0,0,0,0,0,0,0,0,0,0,0,0,0,0,0,0,0,0,0,0,0,0,0,0,0,0,0,0,0,0,0,0,0,0,0,0,0,0,0,0.020409855,0,0,0,0,0,0,0.14965648,0,0,0,2.37E-05,0,0,0,1.18E-05,0,0.000544895,0,0,0.118881782,0,0,0,0,0,0,0,0,0,0,0,0,0,0,0,0,0,0,0,0,0,0,0,0,0,0,0,0,0,0,0,0,0,0,0,0.000142146,0,0,0,0,0,0,0,0,0,0,0,0,0,0,0,0.000296138,0,0,0,0,0,0,0,0,0,0,0,0,0,0,0,0.000307984,0,0,0,0,0,0,0.000509358,0,0,0,0,0,0,0,0,0,0,0,0,0,0,0,0,0,0,0.008386638,0,0,0,0,0,0,0,0,0,0,0,0,0,0,0,0,0,0,0,0,0,0,0,0,0,0,0,0,0,0,0,0,0,8.29E-05
E160V00P.04,0,0,0,0,0,0,0,0,0,0,0,0,0,0,0,0,0,0,0,0,0.000596118,0,0.002181792,0,0.002539463,0,0.024703133,0,0,0,0,0,0,0,0.000417283,0,0,0,0.002646764,0,0,0,0,0,0,0,0.004065525,0,0,0,0,0,0,0,0,0,0,0,0,0,0,0,0,0,0,0,0,0,0,0,0,0,0,0,0,0,0.009263675,0,0,0,0,0,0,0,0,0,0,0,0,0,0,0,0,0,0,0,0,0,0,0,0,0,0,0,0,0,0,0,0,0,0,0,0,0,0,0,0,0,0,0,0,0,0,0,0,0,0,0,0,0.0370547,0,0,0,0,0,0,0.053483714,0,0,0,0.000393438,0.001740665,0,0,0.404990701,0.002324861,0.005126615,0.002229482,0.076625018,0.337259764,0,0,0,0,0,0,0,0.000727264,0,0,0.001287615,0.007010349,0,0,0.008464877,0,0,0,0,0,0,0,0,0,0,0,0,0,0,0,0,0,0,0,0,0,0,0,0,0,0,0,0,0.000286137,0,0,0,0,0,0,0,0,0,0,0,0,0,0,0,0,0,0,0,0,0,0.001442606,0,0.003552864,0,0,0,0,0,0,0.009573656,0,0,0,0,0,0,0,0,0,0,0,0,0,0,0,0,0,0,0,0,0,0,0,0,0,0,1.19E-05,0,0,0,0,0,0,0,0,0,0,0,0,0,0,0,0,0,0,0,0,0,0,0,0,0,0
D160T83D.04,1.03E-05,0,0,0,0,0,0,0,0,0,0,0,0,0,0,0,0,0,0,0,0,0,0.004851963,0,0,0,0.271224759,0.000320023,0,0,0,0,0,0,0.000578106,0,0,0.00012388,0.001280092,0,0.000258083,0,0,6.19E-05,0,0,0.000846513,0.000547136,0,0,0,0,0,0,0,0,0,0,0,0,0,0,0,0,0,0,0,0,0,0,0,0,0,0,0,0.012501548,0.007432795,0,0,0,0,0.030825453,0,0,0,0,0,0.000609076,7.23E-05,0,5.16E-05,0,0,0,0,0,0,0,0,0,0,0,0,0,0,0,0,0,0,0,0,0,0,0,0,0,0,0,0,0,0,0,0,0,0,0,0,0,0,0.001073626,0,0,0,0,0,0,0.002973118,0,0.000103233,0,6.19E-05,0.009373581,0,0,0.00487261,0.030371227,0,0.001342032,0,0.380424908,0,0,0,0,0,0,0,0.003148615,0,0,0,0.081729777,0,0,0,0,0,0,1.03E-05,0.008103811,0,0,0,0,0,0,0,0,0,0,0,0,0,0,0,0,0,0,0,0,0,0,0.000598753,0,0.000691663,0,0,0,0,0,0,0.001094273,0.0003097,0,0,0,0,0,0.001218153,0,0.00071231,0,0,0,0,0,0,0.00027873,0,0,0,0,0,0,0.068474625,0,0,0,0,0,0,0,0,0,0,0,0,0,0.002797622,0,0,0,0,0,0,0,0,0,0,0,1.03E-05,0.065181484,0,0,0,0,0,0,0,0,0,0,0,0,0,0,0.002859561,0,0,0,0,0,0,0.000485196,0,0.000103233,0,0
A160TCFC.04,0,0,0,0,0.001675042,0,0,0,0,0,0,0,0,0,0,0,0,0,0,0.000536537,0,0,0.003729585,0,0.000902952,0,0.001740473,0.000327157,0,0,0.001452575,0,0.00031407,0,0.00041876,0,0,5.23E-05,0.006386097,0,0,0.00020938,0,0.000811348,0,0,0.001976026,0,0,0,0,0,0,0,0,0,0,0,0,0,0,0,0,0,0,0,0,0,0,0,0,0,0,0,0.002002198,0.008401382,0.007066583,0,0,0,0,0.040083229,0,0,0,0,0,0.005195247,0,0,0,0,0,0,0.001007642,0,0,0,0,0,0,0,0,0,0,0,0,0,0,0,0,0,0,0,0,0,0,0.00010469,0,0,0,0,0,0,0,0,0,0,0,0.000170121,0,0,0,0,0,0.000588882,0.023372069,0,0.000261725,0,0,0.009539887,0,0,0.001727387,0.025073283,0,0,0,0.760560616,0,0,0,0,0.000392588,0,0,0.005587835,0,0,0.000824435,0.040279523,0,0,0.001073074,0,0.000850607,0,0.001727387,0.005365369,0,0,0,0,0,0,0,0,0,0,0,0,0,0,0,0.000405674,0,0,0,0,0,0,0,0,0,0.000143949,0,0,0,0,0,0,0,0,0,0,0,0,0,0,0,0,0,0,0,0.000929125,0.000745917,0.000366415,0,0,0,0,0,0,0.03492724,0,0,0,0,0,0,0,0,0,0,0,0,0,0.000157035,0,0,0,0,0,0,0,0,0,0,0,0,0,0,0,0,0,0,0,0,0,0,0,0,0,0,0,0,0,0,0.000405674,0,0,0,0,0,0.000130863,0,0
K160VWKS.04,0,0,0,0,0,0,0,0,0,0,0,0,0,0,0,0,0,0,0,0,0,0,0.001810927,0,0,0,0.343570684,0,0,0,0,0,0,0,0,0,0,0,0.007159477,0,2.11E-05,0,0,0,0,0,0,0,0,0,0,0,0,0,0,0,0.000284273,0,0,0,0,0,0,0,0,0,0.000305331,0,0,0.000347445,0,0,0,0,1.05E-05,0.003274408,0.001126565,0,0,0,0,0.006138199,0,0,0,0,0,0,0.000515904,0,0.000400088,0,1.05E-05,0,0,0,0,0,0,0,0,0,0,0,0,0,0,0,0,0,0,0,0,0,0,0,0,0,0,0,0,0,0,0,0,0.000547489,0,0,0,0.000831763,0,0,0.000558018,0,0.000147401,0,0.00108445,0,0.001642468,0,2.11E-05,0.000357974,0,0,0.026942798,0.003484981,0,0,0,0.47668432,0,0,0,0,0,0,0,0.001442424,0,0,0,0.010065383,0,0,0.000410617,0,0.000442203,0,0,0.001158151,0,0,0,0,0,0,0,0,0,0,0,0,0,0,0,0,0,0,0,0,0,0,1.05E-05,0,0,0.00015793,0,0,0,0,0,0.000726476,0,0.000210573,0,0,0,0,0,0,0,0,0,0,0,0,0.000294802,0.000515904,0,0,0,0,0,0,0.00193727,0,0,0,0,0,0,0,0,0,0,0,0,0,0,0,0,0,0,0,0,0,0,0,0,0,0,0.104823171,0,0,0,0.000368503,0,0,0,0,0,0,0,0,0,0.00015793,0,0,0,0,0,0,0,0,0,0,0,0
K160SY5T.04,0,0,1.24E-05,0,0,0,0,0,0,0,0,0,0,0.00012418,0,0,0,0,0,0.000198689,0,0,0.002483608,0,0,0,0.474567852,4.97E-05,0,0,0,0,0,0,0,0,0,0,0.000682992,0,0.000211107,0,0,0.000186271,0,0,0.001130042,0,0,0,0,0,0,0.00012418,0,0,0,0,0.000620902,0,0,0,0,0,0,0,0,0,0,0,0,0,0,0,0.000360123,0.002297338,0.003986191,0,0,0,0,0.000198689,0,0,0.001937214,0,0,0.000186271,0.00069541,0,0,0,0,0,0,0,0,0,0,0,0,0,0,0,0,0,0,0,0,0,0,0,0,0,0,0,0,0,0,0,0,0,0,0,0,0,0,0,0,0.001800616,0,0,0,0,0,0,0.001477747,0,0,0,4.97E-05,0.0072273,0,0,0.073614147,0.007488079,3.73E-05,0,0,0.389690542,0,0,0,0,0,0,0,0.001117624,0,0,0,0.011623286,0,0,0.001924796,0,0.000111762,0,2.48E-05,0.000807173,0,0,0,0,0,0,0,0,0,0,0,0,0,0,0,0.000732664,0,0,0,0,0,0,0,0,0.000409795,6.21E-05,0,0,0,0,0,0,0,0,0,0,0,0,0,0,0,0,0,0,0,0,0,0,0,0,0,0,0,0,0.009537055,0,0,0,0,0,0,0,0.001800616,0,0,0,0,0,1.24E-05,0,0,0,0,0,0,0,0,0,0,0,0.000223525,0,0,0,0,0,0,0,0,0,0,0,0,0,0,0.000173853,0,0,0,0,0,0,0,0,0,0,0,0
G160TYJ6.04,0,0,0,0,0,0,0,0,0,0,0,0,0,0,0,0,0,0,0,0,0,0,0,0,0,0,0.002089344,0,0,0,0,0,0,0,0,0,0,0,0,0,0,0,0,0,0,0,0.015023381,0,0,0,0,0,0,0,0,0,0,0,0,0,0,0,0,0,0,0,0,0,0,0,0,0,0,0,0,0,0,0,0,0,0,0.010148244,0,0,0,0,0,0,0.000198985,0,0,0,0,0,0,0,0,0,0,0,0,0,0,0,0,0,0,0,0,0,0,0,0,0,0,0,0,0,0,0,0,0,0,0,0,0,0,0,0,0,0,0,0,0,0,0,0.000994926,0,0,0,0,0.021291414,0,0,0,0.036016317,0,0,0,0.833847378,0,0,0,0,0,0,0,0.004178689,0,0,0,0.046861009,0,0,0,0,0,0,0,0,0,0,0,0,0,0,0,0,0,0,0,0,0,0,0,0,0,0,0,0,0,0,0.003482241,0,0,0,0,0,0,0,0,0,0,0,0,0,0,0,0,0,0,0,0,0,0,0,0,0,0,0,0,0,0,0,0.02537061,0,0,0,0,0,0,0,0,0,0,0,0,0,0,0,0,0,0,0,0,0,0,0,0,0,0,0.000198985,0,0,0,0,0,0,0,0,0,0,0,0,0,0.000298478,0,0,0,0,0,0,0,0,0,0,0,0
G160T165.04,0,0,0,0,0,0,0,0,0,0,8.58E-06,0,0,0,0,0,0,0,0,0,0,0,0.00060058,0,0,0,0.527540882,0,0,0,0,0,0,0,8.58E-06,0,0,0,3.43E-05,0,0,0,0,0,0,0,3.43E-05,0,0,0,0,0,0,0,0,0,0,0,0,0,0,0,0,0,0,0,0,0,0,0,0,0,0,0,0,0.000463305,5.15E-05,0,0,0,0,0.000120116,0,0,0,0,0,0,4.29E-05,0,8.58E-06,0,0,0,0,0,0,0,0,0,0,0,0,0,0,0,0,0,0,0,0,0,0,0,0,0,0,0,0,0,0,0,0,0,0,0,0,0,0,0.000205913,0,0,0,0,0,0,0.000214493,0,0,0,0,0.000583421,0,0,0.010038266,0.000420406,0,0,0,0.456046125,0,0,0,0,0,0,0,0,0,0,0,0.002479537,0,0,0,0,0,0,0,0,0,0,0,0,0,0,0,0,0,0,0,0,0,0,0,5.15E-05,0,0,0,8.58E-06,0,0,0,0,0,0.000566261,0,0,0,0,0,0.000163015,0,6.86E-05,0,0,0,4.29E-05,0,0,0,0,0,0,0,0,0,0,0,0,0,0,0,0,0.000171594,0,0,0,0,0,0,0,0,0,0,0,0,0,8.58E-06,0,0,0,0,0,0,0,0,0,0,0,0,8.58E-06,0,0,0,0,0,0,0,0,0,0,0,0,0,0,8.58E-06,0,0,0,0,0,0,0,0,0,0,0
K160TXRQ.04,0,0,0,0,0,0,0,0,0,0,0,0,0,7.42E-05,0,0,0,0,0,0,0,0,0.001157579,0,0,0,0.913879077,8.90E-05,0,0,0,0,0,0,0,0,0,0,0.000831082,0,0,0,0,0,0,0,0.002018343,0,0,0,0,0,0,0,0,0,0,0,0,0,0,0,0,0,0,0,0,0,0,0,0,0,0,0,0,0.001053694,0.000430382,0,0,0,0,0.001380191,0,0,0,0,0,5.94E-05,8.90E-05,0,0,0,0,0,0,0,0,0,0,0,0,0,0,0,0,0,0,0,0,0,0,0,0,0,0,0,0,0,0,0,0,0,0,0,0,0,0,0,0,0.000920127,0,0,0,0,0,0,0.002893948,0,0,0,2.97E-05,0.001053694,0,0,0.012866938,0.00195898,4.45E-05,0.00019293,0,0.05085928,0,0,0,0,0,0,0,0.000118726,0,5.94E-05,0,0.002879107,0,0,4.45E-05,0,0,0,1.48E-05,0.001053694,0,0,0,0,0,0,0,0,0,0,0,0,0,0,0,0,0,0,0,0,0,0,0,0,0,0,0,0,0,0,0,0.000326497,0,5.94E-05,0,0,0,0,0,0,0,0,0,0,0,0,0.000163248,0.000133567,0,0,0,0,0,0,0.002953311,0,0,0,0,0,0,0,0,0,0,0,0,0,0,0,0,0,0,0,0,0,0,0,0,0,0,0,0,0,0,0.000237452,0,0,0,0,0,0,0,0,0,5.94E-05,1.48E-05,0,0,0,0,0,0,0,0,0,0,0
B160T1TH.04,0,0,0,0,0,0,0,0,0,0,0.000287484,0,0,0,0,0,0,0,0,0,0,0,0.000953924,0,0,0,0.742283668,0,0,0,0,0,0,0,0,0,0,0.000143742,0,0,0,0,0,0,0,0,0.000522698,0,0,0,0,0,0,0,3.92E-05,0,0,0,0,0,0,0,0,0,0,0,0,0,0,0,0,0,0,0,1.31E-05,0.000156809,0.00010454,0,0,0,0,0.000496563,0,0,0,0,0,0,0,0,0,0,0,0,0,0,0,0,0,0,0,0,0,0,0,0,0,0,0,0,0,0,0,0,0,0,0,0,0,0,0,0,0,0,0,0,0,0,0,0.004377597,0,0,0,0,0,0,0.000431226,0,0,0,6.53E-05,0.002247602,0,0,0.033165199,0.005161644,0,0,0,0.06980634,0,0,0,0,0,0,0,0.000352821,0,0,0,0.00795808,0,0,0.001293678,0,0,0,6.53E-05,0.000143742,0,0,0,0,0,0,0,0,0,0,0,0,0,0,0,0,0,0,0,0,0.000457361,0,0,0,0,0,0,0,0,0,0,0,0,0,0,0,0,0,0,0,0,0,0,0,0,0,0,0.000117607,0.000261349,0,0,0,0,0.000156809,0.127682095,0,0.000117607,0,0,0,0,0,0,0,0,0,0,0,0.000287484,0,0,0,0,0,0,0,0,0,0,0,0,0.000731777,0,0,0,0,0,0,0,0,0,0,0,0,0,0,0,0,0,0,0,0,0,0,0,0,0,0.000117607
E160T47C.04,0,0,0,0,0,0,0,0,0,0,0,0,0,0,0,0,0,0,0,0,0,0,0.002959876,0,0,0,0.462921915,0.004366812,0,0,2.65E-05,0,0,0,0,0,0,3.98E-05,0.006994863,0,0,0,0,0,0,0,0.000424736,0,0,0,0,0,0,0,0,0,0,0,0.000477827,0,0,0,0,0,0,0,0,0,5.31E-05,0,0,0,0,0,1.33E-05,0.003238608,0.002628051,0,0,0,0,0.000929109,0,0,0,0,0,0.000292006,0.000517646,0,0,0,0,0,0,0,0,0,0,0,0,0,0,0,0,0,0,0,0,0,0,0,0,0,0,0,0,0,0,0,0,0,0,0,0,0,0,0,0,0.000172549,0,0,0,0,0,0,0.000530919,0,0,0,0,0.002216589,0,0,0.190971715,0.004698637,0.000252187,0,0,0.219747548,0,0,0,0,0,0,0,0.000225641,0,0,0,0.022510983,0,0,5.31E-05,0,0,0,0,0.000172549,0,0,0,0,0,0,0,0,0,0,0,0,0,0,0,0.000199095,0,0,0,0,0,0,0,0,0,0,0,0,9.29E-05,0,0,0.000530919,0,0,0,0,0,0,0,0,1.33E-05,0,0,0,0,0,0,0.00013273,0,0,0,0,0,0,0.067838229,0,0,0,0,0,0,0,0,0,0,0,0,0,0,0,0,0,0,0.00013273,0,0,0,0,0,0,0,0,1.33E-05,0,0,0.003610252,0,0,0,0,0,0,0,0,0,0,0,0,0,0,0,0,0,0,0,0,0,0
A160W62T.04,0,0,3.09E-05,0,0,0,0,0,0,0,0,0,0,0,0,0,0,0,0,0,0,0,7.72E-05,0,0,0,0.054872543,0,0,0,5.40E-05,0,1.54E-05,0,0,0,0,0,0,0,0.046992815,3.86E-05,0,0,0,0,0.00108819,3.86E-05,0,0,0,0,0,0,0,0,0,0,0,0,0,0,0,0,0,0,0,0,0,0,0,0,0,0,0,9.26E-05,0,0,0,0,0,0,0,0,0,0,0,1.54E-05,0,0,0,0,0,0,0,0,0,0,0,0,0,0,0,0,0,0,0,0,0,0,0,0,0,0,0,0,0,0,0,0,0,0,0,0,0,0,0,0,0,0,0,0,0,0,0,0,0.000138918,0,0,0,0,0.000108047,0,0,0.002037462,0.000192941,0,7.72E-06,4.63E-05,0.883015752,0,0,0,0,0,0,0,6.17E-05,0,0,0,0.000470777,0,0,0,0,0,0,0,6.17E-05,0,0,0,0,0,0,0,0,0,0,0,0,0,0,0,8.49E-05,0,0,0,0,0,0,0.000123483,0,0,0,8.49E-05,0,0,0,0,0,0,0,0,0,0,0,0,0,0,0,0,0,0,0,0,0,3.86E-05,0,0,0,0,0,0,0,0,0,0,0,0,0,0,0,0,0,0,0,0,0,0,0,0,0,0,0,0,0,0,0,0,0.010110131,0,0,0,9.26E-05,0,0,0,0,0,0,0,0,0,7.72E-06,0,0,0,0,0,0,0,0,0,0,0,0
G160TB6J.04,0,0,0,0,0,0,0,0,0,0,0,0,0,0,0,0,0,0,0,0,0,0,0.012697635,0,0,0,1.44E-05,0,0,0,0,0,0,0,0,0,0,0,0,0,0.00340141,0,0,0,0,0,0.008417047,0.004770621,0,0,0,0,0,0,0,0,0,0,0,0,0,0,0,0,0,0,0,0,0,0,0,0,0,0,0,0.017756511,0.047374717,0,0,0,0,0.011861695,0,0,0,0,0,0.010564548,0.001052131,0,0,0,0,0,0,0,0,0,0,0,0,0,0,0,0,0,0,0,0,0,0,0,0,0,0,0,0,0,0,0,0,0,0,0,0,0,0,0,0,0.000518859,0,0.005145353,0,0,0,0,0.011227534,0,0,0,0,0.028003978,0,0,0,0.049637519,0,1.44E-05,0.002291628,0.39231512,0,0,0,0,0,0,0,0.003257282,0,0,0,0.027686897,0,0,0.011876108,0,0,0,1.44E-05,0,0,0,0,0,0,0,0,0,0,0,0,0,0,0,0,0,0,0,0,0,0,0,0.00471297,0,0,0,0,0,0,0,0,0,0,0,0,0,0,0,0,0,0.006918121,0,0,0,0,0,0.014038021,0.003704077,0,0,0,0,0,0,0.071299886,0,0,0,0,0,0,0,0,0,0,0,0,0,0.00487151,0,0,0,0,0,0,0,0,0,0,0,0,0.229321303,0,0,0,0,0,0,0,0,0,0.005375957,0,0,0,0,0,0,0,0,0,0,0,0,0,0,0,0.009858323
J160T7Q5.04,0.000122206,0,0,0,0,0,0,0,0,0,0,0,0,0,0,0,0,0,0,0,0,0,0.009599978,0,0,0,0.800247128,5.43E-05,0,0,0,0,0,0,0,0,0,0,0.000108628,0,4.07E-05,0,0,0,0,0,6.79E-05,0,0,0,0,0,0,0,0,0,0,0,0,0,0,0,0,0,0,0,0,0,0,0,0,0,0,0,0,0.000162942,0.010414686,0,0,0,0,0.001452896,0,0,0,0,0,0,0.000122206,0,0,0,0,0,0,0,0,0,0,0,0,0,0,0,0,0,0,0,0,0,0,0,0,0,0,0,0,0.000108628,0,0,0,0,0,0,0,0,0,0,0,0.000162942,0,0,0.000122206,0,0,0,0.000122206,0,0,0,0,0.002335497,0,0,0.015465877,0.014637591,0,0.000149363,0,0.115674986,0,0,0,0,0,0,0,0.001751623,0,0,0,0.017013823,0,0.000162942,0.000149363,0,8.15E-05,0,0,0.001900986,0,0,0,0,0,0,0,0,0,0,0,0,0,0,0,0,0,0,0,0,0,0,0,0,0,5.43E-05,0,0,0,0,0,0.00044809,0,0,0,0,0,0,0,0,0.000312305,0,0,0,0,0,0.000162942,0,2.72E-05,0,0,0,0,0,0.004711729,0,0,0,0,0,0,0,0,0,0,0,0,0,0.001059121,0,0,0,0,1.36E-05,0,0,0,0,0,0,4.07E-05,0.000461668,0,0,0,1.36E-05,0,0,0,0,0,0,0,0,0,0.000108628,0.000339462,0,0,0,0,0,0,0,0,0,0,1.36E-05
A160WDQ1.04,0,0,0,0,0,0,0,0,0,0,0,0,0,0,0,0,0,0,0,0,0,0,0.001401348,0,0,0,0.694627429,0,0,0,0,0,0,0,0,0,0,0,0,0,0.036424024,0,0,0,0,0,0.000397233,0,0,0,0,0,0,0,0,0,0,0,0,0,0,0,0,0,0,0,0,0,0,0,0,0,0,0,0,0.007216392,0.002019266,0,0,0,0,0.007492248,0,0,0,0,0,0,1.10E-05,0,0,0,0,0,0,0,0,0,0,0,0,0,0,0,0,0,0,0,0,0,0,0,0,0,0,0,0,0,0,0,0,0,0,0,0,0,0,0,0,2.21E-05,0,0,0.002262019,0,0,0,0.003453717,0,0,0,0,0.018945789,0,0,0.018085118,0.008187406,0,0,2.21E-05,0.11944564,0,0,0,0,0,0,0,0,0,0,0,0.001599965,0,0,0,0,0,0,0.002096505,0.001268938,0,0,0,0,0,0,0,0,0,0,0,0,0,0,0,0,0,0,0,0,0,0,0,0,0,0,0,0,0,0,0,0,0,0,0,0,0,0,0,0,0,0,0,0,0,0,0,0.000419301,0,0,0,0,0,0,0.03053174,0,0,0,0,0,0,0,0,0,0,0,0,0,0,0,0,0,0,0,0,0,0,0,0,0,0,0.043342492,0,0,0,0,0,0,0,0,0,0,0,0,0,0,0,0,0,0,0,0,0,0,0,0,0,0.00072826
F160SS3T.04,0,0,0,0,0,0,0,0,0,0,0,0,0,0,0,4.50E-05,0,0,0,0,0,0,0.000108006,0,0,0,0.949966248,9.00E-06,0,0,0,0,0,0,0,0,0,0,5.40E-05,0,0,0,0,0,0,0,0,0,0,0,0,0,0,0,0,0,0,0,0,0,0,0,0,0,0,0,0,0,0,0,0,0,0,0,0,9.00E-05,0.000261014,0,0,0,0,0.000702039,0,0,4.50E-05,0,0,0,0,0,0,0,0,0,0,0,0,0,0,0,0,0,0,0,0,0,0,0,0,0,0,0,0,0,0,0,0,3.60E-05,0,0,0,0,0,0,0,0,0,0,0,0.007326403,0,0,0,0,0,0,0.014517798,0,0,0,0.000261014,0.000171009,0,0,0,0.000279015,0,1.80E-05,0.000153008,0.008397462,0,0,0,0,0,0,0,9.00E-06,0,0,0,0.00018901,0,0,0.000495027,0,9.00E-06,0,8.10E-05,0.000279015,0,0,0,0,0,0,0,0,0,0,0,0,0,0,0,1.80E-05,0,0,0,0,0,0,1.80E-05,0,0,0,0,0,0,0,0,0,0,0,0,0,0,0,0,0,0,0,0,0,0,0,0,0,9.00E-06,0,0,0,0,0,0.016317897,0,0,0,0,0,0,0,0,0,0,0,0,0,0,0,0,0,0,9.00E-06,0,0,0,0,0,0,0,0,0,0,0,0,0,0,0,0,0,0,0,0,0,0,0,0,0,0,0,0,0,0,0,0.000126007,0,0
C160SYY8.04,0,0,0,0,0,0,0,0,0,0,0,0,0,0,0,0,0,0,0,0,0,0,0,0,0,0,0.045878683,0,0,0,0,0,0,0,0,0,0,0,0,0,0.000144769,0,0,0,0,0,0,0,0,0,0,0,0,0,0,0,0,0,0,0,0,0,0,0,0,0,0,0,0,0,0,0,0,0,0,0,0,0,0,0,0,0,0,0,0,0,0,0,0,0,0,0,0,0,0,0,0,0,0,0,0,0,0,0,0,0,0,0,0,0,0,0,0,0,0,0,0,0,0,0,0,0,0,0,0,0,0,0,0,0.003040154,0,0,0,0,0,0,0.157745812,0,0,0,0,0,0,0,0,0,0,0,0,0.660252951,0,0,0,0,0,0,0,0,0,0,0,0,0,0,0.000184252,0,0,0,0,0,0,0,0,0,0,0,0,0,0,0,0,0,0,0,0,0,0,0,0,0,0,0,0,0,0,0,0,0,0,0,0,0,0,0,0,0,0,0,0,0,0,0,0,0,0,0,0,0,0,0,0,0,0,0,0,0,0,0,0,0,0,0,0,0,0,0,0,0,0,0,0,0,0,0.132753379,0,0,0,0,0,0,0,0,0,0,0,0,0,0,0,0,0,0,0,0,0,0,0,0,0,0,0,0,0,0,0,0,0,0
F160SXL7.04,0,0,0,0,0,0,0,0,0,0,0,0,0,0,0,0,0,0,0,0.011934372,0,0,0,0,0.000106748,0,0.784871743,0.003853585,0,0,0,0,0,0,0,0,0,0.000149447,0,0,0,0,0,0,0,0,0,0,0,0,0,0,0,0,0,0,0,0,0,0,0,0,0,0,0,0,0,0,0,0,0,0,0,0,0,0,0,0,0,0,0,0,0,0,0,0,0,0,0,0,0,0,0,0,0,0,0,0,0,0,0,0,0,0,0,0,0,0,0,0,0,0,0,0,0,0,0,0.005081181,0,0,0,0,0,0,0,0,0,0,0,0.006041909,0,0,0,0,0,0,0.170475774,0,0,0,1.07E-05,0,0,0,0,0,0,0,0,0.011475357,0,0,0,0,0,0,0,0,0,0,0,0,0,0,0,0,0,0,0,0,0,0,0,0,0,0,0,0,0,0,0,0,0,0,0,0,0,0,0,0,0,0,0,0,0,5.34E-05,0,0,0,0,0,0,0,0,0,0,0,0,0,0,0,0,0,0,0,0,0,0,0,0,0,0,0,0,1.07E-05,0,0,0,0,0,0,0,0,0,0,0,0,0,0,0,0,0,0,0.001921455,0,0,0,0,0,0,0,2.13E-05,0,0,0,0,0,0,0,0,0,0,0,0,0,0,0,0,0,0,0,0,0,0,0,0,0,0.003992357
G160TJ8P.04,0,0,0,0,0,0,0,0,0,0,0,0,0,0,0,0,0,0,0,0,0,0,0.00047693,0,0,0,0.004968944,0,0,0,0,0,0,0,0,0,0,0,0.000432564,0,1.11E-05,0,0,0,0,0,0.000177462,0,0,0,0,0,0,0,0,0,0,0,0,0,0,0,0,0,0,0,0,0,0,0,0,0,0,0,0,0,0.002340284,0,0,0,0,0,0,0,0,0,0,0,0,0,0,0,0,0,0,0,0,0,0,0,0,0,0,0,0,0,0,0,0,0,0,0,0,0,0,0,0,0.000543478,0,0,0,0,0,0,0,0,0,0,0,0.027007542,0,0,0,0,0,0,0.028704525,0,0.000931677,0,0.000133097,0,0.000288376,0,0.000377107,0,0,0,0.001774623,0.091736912,0,0,0,0,0,0,0,0,0,0,0,0.004292369,0,0,0.004791482,0,0.000210736,0,0,0,0,0,0,0,0,0,0,0,0,0,0,0,0,0,0,0,0,0,0,0,0,0,0,0,0,0,0,0,0,0,0,0,0,0,0,0,0,0,0,0,0,0,0,0,0,0,0,0,0,0,0,0,0,0,0.829591837,0,0,0,0,0,0,0,0,0,0,0,0,0,0,0,0,0,0,0,0,0,0,0,0,0,0,0.001208962,0,0,0,0,0,0,0,0,0,0,0,0,0,0,0,0,0,0,0,0,0,0,0,0,0,0
C160SN59.04,0,0,0,0,0,0,0,0,0,0,0,0,0,0,0,0,0,0,0,0,0,0,0,0,0,0,0.366608008,9.83E-06,0,0,0,0,0,0,0,0,0,0,0,0,0,0,0,0,0,0,9.83E-06,0,0,0,0,0,0,0,0,0,0,0,0,0,0,0,0,0,0,0,0,0,0,0,0,0,0,0,0,0,0,0,0,0,0,0,0,0,0,0,0,0,0,0,0,0,0,0,0,0,0,0,0,0,0,0,0,0,0,0,0,0,0,0,0,0,0,0,0,0,0,0,0,0,0,0,0,0,0,0,0,0,0,0.000501381,0,0,0,0,0,0,0.004846685,0,0,0,0,0.001110904,0,0,0.004768037,0,0,0,0,0.619549937,0,0,0,0,0,0,0,0,0,0,0,0.00185806,0,0,0.000560367,0,0,0,0,0,0,0,0,0,0,0,0,0,0,0,0,0,0,0,0,0,0,0,0,0,0,0,0,0,0,0,0,0,0,0,0,0,0,0,0,0,0,0,0,0,0,0,0,0,0,0,0,0.000167127,0,0,0,0,0,0,0,0,0,0,0,0,0,0,0,0,0,0,0,0,0,0,0,0,0,0,0,0,0,0,0,0,0,9.83E-06,0,0,0,0,0,0,0,0,0,0,0,0,0,0,0,0,0,0,0,0,0,0,0,0,0,0
K160TF10.04,0,0,0,0,0,0,0,0,0,0,0,0,0,0,0,0,0,0,0,0,0,0,0.000135785,0,0,0,0.152158416,0,0,0,0.000101839,0,0,0,0,0,0,0,0,0,0,0,0,0,0,0,0.003564356,0,0,0,0,0,0,0,0,0,0,0,0,0,0,0,0,0,0,0,0,0,0,0,0,0,0,0,0,0.000452617,0.000248939,0,0,0,0,0,0,0,0,0,0,0.001346535,0.001278642,0,0,0,0,0,0,0,0,0,0,0,0,0,0,0,0,0,0,0,0,0,0,0,0,0,0,0,0,0,0,0,0,0,0,0,0,0,0,0,0,0.006076379,0.000135785,0,0.00012447,0,0,0,0.195405941,0,0,0,2.26E-05,0.009312588,0,0,0,0.000214993,0.000181047,0.000169731,0,0.626557284,0,0,0,0,0,0,0,0.000237624,0,0,0,0,0,0,0.00054314,0,0,0,0,0,0,0,0,0,0,0,0,0,0,0,0,0,0,0,0,0,0,0,0,0,0,0,0,0,0,0,0,0.000237624,0,0,0,0,0,0,0,0,0,0,0,0,0,0,0,0,0,0,0,0,0,0,0,0,0,0,0.000113154,0,0,0,0,0,0,0.000316832,0,0,0,0,0,0,0,0,0,0,0,1.13E-05,0,0,0,0,0,0,0,0,0,0,0,0,0,0,0,0,0,0,0,0,0,0,0,0,0,0,0,0,0,0,0,0,0,0.001052334
K160SVPT.04,0,0,0,0,0,0,0,0,0,0,0,0,0,0,0,0,0,0,0,0,0,0,0.000918281,0,0,0,0.020617404,2.40E-05,0,0,0,0,0,0,0,0,0,0,0.000119776,0,3.99E-05,0,0,0,0,0,0.000542984,0,0,0,0,0,0,0,0,0,0,0,0,0,0,0,0,0,0,0,0,0,0,0,0,0,0,0,0,2.40E-05,0.002978424,0,0,0,0,0,0,0,0,0,0,0,0.000902311,0,0,0,0,0,0,0,0,0,0,0,0,0,0,0,0,0,0,0,0,0,0,0,0,0,0,0,0,0,0,0,0,0,0,0,0,0,0,0,0,0.001117907,0,0,0,0,0,0,0.005054538,0,0,0,7.99E-06,0.007969082,0,0,0,0.001892457,7.99E-06,0,0,0.951410959,0,0,0,0,0,0,0,3.99E-05,0,0,0,0.00540588,0,0,1.60E-05,0,0,0,7.99E-06,0.000383282,0,0,0,0,0,0,0,0,0,0,0,0,0,0,0,0,0,0,0,0,0,0,0,0,0,7.99E-06,0,0,0,0,0,0,0,0,0,0,0,0,0,0,0,0,0,0,0,0,0,0,0,0,0,0,0,0,9.58E-05,0,0,0,0,0,0,0,0,0,0,0,0,0,0.000311417,0,0,0,0,7.99E-06,0,0,0,0,0,0,9.58E-05,0,0,0,0,0,0,0,0,0,0,0,0,0,0,0,0,0,0,0,0,0,0,0,0,0,0,0
K160TL71.04,0,0,0,0,0,0,0,0,0,0,0,0,0,0,0,0,0,0,0,0,0,0,0.000540346,0,0.000105067,0,0.268942123,0,0,0,0,0,0,0,0,0,0,0,0.000705451,0,0,0,0,0,0,0,0.000225144,0,0,0,0,0,0,0,0,0,0,0,0,0,0,0,0,0,0,0,0,0,0,0,0,0,0,0,0.000225144,0.000675432,0.000645413,0,0,0,0,0.003106988,0,0,0,0,0,0.000195125,9.01E-05,0,0,0,0,0,0,0,0,0,0,0,0,0,0,0,0,0,0,0,0,0,0,0,0,0,0,0,0,7.50E-05,0,0,0,0,0,0,0,0,0,0,0,0.000255163,0,0,0,3.00E-05,0,0,0.000180115,0,0,0,0,0.001651057,0,0,0.03732889,0.002566643,0,0.000270173,0.000315202,0.620467099,0,0,0,0,0,0,0,0.000435279,0,1.50E-05,0.001425913,0.004367795,0,0,0.000135086,0,0,0,0,0.003091979,0,0,0,0,0,0,0,0,0,0,0,0,0,0,0,0,0,0,0,0,0,0,0,0,0,0,0,0,0,0,0,0,0,0,0,0,0,0,0,0,0,0,0,0,0,0.000120077,0,0,0,0,0,0,0,0,0.007714938,0,0,0,0,0,0,0,0,0,0,0,0,0,0,0,0,0,0,0,0,0,0,0,0,0,0,0.043978146,0,0,0,0.000120077,0,0,0,0,0,0,0,0,0,0,0,0,0,0,0,0,0,0,0,0,0,0
H160T0LB.04,0,0,0,0,0,0,0,0,0,0,0,0,0,0,0,0,0,0,0,0,0,0,0,0,0,0,0.004697987,0,0.000625381,0,0,0,0,0,0,0,0,0,0,0,0,0,0,0,0,0,0,0,0,0,0,0,0,0,0,0,0,0,0,0,0,0,0,0,0,0,0,0,0,0,0,0,0,0,0,0,0,0,0,0,0,0,0,0,0,0,0,0,0,0,0,0,0,0,0,0,0,0,0,0,0,0,0,0,0,0,0,0,0,0,0,0,0,0,0,0,0,0,0,0,0,0,0,0,0,0,0,0,0,0.024328859,0,0,0,0,0,0,0.566976815,0,0,0,0,0.165527761,0,0,0,0,0,0,0,0.237126297,0,0,0,0,0,0,0,0,0,0,0,0,0,0,0,0,0,0,0,0,0,0,0,0,0,0,0,0,0,0,0,0,0,0,0,0,0,0,0,0,0,0,0,0,0,0,0,0,0,0,0,0,0,0,0,0,0,0,0,0,0,0,0,0,0,0,0,3.05E-05,0.000259304,0,0,0,0,0,1.53E-05,0,0,0,0,0,0,0,0,0,0,0,0,0,0,0,0,0,0,0,0,0,0,0,0,0,0,0,0,0,0,0,0,0,0,0,0,0,0,0,0,0,0,0,0,0,0,0,0,0,0,0,0,0.000411836
B160TYH9.04,0,0,0,0,0,0,0,0,0,0,0,0,0,0,0,0,0,0,0,0,0,0,0.022865942,0,2.91E-05,0,0.024347725,0,0,0,0,0,0,0,0,0,0,0,0.021500378,0,0,0,0,0,0,0,0.018885467,0,0,0,0,0,0,0,0,0,0,0,0,0,0,0,0,0,0,0,0,0,0,0,0,0,0,0,0,0,0.002760184,0,0,0,0,0,0,0,0,0,0,0,0,0,0,0,0,0,0,0,0,0,0,0,0,0,0,0,0,0,0,0,0,0,0,0,0,0,0,0,0,0,0,0,0,0,0,0,0,0,0,0,0,0.007554187,0,0,0,0,0,0,0.082311581,0,0,0,0,0.002731129,0,0,0.000581091,0.033093149,0,0,2.91E-05,0.710238829,0,0,0,0,0,0,0,0,0,0,0,0.050642106,0,0,5.81E-05,0,0,0,0,0,0,0,0,0,0,0,0,0,0,0,0,0,0,0,0,0,0,0,0,0,0,0,0.008542042,0,0,0,0,0,0,0,0,0,0,0,0,0,0,0,0,0,0.013800918,0,0,0,0,0,0,0,0,0,0,0,0,0,2.91E-05,0,0,0,0,0,0,0,0,0,0,0,0,0,0,0,0,0,0,0,0,0,0,0,0,0,0,0,0,0,0,0,0,0,0,0,0,0,0,0,0,0,0,0,0,0,0,0,0,0,0,0,0,0
H160T4QV.04,1.19E-05,0,0,0,0,0,0,0,0,0,0,0,0,0,0,0,0,0,0,0,0,0,0.000936863,0,0,0,0.207058489,0,0,0,0,0,0,0,0,0,0,0.000426925,0.000865708,0,0,0,0,0,0,0,0.000462502,0,0,0,0,0,0,0,0,0,0,0,0,0,0,0,0,0,0,0,0,0,0,0,0,0,0,0,0,0.001126607,0.00181443,0,0,0,0,0.001067312,0,0,0,0,0,0.000343912,0,0,0,0,0,0,0,0,0,0,0,0,0,0,0,0,0,0,0,0,0,0,0,0,0,0,0,0,0,0.003213794,0,0,0,0,0,0,0,0,0,0,0,8.30E-05,0,0,0,0,0,0,0.003854181,0,0,0,0,0.002561548,0,0,0.0067715,0.028663251,0,0,0,0.650929747,0,0,0,0.000308335,0,0,0,0.000758977,0,0,0,0.013282102,0,0,7.12E-05,0,0,0,0,0.001292633,0,0,0,0,0,0,0,0,0,0,0,0,0,0,0,0,0,0,0,0,0,0,5.93E-05,0,0,0,0,0,0,0,0,0,0,0,0,0,0,0,0,0,0.000284616,0,0,0,0,0,0.000201603,0,0,0,0,0,0,0,0.070217257,0,0,0,0,0,0,0,0,0,0,0,0,0,0.000545515,0,0,0,0,0,0,0,0,0,0,0,0,1.19E-05,0,0,0,0.002775011,0,0,0,0,0,0,0,0,0,0,0,0,0,0,0,0,0,0,0,0,0,0
H160VYZZ.04,0,0,0,0,0,0,0,0,0,0,0,0,0,0,0,0,0,0,0,0,0,0,0.012950704,0,0,0,0.020197313,0.013239925,0,0,0,0,0,0,0,0,0,0,0.006893117,0,0,0,0,0,0,0,0.031027058,0,0,0,0,0,0,0,0.005559483,0,0,0,0,0,0,0,0,0,0,0,0,0,0,0,0.006089723,0,0,0,1.61E-05,0,0,0,0,0,0,0.004547207,0,0,0,0,0,0.007262678,3.21E-05,0,0,0,0.00626647,0,0,0,0,0,0,0,0,0,0,0,0,0,0,0,0,0,0,0,0,0,0,0,0,0.212095893,0,0,0,0,0,0,0,0,0,0,0,6.43E-05,0,0,0.014348609,0,0,0,0.012918568,0,0,0,0,0,0,0,3.21E-05,1.61E-05,0,0,3.21E-05,0.549183752,0,0,1.61E-05,0,0,0,0,0,0,0,0,4.82E-05,0,0,0.000144611,0,0,0,0,0,0,0,0,0,0,0,0,0,0,0,0,0,0,0,0,0.007455492,0,0,0.00769651,0,0,0,0.007391221,0,0,0,0,0,0,0,0,0,0,0,0,0,0.061363198,0,0,0,0,0,0,0,0,0,0,0,0,0,0,0,0,0,0.005382737,0,0,0,0,0,0,0,0,0,0,0,0,0,1.61E-05,0,0,0,0,0,0,0,0,0,0,0,0,0,0,0,0,0.007712578,0,0,0,0,0,0,0,0,0,0,0,0,0,0,0,0,0,0,0,0,0,0
F160WR6Z.04,0,0,0,0,0,0,0,0,0,0,0,0,0,0,0,0,0,0,0,0,0,0,0.001319431,0,0.002268778,0,0.490232992,0,0,0,0,0,0,0,0,0,0,0,0,0,0.000530991,0,0,0,0,0,0.01655725,0,0,0,0,0,0,0,0,0,0,0,0,0,0,0,0,0,0,0,0,0,0,0,0,0,0,0,0,0.006516702,0.004698462,0,0,0,0,0.000933256,0,0,0,0,0,0,1.61E-05,0,0,0,0,0,0,0,0,0,0,0,0,0,0,0,0,0,0,0,0,0,0,0,0,0,0,0,0,0,0,0,0,0,0,0,0,0,0,0,0,0.00025745,0,0,1.61E-05,0,0,0,0.01163352,0,0,0,0,0.008721117,0,0,0.079552037,0.0178445,0,6.44E-05,0,0.139103431,0,0,0,0,0,0,0,0,0,0,0,0.005776533,0,0,0.005824805,0,0,0,0,0.000160906,0,0,0,0,0,0,0,0,0,0,0,0,0,0,0,0,0,0,0,0,0,0,0,0,0,0,0,0,9.65E-05,0,0,0,0,0,0,0,0,0,0,0,0,0,0,0,0,0,0,0,0,0,0,0,0,0,0.199942074,0,0,0,0,0,0,0,0,0,0,0,0,0,0,0,0,0,0,0,0,0,0,0,0,0,0,0.003491665,0,0,0,0,0,0,0,0,0,0,0,0,0,0,0,0,0,0,0,0,0,0,0,0,0,0.004441012
F160SC25.04,0,0,0,0,0,0,0,0,0,0,0,0,0,0,0,0,0,0,0,4.23E-05,0,0,0.001249272,0,0,0,0.060197978,0.000148219,0,0,0,0,0,0,0.000116458,0,0,0,0,0.000211741,0,0,0,0,0,0,0.000677571,0,0,0,0,0,0,0,0,0,0,0,0,0,0,0,0,0,0,0,0,0,0,0,0,0,0,0,0,0.000317612,7.41E-05,0,0,0,0,0.000381134,0,0,0,0,0,2.12E-05,6.35E-05,0,1.06E-05,0,0,0,0,0,0,0,0,0,0,0,0,0,0,0,0,0,0,0,0,0,0,0,0,0,0,0.000190567,0,0,0,0,0,0,0,0,0,0,0,0.011603409,0,0,0,0,0,0,0.823535017,0,0,0,0.000105871,0.002265629,0,0,0.000105871,6.35E-05,0,0,0,0.095463448,0,0,0,0,0,0,0,0,0,0,0,0.001312794,0,0,0.000243502,0,0,0,0,0,0,0,0,0,0,0,0,0,0,0,0,0,0,0,0,0,0,0,0,0,0,0,0,0,0,0.000243502,0,0,0,0,0,0,0,0,0,0,0,0,0,0,0,0,0,0,0,0,0,1.06E-05,0,0,0,0,0,0,0.001196337,0,0,0,0,0,0,0,0,0,0,0,0,0,0,0,0,0,0,0,0,0,0,0,0,0,0.000148219,0,0,0,0,0,0,0,0,0,0,0,0,0,0,0,0,0,0,0,0,0,0,0,0,0,0,0
G160VZKY.04,0,0,0,0,0,0,0,0,0,0,0,0,0,0,0,0,0,0,0,0,0,0,0.000937944,0,0,0,0.27300233,0,6.05E-05,0,0,0,0,0,0,0,0,7.56E-05,0.002768449,0,0,0,0,0,0,0,0.000105897,0,0,0,0,0,0,0,0,0,0,0,0,0,0,0,0,0,0,0,0,0,0,0,0,0,0,0,0.000105897,0.001028713,0.000665638,0,0,0,0,0.000105897,0,0,0,0,0,0,0,0,0,0,0,0,0,0,0,0,0,0,0,0,0,0,0,0,0,0,0,0,0,0,0,0,0,0,0,1.51E-05,0,0,0,0,0,0,0,0,0,0,0,0.000272306,0,0,0,0,0,0,0.001437173,0,0,0,0,0.000801791,0,0,0.002072555,0.001028713,0,0,0,0.681477111,0,0,0,0,0,0,0,0.00024205,0,0,0.000226922,0.001497685,0,0,0.001467429,0,0.000121025,0,0,1.51E-05,0,0,0,0,0,0,0,0,0,0,0,0,0,0,0,0,0,0,0,0,0,0,0.000226922,0,0,0,0,0,0,0,0,0.0004841,0,0,0,0,0,0,0,0,0,0,0,0,0,0.000272306,0.000332819,0,0,0,0,0,0,0,0.001709479,0,0,0,0,0,0,0,0,0,0,0,0,0,0,0,0,0,0,0,0,0,0,0,0,0,0,0.027230644,0,0,0,0,0,0,0,0,0,0,0,0,0,0,0.000211794,0,0,0,0,0,0,0,0,0,0,0
B160V2HM.04,0,0,0,0,0,0,0,0,0,0,0,0,0,0,0,0,0,0,0,0,0,0,0.000612745,0,0,0,0.04389881,8.75E-05,0,0,0,0,0,0,0,0,0,0,0.00035014,0,0,0,0,0,0,0,0.026960784,0,0,0,0,0,0,0,0,0,0,0,0.000481443,0,0,0,0,0,0,0,0,0,0,0,0,0,0,0,0,4.38E-05,0.017638305,0.033657213,0,0,0,8.75E-05,0,0,0,0,0,0,0.001269258,0,0,0,0,0,0,0,0,0,0,0,0,0,0,0,0,0,0,0,0,0,0,0,0,0,0,0,0,0.000218838,0,0,0,0,0,0,0,0,0,0,0,0.079569328,0,0,0,0,0,0,0.031906513,0,0,0,0.000612745,0.008184524,0,0,0.000437675,0.000306373,0.011904762,4.38E-05,0,0.521052171,0,0,0,0,0,0,0,8.75E-05,0,0,0.024509804,0.000919118,0,4.38E-05,0,0,0,0,0,4.38E-05,0,0,0,0,0,0,0,0,0,0,0,0,0,0,0,0,0,0,0,0,0,0,0,0,0,0,0,0,0,0,0,0,0,0,0,0,0,0,0,0,0,0,0,0,0,0,0,0,0.000131303,0,0,0,0,0,0.194021359,0,0,0,0,0,0,0,0,0,0,0,0,0,8.75E-05,0,0,0,0,4.38E-05,0,0,0,0,0,0,0,0.000787815,0,0,0,0,0,0,0,0,0,0,0,0,0,0,0,0,0,0,0,0,0,0,0,0,0,0
A160WJ84.04,0,0,0,0,0,0,0,0,0,0,0,0,0,0,0,0,0,0,0,0,0,0,0.001469323,0,0,0,0.00259448,0,0,0,0,0,0,0,0,0,0,0,0.000317691,0,0.03943345,0,0,0,0,0,0.000238269,0,0,0,0,0,0,0,0,0,0,0,0,0,0,0,0,0,0,0,0,0,0,0,0,0,0,0,0,0,0.001164869,0,0,0,0,0,0,0,0,0,0,0,0,0,0,0,0,0,0,0,0,0,0,0,0,0,0,0,0,0,0,0,0,0,0,0,0,0,0,0,0,0,0,0,0,0,0,0,0,0,0,0,0,0.000330929,0,0,0.000225031,0,0,0,0.001906149,0,0.000132371,0,0,0.000476537,0,0,0,0.000330929,0,0.003018069,0.631544113,0.309047588,0,0,0,0,0,0,0,6.62E-05,0,0,0,0.003918194,0,0,0,0,0,0,9.27E-05,0.000622146,0,0,0,0,0,0,0,0,0,0,0,0,0,0,0,0,0,0,0,0,0,0,0,0,0,0,0,0,0,0,0,0,0,0.000820703,0,0,0,0,0,0,0,0,0,0,0,0,0,0,0,0,0,0,0,0,0.002051757,0,0,0,0,0,0,0,0,0,0,0,0,0,0,0,0,0,0,0.000198557,0,0,0,0,0,0,0,0,0,0,0,0,0,0,0,0,0,0,0,0,0,0,0,0,0,0,0,0,0,0,0,0,0,0
F160V1LF.04,0,0,0,0,0,0,0,0,0,0,0,0,0,0,0,0,0,0,0,0,0,0,8.49E-06,0,0,0,0.072822255,0,0,0,0,0,0,0,0.000254831,0,0,0.000314292,0.003431726,0,0,0,0,0,0,0,0.000866426,0,0,0,0,0,0,0,0,0,0,0,0,0,0,0,0,0,0,0,0,0,0,0,0,0,0,0,0,0,0,0,0,0,0,0,0,0,0,0,0,0.000101932,9.34E-05,0,0,0,0,0,0,0,0,0,0,0,0,0,0,0,0,0,0,0,0,0,0,0,0,0,0,0,0,0.000594606,0,0,0,0,0,0,0,0,0,0,0,1.70E-05,0,0,0,0,0,0,0.000832449,0,0.000152899,0,0,0.000297303,0,0,0.000161393,8.49E-06,0,0,0,0.887092801,0,0,0,0,0,0,0,0.000186876,0,0,0,0.000857932,0,0,0,0,0.000212359,0,0,9.34E-05,0,0,0,0,0,0,0,0,0,0,0,0,0,0,0,0,0,0,0,0.000365258,0,0,0,0,0,5.95E-05,0,0,0,0,0,0.006651094,0,0,0.000399236,0,0,0,0,0,0,0,0,0,0,0,0,0,0,0,0,0,0,0,0.000288809,0,0,0,0,0,0,0,0,0,0,0,0,0,0,0,0,0,0,0,0,0,0,0,0,0,0.004221703,0.019571034,0,0,0,4.25E-05,0,0,0,0,0,0,0,0,0,0,0,0,0,0,0,0,0,0,0,0,0,0
E160SCJM.04,0,0,0,0,0,0,0,0,0,0,0,0,0,0,0,0,0,0,0,0,0,0,1.23E-05,0,0,0,0.00015966,0,0,0,0,0,0,0,0,0,0,0,0,0,0,0,0,0,0,0,0.003549366,0,0,0,0,0,0,0,0,0,0,0,0,0,0,0,0,0,0,0,0,0,0,0,0,0,0,0,0,2.46E-05,0,0,0,0,0,0,0,0,0,0,0,0,0,0,0,0,0,0,0,0,0,0,0,0,0,0,0,0,0,0,0,0,0,0,0,0,0,0,0,0,0,4.91E-05,0,0,0,0,0,0,0,0,0,0,0,0.003684463,0,0,0,0,0,0,0.990027388,0,0,0,0,2.46E-05,0,0,0,0,0,0,0,0.002136988,0,0,0,0,0,0,0,0,0,0,0,0,0,0,8.60E-05,0,0,0,0,0,0,0,0,0,0,0,0,0,0,0,0,0,0,0,0,0,0,0,0,0,0,0,0,0,0,0,0,0,0,0,0,0,0,0,0,0,0,0,0,0,0,0,0,0,0,0,0,0,0,0,0,0,0,0,0.000245631,0,0,0,0,0,0,0,0,0,0,0,0,0,0,0,0,0,0,0,0,0,0,0,0,0,0,0,0,0,0,0,0,0,0,0,0,0,0,0,0,0,0,0,0,0,0,0,0,0,0,0,0,0
E160S5PQ.04,0,0,0,0,0,0,0,0,0,0,0,0,0,0,0,0,0,0,0,0,0,0,4.10E-05,0,0,0,0.000102463,0,0,0,0,0,0,0,0,0,0,6.15E-05,4.10E-05,0,0,0,0,0,0,0,0.004221484,0,0,0,0,0,0,0,0,0,0,0,0,0,0,0,0,0,2.05E-05,0,0,0,0,0,0,0,0,0,0,2.05E-05,0,0,0,0,0,0,0,0,0,0,0,0,0,0,0,0,0,0,0,0,0,0,0,0,0,0,0,0,0,0,0,0,0,0,0,0,0,0,0,0,0,0,0,0,0,0,0,0,0,0,0,0,0,0.002889463,0,0,0,0,0,0,0.975285872,0,0,0,0,0.000245912,0,0,0,0,0,0,0,0.016681012,0,0,0,0,0,0,0,0,0,0,0,0,0,0,0.00030739,0,0,0,0,0,0,0,0,0,0,0,0,0,0,0,0,0,0,0,0,0,0,0,0,0,0,0,0,0,0,0,0,0,0,0,0,2.05E-05,0,0,0,0,0,0,0,0,0,0,0,0,0,0,0,0,0,0,0,0,0,0,6.15E-05,0,0,0,0,0,0,0,0,0,0,0,0,0,0,0,0,0,0,0,0,0,0,0,0,0,0,0,0,0,0,0,0,0,0,0,0,0,0,0,0,0,0,0,0,0,0,0,0,0,0,0,0,0
D160S5QM.04,0,0,0,0,0,0,0,0,0,0,0,0,0,0,0,0.000517081,0,0,0,0.000134891,0,0,0.001764818,0,6.74E-05,0,0.393194771,0,0,0,0,0,0,0,0,0,0,0.000876789,0.012263801,0,0.000438394,0,0.000719416,0.000460876,0,0,0.000134891,0,0,0,0,0,0,0,0,0,0,0,0,0,0,0,0,0,0.000292263,0,0,0,0,0,0,0,0,0,0,0.001045402,0.002371826,0,0,0,0,0.000629489,0,0,0,0,0,0.031092276,0.015006576,0,0.000146131,0,0.000314745,0,0,0,0,0,0,0,0,0,0,0,0,0,0,0,0,0,0,0,0,0,0,0,0,0,0,0,0,0,0,0,0,0,0,0,0,0.002709052,0,0,0,0,0,0,0.032947022,0,0,0,0.00012365,0.001000438,0,0,0.029754612,0.001348906,0.000820584,8.99E-05,0,0.448218882,0,0,0,0,0.000236058,0,0,0.00012365,0,0,0,0.008340734,0,0,0.004237812,0,0,0,0.000393431,0,0,0,0,0,0,0,0,0,0,0,0,0,0,0,0,0.000438394,0,0,0,0.000359708,0,0,0,0,0,0.00128146,0,0,3.37E-05,0,0,0,0,0.00012365,0,0,0,0,0,0,0,0,0,0,0,0,0,0.000831825,0.000494599,0,0,0,0,0,0.000562044,0,0,0,0,0,0,0,0,0,0,0,0,0,0,0,0,0,0,0,0,0,0,0,0,0,0.00076438,0,0,0,0,0.0017873,0,0,0,0,0,0,0,0,0,0,0,0,0,0,0,0,0,0,0,0.001506278,0,0
A160SL0H.04,0,0,0,0,0,0,0,0,0,0,0,0,0,0,0,0,0,0,0,0,0,0,5.21E-05,0,0,0,0.688051298,0,0,0,0,0,0,0,0,0,0,0,4.17E-05,0,0,0,0,0,0,0,0.000344073,0,0,0,0,0,0,0,0,0,0,0,0,0,0,0,0,0,0,0,0,0,0,0,0,0,0,0,0,0.000479616,0,0,0,0,0,0,0,0,0,0,0,0,9.38E-05,0,0,0,0,0,0,0,0,0,0,0,0,0,0,0,0,0,0,0,0,0,0,0,0,0,0,0,0,5.21E-05,0,0,0,0,0,0,0,0,0,0,0,0.004733604,0,0,1.04E-05,0,0,0,0.171671359,0,6.26E-05,0,0.002377229,0.002950683,0,0,0,0,0,0,0,0.124147638,0,0,0,0,0,0,0,0,0,0,0,0.000208529,0,0,0.004358253,0,0,0,0,0,0,0,0,0,0,0,0,0,0,0,0,0,0,0,0,0,0,0,0,0,0,0,3.13E-05,0,0,0,0,0,0,0,0,0,0,0,0,0,0,0,0,0,0,0,0,0,0,0,0,1.04E-05,0.000198102,0,0,0,0,0,0,0,0,0,0,0,0,0,0,0,0,0,0,0,0,0,0,0,0,0,0,0,0,0,0,0,0,1.04E-05,0,0,0,0.000114691,0,0,0,0,0,0,0,0,0,0,0,0,0,0,0,0,0,0,0,0,0,0
G160T3KL.04,0,0,0,0,0,0,0,0,0,0,0,0,0,0,0,0,0,0,0,0,0,0,9.87E-06,0,0.000138225,0,0.150596343,0.000167845,0,0,0,0,0,0,0,0,0,0.000720746,0,0,0,0,0,0,0,0,0.00128352,0,0,0,0,0,0,0,0,0,0,0,0,0,0,0,0,0,0,0,0,0,0,0,0,0,0,0,0,0.001678449,0.00122428,0,0,0,0,1.97E-05,0,0,0,0,0,0,0,0,0,0,0,0,0,0,0,0,0,0,0,0,0,0,0,0,0,0,0,0,0,0,0,0,0,0,0,0.000375183,0,0,0,0,0,0,0,0,0,0,0,0.015846531,0,0,0,0,0,0,0.351269697,0,0,0,4.94E-05,0.000789858,0,0,0.001303266,0,0.000513408,0.039660756,0,0.275275463,0,0,0,0,0,0,0,0,0,5.92E-05,0,0.001204534,0,0.000207338,0.041586035,0,0,0,0,0,0,0,0,0,0,0,0,0,0,0,0,0,0,0,0,0,0,0,0,0,0,0,0,0.002794123,0,0,0,0,0.00094783,0,0,0.000227084,0,0,0,0,0,0,0,0,0.007868963,0,0,0,0,0.005035346,0,0.0025078,7.90E-05,0,0,0,0,0,1.97E-05,0,0,0,0,0,0,0,0,0,0,0,0,0,0,0,0,0,0,0.035000592,0,0,0,0,0,0,0,0,0.061480589,0,0,5.92E-05,0,0,0,0,0,0,0,0,0,0,0,0,0,0,0,0,0,0,0,0,0,0
G160TGDB.04,0,0,0,0,0,0,0,0,0,0,0,0,0,0,0,0,0,0,0,0,0,0,0.000168546,0,0,0,0.006472165,0,0,0,0,0,0,0,0,0,0,0,4.21E-05,0,0,0,0,0,0,0,0.000168546,0,0,0,0,0,0,0,0,0,0,0,0,0,0,0,0,0,0,0,0,0,0,0,0,0,0,0,0,0.00062362,5.06E-05,0,0,0,0,0.000126409,0,0,0,0,0,0.000193828,0.002258516,0,0,0,0,0,0,0,0,0,0,0,0,0,0,0,0,0,0,0,0,0,0,0,0,0,0,0,0,0,0,0,0,0,0,0,0,0,0,0,0,0.000109555,0,0,0,0,0,0,0.000750029,0,0,0,0,0.002477626,0,0,0.003016973,0.003177091,0,0,5.06E-05,0.963939593,0,0,0,0,0,0,0,0,0,0,0,0.001677032,0,0,0,0,0,0,0,0.002266943,0,0,0,0,0,0,0,0,0,0,0,0,0,0,0,0,0,0,0,0,0,0,0,0,0,0,0,0,0,0,0,0,0,0,0,0,0,0,0,0,0,0,0,0,0,0,0,0,0,0,0,0,0,0,0.005570444,0,0,0,0,0,0,0,0,0,0,0,0,0,0,0,0,0,0,0,0,0,0,0,0,0,8.43E-05,0.006741838,0,0,1.69E-05,0,0,0,0,0,0,0,0,0,0,0,1.69E-05,0,0,0,0,0,0,0,0,0,0,0
J160SRFS.04,1.27E-05,0,0,0,0,0,0,0,0,0,0,0,0,0,0,0,0,0,0,6.35E-06,0,0,2.54E-05,0,0,0,0.000114213,6.35E-06,0,0,0,0,0,0,0,0,0,3.81E-05,0,0,1.27E-05,0,0,0,0,0,0.00017132,0,0,0,0,0,0,0,0,0,0,0,0,0,0,0,0,0,0,0,0,0,0,0,0,0,0,0,5.71E-05,0.00069797,7.61E-05,0,0,0,0,0.000323604,0,0,0,0,0,0,1.90E-05,0,0,0,0,0,0,0,0,0,0,0,0,0,0,0,0,0,0,0,0,0,0,0,0,0,0,0,0,0,0,0,0,0,0,0,0,0,0,0,0,3.81E-05,0,0,0,0,0,0,4.44E-05,0,0,0,0,7.61E-05,0,0,3.17E-05,0.000228426,0,1.27E-05,0,0.99642132,0,0,0,1.90E-05,6.35E-06,0,0,0.000164975,0,6.35E-06,0,0.000323604,0,0,0.000107868,0,0,0,0.000101523,0.00053934,0,0,0,0,0,0,0,0,0,0,0,0,0,0,0,6.35E-06,0,0,0,0,0,0,0,0,0,0,0,0,0,0,0,6.35E-06,0,0,0,0,0,0,0,0,0,0,0,0,0,0,0,0,0,0,0,0,0,0,0.000272843,0,0,0,0,0,0,0,0,0,0,0,0,0,0,0,0,0,0,0,0,0,0,0,0,0,1.90E-05,6.35E-06,0,0,0,0,0,0,0,0,0,0,0,0,0,0,0,0,0,0,0,0,0,0,0,6.35E-06,0,0
C160S6ZB.04,0,0,0,0,0,0,0,0,0,0,0,0,0,0,0,0,0,0,0,0,0,0,0,0,0,0,0.539526349,0,0,0,0,0,0,0,0,0,0,0,0,0,0,0,0,0,0,0,3.22E-05,0,0,0,0,0,0,0,0,0,0,0,0,0,0,0,0,0,0,0,0,0,0,0,0,0,0,0,0,0,0,0,0,0,0,0,0,0,0,0,0,0,0,0,0,0,0,0,0,0,0,0,0,0,0,0,0,0,0,0,0,0,0,0,0,0,0,0,0,0,0,0,0,0,0,0,0,0,0,0,0,0,0,0.000246805,0,0,0,0,0,0,0.095878357,0,0,0,1.07E-05,0,0,0,0,0,0,0,0,0.364241182,0,0,0,0,2.15E-05,0,0,0,0,0,0,0,0,0,0,0,0,0,0,0,0,0,0,0,0,0,0,0,0,0,0,0,0,0,0,0,0,0,0,0,0,0,0,1.07E-05,0,1.07E-05,0,0,0,0,0,0,0,0,0,0,0,0,0,0,0,0,0,0,0,0,0,1.07E-05,0,0,0,0,0,0,0,0,0,0,0,0,0,0,0,0,0,0,0,0,0,0,0,0,0,0,0,0,0,0,0,0,0,1.07E-05,0,0,0,0,0,0,0,0,0,0,0,0,0,0,0,0,0,0,0,0,0,0,0,0,0,0
D160SX0D.04,0,0,0,0,0,0,0,0,0,0,0,0,0,0,0,0,0,0,0,0,0,0,0.005356813,0,0.00053876,0,0.729588695,0,0,0,0,0,0,0,0,0,0,0,0.000323256,0,0,0,0,0,0,0,0.000569546,0,0,0,0,0,0,0,0,0,0,0,0,0,0,0,0,0,0,0,0,0,0,0,0,0,0,0,0,0,0.006403547,0,0,0,0,0.000215504,0,0,0,0,0,0,0.000277077,0,0,0,0,0,0,0,0,0,0,0,0,0,0,0,0,0,0,0,0,0,0,0,0,0,0,0,0,0.001693245,0,0,0,0,0,0,0,0,0,0,0,0.001493135,0,0,0,0,0,0,0.064543439,0,0.000184718,0,0.001000554,0.001939536,0,0,0,0.001477742,0,0.000400222,0,0.168816575,0,0,0,0,0,0,0,0,0,0,0,0.013191922,0,0,0,0,0,0,0,0,0,0,0,0,0,0,0,0,0,0,0,0,0,0,0,0,0,0,0,0,0,0,0,0,0,0,0,0,0.000877409,0,0,0,0,0,0,0,0,0,0,0,0,0,0,0,0,0,0,0.000354042,0,0,0,0,0,0,1.54E-05,0,0,0,0,0,0,0,0,0,0,0,0,0,0,0,0,0,0,0.000646512,0,0,0,0,0,0,0,9.24E-05,0,0,0,0,0,0,0,0,0,0,0,0,0,0,0,0,0,0,0,0,0,0,0,0,0,0
K160T215.04,0,0,0,0,0,0,0,0,0,0,0,0,0,0,0,0,0,0,0,0,0,0,0,0,0,0,0.900276416,0.000113986,0,0,0,0,0,0,0,0,0,0,0.000968882,0,0.074290437,0,0,0,0,0,0.000484441,0,0,0,0,0,0,0,0,0,0,0,0,0,0,0,0,0,0,0,0,0,0,0,0,0,0,0,0,0.000256469,1.42E-05,0,0,0,0,0.000384703,0,0,0,0,0,0,0,0,0,0,0,0,0,0,0,0,0,0,0,0,0,0,0,0,0,0,0,0,0,0,0,0,0,0,0,0,0,0,0,0,0,0,0,0,0,0,0,0.000113986,0,0,0,0,0,0,0.000541434,0,0,0,0,7.12E-05,0,0,0.010885672,0.000498689,0,0,7.12E-05,0.010030776,0,0,0,0,0,0,0,0,0,0,0,0.000441696,0,0,0,0,0,0,0,8.55E-05,0,0,0,0,0,0,0,0,0,0,0,0,0,0,0,0,0,0,0,0,0,0,0,0,0,0,0,0,0,0,0,8.55E-05,0,0,0,0,0,0,0,0,0,0,0,0,0,0,0,0.000185227,0,0,0,0,0,0,0.000185227,0,0,0,0,0,0,0,0,0,0,0,0,0,0,0,0,0,0,0,0,0,0,0,0,0,0,0,0,0,1.42E-05,0,0,0,0,0,0,0,0,0,0,0,0,0,0,0,0,0,0,0,0,0,0,0
C160VTD7.04,0,0,0,0,0,0,0,0,0,0,0,0,0,0,0,0,0,0,0,0,0,0,0.005666203,0,0,0,0.724934383,0,0,0,0,0,0,0,0,0,0,0,0.002207812,0,0.002624672,0,0,0,0,0,0.001250579,0,0,0,0,0,0,0,0,0,0,0,0,0,0,0,0,0,0,0,0,0,0,0,0,0,0,0,0,0.000154392,0.008229118,0,0,0,0,0,0,0,0,0,0,0.000169832,1.54E-05,0,0,0,0,0,0,0,0,0,0,0,0,0,0,0,0,0,0,0,0,0,0,0,0,0,0,0,0,0.000108075,0,0,0,0,0,0,0,0,0,0,0,0.00185271,0,0,0.00101899,0,0,0,0.001374093,0,0,0,0,0.004199475,0,0,0.002918018,0.007951212,0,0,0,0.21188822,0,0,0,0,0,0,0,0,0,0,7.72E-05,0.008383511,0,0,0.000216149,0,0,0,0,0.000494056,0,0,0,0,0,0,0,0,0,0,0,0,0,0,0,0.000247028,0,0,0,0,0,0,0.000463177,0,0,0,0,0,0,0,0,0,0,0,0,0,0,0,0,0,0,0,0,0,0,0,0,0,0,0,0,0,0,0,0.011764706,0,0,0,0,0,0,0,0,0,0,0,0,0,0.00081828,0,0,0,0,0,0,0,0,0,0,0,0,0,0,0,0,0,0,0,0,0,0,0,0,0,0,0,0,0,0,0,0,0,0,0,0,0,0,0.000972673
A160SYWG.04,0,0,0,0,0,0,0,0,0,0,0,0,0,0,0,0,0,0,0,0,0,0,0,0,0,0,0.66443542,0,0,0,0,0,0,0,0,0,0,0,0,0,0,0,0,0,0,0,0,0,0,0,0,0,0,0,0,0,0,0,0,0,0,0,0,0,0,0,0,0,0,0,0,0,0,0,0,0,0,0,0,0,0,0,0,0,0,0,0,0,0,0,0,0,0,0,0,0,0,0,0,0,0,0,0,0,0,0,0,0,0,0,0,0,0,0,0,0,0,0,0,0,0,0,0,0,0,0,0,0,0,0.003563008,0,0,0.000406078,0,0,0,0.20425727,0,0,0,5.24E-05,0,0,0,0,0,0.000379879,0,0,0.043843332,0,0,0,0,0,0,0,0,0,0,0,0,0,0,0.001716007,0,0,0,0,0,0,0,0,0,0,0,0,0,0,0,0,0,0,0,0,0,0,0,0,0,0,0,0,0,0,0,0,0,0,0,0,0,0,0,0,0,0,0,0,0,0,0,0,0,0,0,0,0,0,0,0,0,0,0,3.93E-05,0,0,0,0,0,0,0,0,0,0,0,0,0,0,0,0,0,0,0.081254912,0,0,0,0,0,0,0,0,0,0,0,5.24E-05,0,0,0,0,0,0,0,0,0,0,0,0,0,0,0,0,0,0,0,0,0,0
G160SV7J.04,0,0,0,0,0,0,0,0,0,0,0,0,0,0,0,0,0,0,0,0,0,0,0,0,0,0,0.538694153,0,0,0,0,0,0,0,0,0,0,0,0,0,0,0,0,0,0,0,0,0,0,0,0,0,0,0,0,0,0,0,0,0,0,0,0,0,0,0,0,0,0,0,0,0,0,0,0,0,0,0,0,0,0,0,0,0,0,0,0,0,0.000102944,0,0,0,0,0,0,0,0,0,0,0,0,0,0,0,0,0,0,0,0,0,0,0,0,0,0,0,0,0,0,0,0,0,0,0,0,0,0,0,0,0.007411983,0,0,0.000115812,0,0,0,0.372053222,0,0,0,0.00325561,3.86E-05,0,0,1.29E-05,2.57E-05,0,0,0,0.076230183,0,0,0,0,0,0,0,0,0,0,0,0,0,0,0,0,0,0,0,1.29E-05,0,0,0,0,0,0,0,0,0,0,0,0,0,0,0,0,0,0,0,0,0,0,0,0,0,0,0,0,0,0,0,0,0,0,0,0,0,0,0,0,0,0,0,0,0,0,0,0,0,0,0,0,0,0,0.00019302,0,2.57E-05,0,0,0,0,0,0,0,0,0,0,0,0,0,0,0,0,0.001737183,0,0,0,0,0,0,0,0,0,0,0,0,0,0,0,0,0,0,0,0,0,0,0,0,0,0,0,0,0,0,0,0,0,9.01E-05
E160VWHL.04,0,0,0,0,0,0,0,0,0,0,0,0,0,0,0,0,0,0,0,0,0,0,0,0,0,0,0.017360956,0,0,0,0,0,0,0,0,0,0,0,0.000514564,0,0,0,0,0,0,0,1.49E-05,0,0,0,0,0,0,0,7.46E-06,0,0,0,0,0,0,0,0,0,0,0,0,0,0,0,0,0,0,0,0,7.46E-06,0.000932182,0,0,0,0,0.000365415,0,0,0,0,0,0,0,0,0,0,0,0,0,0,0,0,0,0,0,0,0,0,0,0,0,0,0,0,0,0,0,0,0,0,0,0.000387788,0,0,0,0,0,0,0,0,0,0,0,0,0,0,7.46E-06,0,0,0,0.000305756,0,0,0,0,0,0,0,0.015429475,0.000551852,0,0,0,0.941123391,0,0,0,0,0,0,0,0,0,0,0,3.73E-05,0,0,0,0,0,0,0,0.000290841,0,0,0,0,0,0,0,0,0,0,0,0,0,0,0,0,0,0,0,0,0,0,0,0,0,0,0,0,0,0,0,0,0,0,0,0,0,0,0,0,0.000395245,0,0,0,0,0,0.000126777,0,0,0,0,0,0,0,0.001767417,0,0,0,0,0,0,0,0,0,0,0,0,0,0,0,0,0,0,0,0,0,0,0,0,0,7.46E-06,0.019844288,0,0,0,0.000417617,0,0,0,0,0,0,0,0.000104404,0,0,0,0,0,0,0,0,0,0,0,0,0,0
F160SS99.04,0,0,0,0,0,0,0,0,0,0,0,0,0,0,0,0,0,0,0,0,0,0,0,0,0,0,0.375057654,0,0,0,0,0,0,0,0,0,0,0,0,0,0,0,0,0,0,0,0,0,0,0,0,0,0,0,0,0,0,0,0,0,0,0,0,0,0,0,0,0,0,0,0,0,0,0,0,0,0,0,0,0,0,0,0,0,0,0,0,0,0.000193421,0,0,0,0,0,0,0,0,0,0,0,0,0,0,0,0,0,0,0,0,0,0,0,0,0,0,0,0,0,0,0,0,0,0,0,0,0,0,0,0,0.019044502,0,0,0,0,0,0,0.426849772,0,0,0,0.000684412,0.003317909,0,0,0,0,0,0,0,0.173349601,0,0,0,0,0,0,0,0,0,0,0,0,0,0,0,0,0,0,0,0,0,7.44E-05,0,0,0,0,0,0,0,0,0,0,0,0,0,0,0,0,0,0,0,0,0,0,0,0,0,0,0.000208299,0,0,0,0,0,0,0,0,0,0,0,0,0,0,0,0,0,0,0.000729047,0,0,0,0,0,0,0.000312449,0,0,0,0,0,0,0,0,0,0,0,0,0,0,0,0,0,0,0,0,0,0,0,0,0,0,0.000178542,0,0,0,0,0,0,0,0,0,0,0,0,0,0,0,0,0,0,0,0,0,0,0,0,0,0
G160VY6B.04,1.22E-05,0,0,0,0,0,0,0,0,0,0,0,0,0,0,0,0,0,0,4.88E-05,0,0,0.000195241,0,1.22E-05,0,0.828261135,2.44E-05,0,0,0,0,0,0,0,0,0,0,4.88E-05,0,0,0,0,0,0,0,6.10E-05,0,0,0,0,0,0,0,0,0,0,0,0,0,0,0,0,0,0,0,0,0,0,0,0,0,0,0,1.22E-05,0,0.000146431,0,0,0,0,0,0,0,2.44E-05,0,0,9.76E-05,1.22E-05,0,0.000122026,0,0,0,0,0,0,0,0,0,0,0,0,0,0,0,0,0,0,0,0,0,0,0,0,0,0,0,0,0,0,0,0,0,0,0,0,0,0,0.000219646,0,0,0,0,0,0,0.000585723,0,7.32E-05,0,0,4.88E-05,0,0,0.01261745,6.10E-05,1.22E-05,0.003697376,0.060805369,0.091153142,0,0,0,0,0,0,0,2.44E-05,0,0,3.66E-05,0.000317267,0,0,0.000122026,0,0,0,1.22E-05,0,0,0,0,0,0,0,0,0,0,0,0,0,0,0,0,0.000183038,0,0,0,0,0,0,1.22E-05,6.10E-05,0,0,0,0,0,0,0,0,0,0.000122026,0,0,0,0,0,0,0,0,0,0,0,0,0,2.44E-05,0,0,0,0,0,0,0.000610128,0,0,0,0,0,0,0,0,0,0,0,0,0,0,0,0,0,0,0,0,0,0,0,0,0,0,1.22E-05,0,0,0,0.000109823,0,0,0,0,0,0,0,0,0,0,0,0,0,0,0,0,0,0,0,0,0,0
E160VB80.04,0,0,0,0,0,0,0,0,0,0,0,0,0,0,0,0,0,0,0,0,0,0,0,0,0,0,2.23E-05,0,0,0,0,0,0,0,0,0,0,0,0,0,0.000916222,0,0,0,0,0,0.000480458,0,0,0,0,0,0,0,0,0,0,0,0,0,0,0,0,0,0,0,0,0,0,0,0,0,0,0,0,0,0,0,0,0,0,0,0,0,0,0,0,0,0.002156473,0,0,0,0,0,0,0,0,0,0,0,0,0,0,0,0,0,0,0,0,0,0,0,0,0,0,0,0,0,0,0,0,0,0,0,0,0,0,0,0,0.002268207,0,0.000603365,0,0,0,0,0.001452546,0,0,0,0,0.005743145,0,0,0,0.003340857,0,0,0,0.152394467,0,0,0,0,0,0,0,0,0,0,0,0.009642674,0,0,0,0,0,0,0,0,0,0,0,0,0,0,0,0,0,0,0,0,0,0,0,0,0,0,0,0,0,0,0.001184384,0,0,0,0,0,0,0,0,0,0,0,0,0,0,0,0,0,0,0,0,0,0,0,0,0,0,0,0,0,0,0,0.819794856,0,0,0,0,0,0,0,0,0,0,0,0,0,0,0,0,0,0,0,0,0,0,0,0,0,0,0,0,0,0,0,0,0,0,0,0,0,0,0,0,0,0,0,0,0,0,0,0,0,0,0,0,0
K160VB73.04,0,0,0,0,0,0,0,0,0,0,0,0,0,0,0,0,0,0,0,0,0,0,0.007857181,0,0,0,2.67E-05,0,0,0,0,0,0,0,0,0,0,0,0,0,0,0,0,0,0,0,0.008605484,0,0,0,0,0,0,0,0,0,0,0,0,0,0,0,0,0,0,0,0,0,0,0,0,0,0,0,0,0,0,0,0,0,0,0,0,0,0,0,0,0,0,0,0,0,0,0,0,0,0,0,0,0,0,0,0,0,0,0,0,0,0,0,0,0,0,0,0,0,0,0,0,0,0,0,0,0,0,0,0,0,0,0,0,0,0,0,0,0,0,0,0,0,0,0,0,0,0,0,0,0,0,0.062964349,0,0,0,0,0,0,0,0,0,0,0,0,0,0,0,0,0,0,0,0,0,0,0,0,0,0,0,0,0,0,0,0,0,0,0,0,0,0,0,0,0,0,0,0,0,0,0,0,0,0,0,0,0,0,0,0,0,0,0,0,0,0,0,0,0,0,0,0,0,0,0,0,0,0,0.920546261,0,0,0,0,0,0,0,0,0,0,0,0,0,0,0,0,0,0,0,0,0,0,0,0,0,0,0,0,0,0,0,0,0,0,0,0,0,0,0,0,0,0,0,0,0,0,0,0,0,0,0,0,0
C160SPL3.04,0,0,0,0,0,0,0,0,0,0,0,0,0,0,0,0,0.000790506,0,0,0,0,0,0.000133338,0,0,0,0.084584175,0,0,0,0,0,0,0,0,0,0,0,0.000247628,0,0,0.000380967,0,0,0,0,0.000276201,0,0,0,0,0,0,0,0,0,0,0,0,0,0,0,0,0,0,0,0,0,0,0,0,0,0,0,0,0.00034287,0,0,0,0,0,0.00057145,0,0,0,0,0,0,0,0,0,0,0,0,0,0,0,0,0,0,0,0,0,0,0,0,0,0,0,0,0,0,0,0,0,0,0,0,0,0,0,0,0,0,0,0,0,0,0,0.000714313,0,0,0,0,0,0,0.000238104,0,0,0,1.90E-05,0,0,0,0.030563069,0.001619109,0,0,0,0.019867424,0,0,0,0.000600023,0,0,0,0,0,0,0,0.001590537,0,0,0,0,0,0,0,0,0,0,0,0,0,0,0,0,0,0,0,0,0,0,0,0,0,0,0,0,0,0,0,0,0,0,0,0,0,0,0,0.000323822,0,0,0,0,0,0,0,0,0,0,0,0,0,0,0,9.52E-05,0.000371443,0,0,0,0,0,0.027458189,0,0,0,0,0,0,0,0,0,0,0,0,0,0,0,0,0,0,0,0,0,0,0,0,0,0,0.828964913,0,0,0,0,0,0,0,0,0,0,0,0,0,0,0,0,0,0,0,0,0,0,0,0.000247628,0,0
D160WGZB.04,0,0,0,0,0,0,0,0,0,0,0,0,0,0,0,0,0,0,0,0,0,0,0,0,0,0,0.046011334,0,0,0,0,0,0,0,0.000444738,0,0,0,0,0,0.041665608,0,0,0,0,0,0.000228722,0,0,0,0,0,0,0,0,0,0,0,0,0,0,0,0,0,0,0,0,0,0,0,0,0,0,0,0,0,0,0,0,0,0,0,0,0,0,0,0,0,0,0,0,0,0,0,0,0,0,0,0,0,0,0,0,0,0,0,0,0,0,0,0,0,0,0,0,0,0,0,0,0,0,0,0,0,0,0,0,0,0,0,0,0,0.001130905,0,0,0,3.81E-05,0,0,0,0,2.54E-05,0,0,0.001918727,0,0,0,0,0.813832626,0,0,0.000482859,0,0.000228722,0,0,0.001296094,0,0,0.003773921,0.000368497,0,0,0,0,0,0,0,0,0,0,0,0,0,0,0,0,0,0,0,0,0,0,0,0,0,0,0,0,0,0,0,0,0,0,0,0,0,0,0,0,0,0,0,0,0,0,0,0,0,0,0,0,0,0,0,0,0,0,0,0,0,0,0,0,0.000114361,0,0,0,0,0,0,0,0,0,0,0,0,0,0,0,0,0,0,0,0,0,0,0,0,0.08843935,0,0,0,0,0,0,0,0,0,0,0,0,0,0,0,0,0,0,0,0,0,0,0,0,0,0
G160T0HF.04,0,0,0,0,0,0,0,0,0,0,0,0,0,0,0,0,0,0,0,0,0,0,0.00021173,0,0,0,0.514563988,0,0,0,0,0,0,0,0,0,0,6.05E-05,9.07E-05,0,0,0,0,0,0,0,0.000846919,0,0,0,0,0,0,0,0,0,0,0,0,0,0,0,0,0,0,0,0,0,0,0,0,0,0,0,0,6.05E-05,0.000483954,0,0,0,0,0,0,0,0,0,0,0,6.05E-05,0,0,0,0,0,0,0,0,0,0,0,0,0,0,0,0,0,0,0,0,0,0,0,0,0,0,0,0,0,0,0,0,0,0,0,0,0,0,0,0,0.019902604,0,0,0,0,0,0,0.417259006,0,0,0,0.003085206,9.07E-05,0,0,0,0.000181483,0,0,0,0.01763407,0,0,0,0,0.000151236,0,0,0.000393213,0,0,0,0.000695684,0,0,0.000241977,0,0,0,0,0,0,0,0,0,0,0,0,0,0,0,0,0,0,0,0,0,0,0,0,0,0,0,0,0,0,0,0,0,0,0,0,0.000574695,0,0,0,0,0,0,0,0,0,0,0,0,0,0,0,3.02E-05,0,0,0,0,0,0,0.022957563,0,0,0,0,0,0,0,0,0,0,0,0,0,0.000241977,0,0,0,0,0,0,0,0,0,0,0,0,0,0,0,0,0,0,0,0,0,0,0,0,0,0,3.02E-05,0,0,0,0,0,0,0,0,0,6.05E-05,0,9.07E-05
G160SR83.04,0,0,0,0,0,0,0,0,0,0,0,0,0,0,0,0,0,0,0,0,0,0,1.13E-05,0,0,0,0.384813997,0,0,0,0,0,0,0,0,0,0,0,0,0,0,0,0,0,0,0,0,0,0,0,0,0,0,0,0,0,0,0,0,0,0,0,0,0,0,0,0,0,0,0,0,0,0,0,0,0,1.13E-05,0,0,0,0,0,0,0,0,0,0,0,0,0,0,0,0,0,0,0,0,0,0,0,0,0,0,0,0,0,0,0,0,0,0,0,0,0,0,0,0,0,0,0,0,0,0,0,0,0,0,0,0,0.004167374,0,0,0,0,0,0,0.191778495,0,0,0,0.000124568,0,0,0,0,0,0.016986581,0,0,0.402049714,0,0,0,0,0,0,0,0,0,0,0,5.66E-05,0,0,0,0,0,0,0,0,0,0,0,0,0,0,0,0,0,0,0,0,0,0,0,0,0,0,0,0,0,0,0,0,0,0,0,0,0,0,0,0,0,0,0,0,0,0,0,0,0,0,0,0,0,0,0,0,0,0,0,0,0,0,0,0,0,0,0,0,0,0,0,0,0,0,0,0,0,0,0,0,0,0,0,0,0,0,0,0,0,0,0,0,0,0,0,0,0,0,0,0,0,0,0,0,0,0,0,0,0,0,0,0,0,0,0,0
E160T9NN.04,0,0,0,0,0,0,0,0,0,0,0,0,0,0,0,0,0,0,0,0,0,0,0.064694223,0,0,0,0.00039195,0,0,0,0,0,0,0,0,0,0,0,0.00276605,0,0,0,0,0,0,0,0,0,0,0,0,0,0,0,0,0,0,0,0.000100787,0,0,0,0,0,0,0,0,0,0,0,0,0,0,0,0,0.001175851,0.001881362,0,0,0,0,0.000638319,0,0,0,0,0,0,0.000582326,0,0,0,0,0,0,0,0,0,0,0,0,0,0,0,0,0,0,0,0,0,0,0,0,0,0,0,0,0,0,0,0,0,0,0,0,0,0,0,0,4.48E-05,0,0,0,0,0,0,8.96E-05,0,0,0,0,0.006427988,0,0,0,0.002284511,0,0,0,0.890802603,0,0,0,0,0,0,0,0,0,0,0,0.021613268,0,1.12E-05,0,0,0,0,0.000145582,0.000100787,0,0,0,0,0,0,0,0,0,0,0,0,0,0,0,1.12E-05,0,0,0,0,0,0,0,0,0,0,0,0,0,0,0,0,0,0,0,0,0,0,0,0,0,0,0,0,0,0,0,0,0,0,0,0,0,0,0.003706731,0,0,0,0,0,0,0,0,0,0,0,0,0,0.002340504,0,0,0,0,0,0,0,0,0,0,0,0.000145582,4.48E-05,0,0,0,0,0,0,0,0,0,0,0,0,0,0,0,0,0,0,0,0,0,0,0,0,0,0
H160W3YD.04,0,0,0,0,0,0,0,0,0,0,0,0,0,0,0,0,0,0,0,0,0,0,0,0,0,0,3.61E-05,0,0,0,0,0,0,0,0,0,0,0.003102957,0,0,0,0,0,0,0,0,0.004870921,0,0,0,0,0,0,0,0,0,0,0,0,0,0,0,0,0,0,0,0,0,0,0,0,0,0,0,0,0.016705454,0.007324421,0,0,0,0,0,0,0,0,0,0,0,0,0,0,0,0,0,0,0,0,0,0,0,0,0,0,0,0,0,0,0,0,0,0,0,0,0,0,0,0,0.003662211,0,0,0,0,0,0,0,0,0,0,0,0,0,0,0.001695802,0,0,0,1.80E-05,0,0,0,0,0,0,0,0,0,0,0,0,0.167794195,0,0,0,0,0,0,0,0.006278075,0,0,0,0.006097671,0,0,0,0,0,0,0,0,0,0,0,0,0,0,0,0,0,0,0,0,0,0,0,0,0,0,0,0,0,0,0,0,0,0,0,0,0,0,0,0.001010265,0,0.004004979,0,0,0,0,0,0,0,0,0,0,0,0,0,0,0,0,0,0,0,0,0.757031264,0,0,0,0,0,0,0,0,0,0,0,0,0,0,0,0,0,0,0,0,0,0,0,0,0,0.015857553,0.004510112,0,0,0,0,0,0,0,0,0,0,0,0,0,0,0,0,0,0,0,0,0,0,0,0,0,0
A160VFYG.04,0,0,0,0,0,0,0,0,0,0,0,0,0,0,0,0,0,0,0,0,0,0,0.00065458,0,0,0,0.510176432,0,0,0,0,0,0,0,0,0,0,0,9.13E-05,0,0,0,0,0,0,0,0.008813993,0,0,0,0,0,0,0,0,0,0,0,0.002237749,0,0,0,0,0,0,0,0,0,0,0,0,0,0,0,0,0,0.004368939,0,0,0,0,0.002070299,0,0,0,0,0,0,0,0,0,0,0,0,0,0,0,0,0,0,0,0,0,0,0,0,0,0,0,0,0,0,0,0,0,0,0,0,0,0,0,0,0,0,0,0,0,0,0,0.002983666,0,0,0,0,0,0,0.002359532,0,0,0,0,0.002192081,0,0,0,0.012832808,0,0,0,0.120077332,0,0,0,0,0,0,0,0,0,0,0,0.016105707,0,0,0.001659284,0,0.001628838,0,0,0,0,0,0,0,0,0,0,0,0,0,0,0,0,0,0,0,0,0,0,0,0,0,0,0,0,0,0,0,0,0,0,0,0,0,0,0,0,0,0,0,0,0,0,0,0,0,0,0.000411015,0,0,0,0,0,0,0.293784537,0,0,0,0,0,0,0,0,0,0,0,0,0,0,0,0,0,0,0,0,0,0,0,0,0,0.014552983,0.002998889,0,0,0,0,0,0,0,0,0,0,0,0,0,0,0,0,0,0,0,0,0,0,0,0,0,0
J160SQ13.04,0,0,0,0,0,0,0,0,0,0,0,0,0,0,0,0,0,0,0,0,0,0,0,0,0,0,0.259646135,0,0,0,0,0,0,0,0,0,0,0,0,0,0,0,0,0,0,0,0.000139043,0,0,0,0,0,0,0,0,0,0,0,0,0,0,0,0,0,0,0,0,0,0,0,0,0,0,0,0,0,0,0,0,0,0,0,0,0,0,0,0,0,1.74E-05,0,0,0,0,0,0,0,0,0,0,0,0,0,0,0,0,0,0,0,0,0,0,0,0,0,0,0,0,0,0,0,0,0,0,0,0,0,0,0,0,0.007021691,0,0,0,0,0,0,0.723199388,0,0,0,0.000156424,0,0,0,1.74E-05,1.74E-05,0.003754171,0,0,0.004640573,0,0,0,0,0,0,0,0,0,0,0,0,0,0,0,0,0,0,0,0,0,0,0,0,0,0,0,0,0,0,0,0,0,0,0,0,0,0,0,0,0,0,0,0,0,0,0,0,0,0,0,0,0,0,0,0,0,0,0,0,0,0,0,0,0,0,0,8.69E-05,3.48E-05,0,0,0,0,0,0.000121663,0,0,0,0,0,0,0,0,0,0,0,0,0,0,0,0,0,0,0.001094967,0,0,0,0,0,0,0,5.21E-05,0,0,0,0,0,0,0,0,0,0,0,0,0,0,0,0,0,0,0,0,0,0,0,0,0,0
E160SMFN.04,0,0,0,0,0,0,0,0,0,0,0,0,0,0,0,0,0,0,0,0,0,0,0,0,0,0,0.444521968,0,0,0,0,0,0,0,0,0,0,0,0,0,1.03E-05,0,0,0,0,0,0,0,0,0,0,0,0,0,0,0,0,0,0,0,0,0,0,0,0,0,0,0,0,0,0,0,0,0,0,0,0,0,0,0,0,0,0,0,0,0,0,0,0,0,0,0,0,0,0,0,0,0,0,0,0,0,0,0,0,0,0,0,0,0,0,0,0,0,0,0,0,0,0,0,0,0,0,0,0,0,0,0,0,0.009870514,0,0,0,0,0,0,0.540097679,0,0,0,0.002072603,0,0,0,0,0,0.003365414,0,0,5.13E-05,0,0,0,0,0,0,0,0,0,0,0,0,0,0,0,0,0,0,0,0,0,0,0,0,0,0,0,0,0,0,0,0,0,0,0,0,0,0,0,0,0,0,0,0,0,0,0,0,0,0,0,1.03E-05,0,0,0,0,0,0,0,0,0,0,0,0,0,0,0,0,0,0,0,0,0,0,0,0,0,0,0,0,0,0,0,0,0,0,0,0,0,0,0,0,0,0,0,0,0,0,0,0,0,0,0,0,0,0,0,0,0,0,0,0,0,0,0,0,0,0,0,0,0,0,0,0,0,0,0,0
F160SNGB.04,0,0,0,0,0,0,0,0,0,0,0,0,0,0,0,0,0,0,0,4.69E-05,0,0,3.52E-05,0,0,0,0.461672821,0.006728797,0,0,0,0,0,0,0,0,0,0,0,0,0,0,0,0,0,0,1.17E-05,0,0,0,0,0,0,0,0,0,0,0,0,0,0,0,0,0,0,0,0,0,0,0,0,0,0,0,0,1.17E-05,0,0,0,0,0,1.17E-05,0,0,0,0,0,0,0,0,0,0,0,0,0,0,0,0,0,0,0,0,0,0,0,0,0,0,0,0,0,0,0,0,0,0,0,0,0,0,0,0,0,0,0,0,0,0,0,0.008158959,0,0,0,0,0,0,0.509524647,0,0,0,0.000492351,0,0,0,0,0,0.001230877,0,0,0.000164117,0,0,0,0,0,0,0,0,0,0,0,4.69E-05,0,0,0,0,0,0,0,0,0,0,0,0,0,0,0,0,0,0,0,0,0,0,0,0,0,0,0,0,0,0,0,0,0,0,0,0,0,0,0,0,0,0,0,0,0,0,0,0,0,0,0,0,0,0,0,1.17E-05,0,0,0,0,0,0,0.002532091,0,0,0,0,0,0,0,0,0,0,0,0,0,0,0,0,0,0,0.009307778,0,0,0,0,0,0,0,1.17E-05,0,0,0,0,0,0,0,0,0,0,0,0,0,0,0,0,0,0,0,0,0,0,0,0,0,0
D160STSX.04,0,0,0,0,0,0,0,0,0,0,0,0,0,0,0,0,0,0,0,0.000152497,0,0,0.000292286,0,0,0,0.540615072,0.000648113,0,0,0,0,0,0,0,0,0,0,0,0,0,0,0,0,0,0,0,0,0,0,0,0,0,0,0,0,0,0,0,0,0,0,0,0,0,0,0,0,0,0,0,0,0,0,0,0,0,0,0,0,0,0,0,0,0,0,0,0,0,0,0,0,0,0,0,0,0,0,0,0,0,0,0,0,0,0,0,0,0,0,0,0,0,0,0,0,0,0,0,0,0,0,0,0,0,0,0,0,0,0.045647477,0,0,0,0,0,0,0.40353285,0,0,0,0.000902275,0,0,0,0,0,0.001906214,0,0,0.000648113,0,0,0,0,0,0,0,0,0,0,0,1.27E-05,0,0,1.27E-05,0,0,0,0,0,0,0,0,0,0,0,0,0,0,0,0,0,0,0,0,0,0,0,0,0,0,0,0,0,0,0,0,0,0,0,0,0,0,0,0,0,0,0,0,0,0,0,0,0,0,0,0,0,0,0,0,0,0,0,0.002630576,0,0,0,0,0,0,0,0,0,0,0,0,0,0,0,0,0,0,0.00299911,0,0,0,0,0,0,0,0,0,0,0,0,0,0,0,0,0,0,0,0,0,0,0,0,0,0,0,0,0,0,0,0,0,0
C160SKNW.04,0,0,0,0,0,0,0,0,0,0,0,0,0,0,0,0,0,0,0,0,0,0,0,0,0,0,0.030430365,0,0,0,0,0,0,0,0,0,0,0,0,0,0,0,0,0,0,0,0,0,0,0,0,0,0,0,0,0,0,0,0,0,0,0,0,0,0,0,0,0,0,0,0,0,0,0,0,0,0,0,0,0,0,0,0,0,0,0,0,0,0,0,0,0,0,0,0,0,0,0,0,0,0,0,0,0,0,0,0,0,0,0,0,0,0,0,0,0,0,0,0,0,0,0,0,0,0,0,0,0,0,0.009575146,0,0,0,0,0,0,0.958771764,0,0,0,0.000189436,0,0,0,0,0,0.000964403,0,0,0,0,0,0,0,0,0,0,0,0,0,0,0,0,0,0,0,0,0,0,0,0,0,0,0,0,0,0,0,0,0,0,0,0,0,0,0,0,0,0,0,0,0,0,0,0,5.17E-05,0,0,0,0,0,0,0,0,0,0,0,0,0,0,0,0,0,0,0,0,0,1.72E-05,0,0,0,0,0,0,0,0,0,0,0,0,0,0,0,0,0,0,0,0,0,0,0,0,0,0,0,0,0,0,0,0,0,0,0,0,0,0,0,0,0,0,0,0,0,0,0,0,0,0,0,0,0,0,0,0,0,0,0,0
A160SPVJ.04,0,0,0,0,0,0,0,0,0,0,0,0,0,0,0,0,0,0,0,0.000103461,0,0,0,0,0,0,0.513230045,0.006582691,0,0,0,0,0,0,0,0,0,0,0,0,0,0,0,0,0,0,0,0,0,0,0,0,0,0,0,0,0,0,0,0,0,0,0,0,0,0,0,0,0,0,0,0,0,0,0,0,0,0,0,0,0,0,0,0,0,0,0,0,0,0,0,0,0,0,0,0,0,0,0,0,0,0,0,0,0,0,0,0,0,0,0,0,0,0,0,0,0,0,0,0,0,0,0,0,0,0,0,0,0,0.055545497,0,0,0,0,0,0,0.409368372,0,0,0,0.000245719,0,0,0,1.29E-05,0,0.006854276,0,0,0.000129326,0,0,0,0,0,0,0,0,0,0,0,0,0,0,0,0,0,0,0,0,0,0,0,0,0,0,0,0,0,0,0,0,0,0,0,0,0,0,0,0,0,0,0,0,0,0,0,0,2.59E-05,0,0,0,0,0,0,0,0,0,0,0,0,0,0,0,0,0,0,0,0,0,0,0,0,0,3.88E-05,0,0,0,0,0,0,0,0,0,0,0,0,0,0,0,0,0,0,0.007863018,0,0,0,0,0,0,0,0,0,0,0,0,0,0,0,0,0,0,0,0,0,0,0,0,0,0,0,0,0,0,0,0,0,0
D160SNK1.04,0,0,0,0,0,0,0,0,0,0,0,0,0,0,0,0,0,0,0,0,0,0,0,0,0,0,0.434930815,0,0,0,0,0,0,0,0,0,0,0,0,0,0,0,0,0,0,0,2.52E-05,0,0,0,0,0,0,0,0,0,0,0,0,0,0,0,0,0,0,0,0,0,0,0,0,0,0,0,0,0,0,0,0,0,0,0,0,0,0,0,0,0,0,0,0,0,0,0,0,0,0,0,0,0,0,0,0,0,0,0,0,0,0,0,0,0,0,0,0,0,0,0,0,0,0,0,0,0,0,0,0,0,0,0.003093122,0,0,0,0,0,0,0.355140895,0,0,0,0.000303,0,0,0,1.26E-05,0,0.141639733,0,0,0.000605999,0,0,0,0,0,0,0,0,0,0,0,2.52E-05,0,0,0,0,0,0,0,0,0,0,0,0,0,0,0,0,0,0,0,0,0,0,0,0,0,0,0,0,0,0,0,0,0,0,0,0,0,0,0,0,0,0,0,0,0,0,0,0,0,0,0,0,0,0,0,2.52E-05,0,0,0,0,0,0,3.79E-05,0,0,0,0,0,0,0,0,0,0,0,0,0,0,0,0,0,0,0.063844561,0,0,0,0,0,0,0,1.26E-05,0,0,0,0.000303,0,0,0,0,0,0,0,0,0,0,0,0,0,0,0,0,0,0,0,0,0,0
E160SNX9.04,0,0,0,0,0,0,0,0,0,0,0,0,0,0,0,0,0,0,0,1.68E-05,0,0,1.68E-05,0,0,0,0.398185399,0,0,0,0,0,0,0,0,0,0,0,1.68E-05,0,0,0,0,0,0,0,0,0,0,0,0,0,0,0,0,0,0,0,0,0,0,0,0,0,0,0,0,0,0,0,0,0,0,0,0,1.68E-05,0,0,0,0,0,0,0,0,0,0,0,0,0,0,0,0,0,0,0,0,0,0,0,0,0,0,0,0,0,0,0,0,0,0,0,0,0,0,0,0,0,0,0,0,0,0,0,0,0,0,0,0,0,0.084838487,0,0,1.68E-05,0,0,0,0.513777838,0,0,0,0.000370327,0,0,0,0,0,0,0,0,0.001094147,0,0,0,0,0,0,0,0,0,0,0,1.68E-05,0,0,0,0,0,0,0,0,0,0,0,0,0,0,0,0,0,0,0,0,0,0,0,0,0,0,0,0,0,0,0,0,0,0,0,0,0,0,0,0,0,0,0,0,0,0,0,0,0,0,0,0,0,0,0,0.000538657,0,0,0,0,0,0,0.000993149,0,0,0,0,0,0,0,0,0,0,0,0,0,0,0,0,0,0,0.000100998,0,0,0,0,0,0,0,0,0,0,0,0,0,0,0,0,0,0,0,0,0,0,0,0,0,0,0,0,0,0,0,0,0,0
B160SQ2J.04,0,0,0,0,0,0,0,0,0,0,0,0,0,0,0,0,9.67E-06,0,0,1.93E-05,0,0,0,0,0,0,0.191292914,0,0,0,0,0,0,0,0,0,0,0,0,0,0,0,0,0,0,0,0,0,0,0,0,0,0,0,0,0,0,0,0,0,0,0,0,0,0,0,0,0,0,0,0,0,0,0,0,0,0,0,0,0,0,0,0,0,0,0,0,0,0,0,0,0,0,0,0,0,0,0,0,0,0,0,0,0,0,0,0,0,0,0,0,0,0,0,0,0,0,0,0,0,0,0,0,0,0,0,0,0,0,0.007599122,0,0,0,0,0,0,0.740692042,0,0,0,9.67E-06,0,0,0,0,0,0,0,0,0.04261696,0,0,0,0,0,0,0,0,0,0,0,0,0,0,0,0,0,0,0,0,0,0,0,0,0,0,0,0,0,0,0,0,0,0,0,0,0,0,0,0,0,0,0,0,0,0,0,0,0,0,0,0,0,0.000570418,0,0,0,0,0,0,0.000502741,0,0,0,0,0,0,0.000618758,0,0,0,0,0,0,0,0,0,0,0,0,0,0,0,0,0,0,0,0,0,0,0,0,0,0.015294925,0,0,0,0,0,0,0,0.000106349,0,0,0,0.000667099,0,0,0,0,0,0,0,0,0,0,0,0,0,0,0,0,0,0,0,0,0,0
G160SS5P.04,0,0,0,0,0,0,0,0,0,0,0,0,0,0,0,0,0,0,0,0,0,0,0,0,0,0,0.7407701,0.00065397,0,0,0,0,0,0,0,0,0,0,0,0,0,0,0,0,0,0,0.001010682,0,0,0,0,0,0,0,0,0,0,0,0,0,0,0,0,0,0,0,0,0,0,0,0,0,0,0,0,0,0,0,0,0,0,0,0,0,0,0,0,0,0,0,0,0,0,0,0,0,0,0,0,0,0,0,0,0,0,0,0,0,0,0,0,0,0,0,0,0,0,0,0,0,0,0,0,0,0,0,0,0,0,0.000990864,0,0,0.000356711,0,0,0,0.253700878,0,0,0,5.95E-05,0,0,0,0,0,0.000317077,0,0,0.002100632,0,0,0,0,0,0,0,0,0,0,0,0,0,0,0,0,0,0,0,0,0,0,0,0,0,0,0,0,0,0,0,0,0,0,0,0,0,0,0,0,0,0,0,0,0,0,0,0,0,0,0,0,0,0,0,0,0,0,0,0,0,0,0,0,0,0,0,0,0,0,0,0,0,0,3.96E-05,0,0,0,0,0,0,0,0,0,0,0,0,0,0,0,0,0,0,0,0,0,0,0,0,0,0,0,0,0,0,0,0,0,0,0,0,0,0,0,0,0,0,0,0,0,0,0,0,0,0,0,0,0
C160SLRM.04,0,0,0,0,0,0,0,0,0,0,0,0,0,0,0,0,0,0,0,0,0,0,0,0,0,0,0.789199412,0,0,0,0,0,0,0,0,0,0,0.006345871,0,0,0,0,0,0,0,0,0.005547384,0,0,0,0,0,0,0,0,0,0,0,0,0,0,0,0,0,0,0,0,0,0,0,0,0,0,0,0,0.018281152,0,0,0,0,0,0,0,0,0,0,0,0,0,0,0,0,0,0,0,0,0,0,0,0,0,0,0,0,0,0,0,0,0,0,0,0,0,0,0,0,0,8.41E-05,0,0,0,0,0,0,0,0,0,0,0,0,0,0,0.008783358,0,0,0,0.00134482,0,0,0,0,0.002941794,0,0,0.000126077,0.006429922,0,0,0,0.102962807,0,0,0,0,0,0,0,0,0,0,0,0.039504097,0,0,0,0,0,0,0,0.011767178,0,0,0,0,0,0,0,0,0,0,0,0,0,0,0,0,0,0,0,0,0,0,0,0,0,0.002269384,0,0.002857743,0,0,0,0,0,0,0,0,0,0,0,0,0,0,0,0,0,0,0,0,0,0,0,0,0,0,4.20E-05,0,0,0,0,0,0,0,0,0,0,0,0,0,0,0,0,0,0,0,0,0,0,0,0,0,0.001512923,0,0,0,0,0,0,0,0,0,0,0,0,0,0,0,0,0,0,0,0,0,0,0,0,0,0,0
J160TF03.04,0,0,0,0,0,0,0,0,0,0,0,0,0,0,0,0,0,0,0,0,0,0,0,0,0,0,0.014212747,0,0,0,0,0,0,0,0,0,0,0,0,0,0,0,0,0,0,0,0.006218077,0,0,0,0,0,0,0,0,0,0,0,0,0,0,0,0,0,0,0,0,0,0,0,0,0,0,0,0,0,0,0,0,0,0,0,0,0,0,0,0,0,0,0,0,0,0,0,0.00877193,0,0,0,0,0,0,0,0,0,0,0,0,0,0,0,0,0,0,0,0,0,0,0.000888297,0,0,0,0,0,0,0,0,0,0,0,0.059960027,0,0,0,0,0,0,0.000222074,0,0,0,0,0,0,0,0.000111037,0,0,0.020541861,0,0.842882523,0,0,0,0,0,0,0,0,0,0,0,0,0,0,0,0,0,0,0,0,0,0,0,0,0,0,0,0,0,0,0,0,0,0,0,0,0,0,0,0,0,0.01221408,0.020097713,0,0,0,0,0,0,0,0,0,0,0,0,0,0,0,0,0,0,0,0,0,0,0,0,0.000111037,0.000333111,0,0,0,0,0,0,0,0,0,0,0,0,0,0,0,0,0,0,0,0,0,0,0,0,0.013435487,0,0,0,0,0,0,0,0,0,0,0,0,0,0,0,0,0,0,0,0,0,0,0,0,0,0,0,0,0,0,0,0,0,0
B160WXG3.04,0.002498679,0,0,0,0,0,0,0,0,0,0,0,0,0,0,0,0,0,0,0,0,0,0,0,0,0,0.122219019,0,0,0,0,0,0,0,0,0,0,0,0,0,0.798940464,0,0,0,0,0,0.003736005,0,0,0,0,0,0,0,0,0,0,0,0,0,0,0,0,0,0,0,0,0,0,0,0,0,0,0,0,0,0,0,0,0,0,0,0,0,0,0,0,0,0.00246264,0,0,0,0,0,0,0,0,0,0,0,0,0,0,0,0,0,0,0,0,0,0,0,0,0,0,0,0,0,0,0,0,0,0,0,0,0,0,0,0,0.000108116,0,0,0.002883091,0,0,0,3.60E-05,0,0,0,0,0.004937293,0,0,0.000156167,0.002114266,0,0,0,0.057361492,0,0,0,0,0,0,0,0,0,0,0,0,0,0,0,0,0,0,0,0,0,0,0,0,0,0,0,0,0,0,0,0,0,0,0,0,0,0,0,0,0,0,1.20E-05,0,0,0,0,0,0,0,0,0,0,0,0,0,0,0,0,0,0,0,0,0,0,0,0,0,0,0,0,0,0,0,2.40E-05,0,0,0,0,0,0,0,0,0,0,0,0,0,0,0,0,0,0,0,0,0,0,0,0,0,0,1.20E-05,0,0,0,0,0,0,0,0,0,0,0,0,0,0,0,0,0,0,0,0,0,0,0,0,0,0.002498679
A160S8JY.04,0,0,0,0,0,0,0,0,0,0,0,0,0,0,0,0,0,0,0,0,0,0,0,0,0,0,0.014682095,0,0,0,0,0,0,0,0,0,0,0,0,0,0,0,0,0,0,0,1.38E-05,0,0,0,0,0,0,0,0,0,0,0,0,0,0,0,0,0,0,0,0,0,0,0,0,0,0,0,0,2.07E-05,0,0,0,0,0,0,0,0,0,0,0,0,2.76E-05,0,0,0,0,0,0,0,0,0,0,0,0,0,0,0,0,0,0,0,0,0,0,0,0,0,0,0,0,6.91E-06,0,0,0,0,0,0,0,0,0,0,0,1.38E-05,0,0,0,0,0,0,3.46E-05,0,0,0,0,2.76E-05,0,0,0.000152074,6.91E-06,0,0,0,0.978861654,0,0,0,0,0,0,0,0,0,0,0,3.46E-05,0,0,0,0,0,0,0,0,0,0,0,0,0,0,0,0,0,0,0,0,0,0,0,0,0,0,0,0,0,0,0,0,0,0,0,0,0,0,0,0,0,0,0,0,0,0,0,0,0,0,0,0,0,0,0,0,0,0,0,0,0,0,0.000801847,0,0,0,0,0,0,0,0,0,0,0,0,0,0,0,0,0,0,0,0,0,0,0,0,0,0,0.005315693,0,0,0,0,0,0,0,0,0,0,0,0,0,0,0,0,0,0,0,0,0,0,0,0,0,0
J160TK82.04,0,0,0,0,0,0,0,0,0,0,0,0,0,0,0,0,0,0,0,0,0,0,0.008302583,0,0,0,0.000709622,0,0,0,0,0,0,0.000425773,0,0,0,0,0.004399659,0,0,0,0,0,0,0,0.012063582,0,0,0,0,0,0,0,0,0,0,0,0,0,0,0,0,0,0,0,0,0,0,0,0,0,0,0,0,0.004328697,0.020153278,0,0,0,0,0,0,0,0,0,0,0,0.006599489,0,0,0,0,0,0,0,0,0,0,0,0,0,0,0,0,0,0,0,0,0,0,0,0,0,0,0,0,0,0,0,0,0,0,0,0,0,0,0,0,0,0,0,0,0,0,0,0.000283849,0,0,0,0,0.029946069,0,0,0,0.004612546,0,0,0,0.665342038,0,0,0,0,0,0,0,0.000141924,0,0,0,0.038035765,0,0,0,0,0,0,0,7.10E-05,0,0,0,0,0,0,0,0,0,0,0,0,0,0,0,0.005464093,0,0,0,0,0,0,0,0,0,0,0,0,0,0,0,0.00127732,0,0,0,0,0,0,0,0,0,0,0,0,0,0,0.001845018,0,0,0,0,0,0,0,0.17960545,0,0,0,0,0,0,0,0,0,0,0,0,0,0,0,0,0,0,0,0,0,0,0,0,0,0.003406188,0.005109282,0,0,0,0.00787681,0,0,0,0,0,0,0,0,0,0,0,0,0,0,0,0,0,0,0,0,0,0
J160WXF6.04,0,0,0,0,0,0,0,0,0,0,0,0,0,0,0,0,0,0,0,0,0,0,0.006264024,0,0,0,0.461854899,0,0,0,0,0,0,0,0,0,0,0.00065445,0.004768138,0,0.00065445,0,0,0,0,0,0.009723261,0,0,0,0,0,0,0,0,0,0,0,0,0,0,0,0,0,0,0,0,0,0,0,0,0,0,0,0,9.35E-05,0.00065445,0,0,0,0,0.021690352,0,0,0,0,0,0,0,0,0,0,0,0,0,0,0,0,0,0,0,0,0,0,0,0,0,0,0,0,0,0,0,0,0,0,0,0,0,0,0,0,0,0,0,0,0,0,0,0.017670157,0,0,0,0,0,0,9.35E-05,0,0,0,0,0.008601346,0,0,0.006918474,0.035340314,0.001402393,0,0,0.218586387,0,0,0,0,0,0,0,0.001682872,0,0,0,0.089846672,0,0,0,0,0,0,0.000186986,0,0,0,0,0,0,0,0,0,0,0,0,0,0,0,0,0,0,0,0,0,0,0,0.017857143,0,0,0,0,0,0,0,0,0,0,0,0,0,0,0,0,0,0,0,0,0,0,0,0,0,0,0,0,0,0,0,0.063855647,0,0,0,0,0,0,0,0,0,0,0,0,0,0,0,0,0,0,0,0,0,0,0,0,0,0,0.030198205,0,0,0,0,0,0,0,0,0,0,0,0,0,0,0.001402393,0,0,0,0,0,0,0,0,0,0,0
G160T4B4.04,0,0,0,0,0,0,0,0,0,0,0,0,0,0,0,0,0,0,0,0,0,0,0,0,0,0,0.930542693,0,0,0,0,0,0,0,0,0,0,0,0,0,0.001629931,0,0,0,0,0,0.000305612,0,0,0,0,0,0,0,0,0,0,0,0,0,0,0,0,0,0,0,0,0,0,0,0,0,0,0,0,0.000453788,0,0,0,0,0,0,0,0,0,0,0,0,0,0,0,0,0,0,0,0,0,0,0,0,0,0,0,0,0,0,0,0,0,0,0,0,0,0,0,0,0,1.85E-05,0,0,0,0,0,0,0,0,0,0,0,4.63E-05,0,0,0.000768661,0,0,0,0.006538248,0,0,0,9.26E-06,0,0,0,0.027384701,0,0,0,0,0.003222819,0,0,0,0,0,0,0,0,0,0,0,0.000305612,0,0,0,0,0,0,0,0,0,0,0,0,0,0,0,0,0,0,0,0,0,0,0,0,0,0,0,0,0,0,0,0,0,0,0,0,0,0,0,0,0,0,0,0,0,0,0,0,0,0,0,0,0,0,0,0,0,0,0,0,0,0,0.028755325,0,0,0,0,0,0,0,0,0,0,0,0,0,0,0,0,0,0,0,0,0,0,0,0,0,0,9.26E-06,9.26E-06,0,0,0,0,0,0,0,0,0,0,0,0,0,0,0,0,0,0,0,0,0,0,0,0,0
J160T222.04,0,0,0,0,0,0,0,0,0,0,0,0,0,0,0,0,0,0,0,0,0,0,0,0,0,0,0.841299956,0,0,0,0,0,0,0,0,0,0,0,0,0,0,0,0,0,0,0,1.36E-05,0,0,0,0,0,0,0,0,0,0,0,0,0,0,0,0,0,0,0,0,0,0,0,0,0,0,0,0,1.36E-05,0,0,0,0,0,0,0,0,0,0,0,0,0,0,0,0,0,0,0,0,0,0,0,0,0,0,0,0,0,0,0,0,0,0,0,0,0,0,0,0,0,0,0,0,0,0,0,0,0,0,0,0,0,5.46E-05,0,0,0,0,0,0,6.82E-05,0,0,0,0,0.00038218,0,0,0.114503713,0,0,0,0,0.00578729,0,0,0,0,0,0,0,0,0,0,0,0.000163791,0,0,0,0,0,0,0,0,0,0,0,0,0,0,0,0,0,0,0,0,0,0,0,0,0,0,0,0,0,0,4.09E-05,0,0,0,0,0,0,0,0,0,0,0,0,0,0,0,0,0,0,0,0,0,0,0,0,0,0,0,0,0,0,0,0.00017744,0,0,0,0,0,0,0,0,0,0,0,0,0,0,0,0,0,0,0,0,0,0,0,0,0,0,0.03749454,0,0,0,0,0,0,0,0,0,0,0,0,0,0,0,0,0,0,0,0,0,0,0,0,0,0
C160SMP3.04,0,0,0,0,0,0,0,0,0,0,0,0,0,0,0,0,0,0,0,0,0,0,0,0,0,0,0.007321773,0,0,0,0,0,0,0,0,0,0,0,0,0,1.84E-05,0,0,0,0,0,0,0,0,0,0,0,0,0,0,0,0,0,0,0,0,0,0,0,0,0,0,0,0,0,0,0,0,0,0,0,0,0,0,0,0,1.84E-05,0,0,0,0,0,0,0,0,0,0,0,0,0,0,0,0,0,0,0,0,0,0,0,0,0,0,0,0,0,0,0,0,0,0,0,0,0,0,0,0,0,0,0,0,0,0,0,0.023598495,0,0,0,0,0,0,0.968639325,0,0,0,9.18E-05,0,0,0,0,1.84E-05,0,0,0,9.18E-05,0,0,0,0,0,0,0,0,0,0,0,1.84E-05,0,0,0,0,0,0,0,0,0,0,0,0,0,0,0,0,0,0,0,0,0,0,0,0,0,0,0,0,0,0,0,0,0,0,0,0,0,0,0,0,0,0,0,0,0,0,0,0,0,0,0,0,0,0,0,0.000165153,0,0,0,0,0,0,0,0,0,0,0,0,0,0,0,0,0,0,0,0,0,0,0,0,0,0,0,0,0,0,0,0,1.84E-05,0,0,0,0,0,0,0,0,0,0,0,0,0,0,0,0,0,0,0,0,0,0,0,0,0,0,0
E160SJ5D.04,0,0,0,0,0,0,0,0,0,0,0,0,0,0.000383572,0,0.000191786,0,0,0,0.000657552,0,0,0.001178114,0,0,0,0.118934765,0.00027398,0,0,2.74E-05,0,0.001123318,0,0.000383572,0,0,0.001369901,0.000794542,0,0.00095893,0.000164388,0,0.001013726,0,0,0.000657552,0,0,0.000109592,0,8.22E-05,0,0,0.00027398,0,0,0,0,0,0,0,0,0,5.48E-05,0,0,0,0,0,0,0,0,0,0.00068495,0.003205567,0.000438368,0,0,0,0,0.00082194,0,0,0.000246582,0,0,0,0.001287707,0,0,0,0,0,0.000438368,0,0,0,0,0,0,0,0,0,0,0,0,0,0,0,0,0,0,0.000767144,0,0,0,0.001424697,0,0,0,0,0,0,0,0,0,0,0,0.002575413,0,0,0,0,0,0,0.00123291,0,0,0,2.74E-05,0.002739801,0,0,0.028850105,0.003589139,0,0,0,0.548097208,0,0,0,0,0,0,0,0.000630154,0,0,0.00027398,0.003068577,0,0.00013699,8.22E-05,0,0.000109592,0,8.22E-05,0.001287707,0,0,0,0,0,0,0,0,0,0,0,0,0,0,0,0.000328776,0,0,0,0,0.00027398,0.000575358,0.00013699,0,0,0.001616483,0.000219184,8.22E-05,0.00013699,0,0,0.001013726,0,0.000191786,0,0,0,0,0,0,0.000438368,0,0,0,0,0,0,0.00013699,8.22E-05,0,0,0,0,0,0.002575413,0,0,0,0,0,0,0,0,0,0,0,0,0,0,0,0,0,0,2.74E-05,0,0,0,0,0,0,0.135209184,0.125948656,0,0,0,0,0,0,0,0,0,0,0,0,0,5.48E-05,0,0,0,2.74E-05,0,0,0,0,0,0.000191786,0,0
E160T0R0.04,0,0,0,0,0,0,0,0,0,0,0,0,0,0,0,0,0,0,0,0,0,0,0.000837254,0,0,0,0.001714377,0,0,0,0,0,0,0,0,0,0,0,0.000637908,0,0,0,0,0,0,0,7.97E-05,0,0,0,0,0,0,0,0,0,0,0,0.000478431,0,0,0,0,0,0,0,0,0,0,0,0,0,0,0,0,0.001156208,0.000199346,0,0,0,0,3.99E-05,0,0,0,0,0,3.99E-05,0.0057013,0,0,0,0,0,0,0,0,0,0,0,0,0,0,0,0,0,0,0,0,0,0,0,0,0,0,0,0,0.000159477,0,0,0,0,0,0,0,0,0,0.001076469,0,0.025037876,0,0,0,0,0,0,0.005382346,0,0,0,0,0.037875767,0,0,0.000279085,0.031058129,0,0.004066661,0.001714377,0.758910773,0,0,0,0,0,0,0,0.001235946,0,0,0.000398692,0.015030699,0,0,0.005741169,0,0,0,0.000159477,3.99E-05,0,0,0,0,0,0,0,0,0,0,0,0,0,0,0,0.000239215,0,0.013156846,0,0,0,0,0,0,0,0.005741169,0,0,0,0,0,0,0,0,0,0,0,0,0,0,0.003229408,0,0,0,0,0,0,3.99E-05,0,0,0,0,0,0,0.077226696,0,0,0,0,0,0,0,0,0,0,0,0,0,0,0,0,0,0,0,0,0,0,0,0,0,0.001315685,0,0,0,0,0,0,0,0,0,0,0,0,0,0,0,0,0,0,0,0,0,0,0,0,0,0,0
C160SXP0.04,0,0,0,0,0,0,0,0,0,0,0,0,0,0,0,0,0,0,0,0,0,0,0.000883055,0,0,0,0.251384248,0,0,0,0,0,0,0,0,0,0,0,0,0,0,0,0,0,0,0,0.000167064,0,0,0,0,0,0,0,0,0,0,0,0,0,0,0,0,0,0,0,0,0,0,0,0,0,0,0,0,0.001169451,0.004295943,0,0,0,0,0.006754177,0,0,0,0,0,0,0,0,0,0,0,0,0,0,0,0,0,0,0,0,0,0,0,0,0,0,0,0,0,0,0,0,0,0,0,0,0,0,0,0,0,0,0,0,0,0,0,0,0,0,0,0,0,0,7.16E-05,0,0,0,0,0.004725537,0,0,0.044749403,0.014844869,0,4.77E-05,0,0.312458234,0,0,0,0,0,0,0,0,0,0,0,0.009498807,0,0,0,0,0.000429594,0,0,0.000930788,0,0,0,0,0,0,0,0,0,0,0,0,0,0,0,0,0,0,0,0,0.000214797,0,0,0,0,0,0,0,0,0,0,0,0,0,0,0,0,0,0,0,0,0,0,0,0,0,0,0,0,0,0,0,0,0,0.000906921,0,0,0,0,0,0,0,0,0,0,0,0,0,0,0,0,0,0,0,0,0,0,0,0,0,0.002768496,0.343699284,0,0,0,0,0,0,0,0,0,0,0,0,0,0,0,0,0,0,0,0,0,0,0,0,0,0
G160TSNH.04,0,0,0,0,0,0,0,0,0,0,0,0,0,0,0,0,0,0,0,0,0,0,0.003024778,0,0,0,0.183434159,0,0,0,0,0,0,0,0.000372918,0,0,0,0.001118754,0,0,0,0,4.14E-05,0,0,8.29E-05,0,0,0,0,0,0,0,0,0,0,0,0,0,0,0,0,0,0,0,0,0,0,0,0,0,0,0,0,0.015455374,0.007665534,0,0,0,0,0.023079473,0,0,0,0,0,0.00132593,0.001077318,0,0,0,0,0,0,0,0,0,0,0,0,0,0,0,0,0,0,0,0,0,0,0,0,0,0,0,0,0,0,0,0,0,0,0,0,0,0,0,0,0.000911577,0,0,0,0,0,0,0.000580094,0,0,0,0,0.01301069,0,0,0.001118754,0.009944477,0,0,0,0.551006878,0,0,0,0.000870142,0,0,0,0.001740283,0,0,0,0.011601889,0,0,0,0,0.000372918,0,0.004847932,0.023120908,0,0,0,0,0,0,0,0,0,0,0,0,0,0,0,0,0,0,0,0,0,0,0,0,0,0,0,0,0,0,0,0,0,0,0,0,0,0,0,0,0,0,0,0,0,0,4.14E-05,0,0,0,0,0,0,0,0.015703986,0,0,0,0,0,0,0,0,0,0,0,0,0,0.003066214,0,0,0,0,0,0,0,0,0,0,0,0.001864589,0.122772852,0.000745836,0,0,0,0,0,0,0,0,0,0,0,0,0,0,0,0,0,0,0,0,0,0,0,0,0
K160W0MQ.04,0,0,0,0,0,0,0,0,0,0,0,0,0,0,0,0.000410962,0,0,0,0.001258572,0,0,0.001566794,0,0.000205481,0,0.276346544,0,0,0,0,0,0,0.000719184,0,0,0,0.000410962,0.001232887,0,0,0,0,7.71E-05,0,0,0.01605322,0,0,0,0,0,0,0,0,0,0,0,0,0,0,0,0,0,0,0,0,0,0,0,0,0,0,0,0.000179796,0.010787764,0.00164385,0,0,0,0,0.001464054,0,0,0,0,0,0.001335628,0.001797961,0,0,0,0,0,0,0,0,0,0,0,0,0,0,0,0,0,0,0,0,0,0,0,0,0,0,0,0,0.000154111,0,0,0,0,0,0,0,0,0,0,0,0.00333907,0,0.000179796,0.000410962,0,0,0.000616444,0.005342511,0,0,0,0,0.012739835,0,0,0.041558575,0.010299746,0,0,0,0.409446999,0,0,0,0,0,0,0,0.001078776,0,0,0.000385277,0.007397324,0,0,0.001104462,0,0,0,0,0.002029127,0,0,0,0,0,0,0,0,0,0,0,0,0,0,0,0,0,0,0.000565073,0,0,0,0,0,0,0.000924665,0,0,0,0,0,0.000256852,0,0,0,0,7.71E-05,0,0,0,0,0,0,0,0,0,0.000282537,0.000231166,0,0,0,0,0,0,0.009246655,0,0,0,0,0,0,0,0,0,0,0,0,0,0.000410962,0,0,0,0,0.000488018,0,0,0,0,0,0,0.000282537,0.175352529,0,0,0,0.000282537,0,0,0,0,0,0,0,0,0,0,2.57E-05,0,0,0,0,0,0,0,0,0,0,0
D160SK8Q.04,0,0,0,0,0,0,0,0,0,0,0,0,0,0,0,0,0,0,0,0,0,0,0.003962084,0,0,0,0.589573198,0,0,0,0,0,0,0,0.001003059,0,0,0,0.000601836,0,0,0,0,0,0,0,0.002206731,0,0,0,0,0.000150459,0,0,0,0,0,0,0.000401224,0,0,0,0,0,0,0,0,0,0,0,0,0,0,0,0,0.000376147,0.001504589,0,0,0,0,0.003686243,0,0,0,0,0,0,0.014744972,0,0,0,0,0,0.000300918,0,0,0,0,0,0,0,0,0,0,0,0,0,0,0,0,0,0,0,0,0,0,0,0,0,0,0,0,0,0,0,0,0,0,0.001128442,0,0,0,0,0,0,0.000877677,0,0,0,0,0.004664226,0,0,0.020337028,0.00185566,0,0,0,0.161317017,0,0,0,0,0,0,0,0.000476453,0,0.000150459,0,0.008902152,0,0,0.000626912,0,0,0,0.0004263,0.000401224,0,0,0,0,0,0,0,0,0,0,0,0,0,0,0,0,0,0,0,0,0,0.000401224,0,0,0,0,0,0,0.000902753,0,0,0.001981042,0,0,0,0,0,0,0,0,0,0,0,0,0,0,0,0.000526606,0.001003059,0,0,0,0,0,0.015246502,0,0,0,0,0,0,0,0,0,0,0,0,0,0,0,0,0,0,0,0,0,0,0,0,0,0,0.159110286,0,0,0,0,0,0,0,0,0,0,0,0,0,0.001153518,0,0,0,0,0,0,0,0,0,0,0,0
A160T2XJ.04,0,0,0,0,0,0,0,0,0,0,0,0,0,0,0,0,0,0,0,0,0,0,0,0,0,0,0.471708717,0,0,0,0,0,0,0,0,0,0,0,0,0,0,0,0,0,0,0,2.96E-05,0,0,0,0,0,0,0,0,0,0,0,0,0,0,0,0,0,0,0,0,0,0,0,0,0,0,0,0,0,5.92E-05,0,0,0,0,5.92E-05,0,0,0,0,0,0,0,0,0,0,0,0,0,0,0,0,0,0,0,0,0,0,0,0,0,0,0,0,0,0,0,0,0,0,0,0,0,0,0,0,0,0,0,0,0,0,0,0,0,0,0,0,0,0,5.92E-05,0,0,0,0,0.000532403,0,0,0.115146854,5.92E-05,0,8.87E-05,0,0.018101689,0,0,0,0,0,0,0,2.96E-05,0,0,0,0,0,0,0,0,0,0,0,0,0,0,0,0,0,0,0,0,0,0,0,0,0,0,0,0,0,0,0,0,0,0,0,0,0,0,0,0,0,0,0,0,0,0,0,0,0,0,0,0,0,0,0,0,0,0,0,0,0,0,0,0,0,0,2.96E-05,0,0,0,0,0,0,0,0,0,0,0,0,0,0,0,0,0,0,2.96E-05,0,0,0,0.001064805,0,0,8.87E-05,0.39291313,0,0,0,0,0,0,0,0,0,0,0,0,0,0,0,0,0,0,0,0,0,0,0,0,0,0
K160TVYH.04,0,0,0,0,0,0,0,0,0,0,0,0,0,0,0,0,0,0,0,0,0,0,3.32E-05,0,0,0,0.430518253,0,0,0,0,0,0,0,0,0,0,0.002055771,0,0,0,0,0,0,0,0,0,0,0,0,0,0,0,0,0,0,0,0,0,0,0,0,0,0,0,0,0,0,0,0,0,0,0,0,0,0,0,0,0,0,0,0,0,0,0,0,0,0,0,0,0,0,0,0,0,0,0,0,0,0,0,0,0,0,0,0,0,0,0,0,0,0,0,0,0,0,0,0.005272058,0,0,0,0,0,0,0,0,0,0,0,0,0,0,0,0,0,0,0,0,0,0,0,0,0,0,0.172386352,0.000331576,0.000364734,0,0,0.057462117,0,0,0,0,0.004675221,0,0,0,0,0,0,0.001392619,0,0,0.002519977,0,0,0,3.32E-05,0.00165788,0,0,0,0,0,0,0,0,0,0,0,0,0,0,0,0,0,0,0,0,0,0,0,0,0,0,0,0,0,0,0,0,0,0,0,0,0,0,0,0,0,0,0,0,0,0,0,0,0,0,0,0,0,0,0,0,0,0,0,0,0,0,0,0,0,0,0,0,0,0,0,0,0,0.00069631,0,0,0,0,0,0,0,0.320070294,0,0,0,0,0,0,0,0,0,0,0,0,0,0,0,0,0,0,0,0,0,0,0,0.000530522,0,0
H160VWG9.04,0,0,0,0,0,0,0,0,0,0,0,0,0,0,0,0,0,0,0,0,0,0,0,0,0,0,0.077044265,0,0,0,0,0,0,0,0,0,0,5.08E-05,0,0,0,0,0,0,0,0,0.000711491,0,0,0,0,0,0,0,0,0,0,0,0,0,0,0,0,0,0,0,0,0,0,0,0,0,0,0,0,0,0,0,0,0,0,0,0,0,0,0,0,0,0.035193373,0,0,0,0,0,0,0,0,0,0,0,0,0,0,0,0,0,0,0,0,0,0,0,0,0,0,0,0,0,0,0,0,0,0,0,0,0,0,0,0,2.54E-05,0,0,2.54E-05,0,0,0,0,0,0,0,0,0.003582863,0,0,0.008207552,0.002617269,0,0,0,0.202368247,0,0,0,0,0,0,0,0,0,0,0,0.001143467,0,0,0,0,0,0,0,0,0,0,0,0,0,0,0,0,0,0,0,0,0,0,0,0,0,0,0,0,0,0,0,0,0,0,0,0,0,0,0,0,0,0,0,0,0,0,0,0,0,0,0,0,0,0,0,0,0,0,0,0,0,0,0.007928038,0,0,0,0,0,0,0,0,0,0,0,0,0,0,0,0,0,0,0,0,0,0,0,0,0,0,0.661000152,0,0,0,0.000101642,0,0,0,0,0,0,0,0,0,0,0,0,0,0,0,0,0,0,0,0,0,0
J160STZ7.04,0,0,0,0,0,0,0,0,0,0,0,0,0,0,0,0,0,0,0,0,0,0,0,0,0,0,0.006394605,0,0,0,0,0,0,0,0,0,0,0,0.001133589,0,0,0,0,0,0,0,0.004127427,0,0,0,0,0,0,0,0,0,0,0,0,0,0,0,0,0,0,0,0,0,0,0,0,0,0,0,0,0,0,0,0,0,0,0.020462737,0,0,0,0,0,0,0.001976514,0,0,0,0,0,0,0,0,0,0,0,0,0,0,0,0,0,0,0,0,0,0,0,0,0,0,0,0,0,0,0,0,0,0,0,0,0,0,0,0,0.000145332,0,0,0,0,0,0,0.002470643,0,0,0,0,0.01592838,0,0,0.010318568,0.00072666,0,0,0,0.490291827,0,0,0,0,0,0,0,0,0,0,0,0.038396698,0,0,0,0,0,0,0,0,0,0,0,0,0,0,0,0,0,0,0,0,0,0,0,0,0,0,0,0,2.91E-05,0,0,0,0,0,0,0,0,0,0,0,0,0,0,0,0,0,0,0,0,0,0,0,0,0,0,5.81E-05,0,0,0,0,0,0,0.000377863,0,0,0,0,0,0,0,0,0,0,0,0,0,0,0,0,0,0,0,0,0,0,0,0,0,2.91E-05,0.407132892,0,0,0,0,0,0,0,0,0,0,0,0,0,0,0,0,0,0,0,0,0,0,0,0,0,0
D160TYWT.04,0,0,0,0,0,0,0,0,0,0,0,0,0,0,0,0,0,0,0,0,0,0,0,0,0,0,9.22E-05,0,0,0,0,0,0,0,0,0,0,0,0,0,0,0,0,0,0,0,0,0,0,0,0,0,0,0,0,0,0,0,0,0,0,0,0,0,0,0,0,0,0,0,0,0,0,0,0,0,0,0,0,0,0,0,0,0,0,0,0,0,0,0,0,0,0,0,0,0,0,0,0,0,0,0,0,0,0,0,0,0,0,0,0,0,0,0,0,0,0,0.002951213,0,0,0,0,0,0,0,0,0,0,0,0,0,0,0,0,0,0,0.000153709,0,0,0,0,0,0,0,0,6.15E-05,0,0,6.15E-05,0.151710781,0,0,0,0,0,0,0,0,0,0,0,0.00033816,0,0,0,0,0,0,0,0,0,0,0,0,0,0,0,0,0,0,0,0,0,0,0,0,0,0,0,0,0,0,0,0,0,0,0,0,0,0,0,0,0,0,0,0,0,0,0,0,0,0,0,0,0,0,0,0,0,0,0,0,0,0,0.004150143,0,0,0,0,0,0,0,0,0,0,0,0,0,0,0,0,0,0,0,0,0,0,0,0,0,0,0.840480802,0,0,0,0,0,0,0,0,0,0,0,0,0,0,0,0,0,0,0,0,0,0,0,0,0,0
G160SSZ3.04,0,0,0,0,0,0,0,0,0,0,0,0,0,0,0,0,0,0,0,0,0,0,0.00056166,0,0,0,0.60564468,0,0,0,0,0,0,0,0,0,0,0,0,0,0,0,0,0,0,0,0,0,0,0,0,0,0,0,0,0,0,0,0,0,0,0,0,0,0,0,0,0,0,0,0,0,0,0,0,0.000315934,3.51E-05,0,0,0,0,0.000421245,0,0,0,0,0,0,0.001614772,0,0,0,0,0,0,0,0,0,0,0,0,0,0,0,0,0,0,0,0,0,0,0,0,0,0,0,0,0,0,0,0,0,0,0,0,0,0,0,0,0.002176431,0,0,0,0,0,0,0.001369046,0,0.000210622,0,0,0.001369046,0,0,0.110611858,0.000666971,0.008179169,0.000105311,0,0.093656756,0,0,0,0,0.000140415,0,0,0,0,0,0,0.005335767,0,0,0,0,0,0,0,0,0,0,0,0,0,0,0,0,0,0,0,0,0,0,0,0,0,0,0,0,0,0,0,0,0,0,0,0,0,0,0,0.000526556,0,0,0,0,0,0,0,0,0,0,0,0,0,0,0,0,0,0,0,0,0,0,3.51E-05,0,0,0,0,0,0,0,0,0,0,0,0,0,0.000702075,0,0,0,0,0.01119809,0,0,0,0,0,0,0,0.154526626,0,0,0,0.000596763,0,0,0,0,0,0,0,0,0,0,0,0,0,0,0,0,0,0,0,0,0,0
A160VBPZ.04,0,0,0,0,0,0,0,0,0,0,0,0,0,0,0,9.16E-05,0,0,0,0,0,0,0,0,0,0.002107771,0.121089932,0,0,0,0,0,0,0,0,0,0,0,0,0,0,0,0,0.002627077,0,0,0,0,0,0,0,0,0,0,0,0,0,0,0,0,0,0,0,0,0,0,0,0,0,0,0,0,0,0,0,3.05E-05,0,0,0,0,0,0,0,0,0,0,0,0.000336022,0,0,0,0,0,0,0,0,0,0,0,0,0,0,0,0,0,0,0,0,0,0,0,0,0,0,0,0,0,0,0,0,0,0,0,0,0,0,0,0,0,0.000366569,0,0,0.000580401,0,0,0,0,0,0,0,0,0,0,0,0.030333578,0,0,0,0,0.264968231,0,0,0,0,0,0,0,0,0,0,0,0,0,0,0,0,0,0,0,0,0,0,0,0,0,0,0,0,0,0,0,0,0,0,0,0,0,0,0,0,0,0,0.002077224,0,0,0,0,0,0,0,0,3.05E-05,0,0,0,0,0,0,0,0,0,0,0,0,0,0,0,0,0,0,0,0,0,0,0.003085288,0,0,0,0,0,0,0,0,0,0,0,0,0,0,0,0,0,0,0,0,0,0,0,0,0,3.05E-05,0.557581867,0,0,0,0,0,0,0,0,0,0,0,0,0,0.012218964,0,0,0,0,0,0,0,0,0,0,0,0.002443793
E160SLNC.04,0,0,0,0,0,0,0,0,0,0,0,0,0,0,0,0,0,0,0,0,0,0,0.000582812,0,0,0,0.026094098,0,0,0,0,0,0,0,0.000370881,0,0,0,0,0.000794744,0,0,0,0.000529829,0,0,0.000370881,0,0,0,0,0,0,0,0,0,0,0,0.000105966,0,0,0,0,0,0,0,0,0,0,0,0,0,0,0,0,0.000158949,0.004609516,0,0,0,0,0.000609304,0,0,0,0,0,0,0,0,0,0,0,0,0,0,0,0,0,0,0,0,0,0,0,0,0,0,0,0,0,0,0,0,0,0,0,0.011656247,0,0,0,0,0,0,0,0,0,0,0,0.000132457,0,0,0.000211932,0,0,0,0.000397372,0,0,0,0,0.010172724,0,0,0.026968316,0.002066335,0,0,0,0.758000424,0,0,0,0,0,0,0,0.000317898,0,0,0,0.005457243,0,0,2.65E-05,0,0.000397372,0,0,0.000847727,0,0,0,0,0,0,0,0,0,0,0,0,0,0,0,0,0,0,0,0,0,0,0,0,0.000688778,5.30E-05,0,0,0.000927201,0,0,0,0,0,0,0,0,0,0,0,0,0,0,0,0,0,0,0.000105966,0.000370881,0,0,0,0,0,0.00468899,0,0,0,0,0,0,0,0,0,0,0,0,0,2.65E-05,0,0,0,0,0,0,0,0,0,0,0,0.015471018,0.126788174,0,0,0,0,0,0,0,0,0,0,0,0,0,0,0,0,0,0,0,0,0,0,0,0,0,0
K160VBQW.04,0,0,0,0,0,0,0,0,0,0,0,0,0,0,0,0,0,0,0,0,0,0,0,0,0,0,4.38E-05,0,0,0,0,0,0,0,0,0,0,0,0.00092077,0,0,0,0,0,0,0,0.000701539,0,0,0,0.000438462,0,0,0,0,0,0,0,0,0,0,0,0,0,0,0,0,0,0,0,0,0,0,0,0,0.00092077,0.000482308,0,0,0,0,8.77E-05,0,0,0,0,0,0,0.000701539,0,0,0,0,0,0,0,0,0,0,0,0,0,0,0,0,0,0,0,0,0,0,0,0,0,0,0,0,0,0,0,0,0,0,0,0,0,0,0,0,0.000131539,0,0,0,0,0,0,0,0,0,0,0,0.001622309,0,0,0.026483097,0.00035077,0,0,0,0.842679879,0,0,0,0,0,0,0,0,0,0,0,0.000701539,0,0,0,0,0,0,0,0.003770772,0,0,0,0,0,0,0,0,0,0,0,0,0,0,0,0,0,0,0,0,0,0,0,0,0,0,0,0,0,0,0,0,0,0.000131539,0,0,0,0,0,0,0,0,0,0,0,0,0,0,0,0,0,0,0,0,0.000613847,0,0,0,0,0,0,0,0,0,0,0,0,0,0,0,0,0,0,0.000306923,0,0,0,0,0,0,0,0.118779322,0,0,0,8.77E-05,0,0,0,0,0,0,0,0,0,0,0,0,0,0,0,0,0,0,0,0,0,4.38E-05
J160VTF4.04,0,0,0,0,0,0,0,0,0,0,0,0,0,0,0,0,0,0,0,0,0,0,0.001851101,0,0,0,0,0,0,0,0,0,0,0,0,0,0,0,0,0,0,0,0,0.000988944,0,0,0,0,0,0,0,0,0,0,0,0,0,0,0,0,0,0,0,0,0,0,0,0,0,0,0,0,0,0,0,0,0.002763972,0,0,0,0,0.004944721,0,0,0,0,0,0,0.004006492,0,0,0,0,0,0,0,0,0,0,0,0,0,0,0,0,0,0,0,0,0,0,0,0,0,0,0,0,0,0,0,0,0,0,0,0,0,0,0,0,0,0,0,0,0,0,0,0.000811441,0,0,0,0,0,0,0,0.002687899,0.002510397,0,0,0,0.018992798,0,0,0,0,0,0,0,0,0,0,0,0,0,0,0,0,0,0,0,0,0,0,0,0,0,0,0,0,0,0,0,0,0,0,0,0,0,0,0,0,0,0,0,0,0,0,0,0,0,0,0,0,0,0,0,0,0,0,0,0,0.001952531,0,0,0,0,0,0,0,0,0,0,0,0,0,0,0,0,0,0,0,0,0,0,0,0,0,0,0,0,0,0,0,0,0,0,0,0,0,0,0,0,0.958489705,0,0,0,0,0,0,0,0,0,0,0,0,0,0,0,0,0,0,0,0,0,0,0,0,0,0
F160SZDV.04,0,0,0,0,0,0,0,0,0,0,0,0,0,0,0,0,0,0,0,0,0,0,0.000851305,0,0,0,0.505959137,0,0,0,0,0,0,0,6.31E-05,0,0,0.000189179,0.000945895,0,0,0,0,0.000189179,0,0,0.000914365,0,0,0,0,0,0,0,0,0,0,0,0,0,0,0,0,0,0,0,0,0,0,0,0,0,0,0.000409888,0,0.002585446,0.000472947,0,0,0,0.000126119,0.000819776,0,0,0,0,0,0.001198133,0.000378358,0,0,0,0,0,0,0,0,0,0,0,0,0,0,0,0,0,0,0,0,0,0,0,0,0,0,0,0,0.000630597,0,0,0,0,0,0,0,0,0,0,0,0.000536007,0,0,0.001008954,0,0,0,0.000977425,0,0,0,0,0.002017909,0,0,0.142672468,0.001954849,0,0,0.000220709,0.076743599,0,0,0.000662126,0,0,0,0,0.000220709,0,0,0,0.006400555,0,0,0.000126119,0,0,0,0,0.004382646,0,0,0,0,0,0,0,0,0,0,0,0,0,0,0,0.001229663,0,0,0,0,3.15E-05,0,0,0,0,0,0,0,0,0,0,0,0,0,0,0,0,0,0,0,0,0,0,0,0,0,0,0,0.000126119,0,0,0,0,0,0.003310632,0,0,0,0,0,0,0,0,0,0,0,0,0,0,0,0,0,0,0,0,0,0,0,0,0,0.001702611,0.239941985,0,0,0,0,0,0,0,0,0,0,0,0,0,0,0,0,0,0,0,0,0,0,0,0,0,0
E160V5RF.04,0,0,0,0,0,0,0,0,0,0,0,0,0,0,0,0,0,0,0,0,0,0,0,0,0,0,0.360113595,0,0,0,0,0,0,0,0,0,0,0,0,0,0,0,0,0,0,0,3.05E-05,0,0,0,0,0,0,0,0,0,0,0,0,0,0,0,0,0,0,0,0,0,0,0,0,0,0,0,0,0.001007695,0.001190912,0,0,0,0,0,0,0,0,0,0,0,0,0,0,0,0,0,0,0,0,0,0,0,0,0,0,0,0,0,0,0,0,0,0,0,0,0,0,0,0,6.11E-05,0,0,0,0,0,0,0,0,0,0,0,0.000335898,0,0,0,0.017039209,0,0,0.000122145,0,0,0,0,0.000977159,0,0,0.09053988,0.000580188,0,0,0,0.330096494,0,0,0,0,0,0,0,0,0,0,0,0.001557347,0,0,0,0,0,0,0,0.001160376,0,0,0,0,0,0,0,0,0,0,0,0,0,0,0,0,0,0,0,0,0,0,0,0,0,0,0,0,0,0,0,0,0,0,0,0,0,0,0,0,0.001343594,0,0,0,0,0,0,0,0,0,0,0,0,0,0.000427507,0,0,0,0,0,0,0,0,0,0,0,0,0,0,0,0,0,0,0.000335898,0,0,0,0,0,0,6.11E-05,0.193019421,0,0,0,0,0,0,0,0,0,0,0,0,0,0,0,0,0,0,0,0,0,0,0,0,0,0
H160SS0K.04,0,0,0,0,0,0,0,0,0,0,0,0,0,0,0,0,0,0,0,0,0,0,0.001947333,0,0,0,0.12578004,0,0,0,0,0,0,0,0,0,0,0,0.005930516,0,0,0,0,0,0,0,8.85E-05,0,0,0,0,0,0,0,0,0,0,0,0,0,0,0,0,0,0,0,0,0,0,0,0,0,0,0,0,0.007479531,0.001504758,0,0,0,0,0.007435273,0,0,0,0,0,0,0,0,0,0,0,0,0,0,0,0,0,0,0,0,0,0,0,0,0,0,0,0,0,0,0,0,0,0,0,0,0,0,0,0,0,0,0,0,0,0,0,0.000265545,0,0,0,0,0,0,0.002832485,0,0,0,0,0.002788227,0,0,0.020801062,0.006859925,0,0,0,0.319052888,0,0,0,0,0,0,0,0,0,0,0,0.005974773,0,0,0,0,0,0,0.00274397,0,0,0,0,0,0,0,0,0,0,0,0,0,0,0,0,0,0,0,0,0,0,0,0,0,0,0,0,0,0,0,0,0,0,0,0,0,0,0,0,0,0,0,0,0,0,0,8.85E-05,0,0,0,0,0,0,0,0,0,0,0,0,0,0,0,0,0,0,0,0,0,0.006550122,0,0,0,0,0,0,0,0,0,0,0,0,0.481876521,0,0,0,0,0,0,0,0,0,0,0,0,0,0,0,0,0,0,0,0,0,0,0,0,0,0
C160TB7F.04,0,0,0,0,0,0,0,0,0,0,0,0,0,0,0,0,0,0,0,0,0,0,0.00089293,0,0,0,0.063195065,0,0,0,0,0,0,0,0,0,0,0,0.000121763,0,0,0,0,0,0,0,8.12E-05,0,0,0,0,0,0,0,0,0,0,0,0,0,0,0,0,0,0,0,0,0,0,0,0,0,0,0,0,0.000121763,0.000933517,0,0,0,0,0.000608816,0,0,0,0,0,4.06E-05,0.000121763,0,0,0,0,0,0,0,0,0,0,0,0,0,0,0,0,0,0,0,0,0,0,0,0,0,0,0,0,0,0,0,0,0,0,0,0,0,0,0,0,8.12E-05,0,0,0,0,0,0,0,0,0,0,0,0.000446465,0,0,0.002881727,0.000730579,0,0,0,0.882498579,0,0,0,0,0,0,0,4.06E-05,0,0,0,0.00142057,0,0,0,0,0,0,0,0.000162351,0,0,0,0,0,0,0,0,0,0,0,0,0,0,0,0,0,0,0,0,0,0,0,0,0,0,0,0,0,0,0,0,0,0,0,0,0,0,0,0,0,0,0,0,0,0,0,0,0,0,0,0,0,0,0.001095868,0,0,0,0,0,0,0,0,0,0,0,0,0,0.000243526,0,0,0,0,0,0,0,0,0,0,0,0.007671077,0.036407176,0,0,0,0,0,0,0,0,0,0,0,0,0,0.000202939,0,0,0,0,0,0,0,0,0,0,0,0
A160SKXQ.04,0,0,0,0,0,0,0,0,0,0,0,0,0,0,0,0,0,0,0,0,0,0,0.000675464,0,0,0,0.238366343,0,0,0,0,0,0,0,0,0,0,0,0.002750103,0,0,0,0,0,0,0,0,0,0,0,0,0,0,0,0,0,0,0,0,0,0,0,0,0,0,0,0,0,0,0,0,0,0,0,0,0.00149567,0.004342267,0,0,0,0,0,0,0,0,0,0,0,0,0,0,0,0,0,0.000265361,0,0,0,0,0,0,0,0,0,0,0,0,0,0,0,0,0,0,0,0,0,0,0,0,0,0,0,0,0,0,0.000313608,0,0,0,0,0,0,0,0,0,0,0.000410103,0,0,0,0,0.000796082,0,0,0.013533399,0.002677731,0,0,0.000675464,0.089209466,0,0,0,0,0,0,0,0,0,0,0,0.006368658,0,0,0,0,0,0,0,0.000868453,0,0,0,0,0,0,0,0,0,0,0,0,0,0,0,0,0,0,0,0,0,0,0,0,0,0,0,0,0,0,0,0,0,0,0,0,0.000361856,0,0,0,0,0,0,0,0,0,0,0,0,0,0,0,0,0,0.108146576,0,0,0,0,0,0,0,0,0,0,0,0,0,0,0,0,0,0,0,0,0,0,0,0,0,0.000699587,0.528043809,0,0,0,0,0,0,0,0,0,0,0,0,0,0,0,0,0,0,0,0,0,0,0,0,0,0
E160V9MZ.04,0,0,0,0,0,0,0,0,0,0,0,0,0,0,0,0,0,0,0,0,0,0,0,0,0,0,0.198839294,0,0,0,0,0,0,0,0,0,0,0,0,0,0,0.000395005,0,0,0,0,0.002825803,0,0,0,0,0,0,0,0,0,0,0,0,0,0,0,0,0,0,0,0,0,0,0,0,0,0,0,0,0,0,0,0,0,0,0,0,0,0,0,0,0,0,0,0,0,0,0,0,0,0,0,0,0,0,0,0,0,0,0,0,0,0,0,0,0,0,0,0,0,0,0,0,0,0,0,0,0,0,0,0,0,0,0.00042539,0,0,0,0,0,0,0,0,0,0,0,0,0,0,0.078423627,0,0,0,0,0.016316733,0,0,0,0,0,0,0,0,0,0,0,0.002278873,0,0,0.001580019,0,0,0,0,0,0,0,0,0,0,0,0,0,0,0,0,0,0,0,0,0,0,0,0,0,0,0,0,0,0,0.000820394,0,0,0,0,0,0.00036462,0,0,0,0,0,0,0,0,0,0,0,0,0,0,0,0.000790009,0,0,0,0,0,0,0.001488864,0,0,0,0,0,0,0,0,0,0,0,0,0,0,0,0,0,0,0,0,0,0,0,0,0,3.04E-05,0.695420984,0,0,0,0,0,0,0,0,0,0,0,0,0,0,0,0,0,0,0,0,0,0,0,0,0,0
A160SPB0.04,0.006246246,0,0,0,0,0,0,0,0,0,0,0,0,0,0,0,0,0,0,0,0,0,0,0,0,0,0,0,0,0,0,0,0,0,0,0,0,0,0,0,0,0,0,0,0,0,0.015855856,0,0,0,0,0,0,0,0,0,0,0,0,0,0,0,0,0,0,0,0,0,0,0,0,0,0,0,0,0,0,0,0,0,0,0.005105105,0,0,0,0,0,0,0,0,0,0,0,0,0,0,0,0,0,0,0,0,0,0,0,0,0,0,0,0,0,0,0,0,0,0,0,0,0,0,0,0,0,0,0,0,0,0,0,0.002702703,0,0,0.011711712,0,0,0,0.070870871,0,0,0,0,0.003843844,0,0,0,0,0,0,0,0.301381381,0,0,0,0,0,0,0,0,0,0,0,0.012192192,0,0,0,0,0,0,0,0,0,0,0,0,0,0,0,0,0,0,0,0,0,0,0,0,0,0,0,0,0,0,0,0,0,0,0,0,0,0,0,0,0,0,0,0,0,0,0,0,0,0,0,0,0,0,0,0,0,0,0,0,0,0,0,0,0,0,0,0,0,0,0,0,0,0,0,0,0,0,0,0,0,0,0,0,0,0,0,0,0,0.57009009,0,0,0,0,0,0,0,0,0,0,0,0,0,0,0,0,0,0,0,0,0,0,0,0,0,0
G160T1BP.04,0,0,0,0,0,0,0,0,0,0,0,0,0,0,0,0,0,0,0,0,0,0,0,0,0,0,0.078874941,0,0,0,0,0,0,0,0,0,0,0,0,0,0,0,0,0,0,0,0.009397865,0,0,0,0,0,0,0,0,0,0,0,0,0,0,0,0,0,0.004363295,0,0,0,0,0,0,0,0,0,0,0,0,0,0,0,0,0,0,0,0,0,0,0,0,0,0,0,0,0,0,0,0,0,0,0,0,0,0,0,0,0,0,0,0,0,0,0,0,0,0,0,0,0,0,0,0,0,0,0,0,0,0,0,0,0,0,0,0.006444251,0,0,0,0,0,0,0,0,0,0,0,0,0,0,0,0,0.051554004,0,0,0,0,0,0,0,0,0,0,0,6.71E-05,0,0,0,0,0,0,0,6.71E-05,0,0,0,0,0,0,0,0,0,0,0,0,0,0,0,0,0,0,0,0,0,0,0.002953615,0,0,0,0,0,0,0,0,0,0,0,0,0,0,0,0,0,0,0,0,0,0,0,0,0,0,0,0,0,0,0,0,0,0,0,0,0,0,0,0,0,0,0,0,0,0,0,0,0,0,0,0,0,0,0,0,0,0,0.846277774,0,0,0,0,0,0,0,0,0,0,0,0,0,0,0,0,0,0,0,0,0,0,0,0,0,0
K160T0Z4.04,0,0,0,0,0,0,0,0,0,0,0,0,0,0,0,0,0,0,0,0,0,0,0,0,0,0,0.710661622,0,0,0,0,0,0,0,0,0,0,0,0,0,0,0.003346915,0,0,0,0,0,0,0,0,0,0,0,0,0.006427047,0,0,0,0,0,0,0,0,0,0,0,0,0,0,0,0,0,0,0,0,0,0,0,0,0,0,0.00790648,0,0,0,0,0,0,0.008221769,0,0,0,0,0,0,0,0,0,0,0,0,0,0,0,0,0,0,0,0,0,0,0,0,0,0,0,0,0,0,0,0,0,0,0,0,0,0,0,0,0.000994373,0,0,0,0,0,0,0.024713815,0,0,0,0,0.008585565,0,0,0.035457897,0,0,0,0,0.046953822,0,0,0,0,0,0,0,0,0,0,0,0.003807722,0,0,0,0,0,0,0,0.001721964,0,0,0,0,0,0,0,0,0,0,0,0,0,0,0,0,0,2.43E-05,0,0,0,0,0,0,0,0,0,0,0,0,0,0,0,0,0,0,0,0,0,0,0,0,0,0,0,0,0,0,0,0,0,0,0,0,0,0,0,0,0,0,0,0,0,0,0,0,0,0,0,0,0,0,0,0,0,0,0,0,0,0,0,0.141176756,0,0,0,0,0,0,0,0,0,0,0,0,0,0,0,0,0,0,0,0,0,0,0,0,0,0
A160STCL.04,0,0,0,0,0,0,0,0,0,0,0,0,0,0,0,0,0,0,0,0.001678134,0,0,0.00050344,0,0,0,0.647675785,0,0,0,0,0,0,0,0,0,0,0.006041282,0.003859708,0,0,0,0,0,0,0,0.005621749,0,0,0,0,0,0,0,0,0,0,0,0,0,0,0,0,0,0,0,0,0,0,0,0,0,0,0,0,0,0,0,0,0,0,0,0,0,0,0,0,0,0,0,0,0,0,0,0,0,0,0,0,0,0,0,0,0,0,0,0,0,0,0,0,0,0,0,0,0,0,0,0,0,0,0,0,0,0,0,0,0,0,0.00050344,0,0,0,0,0,0,0.01829166,0,0,0,0,0,0,0,0.012753818,0,0,0,0,0.067880517,0,0,0,0,0,0,0,0,0,0,0,0.006628629,0,0,0,0,0,0,0,0,0,0,0,0,0,0,0,0,0,0,0,0,0,0,0,0,0,0,0,0,0,0,0,0,0,0,0,0,0,0,0,0,0,0,0,0,0,0,0,0,0,0,0,0,0,0,0,0,0,0,0,0,0,0,0,0,0,0,0,0,0,0,0,0,0,0,0,0,0,0,0,0,0,0,0,0,0,0,0,0,0,0.228561839,0,0,0,0,0,0,0,0,0,0,0,0,0,0,0,0,0,0,0,0,0,0,0,0,0,0
J160SKQT.04,0,0,0,0,0,0,0,0,0,0,0,0,0,0,0,0,0,0,0,0,0,0,0.001980148,0,0,0,0.290530379,0,0,0,0,0,0,0,0,0,0,0,0,0,0,0,0,0,0,0,0.000852216,0,0,0,0,0,0,0,0,0,0,0,0.001604171,0,0,0,0,0,0,0,0,0,0,0,0,0,0,0,0,0.002080409,0.011179066,0,0,0,0,0.010176459,0,0,0,0,0,0,0,0,0,0,0,0,0,0,0,0,0,0,0,0,0,0,0,0,0,0,0,0,0,0,0,0,0,0,0,0,0,0,0,0,0,0,0,0,0,0,0,0.000576499,0,0,0,0,0,0,0,0,0,0,0,0.010226589,0,0,0.001554041,0.005739924,0,0,0,0.269099659,0,0,0,0,0,0,0,0,0,0,0,0.013535191,0,0,0,0,0,0,0,0.005815119,0,0,0,0,0,0,0,0,0,0,0,0,0,0,0,0,0,0,0,0,0,0,0,0,0,0,0,0,0,0,0,0,0,0.000827151,0,0,0,0,0,0,0,0,0,0,0,0,0.000225587,0,0,0,0,0,0,0,0.282008221,0,0,0,0,0,0,0,0,0,0,0,0,0,0,0,0,0,0,0,0,0,0,0,0,0,0,0.091663325,0,0,0,0,0,0,0,0,0,0,0,0,0,0,0.000325847,0,0,0,0,0,0,0,0,0,0,0
B160TN52.04,0,0,0,0,0,0,0,0,0,0,0,0,0,0,0,0,0,0,0,0,0,0,3.05E-05,0,0,0,0.699612699,0,0,0,0,0,0,0,0,0,0,0,0.000426946,0,0,0,0,0,0,0,0.001585801,0,0,0,0,0,0,0,0,0,0,0,0,0,0,0,0,0,0,0,0,0,0,0,0,0,0,0,0.000335458,0.00039645,6.10E-05,0,0,0,0,9.15E-05,0,0,0,0,0,0,0.00103687,0,0,0,0,0,0,0,0,0,0,0,0,0,0,0,0,0,0,0,0,0,0,0,0,0,0,0,0,0,0,0,0,0,0,0,0,0,0,0,0,0.000335458,0,0,0,0,0,0,0.004604922,0,0,0,0,9.15E-05,0,0,0.174163642,0.000182977,0,0,0,0.003171602,0,0,0,0,0,0,0,0,0,0,0.000518435,0.000365954,0,0,6.10E-05,0,0,0,0,0.000365954,0,0,0,0,0,0,0,0,0,0,0,0,0,0,0,0,0,0,0,0,0,0,0,0,0,0.000213473,0,0,0.000213473,0,0,0,0,0,0,0,0,0,0,0,0.000243969,0,0,0,0,0,0,0,0,0,0,0,0,0,0.000701412,0,0,0,0,0,0,0,0,0,0,0,0,0,0,0,0,0,0,0,0,0,0,0,0,0,0,0.111189046,0,0,0,0,0,0,0,0,0,0,0,0,0,0,0,0,0,0,0,0,0,0,0,0,0,0
K160TYXQ.04,0,0,0,0,0,0,0,0,0,0,0,0,0,0,0,0,0,0,0,0,0,0,5.82E-05,0,0,0,0.326411742,0,0,0,0,0,0,0,0,0,0,2.91E-05,0,0,0,0,0,0,0,0,0,0,0,0,0,0,0,0,0,0,0,0,0,0,0,0,0,0,0,0,0,0,0,0,0,0,0,0,5.82E-05,0.000320354,0.0003786,0,0,0,0,5.82E-05,0,0,0,0,0,0,0,0,0,0,0,0,0,0,0,0,0,0,0,0,0,0,0,0,0,0,0,0,0,0,0,0,0,0,0,0.000145616,0,0,0,0,0,0,0,0,0,0,0,0,0,0,0,0,0,0,8.74E-05,0,0,0,0,0.000349477,0,0,0.023007252,0,0,0,0,0.160235315,0,0,0,0,0,0,0,0.000232985,0,0,0,0.000116492,0,0,0.000174739,0,0,0,0,2.91E-05,0,0,0,0,0,0,0,0,0,0,0,0,0,0,0,0,0,0,0,0,0,0,0,0,0,0,0,0,0,0,0,0,0,0,0,0,0,0,0,0,0.000524216,0,0,0,0,0,0,0,0,0,0,0,0,0,0.000145616,0,0,0,0,0,0,0,0,0,0,0,0,0,0,0,0,0,0,0,0,0,0,0,0,0,2.91E-05,0.48760812,0,0,0,0,0,0,0,0,0,0,0,0,0,0,0,0,0,0,0,0,0,0,0,0,0,0
H160T71D.04,0,0,0,0,0,0,0,0,0,0,0,0.000782072,0,0,0,0,0,0,0,0,0,0,0,0,0,0,0.112317642,0,0,0,0,0,0,0,0,0,0,0,0.000210558,0,0,0,0,0,0,0,0.002436457,0,0,0,0,0,0,0,0,0,0,0,0,0,0,0,0,0,0,0,0,0,0,0,0,0,0,0,6.02E-05,0.001233268,0.000571515,0,0,0,0,0,0,0,0,0,0,0,0.002436457,0,0,0,0,0,0,0,0,0,0,0,0,0,0,0,0,0,0,0,0,0,0,0,0,0,0,0,0,0,0,0,0,0,0,0,0,0,0,0,0,0.000330877,0,0,6.02E-05,0,0,0,0.006918334,0,0,0,0,0.000571515,0,0,0.031734095,0.000240638,0,0,0.000451196,0.125462476,0,0,0,0,0,0,0,9.02E-05,0,0,0,0.003188449,0,0,0,0,0,0,0,0.001413746,0,0,0,0,0,0,0,0,0,0,0,0,0,0,0,0,0,0,0,0,0,0,0,0,0,0,0,0,0.000120319,0,0,0,0,0,0,0,0,0,0,0,3.01E-05,0,0,0,0,0,0,0.000270717,0,0,0,0,0,0,0.000330877,0,0,0,0,0,0,0,0,0,0,0,0,0,0,0,0,0,0,0,0,0,0,0,0,0,0,0.708738156,0,0,0,0,0,0,0,0,0,0,0,0,0,0,0,0,0,0,0,0,0,0,0,0,0,0
F160TCM2.04,0,0,0,0,0,0,0,0,0,0,0,0,0,0,0,0,0,0,0,0,0,0,0.000568105,0,0,0,0.59937779,0,0,0,0,0,0,0,0,0,0,0,0.00175842,0,0,0,0,0,0,0,0.003841472,0,0,0,0,0,0,0,0,0,0,0,0,0,0,0,0,0,0,0,0,0,0,0,0,0,0,0,0,0.003652103,0.00340863,0,0,0,0,0.001109157,0,0,0,0,0,0,0,0,0,0,0,0,0,0,0,0,0,0,0,0,0,0,0,0,0,0,0,0,0,0,0,0,0,0,0,0,0,0,0,0,0,0,0,0,0,0,0,0.002542946,0,0,0,0,0,0,0.008007575,0,0,0,0,0.012444204,0,0,0.084999324,0.003597998,0,0,0,0.117868254,0,0,0,0,0,0,0,0,0,0,0,0.015447045,0,0,0,0,0,0,0,0.008602732,0,0,0,0,0,0,0,0,0,0,0,0,0,0,0,0,0,0,0,0,0,0,0,0,0,0,0,0,0,0,0,0,0,0,0,0,0,0,0,0,0.001352631,0,0,0,0,0,0,0.00165021,0,0,0,0,0,0,0.001541999,0,0,0,0,0,0,0,0,0,0,0,0,0,0,0,0,0,0,0,0,0,0,0,0,0,0,0.128229406,0,0,0,0,0,0,0,0,0,0,0,0,0,0,0,0,0,0,0,0,0,0,0,0,0,0
J160SN66.04,0,0,0,0,0,0,0,0,0,0,0,0,0,0,0,0,0,0,0,0,0,0,0.000601409,0,0,0,0.59860244,0,0,0,0,0,0,0,0,0,0,0,0,0,0,0,0,0,0,0,0,0,0,0,0,0,0,0,0,0,0,0,0,0,0,0,0,0,0,0,0,0,0,0,0,0,0,0,0,0.001002348,0.006529584,0,0,0,0,0.002548829,0,0,0,0,0,0,0,0,0,0,0,0,0,0,0,0,0,0,0,0,0,0,0,0,0,0,0,0,0,0,0,0,0,0,0,0,0,0,0,0,0,0,0,0,0,0,0,0,0,0,0,0,0.00194742,0,2.86E-05,0,0,0,0,0.004696718,0,0,0.067730111,0.000916433,0,0,0,0.251073945,0,0,0,0,0,0,0,0,0,0,0,0.017555416,0,0,0,0,0,0,2.86E-05,0,0,0,0,0,0,0,0,0,0,0,0,0,0,0,0,0.00057277,0,0,0,0,0,0,0,0,0,0,0,0,0,0,0,0.000315024,0,0,0,0,0,0,0,0,0,0,0,0,0,0,0,0,0,0,0,0,0,0,0.003522539,0,0,0,0,0,0,0,0,0,0,0,0,0,0.002892491,0,0,0,0,0,0,0,0,0.000372301,0,0,0,0.038060599,0,0,0,0.001002348,0,0,0,0,0,0,0,0,0,0,0,0,0,0,0,0,0,0,0,0,0,0
K160VDLY.04,0,0,0,0,0,0,0,0,0,0,0,0,0,0,0,0,0,0,0,0,0,0,0,0,0,0,0.595505056,0,0,0,0,0,0,0,0,0,0,0,0,0,0,0,0,0,0,0,0.005656222,0,0,0,0,0,0,0,0,0,0,0,0,0,0,0,0,0,0,0,0,0,0,0,0,0,0,0,0,5.01E-05,0.002252478,0.005706277,0,0,0,0,0,0,0,0,0,0.017619381,5.01E-05,0,0,0,0,0,0,0,0,0,0,0,0,0,0,0,0,0,0,0,0,0,0,0,0,0,0,0,0,0,0,0,0,0,0,0,0,0,0,0,0,0,0,0,0,0,0,0,0.00415457,0,0,0,0,0.004705176,0,0,0,0,0,0.000700771,0,0.153669036,0,0,0,0,0,0,0,0,0,0,0,0.007858645,0,0,0.002002202,0,0,0,0,0.014966463,0,0,0,0,0,0,0,0,0,0,0,0,0,0,0,0.01276404,0,0,0,0,0,0,0,0,0,0,0,0,0,0,0,0,0,0,0,0,0,0,0,0,0,0,0,0,0,0,0,0,0,0,0,0,0,0,0.02888177,0,0,0,0,0,0,0,0,0,0,0,0,0,0,0,0,0,0,0,0,0,0,0,0,0,0,0.143457804,0,0,0,0,0,0,0,0,0,0,0,0,0,0,0,0,0,0,0,0,0,0,0,0,0,0
H160TFN2.04,0,0,0,0,0,0,0,0,0,0,0,0,0,0,0,0,0,0,0,0,0,0,0,0,0,0,0.456263638,0,0,0,0,0,0,0,0,0,0,0,0,0,0,0,0,0.00019253,0,0,0.000320883,0.000224618,0,0,0,0,0,0,0,0,0,0,0,0,0,0,0,0,0,0,0,0,0,0,0,0,0,0,0,0.001219356,0.00019253,0,0,0,0,0,0,0,0.000930561,0,0,0,0,0,0,0,0,0,0,0,0,0,0,0,0,0,0,0,0,0,0,0,0,0,0,0,0,0,0,0,0,0,0,0,0,0,0,0,0,0,0,0,0,0.001411886,0,0,0.000160442,0,0,0.002631241,0.005294571,0,0,0,0,0.006866898,0,0,0.074765755,0.002855859,0.00057759,0.002214093,0,0.302143499,0,0,0,0,0.000513413,0,0,0.001251444,0,0,0.000834296,0.022525992,0,0,0.000320883,0,0,0,0,0.001861122,0,0,0,0,0,0,0,0,0,0,0,0,0,0,0,0,0,0,0,0,0,0,0,0,0,0,0,0,0,0,0,0,0,0,0,0,0,0,0,0,0,0,0,0,0,0,0,0,0,0,0,0,0,0,0,0,0,0,0,0,0,0,0,0,0,0,0,0,0,0,0,0,0,0,0,0,0,0,0,0,0,0.114362726,0,0,0,6.42E-05,0,0,0,0,0,0,0,0,0,0,0,0,0,0,0,0,0,0,0,0,0,0
J160VGB9.04,0,0,0,0,0,0,0,0,0,0,0,0,0,0,0,0,0,0,0,0,0,0,0,0,0.000553802,0,5.54E-05,0,0,0,0.003599712,0,0,0,0,0,0,0.008307028,0,0,0,0,0,0,0,0,0.000276901,0,0,0,0,0,0,0,0,0,0,0,0,0,0,0,0,0,0,0,0,0,0,0,0,0,0,0,0,0.000387661,0,0,0,0,0,0.001716786,0,0,0,0,0,0,0,0,0,0,0,0,0,0,0,0,0,0,0,0,0,0,0,0,0,0,0,0,0,0,0,0,0,0,0,0,0,0,0,0,0,0,0,0,0,0,0,0.001218364,0,0,0,0,0,0.03289583,0.016281774,0,0,0,0,0.010245334,0,0,0.000664562,0.011795979,0,0.007974747,0,0.382677078,0,0,0,0,0,0,0,0.010411475,0,0,0,0.012405161,0,0,0,0,0,0,0.000276901,5.54E-05,0,0,0,0,0,0,0,0,0,0,0,0,0,0,0,0.000221521,0,0,0,0,0,0,0,0,0,0.00299053,0,0,0,0,0,0.13169408,0,0.029406878,0,0,0,0,0,0.002492108,0,0,0,0,0,0,0,0.000276901,0,0,0,0,0,0,0.032120507,0,0,0,0,0,0,0,0,0,0,0,0,0,0,0,0,0,0,0,0,0,0,0,0,0,0.001273744,0.297723874,0,0,0,0,0,0,0,0,0,0,0,0,0,0,0,0,0,0,0,0,0,0,0,0,0,0
C160SJDX.04,0,0,0,0,0,0,0,0,0,0,0,0,0,0,0,0,0,0,0,0,0,0,0.000261438,0,0,0,0.773464052,0,0,0,0,0,0,0,0,0,0,0,0,0,0,0,0,0,0,0,2.18E-05,0,0,0,0,0,0,0,0,0,0,0,0,0,0,0,0,0,0,0,0,0,2.18E-05,0,0,0,0,0,0.00546841,0.00130719,0,0,0,0,0,0.010108932,0,0,0,0,0,0,2.18E-05,0,0,0,0,0,0,0,0,0,0,0,0,0,0,0,0,0,0,0,0,0,0,0,0,0,0,0,0,0.022592593,0,0,0,0,0,0,0,0,0,0,0,4.36E-05,0,0,0,0,0,0,0.001350763,0,0,0,0,0.008191721,0,0,0,0.003028322,0,0,0,0.026187364,0,0,0,0,0,0,0,0,0,0,0,0.00043573,0,0,0,0,0,0,0,0,0,0,0,0,0,0,0,0,0,0,0,0,0,0,0,0,0,0,0,0,0,0,0,0,0,0,0,0,0,0,0,0,0,0,0,0,0,0,0,0,0,0,0,0,0,0,0,0,0,0,0,0,0,0,0.000718954,0,0,0,0,0,0,0,0,0,0,0,0,0,0,0,0,0,0,0,0,0,0,0,0,0,0,0.146775599,0,0,0,0,0,0,0,0,0,0,0,0,0,0,0,0,0,0,0,0,0,0,0,0,0,0
F160T1ZC.04,0,0,0,0,0,0,0,0,0,0,0,0,0,0,0,0,0,0,0,0,0,0,0.000325686,0,0,0,0.859665629,0,3.62E-05,0,0,0,0,0,0,0,0,0.000253311,0.000180937,0,0,0,0,0,0,0,0.00094087,0,0,0,0,0,0,0,0,0,0,0,0,0,0,0,0,0,0,0,0,0,0,0,0,0,0,0,0,0.000651371,0.000904683,0,0,0,0,0.000651371,0,0,0,0,0,0.000361873,0,0,0,0,0,0,0,0,0,0,0,0,0,0,0,0,0,0,0,0,0,0,0,0,0,0,0,0,0,0,0,0,0,0,0,0,0,0,0,0,0,0.00039806,0,0,0,0,0,0,0.000289498,0,0,0,0,0.000615184,0,0,0.069805312,0.00094087,3.62E-05,0,0,0.01946877,0,0,3.62E-05,0,0,0,0,0.000325686,0,0,0,0.000651371,0,0,0.000108562,0,7.24E-05,0,0,0.000796121,0,0,0,0,0,0,0,0,0,0,0,0,0,0,0,0,0,0,0,0,0,0,0.000217124,0,0.000289498,0,0,0,0,0,0,0,0,0,0,0,0,0,0,0,0,0,0,0,0,0,0,0,0,0,0,0,0,0,0.005319534,0,0,0,0,0,0,0,0,0,0,0,0,0,0.000325686,0,0,0,0,0,0,0,0,0,0,0,0,0.03586162,0,0,0,0,0,0,0,0,0,0,0,0,0,7.24E-05,7.24E-05,0,0,0,0,0,0,0,0,0.000325686,0,0
A160SQ5Y.04,0,0,0,0,0,0,0,0,0,0,0,0,0,0,0,0,0,0,0,0,0,0,0.001092896,0,0,0,0.003345601,0,0,0,0,0,0,0,0,0,0,0,0,0,0,0,0,0,0,0,0.000267648,0,0,0,0,0,0,0,0,0,0,0,0,0,0,0,0,0,0,0,0,0,0,0,0,0,0,0,0.003390209,0,0.005174529,0.001472064,0,0,0,0.002029664,0,0,0,0,0,0,0,0,0,0,0,0,0,0,0,0,0,0,0,0,0,0,0,0,0,0,0,0,0,0,0,0,0,0,0,0,0,0,0,0,0,0,0,0,0,0,0,0,0,0,0,0,0,0,0,0,0,0,0,0,0,0,0.030288837,0,0,0,0,0.05966321,0,0,0,0,0,0,0,0.002319616,0,0,0.008230177,0.002297312,0,0,0.018467715,0,0,0,0,0,0,0,0,0,0,0,0,0,0,0,0,0,0,0,0,0,0,0,0,0,0,0,0,0,0,0,0.001583584,0,0,0,0,0,0,0,0,0,0,0,0,0,0,0,0,0,0,0,0,0,0,0,0,0,0,0,0,0,0,0,0,0,0,0,0,0,0,0,0,0,0,0,0,0,0,0,0,0,0,0,0,0,0,0.860376938,0,0,0,0,0,0,0,0,0,0,0,0,0,0,0,0,0,0,0,0,0,0,0,0,0,0
G160SWXG.04,0,0,0,0,0,0,0,0,0,0,0,0,0,0,0,0,0,0,0,0,0,0,0.006345563,0,0,0,0.059067742,0,0,0,0,0,0,0,0,0,0.000843825,0,0.001923921,0,0,0,0,0,0,0,0.000978837,0,0,0,0,0,0,0,0,0,0,0,0,0,0,0,0,0,0,0,0,0,0,0,0,0,0,0,0,0.029567624,0.000810072,0,0,0,0,0.003240288,0,0,0,0,0,0,0.002463969,0,0.000877578,0,0,0,0,0,0,0,0,0,0,0,0,0,0,0,0,0,0,0,0,0,0,0,0,0,0,0.002396463,0,0,0,0,0,0,0,0,0,0,0,0.00033753,0,0,0,0,0,0,0.00236271,0,0,0,0,0.03898471,0,0,0.011172242,0.022614507,0,0,0,0.699362068,0,0,0,0,0,0,0,0.000911331,0,0,0,0.011239748,0,0,0.004556654,0,0,0,0,0,0,0,0,0,0,0,0,0,0,0,0,0,0,0,0,0,0,0,0,0,0,0,0,0,0,0.000843825,0,0,0,0,0,0,0,0,0,0,0.000708813,0,0,0,0,0,0,0,0,0,0,0.000236271,0,0,0,0,0,0,0.015728896,0,0,0,0,0,0,0,0,0,0,0,0,0,0,0,0,0,0,0,0,0,0,0,0,0,0.000708813,0.081648496,0,0,0,0,0,0,0,0,0,0,0,0,0,0,6.75E-05,0,0,0,0,0,0,0,0,0,0,0
A160V3WG.04,0,0,0,0,0,0,0,0,0,0,0,0,0,0,0,0,0,0,0,0,0,0,0,0,0,0,0.789753241,0,0,0,0,0,0,0,0,0,0,0,0,0,0,0,0,0,0,0,0.000543706,0,0,0,0,0,0,0,0,0,0,0,0,0,0,0,0,0,0,0,0,0,0,0,0,0,0,0,0,0,0.00048097,0,0,0,0,0.001150146,0,0,0,0,0,0,0,0,0,0,0,0,0,0,0,0,0,0,0,0,0,0,0,0,0,0,0,0,0,0,0,0,0,0,0,0,0,0,0,0,0,0,0,0,0,0,0,0.000648264,0,0,0,0,0,0,0.000522794,0,0,0,0,0.001631117,0,0,0.086721037,0.000752823,0,0.000815558,0,0.052530322,0,0,0,0,0,0,0,0.000125471,0,0,0,0.002070263,0,0,0,0,0,0,0,0.002174822,0,0,0,0,0,0,0,0,0,0,0,0,0,0,0,0,0,0,0,0,0,0,0,0,0,0,0,0.002174822,0,0,0,0,0,0,0,0,0,0,0,0,0,0,0,0,0,0,0,0.000271853,0,0,0,0,0,0,0.001150146,0,0,0,0,0,0,0,0,0,0,0,0,0,0,0,0,0,0,0,0,0,0,0,0,0,0,0.056336261,0,0,0,0,0,0,0,0,0,0,0,0,0,0,0,0,0,0,0,0,0,0,0,0,0,0.000146382
C160T0ST.04,0,0,0,0,0,0,0,0,0,0,0,0,0,0,0,0,0,0,0,2.85E-05,0,0,0.003073508,0,0,0,0.333674834,0,0,0,0,0,0.000227667,8.54E-05,0,0,0,0,0.00054071,0,0,0,0,0,0,0,0,0,0,0,0,0,0,0,0,0,0,0,0,0,0,0,0,0,0,0,0,0,0,0,0,0,0,0,0,0.001337545,0.005748598,0,0,0,0,0.002105922,0,0,0.000313042,0,0,0,0.00054071,0,8.54E-05,0,0,0,0,0,0,0,0,0,0,0,0,0,0,0,0,0,0,0,0,0,0,0,0,0,0,0,0,0,0,0,0,0,0,0,0,0,0,0,0,0,0,0,0,0.000683002,0.002732007,0,0,0,0.00054071,0.002049005,0,0,0.082785509,0.002362048,0.000284584,0.000256126,0,0.510600757,0,0,0,0,0,0,0,0.000512251,0,0,0,0.012920117,0,5.69E-05,0,0,0.000113834,0,0,0.002162839,0,0,0,0,0,0,0,0,0,0,0,0,0,0,0,0,0,0.000426876,0,0,0,0,0,0,0,0,0,0,0,0,0,0,0,0,0,0,0,0,0,0,0,0,0,0,0,0,0,0.000199209,0,0,0,0,0,0,0,0,0,0,0,0,0,0,0,0,0,0,0,0,0,0,0,0,0,0.003642676,0,0,0,0,0,0,0,0.02914141,0,0,0,0.000227667,0,0,0,0,0,0,0,0,0,0.000142292,0.000313042,0,0,0,0,0,0,0,0,0,0,8.54E-05
H160SSB6.04,0,0,0,0,0,0,0,0,0,0,0,0,0,0,0,0,0,0,0,0,0,0,0,0,0,0,0.733194969,0,0,0,0,0,0,0,0,0,0,0,0.002756954,0,0,0,0,0,0,0,0,0,0,0,0,0,0,0,0,0,0,0,0,0,0,0,0.000495632,0,0,0,0,0,0,0,0,0,0,0,0,0.000433678,0,0,0,0,0,0,0,0,0,0,0,0,0.00207546,0,0,0,0,0,0,0,0,0,0,0,0,0,0,0,0,0,0,0,0,0,0,0,0,0,0,0,0,0,0,0,0,0,0,0,0,0,0,0,0,0.000898333,0,0,0,0,0,0,0,0,0,0,6.20E-05,0.006350288,0,0,0.118549037,0,0.000650517,0,0,0.085310699,0,0,0,0,0,0,0,0,0,0,0,0.004057989,0,0,0,0,0,0,0,0,0,0,0,0,0,0,0,0,0,0,0,0,0,0,0,0,0,0,0,0,0,0,0,0,0,0,0,0,0,0,0,0,0,0,0,0,0,0,0,0,0,0,0,0,0,0,0,0,0,0,0,0,0,0,0.001301035,0,0,0,0,0,0,0,0,0,0,0,0,0,0,0,0,0,0,0,0,0,0,0,0,0,0.000836379,0.043027074,0,0,0,0,0,0,0,0,0,0,0,0,0,0,0,0,0,0,0,0,0,0,0,0,0,0
J160SNFF.04,0,0,0,0,0,0,0,0,0,0,0,0,0,0,0,0,0,0,0,0,0,0,0.000410289,0,0,0,0.161559097,0,0,0,0,0,0,0,0,0,0,0,0.000694335,0,0,0,0.000189364,0,0,0.000378728,0.000252485,0,0,0,0,0,0,0,0,0,0,0,0,0,0,0,0,0,0,0,0,0,0,0,0,0,0,0,0,0.002714218,0.000757456,0,0,0,0,0.000662774,0,0,0,0,0,0,0,0,0,0,0,0,0,0,0,0,0,0,0,0,0,0,0,0,0,0,0,0,0,0,0,0,0,0,0,3.16E-05,0,0,0,0,0,0,0,0,0,0,0,0.00091526,0,0,0,0,0,0,0.000284046,0,0,0,0,0.008931671,0,0,0.007543001,0.004450055,0,0,0,0.785008679,0,0,0,0.000220925,0,0,0,0.000189364,0,0,0,0.003471674,0,0,0,0,0,0,0,0.001451791,0,0,0,0,0,0,0,0,0,0,0,0,0,0,0,0,0,0,0,0,0,0,0,0,0,0,0,0,0,0,0,0,0,0,0,0,0,0,0,0,0,0,0,0,0,0,0,0.000189364,0,0,0,0,0,0,0.002461733,0,0,0,0,0,0,0,0,0,0,0,0,0,0,0,0,0,0,0,0,0,0,0,0,0,0.004828783,0.012277103,0,0,0,0,0,0,0,0,0,0,0,0,0,0,0.000126243,0,0,0,0,0,0,0,0,0,0,0
C160SM22.04,0,0,0,0,0,0,0,0,0,0,0,0,0,0,0,0,0,0,0,0,0,0,0,0,0,0,0.040878337,0,0,0,0,0,0,0,0,0,0,0,0.001174898,0,0,0,0,0,0,0,0.001134384,0,0,0,0,0,0,0,0,0,0,0,0,0,0,0,0,0,0,0,0,0,0,0,0,0,0,0,0,0.000526678,0,0,0,0,0,0.003484179,0,0,0,0,0,0,0.006725277,0,0,0,0,0,0,0,0,0,0,0,0,0,0,0,0,0,0,0,0,0,0,0,0,0,0,0,0,0,0,0,0,0,0,0,0,0,0,0,0,0.000891302,0,0,0,0,0,0.001215411,0.000445651,0,0,0,0,0.009966374,0,0,0.000526678,0.004659077,0,0,0.000486165,0.250941944,0,0,0,0.006401167,0,0,0,0,0,0,0.000121541,0.001661062,0,0,0,0,0,0,0,0,0,0,0,0,0,0,0,0,0,0,0,0,0,0,0,0,0,0,0,0,0,0,0,0,0,0,0,0,0,0,0,0,0,0,0,0,0,0,0,0,0,0,0,0,0,0,0,0,0.000405137,0,0,0,0,0,0.007251955,0,0,0,0,0,0,0,0,0,0,0,0,0,0,0,0,0,0,0,0,0,0,0,0,0,0.008467366,0.65190617,0,0,0.000729247,0,0,0,0,0,0,0,0,0,0,0,0,0,0,0,0,0,0,0,0,0,0,0
E160T4XZ.04,0,0,0,0,0,0,0,0,0,0,0,0,0,0,0,0,0,0,0,0,0,0,0.000235142,0,0,0,0.156369408,0,0,0,0,0,0,0,0,0,0,0.000999353,5.88E-05,0,0,0,0,0,0,0,0,0,0,0,0,0,0,0,0,0,0,0,0,0,0,0,0,0,0,0,0,0,0,0,0,0,0,0,0,0.003879842,0,0,0,0,0,0,0,0,0,0,0,0,0.00417377,0,0,0,0,0,0,0,0,0,0,0,0,0,0,0,0,0,0,0,0,0,0,0,0,0,0,0,0,0.00235142,0,0,0,0,0,0,0,0,0,0,0,0.024807478,0,0,0,0,0,0,0.003879842,0,0,0,0,0.008288754,0,0,0.024689907,0.006113691,0,0,0,0.635647522,0,0,0,0.004996767,0,0,0,0,0,0,0,0.008759038,0,0,0,0,0,0,0,0.008465111,0,0,0,0,0,0,0,0,0,0,0,0,0,0,0,0,0,0,0,0,0,0,0,0,0,0,0,0,0,0,0,0,0,0,0,0,0,0,0,0,0,0,0,0,0,0,0,0.002175063,0,0,0,0,0,0,0.027981894,0,0,0,0,0,0,0,0,0,0,0,0,0,0,0,0,0,0,0,0,0,0,0,0,0,0,0.076127212,0,0,0,0,0,0,0,0,0,0,0,0,0,0,0,0,0,0,0,0,0,0,0,0,0,0
B160SV5C.04,0,0,0,0,0,0,0,0,0,0,0,0,0,0,0,0,0,0,0,0,0,0,0.000102993,0,0,0,0.22345356,0,0,0,0,0,0,0,0,0,0,0,0.000123592,0,0,0,0,0,0,0,8.24E-05,0,0,0,0,0,0,0,0,0,0,0,0.00014419,0,0,0,0,0,0,0,0,0,0,0,0,0,0,0,0,0.00028838,4.12E-05,0,0,0,0,0.000906338,0,0,0,0,0,0.000123592,0,0,0,0,0,0,0,0,0,0,0,0,0,0,0,0,0,0,0,0,0,0,0,0,0,0,0,0,0,0.000102993,0,0,0,0,0,0,0,0,0,0,0,0.00043257,0,0,0,0,0,0,0.000453169,0,0,0,0,0.00028838,0,0,0.005747008,0.00028838,0,0,0,0.747234639,0,0,0,4.12E-05,0,0,0,6.18E-05,0,0,0,0.000659155,0,0,0,0,0,0,4.12E-05,0.000741549,0,0,0,0,0,0,0,0,0,0,0,0,0,0,0,0,0,0,0,0,0,0,0,0,0,0,0,0,0,0,0,0,0,0,0,0,0,0,0,0,0,0,0,0,0,0,0,0,0,0,0,0,0,0,0.002327641,0,0,0,0,0,0,0,0,0,0,0,0,0,0,0,0,0,0,0,0,0,0,0,0,0,6.18E-05,0.016252292,0,0,0,0,0,0,0,0,0,0,0,0,0,0,0,0,0,0,0,0,0,0,0,0,0,0
F160VWJH.04,0,0,0,0,0,0,0,0,0,0,0,0,0,0,0,0,0,0,0,0,0,0,0,0,0,0,0.006107922,0,0,0,0,0,0,0,0,0,0,0,6.89E-05,0,0,0,2.30E-05,2.30E-05,0,0,0,0,0,0,0,0,0,0,0,0,0,0,0,0,0,0,0,0,0,0,0,0,0,0,0,0,0,0,0,0,2.30E-05,0,0,0,0,0.000160735,0,0,0,0,0,4.59E-05,0,0,0,0,0,0,0,0,0,0,0,0,0,0,0,0,0,0,0,0,0,0,0,0,0,0,0,0,0,0,0,0,0,0,0,0,0,0,0,0,0,0,0,0,0,0,0,0,0,0,0,0,0,0.000114811,0,0,0.001974742,6.89E-05,0,0,0,0.940597015,0,0,0,0,0,0,0,0,0,0,0,0.000160735,0,0,0,0,2.30E-05,0,0,4.59E-05,0,0,0,0,0,0,0,0,0,0,0,0,0,0,0,0,0,0,0,0,0,0,0,0,0,0,0,0,0,0,0,0,0,0,0,0,0,0,0,0,0,0,0,0,0,0,0,0,0,0,0,0,0,0,0.001423651,0,0,0,0,0,0,0,0,0,0,0,0,0,4.59E-05,0,0,0,0,0,0,0,0,0,0,0,0.002135476,0.04695752,0,0,0,0,0,0,0,0,0,0,0,0,0,0,0,0,0,0,0,0,0,0,0,0,0,0
K160TN6B.04,0,0,0,0,0,0,0,0,0,0,0,0,0,0,0,0,0,0,0,0,0,0,0.000487053,0,0,0,0.51294748,0,0,0,0,0,0,0,0,0,0,0,0.002191736,0,0,0,0,0,0,0,0.003084666,0,0,0,0,0,0,0,0,0,0,0,8.12E-05,0,0,0,0,0,0,0,0,0,0,0,0,0,0,0,0,0.01647861,0.001461158,0,0,0,0,0.072976703,0,0,0,0,0,0.002516438,0.002029386,0,0,0,0,0,8.12E-05,0,0,0,0,0,0,0,0,0,0,0,0,0,0,0,0,0,0,0,0,0,0,0,0,0,0,0,0,0,0,0,0,0,0,0.001785859,0,0,0,0,0,0,0.000649403,0,0,0,0,0.023946749,0,0,0.028249046,0.008523419,0,0.000162351,0,0.188326975,0,0,0,0,0,0,0,0.001217631,0,0,0,0.001379982,0,0,8.12E-05,0,0,0,0.010715155,0.012744541,0,0,0,0,0,0,0,0,0,0,0,0,0,0,0,0.000162351,0,0,0,0,0,0,0,0,0,0,0,0,0,0,0,0,0,0,0,0,0,0,0,0,0,0,0,0,0,0,0.000243526,0,0,0,0,0,0,0,0.015991558,0,0,0,0,0,0,0,0,0,0,0,0,0,0.000405877,0,0,0,0,0,0,0,0,0,0,0,0.000162351,0.089780015,0,0,0,0,0,8.12E-05,0,0,0,0,0,0,0,8.12E-05,0.00089293,0,0,0,0,0,0,0,0,8.12E-05,0,0
G160T88T.04,0,0,0,0,0,0,0,0,0,0,0,0,0,0,0,0,0,0,0,0,0,0,0.007201607,0,0,0,0.330515862,0,0,0,0,0,0,0.000454838,0,0,0,0,0.004017739,0,0,0,0,0,0,0,7.58E-05,0,0,0,0,0,0,0,0,0,0,0,0.00011371,0,0,0,0,0,0,0,0,0,0,0,0,0,0,0,0,0.019141114,0.018193534,0,0,0,0,0.029071751,0,0,0,0,0,0,0.001629837,0,0,0,0,0,0,0,0,0,0,0,0,0,0,0,0,0,0,0,0,0,0,0,0,0,0,0,0,0.000758064,0,0,0,0,0,0,0,0,0,0,0,0.026873365,0,0,0,0,0,0,0.009096767,0,0,0,0,0.013379828,0,0,0.03854755,0.023499981,0,0,0,0.339081985,0,0,0,0.000644354,0,0,0,0.00924838,0,0,0,0.035515294,0,0.001591934,0,0,0,0,3.79E-05,0.036083842,0,0,0,0,0,0,0,0,0,0,0,0,0,0,0,0,0,0,0,0,0,0,0,0,0,0,0,0,0,0,0,0,0,0,0,0,0,0,0,0,0,0,0,0,0,0,0,0,0,0,0,0,0,0,0.050941894,0,0,0,0,0,0,0,0,0,0,0,0,0,0.002046773,0,0,0,0,0,0,0,0,0,0,0,0.002122579,0,7.58E-05,0,0,0,0,0,0,0,0,0,0,0,0,0,0,3.79E-05,0,0,0,0,0,0,0,0,0,0
F160T0K7.04,0,0,0,0,0,0,0,0,0,0,0,0,0,0,0,0,0,0,0,0.000219378,0,0,0,0,0,0,0.213747715,0,0,0,0,0,0,0,0,0,0,0,0,0,0,0,0,0.00274223,0,0,0.004021938,0,0,0,0,0,0,0,0,0,0,0,0,0,0,0,0,0,0,0,0,0,0,0,0,0,0,0,0,0,3.66E-05,0,0,0,0,0,0,0,0.002413163,0,0,0,0,0,0,0,0,0,0,0,0,0,0,0,0,0,0,0,0,0,0,0,0,0,0,0,0,0,0,0,0,0,0,0,0,0,0,0,0,0,0,0,0,0.019670932,0,0,0.002340037,0,0,0.003400366,0.454808044,0,0,0,0,0.001279707,0,0,0.001572212,0,0.000329068,0,0,0.291224863,0,0,0,0,0,0,0,0,0,0,0,0.000840951,0,0,0,0,0,0,0,0,0,0,0,0,0,0,0,0,0,0,0,0,0,0,0,0.000804388,0,0,0,0,0,0,0,0,0,0,0,0,0,0,0,0,0,0,0,0,0,0,0,0,0,0,0,0,0,0,0,0,0,0,0,0,0,0,0,0,0,0,0,0,0,0,0,0,0,0,0,0,0,0,0,0,0,0.000511883,0,0,0,0,0,0,0,3.66E-05,0,0,0,0,0,0,0,0,0,0,0,0,0,0,0,0,0,0,0,0,0,0,0,0,0,0
F160QDNH.04,0,0,0,0,0,0,0,0,0,0,0,0,0,0,0,0,0,0,0,0,0,0,0,0,0.002078593,0,0.069520519,0,0,0,0,0,0.002780821,0,0.01370748,0,0,0,0.0074717,0,0,0,0,0,0,0,0.010224432,0,0,0,0,0,0,0,0,0,0,0,0,0,0,0,0,0,0,0,0,0,0,0,0,0,0,0,0,0,0.008679531,0,0,0,0,0,0,0,0,0,0,0,0,0,0,0,0,0,0,0,0,0,0,0,0,0,0,0,0,0,0,0,0,0,0,0,0,0,0,0,0,0,0,0,0,0,0,0,0,0,0,0,0,0.020729755,0,0,0,0,0,0,0.689166035,0,0,0,0,0,0,0,0,0,0.015364737,5.62E-05,0,0.040953906,0,0,0,0,0.009775006,0,0,0,0,0,0,0.006263869,0,0,0.002247128,0,0,0,0,0,0,0,0,0,0,0,0,0,0,0,0,0,0,0,0,0,0,0,0,0,0,0,0,0,0,0,0,0,0,0,0,0,0,0,0,0,0,0,0,0,0,0,0,0,0,0,0,0.045953765,0.012920985,0,0,0,0,0,0.000168535,0,0,0,0,0,0,0,0,0,0,0,0,0,0.035813601,0,0,0,0,0,0,0,0,0,0,0,0.006123423,0,0,0,0,0,0,0,0,0,0,0,0,0,0,0,0,0,0,0,0,0,0,0,0,0,0,0
E160TDJC.04,0.000315477,0,0,0,0,0,0,0,0,0,0,0,0,0,0,0,0,0,0,0,0,0,0,0,0,0,0.511420279,0,0,0,0,0,0,0,0,0,0,0,0,0,0,0,0,0,0,0,0.000126191,0,0,0,0,0,0,0,0,0,0,0,0,0,0,0,0,0,0,0,0,0,0,0,0,0,0,0,0,0,0,0,0,0,0,0,0,0,0,0,0,0,0,0,0,0,0,0,0,0,0,0,0,0,0,0,0,0,0,0,0,0,0,0,0,0,0,0,0,0,0,0.001072623,0,0,0,0,0,0,0,0.000504764,0,0,0,6.31E-05,0,0,0,0,0,0,0.000347025,0,0,0,0,3.15E-05,0,0,0,0.000410121,0,0,0,0.479178497,0,0,0,0,0,0,0,0.000567859,0,0,0,6.31E-05,0,0,0,0,0,0,0,0,0,0,0,0,0,0,0,0,0,0,0,0,0,0,0,0,0,0,0,0,0,0,0,0,0,3.15E-05,0,0,0,0,0,0.001325005,0,0,0,0,0,0,0,0,6.31E-05,0,0,0,0,0,0,0.000378573,0,0,0,0,0,0,0.004069657,0,0,0,0,0,0,0,0,0,0,0,0,0,0,0,0,0,0,0,0,0,0,0,0,0,3.15E-05,0,0,0,0,0,0,0,0,0,0,0,0,0,0,0,0,0,0,0,0,0,0,0,0,0,0,0
D160SKZL.04,0,0,0,0,0,0,0,0,0,0,0,0,0,0,0,0,0,0,0,0,0,0,0,0,0,0,0.895335014,0,0,0,0,0,0,0,0,0,0,0,0,0,0,0,0,0,0,0,0.000110958,1.59E-05,0,0,0,0,0,0,0,0,0,0,0,0,0,0,0,0,0,0,0,0,0,0,0,0,0,0,0,0,0,0,0,0,0,0,0,0,0,0,0,0,0,0,0,0,0,0,0,0,0,0,0,0,0,0,0,0,0,0,0,0,0,0,0,0,0,0,0,0,0,0.002028944,0.003265332,0,0,0,0,0,0,0,0,0,0,0.000808407,0,0,0.00014266,0,0,0,0.036378335,0,0,0,0,1.59E-05,0,0,0,0,0,0,0,0.061010985,0,0,0,0,0,0,0,0,0,0,0,0,0,0,0.000523087,0,0,0,0,0,0,0,0,0,0,0,0,0,0,0,0,0,0,0,0,0,0,0,0,0,0,0,0,0,0,0,0,0,0,0,0,0,0,0,0,0,0,0,0,0,0,0,0,0,0,0,0,0,0,0,0,0,0,0,0,0,0,0,0,0,0,0,0,0,0,0,0,0,0,0,0,0,0,0,0,0,0,0,0,0,0,0,0,0,0,0.000364576,0,0,0,0,0,0,0,0,0,0,0,0,0,0,0,0,0,0,0,0,0,0
H160T0GJ.04,0,0,0,0,0,0,0,0,0,0,0,0,0,0,0,0,0,0,0,0,0,0,0,0,0,0,0.836963247,0,0,0,0,0,0,0,0,0,0,0,0.001299344,0,0,0,0,0,0,0,0.002877119,0,0,0,0,0,0,0,0,0,0,0,0,0,0,0,0,0,0,0,0,0,0,0,0,0,0,0,0,0,0,0,0,0,0,0,0,0,0,0,0,0,0,0,0,0,0,0,0,0,0,0,0,0,0,0,0,0,0,0,0,0,0,0,0,0,0,0,0,0,0,0,0,0,0,0,0,0,0,0,0,0,0,0.021377305,0,0,0,0,0,0,0.006280163,0,0,0,0,0.002320257,0,0,0,0,0,0,0,0.121736171,0,0,0,0,0,0,0,0.001268407,0,0,0,0.001794332,0,0,0.001608712,0,0,0,0,0,0,0,0,0,0,0,0,0,0,0,0,0,0,0,0,0,0,0,0,0,0,0,0,0,0,0,0,0,0,0,0,0,0,0,0,0,0,0,0,0,0,0,0,0,0,0,0,0,0,0,0,0,0,0,3.09E-05,0,0,0,0,0,0,0,0,0,0,0,0,0,0,0,0,0,0,0,0,0,0,0,0,0,0,0,0.002444004,0,0,0,0,0,0,0,0,0,0,0,0,0,0,0,0,0,0,0,0,0,0,0,0,0
D160V3FX.04,0,0,0,0,0,0,0,0,0,0,0,0,0,0,0,0,0,0,0,0,0,0,0,0,0,0,0.150154886,0,0,0,0,0,0,0,0,0,0,0,0.003323008,0,0,0,0,0,0,0,0.009152351,0,0,0,0,0,0,0,0.002703464,0,0,0,0,0,0,0,0,0,0,0,0,0,0,0,0,0,0,0,0,0,0.003773585,0,0,0,0,0,0,0,0,0,0,0,0.010898338,0,0,0,0,0,0,0,0,0,0,0,0,0,0,0,0,0,0,0,0,0,0,0,0,0,0,0,0,0.000478738,0,0,0,0,0,0,0,0,0,0,0,0.019459307,0,0,0,0,0,0.000478738,0.649619825,0,0,0,0,0,0,0,2.82E-05,0.002393692,0,0,0,0.135370318,0,0,0,0,0,0,0,0,0,0,0,0.002956914,0,0,0,0,0,0,0,0,0,0,0,0,0,0,0,0,0,0,0,0,0,0,0,0,0,0,0,0,0,0,0,0,0,0,0,0,0,0,0,0,0,2.82E-05,0,0,0.000957477,0,0,0,0,0,0,0,0,0,0,0.000422416,0.006082794,0,0,0,0,0,0.001492537,0,0,0,0,0,0,0,0,0,0,0,0,0,0,0,0,0,0,0,0,0,0,0,0,0,0,0.000225289,0,0,0,0,0,0,0,0,0,0,0,0,0,0,0,0,0,0,0,0,0,0,0,0,0,0
D160TX6Y.04,0,0,0,0,0,0,0,0,0,0,0,0,0,0,0,0,0,0,0,0,0,0,0.000885535,0,0,0,0.264620953,0,0,0,0,0,0,0,0,0,0,0.01416856,0,0.000462018,0,0,0,0,0,0,0.002233088,0.00050052,0,0,0,0,0,0,0,0,0,0,0,0,0,0,0,0,0,0,0,0,0,0,0,0,0,0,0,0,0,0,0,0,0,0,0,0,0,0,0,0,0,0,0,0,0,0,0,0,0,0,0,0,0,0,0,0,0,0,0,0,0,0,0,0,0,0,0,0,0,0.003888654,0,0,0,0,0,0,0,0,0,0,0,0.014592076,0,0,0,0,0,0,0.461864244,0,0,0,0,0.00304162,0,0,0,0.007700304,0,0,0,0.222808301,0,0,0,0,0,0,0,0,0,0,0,0.001039541,0,0,0,0,0,0,0,0,0,0,0,0,0,0,0,0,0,0,0,0,0,0,0,0,0,0,0,0,0,0,0.001501559,0,0,0,0,0,0,0,0,0,0,0,0,0,0,0,0,0,0.000654526,0,0,0,0,0,0,0,0,0,0,0,0,0,0,0,0,0,0,0,0,0,0,0,0,0,0,0,0,0,0,0,0,0,0,0,0,0,0,0,0,3.85E-05,0,0,0,0,0,0,0,0,0,0,0,0,0,0,0,0,0,0,0,0,0,0,0,0,0,0
B160TZL5.04,0,0,0,0,0,0,0,0,0,0,0,0,0,0,0,0,0,0,0,0,0,0,0.007872528,0,0,0,0.148570349,0,0,0,0,0,0,0,0,0,0,0,0,0,0,0,0,0,0,0,0,0,0,0,0,0,0,0,0,0,0,0,0,0,0,0,0,0,0,0,0,0,0,0,0,0,0,0,0.00843935,0.007242726,0.013036906,0,0,0,0,0,0,0,0,0,0,0,0,0,0,0,0,0,0,0,0,0,0,0,0,0,0,0,0,0,0,0,0,0,0,0,0,0,0,0,0,0,0,0,0,0,0,0,0,0,0,0,0,0,0,0,0,0,0,0,0.002267288,0,0,0,0,0,0,0,0.079607003,0.007431666,0,0,6.30E-05,0.281710543,0,0,0,0,0,0,0,0.001070664,0,0,0,0.011714322,0,0,0,0,0,0,0,0.012092203,0,0,0,0,0,0,0,0,0,0,0,0,0,0,0,0,0,0,0,0,0,0,0,0,0,0,0,0,0,0,0,0.003652853,0,0,0,0,0,0,0,0,0,0,0,0,0,0,0,0.000755763,0,0,0,0,0,0,0.031238191,0,0.000251921,0,0,0,0,0,0,0,0,0,0,0,0,0,0,0,0,0,0,0,0,0,0,0,0.00012596,0.382856783,0,0,0,0,0,0,0,0,0,0,0,0,0,0,0,0,0,0,0,0,0,0,0,0,0,0
C160SM92.04,0,0,0,0,0,0,0,0,0,0,0,0,0,0,0,0,0,0,0,0,0,0,0.000127042,0,0,0,0,0,0,0,0,0,0,0,0,0,0,0,0.000101634,0,0,0,0,0,0,0,0.001931041,0.000254084,0,0,0,0,0,0,0,0,0,0,0,0,0,0,0,0,0,0,0,0,0,0,0,0,0,0,0.000304901,0.000889295,0.004497294,0,0,0,0,0.002413802,0,0,0,0,0,0.00162614,0.002159717,0,0,0,0,0,0,0,0,0,0,0,0,0,0,0,0,0,0,0,0,0,0,0,0,0,0,0,0,0.000228676,0,0,0,0,0,0,0,0,0,0,0,0.005615265,0,0,0,0,0,0,0.129557639,0,0,0,0,0.001245014,0,0,0,0.011230531,0.001067155,0.009324898,0,0.81619534,0,0,0,0,0,0,0,0,0,0,0,0.006250476,0,0,0,0,0,0,0,0.000406535,0,0,0,0,0,0,0,0,0,0,0,0,0,0,0,0,0,0,0,0,0,0,0,0,0,0,0,0,0,0,0,0,0,0,0,0,0,0,0,0,0.00081307,0,0,0,0,0,0,0,0,0,0,0,0,0,2.54E-05,0,0,0,0,0,0,0,0,0,0,0,0,0,0.002896562,0,0,0,0,0,0,0,0,0,0,0,0,0.00033031,0,0,0.000508169,0,0,0,0,0,0,0,0,0,0,0,0,0,0,0,0,0,0,0,0,0,0,0
B160STBM.04,0,0,0,0,0,0,0,0,0,0,0,0,0,0,0,0,0,0,0,0,0,0,0.000411668,0,0,0,0.001705481,0,0,0,0,0,0,0,5.88E-05,0,0,0,5.88E-05,0,0,0,0,0,0,0,0.010232886,0,0,0,0,0,0,0,0,0,0,0,0,0,0,0,0,0,0,0,0,0,0,0,0,0,0,0,0,0,0.003352152,0,0,0,0,0,0,0,0,0,0,0.009409551,0.000117619,0,5.88E-05,0,0,0,0,0,0,0,0,0,0,0,0,0,0,0,0,0,0,0,0,0,0,0,0,0,0,0,0,0,0,0,0,0,0,0,0,0,0,0.001470242,0,0,0,0,0,0,0.021347918,0,0,0,0,0,0,0,0.002058339,0.032286521,0,0,0,0.802693484,0,0,0,0,0,0,0,0,0,0,0,0.022641731,0,0,0,0,0,0,0,0,0,0,0,0,0,0,0,0,0,0,0,0,0,0,0,0.002940485,0,0,0,0,0,0,0,0,0,0.011585509,0,0,0.009997648,0,0,0.003234533,0,0,0,0,0,0,0,0,0,0,0,0,0,0,0.002822865,0.000588097,0,0,0,0,0,0,0.060691602,0,0,0,0,0,0,0,0,0,0,0,0,0,0,0,0,0,0,0,0,0,0,0,0,0,0.000235239,0,0,0,0,0,0,0,0,0,0,0,0,0,0,0,0,0,0,0,0,0,0,0,0,0,0,0
E160T95W.04,0,0,0,0,0,0.005710295,0,0.001068113,0,0,0,0,0,0,0,0,0,0,0,0.0013146,0,0,0.008914633,0,0,0,0.347752855,0,0,0,0,0,0.000246488,0,0,0,0,0.000164325,8.22E-05,0,0,0,0,0,0.000369731,0,0.002259469,0.001109194,0,0,0,0.001478925,0,0,0,0,0,0,0,0,0,0,0,0,0,0,0,0,0,0,0,0,0,0,0,0.004190288,0.009982746,0,0,0,0,0.000369731,0,0,0,0,0,0,0.000616219,0,0,0,0,0,0,0,0,0,0,0,0,0,0,0,0,0,0,0,0,0,0,0,0,0,0,0,0,0,0,0,0,0,0,0,0,0,0,0,0,0.002382713,0,0,0,0.000287569,4.11E-05,0,0.024689836,0,0,0,0,0.008832471,0,0,0.02514173,0.012118971,0,0,0,0.44877167,0,0,8.22E-05,0,0,0,0,0.001232438,0,0,0,0.008955714,0,0.002423794,0,0,8.22E-05,0,4.11E-05,0.003656232,0,0,0.000205406,0,0,0,0,0,0,0,0,0,0,0,0,0,0,0,0,0.000205406,0,0,0,0,0.000164325,0,0,0.001561088,0,0,0,0.003491907,0,0,0,0,0,0,0,0.000123244,0.001478925,0,0,0,0,0,0,0,0,0,0,0,0,0,0.027483362,0,0,0,0,0,0,0,0,0,0,0,0,0,0,0,0,0,0,0.000944869,0,0,0,0,0,0,0,0.039355846,0,0,0,0,0,0,0,0,0,0,0,0,0,0.000534056,0,0,0,0,0,0,0,0,0,8.22E-05,0,0
J160VVBP.04,0,0,0,0,0,0,0,0,0,0,0,0,0,0,0,0,0,0,0,0,0,0,0,0,0.000833482,0,0.006221349,0,0,0,0,0,0,0,0,0,0,0,0.00556647,0,0,0,0,0,0,0,0.000803715,0,0,0,0,0,0,0,0,0,0,0,0.000625112,0,0,0,0,0,0,0,0,0,0,0,0,0,0,0,0,0.001845568,0.014853843,0,0,0,0,0.024230517,0,0,0,0,0,0.004107876,0,0,0,0,0,0,0,0,0,0,0,0,0,0,0,0,0,0,0,0,0,0,0,0,0,0,0,0,0,0,0,0,0,0,0,0,0,0,0,0,0,0.000863249,0,0,0.000625112,0,0,0,0.022325415,0,0,0,0,0.057778175,0,0,0.000446508,0.021551468,0,0.022474251,0,0.789813657,0,0,0,0,0,0,0,0.000833482,0,0,0,0.00503066,0,0,0.000863249,0,0,0,0,0,0,0,0,0,0,0,0,0,0,0,0,0,0,0,0,0,0,0,0,0,0,0,0,0,0,2.98E-05,0,0,0.003720903,0,0,0,0,0,0,0,0,0,0,0,0,0,0,0,0,0,0,0,0,0,0,0,0,0,0.010358993,0,0,0,0,0,0,0,0,0,0,0,0,0,0,0,0,0,0,0.001220456,0,0,0,0,0,0,0.00288742,8.93E-05,0,0,0,0,0,0,0,0,0,0,0,0,0,0,0,0,0,0,0,0,0,0,0,0,0,0
E160STS0.04,0,0,0,0,0,0,0,0,0,0,0,0,0,0,0,0,0,0,0,0,0,0,0.002831885,0,0,0,0.000153075,0,0,0,0,0,0,0,0,0,0,0,0.000191344,0,0,0,0,0,0,0,0,0,0,0,0,0,0,0,0,0,0,0,0,0,0,0,0,0,0,0,0,0,0,0,0,0,0,0,0,0.001415943,0.001951705,0,0,0,0,7.65E-05,0,0,0,0,0,0,0.009681987,0,0,0,0,0,0,0,0,0,0,0,0,0,0,0,0,0,0,0,0,0,0,0,0,0,0,0,0,0.00030615,0,0,0,0,0,0,0,0,0,0,0,0.005931652,0,0,0,0,0,0.000153075,0.061650913,0,0,0,0,0.010447361,0,0,0.00210478,0.019057824,0,0,0,0.832689143,0,0,0,0,0,0,0,0.001722093,0,0,0,0.027323868,0,0,0.000191344,0,0,0,0,0.001071524,0,0,0,0,0,0,0,0,0,0,0,0,0,0,0,0,0,0,0,0,0,0,0,0,0.00118633,0,0,0,0,0,0,0,0,0,0,0,0,0,0,0,0,0,0,0,0,0,0,0,0.000191344,0,0,0,0,0,0.013394053,0,0,0,0,0,0,0,0,0,0,0,0,0,0.006276071,0,0,0,0,0,0,0,0,0,0,0,0,0,0,0,0,0,0,0,0,0,0,0,0,0,0,0,0,0,0,0,0,0,0,0,0,0,0,0
K160T3V0.04,3.30E-05,0,0,0,0,0,0,0,0,0,0,0,0,0,0,0,0.000891207,0,0,0,0,0,0.001782414,0,0,0,0.180023766,0,0,0,0,0,0,0,0,0,0,0,0.00323475,0,0,0,0,0,0,0,0.007822815,9.90E-05,0,0,0,0,0,0,0,0,0,0,0.000132031,0,0,0,0,0,0,0,0,0,0,0.000264061,0,0,0,0,0,0.00056113,0.00465408,0,0,0,0,0,0,0,0.000330077,0,0,0.000594138,0,0,3.30E-05,0,0,0,0,0,0,0,0,0,0,0,0,0,0,0,0,0,0,0,0,0,0,0,0,0,0,0,0,0,0,0,0,0,0,0,0,0,0,0.006106417,0,0,0,0,0,0,0.205670716,0,0,0,0,0.004191973,0,0,0,0.002937682,0.000297069,0,0,0.392527066,0,0,0,0,0,0,0,0.001452337,0,0,0,0.003960919,0,0,0.000759176,0,0,0,0,0.0004291,0,0,0,0,0,0,0,0,0,0,0,0,0,0,0,0.00099023,0,0,0,0,0,0,0,0,0,0.002739636,0,0,0,0,0,0,0,0,0,0,0,0,0,0,0,0,0,0,0,0,0,0.000693161,0.000264061,0,0,0,0,0,0.171738843,0,0,0,0,0,0,0,0,0,0,0,0,0,0.002178505,0,0,0,0,0.000231054,0,0,0,0,0,0,0,0,0.001089253,0,0,0,0,0,0,0,0,0,0,0,0,0.000396092,0,0,0,0,0,0,0,0,0,0,0,0.000891207
A160SSR7.04,0,0,0,0,0,0,0,0,0,0,0,0,0,0,0,0,0,0,0,2.92E-05,0,0,0.000613676,0,0,0,0.008386908,0,0,0,0,0,0,0,0,0,0,0,0.000935126,0,0,0,0,0,0,0,0.000350672,0,0,0,0,0,0,0,0,0,0,0,0,0,0,0,0,0,0,0,0,0,0,0,0,0,0,0,0,0.020601987,0.008094681,0,0,0,0,0.031034483,0,0,0,0,0,0,0.003126826,0,0,0,0,0,0,0,0,0,0,0,0,0,0,0,0,0,0,0,0,0,0,0,0,0,0,0,0,0,0,0,0,0,0,0,0,0,0,0,0,0.000204559,0.000467563,0,0,0,0,0,0.000905903,0,0,0,0,0.067562829,0,0,0.002016365,0.035856224,0,0,0,0.751285798,0,0,0,0,2.92E-05,0,0,0.001548802,0,8.77E-05,0,0.023874927,0,0,0.000584454,0,0.001373466,0,0.001548802,0.002220923,0,0,0,0,0,0,0,0,0,0,0,0,0,0,0,0,0,0,0,0,0,0,0,0,0,0,0,0,0,0,0,2.92E-05,0,0,0,0,0,0,0,0,0,0,0,0,0,0,0.000116891,0,0,0,0,0,0,0,0.033664524,0,0,0,0,0,0,0,0,0,0,0,0,0,0.000584454,0,0,0,0,0,0,0,0,0,0,0,0.001052016,0.000263004,0,0,0,0,0,0,0,0,0,0,0,0,0,0.000642899,0.000905903,0,0,0,0,0,0,0,0,0,0,0
A160VCTN.04,0,0,0,0,0,0,0,0,0,0,0,0,0,0,0,0,0,0,0,0,0,0,0,0,0,0,0,0,0,0,0,0,0,0,0,0,0,0,0,0,0,0,0,0,0,0,0.000450639,0,0,0,0,0,0,0,0,0,0,0,0,0,0,0,0,0,0,0,0,0,0,0,0,0,0,0,0,0.005504233,0,0,0,0,0,0.025943928,0,0,0,0,0,0.007628674,0,0,0,0,0,0,0,0,0,0,0,0,0,0,0,0,0,0,0,0,0,0,0,0,0,0,0,0,0,0.004602955,0,0,0,0,0,0,0,0,0,0,0,0,0,0,0.00128754,0,0,0,0,0,0,0,0,0.006695207,0,0,0,0.015675797,0,0,0,0.797437796,0,0,0,0,0,0,0,0,0,0,0,0.036018927,0,0,0,0,0,0,0,0,0,0,0,0,0,0,0,0,0,0,0,0,0,0,0,0,0,0,0,0,0,0,0,0,0,0.082627869,0,0,0,0,0,0.003090096,0,0,0,0,0,0,0,0,0,0,0,0,0,0,0.000804712,0.002317572,0,0,0,0,0,0,0.001899121,0,0,0,0,0,0,0,0,0,0,0,0,0,0.002253195,0,0,0,0,0.000740335,0,0,0,0,0,0,0,0.005021405,0,0,0,0,0,0,0,0,0,0,0,0,0,0,0,0,0,0,0,0,0,0,0,0,0,0
D160T9RQ.04,0,0,0,0,0,0,0,0,0,0,0,0,0,0,0,0,0,0,0,0,0,0,6.52E-05,0,0,0,3.26E-05,0,0,0,0,0,0,0,0,0,0,0,0,0,0,0,0,0,0,0,9.78E-05,0,0,0,0,0,0,0,0,0,0,0,0,0,0,0,0,0,0,0,0,0,0,0,0,0,0,0,0,0.000749796,0.000195599,0,0,0,0,0.000162999,0,0,0,0,0,6.52E-05,6.52E-05,0,0,0,0,0,0,0,0,0,0,0,0,0,0,0,0,0,0,0,0,0,0,0,0,0,0,0,0,0,0,0,0,0,0,0,0,0,0,0,0,0.000130399,0,0,0,0,0,0,6.52E-05,0,0,0,0,0.000782396,0,0,0.000521597,0.000260799,0,0,0,0.990513447,0,0,9.78E-05,0.000325998,0,0,0,0,0,0,0,0.000749796,0,0,0,0,0,0,0,0.000684597,0,0,0,0,0,0,0,0,0,0,0,0,0,0,0,0.001303993,0,0,0,0,0,0,0,0,0,0,0,0,0,0,0,6.52E-05,0,0,0,0,0,0,0,0,0,0,0,0,0,0,0,0,3.26E-05,0,0,0,0,0,0.001303993,0,0,0,0,0,0,0,0,0,0,0,0,0,0,0,0,0,0,0,0,0,0,0,0,0,0,0.001727791,0,0,0,0,0,0,0,0,0,0,0,0,0,0,0,0,0,0,0,0,0,0,0,0,0,0
H160T497.04,0,0,0,0,0,0,0,0,0,0,0,0,0,0,0,0,0,0,0,0,0,0,0.004471287,0,0,0,0.107410991,0,0,0,0,0,0,0,0,0.000367046,0,0,0.00320331,0,0,0,0,0,0,0,0.000166839,0,0,0,0,0,0,0,0,0,0,0,0,0,0,0,0,0,0,0,0,0,0,0,0,0,0,0,0,0.025526377,0.005572425,0,0,0,0,0.001968701,0,0,0,0,0,0.006206413,0.004871701,0,0,0,0,0,0,0,0,0,0,0,0,0,0,0,0,0,0,0,0,0,0,0,0,0,0,0,0,0,0,0,0,0,0,0,0,0,0,0,0,0.000333678,0,0,0,0,0,0,0.00503854,0,0,0,0,0.035369882,0,0,0.058193467,0.037738997,0,0,0,0.610597618,0,0,0,0,0,0,0,0.000900931,0,0.000500517,0,0.009943608,0,0,0.000500517,0,0.000200207,0,0,0.037572158,0,0,0,0,0,0,0,0,0,0,0,0,0,0,0,0,0,0,0,0,0,0,0,0,0,0.001334713,0,0,0,0,0,0,0,0,0,0,0,0,0,0.000600621,0,0,0,0,0,0,0.000266943,0,0,0,0,0,0,0,0.033467917,0,0,0,0,0,0,0,0,0,0,0,0,0,0,0,0,0,0,0,0,0,0,0,0,0,0.006740298,0,0,0,0,0,0,0,0,0,0,0,0,0,0,0.000934299,0,0,0,0,0,0,0,0,0,0,0,0
E160T3MJ.04,0,0,0,0,0,0,0,0,0,0,0,0,0,0,0,0,0,0,0,0,0,0,0.003082928,0,0,0,0.146566354,0,0,0,0,0,0,0,0,0,0,0,0.00135762,0,0,0,0,0,0,0,0,0,0,0,0,0,0,0,0,0,0,0,0,0,0,0,0,0,0,0,0,0,0,0,0,0,0,0,0,0.004666818,0.006476977,0,0,0,0,0.042510465,0,0,0,0,0,0,0.002460686,0,0,0,0,0,0,0,0,0,0,0,0,0,0,0,0,0,0,0,0,0,0,0,0,0,0,0,0,0,0,0,0,0,0,0,0,0,0,0,0,0.008569974,0,0,0,0,0,0,0.133075008,0,0,0,0,0.017847042,0,0,0.032017197,0.003959724,0.000735377,0,0,0.460063356,0,0,0,0,0,0,0,0.002658672,0,0,0,0.061262586,0,0.000141419,0,0,0,0,0,0.050571332,0,0,0,0,0,0,0,0,0,0,0,0,0,0,0,0,0,0,0,0,0,0,0,0,0,0,0,0,0,0,0,0,0,0,0,0,0,0,0,0,0,0,0,0,0,0,0,0,0,0,0,0,0,0,0.021156239,0,0,0,0,0,0,0,0,0,0,0,0,0,0.000395972,0,0,0,0,0,0,0,0,0,0,0,0.000339405,0,0,0,0,8.49E-05,0,0,0,0,0,0,0,0,0,0,0,0,0,0,0,0,0,0,0,0,0,0
E160THC7.04,0,0,0,0,0,0,0,0,0,0,0,0,0,0,0,0,0,0,0,0,0,0,0,0,0,0,0,0,0,0,0,0,0,0,0,0,0,0,0.001228124,0,0,0,0,0,0,0,0,0,0,0,0,0,0,0,0,0,0,0,0,0,0,0,0,0,0,0,0,0,0,0,0,0,0,0,0.000614062,0.004912496,0.002558592,0,0,0,0,0.001791014,0,0,0,0,0,0,0,0,0,0,0,0,0,0,0,0,0,0,0,0,0,0,0,0,0,0,0,0,0,0,0,0,0,0,0,0,0,0,0,0,0,0,0,0,0,0,0,0,0,0,0,0,0,0,0,0,0,0,0,0.000869921,0,0,0.000102344,0.002353904,0,0,0,0.172397912,0,0,0,0,0,0,0,0,0,0,0,0.019087094,0,0,0,0,0,0,0,0,0,0,0,0,0,0,0,0,0,0,0,0,0,0,0,0,0,0,0,0,0,0,0,0,0,0,0,0,0,0,0,0,0,0,0,0,0,0,0,0,0,0,0,0,0,0,0,0,0,0,0,0,0,0,0.023590216,0,0,0,0,0,0,0,0,0,0,0,0,0,0,0,0,0,0,0,0,0,0,0,0,0,0.042472623,0.728021697,0,0,0,0,0,0,0,0,0,0,0,0,0,0,0,0,0,0,0,0,0,0,0,0,0,0
H160TLGX.04,0,0,0,0,0,0,0,0,0,0,0,0,0,0,0,0,0,0,0,0,0,0,0.017297223,0,0.000516849,0,0.012921232,0,0,0,0,0,0,0,0,0,0,0,0,0,0,0,0,0.000516849,0,0,0.000551306,0,0,0,0,0,0,0,0,0,0,0,0.003652402,0,0,0,0,0,0,0,0,0,0,0,0,0,0,0,0.000654676,0,0.025842464,0,0,0,0,0.004548274,0,0,0,0,0,0,0.007683826,0,0,0,0,0,0,0,0,0,0,0,0,0,0,0,0,0,0,0,0,0,0,0,0,0,0,0,0,0,0,0,0,0,0,0,0,0,0,0,0,3.45E-05,0,0,0.001757288,0,0,0,0.000482393,0,0,0,0,0.009716767,0,0,0.00020674,0.003721315,0.000758046,0,0.006684584,0.778754049,0,0,0,0,0,0,0,0.002067397,0,0,0,0.020467232,0,0,0,0,0,0,0,0.073427055,0,0,0,0,0,0,0,0,0,0,0,0,0,0,0,0.000895872,0,0,0,0,0,0,0,0,0,0,0,0,0,0,0,0,0,0,0,0,0,0,0,0,0,0,0,0,0,0,0,0,0,0,0,0,0,0,0.008372958,0,0,0,0,0,0,0,0,0,0,0,0,0,0,0,0,0,0,0.000654676,0,0,0,0,0,0,0,0.017572876,0,0,0,0,0,0,0,0,0,0,0,0,0,0.00020674,0,0,0,0,0,0,0,0,0,0,0,3.45E-05
E160V6VQ.04,0,0,0,0,0,0,0,0,0,0,0,0,0,0,0,0,0,0,0,0,0,0,0.001492876,0,0,0,0.430013306,0,0,0,0,0,0,0,0,0,0,0,0.000259631,0,0,3.25E-05,0,0,0,0,0,0,0,0,0,0,0,0,0,0,0,0,0,0,0,0,0,0,0,0,0,0,0,0,0,0,0,0,0,0.010742219,0.008502905,0,0,0,0,0.006036413,0,0,0,0,0,0,0.00558206,0,0,0,0,0,0,0,0,0,0,0,0,0,0,0,0,0,0,0,0,0,0,0,0,0,0,0,0,0,0,0,0,0,0,0,0,0,0,0,0,0,0,0,0,0,0,0,0,0,0,0,0,0.036510564,0,0,0.00905462,0.029046182,0,0,0,0.395352611,0,0,0,0,0,0,0,0,0,0,0,0.024859637,0,0,0,0,0,0,0,0,0,0,0,0,0,0,0,0,0,0,0,0,0,0,0,0,0,0,0,0,0,0,0,0,0,0,0,0,0,0,0,0,0,0,0,0,0,0,0,0,0,0,0,0,0,0,0,0,0,0,0,0,0,0,0.002044592,0,0,0,0,0,0,0,0,0,0,0,0,0,0,0,0,0,0,0,0,0,0,0,0,0,0,0.040469932,0,0,0,0,0,0,0,0,0,0,0,0,0,0,0,0,0,0,0,0,0,0,0,0,0,0
K160TKMG.04,0,0,0,0,0,0,0,0,0,0,0,0,0,0,0,0,0,0,0,0,0,0,0.001538088,0,0,0,0.001538088,0,0,0,0,0,0,0,0,0,0,0.002388084,0,0,0,0,0,0,0,0,0.001052376,0,0,0.001173804,0,0,0,0,0,0,0,0,0,0,0,0,0,0,0,0,0,0,0,0,0,0,0,0,0,0.006516636,0.002671416,0,0,0,0,0.006192828,0,0,0,0,0,0,0.006111876,0,0,0,0,0,0,0,0,0,0,0,0,0,0,0,0,0,0,0,0,0,0,0,0,0,0,0,0,0,0,0,0,0,0,0,0,0,0,0,0,0.000283332,0,0,0,0,0,0.000161904,0.000161904,0,0,0,0,0.001335708,0,0,4.05E-05,0.002509512,0,0.000849996,0,0.948312151,0,0,0,0,0,0,0,0.00040476,0,0,0,0.005302356,0,0,0.000283332,0,0,0,0,0,0,0,0,0,0,0,0,0,0,0,0,0,0,0,0,0,0,0,0,0,0,0,0,0,0.001173804,0,0,0,0,0,0,0,0.000242856,0,0,0,0,0,0,0,0,0,0,0,0,0,0,0.000242856,0,0,0,0,0,0,0.004290456,0,0,0,0,0,0,0,0,0,0,0,0,0,0,0,0,0,0,0.000566664,0,0,0,0,0,0,0.000323808,0.004330932,0,0,0,0,0,0,0,0,0,0,0,0,0,0,0,0,0,0,0,0,0,0,0,0,0,0
E160SWQC.04,0,0,0,0,0,0,0,0,0,0,0,0,0,0,0,0,0,0,0,0,0,0,0.000580046,0,0,0,0.002474865,0,0,0,0,0,0,0,0,0,0,0,0.000773395,0,0,0,0,0,0,0,0.000232019,0,0,0,0,0,0,0,0,0,0,0,0,0,0,0,0,0,0,0,0,0,0,0,0,0,0,0,0,0.002745553,0.001276102,0,0,0,0,0.012993039,0,0,0,0,0,0.000232019,0.001082753,0,0,0,0,0,0,0,0,0,0,0,0,0,0,0,0,0,0,0,0,0,0,0,0,0,0,0,0,0,0,0,0,0,0,0,0,0,0,0,0,0.002049497,0,0,0,0,0,0,0.046867749,0,0,0,0,0.039520495,0,0,0.059242073,0.016744006,0,0.000309358,0,0.774400619,0,0,0,0.007308585,0.000773395,0,0,0.002822892,0,0,0.000232019,0.01287703,0,0,0,0,0,0,0,0.000386698,0,0,0,0,0,0,0,0,0,0,0,0,0,0,0,0,0,0,0,0,0,0,0,0,0,0,0,0,0,0,0,0,0,0,0,0,0,0,0,0,0,0,0,0,0,0,0,0,0,0,0,0,0,0,0.012335654,0,0,0,0,0,0,0,0,0,0,0,0,0,0,0,0,0,0,0,0,0,0,0,0,0,0.001160093,0.000270688,0,0,0,0,0,0,0,0,0,0,0,0,0,0.000309358,0,0,0,0,0,0,0,0,0,0,0,0
F160T3LK.04,0,0,0,0,0,0,0,0,0,0,0,0,0,0,0,0,0,0,0,0,0,0,0.007785684,0,0,0,0.428966095,0,0,0,0,0,0,0,0,0,0,0,0.002120832,0,0,0,0,0,0,0,0,0,0,0,0,0,0,0,0,0,0,0,0,0,0,0,0,0,0,0,0,0,0,0,0,0,0,0,0,0.009013534,0.025980187,0,0,0,0,0.029273057,0,0,0,0,0,0,0.005106739,0,0,0,0,0,0,0,0,0,0,0,0,0,0,0,0,0,0,0,0,0,0,0,0,0,0,0,0,0,0,0,0,0,0,0,0,0,0,0,0,0.004492814,0,0,0,0,0,0,0.000865076,0,0.000474397,0,0,0.032705456,0,0,0.094321194,0.008427515,0.001646435,0,0,0.238928422,0,0,0,0,0,0,0,0,0,0,0,0.041300405,0,0.000334868,0,0,0,0,0,0.028798661,0,0,0,0,0,0,0,0,0,0,0,0,0,0,0,0,0,0,0,0,0,0,0,0,0,0,0,0,0,0,0,0,0,0,0,0,0,0,0,0,0,0,0,0,0,0,0,8.37E-05,0,0,0,0,0,0,0.033486815,0,0,0,0,0,0,0,0,0,0,0,0,0,0.002902191,0,0,0,0,0.00103251,0,0,0,0,0,0,0.001953398,0,0,0,0,0,0,0,0,0,0,0,0,0,0,0,0,0,0,0,0,0,0,0,0,0,0,0
G160V14Z.04,0,0,0,0,0,0,0,0,0,0,0,0,0,0,0,0,0,0,0,0,0,0,0.00068,0,0,0,0.00348,0,0,0,0,0,0,0,0,0,0,0,0.00448,0,0,0,0.00092,0,0,0,0.0008,0,0,0,0,0,0,0,0,0,0,0,0,0,0,0,0,0,0,0,0,0,0,0,0,0,0,0,0,0.00036,0.00208,0,0,0,0,0.00272,0,0,0,0,0,0.00156,0,0,0,0,0,0,0,0,0,0,0,0,0,0,0,0,0,0,0,0,0,0,0,0,0,0,0,0,0,0,0,0,0,0,0,0,0,0,0,0,0,0,0,0,0,0,0,0,0,0,0,0,0,0.00376,0,0,0.00048,0.00408,0,0,0,0.52424,0,0,0,0,0,0,0,0.00044,0,0,0,0.00524,0,0,0,0,0.00072,0,4.00E-05,0.00236,0,0,0,0,0,0,0,0,0,0,0,0,0,0,0,0,0,0,0,0,0,0,0,0,0,0,0,0,0,0,0,0,0,0,0,0,0,0,0,0,0,0,0,0,0,0,0,0,0,0,0,0,0,0,0.07312,0,0,0,0,0,0,0,0,0,0,0,0,0,0.00216,0,0,0,0,0,0,0,0,0,0,0,0.08288,0.2834,0,0,0,0,0,0,0,0,0,0,0,0,0,0,0,0,0,0,0,0,0,0,0,0,0,0
C160ST4X.04,0,0,0,0,0,0,0,0,0,0,0,0,0,0,0,0,0,0,0,0,0,0,0.009563038,0,0,0,0.069447245,0,0,0,0,0,0,0,0,0,0,0,0.001440217,0,0,0,0,0,0,0,0.0006625,0,0,0,0,0,0,0,0,0,0,0,0,0,0,0,0,0,0,0,0,0,0,0,0,0,0,0,0,0.011838581,0.008986952,0,0,0,0,0.025376617,0,0,0,0,0,0.003485324,0.005098367,0,0,0,0,0,0,0,0,0,0,0,0,0,0,0,0,0,0,0,0,0,0,0,0,0,0,0,0,0.009966299,0,0,0,0,0,0,0,0,0,0,0,0.000691304,0,0,0,0,0,0,0.022323357,0,0,0,0,0.014459775,0,0,0.002073912,0.019759772,0,0.000748913,0.000720108,0.688711582,0,0,0,0.003715759,0,0,0,0.000604891,0,0,0,0.021171184,0,0,0,0,0.000489674,0,0,0.016792926,0,0,0,0,0,0,0,0,0,0,0,0,0,0,0,0,0,0,0,0,2.88E-05,0,0,0,0,0,0,0,0,0,0,0,0,0,0,0,0,0,0,0,0,0,0.000115217,0,0,0,0,0,0,0,0,0,0,0,0.029495636,0,0,0,0,0,0,0,0,0,0,0,0,0,0.002189129,0,0,0,0,0,0,0,0,0,0,0,0.018722816,0.010801625,0.000288043,0,0,0,0,0,0,0,0,0,0,0,0,0,0.000230435,0,0,0,0,0,0,0,0,0,0,0
B160V6RJ.04,0,0,0,0,0,0,0,0,0,0,0,0,0,0,0,0,0,0,0,0,0,0,0.000965426,0,0,0,0.4041815,0,0,0,0,0,0,0,0,0,0,0,0,0,0,0,0,0,0,0,0,0,0,0,0,0,0,0,0,0,0,0,0,0,0,0,0,0,0,0,0,0,0,0,0,0,0,0,0,0.002835938,0.001448139,0,0,0,0,0.004223737,0,0,0,0,0,0,0.002504073,0,0,0,0,0,0,0,0,0,0,0,0,0,0,0,0,0,0,0,0,0,0,0,0,0,0,0,0,0.001086104,0,0,0,0,0,0,0,0,0,0,0,3.02E-05,0,0,0,0,0,0,0.000181017,0,0,0,0,0.011856634,0,0,0.103059193,0.006667471,0.000241356,0,0,0.099408677,0,0,0,0,0,0,0,0.000482713,0,0,0,0.002262716,0,0,0,0,0,0,3.02E-05,0,0,0,0,0,0,0,0,0,0,0,0,0,0,0,0,0,0,0,0,0,0,0,0,0,0,0,0,0,0,0,0,0,0,0,0,0,0,0,0,0,0,0,0,0,0,0,0,0,0,0,0,0,0,0,0.004253907,0,0,0,0,0,0,0,0,0,0,0,0,0,0,0,0,0,0,0,0,0,0,0,0,0,0,0.35428106,0,0,0,0,0,0,0,0,0,0,0,0,0,0,0,0,0,0,0,0,0,0,0,0,0,0
E160SLLK.04,0,0,0,0,0,0,0,0,0,0,0,0,0,0,0,0,0,0,0,0,0,0,0.002046639,0,0,0,0.002418755,0,0,0,0,0,0,0,0,0,0,0,0,0,0,0,0,0,0,0,6.20E-05,0,0,0,0,0,0,0,0,0,0,0,0,0,0,0,0,0,0,0,0,0,0,0,0,0,0,0,0,0.021644753,0.005643761,0,0,0,0,0.006574051,0,0,0,0,0,0.00855867,0.000434135,0,0,0,0,0,0,0,0,0,0,0,0,0,0,0,0,0,0,0,0,0,0,0,0,0,0,0,0,0,0,0,0,0,0,0,0,0,0,0,0,0.000186058,0,0,0,0,0,0,0.001116348,0,0,0,0,0.068283304,0,0,0.002046639,0.030017365,0,0,6.20E-05,0.763582238,0,0,0,0,0,0,0,0.004713471,0,0,0,0.009737038,0,0,0,0,0.001364426,0,0,0.013210122,0,0,0,0,0,0,0,0,0,0,0,0,0,0,0,0,0,0,0,0,0,0,0,0.001674522,0,0,0,0,0,0,0,0,0,0,0,0,0,0,0,0,0,0,0,0,0,0,0,0,0,0,0,0,0,0,0.037397668,0,0,0,0,0,0,0,0,0,0,0,0,0,0.018481766,0,0,0,0,0,0,0,0,0,0,0,0.000186058,0.000434135,0,0,0,6.20E-05,0,0,0,0,0,0,0,0,0,6.20E-05,0,0,0,0,0,0,0,0,0,0,0,0
E160TZM2.04,0,0,0,0,0,0,0,0,0,0,0,0,0,0,0,0,0,0,0,0,0,0,0.00102388,0,0,0,0.650625888,0,0,0,0,0,0,0,0,0,0,0,0,0,0,0,0,0,0,0,0,0,0,0,0,0,0,0,0,0,0,0,0,0,0,0,0,0,0,0,0,0,0,0,0,0,0,0,0,0,0,0,0,0,0,0,0,0,0,0,0,0,0.001056908,0,0,0,0,0,0.000660567,0,0,0,0,0,0,0,0,0,0,0,0,0,0,0,0,0,0,0,0,0,0,0,0,0,0,0,0,0,0,0,0,0,0,0,0,0,0,0,0,0,0.000132113,0,0,0,0,0.004128546,0,0,0.00871949,0.002510156,0,0,0,0.075403772,0,0,0,0,0,0,0,0,0,0,0,0.001255078,0,0,0,0,0,0,0,0,0,0,0,0,0,0,0,0,0,0,0,0,0,0,0,0,0,0,0,0,0,0,0,0,0.000693596,0,0,0,0,0,0,0,0,0,0,0,0,0,0,0,0,0,0,0,0,0,0,0,0,0,0,0,0,0,0.000429369,0,0,0,0,0,0,0,0,0,0,0,0,0,0,0,0,0,0,0,0,0,0,0.000330284,0,0,0,0.253030353,0,0,0,0,0,0,0,0,0,0,0,0,0,0,0,0,0,0,0,0,0,0,0,0,0,0
K160TXSM.04,0,0,0,0,0,0,0,0,0,0,0,0,0,0,0,0,0,0,0,0,0,0,0,0,0,0,0.001701524,0,0,0,0,0,0,0,0,0,0,0,0.016979794,0,0,0,0,0,0,0,0.001205246,0,0,0,0,0,0,0,0,0,0,0,0,0,0,0,0,0,0,0,0,0,0,0,0,0,0,0,0,0.014569302,0.006912442,0,0,0,0,0.001240695,0,0,0,0,0,0,0,0,0,0,0,0,0,0,0,0,0,0,0,0,0,0,0,0,0,0,0,0,0,0,0,0,0,0,0,0,0,0,0,0,0,0,0,0,0,0,0,0.000106345,0,0,0,0,0,0,0.000567175,0,0,0,0,0.004679192,0,0,0,0.038532435,0,0,0,0.815880893,0,0,0,0,0,0,0,0.000850762,0,0,0.000177242,0.033746898,0,0,0.001595179,0,0,0,3.54E-05,0.017866005,0,0,0,0,0,0,0,0,0,0,0,0,0,0,0,0,0,0,0,0,0,0,0,0,0,0,0,0,0,0,0,0,0,0,0,0,0,0,0,0,0,0,0,0,0,0,0,0,7.09E-05,0,0,0,0,0,0.038177951,0,0,0,0,0,0,0,0,0,0,0,0,0,0.004785537,0,0,0,0,0,0,0,0,0,0,0,3.54E-05,0.000141794,0,0,0,0.000141794,0,0,0,0,0,0,0,0,0,0,0,0,0,0,0,0,0,0,0,0,0,0
F160T77G.04,0,0,0,0,0,0,0,0,0,0,0,0,0,0,0,0,0,0,0,0,0,0,0.001944115,0,0.001845262,0,0.126598128,0,0,0,0,0,0,0,0,0,0,0,0.001878213,0,0,0,0,0,0,0,0,0,0,0,0,0,0,0,0,0,0,0,0,0,0,0,0,0,0.000757875,0,0,0,0,0,0,0,0,0,0,0.00899565,0.006919731,0,0,0,0,0,0,0,0,0,0,0,0,0,0,0,0,0,0,0,0,0,0,0,0,0,0,0,0,0,0,0,0,0,0,0,0,0,0,0,0,0,0,0,0,0,0,0,0,0,0,0,0,0,0,0,0,0,0,0.001285093,0.001746408,0,0,0,0,0.017233426,0,0,0.030183208,0.005898247,0,0,0.002240675,0.204099117,0,0,0,0,0,0,0,0.001054435,0,0,0,0.006095954,0,0,0.003558719,0,0,0,0,3.30E-05,0,0,0,0,0,0,0,0,0,0,0,0,0,0,0,0,0,0,0,0,0,0,0,0,0,0,0,0,0,0,0,0.00029656,0,0,0,0,0,0,0,0,0,0,0,0,0,0,0,0.000988533,6.59E-05,0,0,0,0,0,0.074963754,0,0,0,0,0,0,0,0,0,0,0,0,0,0,0,0,0,0,0,0,0,0,0,0,0,0,0.500988533,0,0,0,0.000329511,0,0,0,0,0,0,0,0,0,0,0,0,0,0,0,0,0,0,0,0,0,0
G160T8KL.04,0,0,0,0,0,0,0,0,0,0,0,0,0,0,0,0,0,0,0,0,0,0,0.000409232,0,0,0,0.00100944,0,0,0,0,0,0,0,0,0,0,0,0.000873029,0,0,0,0,0,0,0,0.000218257,0,0,0,0,0,0,0,0,0,0,0,0,0,0,0,0,0,0,0,0,0,0,0,0,0,0,0,0,0.000954875,0.001500518,0,0,0,0,0.003601244,0,0,0,0,0,0,0.000818465,0,0,0,0,0,0,0,0,0,0,0,0,0,0,0,0,0,0,0,0,0,0,0,0,0,0,0,0,0,0,0,0,0,0,0,0,0,0,0,0,2.73E-05,0,0,0,0,0,0,0,0,0,0,0,0.001064004,0,0,0.000463797,0.002100726,0,0,0,0.857450756,0,0,0,0,0,0,0,0,0,0.000218257,0,0.001309543,0,0,0,0,0,0,0,0.004419709,0,0,0,0,0,0,0,0,0,0,0,0,0,0,0,0,0,0,0,0,0,0,0,0,0,0,0,0,0,0,0,0,0,0,0,0,0,0,0,0,0,0,0,0,0,0,5.46E-05,2.73E-05,0,0,0,0,0,0,0.003219294,0,0,0,0,0,0,0,0,0,0,0,0,0,0,0,0,0,0,0,0,0,0,0,0,0,0,0.11993234,0,0,0,0,0,0,0,0,0,0,0,0,0,0,0.000327386,0,0,0,0,0,0,0,0,0,0,0
A160SZJV.04,0,0,0,0,0,0,0,0,0,0,0,0,0,0,0,0,0,0,0,0,0,0,0.00285423,0,0,0,0.000407747,0,0,0,0,0,0,0,0,0,0,0,0.003737683,0,0,0,0,0,0,0,0,0,0,0,0,0,0,0,0,0,0,0,6.80E-05,0,0,0,0,0,0,0,0,0,0,0,0,0,0,0,0,0.025416242,0.00699966,0,0,0,0,0.021882433,0,0,0,0,0,0.001495073,0.000203874,0,0,0,0,0,0,0,0,0,0,0,0,0,0,0,0,0,0,0,0,0,0,0,0,0,0,0,0,0,0,0,0,0,0,0,0,0,0,0,0,0.008019028,0,0,0,0,0,0,0.000135916,0,0,0,0,0.092490656,0,0,0.000203874,0.036833163,0,0,0,0.704858987,0,0,6.80E-05,0.00095141,0,0,0,0.004281346,0,6.80E-05,0,0.009582059,0,6.80E-05,0,0,0.001155284,0,0.000611621,0.003126062,0,0,0,0,0,0,0,0,0,0,0,0,0,0,0,0,0,0,0,0,0,0,0,0,0,0,0,0,0,0,0,0,0,0,0,0,0,0,0,0,0,0,0,0,0,0,6.80E-05,0,0,0,0,0,0,0,0.06721033,0,0,0,0,0,0,0,0,0,0,0,0,0,0.005640503,0,0,0,0,0,0,0,0,0,0,0,0.000883452,6.80E-05,0,0,0,0,0,0,0,0,0,0,0,0,0,0.000407747,0.000203874,0,0,0,0,0,0,0,0,0,0,0
B160SVNX.04,0,0,0,0,0,0,0,0,0,0,0,0,0,0,0,0,0,0,0,0,0,0,0,0,0,0,0.0048071,0,0,0,0,0,0,0,0,0,0,0,0,0,0,0,0,0,0,0,0.000493036,0,0,0,0,0,0,0,0,0,0,0,0,0,0,0,0,0,0,0,0,0,0,0,0,0,0,0,0,0,0,0,0,0,0,0,0,0,0,0,0,0,0,0,0,0,0,0,0,0,0,0,0,0,0,0,0,0,0,0,0,0,0,0,0,0,0,0,0,0,0,0.000215703,0,0,0,0,0,0,0,0,0,0,0,0.041846419,0,0,0,0,0,0,0.884229015,0,0,0,3.08E-05,0.002588438,0,0,3.08E-05,0.001941329,0,0,0,0.05731542,0,0,0,0,0,0,0,0,0,0,0,0.001294219,0,0,0.005207691,0,0,0,0,0,0,0,0,0,0,0,0,0,0,0,0,0,0,0,0,0,0,0,0,0,0,0,0,0,0,0,0,0,0,0,0,0,0,0,0,0,0,0,0,0,0,0,0,0,0,0,0,0,0,0,0,0,0,0,0,0,0,0,0,0,0,0,0,0,0,0,0,0,0,0,0,0,0,0,0,0,0,0,0,0,0,0,0,0,0,0,0,0,0,0,0,0,0,0,0,0,0,0,0,0,0,0,0,0,0,0,0,0
H160SQFK.04,3.70E-05,0,0,0,0,0,0,0,0,0,0,0,0,0,0,0,0,0,0,0,0,0,3.70E-05,0,0,0,0.166598891,0,0,0,0,0,0,0,0,0,0,0,0,0,0,0,0,0,0,0,5.55E-05,0,0,0,0,0,0,0,0,0,0,0,0,0,0,0,0,0,0,0,0,0,0,0,0,0,0,0,0,0,0.001737523,0,0,0,0,0,0,0,0,0,0,0,0,0,0,0,0,0,0,0,0,0,0,0,0,0,0,0,0,0,0,0,0,0,0,0,0,0,0,0,0,0,0,0,0,0,0,0,0,0,0,0,0,0.016340111,0,0,0,0,0,0,0.527319778,0,0,0,0,0.000794824,0,0,0,1.85E-05,0,0,0,0.286229205,0,0,0,0,0,0,0,0,0,0,0,0.000332717,0,0,0,0,0,0,0,0.000203327,0,0,0,0,0,0,0,0,0,0,0,0,0,0,0,0,0,0,0,0,0,0,0,0,0,0,0,0,0,0,0,0,0,0,0,0,0,0,0,0,0,0,0,0,0,0,0,0,0,0,0,0,0,0,0.000295749,0,0,0,0,0,0,0,0,0,0,0,0,0,0,0,0,0,0,0,0,0,0,0,0,0,0,0,0,0,0,0,0,0,0,0,0,0,0,0,0,0,0,0,0,0,0,0,0,0,0,0,0,0
H160T1KX.04,0,0,0,0,0,0,0,0,0,0,0,0,0,0,0,0,0,0,0,0,0,0,0.000792812,0,0,0,0.049735729,0.000105708,0,0,0,0,0,0,0,0,0,0,0,0,0,0,0,0.002114165,0,0,0.000317125,0,0,0,0,0,0,0,0,0,0,0,0,0,0,0,0,0,0,0,0,0,0,0.001849894,0,0,0,0,0,0.001744186,0.003171247,0,0,0,0,0,0,0,0,0,0,0,0.018710359,0,0,0,0,0,0.00269556,0,0,0,0,0,0,0,0,0,0,0,0,0,0,0,0,0,0,0,0,0,0,0,0,0,0,0,0,0,0,0,0,0,0,0.036892178,0,0,0.000317125,0,0,0,0.199418605,0,0,0,0.000158562,0.02653277,0,0,0.005496829,0.030813953,0.004122622,0.00153277,0.00153277,0.443023256,0,0,0,0,0,0,0,0.002801268,0,0,0,0.015539112,0,0,0.01051797,0,0,0,0,0,0,0,0,0.001955603,0,0,0,0,0,0,0,0,0,0,0,0,0,0,0,0,0,0,0,0,0,0,0,0,0,0,0,0.000158562,0,0,0,0,0,0,0,0,0,0,0,0,0,0.001321353,0,0,0,0,0,0,0,0,0.132346723,0,0,0,0,0,0,0,0,0,0,0,0,0,0,0,0,0,0,0.001321353,0,0,0,0,0,0,0.002959831,0,0,0,0,0,0,0,0,0,0,0,0,0,0,0,0,0,0,0,0,0,0,0,0,0,0,0
H160TK73.04,0,0,0,0,0,0,0,0,0,0,0,0,0,0,0,0,0,0,0,0,0,0,0.004524887,0,0,0,0.005429864,0,0,0,0,0,0,0,0,0,0,0,0,0,0,0,0,0,0,0,0.022236587,0,0,0,0,0,0,0,0,0,0,0,0,0,0,0,0,0,0,0,0,0,0,0,0,0,0,0,0,0.000258565,0.003490627,0,0,0,0,0.000258565,0,0,0,0,0,0.000129282,0,0,0,0,0,0,0,0,0,0,0,0,0,0,0,0,0,0,0,0,0,0,0,0,0,0,0,0,0,0,0,0,0,0,0,0,0,0,0,0,0,0,0,0,0,0,0,0,0,0,0,0,0,0,0,0,0.124757595,0.004007757,0,0,0,0.210859729,0,0,0.010859729,0,0.347640595,0,0,0,0,0,0,0.00051713,0,0,0,0,0,0,0,0,0,0,0,0,0,0,0,0,0,0,0,0,0,0,0,0,0,0,0,0,0,0,0.047834518,0,0,0.002197802,0,0,0,0,0,0.000129282,0,0,0,0,0,0,0,0,0,0,0,0,0,0,0,0.000129282,0,0,0,0,0,0,0.208661926,0,0,0,0,0,0,0,0,0,0,0,0,0,0.000129282,0,0,0,0,0,0,0,0,0,0,0,0,0,0.005946994,0,0,0,0,0,0,0,0,0,0,0,0,0,0,0,0,0,0,0,0,0,0,0,0,0
C160T0JB.04,0,0,0,0,0,0,0,0,0,0,0,0,0,0,0,0,0,0,0,0,0,0,0,0,0,0,0,0.000519324,0,0,0,0,0,0,0.000737987,0,0,0.000546657,0.003607937,0,0,0,0,0,0,0,0.001694637,0,0,0,0,0,0,0,0,0,0,0,0,0,0,0,0,0,0,0,0,0,0,0,0,0,0,0,0,0.004537255,0.008199858,0,0,0,0,0,0,0,0,0,0,0,0,0,0,0,0,0,0,0,0,0,0,0,0,0,0,0,0,0,0,0,0,0,0,0,0,0,0,0,0,0.002241294,0,0,0,0,0,0,0,0,0,0,0,0,0,0,0,0,0,0,0.00019133,0,0,0,0,0.024134915,0,0,0,0.045509211,0,0,0,0.855928497,0,0,0.001065982,0,0,0,0,0.00095665,0,0.000601323,0,0.020007653,0,0,0,0,0,0,0,0,0,0,0,0,0,0,0,0,0,0,0,0,0,0,0,0,0,0,0,0,0,0,0,0,0,0.001011316,0,0,0,0,0,0.006204559,0,0,0,0,0,0,0,0,0,0,0,0,0,0,0,0,0,0,0,0,0,0,0.018941672,0,0,0,0,0,0,0,0,0,0,0,0,0,0,0,0,0,0,0,0,0,0,0,0,0,0.001557973,0,0,0,0,0.001803969,0,0,0,0,0,0,0,0,0,0,0,0,0,0,0,0,0,0,0,0,0,0
F160SJLB.04,0,0,0,0,0,0,0,0,0,0,0,0,0,0,0,0,0,0,0,0,0,0,0.000209968,0,0,0,0.761974751,0,0,0,0,0,0,0,0,0,0,0,0,0,0,0,0,0,0,0,0.001548516,0,0,0,0,0,0,0,0,0,0,0,0,0,0,0,0,0,0,0,0,0,0,0,0,0,0,0,0,0,0.001417286,0,0,0,0,0,0,0,0,0,0,0,0,0,0,0,0,0,0,0,0,0,0,0,0,0,0,0,0,0,0,0,0,0,0,0,0,0,0,0,0,0.002020944,0,0,0,0,0,0,0,0,0,0,0,5.25E-05,0,0,0.001627254,0,0,0,0.000997349,0,0,0,0,0.007690087,0,0,0.044382037,0.001128579,0,0,0,0.121965303,0,0,0,0,0,0,0,0,0,0,0,0.003018293,0,0,0,0,0,0,0,2.62E-05,0,0,0,0,0,0,0,0,0,0,0,0,0,0,0,0,0,0,0,0,0,0,0,0,0,0,0,0,0,0,0,0,0,0,0,0,0,0,0,0,0,0,0,0,0,0,0,0,0,0,0,0,0,0,0.051468465,0,0,0,0,0,0,0,0,0,0,0,0,0,0,0,0,0,0,0,0,0,0,0,0,0,0.000419936,5.25E-05,0,0,0,0,0,0,0,0,0,0,0,0,0,0,0,0,0,0,0,0,0,0,0,0,0,0
B160SW2S.04,0,0,0,0,0,0,0,0,0,0,0,0,0,0,0,0,0,0,0,0,0,0,0,0,0,0,0.016768737,0,0,0,0,0,0,0,0,0,0,0,0,0,0,0,0,0,0,0,0.092446777,0,0,0,0,0,0,0,0,0,0,0,0,0,0,0,0,0,0,0,0,0,0,0,0,0,0,0,0,0,0.016258384,0,0,0,0,0,0,0,0,0,0,0,0,0,0,0,0,0,0.014654418,0,0,0,0,0,0,0,0,0,0,0,0,0,0,0,0,0,0,0,0,0,0,0.119349665,0,0,0,0,0,0,0,0,0,0,0,0.001968504,0,0,0,0,0,0,0.043744532,0,0,0,0,0.019174686,0,0,0,0,0,0,0,0.640128317,0,0,0,0,0,0,0,0,0,0,0,0.007655293,0,0,0,0,0,0,0,0,0,0,0,0,0,0,0,0,0,0,0,0,0,0,0,0,0,0,0,0,0,0,0,0,0,0,0,0,0,0,0,0,0,0,0,0,0,0,0,0,0,0,0,0,0,0,0,0,0,0,0,0,0,0,0.027850685,0,0,0,0,0,0,0,0,0,0,0,0,0,0,0,0,0,0,0,0,0,0,0,0,0,0,0,0,0,0,0,0,0,0,0,0,0,0,0,0,0,0,0,0,0,0,0,0,0,0,0,0,0
E160T9MR.04,0,0,0,0,0,0,0,0.010138297,0,0,0,0,0,0,0,0,0,0,0,0,0,0,0,0,0,0,0.002703546,0,0,0,0,0,0.001611729,0,0,0,0.002443589,0.002495581,0.001143808,0,0,0,0,0,0,0,0.000467921,0,0,0,0,0,0,0,0,0,0,0,0,0,0,0,0,0,0,0,0,0,0,0,0,0,0,0,0,5.20E-05,0.006290943,0,0,0,0,0.003223458,0,0,0,0,0,0,0.006550899,0,0,0,0,0,0,0,0,0,0,0,0,0,0,0,0,0,0,0,0,0,0,0,0,0,0,0,0,0,0,0,0,0,0,0,0,0,0,0,0,0.009410419,0,0,0,0,0.000571904,0,0.328896745,0,0,0,0,0.007954664,0,0,0,0.001507747,0,0,0,0.540397213,0,0,0.001507747,0,0,0,0,0,0,0,0,0.001455755,0,0,0,0,0.001455755,0,0,0,0,0,0,0,0,0,0,0,0,0,0,0,0,0,0,0,0,0,0,0.001871686,0,0,0,0,0.005147135,0,0,0,0,0,0,0.047779973,0,0,0,0,0,0,0,0.00124779,0,0,0,0,0,0,0,0.000207965,0,0,0,0,0,0,0.009774358,0,0,0,0,0,0,0,0,0,0,0,0,0,0,0,0,0,0,0,0,0,0,0,0,0,0,0,0,0,0,0,0,0,0,0,0,0,0,0,0,0.002131642,0,0,0,0,0,0,0,0,0,0.001559738,0,0
F160SKKD.04,0,0,0,0,0,0,0,0,0,0,0,0,0,0,0,0,0,0,0,0,0,0,0,0,0,0,0.058468205,0,0,0,0,0,0,0,0,0,0,0.000689406,0.000393946,0,0,0,0,0,0,0,0.005318276,0,0,0,0,0,0,0,0,0,0,0,0.004136437,0,0,0,0,0,0,0,0,0,0,0,0,0,0,0,0,0,0.000656577,0,0,0,0,0,0,0,0,0,0,0,0,0,0.000820722,0,0,0,0,0,0,0,0,0,0,0,0,0,0,0,0,0,0,0,0,0,0,0,0,0,0,0.009487541,0,0,0,0,0,0,0,0,0,0,0,0.020715013,0,0,0,0,0,0,0.680279702,0,0,0,0,0.009848659,0,0,3.28E-05,0.001017695,0,0.000196973,0,0.190144775,0,0,0,0,0,0,0,0.000492433,0,0,0.000755064,0.009257739,0,0,0.000820722,0,0.000787893,0,0,0,0,0,0,0,0,0,0,0,0,0,0,0,0,0,0,0,0,0,0,0,0,0,0,0,0,0,0,0,0,0,0,0,0,0,0,0,0.001181839,0,0,0,0,0,0,0,0,0,0,0.000886379,0,0,0,0,0,0,0.001214668,0,0,0,0,0,0,0,0,0,0,0,0,0,0.002330849,0,0,0,0,0,0,0,0,0,0,0,0,6.57E-05,0,0,0,0,0,0,0,0,0,0,0,0,0,0,0,0,0,0,0,0,0,0,0,0,0,0
K160T4P2.04,0,0,0,0,0,0,0,0,0,0,0,0,0,0,0,0,0,0,0,0,0,0,0,0,0,0,0.000335582,0,0,0,0,0,0,0,0,0,0,0,0,0,0,0,0,0,0,0,0.000906071,0,0,0,0,0,0,0,0,0,0,0,0,0,0,0,0,0,0,0,0,0,0,0,0,0,0,0,0,0,0.000234907,0,0,0,0,0,0,0,0,0,0,0,0,0,0,0,0,0,0,0,0,0,0,0,0,0,0,0,0,0,0,0,0,0,0,0,0,0,0,0,0,0,0,0,0,0,0,0,0,0,0,0,0,0.000302024,0,0,0,0,0,0,0,0,0,0,0,0,0,0,0.002919561,0.002583979,0,0,0,0.944125642,0,0,0,0,0,0,0,0,0,0,0,3.36E-05,0,0,0,0,0,0,0,0.000100675,0,0,0,0,0,0,0,0,0,0,0,0,0,0,0,0,0,0,0,0,0,0,0,0,0,0,0,0,0.003758515,0,0,0,0,0,0,0,0,0,0,0,0,0,0,0,0,0,0,0,0,0,0,0,0,0,6.71E-05,0,0,0,0,0,0,0,0,0,0,0,0,0,0,0,0,0,0,0,0,0,0,0,0,0,0,0.04463237,0,0,0,0,0,0,0,0,0,0,0,0,0,0,0,0,0,0,0,0,0,0,0,0,0,0
J160T9QG.04,0,0,0,0,0,0,0,0,0,0,0,0,0,0,0,0,0,0,0,0,0,0,0.006112176,0,0.001198466,0,0.021212848,0,0,0,0,0,0,0,0,0,0,0,0,0,0,0,0,0,0,0,0,0,0,0,0,0,0,0,0,0,0,0,0,0,0,0,0,0,0,0,0,0,0,0,0,0,0,0,0,0.037631831,0.008389262,0,0,0,0,0.008509108,0,0,0,0,0,0,0.000119847,0,0,0,0,0,0,0,0,0,0,0,0,0,0,0,0,0,0,0,0,0,0,0,0,0,0,0,0,0,0,0,0,0,0,0,0,0,0,0,0,0.000239693,0,0,0,0,0,0,0.004554171,0,0,0,0,0.068192713,0,0,0.042905081,0.034995206,0,0,0,0.508269415,0,0,0,0.013902205,0,0,0,0.000599233,0,0,0,0.010186961,0,0,0,0,0,0,0,0.05105465,0,0,0,0,0,0,0,0,0,0,0,0,0,0,0,0,0,0,0,0,0,0,0,0,0,0,0,0,0,0,0,0,0,0,0.01653883,0,0,0,0,0,0,0,0,0,0,0,0.002277085,0,0,0,0,0,0,0,0.160474593,0,0,0,0,0,0,0,0,0,0,0,0,0,0,0,0,0,0,0,0,0,0,0,0,0,0.001797699,0.000599233,0,0,0,0,0,0,0,0,0,0,0,0,0,0,0.000239693,0,0,0,0,0,0,0,0,0,0,0
D160SYQ3.04,0,0,0,0,0,0,0,0,0,0,0,0,0,0,0,0,0,0,0,0,0,0,0.000469925,0,0,0,0.039003759,0,0,0,0,0,0,0,0,0,0,0,0,0,0,0,0,0,0,0,5.87E-05,0,0,0,0,0,0,0,0,0,0,0,0,0,0,0,0,0,0,0,0,0,0,0,0,0,0,0,0,0,0.001644737,0,0,0,0,0,0,0,0,0,0,0,5.87E-05,0,0,0,0,0,0,0,0,0,0,0,0,0,0,0,0,0,0,0,0,0,0,0,0,0,0,0,0,0,0,0,0,0,0,0,0,0,0,0,0,0.002232143,0,0,0,0,0,0,0.042175752,0,0,0,0,0.000293703,0,0,0,0.032894737,0,0,0,0.704769737,0,0,0,0,0,0,0,0.000763628,0,0,0,0.015859962,0,0,0,0,0,0,0,0.001585996,0,0,0,0,0,0,0,0,0,0,0,0,0,0,0,0,0,0,0,0,0,0,0,0,0,0,0,0,0,0,0,0,0,0,0,0,0,0,0,0,0,0,0,0,0,0,0,0.000234962,0,0,0,0,0,0,0.149964756,0,0,0,0,0,0,0,0,0,0,0,0,0,0.0078125,0,0,0,0,0.000176222,0,0,0,0,0,0,0,0,0,0,0,0,0,0,0,0,0,0,0,0,0,0,0,0,0,0,0,0,0,0,0,0,0,0
H160SPMX.04,0,0,0,0,0,0,0,0,0,0,0,0,0,0,0,0,0,0,0,0,0,0,0,0,0,0,0.022961437,0,0,0,0,0,0,0,0,0,0,0.000883132,0.000294377,0,0,0,0,0,0,0,0.001471887,0,0,0,0,0,0,0,0,0,0,0,0,0,0,0,0,0,0,0,0.000441566,0,0,0,0,0,0,0,0,0.000294377,0.00220783,0,0,0,0,0.000294377,0,0,0,0,0,0.00559317,0.008095378,0,0,0,0,0,0,0,0,0,0,0,0,0,0,0,0,0,0,0,0,0,0,0,0,0,0,0,0,0,0,0,0,0,0,0,0,0,0,0,0,0.02251987,0,0,0,0,0,0,0.803355902,0,0,0,0,0.01133353,0,0,0.000147189,0.000883132,0,0,0,0.108772446,0,0,0,0,0,0,0,0,0,0,0,0.001030321,0,0,0.002649397,0,0.00117751,0,0,0,0,0,0,0,0,0,0.002060642,0,0,0,0,0,0,0,0,0,0,0,0,0,0,0,0,0,0,0,0,0,0,0,0,0,0,0,0,0,0,0,0,0,0,0,0,0,0,0,0,0,0,0,0,0,0,0,0.000883132,0,0,0,0,0,0,0,0,0,0,0,0,0,0,0,0,0,0,0.000588755,0,0,0,0,0,0,0,0.002060642,0,0,0,0,0,0,0,0,0,0,0,0,0,0,0,0,0,0,0,0,0,0,0,0,0,0
H160SL96.04,0,0,0,0,0,0,0,0,0,0,0,0,0,0,0,0,0,0,0,0,0,0,0,0,0,0,0.011325873,0,0,0,0,0,0,0,0,0,0,0.010817226,0,0,0,0,0,0,0,0,0.022685656,0,0,0,0,0,0,0,0,0,0,0,0,0,0,0,0,0,0,0,0,0,0,0,0,0,0,0,0,0,0,0,0,0,0,0,0,0,0,0,0,0,0.00671414,0,0,0,0,0,0,0,0,0,0,0,0,0,0,0,0,0,0,0,0,0,0,0,0,0,0,0,0,0,0,0,0,0,0,0,0,0,0,0,0,0.060427263,0,0,0,0,0,0,0.592675483,0,0,0,0,0,0,0,0.003085792,3.39E-05,0,0,0,0.279416751,0,0,0,0,0,0,0,0.000576467,0,0,0,0.002000678,0,0,0,0,0,0,0,0,0,0,0,0,0,0,0,0,0,0,0,0,0,0,0,0,0,0,0,0,0,0,0,0,0,0,0,0,0,0,0,0,0,0,0,0,0,0,0,0,0,0,0,0,0,0,0,0,0,0,0,0,0,0,0.01013903,0,0,0,0,0,0,0,0,0,0,0,0,0,0,0,0,0,0,0,0,0,0,0,0,0,0,0.000101729,0,0,0,0,0,0,0,0,0,0,0,0,0,0,0,0,0,0,0,0,0,0,0,0,0,0
J160SWMB.04,0,0,0,0,0,0,0,0,0,0,0,0,0,0,0,0,0,0,0,0,0,0,0.000238655,0,0,0,0.677747094,0.000409123,0,0,0,0,0,0,0,0,0,0,0.00037503,0,0,0,0,0,0,0,0,0,0,0,0,0,0,0,0,0,0,0,0,0,0,0,0,0,0,0,0,0,0,0,0,0,0,0,0,0.000443217,0.001022809,0,0,0,0,0,0,0,0,0,0,0,0,0,0,0,0,0,3.41E-05,0,0,0,0,0,0,0,0,0,0,0,0,0,0,0,0,0,0,0,0,0,0,0,0,0,0,0,0,0,0,0,0,0,0,0.005966384,0,0,0,0,0,0,0.217312741,0,0,0,0,0.000852341,0,0,0,0.001090996,0,0,0.000886434,0.087347857,0,0,0,0.000340936,0,0,0,0.000613685,0,0,0,0.001704681,0,0,6.82E-05,0,0,0,0,0.001022809,0,0,0,0,0,0,0,0,0,0,0,0,0,0,0,0,0,0,0,0,0,0,0,0,0,0,0,0,0,0,0,0.000136374,0,0,0,0,0,0,0,0,0,0,0,0,0,0,0,0.000170468,0,0,0,0,0,0,0.001125089,0,0,0,0,0,0,0,0,0,0,0,0,0,0.001090996,0,0,0,0,0,0,0,0,0,0,0,0,0,0,0,0,0,0,0,0,0,0,0,0,0,0,0,0,0,0,0,0,0,0,0,0,0,0,0
G160SHHM.04,0,0,0,0,0,0,0,0,0,0,0,0,0,0,0,0,0,0,0,0,0,0,5.65E-05,0,0,0,0.064334914,0,0,0,0,0,0,0,0,0,0,0,0.000338753,0,0,0,0,0,0,0,0.000282294,0,0,0,0,0,0,0,0,0,0,0,0,0,0,0,0,0,0,0,0,0,0,0,0,0,0,0,0,8.47E-05,0.001129178,0,0,0,0,0.000169377,0,0,0,0,0,0,0.001947832,0,0,0,0,0,0,0,0,0,0,0,0,0,0,0,0,0,0,0,0,0,0,0,0,0,0,0,0,0.002258356,0,0,0,0,0,0,0,0,0,0,0,0.011517615,0,0,0,0,0,0,0.343862918,0,0,0,0,0.000705736,0,0,8.47E-05,0.011432927,0.007734869,0,0.000282294,0.487070912,0,0,0,0,0,0,0,0.000112918,0,0,0,0.000733966,0,0,5.65E-05,0,0,0,0,0.000225836,0,0,0,0,0,0,0,0,0,0,0,0,0,0,0,0,0,0,0,0,0,0,0,0,0,0,0,0,0.000395212,0,0,5.65E-05,0,0,0,0,5.65E-05,0,0,0,0.000254065,0,0,0,0,0,0,0,0,0,0,0,0,0,0.000112918,0,0,0,0,0,0,0,0,0,0,0,0,0,0,0,0,0,0,0.064476061,0,0,0,0,0,0,0,5.65E-05,0,0,0,0.000141147,0,0,0,0,0,0,0,0,0,0,2.82E-05,0,0,0,0,0,0,0,0,0,0,0
D160TMMD.04,0,0,0,0,0,0,0,0,0,0,0,0,0,0,0,0,0,0,0,0,0,0,0.004564315,0,0.022859298,0.005243304,0.037495285,0,0,0,0,0,0,0,0,0,0,0.020671445,0,0,0,0,0.001923802,0,0,0,0.005016975,0,0,0,0,0,0,0,0,0,0,0,0,0,0,0,0,0,0.000301773,0,0,0,0,0,0,0,0,0,0,0.008072425,0.022406639,0,0,0,0,0.00211241,0,0,0,0,0,0.005582799,0,0,0.001810637,0,0,0,0,0,0,0,0,0,0,0,0,0,0,0,0,0,0,0,0,0,0,0,0,0,0,0,0,0,0,0,0,0,0,0,0,0,0,0.00022633,0,0,0,0,0,0,0.04602037,0,0.001508865,0,0,0.002414183,0,0,0,0.000716711,0,0,0,0.73972086,0,0,0,0,0,0,0,0,0,0,0,0.004300264,0,0,0,0,0,0,0,0,0,0,0,0,0,0,0,0,0,0,0,0,0,0,0,0.000641267,0,0,0,0,0,0,0,0,0.001282535,0,0,0,0.019275745,0,0,0.031572991,0,0,0,0,0,0,0,0,0,0,0,0,0,0,0,0,0,0,0,0,0,0,0.01075066,0,0,0,0,0,0,0,0,0,0,0,0,0,0,0,0,0,0,0,0,0,0,0,0,0,0,0.000188608,0.002980008,0,0,0.000339495,0,0,0,0,0,0,0,0,0,0,0,0,0,0,0,0,0,0,0,0,0,0
A160STXC.04,0,0,0,0,0,0,0,0,0,0,0,0,0,0,0,0,0,0,0,0,0,0,0,0,0,0,0.001971243,0,0,0,0,0,0,0,0,0,0,0,2.90E-05,0,0,0,0,0,0,0,0,0,0,0,0,0,0,0,0,0,0,0,0,0,0,0,0,0,0,0,0,0,0,0,0,0,0,0,0,0.000318878,0,0,0,0,0,0,0,0,0,0,0,0,0,0,0,0,0,0,0,0,0,0,0,0,0,0,0,0,0,0,0,0,0,0,0,0,0,0,0,0,0,0,0,0,0,0,0,0,0,0,0,0,0,0.019306586,0,0,0,0,0,0,0.003681586,0,8.70E-05,0,0,0.00101461,0,0,0,0.000579777,0,0,0,0.963647959,0,0,0,0,0,0,0,0,0,2.90E-05,0,0.001130566,0,0,0.000724722,0,0,0,0,8.70E-05,0,0,0,0,0,0,0,0,0,0,0,0,0,0,0,0,0,0,0,0,0,0,0,0,0,0,0,0,0,0,0,0,0,0,0,0,0,0,0,0,0,0,0,0,0,0,0,0,0,0,0,0,0,0,0.006986317,0,0,0,0,0,0,0,0,0,0,0,0,0,0,0,0,0,0,0,0,0,0,0,0,0,0.000376855,2.90E-05,0,0,0,0,0,0,0,0,0,0,0,0,0,0,0,0,0,0,0,0,0,0,0,0,0,0
H160TDGL.04,0,0,0,0,0,0,0,0,0,0,0,0,0,0,0,0,0,0,0,0,0,0,0.00451391,0,0,0,0.578486765,0,0,0,0,0,0,0.001197568,0.010685992,0,0,0,0.0049131,0,0,0,0,0.002333722,0,0,0.005834306,0,0,0,0,0,0,0,0,0,0,0,0,0,0,0,0,0,0,0,0,0,0,0,0,0,0,0,0,0,0.003746238,0,0,0,0,0,0,0,0,0,0,0,0.016643125,0,0,0,0,0,0,0,0,0,0,0,0,0,0,0,0,0,0,0,0,0,0,0,0,0,0,0,0,0,0,0,0,0,0,0,0,0,0,0,0,0.005803599,0,0,0,0,0,0,0.001750292,0,0,0,0,0.002210895,0,0,0.021249156,0,0,0.000951913,0,0.06273414,0,0,0,0,0,0,0,0,0,0,0,0.000245655,0,0,0,0,0,0,0,0.002794325,0,0,0,0,0,0,0,0,0,0,0,0,0,0,0,0,0,0,0,0,0,0,0,0,0,0.003807652,0,0,0,0,0,0,0,0.001443223,0,0,0,0,0,0,0.004820979,0,0,0,0,0,0,0,0,0,0,0,0,0,0.1653258,0,0,0,0,0,0,0,0,0,0,0,0,0,0,0,0,0,0,0,0,0,0,0,0,0,0,0.083676227,0,0,0,0,0,0,0,0,0,0,0,0,0,0,0,0,0,0,0,0,0,0.011330836,0,0.003500583,0,0
E160SPNT.04,0,0,0,0,0,0,0,0,0,0,0,0,0,0,0,0,0,0,0,0,0,0,0.000292654,0,0,0,0.104916594,0.000975515,0,0,0,0,0,0,0,0,0,0.000731636,0.000975515,0,0,0,0,9.76E-05,0,0,0.001999805,0,0,0,0,0,0,0,0,0,0,0,0,0,0,0,0,0,0,0,0,0,0,0,0,0,0,0,0,0.000536533,0.000731636,0,0,0,0,0,0,0,0,0,0,0,0.001560823,0,0,0,0,0,0,0,0,0,0,0,0,0,0,0,0,0,0,0,0,0,0,0,0,0,0,0,0,0,0,0,0,0,0,0,0,0,0,0,0,0.014681494,0,0,9.76E-05,0,0,0,0.554043508,0,0.005414106,0,0,0.00331675,0,0,0,0.001170618,0,0,0,0.299629304,0,0,0,0,0,0,0,0,0,0,0,0.003902058,0,0,0.001755926,0,0.000634084,0,0,0,0,0,0,0,0,0,0,0,0,0,0,0,0,0,0,0,0,0,0,0,0,0,0,0,0,0,0,0,0,0,0,0.001658375,0,0,0,0,0,0,0,0,0,0,0,0,0,0,0,0,9.76E-05,0,0,0,0,0,0,0,0,0,0,0,0,0,0,0,0,0,0,0,0,0,0,0,0,0.000780412,0,0,0,0,0,0,0,0,0,0,0,0,0,0,0,0,0,0,0,0,0,0,0,0,0,0,0,0,0,0,0,0,0,0
K160T76K.04,0,0,0,0,0,0,0,0,0,0,0,0,0,0,0,0,0,0,0,0,0,0,0,0,0.001902871,0,0.319434103,0,0,0,0,0,0,0,0,0,0,0.003474808,0,0,0,0,0,0,0,0,0,0,0,0,0,0,0,0,0,0,0,0,0,0,0,0,0,0,0,0,0,0,0,0,0,0,0,0,0,0,0,0,0,0,0,0,0,0,0,0,0,0,0,0,0,0,0,0,0,0,0,0,0,0,0,0,0,0,0,0,0,0,0,0,0,0,0,0,0,0,0,0,0,0,0,0,0,0,0,0,0,0,0,8.27E-05,0,0,0,0,0,0,0.000992802,0,0,0,0,0.051212046,0,0,0.007694217,0.02705386,0,0,0,0.282783155,0,0,0,0,0,0,0,0,0,0,0,0,0,0,0,0,0,0,0,0,0,0,0,0,0,0,0,0,0,0,0,0,0,0,0,0,0,0,0,0,0,0,0,0,0.009266154,0,0,0,0,0,0,0,0,0,0.00165467,0,0,0,0,0,0,0,0,0,0,0,0,0,0,0,0,0,0,0,0.1058989,0,0,0,0,0,0,0,0,0,0,0,0,0,0,0,0,0,0,0.003805742,0,0,0,0,0,0,0,0.18474394,0,0,0,0,0,0,0,0,0,0,0,0,0,0,0,0,0,0,0,0,0,0,0,0,0,0
A160TDWN.04,0,0,0,0,0,0,0,0,0,0,0,0,0,0,0,0,0,0,0,0,0,0,3.13E-05,0,0,0,0.437908497,0,0,0,0,0,0,0,0,0,0,0,9.38E-05,0,0,0,0,0,0,0,0.000813084,0,0,0,0,0,0,0,0,0,0,0,0,0,0,0,0,0,0,0,0,0,0,0,0,0,0,0,0,0.000594177,0.001532351,0,0,0,0,0.00062545,0,0,0,0,0,0.003189793,0,0,0,0,0,0,0,0,0,0,0,0,0,0,0,0,0,0,0,0,0,0,0,0,0,0,0,0,0,0,0,0,0,0,0,0,0,0,0,0,0,0,0,0,0,0,0,0,0.002001439,0,0,0,0,0.000813084,0,0,0.045157457,0.00012509,0,0,0.002001439,0.008443569,0,0,0,0,0,0,0,9.38E-05,0,0,0,0.00012509,0,0,0,0,0,0,0,0.000218907,0,0,0,0,0,0,0,0,0,0,0,0,0,0,0,0,0,0,0,0,0,0,0,0,0,0,0,0,0,0,0,0,0,0,0,0,0,0,0,0,0,0,0,0,0,0,0,0,0,0,0,0,0,0,0.003940332,0,0,0,0,0,0,0,0,0,0,0,0,0,3.13E-05,0,0,0,0,0,0,0,0,0,0,0,0.00025018,0.492009882,0,0,0,0,0,0,0,0,0,0,0,0,0,0,0,0,0,0,0,0,0,0,0,0,0,0
C160SHGQ.04,0,0,0,0,0,0,0,0,0,0,0,0,0,0,0,0,0,0,0,0,0,0,0,0,0,0,0.019503713,0,0.00742551,0,0,0,0.00817746,0,0,0,0,0,0,0,0,0,0,0,0,0,0.006908544,0,0,0,0.007707491,0,0,0,0,0,0,0,0,0,0,0,0,0,0,0,0,0,0.008506439,0,0,0,0,0,0,0.009305386,0,0,0,0,0,0,0,0,0,0,0,0,0.130134411,0,0.008882414,0,0,0,0,0,0,0,0,0,0,0,0,0,0,0,0,0,0,0,0,0,0,0,0,0,0,0,0,0,0,0,0,0,0,0,0,0,0,0.006579566,0,0,0,0,0,0,0.387489426,0,0,0,0,0.019503713,0,0,0.003007801,0.026506251,0.011373249,0.007519504,0,0.276623743,0,0,0,0,0,0,0,0,0,0,0.011984209,0,0,0,0,0,0,0,0,0,0,0,0,0,0,0,0,0,0,0,0,0,0,0,0,0,0,0,0,0,0,0,0,0,0,0,0,0,0,0,0,0,0,0,0,0,0,0,0,0,0,0,0,0,0,0,0,0.016072939,0,0,0,0,0,0,0.018751762,0,0,0,0,0,0,0,0,0,0,0,0,0,0,0,0,0,0,0.00803647,0,0,0,0,0,0,0,0,0,0,0,0,0,0,0,0,0,0,0,0,0,0,0,0,0,0,0,0,0,0,0,0,0,0
H160SXVM.04,0,0,0,0,0,0,0,0,0,0,0,0,0,0,0,0,0,0,0,0,0,0,0,0,0,0,0.711584768,0,0,0,0,0,0,0,0,0,0,0,0,0,0,0,0,0,0,0,0,0,0,0,0,0,0,0,0,0,0,0,0,0,0,0,0,0,0,0,0,0,0,0,0,0,0,0,0,0,0,0,0,0,0,0,0,0,0,0,0,0,0.001278278,0,0,0,0,0,0,0,0,0,0,0,0,0,0,0,0,0,0,0,0,0,0,0,0,0,0,0,0,0,0,0,0,0,0,0,0,0,0,0,0,2.97E-05,0,0,0,0,0,0,0.001962008,0,0,0,0,0.001456643,0,0,0.025238562,0.002021463,0,0,0,0.069175659,0,0,0,0,0,0,0,0,0,0,0,0,0,0,0,0,0,0,0,0,0,0,0,0,0,0,0,0,0,0,0,0,0,0,0,0,0,0,0,0,0,0,0,0,0,0,0,0,0,0,0,0,0,0,0,0,0,0,0,0,0,0,0,0,0,0,0,0,0,0,0,0,0,0,0.183209965,0,0,0,0,0,0,0,0,0,0,0,0,0,0,0,0,0,0,0,0,0,0,0,0,0,0,0.0021701,0,0,0,0.001872826,0,0,0,0,0,0,0,0,0,0,0,0,0,0,0,0,0,0,0,0,0,0
K160TN45.04,0,0,0,0,0,0,0,0,0,0,0,0,0,0,0,0,0,0,0,0,0,0,0.000280888,0,0,0,0.005637815,0,0,0,0,0,0,0,0,0,0,0.000260824,0,0,0,0,0,0,0,0,0.002086594,0,0,0,0,0,0,0,0,0,0,0,0,0,0,0,0,0,0,0,0,0,0,0.000140444,0,0,0,0,0,0.000722282,0.001585009,0,0,0,0,0.001243931,0,0,0,0,0,0.000642029,0,0,0,0,0,0,0,0,0,0,0,0,0,0,0,0,0,0,0,0,0,0,0,0,0,0,0,0,0,0.00100317,0,0,0,0,0,0,0,0,0,0,0,8.03E-05,0,0,0,0,0,0,0.000842663,0,0,0,0,0.000321014,0,0,2.01E-05,0.001564945,4.01E-05,0,0,0.961157257,0,0,0,0,0,0,0,0,0,0,0,0.000702219,0,0,0,0,0,0,0.001645199,0,0,0,0,0,0,0,0,0,0,0,0,0,0,0,0,0,0,0,0,0,0,0,0,0,0,0.00094298,0,0,0,0,0,0,0,0.001223867,0,0,0,0,0,0,0.001484692,0,0,0,0,0,0.000160507,0,0,0,0,0,0,0,0.001564945,0,0,0,0,0,0,0,0,0,0,0,0,0,0,0,0,0,0,0,0,0,0,0,0,0,0.001404438,0.013241844,0,0,0,0,0,0,0,0,0,0,0,0,0,0,0,0,0,0,0,0,0,0,0,0,0,0
G160T3J8.04,0,0,0,0,0,0,0,0,0,0,0,0,0,0,0,0,0,0,0,0,0,0,0.000845633,0,0.001076261,0,0.614621771,0.00146064,0,0,0,0,0,0,0,0,0,0,0.002767528,0,0,0,0,0,0,0,0.006150062,0,0,0,0,0,0,0,0,0,0,0,0,0,0,0,0,0,0,0,0,0,0,0,0,0,0,0,0,0,0.001230012,0,0,0,0,0.001691267,0,0,0,0,0,0.000999385,0.002075646,0,0,0,0,0,0,0,0,0,0,0,0,0,0,0,0,0,0,0.000768758,0,0,0,0,0,0,0,0,0,0,0,0,0,0,0,0,0,0,0,0,0,7.69E-05,0,0,0,0,0,0,0.000384379,0,0,0,0,0,0,0,0.010378229,0,0,0,0,0.018296433,0,0,0,0,0,0,0,0,0,0,0,0,0,0,0,0,0,0,0,7.69E-05,0,0,0,0,0,0,0,0,0,0,0,0,0,0,0,0.005227552,0,0,0,0,0,0,0,0,0,0,0,0,0,0,0,0,0,0.000384379,0,0,0,0,0,0,0,0,0,0,0,0,0,0,0,0,0,0,0,0,0.330412054,0,0,0,0,0,0,0,0,0,0,0,0,0,0,0,0,0,0,0,0,0,0,0,0,0,0,0,0,0,0,0.001076261,0,0,0,0,0,0,0,0,0,0,0,0,0,0,0,0,0,0,0,0,0,0
C160SVRW.04,0,0,0,0,0,0,0,0,0,0,0,0,0,0,0,0,0,0,0,0,0,0,4.40E-05,0,0,0,0.018509563,0,0,0,0,0,0,0,0,0,0,0.002110354,0.001143108,0,0,0,0,0,0,0,0.001318971,0,0,0,0,0,0,0,0,0,0,0,0,0,0,0,0,0,0,0,0,0,0,0,0,0,0,0,0,0.010200044,0,0,0,0,0,0.012002638,0,0,0,0,0,0,0,0,0,0,0,0,0,0,0,0,0,0,0,0,0,0,0,0,0,0,0,0,0,0,0,0,0,0,0,0,0,0,0,0,0,0,0,0,0,0,0,0.000351726,0,0,0,0,0,0,0.003517257,0,0,0,0,0,0,0,0,0.001318971,0,0,0,0.028445812,0,0,0,0,0,0,0,0,0,0,0,0.000967246,0,0,0,0,0,0,0,0,0,0,0,0,0,0,0,0,0,0,0,0,0,0,0,0,0,0,0,0,0,0,0,4.40E-05,0,0,0,0,0,0,0,0,0,0,0,0,0,0,0,0,0,0,0,0,0,0,0,0,0,0,0,0,0,0,0.900681468,0,0,0,0,0,0,0,0,0,0,0,0,0,0,0,0,0,0,0.002506045,0,0,0,0,0,0,0.010771598,0.006067268,0,0,0,0,0,0,0,0,0,0,0,0,0,0,0,0,0,0,0,0,0,0,0,0,0,0
F160V4LN.04,0,0,0,0,0,0,0,0,0,0,0,0,0,0,0,0,0,0,0,0,0,0,0,0,0,0,0.60026349,0,0,0,0,0,0,0,0,0,0,0,0,0,0,0,0,0,0,0,0.001207663,0,0,0,0,0,0,0,0,0,0,0,0,0,0,0,0,0,0,0,0,0,0,0,0,0,0,0,0,0.018718779,0,0,0,0,0,0,0,0,0,0,0,0,0.001976176,0,0,0,0,0,0,0,0,0,0,0,0,0,0,0,0,0,0,0,0,0,0,0,0,0,0,0,0,0,0,0,0,0,0,0,0,0,0,0,0,0,0,0,0,0,0,0,0.000109788,0,0,0,0,5.49E-05,0,0,0.000164681,0.015315365,5.49E-05,0,0,0.255256079,0,0,0,0,0,0,0,0,0,0,0,0.015040896,0,0,0.000603832,0,0,0,0,0.017785585,0,0,0,0,0,0,0,0,0,0,0,0,0,0,0,0,0,0,0,0,0,0,0,0,0,0,0,0,0,0,0,0,0,0,0,0,0,0,0,0,0,0,0,0,0,0,0,0,0,0,0,0,0,0,0.069660207,0,0,0,0,0,0,0,0,0,0,0,0,0,0,0,0,0,0,0,0,0,0,0,0,0,0.002964264,0.000823407,0,0,0,0,0,0,0,0,0,0,0,0,0,0,0,0,0,0,0,0,0,0,0,0,0,0
E160T1LT.04,3.39E-05,0,0,0,0,0,0,3.39E-05,0,0,0,0,0,0,0,0,0,0,0,0,0,0,6.79E-05,0,0,0,0.927523932,0.010217937,0,0,0,0,0,0,0,0,0.000543146,0,0,0,0,0,0,0,0,0,0,0,0,0,0,0,0,0,0,0,0,0,0,0,0,0,0,0,0,0,0,0,0,0,0,0,0,0,0,0.000169733,0.000543146,0,0,0,0,0,0,0,0.000135787,0,0,0,0.000169733,0,0,0,0,0,0.000135787,0,0,0,0,0,0,0,0,0,0,0,0,0,0,0,0,0,0,0,0,0,0,0,0,0,0,0,0,0,0,0,0,0,0,0.000237626,0,0,0,0,0,0,0.004345169,0,0,0,0,0.000441306,0,0,0.023762645,0.000441306,0,0,0,0.026648109,0,0,0,0,0,0,0,0.000271573,0,0,0,0.000611039,0,0,3.39E-05,0,0,0,0,0,0,0,0,0,0,0,0,0,0,0,0,0,0,0,0,0,0,0,0,0,0,0,0,0,0,0,0,0,0,0,0,0.002681784,0,0,0,0,0,0,0,0,0,0,0,0,0,0,0,0,3.39E-05,0,0,0,0,0,0.000611039,0,0,0,0,0,0,0,0,0,0,0,0,0,3.39E-05,0,0,0,0,0.00010184,0,0,0,0,0,0,6.79E-05,0.00010184,0,0,0,0,0,0,0,0,0,0,0,0,0,0,0,0,0,0,0,0,0,0,0,0,0,0
K160V0Y9.04,0,0,0,0,0,0,0,0,0,0,0,0,0,0,0,0,0,0,0,0,0,0,0.000116328,0,0,0,0.000674701,0,0,0,0,0,0,0,0,0,0,0,0.001628589,0,0,0,0,0,0,0,0,0,0,0,0,0,0,0,0,0,0,0,0,0,0,0,0,0,0,0,0,0,0,0,0,0,0,0,0,0.000721232,0.00041878,0,0,0,0,0.000721232,0,0,0,0,0,0.000372249,0,0,0,0,0,0,0,0,0,0,0,0,0,0,0,0,0,0,0,0,0,0,0,0,0,0,0,0,0,0,0,0,0,0,0,0,0,0,0,0,0,0.000116328,0,0,0,0,0,0,4.65E-05,0,0,0,0,0.00083756,0,0,9.31E-05,0.000581639,0,0,0,0.734214322,0,0,0,0,0,0,0,0,0,0,0,0.000255921,0,0,0,0,0,0,0,0.000511842,0,0,0,0,0,0,0,0,0,0,0,0,0,0,0,0.00020939,0,0,0,0,0,0,0,0,0,0,0,0,0,0,0,0,0,0,0,0,0,0,0,0,0,0,0,0,0,0,0,0,0,0,0,0,0,0,0.004420455,0,0,0,0,0,0,0,0,0,0,0,0,0,0,0,0,0,0,0,0,0,0,0,0,0,0.014634033,0.239123354,9.31E-05,0,0,0,0,0,0,0,0,0,0,0,0,0,0,0,0,0,0,0,0,0,0,0,0,0.00020939
D160SWLF.04,0,0,0,0,0,0,0,0,0,0,0,0,0,0,0,0,0,0,0,0,0,0,0,0,0,0,0.052133392,0,0,0,0,0,0,0,0.008883064,0,0,0.013178972,0.014234746,0,0,0,0,0,0,0,0.002876074,0,0,0,0,0,0,0,0,0,0,0,0,0,0,0,0,0,0,0,0,0,0,0,0,0,0,0,0,7.28E-05,0.00491481,0,0,0,0,0,0,0,0,0,0,0,0.00327654,0,0,0,0,0,0,0,0,0,0,0,0,0,0,0,0,0,0,0,0,0,0,0,0,0,0,0,0,0,0,0,0,0,0,0,0,0,0,0,0,0.001055774,0,0,0,0,0,0,0.051805738,0,0,0,0,0,0,0,0.002948886,0,0,0,0,0.111584389,0,0,0,0,0,0,0,0.012778506,0,0,0.009210718,0,0,0,0,0,0,0,0,0.010266492,0,0,0,0,0,0,0,0,0,0,0,0,0,0,0,0,0,0,0,0,0.632991117,0,0,0.019003932,0,0.002439202,0,0,0,0,0,0,0,0,0,0,0,0,0,0,0.035568662,0,0,0,0,0,0,0,0,0,0,0,0,0,7.28E-05,0,0,0,0,0,0,0,0,0,0,0,0,0,0,0,0,0,0,0.010703364,0,0,0,0,0,0,0,0,0,0,0,0,0,0,0,0,0,0,0,0,0,0,0,0,0,0,0,0,0,0,0,0,0,0
F160SV04.04,0,0,0,0,0,0,0,0,0,0,0,0,0,0,0,0,0,0,0,0,0,0,0,0,0,0,0.606466315,0,0,0,0,0,0,0,0,0,0,0,0,0,0,0,0,0,0,0,0.001851588,0,0,0,0,0,0,0,0,0,0,0,0,0,0,0,0,0,0,0,0,0,0,0,0,0,0,0,0,0,0,0,0,0,0,0,0,0,0,0,0,0,0,0,0,0,0,0,0.005982054,0,0,0,0,0,0,0,0,0,0,0,0,0,0,0,0,0,0,0,0,0,0,0,0,0,0,0,0,0,0,0,0,0,0,0.011014575,0,0,0,0,0,0,0.238807387,0,0,0,0,0,0,0,0,0,0,0,0,0.135308361,0,0,0,0,0,0,0,0,0,0,0,0,0,0,0,0,0,0,0,0,0,0,0,0,0,0,0,0,0,0,0,0,0,0,0,0,0,0,0,0,0,0,0,0,0,0,0,0,0,0,0,0,0,0,0,0,0,0,0,0,0,0,0,0,0,0,0,0,0,0,0,0,0,0,4.75E-05,0,0,0,0,0,0,0,0,0,0,0,0,0,0,0,0,0,0,0,0,0,0,0,0,0,0,0.000522243,0,0,0,0,0,0,0,0,0,0,0,0,0,0,0,0,0,0,0,0,0,0,0,0,0,0
F160QSZ8.04,0,0,0,0,0,0,0,0,0,0,0,0,0,0,0,0,0,0,0,0,0,0,0,0,0,0,0.000251889,0,0,0,0,0,0,0,0,0,0,0,0,0,0.000251889,0,0,0,0,0,0.000503778,0,0,0,0,0,0,0,0,0,0,0,0,0,0,0,0,0,0,0,0,0,0,0,0,0,0,0,0,0.000251889,0,0,0,0,0,0,0,0,0,0,0,0,0,0,0,0,0,0,0,0,0,0,0,0,0,0,0,0,0,0,0,0,0,0,0,0,0,0,0,0,0,0,0,0,0,0,0,0,0,0,0,0,0,0.040134341,0,0,0,0,0,0,0.949118388,0,0,0,0,0,0,0,0,0,0,0,0,0.001259446,0,0,0,0,0,0,0,0,0,0,0,0,0,0,0,0,0,0,0,0,0,0,0,0,0,0,0,0,0,0,0,0,0,0,0,0,0,0,0,0,0,0,0,0,0,0.008060453,0,0,0,0,0,0,0,0,0,0,0,0,0,0,0,0,0,0,0,0,0,0,0,0,0,0,0,0,0,0,0.000167926,0,0,0,0,0,0,0,0,0,0,0,0,0,0,0,0,0,0,0,0,0,0,0,0,0,0,0,0,0,0,0,0,0,0,0,0,0,0,0,0,0,0,0,0,0,0,0,0,0,0,0
G160QNB9.04,0,0,0,0,0,0,0,0,0,0,0,0,0,0,0,0,0,0,0,0,0,0,0,0,0,0,0,0,0,0,0,0,0,0,0,0,0,0.000125476,0,0,0,0,0,0,0,0,0,0,0,0,0,0,0,0,0,0,0,0,0,0,0,0,0,0,0,0,0,0,0,0,0,0,0,0,0,0,0,0,0,0,0,0,0,0,0,0,0,0,0,0,0,0,0,0,0,0,0,0,0,0,0,0,0,0,0,0,0,0,0,0,0,0,0,0,0,0,0,0,0,0,0,0,0,0,0,0,0,0,0,0.044334769,0,0,0,0,0,0,0.955539755,0,0,0,0,0,0,0,0,0,0,0,0,0,0,0,0,0,0,0,0,0,0,0,0,0,0,0,0,0,0,0,0,0,0,0,0,0,0,0,0,0,0,0,0,0,0,0,0,0,0,0,0,0,0,0,0,0,0,0,0,0,0,0,0,0,0,0,0,0,0,0,0,0,0,0,0,0,0,0,0,0,0,0,0,0,0,0,0,0,0,0,0,0,0,0,0,0,0,0,0,0,0,0,0,0,0,0,0,0,0,0,0,0,0,0,0,0,0,0,0,0,0,0,0,0,0,0,0,0,0,0,0,0,0,0,0,0,0,0,0,0
C160P4Y8.04,0,0,0,0,0,0,0,0,0,0,0,0,0,0,0,0,0,0,0,0,0,0,0.001262,0,0,0,0.001307072,0,0,0,0,0,0,0,0,0,0,0,0,0,0,0,0,0,0,0,0.012124217,0,0,0,0,0,0,0,0,0,0,0,0.014332717,0,0,0,0,0,0,0,0,0,0,0,0,0,0,0,0.061207013,0,0,0,0,0,0.107540452,0,0,0,0,0,0,0,0,0,0.059584441,0,0,0,0,0,0,0,0,0,0,0,0,0,0,0,0,0,0,0,0,0,0,0,0,0,0,0,0,0,0,0,0,0,0,0,0,0,0,0,0,0,0,0,0,0,0.000135214,0,0,0,0,0,0,0,0,0,0,0.005543787,0,0.022580791,0,0,0,0,0,0,0,0.118402668,0,0,0.513408753,0,0,0,0.069725515,0,0,0,0,0,0,0,0,0,0,0,0,0,0,0,0,0,0,0,0,0,0,0,0,0,0,0,0,0,0,0.003560644,0,0,0,0,0,0,0,0,0,0,0,0,0,0,0.003966287,0,0,0,0,0.001757786,0,0,0,0,0,0,0,0,0,0,0,0,0,0,0,0,0,0,0,0,0,0,0,0,0,0,0,0,0,0,0,0,0,0,0,0,0,0,0,0,0,0,0,0,0,0,0,0,0,0,0,0,0,0,0,0,0,0,0,0,0,0.003560644
F160P2XB.04,0.000251876,0,0,0,0,0,0,0,0,0,0,0,0,0,0,0,0,0,0,0,0,0,0,0,0,0,5.04E-05,0,0,0,0,0,0,0,0,0,0,0,0,0,0,0,0,0,0,0,0.000352627,0,0,0,0,0,0,0,0,0,0,0,0,0,0,0,0,0,0,0,0,0,0,0,0,0,0,0,0,0,0,0,0,0,0,0,0,0,0,0,0,0,0,0,0,0,0,0,0,0,0,0,0,0,0,0,0,0,0,0,0,0,0,0,0,0,0.001662385,0,0,0,0,0,0,0,0,0,0,0,0,0,0,0,0,0.093345423,0,0,0.002720266,0,0,0,0.875976021,0,0,0,0.005339781,0,0,0,0,0,0,0,0,0.005188655,0,0,0,0,0,0,0,0,0,0,0,0,0,0,0,0,0,0,0,0,0,0,0,0,0,0,0,0,0,0,0,0,0,0,0,0,0,0.00599466,0,0,0,0,0,0,0,0,0,0,0,0,0,0,0,0,0,0,0.000453378,0,0,0,0,0,0.00256914,0,0,0,0,0,0,0,0,0,0,0,0,0,0,0,0,0,0,0,0,0,0,0,0,0,0,0,0,0,0,0,0,0,0,0,0,0,0,0,0,0,0,0,0,0,0,0,0,0,0,0,0,0,0,0,0,0,0,0,0,0,0,0.00599466,0,0.000100751
B160P4PM.04,0,0,0,0,0,0,0,0,0,0,0,0,0,0,0,0,0,0,0,0,0,0,0,0,0,0,4.26E-05,0,0,0,0,0,0,0,0,0,0,0,0,0,0,0,0,0,0,0,0.000681402,0,0,0,0,0,0,0,0,0,0,0,0,0,0,0,0,0,0,0,0,0,0,0,0,0,0,0,0,0,0,0,0,0,0,0,0,0,0,0,0,0,0,0,0,0,0,0,0,0,0,0,0,0,0,0,0,0,0,0,0,0,0,0,0,0,0,0,0,0,0,0,0,0,0,0,0,0,0,0,0,0,0,0.032707295,0,0,0,0,0,0,0.925854947,0,0,0,8.52E-05,0.001107278,0,0,0,0,0,0,0,0.038967676,0,0,0,0,0,0,0,0,0,0,0,0,0,0,0,0,0,0,0,0,0,0,0,0,0,0,0,0,0,0,0,0,0,0,0,0,0,0,0,0,0,0,0,0,0,0,0,0,0,0,0,0,0,0,0,0,0,0,0,0,0,0,0,0,0,0,0,0,0,0,0,0,0,0,0,0,0,0,0,0,0,0,0,0,0,0,0,0,0,0,0,0,0,0,0,0,0,0,0,0,0,0,0,0,0,0,0,0,0,0,0,0,0,0,0,0,0,0,0,0,0,0,0,0,0,0,0,0.000553639
D160QVQ0.04,0,0,0,0,0,0,0,0.019593518,0,0,0,0,0,0,0,0,0.002258236,0,0,0,0,0,0.000132837,0,0,0,0.062632837,0,0,0,6.64E-05,0,0,0,0.000199256,0,0,0,0.001992561,0,6.64E-05,0,0,0,0,0,0.000265675,0,0,0,0,0,0,0,0,0,0,0,0,0,0,0,0,0,0,0,0,0,0,0,0,0,0,0,0,0.000332094,0.001594049,0,0,0,0,0.000464931,0,0,0,0,0,0,0,0,0,0,0,0,0,0,0,0,0,0,0,0,0,0,0,0,0,0,0,0,0,0,0,0,0,0,0,6.64E-05,0,0,0,0,0,0,0,0,0,0,0,0.013084485,0,0,0,0,0,0,0.051939426,0,0,0,0.000265675,0.011822529,0,0,0.000863443,0.001992561,0,0,0,0.781349628,0,0,0,0,0.004582891,0,0,0,0,0,0,0.002457492,0,0,0.000797024,0,0,0,0,6.64E-05,0,0,0,0,0,0,0,0,0,0,0,0,0,0,0,0.018862912,0,6.64E-05,0,0,0,0,0,0,0,0,0,0,0.001328374,0,0,0.003121679,0,0,0,0,0,0,0,0,0,0,0,0,0,0.000730606,0,0.00053135,0.005579171,0,0,0,0,0,0.008169501,0,0,0,0,0,0,0,0,0,0,0,0,0,0,0,0,0,0,0.000863443,0,0,0,0,0,0,0,0.001328374,0.000199256,0,0,0.000332094,0,0,0,0,0,0,0,0,0,0,0,0,0,0,0,0,0,0,0,0,0,0
E160NVV7.04,0,0,0,0,0,0,0,0,0,0,0,0,0,0,0,0,0,0,0,0,0,0,0,0,0,0,0.126519556,0,0,0,0,0,0,0,0,0,0,0,0,0,0,0,0,0,0,0,0,0,0,0,0,0,0,0,0,0,0,0,0,0,0,0,0,0,0,0,0,0,0,0,0,0,0,0,0,0,0,0,0,0,0,0,0,0,0,0,0,0,0,0,0,0,0,0,0,0,0,0,0,0,0,0,0,0,0,0,0,0,0,0,0,0,0,0,0,0,0,0,0,0,0,0,0,0,0,0,0,0,0,0.09444371,0,0,0,0,0,0,0.679340645,0,0,0,0.000132135,0,0,0,0,0,0.000759778,0,0,0.098275634,0,0,0,0,0,0,0,0,0,0,0,0,0,0,6.61E-05,0,0,0,0,0,0,0,0,0,0,0,0,0,0,0,0,0,0,0,0,0,0,0,0,0,0,0,0,0,0,0,0,0,0,0,0,0,0,0,0,0,0,0,0,0,0,0,0,0,0,0,0,0.000264271,0,0,0,0,0,0,0.000132135,0,0,0,0,0,0,0,0,0,0,0,0,0,0,0,0,0,0,0,0,0,0,0,0,0,0,0,0,0,0,6.61E-05,0,0,0,0,0,0,0,0,0,0,0,0,0,0,0,0,0,0,0,0,0,0
C160PSD5.04,4.83E-05,0,0,0,0,0,0,0,0,0,0,0,0,0,0,0,0,0,0,0,0,0,0.000168939,0,0,0,0.856884277,0,0,0,0,0,0,0,0,0,0,0,0,0,0,0,0,0,0,0,0.000168939,0,0,0,0,0,0,0,0,0,0,0,0,0,0,0,0,0,0,0,0,0,0,0,0,0,0,0,0,2.41E-05,0,0,0,0,0,0,0,0,0,0,0,0,0,0,0,0,0,0,0,0,0,0,0,0,0,0,0,0,0,0,0,0,0,0,0,0,0,0,0,0,0,0,0,0,0,0,0,0,0,0,0,0,0,0.006202486,0,0,0,0,0,0,0.107107518,0,0,0,0.000168939,0.000144805,0,0,0.025582237,9.65E-05,0,0,0,0.003209847,0,0,0,0,0,0,0,0,0,0,0,9.65E-05,0,0,0,0,0,0,0,0,0,0,0,0,0,0,0,0,0,0,0,0,0,0,0,0,0,0,0,0,0,0,0,0,0,2.41E-05,0,0,4.83E-05,0,0,0,0,0,0,0,0,0,0,0,0,0,0,0,0,0,0,0,2.41E-05,0,0,0,0,0,0,0,0,0,0,0,0,0,0,0,0,0,0,0,0,0,0,0,0,0,0,0,0,0,0,0,0,0,0,0,0,0,0,0,0,0,0,0,0,0,0,0,0,0,0,0,0,0,0,0,0,0,0,0
D160R45Y.04,0,0,0,0,0,0,0,0,0,0,0,0,0,0,0,0,0,0,0,0,0,0,0,0,0,0,0.096586465,0,0,0,0,0,0,0,0,0,0,0,0,0,0,0,0,0.000750915,0,0,0.008166203,0,0,0,0,0,0,0,0,0,0,0,0,0,0,0,0,0,0,0,0,0,0,0,0,0,0,0,0,0,0,0,0,0,0,0,0,0,0,0,0,0,0,0,0,0,0,0,0,0,0,0,0,0,0,0,0,0,0,0,0,0,0,0,0,0,0,0,0,0,0,0,0,0,0,0,0,0,0,0,0,0,0,0.044429148,0,0,6.26E-05,0,0,0,0.788805106,0,0,0,0.000281593,0,0,0,0,0,0.02412315,0,0,0.022089421,0,0,0,0,0,0,0,3.13E-05,0,0,0,0,0,0,0,0,0,0,0,0,0,0,0,0,0,0,0,0,0,0,0,0,0,0,0,0,0,0,0,0,0,0,0,0,0,0,0,0,0,0,0,0,0,0,0,0,0,0,0,0,0,0,0,0,0,0,0,0,0,0,0,0,0,0,3.13E-05,0,0.000250305,0,0,0,0,0,0,0,0,0,0,0,0,0,0,0,0,0,0,0,0,0,0,0,0.000531898,0.000125153,0.01373549,0,0,0,0,0,0,0,0,0,0,0,0,0,0,0,0,0,0,0,0,0,0,0,0,0
C160PRDR.04,7.49E-05,0,0,0,0,0,0,0,0,0,0,0,0,0,0,0,0,0,0,0,0,0,0,0,0,0,0.829296309,0,0,0,0,0,0,0,0,0,0,0,2.50E-05,0,0,0,0,0,0,0,4.99E-05,0,0,0,0,0,0,0,0,0,0,0,0,0,0,0,0,0,0,0,0,0,0,0,0,0,0,0,0,0,7.49E-05,0,0,0,0,0,0,0,0,0,0,0,0,0,0,0,0,0,0,0,0,0,0,0,0,0,0,0,0,0,0,0,0,0,0,0,0,0,0,0,0,0,0,0,0,0,0,0,0,0,0,0,0,0.003071468,0,0,0,0,0,0,0.137591769,0,0,0,0.000249713,0,0,0,0.022449183,0,0,0,0,0.001847875,0,0,0,0,0,0,0,0,0,0,0,0,0,0,0.000374569,0,0,0,0,0,0,0,0,0,0,0,0,0,0,0,0,0,0,0,0,2.50E-05,0,0,0,0,0,0,0,0,0,0,0,0,0,0,0,0,0,0,0,0,0,0,0,0,0,0,0,0,0,0,0,0,2.50E-05,0,0,0,0,0,2.50E-05,0,0,0,0,0,0,0,0,0,0,0,0,0,0,0,0,0,0,0,0,0,0,0,0,0,0,0.004819458,0,0,0,0,0,0,0,0,0,0,0,0,0,0,0,0,0,0,0,0,0,0,0,0,0,0
K160Q2KP.04,8.27E-05,0,0,0,0,0,0,0,0,0,0,0,0,0,0,0,0,0,0,0,0,0,8.27E-05,0,0,0,0.882207068,0,0,0,0,0,0,0,0,0,0,0,0.000413309,0,0,0,0,0,0,0,0.000867948,0,0,0,0,0,0,0,0,0,0,0,0,0,0,0,0,0,0,0,0,0,0,0,0,0,0,0,0,0,8.27E-05,0,0,0,0,0,0,0,0,0,0,0,0.000785286,0,0,0,0,0,0,0,0,0,0,0,0,0,0,0,0,0,0,0,0,0,0,0,0,0,0,0,0,0,0,0,0,0,0,0,0,0,0,0,0,0.003719777,0,0,0,0,0,0,0.076131432,0,0,0,0.000247985,0,0,0,0.000578632,0.002603844,8.27E-05,0,0,0.026410415,0,0,0,0,0,0,0,0,0,0,0,0.001281256,0,0,0.000785286,0,0,0,0,0,0,0,0,0,0,0,0,0,0,0,0,0,0,0,0,0,0,0,0,0,0,0,0.001115933,0,0,0,0,0,0,0,0,0,0,0,0,0,0,0,0,0,0,0,0,0,0,0,0,0,0.00194255,0,0,0,0,0,0.000123993,0,0,0,0,0,0,0,0,0,0,0,0,0,0,0,0,0,0,0,0,0,0,0,0,0,0,0.000123993,0,0,0,0,0,0,0,0,0,0,0,0,0,0.000330647,0,0,0,0,0,0,0,0,0,0,0,0
A160PXLS.04,0,0,0,0,0,0,0,0,0,0,0,0,0,0,0,0,0,0,0,0,0,0,0,0,0,0,0.122963093,8.81E-05,0,0,0,0,0,0,0,0,0,0,0.000176165,0,0,0,0,0,0,0,0,0,0,0,0,0,0,0,0,0,0,0,0,0,0,0,0,0,0,0,0,0,0,0,0,0,0,0,0,0,0,0,0,0,0,0,0,0,0,0,0,0.003875628,0,0,0.00361138,0,0,0,0,0,0,0,0,0,0,0,0,0,0,0,0,0,0,0,0.000440412,0,0,0,0,0,0,0,0,0,0,0,0.025367744,0,0,0,0,0,0,0.095217123,0,0,0,0,0,0,0.215801991,0,0,0,0.000264247,0.027569805,0,0,0.181626002,0,0,0,0,0.288470008,0,0,0,0,0,0,0,0,0,0,0,8.81E-05,0,0,8.81E-05,0,0,0,0,0,0,0,0,0,0,0,0,0,0,0,0,0,0,0,0,0.001233154,0,0,0,0.001321237,0,0,0.001056989,0,0,0.000264247,0,0,0,0,0,0.003523298,0,0,0,0,0,0,0,0,0,0,0,0,0,0,0,0.006341936,0.020082797,0,0,0,0,0,0,0,0,0,0,0,0,0,0,0,0,0,0,0,0,0,0,0,0,0,0,0,0,0,0,0,0,0,0.00035233,0,0,0.000176165,0,0,0,0,0,0,0,0,0,0,0,0,0,0,0,0,0,0,0,0,0,0
H160R4DF.04,0,0,0,0,0,0,0,0,0,0,0,0,0,0,0,0,0,0,0,0,0,0,0.004951456,0,0,0,0.016796117,0.000355987,0,0,0,0,0,0,0,0,0,0.000485437,0.011294498,0,0.000323625,0,0,0,0.000161812,0,0.001003236,0,0,0,0,0,0,0,0,0,0,0,0.000291262,0,0,0,0,0,0,0,0,0,0,0,0,0,0,0,0,0.001165049,0.001779935,0,0,0,0,0.000776699,0,0,0,0,0,0,0,0,0,0,0,0,0,0,0,0,0,0,0,0,0,0,0,0,0,0,0,0,0,0,0,0,0,0,0,0,0,0,0,0,0,0,0,0.000711974,0,0,0,0.000841424,0,0,0,0,0,0,0.000776699,0,0,0,0,0.001521036,0,0,0.004239482,0.006763754,0,0,0,0.142524272,0,0,0,0,0.000517799,0,0,0.000453074,0,0.000291262,0,0.01407767,0,0,0.000226537,0,0.00038835,0,0,0.006957929,0,0,0,0,0,0,0,0,0,0,0,0,0,0,0,0,0,0,0,0,0,0,0,0,0,0,0,0,0,0,0,0,0,0,0,0,0,0,0,0,0,0,0,0,0,0,0,0,9.71E-05,0,0,0,0,0,0.043786408,0,0,0,0,0,0,0,0,0,0,0,0,0,0,0,0,0,0,0,0,0,0,0,0,0,0.000355987,0.73605178,0,0,0,0,0,0,0,0,0,0,0,0,0,0,3.24E-05,0,0,0,0,0,0,0,0,0,0,0
E160PC2L.04,0,0,0,0,0,0,0,0,0,0,0,0,0,0,0,0,0,0,0,0.000396208,0,0,0.000113202,0,0,0,0.000594312,0,0,0,0,0,0,0,0,0,0,0,0,0,0,0,0,0.000424508,0,0,0.000169803,0,0,0,0,0,0,0,0,0,0,0,0.001358426,0,0,0,0,0,0,0,0,0,0.000113202,0,0,0,0,0,0,0.000198104,0.006367624,0,0,0,0,0.000283006,0,0,0,0,0,0,2.83E-05,0,0,0,0,0,0,0,0,0,0,0,0,0,0,0,0,0,0,0,0,0,0,0,0,0,0,0,0,0.000283006,0,0,0,0,0,0,0,0,0,0,0,0.00152823,0,0,0,0,0,0,0.046554408,0,0,0,0,0.000566011,0,0,0,0.002150842,0,0,0.000679213,0.191651337,0,0,0,0,0,0,0,0.002886656,0,0,0,0.008235461,0,0,0,0,0,0,0,0,0,0,0,0,0,0,0,0,0,0,0,0,0,0,0,0.000254705,0,0,0,0,0,0,0,0,0.000254705,0,0,0,0,0,0,0,0,0.000566011,0,0,0,0,0,0,0.000452809,0,0,0,0,0,0,0.000283006,0,0,0,0,0,0,0,0,0,0,0,0,0,0,0,0,0,0,0,0,0,0,0,0,0,0.000566011,0,0,0,0,0,0,0,0.733040894,0,0,0,0,0,0,0,0,0,0,0,0,0,0,0,0,0,0,0,0,0,0,0,0,0,0
E160PQHX.04,0,0,0,0,0,0,0,0,0,0,0,0,0,0,0,0,0,0,0,0,0,0,8.39E-05,0,0,0,0.606686394,0,0,0,0,0,0,0,0,0,0,0,0.000125921,0,0,0,0,0,0,0,0.000230855,0,0,0,0,0,0,0,0,0,0,0,4.20E-05,0,0,0,0,0,0,0,0,0,0,0,0,0,0,0,0,0,0,0,0,0,0,0,0,0,0,0,0,0,6.30E-05,0,0,0,0,0,0,0,0,0,8.39E-05,0,0,0,0,0,0,0,0,0,0,0,0,0,0,0,0,0,0,0,0,0,0,0,0,0,0,0,0,0,0,0.000251842,0,0,0,0,0,0,0.001091314,0,0,0,0,0.000440723,0,0,0.25841046,0,0,6.30E-05,0,0.025792776,0,0,0,0,0.000860459,0,0,0,0,0,0,0.000272828,0,0,0.000146908,0,0,0,0,0.000104934,0,0,0,0,0,0,0,0,0,0,0,0,0,0,0,0,0,0,0,0,0,0,0,0,0,0,0,0,0,0,0,4.20E-05,0,0,0,0,0,0,0,0,0,0,0,0,0,0,0,0,0,0,0,0,0,0,4.20E-05,0,0,0,0,0,0,0,0,0,0,0,0,0,2.10E-05,0,0,0,0,0,0,0,0,0,0,0,0,0.105143865,0,0,0,0,0,0,0,0,0,0,0,0,0,0,0,0,0,0,0,0,0,0,0,0,0,0
K160RD5V.04,0,0,0,0,0,0,0,0,0,0,0,0,0,0,0,0,0,0,0,0.000198934,0,0,0.002586138,0,0.00023872,0,0.028129227,0.000397867,0,0,0,0,0,0,0.000159147,0,0,0.00023872,0.004177608,0,0,0,0,0,0,0,0.00171083,0,0,0,0,0,0,0,0,0,0,0,0.000517228,0,0,0,0,0,0,0,0,0,0,0,0,0,0,0,0,0.144982892,0.016153418,0,0,0,0,0.00672396,0,0,0,0,0,0,0.00011936,0,0,0,0,0,0,0,0,0,0,0,0,0,0,0,0,0,0,0,0,0,0,0,0,0,0,0,0,0,0,0,0,0,0,0,0,0,0,0,0,0.000557014,0,0,0.000198934,0,0,0,0.000994669,0,0,0,0,0.011418795,0,0,0.002148484,0.003063579,0,0.000159147,0.000477441,0.086297446,0,0,0.000358081,0,0,0,0,0.002387205,0,0.00696268,0,0.006405666,0,0,0.036166149,0,0.000835522,0,0.035091907,0.015675977,0,0,0,0,0,0,0,0,0,0,0,0,0,0,0,0,0,0,0,0,0,0,0,0,0,0,0,0,0,0,0,0,0,0.000915095,0,0,0,0,0,0,0.001233389,0,0,0,0,0,0,0.00011936,0.000716161,0,0,0,0,0,0.003899101,0,0,0,0,0,0,0,0,0,0,0,0,0,0.002665712,0,0,0,0,0.000318294,0,0,0,0,0,0,0,0.552956155,0,0,0,0.000159147,0,0,0,0,0.005848651,0,0,0,0,0.000159147,0,0,0,0.015477043,0,0,0,0,0,0,0,0
E160R12R.04,0.000125846,0,0,0,0,0,0,0,0,0,0,0,0,0,0,0,0,0,0,0,0,0,6.29E-05,0,0,0.000125846,0.000629228,0,0.00113261,0,0,0,0,0,0,0,0,0,0.001541608,0,0,0,0,0,0,0,0.000534843,0,0,0,0,0,0,0,0,0,0,0,0,0,0,0,0,0,0,0,0,0,0,0,0,0,0,0,0,0.001573069,0.001258455,0,0,0,0,0.000251691,0,0,0,0,0,0,0,0,3.15E-05,0,0,0,0,0,0,0,0,0,0,0,0,0,0,0,0,0,0,0,0,0,0,0,0,0,0,0,0,0,0,0,0,0,0,0,0,0,0,0.002579833,0,0,0,0,0,0,0.000975303,0,0,0,0,0.008022652,0,0,0.000157307,0.001101148,0,0,0,0.902375334,0,0,0,0,0,0,0,0.000503382,0,0,0,6.29E-05,0,0,0,0,0,0,0.000157307,0.008809187,0,0,0,0,0,0,0,0,0,0,0,0,0,0,0,0.000597766,0,0,0,0,0,0,0,0,0,0.000471921,0,0,0.000503382,0,0,0.000125846,0,0.000566305,0,0,0,0,0,0,0.003460752,0,0,0,0,0,0,3.15E-05,0.000157307,0,0,0,0,0,0.011263174,0,0,0,0,0,0,0,0,0,0,0,0,0,0,0,0,0,0,0,0,0,0,0,0,0,9.44E-05,0.050464055,0,0,0,0.000157307,0,0,0,0,0,0,0,0,0,0,9.44E-05,0,0,0,0,0,0,0,0,0,0,0
G160R978.04,0,0,0,0,0,0,0,0,0,0,0,0,0,0,0,0,0,0,0,0,0,0,0.000854955,0,0,0,0.129767304,3.72E-05,0,0,7.43E-05,0,0,0,0.000148688,0,0,0.000148688,0.001040815,0,0,0,0,0,0,0,0.000557579,0,0,0,0,0,0,0,0,0,0,0,0,0,0,0,0,0,0,0,0,0,0,0,0,0,0,0,0,0.001598394,0.001486878,0,0,0,0,0.001858598,0,0,0,0,0,0,0.000148688,0,0,0,0,0,0,0,0,0,0,0,0,0,0,0,0,0,0,0,0,0,0,0,0,0,0,0,0,0,0,0,0,0,0,0,0,0,0,0,0,0.000111516,0,0,0,0,0,0,0.00018586,0,0,0,0,7.43E-05,0,0,3.72E-05,0.000706267,0,0.001932942,0,0.372797562,0,0,0,0,0,0,0,3.72E-05,0,0,0,0.002564865,0,0,0.000148688,0,0.000223032,0,0,0.002044458,0,0,0,0,0,0,0,0,0,0,0,0,0,0,0,0.00018586,0,0,0,0,0,0,0,0,0,0,0,0,0.000223032,0,0,0,0,0,0,0,0,0.000111516,0,0,7.43E-05,0,0,0,0,0,0,0,0.000631923,0,0,0,0,0,0.002862241,0,0,0,0,0,0,0,0,0,0,0,0,0,0,0,0,0,0,0,0,0,0,0,0,0,0,0.477325106,0,0,0,0,0,0,0,0,0,0,0,0,0,0,0,0,0,0,0,0,0,0,0,0,0,0
J160QPSG.04,6.06E-05,0,0,0,0,0,0,0,0,0,0,0,0,0,0,0,0,0,0,0,0,0,0.000939479,0,0,0,0.082007455,0,3.03E-05,0,0,0,0,0,9.09E-05,0,0,0,0.000181835,0,0,0,0,0.000181835,0,0,0.000272752,0,0,0,0,0,0,0,0,0,0,0,0,0,0,0,0,0,0,0,0,0,0,0,0,0,0,0,0,0.001121314,0.002091099,0,0,0,0,0.000757645,0,0,0,0,0,0,3.03E-05,0,0,0,0,0,0,0,0,0,0,0,0,0,0,0,0,0,0,0,0,0,0.000272752,0,0,0,0,0,0,0,0,0,0,0,0,0,0,0,0,0,0,0.003030579,0,0,0,0,0,0,0.005545959,0,0,0,0,0.011425281,0,0,3.03E-05,0.00251538,0,0,0,0.811073734,0,0,0,0,0,0,0,0.000454587,0,3.03E-05,0,0.000393975,0,0,0,0,3.03E-05,0,0.000363669,0.001484983,0,0,0,0,0,0,0,0,0,0,0,0,0,0,0,0.00021214,0,0,0,0,0,0,0,0.000121223,0,9.09E-05,0,0,3.03E-05,0,6.06E-05,0.000272752,0,0,0,0,0,0,0,0,0.000121223,0,0,0,0,0,0,0,3.03E-05,0,0,0,0,0,0.026153893,0,0,0,0,0,0,0,0,0,0,0,0,0,0,0,0,0,0,0.000151529,0,0,0,0,0,0,0,0.048216505,0,0,0,6.06E-05,0,0,0,0,0,0,0,0,0,6.06E-05,0,0,0,0,0,0,0,0,0,0,0,0
G160QVS7.04,0,0,0,0,0,0,0,0,0,0,0,0,0,0,0,0,0,0,0,0,0,0,0.002560922,0,0.000240086,0,0.347405066,0,4.00E-05,0,0,0,0,8.00E-05,8.00E-05,0,0,0.000160058,0.00300108,0,0,0,0,0,0,0,0.000720259,0,0,0,0,0,0,0,0,0,0,0,0,0,0,0,0,0,0,0,0,0,0,0,0,0,0,0,0,8.00E-05,0.000240086,0,0,0,0,0,0,0,0,0,0,0,0.000160058,0,0,0,0,0,0,0,0,0,0,0,0,0,0,0,0,0,0,0,0,0,0,0,0,0,0,0,0,0,0,0,0,0,0,0,0,0,0,0,0,0.00064023,0,0,4.00E-05,0,0,0,0.000480173,0,0,0,0,0.003601296,0,0,0.148173342,0.013284783,0,8.00E-05,0,0.198391421,0.000120043,0,0.000400144,0,0,0,0,0.000480173,0,0,0,0.002841023,0,0,0,0,0.000320115,0,0,0.001880677,0,0,0,0,0,0,0,0,0,0,0,0,0,0,0,0.000120043,0,0,0,0,0,0,0.000200072,0,0,8.00E-05,0,0,0.000160058,0,0,0.000200072,0,0,0,0,0,0,0,0,0,0,0,0,0,0,0,0,8.00E-05,0,0,0,0,0,0.017726381,0,0,0,0,0,0,0,0,0,0,0,0,0,0,0,0,0,0,0,0,0,0,0,0,0,0,0.255932136,0,0,0,0,0,0,0,0,0,0,0,0,0,0,0,0,0,0,0,0,0,0,0,0,0,0
J160QJZ9.04,0,0,0,0,0,0,0,0,0,0,0,0,0,0,0,0,0,0,0,0,0,0,5.67E-05,0,0,0,0.003825772,0,0,0,0,0,0,0,0.000170034,0,0,5.67E-05,0.00031173,0,0,0,0,0,0,0,8.50E-05,0,0,0,0,0,0,0,0,0,0,0,0,0,0,0,0,0,0,0,0,0,0,0,0,0,0,0,0,0,0.000141695,0,0,0,0,0,0,0,0,0,0,0,0,0,0,0,0,0,0,0,0,0,0,0,0,0,0,0,0,0,0,0,0,0,0,0,0,0,0,0,0,0,0,0,0,0,0,0,0,0,0,0,0,2.83E-05,0,0,0,0,0,0,2.83E-05,0,0,0,0,0,0,0,0.002040411,8.50E-05,5.67E-05,2.83E-05,0,0.967211721,0,0,0,0,0,0,0,0,0,0,0,2.83E-05,0,0,0,0,0,0,0,2.83E-05,0,0,0,0,0,0,0,0,0,0,0,0,0,0,0,0,0,0.000113356,0,0,0,0,0,0,0,0.000226712,0,0,0,0,0,0,0,0,0,0,0,0,0,0,0,0,0,0,0,0,0,5.67E-05,0,0,0,0,0,0,0.000170034,0,0,0,0,0,0,0,0,0,0,0,0,0,0,0,0,0,0,0,0,0,0,0,0,0,0,0.025221753,0,0,0,2.83E-05,0,0,0,0,0,0,0,0,0,0,0,0,0,0,0,0,0,0,0,0,0,0
G160RS9W.04,0,0,0,0,0,0,0,0,0,0,0,0,0,0,0,0,0,0,0,0,0.00033976,0,0.000226507,0.000566267,0,0,0.049605028,0,0,0,0,0,0,0,0.001104222,0,0,0,8.49E-05,0,0,0,0,0,0,0,0.00016988,0,0,0,0,0,0,0,0,0,0,0,0,0,0,0,0,0,0,0,0,0,0,0,0,0,0,0.000396387,0,0.008748832,0,0,0,0,0,0.002293383,0,0,0,0,0,0,0.009088593,0,0,0,0,0,0,0,0,0,0,0,0,0,0,0,0,0,0,0,0,0,0,0,0,0,0,0,0,0,0,0,0,0,0,0,0,0,0,0,0,0.000764461,0,0,0,0,0,0,5.66E-05,0,0,0,0,0.004388573,0,0,0.012118123,0.001953623,0,2.83E-05,5.66E-05,0.02426456,0,0,0,0,0.000198194,0,0,0,0,0,0,0.001642176,0,0,0.00277471,0,0.000113253,0,2.83E-05,0.001189162,0,0,0,0,0,0,0,0,0,0,0,0,0,0,0,0,0,0,0,0,0,0,0,0,0,0,0,0,0,0,0,0.001075908,0,0,0,0,0,0,0,0,0,0,0,0,0,0.00025482,0,8.49E-05,0.002123503,0,0,0,0,0,0.007503044,0,0,0,0,0,0,0,0,0,0,0,0,0,0.000396387,0,0,0,0,0.000424701,0,0,0,0,0,0,0,0.789914777,0,0,0,0,0,0,0,0,0.000368074,0,0,0,0,0,0,0,0,0.075653331,0,0,0,0,0,0,0,0
C160PB6L.04,0,0,0,0,0,0,0,0,0,0,0,0,0,0,0,0,0,0,0,0,0,0,0,0,0,0,0.006955478,0,0,0,0,0,0,0,0,0,0,0,0,0,0,0,0,0,0,0,0.000247149,0,0,0,0,0,0,0,0,0,0,0,0,0,0,0,0,0,0,0,0,0,0,0,0,0,0,0,0,0,0,0,0,0,0,0,0,0,0,0,0,0,0,0,0,0,0,0,0,0,0,0,0,0,0,0,0,0,0,0,0,0,0,0,0,0,0,0,0,0,0,0,0,0,0,0,0,0,0,0,0,0,0,0.01468771,0,0,0,0,0,0,0.192634961,0,0,0,0,0,0,0,0,0,0,0,0,0.78021396,0,0,0,0,0,0,0,0,0,0,0,0,0,0,0.001871271,0,0,0,0,0,0,0,0,0,0,0,0,0,0,0,0,0,0,0,0,0,0,0,0,0,0,0,0,0,0,0,0,0,0,0,0,0,0,0,0,0,0,0,0,0,0,0,0,0,0,0,0,0,0,0,0,0,0,0,0.003248243,0,0,0,0,0,0,0,0,0,0,0,0,0,0,0,0,0,0,0,0,0,0,0,0,0,0,0.000141228,0,0,0,0,0,0,0,0,0,0,0,0,0,0,0,0,0,0,0,0,0,0,0,0,0,0
F160PP3N.04,3.37E-05,0,0,0,0,0,0,0,0,0,0,0,0,0,0,0,0,0,0,0,0,0,0,0,0,0,0.808725851,0,0,0,0,0,0,0,0,0,0,0,3.37E-05,0,0,0,0,0,0,0,3.37E-05,0,0,0,0,0,0,0,0,0,0,0,0,0,0,0,0,0,0,0,0,0,0,0,0,0,0,0,0,0,6.74E-05,0,0,0,0,0,0,0,0,0,0,0,0,0,0,0,0,0,0,0,0,0,0,0,0,0,0,0,0,0,0,0,0,0,0,0,0,0,0,0,0,0,0,0,0,0,0,0,0,0,0,0,0,0.009440642,0,0,0,0,0,0,0.128426447,0,0,0,0,0,0,0,0.048349573,3.37E-05,0,0,0,0.001112647,0,0,0,0,0,0,0,0,0,0,0,6.74E-05,0,0,3.37E-05,0,0,0,0,6.74E-05,0,0,0,0,0,0,0,0,0,0,0,0,0,0,0,0,0,0,0,0,0,0,0,0,0,0,0,0,0,0,0,0,0,0,0,0,0,0,0,0,0,0,0,0,0,0,0,0,0,0,0,0,0,0,0.000168583,0,0,0,0,0,0,0,0,0,0,0,0,0,0,0,0,0,0,0,0,0,0,0,0,0,0,0.003405374,0,0,0,0,0,0,0,0,0,0,0,0,0,0,0,0,0,0,0,0,0,0,0,0,0,0
K160PLLL.04,0,0,0,0,0,0,0,0,0,0,0,0,0,0,0,0,0,0,0,0,0,0,0,0,0,0,3.54E-05,0,0,0,0,0,0,0,0,0,0,0,0,0,0,0,0,0,0,0,3.54E-05,0,0,0,0,0,0,0,0,0,0,0,0,0,0,0,0,0,0,0,0,0,0,0,0,0,0,0,0,0,0,0,0,0,0,0,0,0,0,0,0,0,0,0,0,0,0,0,0,0,0,0,0,0,0,0,0,0,0,0,0,0,0,0,0,0,0,0,0,0,0,0.002904711,0,0,0,0,0,0,0,0,0,0,0,0.081225646,0,0,0,0,0,0.00021254,0.910768686,0,0,0,0,0.000141693,0,0,0,3.54E-05,0,0,0,0.001275239,0,0,0,0,0,0,0,0,0,0,0,3.54E-05,0,0,0,0,0,0,0,3.54E-05,0,0,0,0,0,0,0,0,0,0,0,0,0,0,0,0,0,0,0,0,0,0,0,0,0.000283386,0,0,0,0,0,0,0,0,0,0,0,0,0,0,0,0,0,0,0,0,0,0,0,0,0,0,0,0,0,3.54E-05,0,0,0,0,0,0,0,0,0,0,0,0,0,0,0,0,0,0,0,0,0,0,0,0,0,0,0.002975558,0,0,0,0,0,0,0,0,0,0,0,0,0,0,0,0,0,0,0,0,0,0,0,0,0,0
H160P6JQ.04,0,0,0,0,0,0,0,0,0,0,0,0,0,0,0,0,0,0,0,0,0,0,3.69E-05,0,0,0,0.005166242,0,0,0,0,0,0,0,0,0,0,0,0,0,0,0,0,0,0,0,7.38E-05,0,0,0,0,0,0,0,0,0,0,0,0,0,0,0,0,0,0,0,0,0,0,0,0,0,0,0,0,0,0,0,0,0,0,0,0,0,0,0,0,0,0.000627329,0,0,0,0,0,0,0,0,0,0,0,0,0,0,0,0,0,0,0,0,0,0,0,0,0,0,0,0,0,0,0,0,0,0,0,0,0,0,0,0,0.014613085,0,0,0,0,0,0,0.601682719,0,0,0,7.38E-05,0.000184509,0,0,0.000405919,0,0,0,0,0.375917931,0,0,0,0,0,0,0,0,0,0,0,0,0,0,0,0,0,0,0,0,0,0,0,0,0,0,0,0,0,0,0,0,0,0,0,0,0,0,0,0,0,0,0,0,0,0,0,0,0,0,0,0.000664231,0,0,0,0,0,0,0,0,0,0,0,0,0,0,0,0,0,0,0,0,0,0,0,0,0,0,0,0,0,0,0,0,0,0,0,0,0,0,0,0,0,0,0,0,0,0,0,0,0,0.000553526,0,0,0,0,0,0,0,0,0,0,0,0,0,0,0,0,0,0,0,0,0,0,0,0,0,0
F160Q31M.04,0,0,0,0,0,0,0,0,0,0,0,0,0,0,0,0,0,0,0,0,0,0,0,0,0,0,0.579590193,0,0,0,2.24E-05,0,0.000290802,0,0.000201324,0,0,0.000111847,0.000111847,0,0,0,0,0.000223694,0,0,0.000290802,0,0,0,0,0,0,0,0,0,0,0,0,0,0,0,0,0,0,0,0,0,0,0,0,0,0,0,0,0,0,0,0,0,0,0,0,0,0,0,0,0,0,0,0,0,0,0,0,0,0,0,0,0,0,0,0,0,0,0,0,0,0,0,0,0,0,0,0,0,0,0,0,0,0,0,0,0,0,0,0,0,0,0.000559234,0,0,0,0,0,0,0.000201324,0,0,0,0,0.000223694,0,0,0.040980673,0,0,0,0,0.375067108,0,0,0,0,0,0,0,0,0,0,0,0,0,0,0,0,0,0,0,0,0,0,0,0,0,0,0,0,0,0,0,0,0,0,0,0,0,0,0,0,0,0,0,0,0,0.000402649,0,0,0,0,0,0,0,0,2.24E-05,0,0,0,0,0,0.001207946,0,0,0,0,0,0,2.24E-05,0.000268432,0,0,0,0,0,0,0,0,0,0,0,0,0,0,0,0,0,0,0,0,0,0,0,0,8.95E-05,0,0,0,0,0,0,0,2.24E-05,0,0,0,8.95E-05,0,0,0,0,0,0,0,0,0,0,0,0,0,0,0,0,0,0,0,0,0,0
K160PTMM.04,4.14E-05,0,0,0,0,0,0,0,0,0,0,0,0,0,0,0,0,0,0,0,0,0,0.000579806,0,0,0,0.565062536,0,0,0,0,0,0,0,0,0,0,0,0.000621221,0,0,0,0,0,0,0,8.28E-05,0,0,0,0,0,0,0,0,0,0,0,0.001780833,0,0,0,0,0,0,0,0,0,0,0,0,0,0,0,0.000165659,0,0.005466744,0,0,0,0,0,0,0,0,0,0,0,0,0,0,0,0,0,0,0,0,0,0,0,0,0,0,0,0,0,0,0,0,0,0,0,0,0,0,0,0,0,0,0,0,0,0,0,0,0,0,0,0,0.000869709,0,0,4.14E-05,0,0,0,0.007330407,0,0,0,0,0,0,0,0.004969767,0.001366686,0,0,0,0.405450178,4.14E-05,0,0,0,0,0,0,0,0,0,0,0.005508159,0,0,0,0,0,0,0,0,0,0,0,0,0,0,0,0,0,0,0,0,0,0,0,0,0,0,0,0,0,0,0,0,0,4.14E-05,0,0,0,0,0,0,0,0,0,0,0,0,0,0,0,0,0,0,0,0,4.14E-05,0,0,0,0,0,0,0,0,0,0,0,0,0,0,0,0,0,0,0,0,0,0,0,0,0,0,0.000455562,0,0,0,0,0,0,0,4.14E-05,0,0,0,0,0,0,0,0,0,0,0,0,0,4.14E-05,0,0,0,0,0,0,0,0,0,0,0,0
G160RCQ5.04,0,0,0,0,0,0,0,0,0,0,0,0,0,0,0,0,0,0,0,0,0,0,0.000529171,0,0,0,0.060193147,0,0,0,0,0,0,0,0,0,0,0,0,0,0,0,0,0,0,0,0,0,0,0,0,0,0,0,0,0,0,0,0,0,0,0,0,0,0,0,0,0,0,0,0,0,0,0,0,0,0.00017639,0,0,0,0,4.41E-05,0,0,0,0,0,0,0,0,0,0,0,0,0,0,0,0,0,0,0,0,0,0,0,0,0,0,0,0,0,0,0,0,0,0,0,0,0,0,0,0,0,0,0,0,0,0,0,0.020417163,0,0,0,0,0,0,0.36570093,0,0,0,0.001278829,0,0,0,0,4.41E-05,0,0.000132293,0.001411121,0.54363452,0,0,0,0,0,0,0,0,0,0,0,0.001499316,0,0,0,0,0,0,0,0,0,0,0,0,0,0,0,0,0,0,0,0,0,0,0,0,0,0,0,0,0,0,0.000705561,0,0,4.41E-05,0,0,0,0,0,0,0,0,0,0,0,0,0,0.004145169,0,0,0,0,0,0,0,0,0,0,0,0,0,0,0,0,0,0,0,0,0,0,0,0,0,0,0,0,0,0,0,0,0,0,0,0,0,0,0,0,0,0,4.41E-05,0,0,0,0,0,0,0,0,0,0,0,0,0,0,0,0,0,0,0,0,0,0,0,0,0
F160PPZQ.04,0,0,0,0,0,0,0,0,0,0,0,0,0,0,0,0.000722987,0,0,0,0.000722987,0,0,0.002060514,0,0,0,0.083974985,0,0,0,0,0,0.000903734,0,0,0,0,0,0.000469942,0,0,0,0,0,0,0,3.61E-05,0,0,0,0,0,0,0,0,0,0,0,0.00115678,0,0,0,0,0,0,0,0,0,0,0,0,0,0,0,0,0.002024365,0.007121426,0,0,0,0,0.002096663,0,0,0,0,0,0,0.011387051,0,0,0,0,0,0.000253046,0,0,0,0,0,0,0,0,0,0,0,0,0,0,0,0,0,0,0,0,0,0,0,0,0,0,0,0,0,0,0,0,0,0,0.002024365,0,0,0,0,0,0,0.026172143,0,0,0,0,0.001301377,0,0,0,0.003361891,0,0,0.00343419,0.434443119,0,0,0,0,0,0,0,0.002205112,0,0,0,0.012977624,0,0,0.000289195,0,0,0,0,0.003542638,0,0,0,0,0,0,0,0,0,0,0,0,0,0,0,0.002638904,0,0,0,0.000939884,0,0,0.001012182,0,0.000867585,0,0,0,0,0,0,0,0,0.001084481,0,0,0,0,0,0,0,0,0,0,0,0,0,0,0,0,0,0,0,0,0.000108448,0,0,0,0,0,0,0,0,0,0,0,0,0,0,0,0,0,0,0.005856198,0,0,0,0,0,0,0,0.384737736,0,0,0,0,0,0,0,0,0,0,0,0,0,0,0,0,0,0,0,0,0,0,0,0,0,7.23E-05
K160Q4TM.04,0,0,0,0,0,0,0,0,0,0,0,0,0,0,0,0,0,0,0,0,0.000157749,0,0,0,0,0,0.327423019,0,0,0,0,0,0,0,0.000410146,0,0,0,0.000347047,0,0,0,0,0,0,0,0.000694094,0,0,0,0,0,0,0,0,0,0,0,0,0,0,0,0,0,0,0,0,0,0,0,0,0,0,0,0,0,0.000283948,0,0,0,0,0,0,0,0,0,0,0.001672135,6.31E-05,0,0,0,0,0,0,0,0,0,0,0,0,0,0,0,0,0,0,0,0,0,0,0,0,0,0,0,0,0,0,0,0,0,0,0,0,0,0,0,0,0.026722615,0,0,0.000126199,0,0,0,0.022337203,0,0,0,0.000157749,0.001451287,0,0,0,0.000157749,0,6.31E-05,0,0.58411156,0,0,0,0,0,0,0,3.15E-05,0,0,0,0.006593892,0,0,0.017352347,0,0,0,0,0,0,0,0,0,0,0,0,0,0,0,0,0,0,0,0,0,0,0,0,0,0,0,0,0,0,3.15E-05,0,0,0.000378597,0,0,0,0,0,0,0,0,0,0,0,0.008076729,0,0,0,0,0,0,0,0,0,0,0,0,0,0.000851843,0,0,0,0,0,0,0,0,0,0,0,0,0,0,0,0,0,0,0,0.000283948,0,0,0,0,0,0,0,0,0,0,0,0,0,0,0,0,0,0,0,0,0.000220848,0,0,0,0,0,0,0,0,0,0,0,0
F160NSXS.04,0,0,0,0,0,0,0,0,0,0,0,0,0,0,0,0,0,0,0,0,0,0,4.64E-05,0,0,0,0.322401076,0,0,0,0,0,0,0,0,0,0,0,0,0,0,0,0,0,0,0,0.002551375,0,0,0,0,0,0,0,0,0,0,0,0,0,0,0,0,0,0,0,0,0,0,0,0,0,0,0,0,0,0,0,0,0,0,0,0,0,0,0,0,0,0,0,0,0,0,0,0,0,0,0,0,0,0,0,0,0,0,0,0,0,0,0,0,0,0,0,0,0,0,0,0,0,0,0,0,0,0,0,0,0,0,0.000139166,0,0,0,0,0,0,0.052743888,0,0,0,0,0.011040497,0,0,0,0.017627685,0,0,0,0.098297537,0,0,0,0,0,0,0,0,0,0,0,0,0,0,0,0,0,0,0,0,0,0,0,0,0,0,0,0,0,0,0,0,0,0,0,0,0,0,0,0,0,0,0,0,0,0,0,0,0,0,0,0,0,0,0,0,0,0,0,0,0,0,0,0,0,0,0,0.368743332,0,0,0,0,0,0,0.018787401,0,0,0,0,0,0,0,0,0,0,0,0,0,0,0,0,0,0,0,0,0,0,0,0,0,0,0,0,0,0,0.107621654,0,0,0,0,0,0,0,0,0,0,0,0,0,0,0,0,0,0,0,0,0,0
B160NQ9D.04,0,0,0,0,0,0,0,0,0,0,0,0,0,0,0,0,0,0,0,0,0,0,0,0,0,0,0.326422292,0,0,0,0,0,0,0,0,0,0,0,0,0,0,0,0,0,0,0,0.000373196,0,0,0,0,0,0,0,0,0,0,0,0,0,0,0,0,0,0,0,0,0,0,0,0,0,0,0,0,0,0,0,0,0,0,0,0,0,0,0,0,0,0,0,0,0,0,0,0,0,0,0,0,0,0,0,0,0,0,0,0,0,0,0,0,0,0,0,0,0,0,0,0,0,0,0,0,0,0,0,0,0,0,0.010408028,0,0,0,0,0,0,0.501119589,0,0,0,0,0,0,0,0,0,0.037817217,0,0,0.095413833,0,0,0,0,0,0,0,0,0,0,0,0,0,0,0,0,0,0,0,0,0,0,0,0,0,0,0,0,0,0,0,0,0,0,0,0,0,0,0,0,0,0,0,0,0,0,0,0,0,0,0,0,0,0,0,0,0,0,0,0,0,0,0,0,0,0,0,0.019198872,0,0,0,0,0,0,0.001243987,0,0,0,0,0,0,0,0,0,0,0,0,0,0,0,0,0,0,0,0,0,0,0,0,0,0.001036656,0.006137004,0,0,0,0.000829325,0,0,0,0,0,0,0,0,0,0,0,0,0,0,0,0,0,0,0,0,0,0
F160NSW1.04,0,0,0,0,0,0,0,0,0,0,0,0,0,0,0,0,0,0,0,0,0,0,0,0,0,0,0,0,0,0,0,0,0,0,0,0,0,0,0,0,0,0,0,0,0,0,0.054619462,0,0,0,0,0,0,0,0,0,0,0,0,0,0,0,0,0,0,0,0,0,0,0,0,0,0,0,0,0,0,0,0,0,0,0,0,0,0,0,0,0,0,0,0,0,0,0,0,0,0,0,0,0,0,0,0,0,0,0,0,0,0,0,0,0,0,0,0,0,0,0,0,0,0,0,0,0,0,0,0,0,0,0.029439606,0,0,0,0,0,0,0.802347596,0,0,0,0,0,0,0,0,0,0,0,0,9.47E-05,0,0,0,0,0,0,0,0,0,0,0,0,0,0,0,0,0,0,0,0,0,0,0,0,0,0,0,0,0,0,0,0,0,0,0,0,0,0,0,0,0,0,0,0,0,0,0,0,0,0,0,0,0,0,0,0,0,0,0,0,0,0,0,0,0,0,0,0.113498675,0,0,0,0,0,0,0,0,0,0,0,0,0,0,0,0,0,0,0,0,0,0,0,0,0,0,0,0,0,0,0,0,0,0,0,0,0,0,0,0,0,0,0,0,0,0,0,0,0,0,0,0,0,0,0,0,0,0,0,0
J160NP5Z.04,0,0,0,0,0,0,0,0,0,0,0,0,0,0,0,0,0,0,0,0,0,0,0,0,0,0,0.012902955,0,0,0,0,0,0,0,0,0,0,0,0,0,0,0,0,0,0,0,0.000882613,0,0,0,0,0,0,0,0,0,0,0,0,0,0,0,0,0,0,0,0,0,0,0,0,0,0,0,0,0,0,0,0,0,0,0,0,0,0,0,0,0,0,0,0,0,0,0,0,0,0,0,0,0,0,0,0,0,0,0,0,0,0,0,0,0,0,0,0,0,0,0,0,0,0,0,0,0,0,0,0,0,0,0.016349346,0,0,0,0,0,0,0.946118606,0,0,0,0,0,0,0,0,0,0.004455092,0,0,0,0,0,0,0,0,0,0,0,0,0,0,0,0,0,0,0,0,0,0,0,0,0,0,0,0,0,0,0,0,0,0,0,0,0,0,0,0,0,0,0,0,0,0,0,0,0,0,0,0.000546379,0,0,0,0,0,0,0,0,0,0,0,0,0,0,0,0,0,0,0.016139201,0,0,0,0,0,0,0,0,0,0,0,0,0,0,0,0,0,0,0,0,0,0,0,0,0,0,0,0,0,0,0,0,0,0,0.002101458,0,0,0.00050435,0,0,0,0,0,0,0,0,0,0,0,0,0,0,0,0,0,0,0,0,0,0
B160NSS3.04,0,0,0,0,0,0,0,0,0,0,0,0,0,0,0,0,0,0,0,0,0,0,0,0,0,0,0.001632082,0,0,0,0,0,0,0,0,0,0,0,0,0,0,0,0,0,0,0,0,0,0,0,0,0,0,0,0,0,0,0,0,0,0,0,0,0,0,0,0,0,0,0,0,0,0,0,0,0,0,0,0,0,0,0,0,0,0,0,0,0,0,0,0,0,0,0,0,0,0,0,0,0,0,0,0,0,0,0,0,0,0,0,0,0,0,0,0,0,0,0,0,0,0,0,0,0,0,0,0,0,0,0.011890884,0,0,0,0,0,0,0.581953835,0,0,0,0.000466309,0,0,0,0,0.004546514,0,0,0,0.3855211,0,0,0,0,0,0,0,0,0,0,0,0,0,0,0,0,0,0,0,0,0,0,0,0,0,0,0,0,0,0,0,0,0,0,0,0,0,0,0,0,0,0,0,0,0,0,0,0,0.004429937,0,0,0,0,0,0,0,0.001398927,0,0,0,0,0,0,0,0,0,0,0.00816041,0,0,0,0,0,0,0,0,0,0,0,0,0,0,0,0,0,0,0,0,0,0,0,0,0,0,0,0,0,0,0,0,0,0,0,0,0,0,0,0,0,0,0,0,0,0,0,0,0,0,0,0,0,0,0,0,0,0,0,0
C160PHZT.04,0,0,0,0,0,0,0,0,0,0,0,0,0,0,0,0,0,0,0,0,0,0,0,0,0,0,0.016328742,0,0,0,0,0,0,0,0,0,0,0,0,0,0,0,0,0,0,0,0.000348243,0,0,0,0,0,0,0,0,0,0,0,0,0,0,0,0,0,0,0,0,0,0,0,0,0,0,0,0,0,0,0,0,0,0,0,0,0,0,0,0,0,3.87E-05,0,0,0,0,0,0,0,0,0,0,0,0,0,0,0,0,0,0,0,0,0,0,0,0,0,0,0,0,0,0,0,0,0,0,0,0,0,0,0,0,0.032154465,0,0,0,0,0,0,0.948189135,0,0,0,0,0,0,0,0,0,0,0,0,0.000232162,0,0,0,0,0,0,0,0,0,0,0,0,0,0,0.002437703,0,0,0,0,0,0,0,0,0,0,0,0,0,0,0,0,0,0,0,0,0,0,0,0,0,0,0,0,0,0,0,0,0,0,0,0,0,0,0,0,0,0,0,0,0,0,0,0,0,0,0,0,0.000232162,0,0,0,0,0,0,3.87E-05,0,0,0,0,0,0,0,0,0,0,0,0,0,0,0,0,0,0,0,0,0,0,0,0,0,0,0,0,0,0,0,0,0,0,0,0,0,0,0,0,0,0,0,0,0,0,0,0,0,0,0,0,0
D160RFQ0.04,0,0,0,0,0,0,0,0,0,0,0,0,0,0,0,0,0,0,0,0,0,0,0.000491696,0,0,0,0.03125,0,0,0,0,0,0,0,0,0,0,0,0.000163899,0,0,0,0,0,0,0,0.000327797,0,0,0,0,0,0,0,0,0,0,0,0,0,0,0,0,0,0,0,0,0,0,0,0,0,0,0,0,0,0,0,0,0,0,0,0,0,0,0,0,0,0.022399476,0,0,0,0,0,0,0,0,0,0,0,0,0,0,0,0,0,0,0,0,0,0,0,0,0,0,0,0,0,0,0,0,0,0,0,0,0,0,0,0,0.012401661,0,0,5.46E-05,0,0,0,0.250327797,0,0,0,0.001365822,0,0,0,0,0.033599213,0,0.004315997,0,0.509451486,0,0,0,0,0,0,0,0.019613199,0,0,0,0.016171329,0,0,0.017482517,0,0,0,0,0,0,0,0,0,0,0,0,0,0,0,0,0,0,0,0,0.000874126,0,0,0,0,0,0,0,0,0,0.000491696,0,0,0,0,0,0,0,0,0,0,0,0,0,0.001092657,0,0,0,0,0,0,0,0.000600962,0,0,0,0,0,0,0.013275787,0,0,0,0,0,0,0,0,0,0,0,0,0,0,0,0,0,0,0.057473776,0,0,0,0,0,0,0,0,0,0,0,0.006774476,0,0,0,0,0,0,0,0,0,0,0,0,0,0,0,0,0,0,0,0,0,0
D160QGWD.04,0,0,0,0,0,0,0,0,0,0,0,0,0,0,0,0,0,0,0,0.00024108,0,0,0.00175644,0,0,0,0.834791294,0,0.00185976,0,0,0,0,0.00013776,0.00020664,0,0,0.00041328,0.0027552,0,0,0,0,0,0,0,6.89E-05,0,0,0,0,0,0,0,0,0,0,0,0.00010332,0,0,0,0,0,0,0,0,0,0,0,0,0,0,0,0,0.00027552,0.003134041,0,0,0,0,0.0003444,0,0,0,0,0,0,0.00013776,0,0,0,0,0,0,0,0,0,0,0,0,0,0,0,0,0,0,0,0,0,0,0,0,0,0,0,0,0,0,0,0,0,0,0,0,0,0,0,0,0.00196308,0,0,0,0,0,0,0.0001722,0,0.00010332,0,6.89E-05,0.0003444,0,0,0.066331451,0.00058548,0,0,0.00024108,0.045839647,0,0,0,0,0,0,0,0,0,0,0,0.006095881,0,0,0.00020664,0,0,0,0,0.00230748,0,0,0,0,0,0,0,0,0,0,0,0,0,0,0,0.0001722,0,0,0,0,0,0,0,0,0,0.00010332,0,0,0,0,0,0.027999724,0,0,0.00013776,0,0,0,0,0,0.00048216,0,0,0,0,0,0,0,0.00027552,0,0,0,0,0,0,0,6.89E-05,0,0,0,0,0,0,0,0,0,0,0,0,0,0,0,0,0.0001722,0,0,0,0,0,0,0,0,0,0,0,0,0,0,0,0,0,0,0,0,0,0,0,0,0,0,0,0,0,0,0,0,0,0.00010332
B160R77N.04,0,0,0,0,0,0,0,0,0,0,0,0,0,0,0,0,0,0,0,0,0,0,0.001653166,0,0,0,0.004959497,0,0.00049595,0,0.000958836,0,0,0,0.002116052,0,0,0,0.020829889,0,0,0,0,0,0,0,0.002645065,0,0,0,0,0,0,0,0,0,0,0,0,0,0,0,0,0,0,0,0,0,0,0,0,0,0,0,0,0.018713837,0.008894032,0,0,0,0,0.024995867,0,0,0,0,0,0,0.080376922,0,0.000529013,0,0,0,0,0,0,0,0,0,0,0,0,0,0,0,0,0,0,0,0,0,0,0,0,0,0,0,0,0,0,0,0,0,0,0,0,0,0,0.002744255,0,0,0,0,0,0,0.001653166,0,0.000165317,0,0,0.090295917,0,0,0,0.039246156,0,0,0.001256406,0.6065796,0,0,0,0,0,0,0,0,0,0,0,0.008596462,0,0,0.004165978,0,0.001124153,0,0,0.034352786,0,0,0,0,0,0,0,0,0,0,0,0,0,0,0,0,0,0,0,0,0,0,0.00069433,0,0,0,0,0,0,0,0,0,0,0,0,0,0.001256406,0,0,0,0,0,0,0,0,0.000264507,0,0.00019838,0,0,0,0,0,0,0.03818813,0,0,0,0,0,0,0,0,0,0,0,0,0,0,0,0,0,0,0.001487849,0,0,0,0,0,0,0,0,0,0,0,0,0,0,0,0,0,0,0,0,0,0,0.000562076,0,0,0,0,0,0,0,0,0,0,0
E160QDWF.04,0.000541712,0,0,0,0,0,0,0,0,0,0,0,0,0,0,0,0,0,0,0,0,0,0.030026312,0,0,0,0.001315586,0,0,0,0,0,0,0,0,0,0,0,0.007351803,0,0,0,0,0,0,0,0,0,0,0,0,0,0,0,0,0,0,0,0.000541712,0,0,0,0,0,0,0,0,0,0,0,0,0,0,0,0,0.028401176,0.069726049,0,0,0,0,0.069261724,0,0,0,0,0,0,0.000773874,0,0,0,0,0,0,0,0,0,0,0,0,0,0,0,0,0,0,0,0,0,0,0,0,0,0,0,0,0,0,0,0,0,0,0,0,0,0,0,0,0.01191766,0,0,0,0,0,0,0,0,0,0,0,0.060516948,0,0,7.74E-05,0.017412165,0,0,0,0.484445132,0,0,0,0,0,0,0,0.009982975,0,0,0,0.04496208,0,0.000386937,0.000464324,0,0.003482433,0,0.00177991,0.099288036,0,0,0,0,0,0,0,0,0,0,0,0,0,0,0,0,0,0,0,0,0,0,0,0,0,0,0,0,0,0,0,0,0,0,0,0,0,0,0,0,0,0,0,0,0,0,0,0,0,0,0,0,0,0,0.045116855,0,0,0,0,0,0,0,0,0,0,0,0,0,0.011298561,0,0,0,0,0,0,0,0,0,0,0,0.000386937,0.000541712,0,0,0,0,0,0,0,0,0,0,0,0,0,0,0,0,0,0,0,0,0,0,0,0,0,0
C160QJ2L.04,0,0,0,0,0,0,0,0,0,0,0,0,0,0,0,0,0,0,0,0,0,0,0.001405372,0,7.81E-05,0,0.006714553,0,0,0,0,0,0,0,0,0,0,0,0.06394441,0,0,0,0,0,0,0,0.005699563,0,0,0,0,0,0,0,0,0,0,0,0.000780762,0,0,0,0,0,0,0,0,0,0,0,0,0,0,0,0,0.02178326,0.003747658,0,0,0,0,0.017176765,0,0,0,0,0,0,0.001717676,0,0,0,0,0,0,0,0,0,0,0,0,0,0,0,0,0,0,0,0,0,0,0,0,0,0,0,0,0.000546533,0,0,0,0,0,0,0,0,0,0,0,0.004762648,0,0,0.000156152,0,0,0,0.001717676,0,0,0,0,0.053638351,0,0,0,0.008354154,0,0,0,0.441755153,0,0,0,0,0,0,0,0.001561524,0,7.81E-05,0,0.003513429,0,0,0.002498438,0,0,0,7.81E-05,0.125468457,0,0,0,0,0,0,0,0,0,0,0,0,0,0,0,0.003513429,0,0,0,0,0.000234229,0,0,0.000858838,0,0.000780762,0,0,0,0,0,0.000156152,0,0,0,0,0,0,0,0,0,0,0,0,0,0,0,7.81E-05,0.000234229,0,0,0,0,0,0.019987508,0,0,0,0,0,0,0,0,0,0,0,0,0,0,0,0,0,0,0,0,0,0,0,0,0,0.000390381,0.200811993,0.005777639,0,0,0,0,0,0,0,0,0,0,0,0,0,0,0,0,0,0,0,0,0,0,0,0,0
E160TQBG.04,0,0,0,0,0,0,0,0,0,0,0,0,0,0,0,0,0,0,0,0,0,0,0.000185815,0,0,0,0.813627664,0,0,0,0,0,0,0,0,0,0,0,7.43E-05,0,0,0,0,0,0,0,3.72E-05,0,0,0,0,0,0,0,0,0,0,0,0,0,0,0,0,0,0,0,0,0,0,0,0,0,0,0,0,0.001783823,0.001170634,0,0,0,0,0.000706097,0,0,0,0,0,0.000278722,0.000222978,0,0,0,0,0,7.43E-05,0,0,0,0,0,0,0,0,0,0,0,0,0,0,0,0,0,0,0,0,0,0,0,0,0,0,0,0,0,0,0,0,0,0,7.43E-05,0,0,0,0,0,0,0.000204396,0,0,0,0,0.00261999,0,0,0.121894569,0.00224836,0,0,1.86E-05,0.035862274,0,0,0,0,0,0,0,0.00013007,0,0,0,0.001300704,0,5.57E-05,0,0,0,0,0,0.000520282,0,0,0,0,0,0,0,0,0,0,0,0,0,0,0,0,0,0,0,0,0,0,0,0,0,0,0,0,0,0,0,0,0,0,0,0,0,0,0,0,0.000167233,0,0,0,0,0,0,7.43E-05,0,0,0,0,0,0,0.000631771,0,5.57E-05,0,0,0,0,0,0,0,0,0,0,0,0,0,0,0,0,9.29E-05,0,0,0,0,0,0,0.000204396,0.015366892,0,0,0,9.29E-05,0,0,0,0,0,0,0,0,0,0,1.86E-05,0,0,0,0,0,0,0,0,0,0,0.000204396
C160RYGB.04,0,0,0,0,0,0,0,0,0,0,0,0,0,0,0,0,0,0,0,0,0,0,0.002710027,0,0,0,0.417431594,0,0,0,0,0,8.74E-05,0,0,0,0,0,0.008217502,0,0,0,0,0,0,0,0.000349681,0,0,0,0,0,0,0,0,0,0,0,0,0,0,0,0,0,0,0,0,0,0,0,0,0,0,0,0,0.00393391,0.003234548,0,0,0,0,0.003059708,0,0,0,0,0,0.005594895,0.000699362,0,0,0,0,0,0,0,0,0,0,0,0,0,0,0,0,0,0,0,0,0,0,0,0,0,0,0,0,0,0,0,0,0,0,0,0,0,0,0,0,0.001223883,0,0,0,0,0,0,0.000437101,0,0,0,0,0.004196171,0,0,0.005682315,0.008654603,0,0,0,0.425823936,0,0,0,0,0,0,0,0.00017484,0,0,0,0.020194073,0,0,0,0,8.74E-05,0,8.74E-05,0.012063992,0,0,0,0,0,0,0,0,0,0,0,0,0,0,0,0,0,0,0,0,0,0,0,0,0,0,0,0,0,0,0,0,0,0,0,0,0,0,0,0,0,0,0,0,0,0,0,0.000786782,0,0,0,0,0,0,0.058396713,0,0,0,0,0,0,0,0,0,0,0,0,0,0.00017484,0,0,0,0,0,0,0,0,0,0,0,0,0.016609844,0,0,0,0,0,0,0,0,0,0,0,0,0,0,8.74E-05,0,0,0,0,0,0,0,0,0,0,0
G160R76R.04,4.73E-05,0,0,0,0,0,0,0,0,0,0,0,0,0,0,0,0,0,0,0,0,0,0,0,0,0,0.036916087,0,0,0,0,0,0,0,0,0,0,9.47E-05,4.73E-05,0,0,0,0,0,0,0,0,0,0,0,0,0,0,0,0,0,0,0,0,0,0,0,0,0,0,0,0,0,0,0,0,0,0,0,0,0.000189313,4.73E-05,0,0,0,0,0,0,0,0,0,0,0,0,0,0,0,0,0,0,0,0,0,0,0,0,0,0,0,0,0,0,0,0,0,0,0,0,0,0,0,0,0,0,0,0,0,0,0,0,0,0,0,0,0.000236642,0,0,0,0,0,0,0,0,0,0,0,0.000615268,0,0,9.47E-05,0,0,0,0,0.928628899,0,0,0,0,0,0,0,0,0,0,0,0,0,0,0,0,0,0,0,0.00028397,0,0,0,0,0,0,0,0,0,0,0,0,0,0,0,9.47E-05,0,0,0,0,0,0,0,0,0,4.73E-05,0,0,0,0,0,0,0,0,0,0,0,0,0,0,0.000473283,0,0,0,0,0,0,4.73E-05,4.73E-05,0,0,0,0,0,0.002366416,0,0,0,0,0,0,0,0,0,0,0,0,0,0,0,0,0,0,4.73E-05,0,0,0,0,0,0,0,0.029674854,0,0,0,0,0,0,0,0,0,0,0,0,0,0,0,0,0,0,0,0,0,0,0,0,0,0
D160R0C7.04,0,0,0,0,0,0,0,0,0,0,0,0,0,0,0,0,0.000235139,0,0,0,0,0,9.41E-05,0,0.000611362,0,0.003009782,0,0,0,0,0,0,0,4.70E-05,0,0,0.000188111,0.001222724,0,0,0,0,0,0,0,0.000987585,0,0,0,0,0,0,0,0,0,0,0,0.000282167,0,0,0,0,0,0,0,0,0,0,0,0,0,0,0,0,0.000282167,0.001128668,0,0,0,0,0.010063958,0,0,0,0,0,0.001269752,0.000470278,0,0.000893529,0,0,0,0,0,0,0,0,0,0,0,0,0,0,0,0,0,0,0,0,0,0,0,0,0,0,0,0,0,0,0,0,0,0,0,0,0,0,0.000141084,0,0,0,0,0,0,0.001363807,0,0,0,0,0.00479684,0,0,0.000329195,0.002116253,0,0,0,0.430069601,0,0,0,0.004561701,0,0,0,0,0,0,0,0.00348006,0,0.000423251,0,0,0,0,0,0.008512039,0,0,0,0,0,0,0,0,0,0,0,0,0,0,0,0,0,0,0,0,0,0,0.000752445,0,4.70E-05,0,0,0,0,0,0,0,0,0,0,0,0,0,0,0,0.001928141,0,0,0,0,0,0,0.000188111,0.000235139,0,0,0,0,0,0.000611362,0,0,0,0,0,0,0,0,0,0,0,0,0,0,0,0,0,4.70E-05,0,0,0,0,0,0,0,0,0.519140331,0,0,0,0.000235139,0,0,0,0,0,0,0,0,0,0,0.000235139,0,0,0,0,0,0,0,0,0,0,0
E160VKD7.04,0,0,0,0,0,0,0,0,0,0,0,0,0,0,0,0,0,0,0,0,0,0,0.000122087,0,0,0,0.117953816,0,0,0,0,0,0,0,0,0,0,0,0,0,0,0,0,0,0,0,0.00033138,0,0,0,0,0,0,0,0,0,0,0,0,0,0,0,0,0,0,0,0,0,0,0,0,0,0,0,0,0.001029022,0.000226734,0,0,0,0,0.000366262,0,0,0,0,0,0.000104646,8.72E-05,0,0,0,0,0,0,0,0,0,0,0,0,0,0,0,0,0,0,0,0,0,0,0,0,0,0,0,0,0,0,0,0,0,0,0,0,0,0,0,0,0.000156969,0,0,0,0,0,0,3.49E-05,0,0,0,0,0.000697642,0,0,0.023841914,0.000627878,0,0,0,0.741139947,0,0,0,0,0,0,0,3.49E-05,0,0,0,0.000313939,0,0,0,0,0,0,0,0.000575555,0,0,0,0,0,0,0,0,0,0,0,0,0,0,0,0,0,0,0,0,0,0,0,0,0,0,0,0.00017441,0,0,0,0,0,0,0,0,0,0,0,0,0,0,0,0,0,1.74E-05,0,5.23E-05,0,0,0,0,0,0,8.72E-05,0,6.98E-05,0,0,0,0,0,0,0,0,0,0,0,0,0,0,0,0,0,0,0,0,0,0,0,6.98E-05,0.111779685,0,0,0,0,0,0,0,0,0,0,0,0,0,0,0,0,0,0,0,0,0,0,0,0.000104646,0,0
A160TQ9K.04,0,0,0,0,0,0,0,0,0,0,0,0,0,0,0,0,0,0,0,0,0,0,0.000156288,0,0,0,0.299180602,0,0,0,0,0,0,0,0,0,0,0.000133961,0.000133961,0,0,0,0,0,0,0,6.70E-05,0,0,0,0,0,0,0,0,0,0,0,6.70E-05,0,0,0,0,0,0,0,0,0,0,0,0,0,0,0,0.000200942,0.001071692,0.000200942,0,0,0,0,0.000982384,0,0,0,0,0,0,0.000111635,0,0,0,0,0,0,0,0,0,0,0,0,0,0,0,0,0,0,0,0,0,0,0,0,0,0,0,0,0.000223269,0,0,0,0,0,0,0,0,0,0,0,0.000178615,0,0,0,0,0,0,0.000111635,0,0,0,0,0.00087075,0,0,0.12936212,0.000982384,0,0,2.23E-05,0.238875617,0,0,0,0,0,0,0,0.000535846,0,0,0,0.000625153,0,0,2.23E-05,0,0,0,2.23E-05,0.00029025,0,0,0,0,0,0,0,0,0,0,0,0,0,0,0,0,0,0,0,0,0,0,0,0,0.000223269,0,0,0,0,0,0,0,0,0,0,0,0,0,0,0,4.47E-05,0,0,0,0,0,0,2.23E-05,0,0,0,0,0,0,0.001607538,0,0,0,0,0,0,0,0,0,0,0,0,0,2.23E-05,0,0,0,2.23E-05,2.23E-05,0,0,0,0,0,0,8.93E-05,0.323494608,0,0,0,2.23E-05,0,0,0,0,0,0,0,0,0,0,0,0,0,0,0,0,0,0,0,0,0,0
C160RVDP.04,0,0,0,0,0,0,0,0,0,0,0,0,0,0,0,0,0,0,0,0,0,0,0.000556029,0,0,0,0.057715832,3.71E-05,0.000222412,0,0,0,0,0,0.000852578,0,0,0,0.001037921,0,0,0,0,0,0,0,3.71E-05,0,0,0,0,0,0,0,0,0,0,0,0,0,0,0,0,0,0,0,0,0,0,0,0,0,0,0,0,0.001149127,0.00081551,0,0,0,0,0.000296549,0,0,0,0,0,0.000296549,0.00081551,0,0,0,0,0,0,0,0,0,0,0,0,0,0,0,0,0,0,0,0,0,0,0,0,0,0,0,0,0,0,0,0,0,0,0,0,0,0,0,0,0.000963784,0,0,0,0,0,0,0.000518961,0,0,0,0,0.002817215,0,0,0.000185343,0.003892204,0,0,0,0.887014865,0,0,0,0,0,0,0,0.000444823,0,0,3.71E-05,0.001260333,0,0,0,0,0.000481892,0,0,0.00400341,0,0,0,0,0,0,0,0,0,0,0,0,0,0,0,0.005152537,0,0,0,0,0,0,0.000148274,0,0,0.000111206,0,0,0.00025948,0,0,0.007154243,0,0.000222412,0,0,0,0,0,0,3.71E-05,0,0,0,0,0,0,0,0,0,0,0,0,0,0.010342143,0,0,0,0,0,0,0,0,0,0,0,0,0,0.000148274,0,0,0,0,0,0,0,0,0,0,0,0,0.010786967,0,0,0,0,0,3.71E-05,0,0,0,0,0,0,0,7.41E-05,7.41E-05,0,0,0,0,0,0,0,0,0,0,0
B160Q3GH.04,0,0,0,0,0,0,0,0,0,0,0,0,0,0,0,0,0,0,0,0,0,0,0,0,0,0,0.149642318,0,0,0,0,0,0,0,0,0,0,0,0.001508589,0,0,0,0,0,0,0,0.001021948,0,0,0,0,0,0,0,0,0,0,0,0.001946567,0,0,0,0,0,0,0,0,0,0,0,0,0,0,0,0,0,0,0,0,0,0,0,0,0,0,0,0,0,0,0,0,0,0,0,0,0,0,0,0,0,0,0,0,0,0,0,0,0,0,0,0,0,0,0,0,0,0,0,0,0,0,0,0,0,0,0,0,0,0,0.001654582,0,0,4.87E-05,0,0,0,0.015280549,0,0,0,0,0.002481873,0,0,0.028517203,0,0,0,0,0.793761254,0,0,0,0,0,0,0,0,0,0,0,0.001946567,0,0,0,0,0,0,0,0,0,0,0,0,0,0,0,0,0,0,0,0,0,0,0,0,0,0,0,0,0,0,0,0,0,0,0,0,0,0,0,0.000778627,0,0,0,0,0,0,0,0,4.87E-05,0,0,0,0,0.000535306,0,0.000243321,0.000389313,0,0,0,0,0,0,0,0,0,0,0,0,0,0,0,0,0,0,0,0,0,0,0,0,0,0,0,0,0,0,0,0,0,0,0,0,0.000194657,0,0,0,0,0,0,0,0,0,0,0,0,0,0,0,0,0,0,0,0,0,0
C160RLJM.04,0,0,0,0,0,0,0,0,0,0,0,0,0,0,0,0,0,0,0,0,0,0,0.000400461,0,0,0,0.914776994,0,0,0,0,0,0,0,2.50E-05,0,0,0,0.000425489,0,0,0,0,0,0,0,7.51E-05,0,0,0,0,0,0,0,0,0,0,0,0,0,0,0,0,0,0,0,0,0,0,0,0,0,0,0,0,0.000275317,0.000350403,0,0,0,0,0.002953396,0,0,0,0,0,0,7.51E-05,0,0,0,0,0,0,0,0,0,0,0,0,0,0,0,0,0,0,0,0,0,0,0,0,0,0,0,0,0,0,0,0,0,0,0,0,0,0,0,0,0.0016519,0,0,0,0,0,0,0.018996846,0,0,0,0,0.000525604,0,0,0.034439606,0.002102418,0,0,7.51E-05,0.017745407,0,0,0,0,0,0,0,0.000125144,0,0,0,0.000525604,0,0,0.000150173,0,0,0,0,0.001151324,0,0,0,0,0,0,0,0,0,0,0,0,0,0,0,0,0,0,0,0,0,0,0,0,0,0,0,0,0,0,0,0,0,0,0,0,0,0,0,0,0,0,0,0,0,0,0,2.50E-05,0.000100115,0,0,0,0,0,0.002803224,0,0,0,0,0,0,0,0,0,0,0,0,0,0,0,0,0,0,0,0,0,0,0,0,0,0,0.00020023,0,0,0,0,0,2.50E-05,0,0,0,0,0,0,0,0,0,0,0,0,0,0,0,0,0,0,0,0
H160Q0LJ.04,4.07E-05,0,0,0,0,0,0,0,0,0,0,0,0,0,0,0,0,0,0,0,0,0,0.0017506,0,0,0,0.65606807,0.001221349,0.000407116,0,0,0,0,0,0.000284981,0,0,0.000162847,0.00272768,0,0,0,0,0,0,0,0.001384196,0,0,0,0,0,0,0,0,0,0,0,0,0,0,0,0,0,0,0,0,0,0,0,0,0,0,0,0,0.00272768,0.000610675,0,0,0,0,0.005658918,0,0,0,0,0,0,8.14E-05,0,0,0,0,0,0,0,0,0,0,0,0,0,0,0,0,0,0,0,0,0,0,0,0,0,0,0,0,0,0,0,0,0,0,0,0,0,0,0,0,0.002442698,0,0,0,0,0,0,0.019175182,0,0.000122135,0,4.07E-05,0.00545536,0,0,0.010300045,0.004844685,0,0,0,0.112893376,0,0,0,0,0,0,0,0.000203558,0,0,0,0.005251801,0,0,0.001302772,0,4.07E-05,0,4.07E-05,0.013434841,0,0,0,0,0,0,0,0,0,0,0,0,0,0,0,0,0,0,0,0.00024427,0,0,0.000325693,0,0,0,0,0,0.00024427,0,0,0,0,0,0,0,0,0,0,0,0,0,0,0,0,4.07E-05,0,0.000122135,0.00048854,0,0,0,0,0,0.009485812,0,0,0,0,0,0,0,0,0,0,0,0,0,0,0,0,0,0,0,0,0,0,0,0,0,0.000122135,0.139844482,0.000407116,0,0,0,0,0,0,0,0,0,0,0,0,0,0,0,0,0,0,0,0,0,0,0,0,0
F160RCBH.04,0,0,0,0,0,0,0,0,0,0,0,0,0,0,0,0,0,0,0,0,0,0,0.002499904,0,0,0,0.004345987,0,0,0,0,0,0,0,0,0,0,0,0.013999462,0,0,0,0,0.000730741,0,0,0.031921849,0,0,0,0,0,0,0,0,0,0,0,0,0,0,0,0,0,0,0,0,0,0,0,0,0,0,0,0,0.007384331,0.003999846,0,0,0,0,0.027537402,0,0,0.002807584,0,0,0,0.000999962,0,0,0,0,0,0,0,0,0,0,0,0,0,0,0,0,0,0,0,0,0,0,0,0,0,0,0,0,0,0,0,0,0,0,0,0,0,0,0,0,0.027306642,0,0,0,0,0,0,0.062805277,0,0.007268951,0,7.69E-05,0.017037806,0,0,0.293181031,0.023614476,0,0,0,0.382562209,0,0,0,0,0,0,0,0.002692204,0,0,0,0.008307373,0,0,0.004192146,0,0,0,0,0.049728857,0,0,0,0,0,0,0,0,0,0,0,0,0,0,0,0,0,0,0,0,0,0,0,0,0,3.85E-05,0,0,0,0,0,0,0,0,0,0,0,0,0,0,0,0,0,0,0,0,0,0.00030768,0.001115342,0,0,0,0,0,0.022806815,0,0,0,0,0,0,0,0,0,0,0,0,0,0,0,0,0,0,0,0,0,0,0,0,0,0,0,0,0,0,0,0,0,0,0,0,0,0,0,0,0,0.0001923,0,0,0,0.000538441,0,0,0,0,0,0,0
E160R8DD.04,0,0,0,0,0,0,0,0,0,0,0,0,0,0,0,0,0,0,0,0.000384246,0,0,0.003419789,0,0.000537944,0,0.044226705,0,0,0,0,0.001882805,0,0,7.68E-05,0,0,0,0.001152738,0,0,0,0,0,0,0,0.001959654,0,0,0,0.001191162,0,0,0,0,0,0,0,0,0,0,0,0,0,0,0,0,0,0,0,0,0,0,0,0,0.002612872,0.003535062,0,0,0,0,0.026167147,0,0,0,0,0,0,0,0,0,0,0,0,0,0,0,0,0,0,0,0,0,0,0,0,0,0,0,0,0,0,0,0,0,0,0,0.001037464,0,0,0,0,0.002920269,0,0,0.001306436,0,0,0,0.000384246,0,0,0,0,0,0,0.000730067,0,0,0,0,0.013102786,0,0,0.001383285,0.014063401,0,0,0,0.209721422,0,0,0,0.005456292,0,0,0,0,0,0,0.000768492,0.01648415,0,0,0.000537944,0,0,0,0.0023439,0.023746398,0,0,0,0,0,0,0,0,0,0,0,0,0,0,0,0,0,0,0,0,0,0,0,0,0,0,0,0,0,0,0,0,0,0,0,0,3.84E-05,0,0,0,0.001306436,0,0,0,0,0,0,0.000268972,0,0,0,0,0,0,0.004610951,0,0,0,0,0,0,0,0,0,0,0,0,0,0.000192123,0,0,0,0,0,0,0,0,0,0,0,0,0.611834774,0,0,0,3.84E-05,0,0,0,0,0,0,0,0,0,0.000153698,0.000422671,0,0,0,0,0,0,0,0,0,0,0
A160PZ1F.04,0,0,0,0,0,0,0,0,0,0,0,0,0,0,0,0,0,0,0,0.00012639,0,0,0,0,0,0,0.46991911,0,0,0,0,0,0,0,0,0,0,0,0,0,0,0,0,0,0,0,0.000695147,0,0,0,0,0,0,0,0,0,0,0,0.000442366,0,0,0,0,0,0,0,0,0,0,0,0,0,0,0,0.000505561,0.000821537,0.002275025,0,0,0,0,0.000442366,0,0,0,0,0,0,0.002970172,0,0,0,0,0,0,0,0,0,0,0,0,0,0,0,0,0,0,0,0,0,0,0,0,0,0,0,0,0,0,0,0,0,0,0,0,0,0,0,0,0.012512639,0,0,0,0,0,0,0.301630435,0,6.32E-05,0,6.32E-05,0.001769464,0,0,0.000505561,0.000505561,0,0,0.002464611,0.193124368,0,0,0,0,0,0,0,0.000821537,0,0,0,0.001200708,0,0,6.32E-05,0,0.000252781,0,0,0.001137513,0,0,0,0,0,0,0,0,0,0,0,0,0,0,0,0.000758342,0,0,0,0,0,0,0,0,0,6.32E-05,0.000884732,0,0.00012639,0,0,0.001390293,0,0,0,0,0,0,0,0,0,0,0,0,0,0,0,0.000189585,0.000568756,0,0,0,0,0,0,0,0.00012639,0,0,0,0,0,0,0,0,0,0,0,6.32E-05,0,0,0,0,0,0,0,0,0,0,0,0,0.000758342,0,0,0,0,0,0,0,0,0,0,0,0,0,0,0,0,0,0,0,0,0,0,0,0,0,0.000758342
F160RZB4.04,0,0,0,0,0,0,0,0,0,0,0,0,0,0,0,0,0,0,0,0,0,0,0.000297139,0,0,0,0.916270481,0,0,0,0,0,0,0,0,0,0,0,0.000466933,0,0,0,0,0,0,0,0.000233466,0,0,0,0,0,0,0,0,0,0,0,0,0,0,0,0,0,0,0,0,0,0,0,0,0,0,0,0,0.00080652,0.000233466,0,0,0,0,0.002334663,0,0,0,0,0,0,0.000721623,0,0,0,0,0,0,0,0,0,0,0,0,0,0,0,0,0,0,0,0,0,0,0,0,0,0,0,0,0.006706851,0,0,0,0,0,0,0,0,0,0,0,8.49E-05,0,0,0,0,0,0,0.000382036,0,0,0,0,0.0020163,0,0,0.0363783,0.001337125,0,0,0,0.026445369,0,0,0,0,0,0,0,0.000233466,0,0,0.000700399,0.001018762,0,0,0.000382036,0,0.000106121,0,0,0.000700399,0,0,0,0,0,0,0,0,0,0,0,0,0,0,0,0,0,0,0,0.000148569,0,0,0,0,0,0,0,0,0.000106121,0,0,0,0,0,0,0,0,0,0,0,0,0,0,0,0,0,0,0,2.12E-05,0,0,0,0,0,0.000891417,0,0,0,0,0,0,0,0,0,0,0,0,0,0.000360812,0,0,0,0,0,0,0,0,0,0,0,0.000106121,0.000466933,0,0,0,2.12E-05,0,0,0,0,0,0,0,0,0,0,0,2.12E-05,0,0,0,0,0,0,0,0,0,0
H160VKFJ.04,0,0,0,0,0,0,0,0,0,0,0,0,0,0,0,0,0,0,0,0,0,0,0.000107485,0,0,0,0.134427287,0,0,0,0,0,0,0,0,0,0,0,0.00175558,0,0,0,0,0,0,0,0.000322454,0,0,0,0,0,0,0,0,0,0,0,0,0,0,0,0,0,0,0,0,0,0,0,0,0,0,0,0,0.002257175,0.001110673,0,0,0,0,0.000501594,0,0,0,0,0,0.000967361,0,0,0,0,0,0,0.000250797,0,0,0,0,0,0,0,0,0,0,0,0,0,0,0,0,0,0,0,0,0,0,0.008240479,0,0,0,0,0,0,0,0,0,0,0,3.58E-05,0,0,0.000967361,0,0,0,0.000286625,0,0,0,0,0.00644907,0,0,0.016552614,0.001576439,0.000716563,0,0,0.810325678,0,0,0,0,0,0,0,0,0,0,0,0.000752392,0,0,0,0,0,0,0,0.000680735,0,0,0,0,0,0,0,0,0,0,0,0,0,0,0,0,0,0,0,0,0,0,0,0,0,0.000214969,0,0,0,0,0,0.003188707,0,0,0,0,0,0,0,0,0,0,0,0,0,0,0.000214969,3.58E-05,0,0,0,0,0,0,0.004621834,0,0,0,0,0,0,0,0,0,0,0,0,0,0,0,0,0,0,0,0,0,0,0,0,0,0,0.002687113,0,0,0,0.000752392,0,0,0,0,0,0,0,0,0,0,0,0,0,0,0,0,0,0,0,0,0,0
H160Q24W.04,0,0,0,0,0,0,0,0,0,0,0,0,0,0,0,0,0,0,0,0,0,0,0.000134916,0,0,0,0.680473107,4.50E-05,0,0,0,0,0,0,4.50E-05,0,0,0.000224861,0.000314805,0,0,0,4.50E-05,0,0,0,0.000134916,0,0,0,0,0,0,0,0,0,0,0,0,0,0,0,0,0,0,0,0,0,0,0,0,0,0,0,0,0,0,0,0,0,0,0,0,0,0,0,0,0,0,0,0,0,0,0,0,0,0,0,0,0,0,0,0,0,0,0,0,0,0,0,0,0,0,0,0,0,0,4.50E-05,0,0,0,0,0,0,0,0,0,0,0,0.000134916,0,0,0,0,0,0,8.99E-05,0,0,0,0,0.000224861,0,0,0.137929484,0.000134916,0,0,0,0.179528692,0,0,0,0,0,0,0,0,0,0,0,0.000134916,0,0,0,0,0,0,0,0,0,0,0,0,0,0,0,0,0,0,0,0,0,0,0,0,0,0,0,0,0,0,0,0,0,0.000269833,0,0,0,0,0,0,0,0,0,0,0,0,0,0,0,0,0,0,0,0,0,8.99E-05,0,0,0,0,0,0,0,0,0,0,0,0,0,0,0,0,0,0,0,0,0,0,0,0,0,0,0,0,0,0,0,0,0,0,0,0,0,0,0,0,0,0,0,0,0,0,0,0,0,0,0,0,0,0,0,0,0,0,0,0
E160PX8B.04,0,0,0,0,0,0,0,0,0,0,0,0,0,0,0,0,0,0,0,0,0,0,5.14E-05,0,0,0,0.931450888,0,0,0,0,0,0,0,0,0,0,0,0,0,0,0,0,0,0,0,0.000231238,0,0,0,0,0,0,0,0,0,0,0,0,0,0,0,0,0,0,0,0,0,0,0,0,0,0,0,0,0,2.57E-05,0,0,0,0,0,0,0,0,0,0,0,2.57E-05,0,0,0,0,0,0,0,0,0,0,0,0,0,0,0,0,0,0,0,0,0,0,0,0,0,0,0,0,0,0,0,7.71E-05,0,0.000308317,0,0,0,0,0,0,0.001130495,0,0,0,0,0,0,0.015210298,0,0,0,0,0.000102772,0,0,0.048688369,0,0,0,0,0.002466535,0,0,0,0,0,0,0,0,0,0,0,0,0,0,0,0,0,0,0,0,0,0,0,0,0,0,0,0,0,0,0,0,0,0,0,5.14E-05,0,0,0,0,0,0,0,0,0,0,0,0,0.000128465,0,0,0,0,0,0,0,0,0,0,0,0,0,0,0,0,0,0,0,0,0,0,0,0,0,0,0,0,0,0,0,0,0,0,0,0,0,0,0,0,0,0,0,0,2.57E-05,0,0,0,0,0,0,0,2.57E-05,0,0,0,0,0,0,0,0,0,0,0,0,0,0,0,0,0,0,0,0,0,0,0,0,0,0
H160R33G.04,0,0,0,0,0,0,0,0,0,0,0,0,0,0,0,0,0,0,0,0,0,0,0,0,0,0,0.00445791,0,0,0,0,0,0,0,0,0,0,0,0,0,0,0,0.000173123,0,0,0,0.000281324,0,0,0,0,0,0,0,0,0,0,0,0,0,0,0,0,0,0,0,0,0,0,0,0,0,0,0,0,0,0,0,0,0,0,0,0,0,0,0,0,0,2.16E-05,0,0,0,0,0,0,0,0,0,0,0,0,0,0,0,0,0,0,0,0,0,0.000151482,0,0,0,0,0,0,0,0,0,0,0,0,0,0,0,0,0,0,0.001861069,0,0,0,0,0,0,0.035360312,0,0,0,0,0,0,0,0,0,6.49E-05,0,0,0.936788574,0,0,0,0,0,0,0,0,0,0,0,0,0,0,0,0,0,0,0,0,0,0,0,0,0,0,0,0,0,0,0,0,0,0,0,0.000173123,0,0,0,0,0,0,0,0,0,0.011815624,0,0,0.000389526,0,0,0,0,0,0,0,0,0,0,0,0,0,0,0,0,0,0,0.000108202,0,0,0,0,0,0,0,0,0,0,0,0,0,0,0,0,0,0,0,0,0,0,0,0,0,0,0,0,0,0,0,0,0,0.000216403,0.005626488,0,0,0.002510279,0,0,0,0,0,0,0,0,0,0,0,0,0,0,0,0,0,0,0,0,0,0
K160RFXX.04,0,0,0,0,0,0,0,0,0,0,0,0,0,0,0,0,0,0,0,0,0,0,0,0,0,0,0.213625954,0,0,0,0,0,0,0,0,0,0,0,0,0,0,0,0,0,0,0,0.000343511,0,0,0,0,0,0,0,0,0,0,0,0,0,0,0,0,0,0,0,0,0,0,0,0,0,0,0,0,0,0,0,0,0,0,0,0,0,0,0,0,0,3.82E-05,0,0,0,0,0,0,0,0,0,0,0,0,0,0,0,0,0,0,0,0,0,0,0,0,0,0,0,0,0,0,0,0,0,0,0,0,0,0,0,0,0.024198473,0,0,0,0,0,0,0.577519084,0,0,0,3.82E-05,0,0,0,0,0,0.000152672,0.00370229,0,0.179389313,0,0,0,0,0,0,0,0,0,0,0,0,0,0,3.82E-05,0,0,0,0,0,0,0,0,0,0,0,0,0,0,0,0,0,0,0,0,0,0,0,0,0,0,0,0,0,0,0,0,0,3.82E-05,0,0,0,0,0,0,0,0,0,0,0,0,0,0,0,0,0,0,0,0,0,0,0,0,0,0,0,0,0,0,0,0,0,0,0,0,0,0,0,0,0,0,0,0,0,0,0,0,0,0,0,0,0.000152672,0.000343511,0,0,0.000229008,0,0,0,0,0,0,0,0,0,0,0,0,0,0,0,0,0,0,0,0,0,0.00019084
E160PX6Q.04,0,0,0,0,0,0,0,0,0,0,0,0,0,0,0,0,0,0,0,0,0,0,0,0,0,0,0.796037936,0,0,0,0,0,0,0,0,0,0,0,0,0,0,0,0,0,0,0,0,0,0,0,0,0,0,0,0,0,0,0,0.001245011,0,0,0,0,0,0,0,0,0,0,0,0,0,0,0,0,0,0,0,0,0,0,0,0,0,0,0,0,0,0,0,0,0,0,0,0,0,0,0,0,0,0,0,0,0,0,0,0,0,0,0,0,0,0,0,0,0,0,0,0,0,0,0,0,0,0,0,0,0,0,0.000732359,0,0,0,0,0,0,0.073345783,0,0,0,0,0.000402798,0,0,0.115712769,0,0,0,0,0.011461423,0,0,0,0,0,0,0,0,0,0,0,0.001025303,0,0,0,0,0,0,0,0,0,0,0,0,0,0,0,0,0,0,0,0,0,0,0,0,0,0,0,0,0,0,0,0,0,0,0,0,0,0,0,0,0,0,0,0,0,0,0,0,0,0,0,0,0,3.66E-05,0,0,0,0,0,0,0,0,0,0,0,0,0,0,0,0,0,0,0,0,0,0,0,0,0,0,0,0,0,0,0,0,0,0,0,0,0,0,0,0,0,0,0,0,0,0,0,0,0,0,0,0,0,0,0,0,0,0,0,0,0,0
K160QVVY.04,0,0,0,0,0,0,0,0,0,0,0,0,0,0,0,0,0,0,0,0,0,0,0,0,0,0,0.896224175,0,0,0,0,0,0,0,0,0,0,0,0,0,0,0,0,0,0,0,0,0,0,0,0,0,0,0,0,0,0,0,0,0,0,0,0,0,0,0,0,0,0,0,0,0,0,0,0,0,0,0,0,0,0,0,0,0,0,0,0,0,0,0,0,0,0,0,0,0,0,0,0,0,0,0,0,0,0,0,0,0,0,0,0,0,0,0,0,0,0,6.78E-05,0,0,0,0,0,0,0,0,0,0,0,0.003765648,0,0,6.78E-05,0,0,0,0.099195983,0,0,0,3.39E-05,0,0,0,0,0,0,0,0,0,0,0,0,0,0,0,0,0.000101774,0,0,0,0,0,0,6.78E-05,0,0,0,0,0,0,0,0,0,0,0,0,0,0,0,0,0,0,0,0,0,0,0,0,0,0,0,0,0,0,0,0,0,0,0,0,0,0,0,0,0,0,0,0,0,0,0,0,0,0,0,0,0,0,0,0,0,0,0,0,0,0,0,0,0,0,0,0,0,0,0,0,0,0,0,0,0,0,0,0,0,0,0,0,0,0,0.000237473,0,0,0,0.000203549,0,0,0,0,0,0,0,0,0,0,0,0,0,0,0,0,0,0,0,0,0,3.39E-05
B160QXKR.04,0,0,0,0,0,0,0,0,0,0,0,0,0,0,0,0,0,0,0,0,0,0,0,0,0,0,0.590783516,0,0,0,0,0,0,0,0,0,0,0,0,0,0,0,0,0,0,0,0,0,0,0,0,0,0,0,0,0,0,0,0,0,0,0,0,0,0,0,0,0,0,0,0,0,0,0,0,0,0,0,0,0,0,0,0,0,0,0,0,0,0,0,0,0,0,0,0,0,0,0,0,0,0,0,0,0,0,0,0,0,0,0,0,0,0,0,0,0,0,0,0,0,0,0,0,0,0,0,0,0,0,0.010091321,0,0,0,0,0,0,0.374606707,0,0,0,0,0,0,0,0,0,0,0,0,0.000729031,0,0,0,0,0,0,0,3.84E-05,0,0,0,0,0,0,0,0,0,0,0,0,0,0,0,0,0,0,0,0,0,0,0,0,0,0,0,0,0,0,0,0,0,0,0,0,0,0,0,0,0,0,0,0,0,0,0,0,0,0,0,0,0,0,0,0,0,0,0,0,0,0,0,0,0,0,0,0,0,0,0,0,0,0,0,0,0,0,0,0,0,0,0,0,0,0,0,0,0,0,0,0,0,0.000767401,0.022983654,0,0,0,0,0,0,0,0,0,0,0,0,0,0,0,0,0,0,0,0,0,0,0,0,0
E160PMFW.04,0,0,0,0,0,0,0,0,0,0,0,0,0,0,0,0,0,0,0,0,0,0,0,0,0,0,0.76627994,0,0,0,0,0,0,0,0,0,0,0,0,0,0,0,0,0,0,0,3.74E-05,0,0,0,0,0,0,0,0,0,0,0,0,0,0,0,0,0,0,0,0,0,0,0,0,0,0,0,0,0,0,0,0,0,0,0,0,0,0,0,0,0,0,0,0,0,0,0,0,0,0,0,0,0,0,0,0,0,0,0,0,0,0,0,0,0,0,0,0,0,0,0,0,0,0,0,0,0,0,0,0,0,0,0.029678144,0,0,0,0,0,0,0.140643713,0,0,0,0.000187126,0,0,0,0,0,0,0.001908683,0,0.059244012,0,0,0,0,0,0,0,0.000523952,0,0,0,0.000224551,0,0,0.000374251,0,0,0,0,0,0,0,0,0,0,0,0,0,0,0,0,0,0,0,0,0,0,0,0,0,0,0,0,0,0,0,0,0,0,0,0,0,0,0,0,0,0,0,0,0.000449102,0,0,0,0,0,0,0,0.000449102,0,0,0,0,0,0,0,0,0,0,0,0,0,0,0,0,0,0,0,0,0,0,0,0,0,0,0,0,0,0,0,0,0,0,0,0,0,0,0,0,0,0,0,0,0,0,0,0,0,0,0,0,0,0,0,0,0,0,0,0
H160RN2R.04,0,0,0,0,0,0,0,0,0,0,0,0,0,0,0,0,0,0,0,0,0,0,0.000198203,0,0,0,0.645844345,0,0,0,0,0,0,0,0,0,0,0,0,0,0,0,0,0,0,0,0.000396406,0,0,0,0,0,0,0,0,0,0,0,0,0,0,0,0,0,0,0,0,0,0,0,0,0,0,0,0,0.000165169,0.000462474,0,0,0,0,0.001453488,0,0,0,0,0,3.30E-05,0,0,0,0,0,0,0,0,0,0,0,0,0,0,0,0,0,0,0,0,0,0,0,0,0,0,0,0,0,0,0,0,0,0,0,0,0,0,0,0,0,0.000165169,0,0,0,0,0,0,0.000264271,0,0,0,0,0.001057082,0,0,0.051730973,0.000330338,0,0,0,0.015294662,0,0,0,0.00042944,0,0,0,0,0,0,0,0.000561575,0,0,6.61E-05,0,0,0,0,0.00069371,0,0,0,0,0,0,0,0,0,0,0,0,0,0,0,0,0,0,0,0,0,0,0,0,9.91E-05,0,0,0,0,0,0,0,0,0,0,0,0,0,0,0,0,0,0,0,0,0,0,0.000165169,0,0,0,0,0,0,0.007795983,0,0,0,0,0,0,0,0,0,0,0,0,0,0.000132135,0,0,0,0,0,0,0,0,0,0,0,0,0.272661205,0,0,0,0,0,0,0,0,0,0,0,0,0,0,0,0,0,0,0,0,0,0,0,0,0,0
H160Q8C5.04,0,0,0,0,0,0,0,0,0,0,0,0,0,0,0,0,0,0,0,0,0,0,5.11E-05,0,0,0,0.00163641,0.001125032,0,0.000971619,0,0,0,0,0,0,0,0,0.009511634,0,0,0,0,0,0,0,0.00327282,0,0,0,0,0,0,0,0,0,0,0,0,0,0,0,0,0,0,0,0,0,0,0,0,0,0,0,0,0.004091025,0.008079775,0,0,0,0,0.007517259,0,0,0,0,0,5.11E-05,0.001380721,0,0,0,0,0,0,0,0,0,0,0,0,0,0,0,0,0,0,0,0,0,0,0,0,0,0,0,0,0,0,0,0,0,0,0,0,0,0,0,0,0,0,0,0,0,0,0,0.001585272,0,0,0,0,0.006750192,0,0,0.000102276,0.000306827,0,0,0,0.11756584,0,0,0,0,0,0,0,0.001789824,0,0,0.000204551,0.001482997,0,0,0.001278445,0,0.000767067,0,0,0.372845819,0,0,0,0,0,0,0,0,0,0,0,0,0,0,0,0.000767067,0,0,0,0,0,0,0.000102276,0,0,0,0,0,0,0,0,0.003375096,0,0,0,0,0,0,0,0.001022756,0,0,0,0,0,0,0,0,0.000102276,0,0,0,0,0,0.118588596,0,0,0,0,0,0,0,0,0,0,0,0,0,0,0,0,0,0,0,0,0,0,0,0,0,0.000153413,0.329992329,0.003528509,0,0,0,0,0,0,0,0,0,0,0,0,0,0,0,0,0,0,0,0,0,0,0,0,0
F160P7HZ.04,0,0,0,0,0,0,0,0,0,0,0,0,0,0,0,0,0,0,0,0,0,0,0.000166715,0,0,0,0.000583504,0,0,0,0,0,0,0,0,0,0,0,8.34E-05,0,0,0,0,0,0,0,0.005043138,0,0,0,0,0,0,0,0,0,0,0,0.003167591,0,0,0,0,0,0,0,0,0,0,0,0,0,0,0,0,4.17E-05,0.001792189,0,0,0,0,0.004918101,0,0,0,0,0,0,0,0,0,0,0,0,0,0,0,0,0,0,0,0,0,0,0,0,0,0,0,0,0,0,0,0,0,0,0,0,0,0,0,0,0.004876422,0,0,0,0,0,0,0.054474222,0,0,0,0,0,0,0.66252657,0,0,0,0,0.005126495,0,0,0.012628683,4.17E-05,0,0.000416788,0,0.053432251,0,0,0,0,0,0,0,0.000958613,0,0,0,0.008877589,0,0,0,0,0,0,0,0,0,0,0,0,0,0,0,0,0,0,0,0,0,0,0,0,0,0,0,0,0,0,0,0,0,0.000208394,0,0,0,0,0,0,0,0,0,0,0,0,0,0,0,0,0,0,0,0,0,0,0,0,0,0,0,0,0.009169341,0,0,0,0,0,0,0,0,0,0,0,0,0,8.34E-05,0,0,0,0,0,0,0,0,0,0,0,0,0.171341641,0,0,0,0,0,0,0,0,0,0,0,0,0,0,4.17E-05,0,0,0,0,0,0,0,0,0,0,0
J160PSLS.04,0,0,0,0,0,0,0,0,0,0,0,0,0,0,0,0,0,0,0,0,0,0,0,0,0,0,0,0,0,0,0,0,0,0,0,0,0,0,0,0,0,0,0,0,0,0,0.004470939,0,0,0,0,0,0,0,0,0,0,0,0,0,0,0,0,0,0,0,0,0,0,0,0,0,0,0,0,0,0,0,0,0,0,0,0,0,0,0,0,0,0,0,0,0,0,0,0,0,0,0,0,0,0,0,0,0,0,0,0,0,0.012454758,0,0,0,0,0,0,0,0,0,0,0,0,0,0,0,0,0,0,0,0,0.04939323,0,0,0,0,0,0,0.857036406,0,0,0,0,0,0,0,0.015222482,0,0,0,0,0.006599957,0,0,0,0,0,0,0,0,0,0,0,0,0,0,0,0,0,0,0,0,0,0,0,0,0,0,0,0,0,0,0,0,0,0,0,0,0,0,0,0,0,0,0,0,0,0,0,0,0,0,0,0,0,0,0,0,0,0,0,0,0,0,0,0,0,0,0,0,0,0,0,0,0,0,0,0,0,0,0,0,0,0,0,0,0,0,0,0,0,0,0,0,0,0,0,0,0,0,0,0,0.041622312,0.013199915,0,0,0,0,0,0,0,0,0,0,0,0,0,0,0,0,0,0,0,0,0,0,0,0,0,0
E160PZY1.04,0,0,0,0,0,0,0,0,0,0,0,0,0,0,0,0,0,0,0,0,0,0,0.001122846,0,0,0,0.438085547,0.000210534,3.51E-05,0,0,0,0,0,0.000105267,0,0,0.000245623,0.00400014,0,0,0,0,0,0,0,0,0,0,0,0,0,0,0,0,0,0,0,0,0,0,0,0,0,0,0,0,0,0,0,0,0,0,0,0,0.000140356,0.000771957,0,0,0,0,0.00133338,0,0,0,0,0,0,0.000771957,0,0,0,0,0,0,0,0,0,0,0,0,0,0,0,0,0,0,0,0,0,0,0,0,0,0,0,0,0,0,0,0,0,0,0,0,0,0,0,0,0.025369311,0,0,0,0,0,0,0.483631005,0,0,0,0,0.000771957,0,0,0.00701779,0.000421067,0.000175445,0,0,0.031264255,0,0,0,0,0,0,0,0.000105267,0,0,0,0.000912313,0,0,0.000280712,0,0,0,3.51E-05,0,0,0,0,0,0,0,0,0,0,0,0,0,0,0,0,0,0,0,0,0,0,0,0.000245623,0,0,0,0,0,0.000456156,0,0,0,0,0,0,0,0,0,0,0,0.001087757,0,0,0,0,0,0,0.000245623,0,0,0,0,0,0,0.000736868,0,0,0,0,0,0,0,0,0,0,0,0,0,0.000105267,0,0,0,0,0.000210534,0,0,0,0,0,0,0,0,0,0,0,0.000105267,0,0,0,0,0,0,0,0,0,0,0,0,0,0,0,0,0,0,0,0,0,0
C160QTQ0.04,0,0,0,0,0,0,0,0,0,0,0,0,0,0,0,0,0,0,0,6.96E-05,0,0,0.002400668,0,0,0,0.726428224,0,0,0,0,0,3.48E-05,0,3.48E-05,0,0,0,0.000208754,0,0,0,0,3.48E-05,0,0,0.000278338,0,0,0,0,0,0,0,0,0,0,0,0,0,0,0,0,0,0,0,0,0,0,0,0,0,0,0,0,0.00288776,0.000417507,0,0,0,0,0.000835015,0,0,0,0,0,3.48E-05,6.96E-05,0,0,0,0,0,0,0,0,0,0,0,0,0,0,0,0,0,0,0,0,0,0,0,0,0,0,0,0,0.000278338,0,0,0,0,0,0,0,0,0,0,0,6.96E-05,0,0,0,0,0,0,0.000626261,0,0,0,0,0.000974184,0,0,0.207327256,0.004696959,0,0,0,0.045264769,0,0,0,0,0,0,0,0,0,0,0,0.004801336,0,0,6.96E-05,0,0,0,0.000173961,0,0,0,0,0,0,0,0,0,0,0,0,0,0,0,0,0,0,0,0,0,0,0,3.48E-05,0,0,0,0,0,3.48E-05,0,0,0,0,0,0,0,0.000173961,0,0,0,0.000208754,0,0,0,0,0,0,0.000104377,0.000347923,0,0,0,0,0,0.000487092,0,0,0,0,0,0,0,0,0,0,0,0,0,0.000382715,0,0,0,0,0,0,0,0,0,0,0,0,0,3.48E-05,0,0,3.48E-05,0,0,0,0,0,0,0,0,0,0,0.000139169,0,0,0,0,0,0,0,0,0,0,0
C160P86J.04,0,0,0,0,0,0,0,0,0,0,0,0,0,0,0,0,0,0,0,0,0,0,0.001302287,0,0,0,0.002083659,0,0,0,0,0,0,0,0,0,0,0,0,0,0,0,0,0,0,0,0.001510653,0,0,0,0,0,0,0,0,0,0,0,0,0,0,0,0,0,0,0,0,0,0,0,0,0,0,0,0,0.001614836,0.015835808,0,0,0,0,0.017450643,0,0,0,0,0,0,0,0,0,0,0,0,0,0,0,0,0,0,0,0,0,0,0,0,0,0,0,0,0,0,0,0,0,0,0,0,0,0,0,0,0.00281294,0,0,0,0,0,0,0.017919467,0,0,0,0,0,0,0.268271084,0,0,0,0,0,0,0,0,0,0.000729281,0.017763192,0,0.620253165,0,0,0,0,0,0,0,0,0,0,0,0.017294369,0,0,0,0,0,0,0,0,0,0,0,0,0,0,0,0,0,0,0,0,0,0,0,0,0,0,0,0,0,0,0,0,0,5.21E-05,0,0,0,0,0,0,0,0,0,0,0,0,0,0,0,0,0,0,0,0,0,0,0,0,0,0,0,0,0.007709538,0,0,0,0,0,0,0,0,0,0,0,0,0,0,0,0,0,0,0.006876074,0,0,0,0,0,0,0.000156274,0,0,0,0,0,0,0,0,0,0,0,0,0,0,0,0,0,0,0.00036464,0,0,0,0,0,0,0,0
G160Q461.04,0,0,0,0,0,0,0,0,0,0,0,0,0,0,0,0,0,0,0,0,0,0,3.22E-05,0,0,0,0.410768339,0,0,0,0,0,0,0,0,0,0,9.66E-05,0.000354222,0,0,0,0,0,0,0,0.003606621,0,0,0,0,0,0,0,0.000611837,0,0,0,0,0,0,0,0,0,0,0,0,0,0,0,0,0,0,0,0,9.66E-05,9.66E-05,0,0,0,0,3.22E-05,0,0,0,0,0,0,0.003187995,0,0,0,0,0,0,0,0,0,0,0,0,0,0,0,0,0,0,0,0,0,0,0,0,0,0,0,0,0,0,0,0,0,0,0,0,0,0,0,0,0.001030463,0,0,0,0,0.000257616,0.00016101,0.001320281,0.000289818,6.44E-05,0,0,0.008372512,0,0,0.109551105,0,0,0,0,0.451858054,0,0.000128808,0,0,0.000450828,0,0,0.00048303,0,0.000998261,0,0.000289818,0,0,0.001288079,0,0,0,0,0,0,0,0,0,0,0,0,0,0,0,0,0,0,0,0,0,0,0,0,0,0,0,0,0,0.000837251,0,0,3.22E-05,0.000805049,0,0,0,0,0,0.000837251,0,0,0,0,0,0,0,0,0,0,0,0,0.000225414,0.000966059,0,0,0.000547434,0,0,0,0,0,0,0,0,0,0,0,0,0,0,0,0,0,0,0,0,0,0,0,0,0,0,0,0,0,0.00032202,0,0,0,0,0,0,0,0,0,0,0,0,0,0,0,0,0,0,0,0,0,0,0,0,0,0
E160P8JG.06,0,0,0,0,0,0,0,0,0,0,0,0,0,0,0,0,0,0,0,0,0,0,0,0,0.002024707,0,0.015728161,0,0,0,0,0,0,0,0.020599196,0,0,0,0.036796854,0,0,0,0,0,0,0,0.014789166,0,0,0,0,0,0,0,0,0,0,0,0,0,0,0,0,0,0,0,0,0,0,0,0,0,0,0,0,0,0,0,0,0,0,0.005047096,0,0,0,0,0,0,0,0,0,0,0,0,0,0,0,0,0,0,0,0,0,0,0,0,0,0,0,0,0,0,0,0,0,0,0,0,0,0,0,0,0,0,0,0,0,0,0,0.011972182,0,0,0,0,0,0,0.716981132,0,0,0,0,0,0,0,0,0,0,0,0,2.93E-05,0,0,0,0,0,0,0,0,0,0,0,0,0,0,0,0,0,0,0,0,0,0,0,0,0,0,0,0,0,0,0,0,0,0,0,0,0,0,0,0,0,0,0.012382992,0,0,0,0,0,0,0,0,0,0,0,0.04920919,0,0,0,0,0,0.01408492,0,0,0,0,0,0,0.003169107,0.007658675,0,0,0,0,0,0,0,0,0,0,0,0,0,0,0,0,0,0,0,0,0,0,0,0,0.089468588,0,0,0,0,0,0,0,5.87E-05,0,0,0,0,0,0,0,0,0,0,0,0,0,0,0,0,0,0,0,0,0,0,0,0,0,0
J160PQ0M.04,0,0,0,0,0,0,0,0,0,0,0,0,0,0,0,0,0,0,0,0,0,0,0.000444682,0,0,0,0.145010672,0,0,0,0,0,0,0,0,0,0,0,0.004802561,0,0,0,0,0,0,0,0,0,0,0,0,0,0,0,0,0,0,0,0,0,0,0,0,0,0,0,0,0,0,0,0,0,0,0,0,0,0,0,0,0,0,0,0,0,0,0,0,0,0,0,0,0,0,0,0,0,0,0,0,0,0,0,0,0,0,0,0,0,0,0,0,0,0,0,0,0,0,0,0,0,0,0,0,0,0,0,0,0,0,0.014541089,0,0,0.001778726,0,0,0,0.004002134,0,0,0,0.000222341,0.002267876,0,0,4.45E-05,0.007203842,0,0,0,0.775035575,0,0,0,0,0,0,0,0,0,0,0,0.007959801,0,0,0.007959801,0,0.022100676,0,0,0,0,0,0,0,0,0,0,0,0,0,0,0,0,0,0,0,0,0,0,0,0,0,0,0,0,0,0,0,0,0,0,0,0,0,0,0,0,0,0,0,0,0,0,0,0,0,0,0.006447883,0,0,0,0,0,0,4.45E-05,0,0,0,0,0,0,0,0,0,0,0,0,0,0,0,0,0,0,0,0,0,0,0,0,0,0,0.000133404,0,0,0,0,0,0,0,0,0,0,0,0,0,0,0,0,0,0,0,0,0,0,0,0,0,0
E160R7TM.04,0,0,0,0,0,0,0,0,0,0,0,0,0,0,0,0,0,0,0,0,0,0,0,0,0,0,0.007484599,0.000403017,0,0,0,0,0,0,0.000690886,0,0,0,0.000575738,0,0,0,0,0,0,0,0.000403017,0,0,0,0,0,0,0,0,0,0,0,0.000690886,0,0,0,0,0,0,0,0,0,0,0,0,0,0,0,0,0,0,0,0,0,0,0,0,0,0,0,0,0,0,0,0,0,0,0,0,0,0,0,0,0,0,0,0,0,0,0,0,0,0,0,0,0,0,0,0,0,0,5.76E-05,0,0,0,0,0,0,0,0,0,0,0,0.007599747,0,0,0,0,0,0,0.459036214,0,0,0,5.76E-05,5.76E-05,0,0,0,0.000287869,0.032126202,0,0,0.349818642,0,0,0,0,0,0,0,0.000115148,0,0,0,0.000115148,0,0,0,0,0,0,0,0,0,0,0,0,0,0,0,0,0,0,0,0,0,0,0,0,0,0,0,0,0,0,0,0,0,0,0.000633312,0,0,0,0,0,0,0,0,0,0,0,0,0,0,0,0,0,0,0,0,0,0,0,0,0,0,0,0,0,0,0,0,0,0,0,0,0,0,0,0,0,0,0,0,0,0,0,0,0,0,0,0,0,0,0,0.139846854,0,0,0,0,0,0,0,0,0,0,0,0,0,0,0,0,0,0,0,0,0,0,0,0,0
H160PMQ8.04,0.000124657,0,0,0,0,0,0,0,0,0,0,0,0,0,0,0,0,0,0,0,0,0,0,0,0,0,0.470736724,0,0,0,0,0,0,0,0,0,0.00021815,6.23E-05,0.000280479,0,0,0,0,0,0,0,0,0,0,0,0,0,0,0,0,0,0,0,0,0,0,0,0,0,0,0,0,0,0,0,0,0,0,0,0,0,0,0,0,0,0,0,0,0,0,0,0,0,0,0,0,0,0,0,0,0,0,0,0,0,0,0,0,0,0,0,0,0,0,0,9.35E-05,0,0,0,0,0,0,0,0,0,0,0,0,0,0,0,0,0,0,0.022874595,0,0,0,0,0,0,0.487596609,0,0,0,3.12E-05,0.000373972,0,0,0.002337322,0,0,0,0,0.014709549,0,0,0,0,0,0,0,0,0,0,0,0,0,0,0,0,0,0,0,0,0,0,0,0,0,0,0,0,0,0,0,0,0,0,0,0,0,0,0,0,0,0,0,0,0,0,0,0,0,0,0,0,0,0,0,0,0,0,0,0,0,0,0,0,0,0,0,0,0,0,0,0,0,0,0,0,6.23E-05,0,0,0,0,0,0,0,0,0,0,0,0,0,0,0,0,0.000498629,0,0,0,0,0,0,0,0,0,0,0,0,0,0,0,0,0,0,0,0,0,0,0,0,0,0,0,0,0,0,0,0,0,0
A160Q2XF.04,9.07E-05,0,0,0,0,0,0,0,0,0,0,0,0,0,0,0,0,0,0,0,0,0,0,0,3.02E-05,0,0.756776358,0,0,0,0,0,0,0,6.04E-05,0,0,3.02E-05,0,0,0,0,0,0,0,0,0,0,0,0,0,0,0,0,0,0,0,0,0,0,0,0,0,0,0,0,0,0,0,0,0,0,0,0,0,9.07E-05,0,0,0,0,0,0,0,0,0,0,0,0,0,0,0,0,0,0,0,0,0,0,0,0,0,0,0,0,0,0,0,0,0,0,0,0,0,0,0,0,0,0,0,0,0,0,0,0,0,0,0,0,0,0.000815883,0,0,0,0,0,0,0.203728885,0,0,0,3.02E-05,0,0,0,6.04E-05,0,0,0.000362614,0,0.037651467,0,0,0,0,0,0,0,0,0,0,0,3.02E-05,0,0,0.000151089,0,0,0,0,0,0,0,0,0,0,0,0,0,0,0,0,0,0,0,0,0,0,0,0,0,0,0,0,0,0,0,0,0,0,0,0,0,0,0,0,0,0,0,0,0,0,0,0,0,0,0,0,0,0,0,0,0,0,0,0,0,0,0,0,0,0,0,0,0,0,0,0,0,0,0,0,0,0,9.07E-05,0,0,0,0,0,0,0,0,0,0,0,0,0,0,0,0,0,0,0,0,0,0,0,0,0,0,0,0,0,0,0,0,0,0
H160PYNW.04,0.000618279,0,0,0,0,0,0,0,0,0,0,0,0,0,0,0,0,0,0,0,0,0,0,0,0,0,0.257579438,0,0,0,0,0,0,0,0,0,0,0,2.21E-05,0,0,0,0,0,0,0,0,0,0,0,0,0,0,0,0,0,0,0,0,0,0,0,0,0,0,0,0,0,0,0,0,0,0,0,0,0.000375384,0,0,0,0,0,0,0,0,0,0,0,0,0,0,0,0,0,0,0,0,0,0,0,0,0,0,0,0,0,0,0,0,0,0,0,0,0,0,0,0,0,0,0,0,0,0,0,0,0,0,0,0,0,0.002826418,0,0,0,0,0,0,0.0145958,0,0,0,0,0,0,0,0,0,0,0,0,0.723805949,0,0,0,0,0,0,0,0,0,0,0,2.21E-05,0,0,4.42E-05,0,0,0,0,0,0,0,0,0,0,0,0,0,0,0,0,0,0,0,0,0,0,0,0,0,0,0,0,0,0,0,0,0,0,0,0,0,0,0,0,0,0,0,0,0,0,0,0,0,0,0,0,0,0,0,0,0,0,0,2.21E-05,0,0,0,0,0,0,0,0,0,0,0,0,0,0,0,0,0,0,0,0,0,0,0,0,0,0,0,0,0,0,0,0,0,0,0,0,0,0,0,0,0,0,0,0,0,0,0,0,0,0,0,8.83E-05,0
F160Q2HW.04,7.90E-05,0,0,0,0,0,0,0,0,0,0,0,0,0,0,0,0,0,0,0,0,0,0.000157947,0,0,0,0.729792695,0,0,0,0,0,0,0,0.063178677,0,0,0.000552813,0.0011846,0,0,0,0,0.000750247,0,0,0.00023692,0,0,0,0,0,0,0,0,0,0,0,0,0,0,0,0,0,0,0,0,0,0,0,0,0,0,0,0,0,0.001382034,0,0,0,0,0,0,0,0,0,0,0,0,0,0,0,0,0,0,0,0,0,0,0,0,0,0,0,0,0,0,0,0,0,0,0,0,0,0,0,0,0,0,0,0,0,0,0,0,0,0,0,0,0.009555775,0,0,0,0,0,0,0.006673248,0,0.00248766,0,7.90E-05,0.001224087,0,0,3.95E-05,0.000513327,0,0,0,0.112773939,0,0,0.004817374,0,0,0,0,0,0,0.012359329,0,0.005054294,0,0,0,0,0.001934847,0,0,0,0,0,0,0,0,0,0,0,0,0,0,0,0,0,0,0,0,0,0,0,0,0,0,0,0,0.0023692,0,0,0,0,0,0.00011846,0,0,0,0,0,0.033168806,0,0,0.005528134,0,0,0,0,0,0,0.000276407,0.0011846,0,0,0,0,0,0.000315893,0,0,0,0,0,0,0,0,0,0,0,0,0,0,0,0,0,0,0,0,0,0,0,0,0,0,0.000434353,0,0,0,0.0017769,0,0,0,0,0,0,0,0,0,0,0,0,0,0,0,0,0,0,0,0,0,0
B160QYQF.04,0,0,0,0,0,0,0,0,0,0,0,0,0,0,0,0,0,0,0,0,0,0,0,0,0,0,0.149038725,0,0,0,0,0,0,0,0,0,0,0,0,0,0,0,0,0,0,0,0,0,0,0,0,0,0,0,0,0,0,0,0,0,0,0,0,0,0,0,0,0,0,0,0,0,0,0,0,0,0,0,0,0,0,0,0,0,0,0,0,0,0,0,0,0,0,0,0,0,0,0,0,0,0,0,0,0,0,0,0,0,0,0,0,0,0,0,0,0,0,0,0,0,0,0,0,0,0,0,0,0,0,0.007394424,0,0,0,0,0,0,0.536670866,0,0,0,5.48E-05,0,0,0,0,0,0,0,0,0.000657282,0,0,0,0,0,0,0,5.48E-05,0,0,0,0,0,0,0,0,0,0,0,0,0,0,0,0,0,0,0,0,0,0,0,0,0,0,0,0,0,0,0,0,0,0,0,0,0,0,0,0,0,0,0,0,0,0,0,0,0,0,0,0,0,0,0,0,0,0,0,0,5.48E-05,0,0,0,0,0,0,0,0,0,0,0,0,0,0,0,0,0,0,0,0,0,0,0,0,0,0,0,0,0,0,0,0,0.000766829,0.305198006,0,0,0.000109547,0,0,0,0,0,0,0,0,0,0,0,0,0,0,0,0,0,0,0,0,0,0
J160PTFM.04,0,0,0,0,0,0,0,0,0,0,0,0,0,0,0,0,0,0,0,0,0,0,0.00084475,0,0.002350608,0,0.830756235,0.001836412,0,0,0.000477467,0,0,0.000183641,0.000514195,0,0,0,0.004370661,0,0,0,0,0,0.000440739,0,0.00293826,0,0,0,0,0.000367282,0,0,0.000477467,0,0,0,0,0,0,0,0,0,0,0,0,0,0,0,0,0,0,0,0,0,0.000550924,0,0,0,0,0,0,0,0,0,0,0,0,0,0,0,0,0,0,0,0,0,0,0,0,0,0,0,0,0,0,0,0,0,0,0,0,0,0,0,0,0,0,0,0,0,0,0,0,0,0,0,0,0.00378301,0,0,0,0,0,0.000293826,0.021926764,0,0,0,0.000146913,0.000587652,0,0,0,0,0,0,0,0.12219488,0,0,0,0,0,0,0,0,0,0,0,0.001285489,0,0,3.67E-05,0,0,0,0,0,0,0,0,0,0,0,0,0,0,0,0,0,0,0,0,0,0,0,0,0,0,0,0,0,0,0,0,0,0,0,0,0.001616043,0,0,0,0,0,0,0,0,0,0,0,0,0,0,0,0,0.000220369,0,0,0,0,0,0,0,0,0,0,0,0,0,0,0,0,0,0,0,0,0,0,0,0,0,0,0,0,0,0,0,0.000146913,0,0,0,0,0.000404011,0,0,0,0,0,0,0,0,0,0,0,0,0,0,0,0,0,0,0,7.35E-05,0,0.001175304
B160PRFN.04,6.61E-05,0,0,0,0,0,0,0,0,0,0,0,0,0,0,0,0,0,0,0,0,0,0,0,0,0,0.766279724,0,0,0,0,0,0,0,0,0,0,0,0,0,0,0,0,0,0,0,0.000264577,0,0,0,0,3.31E-05,0,0,0,0,0,0,3.31E-05,0,0,0,0,0,0,0,0,0,0,0,0,0,0,0,0,0,0,0,0,0,0,0,0,0,0,0,0,0,0,0,0,0,0,0,0,0,0,0,0,0,0,0,0,0,0,0,0,0,0,0,0,0,0,0,0,0,0,6.61E-05,0,0,0,0,0,0.000396865,0,0,0,0,0,0.004100936,0,0,0,0,0,0,0.147302973,0,0,0,6.61E-05,0,0,0,0.03300592,0,0,0,0,0.047722988,0,0,0,0,0,0,0,0,0,0,0,0.00016536,0,0,0,0,0,0,0,0,0,0,0,0,0,0,0,0,0,0,0,0,0,0,0,0,0,0,0,0,0,0,0,0,0,0,0,0,0,0,0,0,0,0,0,0,0,0,0,0,0,0,0,0,0,0,0,0,0,0,0,0,0,0,0.00016536,0,0,0,0,0,0,0,0,0,0,0,0,0,9.92E-05,0,0,0,0,0.000198432,0,0,0,0,0,0,0,0,0,0,0,3.31E-05,0,0,0,0,0,0,0,0,0,0,0,0,0,0,0,0,0,0,0,0,0,0
A160PSB7.04,0,0,0,0,0,0,0,0,0,0,0,0,0,0,0,0,0,0,0,7.76E-05,0,0,3.88E-05,0,0,0,0.062322946,0,0,0,0,0,0,0,0,0,0,0,0,0,0,0,0,0,0,0,3.88E-05,0,0,0,0,0,0,0,0,0,0,0,0,0,0,0,0,0,0,0,0,0,0,0,0,0,0,0,0,3.88E-05,0.000310451,0,0,0,0,0,0,0,0,0,0,0,0,0,0,0,0,0,0,0,0,0,0,0,0,0,0,0,0,0,0,0,0,0,0,0,0,0,0,0,0,0,0,0,0,0,0,0,0,0,0,0,0,0.033101789,0,0,0,0,0,0,0.883813885,0,0,0,0,0.000388063,0,0,0.001358221,0,0,0,0,0.018238969,0,0,0,0,0,0,0,0,0,0,0,0.000271644,0,0,0,0,0,0,0,0,0,0,0,0,0,0,0,0,0,0,0,0,0,0,0,0,0,0,0,0,0,0,0,0,0,0,0,0,0,0,0,0,0,0,0,0,0,0,0,0,0,0,0,0,0,0,0,0,0,0,0,0,0,0,0,0,0,0,0,0,0,0,0,0,0,0,0,0,0,0,0,0,0,0,0,0,0,0,0,0,0,0,0,0,0,0,0,0,0,0,0,0,0,0,0,0,0,0,0,0,0,0,0,0,0,0,0,0
A160PPPP.04,0,0,0,0,0,0,0,0,0,0,0,0,0,0,0,0,0,0,0,0,0,0,0,0,0,0,0.016645036,0,0,0,0,0,0,0,0,0,0,0,3.24E-05,0,0,0,0,0,0,0,0.000162232,0,0,0,0,0,0,0,0,0,0,0,0,0,0,0,0,0,0,0,0,0,0,0,0,0,0,0,0,0,0,0,0,0,0,0,0,0,0,0,0,0,0,0,0,0,0,0,0,0,0,0,0,0,0,0,0,0,0,0,0,0,0,0,0,0,0,0,0,0,0,0,0,0,0,0,0,0,0,0,0,0,0,0.041985724,0,0,0,0,0,0,0.939617132,0,0,0,0,0,0,0,0.000324465,0,0,0,0,0.000746269,0,0,0,0,0,0,0,0,0,0,0,3.24E-05,0,0,0.000292018,0,0,0,0,0,0,0,0,0,0,0,0,0,0,0,0,0,0,0,0,0,0,0,0,0,0,0,0,0,0,0,0,0,0,0,0,0,0,0,0,0,0,0,0,0,0,0,0,0,0,0,0,0,0,0,0,0,0,0,0,0,0,0,0,0,0,0,0,0,0,0,0,0,0,0,0,0,0,0,0,0,0,0,0,0,0,0.000129786,0,0,0,0,0,0,0,0,0,0,0,0,0,0,0,0,0,3.24E-05,0,0,0,0,0,0,0,0
E160PL5Y.04,0,0,0,0,0,0,0,0,0,0,0,0,0,0,0,0,0,0,0,0,0,0,0,0,0,0,0.000410266,0,0,0,0,0,0,0,0.000364681,0,0,0,0,0,0,0,0,0,0,0,0.001048457,0,0,0,0,0,0,0,0,0,0,0,0,0,0,0,0,0,0,0,0,0,0,0,0,0,0,0,0,0.001002872,0,0,0,0,0,0,0,0,0,0,0,0,0,0,0,0,0,0,0,0,0,0,0,0,0,0,0,0,0,0,0,0,0,0,0,0,0,0,0,0,0,0,0,0,0,0,0,0,0,0,0,0,0,0.045585085,0,0,0,0,0,0,0.848384009,0,0,0,0,0,0,0,0.038245886,0,0,0,0,0.004740849,0,0,0,0,0,0,0,0,0,0,0,0,0,0,0.001048457,0,0,0,0,0,0,0,0,0,0,0,0,0,0,0,0,0,0,0,0,0.001185212,0,0,0,0,0,0,0,0,0,0,0,0,4.56E-05,0,0,0,0,0,0,0,0,0,0,0,0,0,0,0,0,0,0,0,0,0,0,0,0,0,0,0,0,0,0,0,0,0,0,0,0,0,0,0,0,0,0,0,0,0,0,0,0,0,0,0,0,0.057938642,0,0,0,0,0,0,0,0,0,0,0,0,0,0,0,0,0,0,0,0,0,0,0,0,0,0
G160PFQN.04,0,0,0,0,0,0,0,0,0,0,0,0,0,0,0,0,0,0,0,0,0,0,0,0,0,0,0.003333025,0,0,0,0,0,0,0,0,0,0,0,0.000277752,0,0,0,0,0,0,0,0.000740672,0,0,0,0,0,0,0,0,0,0,0,0,0,0,0,0,0,0,0,0,0,0,0,0,0,0,0,0,0,0.047958522,0,0,0,0,0.005092121,0,0,0,0,0,0,0,0,0,0,0,0,0,0,0,0,0,0,0,0,0,0,0,0,0,0,0,0,0,0,0,0,0,0,0,0,0,0,0,0,0,0,0,0,0,0,0,0.055920748,0,0,0,0,0,0,0.852097028,0,0,0,0,0,0,0,0,0,0,0,0,0.027358578,0,0,0,0,0,0,0,0,0,0,0,0,0,0,0,0,0,0,0,0,0,0,0,0,0,0,0.000740672,0,0,0,0,0,0,0,0,0,0,0,0,0,0,0,0,0,0,0,0,0.000601796,0,0,0,0,0,0,0,0,0,0,0,0,0,0,0,0,0,0,0,0,0,0,0,0,0,0,0.005879085,0,0,0,0,0,0,0,0,0,0,0,0,0,0,0,0,0,0,0,0,0,0,0,0,0,0,0,0,0,0,0,0,0,0,0,0,0,0,0,0,0,0,0,0,0,0,0,0,0,0,0,0,0
B160PGYC.04,0,0,0,0,0,0,0,0,0,0,0,0,0,0,0,0,0,0,0,0,0,0,9.03E-05,0,0,0,0.000451325,0,0,0,0,0,0,0,0,0,0,0.000631854,0.002076093,0,0,0,0,0,0,0,0.012772487,0,0,0,0,0,0,0,0,0,0,0,0,0,0,0,0,0,0,0,0,0,0,0,0,0,0,0,0,0,0,0,0,0,0,0,0,0,0,0,0,0,0,0,0,0,0,0,0,0,0,0,0,0,0,0,0,0,0,0,0,0,0,0,0,0,0,0,0,0,0,0,0,0,0,0,0,0,0,0,0,0,0,0.061425283,0,0,0,0,0,0,0.887800695,0,0,0,0,0.00640881,0,0,0,0.001489371,0,0,0,0.022069775,0,0,0,0,0,0,0,0,0,0,0,0,0,0,0.001128312,0,0,0,0,0,0,0,0,0,0,0,0,0,0,0,0,0,0,0,0,0,0,0,0,0,0,0,0,0,0,0,0,0,0,0,0,0,0,0,0,0,0,0,0,0,0,0,0,0,0,0,0,4.51E-05,0,0,0,0,0,0,0.00311414,0,0,0,0,0,0,0,0,0.000496457,0,0,0,0,0,0,0,0,0,0,0,0,0,0,0,0,0,0,0,0,0,0,0,0,0,0,0,0,0,0,0,0,0,0,0,0,0,0,0,0,0,0,0,0
C160PQRM.04,0,0,0,0,0,0,0,0,0,0,0,0,0,0,0,0,0,0,0,0,0,0,0,0,0,0,0.00012138,0,0,0,0,0,0,0,0,0,0,0,0,0,0,0,0,0,0,0,0,0,0,0,0,0,0,0,0,0,0,0,0,0,0,0,0,0,0,0,0,0,0,0,0,0,0,0,0,0,0,0,0,0,0,0,0,0,0,0,0,0,0,0,0,0,0,0,0,0,0,0,0,0,0,0,0,0,0,0,0,0,0,0,0,0,0,0,0,0,0,0,0,0,0,0,0,0,0,0,0,0,0,0.044934819,0,0,0,0,0,0,0.953584347,0,0,0,0,0,0,0,0,0,0,0,0,0.001359454,0,0,0,0,0,0,0,0,0,0,0,0,0,0,0,0,0,0,0,0,0,0,0,0,0,0,0,0,0,0,0,0,0,0,0,0,0,0,0,0,0,0,0,0,0,0,0,0,0,0,0,0,0,0,0,0,0,0,0,0,0,0,0,0,0,0,0,0,0,0,0,0,0,0,0,0,0,0,0,0,0,0,0,0,0,0,0,0,0,0,0,0,0,0,0,0,0,0,0,0,0,0,0,0,0,0,0,0,0,0,0,0,0,0,0,0,0,0,0,0,0,0,0,0,0,0,0,0
K160P4QF.04,0,0,0,0,0,0,0,0,0,0,0,0,0,0,0,0,0,0,0,0,0,0,0,0,0,0,0.012954196,0,0,0,0,0,0,0,0,0,0,0,0,0,0,0,0,0,0,0,0,0,0,0,0,0,0,0,0,0,0,0,0,0,0,0,0,0,0,0,0,0,0,0,0,0,0,0,0,0,0,0,0,0,0,0,0,0,0,0,0,0,0,0,0,0,0,0,0,0,0,0,0,0,0,0,0,0,0,0,0,0,0,0,0,0,0,0,0,0,0,0,0,0,0,0,0,0,0,0,0,0,0,0.068866363,0,0,0,0,0,0,0.916204363,0,0,0,0,0,0,0,2.90E-05,0,0,0,0,0.001887943,0,0,0,0,0,0,0,0,0,0,0,0,0,0,0,0,0,0,0,0,0,0,0,0,0,0,0,0,0,0,0,0,0,0,0,0,0,0,0,0,0,0,0,0,0,0,0,0,0,0,0,0,0,0,0,0,0,0,0,0,0,0,0,0,0,0,0,0,0,0,0,0,0,0,0,0,0,0,0,0,0,0,0,0,0,0,0,0,0,0,0,0,0,0,0,0,0,0,0,0,0,0,0,0,0,0,0,0,0,0,0,0,0,0,0,0,0,0,0,0,0,0,0,0,0,0,0,5.81E-05
A160PNVS.04,0,0,0,0,0,0,0,0,0,0,0,0,0,0,0,0,0,0,0,0,0,0,0,0,0,0,0.000142782,0,0,0,0,0,0,0,0,0,0,0,0,0,0,0,0,0,0,0,0,0,0,0,0,0,0,0,0,0,0,0,0,0,0,0,0,0,0,0,0,0,0,0,0,0,0,0,0,0,0,0,0,0,0,0,0,0,0,0,0,0,0,0,0,0,0,0,0,0,0,0,0,0,0,0,0,0,0,0,0,0,0,0,0,0,0,0,0,0,0,0,0,0,0,0,0,0,0,0,0,0,0,0.050878111,0,0,0,0,0,0,0.947884441,0,0,0,0,0,0,0,0,0,0,0,0,0.000571129,0,0,0,0,0,0,0,0,0,0,0,0,0,0,0,0,0,0,0,0,0,0,0,0,0,0,0,0,0,0,0,0,0,0,0,0,0,0,0,0,0,0,0,0,0,0,0,0,0,0,0,0,0,0,0,0,0,0,0,0,0,0,0,0,0,0,0,0,0.000523535,0,0,0,0,0,0,0,0,0,0,0,0,0,0,0,0,0,0,0,0,0,0,0,0,0,0,0,0,0,0,0,0,0,0,0,0,0,0,0,0,0,0,0,0,0,0,0,0,0,0,0,0,0,0,0,0,0,0,0
F160PLMM.04,0,0,0,0,0,0,0,0,0,0,0,0,0,0,0,0,0,0,0,0,0,0,0,0,0,0,0.004515414,0,0,0,0,0,0,0,0,0,0,0,0,0,0,0,0,0,0,0,0.000410492,0,0,0,0,0,0,0,0,0,0,0,0,0,0,0,0,0,0,0,0,0,0,0,0,0,0,0,0,0,0.000697837,0,0,0,0,0,0,0,0,0,0,0,0,0,0,0,0,0,0,0,0,0,0,0,0,0,0,0,0,0,0,0,0,0,0,0,0,0,0,0,0,0,0,0,0,0,0,0,0,0,0,0,0,0.051639916,0,0,0,0.000656787,0,0,0.929313247,0,0,0,0,0,0,0,0,0,0,4.10E-05,0,0.010221255,0,0,0,0,0,0,0,0,0,0,0,0,0,0,0.000246295,0,0,0,0,0,0,0,0,0,0,0,0,0,0,0,0,0,0,0,0,0,0,0,0,0,0,0,0,0,0,0,0,0,0,0,0,0,0,0,0,0,0,0,0,0,0,0,0,0,0,0,0,0,0,0,0,0,0,0,0.000246295,0,0,0,0,0,0,0,0,0,0,0,0,0,0,0,0,0,0,0.000410492,0,0,0,0,0,0,0,0.000164197,0,0,0,0,0,0,0,0,0,0,0,0,0,0.001436723,0,0,0,0,0,0,0,0,0,0,0,0
B160P5PJ.04,0,0,0,0,0,0,0,0,0,0,0,0,0,0,0,0,0,0,0,0,0,0,0,0,0,0,0.00513631,0,0,0,0,0,0,0,0,0,0,0,0,0,0,0,0,0,0,0,0.010140919,0,0,0,0,0,0,0,0,0,0,0,0,0,0,0,0,0,0,0,0,0,0,0,0,0,0,0,0,0.0001317,0,0,0,0,0,0,0,0,0,0,0,0,0,0,0,0,0,0,0,0,0,0,0,0,0,0,0,0,0,0,0,0,0,0,0,0,0,0,0,0,0,0,0,0,0,0,0,0,0,0,0,0,0,0.041090478,0,0,0,0,0,0,0.943237192,0,0,0,0,0,0,0,0,0,0.000263401,0,0,0,0,0,0,0,0,0,0,0,0,0,0,0,0,0,0,0,0,0,0,0,0,0,0,0,0,0,0,0,0,0,0,0,0,0,0,0,0,0,0,0,0,0,0,0,0,0,0,0,0,0,0,0,0,0,0,0,0,0,0,0,0,0,0,0,0,0,0,0,0,0,0,0,0,0,0,0,0,0,0,0,0,0,0,0,0,0,0,0,0,0,0,0,0,0,0,0,0,0,0,0,0,0,0,0,0,0,0,0,0,0,0,0,0,0,0,0,0,0,0,0,0,0,0,0,0,0,0,0
D160P6HX.04,0,0,0,0,0,0,0,0,0,0,0,0,0,0,0,0,0,0,0,0,0,0,0,0,0,0,0.000323604,0,0,0,0,0,0,0,0,0,0,0,0,0,0,0,0,0,0,0,0.000323604,0,0,0,0,0,0,0,0,0,0,0,0,0,0,0,0,0,0,0,0,0,0,0,0,0,0,0,0,0,0,0,0,0,0,0,0,0,0,0,0,0,0,0,0,0,0,0,0,0,0,0,0,0,0,0,0,0,0,0,0,0,0,0,0,0,0,0,0,0,0,0,0,0,0,0,0,0,0,0,0,0,0,0.037602744,0,0,0,0,0,0,0.936638405,0,0,0,0,0,0,0,0,0,0,0,0,0.025046923,0,0,0,0,0,0,0,0,0,0,0,0,0,0,0,0,0,0,0,0,0,0,0,0,0,0,0,0,0,0,0,0,0,0,0,0,0,0,0,0,0,0,0,0,0,0,0,0,0,0,0,0,0,0,0,0,0,0,0,0,0,0,0,0,0,0,0,0,6.47E-05,0,0,0,0,0,0,0,0,0,0,0,0,0,0,0,0,0,0,0,0,0,0,0,0,0,0,0,0,0,0,0,0,0,0,0,0,0,0,0,0,0,0,0,0,0,0,0,0,0,0,0,0,0,0,0,0,0,0,0
E160PFPV.04,0,0,0,0,0,0,0,0,0,0,0,0,0,0,0,0,0,0,0,0,0,0,0,0,0,0,0.008734472,0.001116071,0,0,0,0,0,0,0,0,0,0,0,0,0,0,0,0,0,0,0.002426242,0,0,0,0,0,0,0,0,0,0,0,0,0,0,0,0,0,0,0,0,0,0,0,0,0,0,0,0,0,0,0,0,0,0,0,0,0,0,0,0,0,0,0,0,0,0,0,0,0,0,0,0,0,0,0,0,0,0,0,0,0,0,0,0,0,0,0,0,0,0,0,0,0,0,0,0,0,0,0,0,0,0,0.026882764,0,0,0,0,0.000727873,0,0.72355396,0,0,0,0,0,0,0,0.000679348,0,0,0.001116071,0,0.003590839,0,0,0,0,0,0,0,0,0,0,0,4.85E-05,0,0,0,0,0,0,0,0,0,0,0,0,0,0,0,0,0,0,0,0,0,0,0,0,0,0,0,0,0,0,0,0,0,0,0,0,0,0,0,0,0,0,0,0,0,0,0,0,0,0,0,0,0,0,0,0,0,0,0,0,0,0,0,0,0,0,0,0,0,0,0,0,0,0,0,0,0,0,0,0,0,0,0,0,0,0,0,0,0,0,0,0,0,0,0,0,0,0,0,0,0,0,0,0,0,0,0,0.231123835,0,0,0,0,0,0,0,0
J160P2WJ.04,0,0,0,0,0,0,0,0,0,0,0,0,0,0,0,0,0,0,0,0,0,0,0,0,0,0,0.714412295,0,0,0,0,0,0,0,0,0,0,0,0,0,0,0,0,0,0,0,0,0,0,0,0,0,0,0,0,0,0,0,0,0,0,0,0,0,0,0,0,0,0,0,0,0,0,0,0,0,0,0,0,0,0,0,0,0,0,0,0,0,0,0,0,0,0,0,0,0,0,0,0,0,0,0,0,0,0,0,0,0,0,0,0,0,0,0,0,0,0,0,0,0,0,0,0,0,0,0,0,0,0,0.008188457,0,0,0.000366647,0,0,0,0.109902533,0,0,0,6.11E-05,0,0,0,0.158513856,0,0.00015277,0,0,0.008280119,0,0,0,0,0,0,0,0,0,0,0,0,0,0,0,0,0,0,0,6.11E-05,0,0,0,0,0,0,0,0,0,0,0,0,0,0,0,0,0,0,0,0,0,0,0,0,0,0,0,0,0,0,0,0,0,0,0,0,0,0,0,0,0,0,0,0,0,0,0,0,0,0,0,0,0,0,0,0,0,0,0,0,0,0,0,0,0,0,0,0,0,0,0,0,0,0,0,0,0,0,0,0,0,6.11E-05,0,0,0,0,0,0,0,0,0,0,0,0,0,0,0,0,0,0,0,0,0,0,0,0,0,0
B160Q3PV.04,0,0,0,0,0,0,0,0,0,0,0,0,0,0,0,0,0,0,0,0,0,0,0.000140302,0,0,0,0.006594177,0,0,0,0,0,0,0,0,0,0,0,0.000491056,0,0,0,0,0,0,0,0.000771659,0,0,0,0,0,0,0,0,0,0,0,0,0,0,0,0,0,0,0,0,0,0,0,0,0,0,0,0,0,0,0,0,0,0,0,0,0,0,0,0,0,0,0,0,0,0,0,0,0,0,0,0,0,0,0,0,0,0,0,0,0,0,0,0,0,0,0,0,0,0,0,0,0,0,0,0,0,0,0,0,0,0,0.014661522,0,0,0,0,0,0,0.814030165,0,0,0,0,0.002665731,0,0,0,0,0,0,0,0.158681165,0,0,0,0,0,0,0,0,0,0,0,0.000280603,0,0,0.000210452,0,0,0,0,0,0,0,0,0,0,0,0,0,0,0,0,0,0,0,0,0.000982112,0,0,0,0,0,0,0,0,0,0,0,0,0,0,0,0.000280603,0,0,0,0,0,0,0,0,0,0,0,0,0,0,0.000210452,0,0,0,0,0,0,0,0,0,0,0,0,0,0,0,0,0,0,0,0,0,0,0,0,0,0,0,0,0,0,0,0,0,0,0,0,0,0,0,0,0,0,0,0,0,0,0,0,0,0,0,0,0,0,0,0,0,0,0,0,0
A160PT68.04,0,0,0,0,0,0,0,0,0,0,0,0,0,0,0,0,0,0,0,0,0,0,0,0,0,0,0.729293606,0,0,0,0,0,0,0,0,0,0,0.034147975,0,0,0,0,0,0,0,0,0.000535655,0,0,0,0,0,0,0,0,0,0,0,0.000937395,0,0,0,0,0,0,0,0,0,0,0,0,0,0,0,0,0,0,0,0,0,0,0,0,0,0,0,0,0,0,0,0,0,0,0,0,0,0,0,0,0,0,0,0,0,0,0,0,0,0,0,0,0,0,0,0,0,0,0,0,0,0,0,0,0,0,0,0,0,0,0,0,0,0,0,0,0,0.000535655,0,0,0,0,0,0,0,0.176632072,0,0,0.000535655,0,0.013993974,0,0,0,0,0,0,0,0,0,0,0,0,0,0,0.00167392,0,0,0,0,0,0,0,0,0,0,0,0,0,0,0,0,0,0,0,0,0,0,0,0,0,0,0,0,0,0,0.016873117,0,0,0.021493137,0,0,0,0,0,0,0,0,0,0,0,0.002544359,0,0,0,0,0.000803482,0,0,0,0,0,0,0,0,0,0,0,0,0,0,0,0,0,0,0,0,0,0,0,0,0,0,0,0,0,0,0,0,0,0,0,0,0,0,0,0,0,0,0,0,0,0,0,0,0,0,0,0,0,0,0,0,0,0,0,0,0,0
G160PLNF.04,0,0,0,0,0,0,0,0,0,0,0,0,0,0,0,0,0,0,0,0,0,0,0,0,0,0,0.953496214,0,0,0,0,0,0,0,0,0,0,0,0,0,0,0,0,0,0,0,0,0,0,0,0,0,0,0,0,0,0,0,0,3.07E-05,0,0,0,0,0,0,0,0,0,0,0,0,0,0,0,0,0,0,0,0,0,0,0,0,0,0,0,0,0,0,0,0,0,0,0,0,0,0,0,0,0,0,0,0,0,0,0,0,0,0,0,0,0,0,0,0,0,0,0,0,0,0,0,0,0,0,0,0,0,0.001992581,0,0,0,0,0,0,0.000214586,0,0,0,0,0,0,0,0,0,0,0,0,0.043468931,0,0,0,0,0,0,0,0,0,0,0,0,0,0,0,0,0,0,0,0,0,0,0,0,0,0,0,0,0,0,0,0,0,0,0,0,0,0,0,0,0,0,0,0,0,0,0,0,0,0,0,0,0,0,0,0,0,0,0,0,0,0,0,0,0,0,0,0,0,0,0,0,0,0,0.000797033,0,0,0,0,0,0,0,0,0,0,0,0,0,0,0,0,0,0,0,0,0,0,0,0,0,0,0,0,0,0,0,0,0,0,0,0,0,0,0,0,0,0,0,0,0,0,0,0,0,0,0,0,0
C160PMR2.04,0,0,0,0,0,0,0,0,0,0,0,0,0,0,0,0,0,0,0,0,0,0,0,0,0,0,0.851622501,0,0,0,0,0,0,0,0,0,0,0,0,0,0,0,0,0,0,0,0.000345949,0,0,0,0,0,0,0,0,0,0,0,0,0,0,0,0,0,0,0,0,0,0,0,0,0,0,0,0,3.46E-05,0,0,0,0,0,0,0,0,0,0,0,0,0,0,0,0,0,0,0,0,0,0,0,0,0,0,0,0,0,0,0,0,0,0,0,0,0,0,0,0,0,0,0,0,0,0,0,0,0,0,0,0,0,3.46E-05,0,0,0,0,0,0,0.001314606,0,0,0,0,0.001245416,0,0,0.129142739,3.46E-05,0,0,0,0.014944994,0,0,0,0,0,0,0,0,0,0,0,0,0,0,0,0,0,0,0,0,0,0,0,0,0,0,0,0,0,0,0,0,0,0,0,0,0,0,0,0,0,0,0,0,0,0,0,0,0,0,0,0,0,0,0,0,0,0,0,0,0,0,0,0,0,3.46E-05,0,0.000207569,0,0,0,0,0,0,0,0,0.001037847,0,0,0,0,0,0,0,0,0,0,0,0,0,0,0,0,0,0,0,0,0,0,0,0,0,0,0,0,0,0,0,0,0,0,0,0,0,0,0,0,0,0,0,0,0,0,0,0,0,0,0
D160PK27.04,0,0,0,0,0,0,0,0,0,0,0,0,0,0,0,0,0,0,0,0,0,0,0,0,0,0,0.258209565,0,0,0,0,0,0,0,0,0,0,0,0.000454194,0,0,0,0,0,0,0,0.001180906,0,0,0,0,0,0,0,0,0,0,0,0,0,0,0,0,0,0,0,0,0,0,0,0,0,0,0,0,0.000953808,0,0,0,0,0,0,0,0,0,0,0,0,0.005859109,0,0,0,0,0,0,0,0,0,0,0,0,0,0,0,0,0,0,0,0,0,0,0,0,0,0,0,0,0,0,0,0,0,0,0,0,0,0,0,0,0.006994595,0,0,0,0,0,0,0.188717809,0,0,0,4.54E-05,0.002089295,0,0,0.012762865,0,0,0,0,0.4892583,0,0,0,0,0,0,0,0,0,0,0,0.002906845,0,0,0.002180134,0,0,0,0,0,0,0,0,0,0,0,0,0,0,0,0,0,0,0,0,0,0,0,0,0,0,0,0,0,0,0,0,0,0.001498842,0,0,0,0,0,0,0,0,0,0,0,0,0,0,0,0,0,0,0,0,0,0,0,0,0,0.026888314,0,0,0,0,0,0,0,0,0,0,0,0,0,0,0,0,0,0,0,0,0,0,0,0,0,0,0,0,0,0,0,0,0,0,0,0,0,0,0,0,0,0,0,0,0,0,0,0,0,0,0,0,0
D160Q3DQ.04,0,0,0,0,0,0,0,0,0,0,0,0,0,0,0,0,0,0,0,0.000661323,0,0,0.006480967,0,0,0,0.525566754,0,0,0,0,0,0,0,0.000105812,0,0,0.000290982,0.004047298,0,0,0,0,0,0,0,0.003015634,0,0,0,0,0,0,0,0,0,0,0,0.004946697,0,0,0,0,0,0,0,0,0,0,0,0,0,0,0,0,0,0.007988784,0,0,0,0,0.00018517,0,0,0,0,0,0,0.000238076,0,0,0,0,0,0,0,0,0,0,0,0,0,0,0,0,0,0,0,0,0,0,0,0,0,0,0,0,0,0,0,0,0,0,0,0,0,0,0,0,0.001745893,0,0,0,0,0,0,0.001296193,0,0,0,0,0.006401608,0,0,0.052138719,0.00370341,0,0,0,0.354575034,0,0,0,0,0,0,0,0.00108457,0,0,0,0.010977965,0,0,0.001507817,0,0.001296193,0,0,0.005555115,0,0,0,0,0,0,0,0,0,0,0,0,0,0,0,0.000529059,0,0,0,0,0,0,0,0,0,0,0,0,0,0,0,0.000211623,0,0,0,0,0,0,0,0,0,0,0,0,0,0,0,0.000158718,0,0,0,0,0,0,0.004391186,0,0,0,0,0,0,0,0,0,0,0,0,0,0.000767135,0,0,0,0,0,0,0,0,0,0,0,0,0,0,0,0,0.000132265,0,0,0,0,0,0,0,0,0,0,0,0,0,0,0,0,0,0,0,0,0,0
C160PY5V.04,0,0,0,0,0,0,0,0,0,0,0,0,0,0,0,0,0,0,0,0.000135284,0,0,1.93E-05,0,0,0,0.808167288,0,0,0,0,0,0,0,0,0,0,0,1.93E-05,0,0,0,0,0,0,0,0.000231915,0,0,0,0,0,0,0,0,0,0,0,0,0,0,0,0,0,0,0,0,0,0,0,0,0,0,0,0,0,7.73E-05,0,0,0,0,0,0,0,0,0,0,0,0,0,0,0,0,0,0,0,0,0,0,0,0,0,0,0,0,0,0,0,0,0,0,0,0,0,0,0,0,0,0,0,0,0,0,0,0,0,0,0,0,7.73E-05,0,0,0,0,0,0,0.000212589,0,0,0,0,5.80E-05,0,0,0.179038711,0,0,1.93E-05,0,0.011383182,0,0,0,0,0,0,0,0,0,0,0,0.000173937,0,0,1.93E-05,0,0,0,0,0,0,0,0,0,0,0,0,0,0,0,0,0,0,0,0,0,0,0.000115958,0,5.80E-05,0,0,0,0,0,0,0,0,0,0,0,1.93E-05,0,0,0,0,0,0,0,0,0.000173937,0,0,0,0,0,0,0,0,0,0,0,0,0,0,0,0,0,0,0,0,0,0,0,0,0,0,0,0,0,0,0,0,0,0,0,0,0,0,0,0,0,0,0,0,0,0,0,0,0,0,0,0,0,0,0,0,0,0,0,0,0,0,0,0,0,0,0
C160R8H4.04,0,0,0,0,0,0,0,0,0,0,0,0,0,0,0,0,0,0,0,0,0,0,0.001033236,0,0.000516618,0,0.247632168,0,0,0,0,0,0,0,0,0,0,0.000344412,0.001205442,0,0,0,0,0.00086103,0,0,0.030997072,0,0,0,0,0,0,0,0,0,0.000688824,0,0.001033236,0,0,0,0,0,0,0,0,0,0,0,0,0,0,0,0,0,0,0,0,0,0,0,0,0,0,0,0,0,0.000516618,0,0,0,0,0,0,0,0,0,0,0,0,0,0,0,0,0,0,0,0,0,0,0,0,0,0,0,0,0,0,0,0,0,0,0,0,0,0,0,0,0.000688824,0,0,0,0,0,0,0.00637162,0,0,0,0,0.00981574,0,0,0.000344412,0.001205442,0,0,0,0.319097641,0,0,0,0,0,0,0,0,0,0,0,0.003444119,0,0,0.002583089,0,0,0,0,0,0,0,0,0,0,0,0,0,0,0,0,0,0,0,0,0.00895471,0,0,0,0,0,0,0,0,0,0,0,0,0,0,0,0.035991045,0,0,0.001033236,0,0,0,0,0,0.00086103,0,0,0,0,0,0,0,0,0,0,0,0,0,0.324608231,0,0,0,0,0,0,0,0,0,0,0,0,0,0,0,0,0,0,0,0,0,0,0,0,0,0,0.000172206,0,0,0,0,0,0,0,0,0,0,0,0,0,0,0,0,0,0,0,0,0,0,0,0,0,0
C160QXJV.04,0,0,0,0,0,0,0,0,0,0,0,0,0,0,0,0,0,0,0,0,0,0,0,0,0,0,0.000104961,0,0,0,0,0,0,0,0,0,0,0,0,0,0,0,0,0,0,0,0.000839689,0,0,0,0,0,0,0,0,0,3.50E-05,0,0,0,0,0,0,0,0,0,0,0,0,0,0,0,0,0,0,0.033657547,0,0,0,0,0,0,0,0,0,0,0,0,0,0,0,0,0,0,0,0,0,0,0,0,0,0,0,0,0,0,0,0,0,0,0,0,0,0,0,0,0,0,0,0,0,0,0,0,0,0,0,0,0,0.000104961,0,0,0.000559793,0,0,0,0.009586453,0,0,0,0,0,0,0,0,0.011055909,0,0,0,0.802078231,0,0,0,0,0,0,0,0,0,0,0,0,0,0,0,0,0,0,0,0,0,0,0,0,0,0,0,0,0,0,0,0,0,0,0,0,0,0,0,0,0,0,0,0,0,0.000244909,0,0,0,0,0,0,0,0,0,0,0,0,0,0,0,0,0,0,0,0.000104961,0,0.000524806,0,0,0,0,0,0,0.141067805,0,0,0,0,0,0,0,0,0,0,0,0,0,0,0,0,0,0,0,0,0,0,0,0,0,0,0,3.50E-05,0,0,0,0,0,0,0,0,0,0,0,0,0,0,0,0,0,0,0,0,0,0,0,0,0
H160QYK0.04,0,0,0,0,0,0,0,0,0,0,0,0,0,0,0,0,0,0,0,0,0,0,0,0,0,0,3.27E-05,0,0,0,0,0,0,0,0,0,0,0,0,0,0,0,0,0,0,0,0.000653766,0,0,0,0,0,0,0,0,0,0,0,0,0,0,0,0,0,0,0,0,0,0,0,0,0,0,0,0,0,0,0,0,0,0,0,0,0,0,0,0,0,0,0,0,0,0,0,0,0,0,0,0,0,0,0,0,0,0,0,0,0,0,0,0,0,0,0,0,0,0,0,0,0,0,0,0,0,0,0,0,0,0,0.000882584,0,0,0.000228818,0,0,0,0.008825837,0,0,0,0,0,0,0,0,0,0,3.27E-05,0.001961297,0.965546548,0,0,0,0,0,0,0,0,0,0,0,0,0,0,0,0,0,0,0,0,0,0,0,0,0,0,0,0,0,0,0,0,0,0,0,0,0,0,0,0,0,0,0,0,0,0.018828452,0,0,0,0,0,0,0,0,0,0,0,0.000588389,0,0,0,0,0,0,0,0,0,9.81E-05,0,0,0,0,0,0,0,0,0.000294195,0,0,0,0,0,0,0,0,0,0,0,0,0,0,0,0,0,0,0,0,0,0,0,0,3.27E-05,0,0,0,0,0,0,0,0,0,0,0,0,0,0,0,0,0,0,0,0,0,0,0,0,0,0.001993985
D160Q3NT.04,0,0,0,0,0,0,0,0,0,0,0,0,0,0,0,0,0,0,0,0,0,0,0.000467033,0,0,0,0.580769231,0,0,0,0,0,0,0,0,0,0,0,0,0,0,0,0,0,0,0,0.000906593,0,0,0,0,0,0,0,0,0,0,0,0,0,0,0,0,0,0,0,0,0,0,0,0,0,0,0,0,0,8.24E-05,0,0,0,0,0,0,0,0,0,0,0,0,0,0,0,0,0,0,0,0,0,0,0,0,0,0,0,0,0,0,0,0,0,0,0,0,0,0,0,0,0,0,0,0,0,0,0,0,0,0,0,0,0.000137363,0,0,0,0,0,0,0.000164835,0,0,0,0,0,0,0,0.021593407,0,0,0,0,0.073708791,0,0,0,0,0,0,0,0,0,0,0,0.00021978,0,0,0,0,0,0,0,0,0,0,0,0,0,0,0,0,0,0,0,0,0,0,0,0,0,0,0,0,0,0,0.000934066,0,0,0,0,0,0,0,0,0,0,0,0,0,0,0,0,0,0,0,0,0,0,2.75E-05,0,0.000247253,0.000686813,0,0.000302198,0,0,0,0,0,0,0,0,0,0,0,0,0,0,0,0,0,0,0,0,0,0,0,0,0,0,0,0,0,0,0.319752747,0,0,0,0,0,0,0,0,0,0,0,0,0,0,0,0,0,0,0,0,0,0,0,0,0,0
F160Q7XC.04,0,0,0,0,0,0,0,0,0,0,0,0,0,0,0,0,0,0,0,0,0,0,0.000760539,0,0,0,0.816637694,0,0,0,0,0,0,0,0,0,0,0,0.000543242,0,0,0,0,0,0,0,0,0,0,0,0,0,0,0,0,0,0,0,0,0,0,0,0,0,0,0,0,0,0,0,0,0,0,0,0,0,0,0,0,0,0,0,0,0,0,0,0,0,0.001883239,0,0,0,0,0,0,0,0,0,0,0,0,0,0,0,0,0,0,0,0,0,0,0,0,0,0,0,0,0,0,0,0,0,0,0,0,0,0,0,0,0,0,0,0,0,0,0,0.000579458,0,0,0,0,0.002571346,0,0,0.06714472,0.000398378,0,0,0,0.106946255,0,0,0,0,0,0,0,0,0,0,0,0.000760539,0,0,0,0,0,0,0,0,0,0,0,0,0,0,0,0,0,0,0,0,0,0,0,0,0,0,0,0,0,0,0,0,0,0.000977836,0,0,0,0,0,0,0,0,0,0,0,0,0,0,0,0,0,0,0,0,0,0,0.000760539,0,0,0,0,0,0,0,0,0,0,0,0,0,0,0,0,0,0,0,0,0,0,0,0,0,0,0,0,0,0,0,0,3.62E-05,0,0,0,0,0,0,0,0,0,0,0,0,0,0,0,0,0,0,0,0,0,0,0,0,0,0
J160RFRT.04,0,0,0,0,0,0,0,0,0,0,0,0,0,0,0,0,0,0,0,0,0,0,0,0,0,0,0.207529937,0,0,0,0,0,0,0,0,0,0,0,0,0,0,0,0,0,0,0,0.001657533,0,0,0,0,0,0,0,0,0,0,0,0,0,0,0,0,0,0,0,0,0,0,0,0,0,0,0,0,0,0,0,0,0,0,0,0,0,0,0,0,0,0,0,0,0,0,0,0,0,0,0,0,0,0,0,0,0,0,0,0,0,0,0,0,0,0,0,0,0,0,0,0,0,0,0,0,0,0,0,0,0,0,0.009674582,0,0,0,0,0,0,0.379169204,0,0,0,0,0,0,0,6.77E-05,0,0.003281239,0,0,0.000676544,0,0,0,0,0,0,0,3.38E-05,0,0,0,0,0,0,0,0,0,0,0,3.38E-05,0,0,0,0,0,0,0,0,0,0,0,0,0,0,0,0,0,0,0,0,0,0.000405927,0,0,0,0.000372099,0,0,0,0,0,0,0,0,0,0,0,0,0,0,0,0,0,0,0,0,0,0,0,0,0,0,0,0,0,0,0,0,0,0,0,0,0,0,0,0,0,0,0,0,0,0,0,0.396962316,0,0,0,0,0,0,0,0.000135309,0,0,0,0,0,0,0,0,0,0,0,0,0,0,0,0,0,0,0,0,0,0,0,0,0,0
D160R9F0.04,0,0,0,0,0,0,0,0,0,0,0,0,0,0,0,0,0,0,0,0,0,0,0,0,0,0,0.023289611,0,0,0,0,0,0,0,0,0,0,0.000260844,0,0,0,0,0,0,0,0,0.000186317,0,0,0,0,0,0,0,0,0,0,0,0,0,0,0,0,0,0,0,0,0,0,0,0,0,0,0,0,0,0,0,0,0,0,0,0,0,0,0,0,0,0,0,0,0,0,0,0,0,0,0,0,0,0,0,0,0,0,0,0,0,0,0,0,0,0,0,0,0,0,0,0,0,0,0,0,0,0,0,0,0,0,0.000149054,0,0,0,0,0,0,0.007303622,0,0,0,0,0,0,0,0,0,0,0,0,0.84531972,0,0,0,0,0,0,0,0,0,0,0,3.73E-05,0,0,0,0,0,0,0,0,0,0,0,0,0,0,0,0,0,0,0,0,0,0,0,0,0,0,0,0,0,0,7.45E-05,0,0,0.053472947,0,0,0.002496646,0,0,0,0,0,0,0,0,0,0,0,0.000596214,0,0,0,0,0,0,0,0,0,0,0,0,0,0.000447161,0,0,0,0,0,0,0,0,0,0,0,0,0,0,0,0,0,0,0,0,0,0,0,0,0,0,0.00298107,0.059770458,0,0,0.003614548,0,0,0,0,0,0,0,0,0,0,0,0,0,0,0,0,0,0,0,0,0,0
C160QVT4.04,0,0,0,0,0,0,0,0,0,0,0,0,0,0,0,0,0,0,0,0,0,0,0.000362939,0,0,0,0,0,0,0,0,0,0,0,0,0,0,0,0,0,0,0,0,0,0,0,0,0,0,0,0,0,0,0,0,0,0,0,0,0,0,0,0,0,0,0,0,0,0,0,0,0,0,0,0,0,0,0,0,0,0,0,0,0,0,0,0,0,0,0,0,0,0,0,0,0,0,0,0,0,0,0,0,0,0,0,0,0,0,0,0,0,0,0,0,0,0,0,0,0,0,0,0,0,0,0,0,0,0,0.024265049,0,0,0,0,0,0,0.964483849,0,0,0,0,0,0,0,0.000674029,0,0,0,0,0.006377353,0,0,0,0,0,0,0,0,0,0,0,0,0,0,0,0,0,0,0,0,0,0,0,0,0,0,0,0,0,0,0,0,0,0,0,0,0,0,0,0,0,0,0,0,0,0,0,0,0,0,0,0,0,0,0,0,0,0,0,0,0.002436875,0,0,0,0,0,0,0.000777726,0,0,0,0,0,0,0.000518484,0,0,0,0,0,0,0,0,0,0,0,0,0,0,0,0,0,0,0,0,0,0,0,0,0,0.000103697,0,0,0,0,0,0,0,0,0,0,0,0,0,0,0,0,0,0,0,0,0,0,0,0,0,0,0
H160RCRZ.04,0,0,0,0,0,0,0,0,0,0,0,0,0,0,0,0,0,0,0,0,0,0,0,0,0,0,0.032308494,0,0,0,0,0,0,0,0,0,0,0,0.000841785,0,0,0,0,0,0,0,0.000601275,0,0,0,0,0,0,0,0,0,0,0,0,0,0,0,0,0,0,0,0,0,0,0,0,0,0,0,0,0,0,0,0,0,0,0,0,0,0,0,0,0,0,0,0,0,0,0,0,0,0,0,0,0,0,0,0,0,0,0,0,0,0,0,0,0,0,0,0,0,0,0.063975628,0,0,0,0,0,0,0,0,0,0,0,0.009540225,0,0,0.303643725,0,0,0,0.19092476,0,0,0,0,0,0,0,0.00024051,0,4.01E-05,0,0,0.045456367,0,0,0,0,0,0,0,0,0,0,0,0,0,0,0.268849962,0,0,0,0,0,0,0,0,0,0,0,0,0,0,0,0,0,0,0,0,0,0,0,0,0,0,0,0,0,0,0,0,0,0,0,0,0,0,0,0,0,0,0,0,0,0,0,0,0,0,0,0,0.001603399,0.024091073,0,0,0,0,0,0,0,0.000440935,0,0,0,0,0,0,0,0,0,0,0,0,0,0,0,0,0,0,0,0,0,0,0,0,0,0,0,0,0.057441777,0,0,0,0,0,0,0,0,0,0,0,0,0,0,0,0,0,0,0,0,0,0
F160P04Z.04,0,0,0,0,0,0,0,0,0,0,0,0,0,0,0,0,0,0,0,0,0,0,0,0,0,0,0.091977955,0,0,0,0,0,0,0,0,0,0,0,0,0,0,0,0,0,0,0,0.017513778,0,0,0,0,0,0,0,0,0,0,0,0,0,0,0,0,0,0,0,0,0,0,0,0,0,0,0,0,0,0,0,0,0,0,0,0,0,0,0,0,0,0,0,0,0,0,0,0,0,0,0,0,0,0,0,0,0,0,0,0,0,0,0,0,0,0,0,0,0,0,0,0,0,0,0,0,0,0,0,0,0,0,0.135946111,0,0,0,0,0,0,0.014329455,0,0,0,0,0,0,0,0,0,0.731047152,0,0,0.009185548,0,0,0,0,0,0,0,0,0,0,0,0,0,0,0,0,0,0,0,0,0,0,0,0,0,0,0,0,0,0,0,0,0,0,0,0,0,0,0,0,0,0,0,0,0,0,0,0,0,0,0,0,0,0,0,0,0,0,0,0,0,0,0,0,0,0,0,0,0,0,0,0,0,0,0,0,0,0,0,0,0,0,0,0,0,0,0,0,0,0,0,0,0,0,0,0,0,0,0,0,0,0,0,0,0,0,0,0,0,0,0,0,0,0,0,0,0,0,0,0,0,0,0,0,0,0,0,0
B160NVWP.04,0,0,0,0,0,0,0,0,0,0,0,0,0,0,0,0,0,0,0,0,0,0,0,0,0,0,0.000814664,0,0,0,0,0,0,0,0,0,0,0,0,0,0,0,0,0,0,0,0,0,0,0,0,0,0,0,0,0,0,0,0,0,0,0,0,0,0,0,0,0,0,0,0,0,0,0,0,0,0,0,0,0,0,0,0,0,0,0,0,0,0.00203666,0,0,0,0,0,0,0,0,0,0,0,0,0,0,0,0,0,0,0,0,0,0,0,0,0,0,0,0,0,0,0,0,0,0,0,0,0,0,0,0,0.031808924,0,3.70E-05,0,0,0,0,0.964747269,0,0,0,3.70E-05,0,0,0,0,0,0.000185151,0,0,3.70E-05,0,0,0,0,0,0,0,0,0,0,0,0,0,0,0,0,0,0,0,0,0,0,0,0,0,0,0,0,0,0,0,0,0,0,0,0,0,0,0,0,0,0,0,0,0,0,0,0,0,0,0,0,0,0,0,0,0,0,0,0,0,0,0,0,0,0,0,0.000296241,0,0,0,0,0,0,0,0,0,0,0,0,0,0,0,0,0,0,0,0,0,0,0,0,0,0,0,0,0,0,0,0,0,0,0,0,0,0,0,0,0,0,0,0,0,0,0,0,0,0,0,0,0,0,0,0,0,0,0,0
B160RX3Z.04,0,0,0,0,0,0,0,0,0,0,0,0,0,0,0,0,0,0,0,0,0,0,0.003866976,0,5.73E-05,0,0.064077225,0,0,0,0,0,0,0,7.16E-05,0,0,0.000171866,0.001489502,0,0,0,0.000100255,0,0,0,0.000458308,0.000143221,0,0,0,0.000128899,0,0,0,0,0,0,5.73E-05,0,0,0,0,0,0,0,0,0,0,0,0,0,0,0,0,0.000243476,0.000773395,0.000186188,0,0,0,0.00282146,0,0,0,0,0,0.000214832,0.006731403,0,0,0,0,0,0,0,0,0,0,0,0,0,0,0,0,0,0,0,0,0,0,0,0,0,0,0,0,0,0,0,0,0,0,0,0,0,0,0,0,0.000415342,0,0,0,0,0,0,0.001389247,0,0,0,2.86E-05,0.004439861,0,0,0.000372375,0.004282318,0,0.00020051,0,0.743805677,0,0,0,0,0,0,0,0.000300765,0,0.000214832,0,0.002936037,0,0,0.000802039,0,0,0,0.000128899,0.015424938,0,0,0,0,0,0,0,0,0,0,0,0,0,0,0,0,0,0,0,0.000315087,0,0,0,0,0,8.59E-05,0,0,0,0,0,0.001088482,0,0.000100255,0,0,0,0,0,0,0.000300765,0,0,0,0,0,0,2.86E-05,0.000558563,0,0,0,0,0,0.007762596,0,0,0,0,0,0,0,0,0,0,0,0,0,0.001102804,0,0,0,1.43E-05,0,0,0,0,0,0,0,0.014221878,0.117713615,0,0,0,4.30E-05,0,0,0,0,0,0,0,0,0,0,0,0,0,0,0,0,0,0,0,0.000329409,0,0
G160SV6M.04,0,0,0,0,0,0,0,0,0,0,0,0,0,0,0,0,0,0,0,0,0,0,0.00240872,0,0,0,0.28765912,0,0,0,0,0,0,0,0.000167696,0,0,0,0.005945575,0,0,0,0,0,0,0,0.003155728,0,0,0,0,0,0,0,0,0,0.000243921,0,0.001280585,0,0,0,0,0,0,0,0,0,0,0,0,0,0,0,0,0.001966613,0.004893666,0,0,0,0,0.002225779,0,0,0,0,0,0,0.001067155,0,0,0,0,0,0,0,0,0,0,0,0,0,0,0,0,0,0,0,0,0,0,0,0,0,0,0,0,0.002515436,0,0,0,0,0,0,0,0,0,0,0,0.005396753,0,0.000426862,0,0,0,0,0.033676347,0,0,0,0.000945194,0.002911807,0,0,0.050323958,0.014589527,0,0.001372056,7.62E-05,0.236237518,0,0,0,0,0,0,0,0.003216709,0,0.000457352,0,0.021556521,0,0.000259166,0.00123485,0,0.002119064,0,0.000167696,0.006204741,0,0,0,0,0,0,0,0,0,0,0,0,0,0,0,0,0,0,0,0,0,0,0,0,0,0,0.000274411,0,0,0,0,0.000320146,0,0,0,0,4.57E-05,0,0,0,0,0,0,0,0,0,0,0.000350636,3.05E-05,0,0,0,0,0,0.122722769,0,0,0,0,0,0,0,0,0,0,0,0,0,0.001036664,0,0,3.05E-05,0,0.000670783,0,0,0,0,0,0,0.000121961,0.179327693,0,0,0,4.57E-05,0,0,0,0,0,0,0,0,0,0.000152451,0.000167696,0,0,0,0,0,0,0,0,0,0,0
E160RW3H.04,0,0,0,0,0,0,0,0,0,0,0,0,0,0,0,0,0,0,0,0.000111133,0,0,0.001389159,0,0,0,0.490956575,0,0,0,0,0,0,0,0.000138916,0,0,0.000111133,0.001805907,0,0,0,0,0,0,0,0.001722557,0,0,0,0,0,0,8.33E-05,0,0.003222849,0,0,0.000250049,0,0,0,0,0,0,0,0,0,0,0,0,0,0,0,0.000111133,0.000305615,0.00113911,0,0,0,0,0,0,0,0,0,0,0,0.000305615,0,0,0,0,0,0,0,0,0,0,0,0,0,0,0,0,0,0,0,0,0,0,0,0,0,0,0,0,0.000500097,0,0,0,0,0,0,0,0,0,0,0,0.022309894,0,0,0,0,0,0,0.00236157,0,0,0,0.002111522,0.002611619,0,0,0.021782013,0.003889645,0.000166699,0,5.56E-05,0.136443197,0,0,0,0.000222265,0.000194482,0,0,0.000944628,0,0,0,0.008973967,0,2.78E-05,0.001444725,0,5.56E-05,0,0,0.00113911,0,0,0,0,0,0,0,0,0,0,0,0,0,0,0,0,0,0,0,0,0,0,0,0,0,0,0,0,0,0,0,0.000111133,0,0,0,0,0,0,0,0,0,0,0,0,0,0,0,0.000138916,0.000194482,0,0,0,0,0,0.052260162,0,0,0,0,0,0,0,0,0,0,0,0,0,0.002055955,0,0,0,0,0,0,0,0,0,0,0,0,0.237962937,0,0,0,0.000166699,0,0,0,0,0,0,0,0,0,0.000166699,2.78E-05,0,0,0,0,0,0,0,0,0,0,2.78E-05
C160RV0W.04,0,0,0,0,0,0,0,0,0,0,0,0,0,0,0,0,0,0,0,0,0,0,0.001317451,0,0,0,0.034912444,0,0,0,0,0,0,0,0,0,0,0,0.001482132,0,0,0,0,0,0,0,0.001042982,0,0,0,0,0,0,0,0,0,0,0,0,0,0,0,0,0,0,0,0,0,0,0,0,0,0,0,0,0,0.004281715,0,0,0,0,0,0,0,0,0,0,0,0,0,0,0,0,0,0,0,0,0,0,0,0,0,0,0,0,0,0,0,0,0,0,0,0,0,0,0,0,0,0,0,0,0,0,0,0,0,0,0,0,0.015864303,0,0,0,0,0,0,0.242081572,0,0,0,0,0.008398748,0,0,0,0.000219575,0.000329363,0,0,0.679969259,0,0,0,0,0,0,0,0.000658725,0,0,0,0.002689795,0,0,0.001756601,0,0,0,0,0,0,0,0,0,0,0,0,0,0,0,0,0,0,0,0,0.000329363,0,0,0,0,0,0,0,0,0,0,0,0,0,0,0,0.000933194,0,0,0,0,0,0,0,0,0,0,0,0,0,0,0,0.000329363,0,0,0,0,0,0,0.003403414,0,0,0,0,0,0,0,0,0,0,0,0,0,0,0,0,0,0,0,0,0,0,0,0,0,0,0,0,0,0,0,0,0,0,0,0,0,0,0,0,0,0,0,0,0,0,0,0,0,0,0,0,0
B160SL66.06,0,0,0,0,0,0,0,0,0,0,0,0,0,0,0,0,0,0,0,0,0,0,2.82E-05,0,0,0,0.000958043,0,0,0,0,0,0,0,0,0,0,0,0.000281777,0,0,0,0,0,0,0,0.000140889,0,0,0,0,0,0,0,0,0,0,0,0,0,0,0,0,0,0,0,0,0,0,0,0,0,0,0,0,0.000788977,5.64E-05,0,0,0,0,0,0,0,0,0,0,2.82E-05,0.000225422,0,0,0,0,0,0,0,0,0.000197244,0,0,0,0,0,0,0,0,0,0,0,0,0,0,0,0,0,0,0,0,0,0,0,0,0,0,0,0,0,0,0,0.016793936,0,0,0,0,0,0,0.003212263,0,0,0,0.002113331,0.000169066,0,0,0.000112711,0.000225422,0,0,0,0.951956944,0,0,0,0,0,0,0,0.000140889,0,0,0,0.000197244,0,0,0,0,0,0,0,0.000394488,0,0,0,0,0,0,0,0,0,0,0,0,0,0,0,0,0,0,0,0,0,0,0,0,0.000535377,0,0,0,0,0,0,0.0002536,0,0,0,0,0,0,0,0,0,0,0,0,0,0,0,2.82E-05,0,0,0,0,0,0,0.000563555,0,0,0,0,0,0,0,0,0,0,0,0,0,0.000338133,0,0,0,0,0,0,0,0,0,0,0,0,0.020231621,0,0,0,0,0,0,0,0,0,0,0,0,0,0,2.82E-05,0,0,0,0,0,0,0,0,0,0,0
D160PZ9K.04,0,0,0,0,0,0,0,0,0,0,0,0,0,0,0,0,0,0,0,0,0,0,0.001793601,0,0,0,0.104589377,0,0,0,0,0,0,0,0,0,0,0.000784701,0.001928121,0,0,0,0,0.0004484,0,0,0.001524561,0,0,0,0,0,0,0,0,0,0,0,0.001972961,0,0,0,0,0,0,0,0,0,0,0,0,0,0,0,0,0,0.002735242,0,0,0,0,0,0,0,0,0,0,0,0.00040356,0,0,0,0,0,0,0,0,0,0,0,0,0,0,0,0,0,0,0,0,0,0,0,0,0,0,0,0,0,0,0,0,0,0,0,0,0,0,0,0,0.022397597,0,0,0,0,0,0,0.01347443,0,0.00013452,0,0.001233101,0,0,0,0,0.004551263,0,0,0.022868417,0.79723337,0,0,0,0,0,0,0,0.002623142,0,0,0,0.014303971,0,0,6.73E-05,0,0,0,0,8.97E-05,0,0,0,0,0,0,0,0,0,0,0,0,0,0,0,0,0,0,0,0,0,0,0,0,0,2.24E-05,0,0,0.000874381,0,0,0,0,0,0,0,0,0,0,0,0,0,0,0,0,0,0,0,0.002959442,0,0,0,0,0,0.0004484,0,0,0,0,0,0,0,0,0,0,0,0,0,0,0,0,0,0,0,0,0,0,0,0,0,0,2.24E-05,0,0,0,0.00051566,0,0,0,0,0,0,0,0,0,0,0,0,0,0,0,0,0,0,0,0,0,0
F160QB2X.04,0,0,0,0,0,0,0,0,0,0,0,0,0,0,0,0,0,0,0,9.78E-05,0,0,0.001051165,0,9.78E-05,0,0.6443396,0,0,0,0,0,4.89E-05,0,0,0,0,0,0.000562251,0,0,2.44E-05,0,0,0,0,0.000146674,0,0,0,0,0,0,0,0,0,2.44E-05,0,7.33E-05,0,0,0,0,0,0,0,0,0,0,0,0,0,0,0,0,0.005158041,0.054465006,0,0,0,0,0.002860146,0,0,0,0,0,0,0.00017112,0,0,0,0,0,0,0,0,0,0,0,0,0,0,0,0,0,0,0,0,0,0,0,0,0,0,0,0,2.44E-05,0,0,0,0,0,0,0,0,0,0,0,0.001955656,0,0.000366685,0,0,0,0,0.001173393,0,0,0,0.00017112,0.01515633,0,0,0.008067079,0.002004547,0,0.000122228,2.44E-05,0.241230107,0,0,0,0,0,0,0,0.001711199,0,0.001393405,0,0.002933483,0,2.44E-05,0.000488914,0,0.002175667,0,0,0.000757817,0,0,0,0,0,0,0,0,0,0,0,0,0,0,0,0,0,0,0,0,0,0,0,0,0,0,0,0,0,0,0,0,0,0,0,0,0,0,0,0,0,0,0,0,0,0,0.00017112,0.000220011,4.89E-05,0,0,0,0,0,0.005915858,0,0,0,0,0,0,0,0,0,0,0,0,0,0.004229105,0,0,0,0,2.44E-05,0,0,0,0,0,0,4.89E-05,0.000244457,0,0,0,0.000122228,0,0,0,0,0,0,0,0,0,7.33E-05,0,0,0,0,0,0,0,0,0,0,0,0
H160R7LQ.04,0,0,0,0,0,0,0,0,0,0,0,0,0,0,0,0,0,0,0,0,0,0,0,0,0,0,0.009488212,0,0,0,0,0,0,0,0,0,0,4.79E-05,0.004456584,0,0,0,0,0,0,0,0,0,0,0,0,0,0,0,0,0,0.000239601,0,0,0,0,0,0,0,0,0,0,0,0,0,0,0,0,0,0,0,0,0,0,0,0,0,0,0,0,0,0,0,0.000527123,0,9.58E-05,0,0,0,0,0,0,0,0,0,0,0,0,0,0,0,0,0,0,0,0,0,0,0,0,0,0,0,0,0,0,0,0,0,0,0,0,0,0,0.128378378,0,0,0,0,0,0,0.2426682,0,0,0,0.003498179,0.000239601,0,0,0,0,0,0,0,0.610168679,0,0,0,0,0,0,0,0,0,0,0,0,0,0,0,0,0,0,0,0,0,0,0,0,0,0,0,0,0,0,0,0,0,0,0,4.79E-05,0,0,0,0,0,0,0,0,0,0,0,0,0,0,0,0,0,0,0,0,0,0,0,9.58E-05,0,0,0,0,0,0,0,0,0,0,0,0,0,0,0,0,0,0,0,0,0,0,0,0,0,0,0,0,0,0,0,0,0,0,0,0,0,0,0,0,0,4.79E-05,0,0,0,0,0,0,0,0,0,0,0,0,0,0,0,0,0,0,0,0,0,0,0,0,0,0
D160QVB2.04,0,0,0,0,0,0,0,0,0,0,0,0,0,0,0,0,0,0,0,7.00E-05,0,0,0,0,0,0,0.318697479,0.001960784,0,0,0,0,0,0,0,0,0,7.00E-05,0,0,0,0,0,0,0,0,7.00E-05,0,0,0,0,0,0,0,0,0,0,0,0,0,0,0,0,0,0,0,0,0,0,0,0,0,0,0,0,0,0,0,0,0,0,0,0,0,0,0,0,0,0,0,0.000210084,0,0,0,0,0,0,0,0,0,0,0,0,0,0,0,0,0,0,0,0,0,0,0,0,0,0,0,0,0,0,0,0,0,0,0,0,0,0,0.06197479,0,0,0,0,0,0,0.611554622,0,0,0,0.004061625,0,0,0,0.000140056,0,7.00E-05,0,0,0.000910364,0,0,0,0,0,0,0,0,0,0,0,0,0,0,0,0,0,0,0,0,0,0,0,0,0,0,0,0,0,0,0,0,0,0,0,0,0,0,0,0,0,0,0,0,0,0,0,0,0,0,0,0,0,0,0,0,0,0,0,0.000210084,0,0,0,0,0,0,0,0,0,0,0,0,0,0,0,0,0,0,0,0,0,0,0,0,0,0,0,0,0,0,0,0,0,0,0,0,0,0,0,0,0,0,0,0,0,0,0,0,0,0,0,0,0,0,0,0,0,0,0,0,0,0,0,0,0,0,0,0
K160QPKS.04,0,0,0,0,0,0,0,0,0,0,0,0,0,0,0,0,0,0,0,0,0,0,0,0,0,0,0.635477057,0,0,0,0,0,0,0,0,0,0,0,0,0,0,0,0,0,0,0,0,0,0,0,0,0,0,0,0,0,0,0,0,0,0,0,0,0,0,0,0,0,0,0,0,0,0,0,0,0,0,0,0,0,0,0,0,0,0,0,0,0,0,0,0,0,0,0,0,0,0,0,0,0,0,0,0,0,0,0,0,0,0,0,0,0,0,0,0,0,0,0,0,0,0,0,0,0,0,0,0,0,0,0.062199452,0,0,0,0,0,0,0.279897533,0,0,0,0.004629005,0,0,0,0.001572963,0,0.015639747,0,0,0,0,0,0,0,0.000584243,0,0,0,0,0,0,0,0,0,0,0,0,0,0,0,0,0,0,0,0,0,0,0,0,0,0,0,0,0,0,0,0,0,0,0,0,0,0,0,0,0,0,0,0,0,0,0,0,0,0,0,0,0,0,0,0,0,0,0,0,0,0,0,0,0,0,0,0,0,0,0,0,0,0,0,0,0,0,0,0,0,0,0,0,0,0,0,0,0,0,0,0,0,0,0,0,0,0,0,0,0,0,0,0,0,0,0,0,0,0,0,0,0,0,0,0,0,0,0,0,0,0,0
F160QS83.04,0,0,0,0,0,0,0,0,0,0,0,0,0,0,0,0,0,0,0,6.60E-05,0,0,0,0,0,0,0.66782224,3.30E-05,0,0,0,0,0,0,0,0,0,0,0,0,0,0,0,0,0,0,0,0,0,0,0,0,0,0,0,0,0,0,0,0,0,0,0,0,0,0,0,0,0,0,0,0,0,0,0,0,0,0,0,0,0,0,0,0,0,0,0,0,0,0,6.60E-05,0,0,0,0,0,0,0,0,0,0,0,0,0,0,0,0,0,0,0,0,0,0,0,0,0,0,0,0,0,0,0,0,0,0,0,0,0,0,0.005810882,0,0,0,0,0,0,0.325673534,0,0,0,9.90E-05,0,0,0,0.000165082,0,0,0,0,3.30E-05,0,0,0,0,9.90E-05,0,0,0,0,0,0,0,0,0,0,0,0,0,0,0,0,0,0,0,0,0,0,0,0,0,0,0,0,0,0,0,0,0,0,0,0,0,0,0,0,0,0,0,0,0,0,0,0,0,0,0,0,0,0,0,0,0,0,0,0,0,0,0,0,0,0,0,0,0,0,0,0,0,0,0,0,0,0,0,0,0,0,0,0,0,0,0,0,0.000132066,0,0,0,0,0,0,0,0,0,0,0,0,0,0,0,0,0,0,0,0,0,0,0,0,0,0,0,0,0,0,0,0,0,0
G160R29M.04,0,0,0,0,0,0,0,0,0,0,0,0,0,0,0,0,0,0,0,8.48E-05,0,0,0,0,0,0,0.585737315,0.022908536,0,0,0,0,0,0,0,0,0,0,0,0,0,0,0,0,0,0,0.031393178,0,0,0,0,0,0,0,0,0,0,0,0,0,0,0,0,0,0,0,0,0,0,0,0,0,0,0,0,0,0,0,0,0,0,0,0,0,0,0,0,0,0,0,0,0,0,0,0,0,0,0,0,0,0,0,0,0,0,0,0,0,0,0,0,0,0,0,0,0,0,0,0,0,0,0,0,0,0,0,0,0,0,0.026896318,0,0,0,0,0,0,0.323434583,0,0,0,0.00224843,0,0,0,0,0,0.000806041,0,4.24E-05,0.006193789,0,0,0,0,8.48E-05,0,0,0,0,0,0,0,0,0,0,0,0,0,0,0,0,0,0,0,0,0,0,0,0,0,0,0,0,0,0,0,0,0,0,0,0,0,0,0,0,0,0,0,0,0,0,0,0,0,0,0,0,0,0,0,0,0,0,0,0,0,0,0,0,0,0,0,0,0,0,0,0,0,0,0,0,0,0,0,0,0,0,0,0,0,0,0,0,0.000169693,0,0,0,0,0,0,0,0,0,0,0,0,0,0,0,0,0,0,0,0,0,0,0,0,0,0,0,0,0,0,0,0,0,0
A160QYLT.04,0,0,0,0,0,0,0,0,0,0,0,0,0,0,0,0,0,0,0,3.92E-05,0,0,0,0,0,0,0.460132565,0.025297094,0,0,0,0,0,0,0,0,0,0.000117661,7.84E-05,0,0,0,0,0,0,0,3.92E-05,0,0,0,0,0,0,0,0,0,0,0,0,0,0,0,0,0,0,0,0,0,0,0,0,0,0,0,0,0,0,0,0,0,0,0,0,0,0,0,0,0,0,0,3.92E-05,0,0,0,0,0,0,0,0,0,0,0,0,0,0,0,0,0,0,0,0,0,0,0,0,0,0,0,0,0,0,0,0,0,0,0,0,0,0,0.010824803,0,0,0,0,0,0,0.487037691,0,0,0,0.000588305,0,0,0,0.000352983,0,0.000823626,0,0,0.013648665,0,0,0,0,0.000156881,0,0,0,0,0,0,0,0,0,3.92E-05,0,0,0,0,0,0,0,0,0,0,0,0,0,0,0,0,0,0,0,0,0,0,0,0,0,0,0,0,0,0,0,0,0,0,0,0,0,0,0,0,0,0,0,0,0,0,0,0,0,0,0,0,0,0,0,0,0,0,0,0,0,0,0,0,0,0,0,0,0,0,0,0,0,0,0,0,0,0,0.000549084,0,0,0,0,0,0,0,0.000235322,0,0,0,0,0,0,0,0,0,0,0,0,0,0,0,0,0,0,0,0,0,0,0,0,0,0
H160RB1Z.04,0,0,0,0,0,0,0,0,0,0,0,0,0,0,0,0,0,0,0,0,0,0,0,0,0,0,0.008571557,0,0,0,0,0,0,0,0,0,0,0,0.001301441,0,0,0,0,0,0,0,0,0,0,0,0,0,0,0,0,0,4.49E-05,0,0,0,0,0,0,0,0,0,0,0,0,0,0,0,0,0,0,0,0,0,0,0,0,0,0,0,0,0,0,0,0.00179509,0,0,0,0,0,0,0,0,0,0,0,0,0,0,0,0,0,0,0,0,0,0,0,0,0,0,0,0,0,0,0,0,0,0,0,0,0,0,0,0,0.050307409,0,0,0,0,0,0,0.107974689,0,0,0,0.001436072,0.000852668,0,0,0,0,0,0,8.98E-05,0.827626442,0,0,0,0,0,0,0,0,0,0,0,0,0,0,0,0,0,0,0,0,0,0,0,0,0,0,0,0,0,0,0,0,0,0,0,0,0,0,0,0,0,0,0,0,0,0,0,0,0,0,0,0,0,0,0,0,0,0,0,0,0,0,0,0,0,0,0,0,0,0,0,0,0,0,0,0,0,0,0,0,0,0,0,0,0,0,0,0,0,0,0,0,0,0,0,0,0,0,0,0,0,0,0,0,0,0,0,0,0,0,0,0,0,0,0,0,0,0,0,0,0,0,0,0,0,0,0,0
D160R5YJ.04,0,0,0,0,0,0,0,0,0,0,0,0,0,0,0,0,0,0,0,0,0,0,0,0,0,0,0.361952648,0,0,0,0,0,0,0,0,0,0,0,0,0,0,0,0,0,0,0,0,0,0,0,0,0,0,0,0,0,0,0,0,0,0,0,0,0,0,0,0,0,0,0,0,0,0,0,0,0,0,0,0,0,0,0,0,0,0,0,0,0,0,0,0.000445519,0,0,0,0,0,0,0,0,0,0,0,0,0,0,0,0,0,0,0,0,0,0,0,0,0,0,0,0,0,0,0,0,0,0,0,0,0,0,0.030040733,0,0,0,0,0,0,0.594004582,0,0,0,0.000572811,0,0,0,0,0,0,0,0,0.012156314,0,0,0,0,0,0,0,0,0,0,0,0,0,0,0,0,0,0,0,0,0,0,0,0,0,0,0,0,0,0,0,0,0,0,0,0,0,0,0,0,0,0,0,0,0,6.36E-05,0,0,0,0,0,0.000127291,0,0,0,0,0,0,0,0,0,0,0,0,0,0,0,0.000636456,0,0,0,0,0,0,0,0,0,0,0,0,0,0,0,0,0,0,0,0,0,0,0,0,0,0,0,0,0,0,0,0,0,0,0,0,0,0,0,0,0,0,0,0,0,0,0,0,0,0,0,0,0,0,0,0,0,0,0,0
F160S6DV.04,0,0,0,0,0,0,0,0,0,0,0,0,0,0,0,0,0,0,0,0,0,0,0.000185353,0,0,0,0.002100667,0,0,0,0,0,0,0,0,0,0,0,0.000535464,0,0,0,0,0,0,0,0.000102974,0,0,0,0,0,0,0,0,0,0,0,0,0,0,0,0,0,0,0,0,0,0,0,0,0,0,0,0,0.000988549,0.00832029,0,0,0,0,2.06E-05,0,0,0,0,0,0,0,0,0,0,0,0,0,0,0,0,0,0,0,0,0,0,0,0,0,0,0,0,0,0,0,0,0,0,0,0,0,0,0,0,0,0,0,0.001256281,0,0,0,0.005704753,0,0.000144163,0,0,0,0.00043249,0.023354477,0,0,0,0.000205948,0.011203559,0,0,0,0.004716204,0,0,0,0.537997364,0,0,0,0.00142104,0,0,0,0.00418074,0,0,0.001009144,0.008938133,0,0,0.001997693,0,0,0,0,0,0,0,0,0,0,0,0,0,0,0,0,0,0,0,0,0,0,0,0,0,0,0,0,0,0,0,0,0,0,0,0,0,0,0,0,0,0,0,0,0,0,0,0,0,0,0,0,0.000164758,0.000659033,0,0,0,0,0,0.011203559,0,0,0,0,0,0,0,0,0,0,0,0,0,0,0,0,0,0,0.000741412,0,0,0,0,0,0,0,0.369346734,0.002265425,0,0,0.000185353,0,0,0,0,0,0,0,0,0,0,0.000514869,0,0,0,0,0,0,0,0,0,0,0.000102974
H160S1WG.04,0,0,0,0,0,0,0,0,0,0,0,0,0,0,0,0,0,0,0,0,0,0,0,0,0,0,0.000284522,0.000569044,0,0,0,0,0,0,0,0,0,0,0,0,0.000806146,0,0,0,0,0,0.000829856,0,0,0,0,0,0,0,0,0,0,0,0,0,0,0,0,0,0,0,0,0,0,0,0,0,0,0,0,0.000924697,0.006662557,0,0,0,0,0.003272003,0,0,0,0,0,0.000948407,0,0,0,0,0,0,0,0,0,0,0,0,0,0,0,0,0,0,0,0,0,0,0,0,0,0,0,0,0,0,0,0,0,0,0.000142261,0,0,0,0,0,0,2.37E-05,0,0.000782436,0,0,0,0,0.001043247,0,0,0,0,0.007942906,0,0,0.002513278,0,0,0,0,0.876849393,0,0,0,0,0,0,0,0.003817337,0,0,0,0.000592754,0,0,0.000213392,0,0,0,0.000758725,0.002181335,0,0,0,0,0,0,0,0,0,0,0,0,0,0,0,0,0,0,0,0,0,0,0,0,0,2.37E-05,0,0,0,0,0,0,0,0,0,0,0,0,0,0,0,0,0,0,0,0,0,0.000260812,0,0,0,0,0,0,0.005477049,0,0,0,0,0,0,0,0,0,0,0,0,0,0,0,0,0,0,0,0,0,0,0,0,0,0.000331942,0.08241654,0,0,0,0,0,0,0,0,0,0,0,0,0,0,0,0,0,0,0,0,0,0,0,0,0,0.000331942
A160SFS7.04,0,0,0,0,0,0,0,0,0,0,0,0,0,0,0,0,0,0,0,0,0,0,9.75E-06,0,0,0,2.92E-05,0,0,0,0,0,0,0,9.75E-06,0,0,0,0,0,0,0,0,0,0,0,0.000146192,0,0,0,0,0,0,0,0,0,0,0,0,0,0,0,0,0,0,0,0,0,0,0,0,0,0,0,0,0,0,0,0,0,0,0,0,0,0,0,0,0,0.000107207,0,0,0,0,0,0,0,0,0,0,0,0,0,0,0,0,0,0,0,0,0,0,0,0,0,0,0,0,0,0,0,0,0,0,0,0,0,0,0,0,1.95E-05,0,0,0,0,0,0,1.95E-05,0,0,0,0,3.90E-05,0,0,0.003966668,1.95E-05,0,0,0,0.981735783,0,0,0,0,0,0,0,0,0,0,0,1.95E-05,0,0,0,0,0,0,0,1.95E-05,0,0,0,0,0,0,0,0,0,0,0,0,0,0,0,0,0,0,0,0,0,0,0,0,0,0,0,0,0,0,0,2.92E-05,0,0,0,0,0,0,0,0,0,0,0,0,0,0,0,0,0,0,0,0,0,0,6.82E-05,0,0,0,0,0,0,0,0,0,0,0,0,0,0,0,0,0,0,0,0,0,0,0,0,0,5.85E-05,0.013703036,0,0,0,0,0,0,0,0,0,0,0,0,0,0,0,0,0,0,0,0,0,0,0,0,0,0
K160RXMG.04,0,0,0,0,0,0,0,0,0,0,0,0,0,0,0,0,0,0,0,0,0,0,0.003814554,0,0,0,0.000978091,0,0,0,0,0,0.000293427,0,0,0,0,0,0.001124804,0,0,0,0,0,0,0,0.002885368,0,0,0,0,0,0,0,0,0,0,0,0,0,0,0,0,0,0,0,0,0,0,0,0,0,0,0,0,0.021273474,0.008264867,0,0,0,0,0.011443662,0,0,0,0,0,0,0.000342332,0,0,0,0,0,0,0,0,0,0,0,0,0,0,0,0,0,0,0,0,0,0,0,0,0,0,0,0,0,0,0,0,0,0,0,0,0,0,0,0,9.78E-05,0,0,0,0,0,0,0.002347418,0,0,0,0,0.011394757,0,0,0,0.00850939,0.000342332,0,0,0.570080203,0,0,0,0,0,0,0,0.000293427,0,0,0,0.017116588,0,0,0,0,0,0,0,0.002640845,0,0,0,0,0,0,0,0,0,0,0,0,0,0,0,0,0,0,0,0,0,0,0,0,0,0.001124804,0,0,0,0,0,0.000244523,0,0.001026995,0,0,0,0,0,0,0,0,0,0,0,0,0,4.89E-05,0,0,0,0,0,0,0.008558294,0,0,0,0,0,0,0,0,0,0,0,0,0,0,0,0,0,0,0,0,0,0,0,0,0,0,0.32575313,0,0,0,0,0,0,0,0,0,0,0,0,0,0,0,0,0,0,0,0,0,0,0,0,0,0
E160RRH1.04,0,0,0,0,0,0,0,0,0,0,0,0,0,0,0,0,0,0,0,0,0,0,0,0,0,0,0.486701523,0,0,0,0,0,0,0,0.000811873,0,0,0,0,0,0,0,0,0,0,0,0,0,0,0,0,0,0,0,0,0,0,0,0.002533043,0,0,0,0,0,0,0,0.001071672,0,0,0,0,0,0,0,0,0.001656221,0.00198097,0,0,0,0,0,0,0,0,0,0,0,0,0,0,0,0,0,0,0,0,0,0,0,0,0,0,0,0,0,0,0,0,0,0,0,0,0,0,0,0,0.001234047,0,0,0,0,0,0,0,0,0,0,0,0.004156789,0,0,0,0,0,0,0.000454649,0,0,0,0,0.002110869,0,0,0.00363719,0,0,0,0,0.192446335,0,0,0,0,0,0,0,0,0,0,0,0.001818595,0,0,0.002078394,0,0,0,0,0.000617023,0,0,0,0,0,0,0,0,0,0,0,0,0,0,0,0,0,0,0,0,0,0,0,0,0,9.74E-05,0,0,0,0,0,0.001169097,0,0,0,0,0,0,0,0,0,0,0,0,0,0,9.74E-05,0.001591271,0,0,0,0,0,0,0.001493846,0,0,0,0,0,0,0,0,0,0,0,0,0,0,0,0,0,0,0,0,0,0,0,0,0,0,0.292241743,0,0,0,0,0,0,0,0,0,0,0,0,0,0,0,0,0,0,0,0,0,0,0,0,0,0
F160RJ9G.06,0,0,0,0,0,0,0,0,0,0,0,0,0,0,0,0,0,0,0,0,0,0,0.000321553,0,0,0,0.006928001,0,0,0,0,0,0,0,0,0,0,0,0.000321553,0,0,0,0,0.002133941,0,0,0.001227747,0,0,0,0,0,0,0,0,0,0,0,0,0,0,0,0,0,0,0,0,0,0,0,0,0,0,0,0,0,5.85E-05,0,0,0,0,0.002484726,0,0,0,0,0,0.004150954,0,0,0,0,0,0,0,0,0,0,0,0,0,0,0,0,0,0,0,0,0,0,0,0,0,0,0,0,0,0.00070157,0,0,0,0,0,0,0,0,0,0,0,0.000321553,0,0,0.002192406,0,0,0,0.005963343,0,0,0,0,0.001256979,0,0,0.032359905,0.003507849,0,0,0,0.402525651,0,0,0,0,0,0,0,0.001490836,0,0,0,0,0,0,0,0,0,0,0,0,0,0,0,0,0,0,0,0,0,0,0,0,0,0,0,0,0,0,0,0,0,0,0,0,0,0.000175392,0,0,0,0,0,0,0,0,0,0,0,0,0,0,0.002163173,0,0,0,0,0,0,0.002630887,0.000876962,0,0,0,0,0,0.012949809,0,0,0,0,0,0,0,0,0,0,0,0,0,0,0,0,0,0,0,0,0,0,0,0,0,0,0.511648981,0,0,0,0,0,0,0,0,0,0,0,0,0,0,0,0,0,0,0,0,0,0,0,0,0.001607764,0
D160QPQ3.04,0,0,0,0,0,0,0,0,0,0,0,0,0,0,0,0,0,0,0,0,0,0,0.002599599,0,0,0,0.540622651,0,0.000626409,0,0,0,0,0,0.000250564,0,0,0,0.003132047,0,0,0,0,0,0,0,0.000187923,0,0,0,0,0,0,0,0,0,0,0,3.13E-05,0,0,0,0,0,0,0,0,0,0,0,0,0,0,0,0,0.001785267,0.003226009,0,0,0,0,0.005919569,0,0,0,0,0,0,0.001096216,0,0,0,0,0,0,0,0,0,0,0,0,0,0,0,0,0,0,0,0,0,0,0,0,0,0,0,0,0,0,0,0,0,0,0,0,0,0,0,0,0.005700326,0,0,0,0,0,0,0.000532448,0,0,0,6.26E-05,0.006921824,0,0,0.012716111,0.022394137,0,0.000125282,0.000187923,0.237315209,0,0,0,0,0,0,0,0.000626409,0,0,0,0.006921824,0,0,0,0,0.000219243,0,0.000720371,0.002317715,0,0,0,0,0,0,0,0,0,0,0,0,0,0,0,0,0,0,0,0,0,0,0,0,0,0.000187923,0,0,0,0,0,0,0,0.000908294,0,0,0,0,0,0,0,0,0,0,0,6.26E-05,0,0,0,0,0,0,0,0,0.050394638,0,0,0,0,0,0,0,0,0,0,0,0,0,0.001722626,0,0,0,0,0,0,0,0,0,0,0,0,0.090171636,0,0,0,3.13E-05,0,0,0,0,0,0,0,0,0,9.40E-05,6.26E-05,6.26E-05,0,0,0,0,0,0,0,0,0,6.26E-05
E160RW1P.06,0,0,0,0,0,0,0,0,0,0,0,0,0,0,0,0,0,0,0,0,0,0,0.000649993,0,0,0,0.001893458,0,0,0,0,0,0,0,0,0,0,0,0.000593472,0,0,0,0,0,0,0,0,0,0,0,0,0,0,0,0,0,0,0,0,0,0,0,0,0,0,0,0,0,0,0,0,0,0,0,0,0.001073901,0.001271725,0,0,0,0,0.01958457,0,0,0,0,0,0,0.000197824,0,0,0,0,0,0,0,0,0,0,0,0,0,0,0,0,0,0,0,0,0,0,0,0,0,0,0,0,0.005482549,0,0,0,0,0,0,0,0,0,0,0,0.000197824,0,0,0,0,0,0,0.000876077,0,0,0,0,0.006415148,0,0,0,0.02212802,0,0.000565211,0.000169563,0.422919316,0,0,0,0,0,0,0,0,0,0,0,0.033969196,0,0,0,0,0,0,0.000282606,0.013338985,0,0,0,0,0,0,0,0,0,0,0,0,0,0,0,0.000876077,0,0,0,0,0,0,0,0,0,0,0,0,0,0,0,0,0,0,0,0,0.000423908,0,0,0,0,0,0,0,0,0,0.000536951,0.000141303,0,0,0,0,0,0,0.011275964,0,0,0,0,0,0,0,0,0,0,0,0,0,0.000876077,0,0,0,0,0,0,0,0,0,0,0,0.000254345,0.454005935,0,0,0,0,0,0,0,0,0,0,0,0,0,0,0,0,0,0,0,0,0,0,0,0,0,0
F160QXRV.04,0,0,0,0,0,0,0,0,0,0,0,0,0,0,0,0,0,0,0,0,0,0,0,0,0,0,0.379268346,0,0,0,0,0,0,0,8.70E-05,0,0,4.35E-05,0.003914916,0,0,0,8.70E-05,0,0,0,0.001609465,0,0,0,0,0,0,0,0,0,0,0,0,0,0,0,0,0,0,0,0,0,0,0,0,0,0,0,0,0.00139197,0,0,0,0,0,0,0,0,0,0,0,0.000217495,0.000521989,0,0,0,0,0,0,0,0,0,0,0,0,0,0,0,0,0,0,0,0,0,0,0,0,0,0,0,0,0,0,0,0,0,0,0,0,0,0,0,0,0.000652486,0,0,0,0,0,0,0.00187046,0,0,0,4.35E-05,0.004436905,0,0,0.110357127,0.001348471,0,0,8.70E-05,0.206620558,0,0,0,0,0,0,0,0,0,0,0,0.002174953,0,0,0.000521989,0,0,0,0,0,0,0,0,0,0,0,0,0,0,0,0,0,0,0,0,0,0,0,0,0,0,0,0.000695985,0,0,0.000173996,0,0.000826482,0,0,0,0.001087477,0,0,0,0,0,0,0,0,0.000260994,0,0,0,0,0,0,8.70E-05,0.000217495,0,0,0,0,0,0.01766062,0,0,0,0,0,0,0,0,0,0,0,0,0,0,0,0,0,0,0.000304493,0,0,0,0,0,0,0.000652486,0.26277785,0,0,0,0,0,0,0,0,0,0,0,0,0,0,0,0,0,0,0,0,0,0,0,0,0,0
C160R7Z3.06,0,0,0,0,0,0,0,0,0,0,0,0,0,0,0,0,0,0,0,0,0,0,0,0,0,0,0.004076225,0.000305717,0,0,0,0,0,0,0,0,0,0,0.00536703,0,0,0,0,0.000305717,0,0,0.000713339,0,0,0,0,0,0,0,0,0,0,0,0,0,0,0,0,0,0,0,0,0,0,0,0,0,0,0,0,0.002072081,0,0,0,0,0,0.010190564,0,0,0,0,0,0,0.021196372,0,0,0,0,0,0,0,0,0,0,0,0,0,0,0,0,0,0,0,0,0,0,0,0,0,0,0,0,0,0,0,0,0,0,0,0,0,0,0,0,0.000305717,0,0,0,0,0,0,0.005536873,0,0,0,0,0.013995041,0,0,0.002479704,0.010598186,0,0,0,0.810251707,0,0,0,0,0,0,0,0.000985088,0,0,0,0.024593227,0,0,0.000203811,0,0,0,0.000407623,0.000407623,0,0,0,0,0,0,0,0,0,0,0,0,0,0,0,0,0,0,0,0,0,0,0,0,0,0.000985088,0,0,0,0,0,0,0,0,0,0,0,0,0,0,0,0,0,0,0,0,0,0.00023778,0,0,0,0,0,0,0.007031489,0,0,0,0,0,0,0,0,0,0,0,0,0,0,0,0,0,0,0,0,0,0,0,0,0,0,0.077754,0,0,0,0,0,0,0,0,0,0,0,0,0,0,0,0,0,0,0,0,0,0,0,0,0,0
C160RHLK.04,0,0,0,0,0,0,0,0,0,0,0,0,0,0,0,0,0,0,0,0,0,0,0.003756526,0,0,0,0.000795874,0.002610467,0,0,0,0,0.000668534,0,0,0,0,3.18E-05,0.001687253,0,0,0,0,0.000159175,0,0,0.002514962,0,0,0,0,0,0,0.000509359,0,0,0,0,0.000636699,0,0,0,0,0,0,0,0,0,0,0,0,0,0,0,0,0.001591748,0.004138546,0,0,0,0,0.00012734,0,0,0,0,0,0,0.000764039,0,0,0,0,0,0,0,0,0,0,0,0,0,0,0,0,0,0,0,0,0,0,0,0,0,0,0,0,0,0,0,0,0,0,0,0,0,0,0,0,0.002037438,0,0,0,0,0,0,0.001528078,0,0,0,6.37E-05,0.014516745,0,0,0.001177894,0.013116007,0,0,0,0.428434993,0,0,0,0,0,0,0,0.006048644,0,0,0,0.011396918,0,0,0.000159175,0,0,0,3.18E-05,0.001146059,0,0,0,0,0,0,0,0,0,0,0,0,0,0,0,0,0,0,0,0,0,0,0.001846428,0,0,0,0,0,0.001082389,0,0,0,0,0,0,0,0,0,0,0,0,0,0,0,0,0,0.00038202,0.000636699,0,0,0,0,0,0,0.046924742,0,0,0,0,0,0,0,0,0,0,0,0,0,0,0,0,0,0,0.000604864,0,0,0,0,0,0,0.000159175,0.447917993,0,0,0,9.55E-05,0,0,0,0,0,0,0,0,0,0.000700369,0,0,0,0,0,0,0,0,0,0,0,0
G160S9Z3.06,0,0,0,0,0,0,0,0,0,0,0,0,0,0,0,0,0,0,0,0,0,0,0.000386791,0,0,0,0.000821931,0,0,0,0,0,0,0.000773582,0,0,0,0.001595513,0.002562491,0,0,0,0,0,0,0,0.000821931,0,0,0,0,0,0,0,0,0,0,0,0,0,0,0,0,0,0,0,0,0,0,0,0,0,0,0,0,0.000966978,0.000676884,0,0,0,0,0,0,0,0,0,0,0.00087028,0.06116134,0,0,0,0,0,0,0,0,0,0,0,0,0,0,0,0,0,0,0,0,0,0,0,0,0,0,0,0,0.044432626,0,0,0,0,0,0,0,0,0,0,0,9.67E-05,0,0,0,0,0,0,0.000628536,0,0,0,0,0.014262921,0,0,0.00174056,0.001450467,0,0,0,0.700043514,0,0,0,0,0,0,0,0,0,0,0,0.000580187,0,0,0,0,0,0,0,0,0,0,0,0,0,0,0,0,0,0,0,0,0,0,0,0.00130542,0,0,0,0,0,0,0,0,0,0,0,0,0.000580187,0,0,0.00043514,0,0,0,0,0,0,0,0,0,0,0,0,0,0,0.000145047,0.000386791,0,0,0,0,0,0,9.67E-05,0,0,0,0,0,0,0,0,0,0,0,0,0,0,0,0,0,0,0,0,0,0,0,0,0,0,0.16312914,0,0,0,4.83E-05,0,0,0,0,0,0,0,0,0,0,0,0,0,0,0,0,0,0,0,0,0,0
K160S6FW.04,0,0,0,0,0,0,0,0,0,0,0,0,0,0,0,0,0,0,0,0,0,0,0.00252558,0,0,0,0.001198031,0,0.000971377,0,6.48E-05,0,0,0,0.000356171,0,0,0,0.000809481,0,0,0,0,6.48E-05,0,0,0.001457065,0,0,0,0,0,0,0,0,0,0,0,0.000356171,0,0,0,0,0,0,0,0,0,0,0,0,0,0,0,0.000291413,0.004047403,0.002655096,0,0,0,0,0.003432198,0,0,0,0,0,9.71E-05,0.018844709,0,0,0,0,0,0,0,0,0,0,0,0,0,0,0,0,0,0,0,0,0,0,0,0,0,0,0,0,0.000129517,0,0,0,0,0,0,0,0,0,0,0,0.00084186,0,0.000161896,9.71E-05,0,0,0,0.0024932,0,0,0,0,0.017063852,0,0,0.000971377,0.020204637,0.000259034,0,0.000194275,0.582405129,0,0,0,0,0,0,0,0.001489444,0,0,0.000744722,0.020334154,0,0,0.001295169,0,0.000777101,0,0.000129517,0.025255796,0,0,0,0,0,0,0,0,0,0,0,0,0,0,0,0.00168372,0,0.000323792,0,0.006605362,0,0,0,0,0,6.48E-05,0,0,0.004954021,0,0,0.002007512,0,0.016513405,0,0,0,0,0,0,0.000226655,0,0,0,0,0,0,0.000518068,0.000129517,0,0,0,0,0,0.012984069,0,0,0,0,0,0,0,0,0,0,0,0,0,0.001845616,0,0,0,0,0,0,0,0,0,0,0,0.000194275,0.239152959,0,0,0,0.000129517,0,0,0,0,0,0,0,0,0,0,0,0,0,0,0,0,0,0,0,0,0,0.000647585
F160S2K1.04,0,0,0,0,0,0,0,0,0,0,0,0,0,0,0,0,0,0,0,0,0,0,0.000372285,0,0,0,0.000700771,0,0,0,0,0,0,0,0,0,0,0,0.000328486,0,0,0,0,0,0,0,0.002584093,0,0,0,0,0,0,0,0,0,0,0,0,0,0,0,0,0,0,0,0,0,0,0,0,0,0,0,0,0.002496496,0.001379643,0,0,0,0,0.00024089,0,0,0,0,0,0,0.000569376,0,0,0,0,0,0,0,0,0,0,0,0,0,0,0,0,0,0,0,0,0,0,0,0,0,0,0,0,0.003591451,0,0,0,0,0,0,0,0,0,0,0,0.001401542,0,0,0,0,0,0,0.000394184,0,0,0,0,0.009548003,0,0,0,0.001970918,0,0,0,0.548834968,0,0,0,0,0,0,0,0.002824982,0,0,0,0.015811142,0,0,0,0,0,0,0,2.19E-05,0,0,0,0,0,0,0,0,0,0,0,0,0,0,0,0,0,0,0,0.001664331,0,0,0,0,0,0,0,0,0,0,0,0,0,0,0,0,0.005671864,0,0,0,0.00048178,0,0,0,0,0,0,0.00024089,0.000350385,0,0,0,0,0,0.000416083,0,0,0,0,0,0,0,0,0,0,0,0,0,0,0,0,0,0,0,0,0,0,0,0,0,0,0.395716538,0,0,0,0,0,0,0,0,0,0,0,0,0,0,0,0,0,0,0,0,0.000547477,0,0,0,0,0.001839523
G160SC18.04,2.99E-05,0,0,0,0,0,0,0,0,0,0,0,0,0,0,0,0,0,0,0,0,0,0.002244031,0,0.000209443,0,0.003201484,0,0,0,0,0,0,0,0,0,0,0,0.001944827,0,0.000149602,0,0,0,0,0,0.000987374,0,0,0,0,0,0,0,0,0,0,0,0,0,0,0,0,0,0.000209443,0,0,0,0,0,0,0,0,0,0,0.000957453,0.000448806,0,0,0,0,0.003590449,0,0,0,0,0,0.00071809,0.001346419,0,0,0,0,0,0,0,0,0,0,0,0,0,0,0,0,0,0,0,0,0,0,0,0,0,0,0,0,0.000897612,0,0,0,0,0,0,0,0,0,0,0,0.002603076,0,0.000209443,0.000478727,0,0,0,0.002513315,0,0,0,0,0.025761474,0,0,0.003261325,0.007569864,0.000149602,0,2.99E-05,0.399886302,0,0,0,0,0,0,0.000209443,0.000269284,0,0,0,0.002333792,0,0,0.000149602,0,0,0,0,0.011279995,0,0,0,0,0,0,0,0,0,0,0,0,0,0,0,0.000269284,0,0,0,0,0,0,0.000688169,0,0.000598408,0,0,0,0.000299204,0,0,0.001645623,0,0,0,0,0.000209443,0,0,0,0.000359045,0,0,0,0,0,0,0.000269284,0.000568488,0,0,0,0,0,0.04721441,0,0,0,0,0,0,0,0,0,0,0,0,0,0.000658249,0,0,0,0,0,0,0,0,0,0,0,0.085362935,0.38734965,0,0,0,0,0,0.000179522,0,0,0,0,0,0,0,0.000209443,0,0,0,0,0,0,0,0,0,0,0,0.000478727
J160SL7C.06,5.11E-05,0,0,0,0,0,0,0,0,0,0,0,0,0,0,0.000178685,0,0,0,0,0,0,5.11E-05,0,0,0,0.002578175,0,0.000204212,0,0.000178685,0,0,0,0.002118698,0,0,0.000102106,0.005641353,0,0,0,0,0,0,0,0.000587109,0,0,0,0,0,0,0,0,0,0,0,5.11E-05,0,0,0,0,0,0,0,0,0,0,0,0,0,0,0,0,0.004467135,0.001097639,0,0,0,0,0.00137843,0,0,0,0,0,0.000816847,0.002629228,0,0,0,0,0,0,0,0,0,0,0,0,0,0,0,0,0,0,0,0,0,0,0,0,0,0,0,0,0,0,0,0,0,0,0,0,0,0,0,0,0.003522655,0,0,0,0,0,0,0.021774091,0,0,0,2.55E-05,0.005437141,0,0,0.001021059,0.005871091,0,0,0,0.914869177,0,0,0,2.55E-05,0.000127632,0,0,0.000127632,0,0,0,0.001250798,0,0,0.000127632,0,0,0,0.000127632,0.001863433,0,0,0,0,0,0,0,0,0,0,0,0,0,0,0,0.001276324,0,0,0,0,0,0,0.000663689,0,0,0,0,0,0,0,0,0.001659221,0,0,0,0,0,0,0,0,0.000612636,0,0,0,0,0,0.000663689,0.000280791,2.55E-05,0,0,0,0,0,0.006917677,0,0,0,0,0,0,0,0,0,0,0,0,0,0,0,0,0,0,0,0,0,0,0,0,0,0,0.009393746,0,0,0,0,0,0,0,0,0,0,0,0,0,0,0,0,0,0,0,0,0,0,0,0.000204212,0,0
K160SB6G.04,0,0,0,0,0,0,0,0,0,0,0,0,0,0,0,0,0,0,0,0,0,0,3.39E-05,0,0,0,0.904006508,0,0,0,0,0,0,0,0,0,0,0,0,0,0,0.00033896,0,0,0,0,6.78E-05,0,0,0,0.000101688,0,0,0,0,0,0,0,0,0,0,0,0,0,0,0,0,0,0,0,0,0,0,0,0,0.00135584,0.000915192,0,0,0,0,0.000305064,0,0,0,0,0,0,0,0,0,0,0,0,0,0,0,0,0,0,0,0,0,0,0,0,0,0,0,0,0,0,0,0,0,0,0,0.000271168,0,0,0,0,0,0,0,0,0,0,0,0.000644024,0,0,0,0,0,0,0.00033896,0,0,0,6.78E-05,0.00101688,0,0,0.005864009,0.000440648,0,0,0,0.051759203,0,0,0,0,0,0,0,6.78E-05,0,0,0,0.000982984,0,0,0,0,0,0,0.000271168,0.000779608,0,0,0,0,0,0,0,0,0,0,0,0,0,0,0,0,0,0,0,0,0,0,0,0,0.000271168,0,0,0,0,0,0,0,0,0,0,0,0,0,0,0,0,0,0,0,0,0,0,0.000135584,0,0,0,0,0,0,0.000305064,0,0,0,0,0,0,0,0,0,0,0,0,0,0,0,0,0,0,0,0,0,0,0,0,0,0,0.029659006,0,0,0,0,0,0,0,0,0,0,0,0,0,0,0,0,0,0,0,0,0,0,0,0,0,0
F160QP3Z.04,0,0,0,0,0,0,0,0,0,0,0,0,0,0,0,0,0,0,0,0,0,0,0.004465541,0,0,0,0.015682138,0,0,0,0,0,0,0,0,0,0,0.000914205,0.00583685,0,0,0,0,0,0,0,0.003938115,0,0,0,0,0,0,0,0,0,3.52E-05,0,0.000668073,0,0,0,0,0,0,0,0,0,0,0,0,0,0,0,0,0.000527426,0.014908579,0,0,0,0,0.00443038,0,0,0,0,0,0,0.000773558,0,0,0,0,0,0,0,0,0,0,0,0,0,0,0,0,0,0,0,0,0,0,0,0,0,0,0,0,0,0,0,0,0,0,0,0,0,0,0,0,0.004324895,0,0,0,0,0,0,0.013783404,0,0.000140647,0,0.000175809,0.019971871,0,0,0.000351617,0.015014065,0,0.000175809,0,0.533509142,0,0,0,0.001828411,0,0,0,0.005625879,0,0,0,0.026547117,0,0.000386779,0.001582278,0,0.000703235,0,0,0.008720113,0,0,0,0,0,0,0,0,0,0,0,0,0,0,0,0.000421941,0,0,0,0,0,0,0,0,0,0,0,0.000140647,0.000105485,0,0,0,0,0,0,0.000351617,0,0,0,0,0.000175809,0,0,0,0,0,0,0,0.000175809,0,0,0,0,0,0.209739803,0,0,0,0,0,0,0,0,0,0,0,0,0,0.001652602,0,0,0,0,0,0,0,0,0,0,0,0,0.099578059,0,0,0,0.000351617,0,0,0,0,0,0,0,0,0,0.00080872,0.001476793,0,0,0,0,0,0,0,0,0,0,0
J160SF0X.07,3.32E-05,0,0,0,0,0,0,0,0,0,0,0,0,0,0,0,0,0,0,0,0,0,3.32E-05,0,0,0,0.285586184,0,0,0,0,0,0,0,0,0,0,0,0.000531385,0,0,0,0,0,0,0,6.64E-05,0,0,0,0,0,0,0,0,0,3.32E-05,0,0,0,0,0,0,0,0,0,0,0,0,0,0,0,0,0,0,0.002590501,0.000365327,0,0,0,0,0.000697443,0,0,0,0,0,0.000199269,0.003586848,0,0,0,0,0,0,0,0,0,0,0,0,0,0,0,0,0,0,0,0,0,0,0,0,0,0,0,0,0.000166058,0,0,0,0,0,0,0,0,0,0,0,0.000132846,0,0,0,0,0,0,0.000132846,0,0,0,0,0.001461309,0,0,0.008369313,0.002856194,0,0,0,0.675722351,0,0,0,0.000132846,0,0,0,9.96E-05,0,0,0,0.000597808,0,0,0,0,0,0,6.64E-05,0.000564596,0,0,0,0,0,0,0,0,0,0,0,0,0,0,0,0,0,0,0,0,0,0,0,0,0,0,0,0,0,0,0,0.000132846,0,0,0,0,0,0,0,0,0,0,0,0,0,0,3.32E-05,0.000232481,0,0,0,0,0,0,0.001361674,0,0,0,0,0,0,0,0,0,0,0,0,0,0,0,0,0,0,0,0,0,0,0,0,0,0.000996347,0.012886084,0,0,0,0,0,0.000332116,0,0,0,0,0,0,0,0,0,0,0,0,0,0,0,0,0,0,0,0
K160S4L4.04,0.000118413,0,0,0,0,0,0,0,0,0,0,0,0,0,0,0,0,0,0,0,0,0,0.00044405,0,0,0,0.37732386,0,0,0,0,0,0,0,4.44E-05,0,0,8.88E-05,0.000592066,0,0,0,2.96E-05,2.96E-05,0,0,8.88E-05,0,0,0,0,0,0,0,0,0,0,0,0,0,0,0,0,0,0,0,0,0,0,0,0,0,0,0,0,0.000429248,0.000547661,0,0,0,0,0.000680876,0,0,0,0,0,8.88E-05,0.000325636,0,0,0,0,0,0,0,0,0,0,0,0,0,0,0,0,0,0,0,0,0,0,0,0,0,0,0,0,0.000103612,0,0,0,0,0,0,0,0,0,0,0,0.000207223,0,1.48E-05,0,0,0,0,0.000236827,0,0,0,4.44E-05,0.001450562,0,0,0.030328597,0.001820604,4.44E-05,2.96E-05,0,0.526835406,0,0,0,0,0,0,0,0.000236827,0,1.48E-05,0,0.00071048,0,0,0.000636471,0,2.96E-05,0,1.48E-05,0.001213736,0,0,0,0,0,0,0,0,0,0,0,0,0,0,0,2.96E-05,0,0,0,0,0,0,0,0,0,0,0,0,2.96E-05,0,0,0.000103612,0,0,0,0,0,0,0,0,0,0,0,0,0,0,0,8.88E-05,0,0,0,0,0,0,0.022217288,0,0,0,0,0,0,0,0,0,0,0,0,0,0.000148017,0,0,0,0,0,0,0,0,0,0,0,0.02508881,0.007089994,0,0,0,0.000162818,0,0,0,0,0,0,0,0,0,4.44E-05,0,0,0,0,0,0,0,0,0,0,0,0.000192422
K160R7BC.06,0,0,0,0,0,0,0,0,0,0,0,0,0,0,0,0,0,0,0,0,0,0,0.005831023,0,0.000203882,0,0.001182515,0,0,0,0,0,0,0,0.000611646,0,0,0,0.001100962,0.000530093,0,0,0,0,0,0,0.001223291,0,0,0,0,0,0,0,0,0,0,0,0,0,0,0,0,0,0.000244658,0,0,0,0,0,0,0,0,0,0.000285435,0.019939651,0.005912575,0,0,0,0,0.009378568,0,0,0,0,0,0,0.030786169,0,0,0,0,0,0,0,0,0,0,0,0,0,0,0,0,0,0,0,0,0,0,0,0,0,0,0,0,0.000122329,0,0,0,0,0,0,0,0,0,0,0,0.00236503,0,0,0,0,0,0,0.001590279,0,0,0,4.08E-05,0.011376611,0,0,0.000122329,0.026667754,0,0.000407764,0,0.76047953,0,0,0,0.000937857,0,0,0,0.001182515,0,0.000611646,0.003099005,0.030174523,0,0.000163106,0.000326211,0,0,0,0,0.018349372,0,0,0,0,0,0,0,0,0,0,0,0,0,0,0,0,0,0,0,0,0,0,0,0,0,0.000326211,0,0,0,0,0,0.000733975,0,0,0,0,0,0,0,0,0.000733975,0,0,0,0,0,0.000163106,0.000326211,0,0,0,0,0,0,0.044364704,0,0,0,0,0,0,0,0,0,0,0,0,0,0.000856304,0,0,0,0,0,0,0,0,0,0,0,0.000163106,0.017085304,0,0,0,0,0,0,0,0,0,0,0,0,0,0,0,0,0,0,0,0,0,0,0,0,0,0
H160QBDW.06,0,0,0,0,0,0,0,0,0,0,0,0,0,0,0,0,0,0,0,0,0,0,0,0,0,0,0.6610138,0,0,0,0,0,0,0,0,0,0,0,0.000106157,0,0,0,0.000106157,0,0,0,0.000212314,0,0,0,0,0,0,0,0,0,0,0,0,0,0,0,0,0,0,0,0,0,0,0,0,0,0,0,0,0,0,0,0,0,0,0,0,0,0,0,0,0,0,0,0,0,0,0,0,0,0,0,0,0,0,0,0,0,0,0,0,0,0,0,0,0,0,0,0,0,0,0,0,0,0,0,0,0,0,0,0,0,0,0.00037155,0,0,0,0,0,0,0.004458599,0,0,0,0,0.000132696,0,0,0.012048832,0,0,0,0,0.317569002,0,0,0,0,0,0,0,0,0,0,0,0.000212314,0,0,2.65E-05,0,0,0,0,0,0,0,0,0,0,0,0,0,0,0,0,0,0,0,0,0,0,0,0,0,0,0,0,0,0,0,0,0,0,0,0,0,0,0,0,0,0,0,0,0,0.000185775,0,0,0,0,0,0,0,0,0,0,0,0,0,0,0,0,0,0,0,0,0,0,0,0,0,0,0,0,0,0,0,0,0,0,0,0,0,0,0,0,0.003556263,0,0,0,0,0,0,0,0,0,0,0,0,0,0,0,0,0,0,0,0,0,0,0,0,0,0
F160RJDK.04,0,0,0,0,0,0,0,0,0,0,0,0,0,0,0,0,0,0,0,0,0,0,0.00244387,0.000283804,0,0,0.003295283,0,0,0,0,0,0.000473007,0,0.000646443,0,0,0.000441473,0.009239405,0,0,0,0,0,0,0,0.001087916,0,0,0,0,0,0,0,0,0,0,0,0.000898713,0,0,0,0,0,0,0,0,0,0,0,0,0,0,0,0,0.008356458,0.013906408,0,0,0,0,0.017107089,0,0,0,0,0,0,0.019377523,0,0,0,0,0,0,0,0,0,0,0,0,0,0,0,0,0,0,0,0,0,0,0,0,0,0,0,0,0.001308653,0,0,0,0,0,0,0,0,0,0,0,0.003847124,0,0,0,0,0.000110368,0,0.00381559,0,0,0,0.000141902,0.026267659,0,0,0,0.034513749,0,0.00045724,1.58E-05,0.565180373,0,0,0.000331105,0.000772578,0,0,0,0.001560923,0,0.000725277,0,0.031533804,0,0.000331105,0.000599142,0,0,0,0,0.003484485,0,0,0,0,0,0,0,0,0,0,0,0,0,0,0,0.001103683,0,0,0,0,0,0,0,0,0,0,0,0,0,0,0,0.001734359,0,0,0,0,0,0,0,0,0,0,0,0,0,0,6.31E-05,0.000394173,0.001135217,0,0,0,0,0,0.074293643,0,0,0,0,0,0,0,0,0,0,0,0,0,0.000189203,0,0,0,0,0,0,0,0,0,0,0,0.001292886,0.166924193,0,0,0,0.000315338,0,0,0,0,0,0,0,0,0,0,0,0,0,0,0,0,0,0,0,0,0,0
G160S6RS.06,0,0,0,0,0,0,0,0,0,0,0,0,0,0,0,0,0,0,0,0,0,0,0.000113827,0,0,0,0.031017899,0,0,0,0,0,0,0,0,0,0,0.000284568,0,0,0,0,0,0.000398395,0,0,0.001166728,0,0,0,0,0,0,0,0,0,0,0,0,0,0,0,0,0,0,0,0,0,0,0,0,0,0,0,0,0.007967901,0.002219629,0,0,0,0,0.006061296,0,0,0,0,0,0.000654506,0.006715802,0,0,0,0,0,0,0,0,0,0,0,0,0,0,0,0,0,0,0,0,0,0,0,0,0,0,0,0,0,0,0,0,0,0,0,0,0,0,0,0,0.000113827,0,0,0,0,0,0,0.004666913,0,0,0,0,0.011297345,0,0,0.02108648,0.002874136,0,0,0,0.569164224,0,0,0,0,0,0,0,0.000939074,0,0,0.000825247,0.007199567,0,0,0.007626419,0,0,0,0,0.018895307,0,0,0,0,0,0,0,0,0,0,0,0,0,0,0,0.001252099,0,0,0,0,0,0,0,0,0,0,0,0,0,0,0,0,0,0.00088216,0,0,0,0,0,0,0,0,0,0,0,0,0,0.00079679,0.001337469,0,0,0,0,0,0.028741356,0,0,0,0,0,0,0,0,0,0,0,0,0,0,0,0,0,0,0,0,0,0,0,0,0,0,0.262371589,0,0,0,0,0,0,0,0,0,0,0,0,0,0,0,0,0,0.003329444,0,0,0,0,0,0,0,0
K160R6YC.04,0,0,0,0,0,0,0,0,0,0,0,0,0,0,0,0,0,0,0,0,0,0,0.000117883,0,0,0,0.017800306,0,0,0,0,0,0,0,0.001414594,0,0,0,0.00165036,0,0,0,0,0,0,0,0.003536485,0,0,0,0,0,0,0,0,0,0,0,0,0,0,0,0,0,0,0,0,0,0,0,0,0,0,0,0,0,0.006955087,0,0,0,0,0,0,0,0,0,0,0,0,0,0,0,0,0,0,0,0,0,0,0,0,0,0,0,0,0,0,0,0,0,0,0,0,0,0,0,0,0,0,0,0,0,0,0,0,0,0,0,0,0.004361665,0,0,0,0,0,0,0.113874808,0,0,0,0,0.010373689,0,0,0.000353648,0.00459743,0,0,0,0.384180125,0,0,0,0,0,0,0,0.001060945,0,0,0.000117883,0.004479547,0,0,0,0,0.002711305,0,0,0.005304727,0,0,0,0,0,0,0,0,0,0,0,0.000471531,0,0,0,0,0,0,0,0,0,0,0,0,0,0,0,0,0,0,0,0,0,0,0,0,0,0,0,0.005186844,0,0,0,0,0,0,0,0.001178828,0.002711305,0,0,0,0,0,0.048331958,0,0,0,0,0,0,0,0,0,0,0,0,0,0,0,0,0,0,0,0,0,0,0,0,0,0,0.379229046,0,0,0,0,0,0,0,0,0,0,0,0,0,0,0,0,0,0,0,0,0,0,0,0,0,0
A160QZM0.04,9.11E-05,0,0,0,0,0,0,0,0,0,0,0,0,0,0,0,0,0,0,0,0,0,0.000236988,0,0,0,1.82E-05,0,0,0,0,0,0,0,1.82E-05,0,0,0,0.000236988,0,0,0,0,0,0,0,0,0,0,0,0,0,0,0,0,0,0,0,0,0,0,0,0,0,0,0,0,0,0,0,0,0,0,0,0,0.000619816,0.000364598,0,0,0,0,0.001020873,0,0,0,0,0,0,0.000710965,0,0,0,0,0,0,0,0,0,0,0,0,0,0,0,0,0,0,0,0,0,0,0,0,0,0,0,0,0,0,0,0,0,0,0,0,0,0,0,0,0.000182299,0,0,0,0,0,0,0.000510437,0,0,0,0,0.001349011,0,0,1.82E-05,0.002588643,0,0,0,0.957542612,0,0,0,7.29E-05,0,0,0,0.000218759,0,7.29E-05,0,0.001166712,0,0,0,0,9.11E-05,0,0,0.000911494,0,0,0,0,0,0,0,0,0,0,0,0,0,0,0,0,0,0,0,0,0,0,0,0,0,1.82E-05,0,0,0,0,0,0,0,0,0,0,0,0,0,0,0,0,0,0,0,0,0,0.000127609,0,0,0,0,0,0,0.008166986,0,0,0,0,0,0,0,0,0,0,0,0,0,0.000218759,0,0,0,0,0,0,0,0,0,0,0,0,0.023388934,0,0,0,3.65E-05,0,0,0,0,0,0,0,0,0,0,0,0,0,0,0,0,0,0,0,0,0,0
K160S8KV.04,0,0,0,0,0,0,0,0,0,0,0,0.00121975,0,0,0,0,0,0,0,0.00170765,0,0,0.00058548,0,0,0,0.00151249,0,0,0,0,0,0,0,0.003561671,0,0,0.003415301,0,0,0,0,0.003561671,0,0,0,0.008977361,0,0,0,0,0,0,0,0,0,0,0,0.003464091,0.00107338,0,0,0,0,0,0,0,0,0,0,0,0,0,0,0,0,0.00121975,0,0,0,0,0,0,0,0.00287861,0,0,0.006635441,0,0.00126854,0.00248829,0,0,0,0,0,0,0,0,0,0,0,0,0,0,0,0,0,0,0,0,0,0,0,0,0,0,0,0,0,0,0,0,0,0,0,0,0,0,0.005659641,0,0,0,0,0,0.00063427,0.166910617,0,0,0,0.00121975,0.00180523,0,0,0,0.00043911,0,0.00068306,0,0.672716628,0,0,0,0,0,0,0,0.00180523,0,0,0,0.00307377,0,0,0.007806401,0,0,0,0,0,0,0,0,0,0,0,0,0,0,0,0,0,0,0,0,0.009221311,0,0,0,0,0,0,0.003708041,0,0,0,0,0,0,0,0,0.008635831,0,0.003708041,0.00312256,0,0,0,0,0.005464481,0,0,0,0,0,0,0,0.00185402,0,0,0,0,0,0,0,0,0.00073185,0,0,0,0,0,0,0,0,0,0,0,0,0,0,0,0,0,0,0,0,0,0,0,0,0.045862607,0,0,0,0,0,0,0,0,0,0,0,0,0,0,0,0,0,0,0,0,0,0,0,0.011368072,0,0
K160SJ0N.04,5.30E-05,0,0,0,0,0,0,0,0,0,0,0,0,0,0,0,0,0,0,0,0,0,0.00031815,0,0,0,0.001007477,0,0,0,0,0,0,0,0,0,0,0,0.0002121,0,0,0,0,0,0,0,0.0002121,0,0,0,0,0,0,0,0,0,0,0,0,0,0,0,0,0,0,0,0,0,0,0,0,0,0,0,0,0.004984358,0.019301129,0,0,0,0,0.000954451,0,0,0,0,0,0.001590752,0.000636301,0,0,0,0,0,0,0,0,0,0,0,0,0,0,0,0,0,0,0,0,0,0,0,0,0,0,0,0,0,0,0,0,0,0,0,0,0,0,0,0,0.000265125,0,0,0,0,0,0,0.002227053,0,0,0,0,0.063364972,0,0,0.002545204,0.000636301,0,0,0,0.274669919,0,0,0,0.00010605,0,0,0,0.010923167,0.00010605,0.000954451,0,0.00010605,0,0,0.0002121,0,0,0.001166552,0.123813564,0.005779734,0,0,0,0,0,0,0,0,0,0,0,0,0,0,0,0,0,0,0,0,0,0,0,0,0,0,0,0,0,0,0,0,0,0,0,0,0,0,0,0,0,0,0,0,0,0,0,0,0,0,0,0,0,0,0.063364972,0,0,0,0,0,0,0,0,0,0,0,0,0,0,0,0,0,0,0,0,0,0,0,0,0,0.308658996,0.110716369,0,0,0,0,0,0,0,0,0.000901426,0,0,0,0,0,0.00010605,0,0,0,0,0,0,0,0,0,0,0.00010605
A160T6SW.04,0,0,0,0,0,0,0,0,0,0,0,0,0,0,0,0,0,0,0,0,0,0,0.00021951,0,0,0,0.675256827,0.000175608,0,0,0,0,0,0,0,0,0,0,0.000175608,0,0,0,0,0,0,0,0.00021951,0,0,0.000702432,0,0.000175608,0,0,0,0,0,0,8.78E-05,0,0,0,0,0,0,0,0,0,0,0,0,0,0,0,0.00021951,0.003512161,0.005531653,0,0,0,0,0.000482922,0,0,0,0,0,0,0.000351216,0,0,0,0,0,0,0,0,0,0,0,0,0,0,0,0,0,0,0,0,0,0,0,0,0,0,0,0,0,0,0,0,0,0,0,0,0,0,0,0,0.00153657,0,0,0,0,0,0,0.000746334,0,0,0,8.78E-05,0.001931688,0,0,0.019536395,0.002107297,0,0,0,0.24431469,0,0,0,0,0,0,0,0.000351216,0,0,0,0.004082887,0,0,0.006365792,0,0.000307314,0,0,0.000131706,0,0,0,0,0,0,0,0,0,0,0,0,0,0,0,4.39E-05,0,0.00021951,0,0,0,0,0,0,0,8.78E-05,0,0.000175608,0,0,0,0,0,0,0.001273158,0,0,0,0,0,0.00197559,0,0,0,0,4.39E-05,0,0.000175608,0,0,0,0,0,0,0,0,0,0,0,0,0,0.000307314,0,0,0,0,0,0,0.000614628,0,0,0,0,0,0,0,0,0,0,0,0,0.026472912,0,0,0,0,0,0,0,0,0,0,0,0,0,0,0,0,0,0,0,0,0,0,0,0,0,0
K160S9X8.04,0,0,0,0,0,0,0,0,0,0,0,0,0,0,0,0,0,0,0,0,0,0,0.000174186,0,0,0,0.023689253,0,5.81E-05,0,0,0,0,0,0,0,0,0,0,0,0,0,0,0,0,0,0.002612785,0,0,0,0,0,0,0,0,0,0,0,0.000174186,0,0,0,0,0,0,0,0,0,0,0,0,0,0,0,0,0.000406433,0.001393485,0,0,0,0,0,0,0,0,0,0,0,0,0,0,0,0,0,0,0,0,0,0,0,0,0,0,0,0,0,0,0,0,0,0,0,0,0,0,0,0,0,0,0,0,0,0,0,0,0,0,0,0,0.023282819,0,0,0,0,0,0,0.853625965,0,0,0,0,0.0012193,0,0,0.000522557,0.000580619,0,0,0,0.078964176,0,0,0,0,0,0,0,0.000638681,0,0,0,0.001567671,0,0,0,0,5.81E-05,0,0,0,0,0,0,0,0,0,0,0,0,0,0,0,0,0,0,0.001335424,0,0,0,0,0,0,0,0,0,0.001335424,0,0,0,0,0,0,0,0,0,0,0,0,0,0,0,0,0,0,0,0,0,0.000754805,0,0,0,0,0,0,0.007141613,0,0,0,0,0,0,0,0,0,0,0,0,0,0,0,0,0,0,0,0,0,0,0,0,0,0,0.000464495,0,0,0,0,0,0,0,0,0,0,0,0,0,0,0,0,0,0,0,0,0,0,0,0,0,0
D160SDRZ.04,0,0,0.000615117,0,0,0,0,0,0,0,0,0,0,0,0,0,0,0,0,0,0,0,0.001121685,0,0,0,0.241813511,0,0,0,0,0,0,0,0,0,0,0,0.001411152,0,0,0,0,0,0,0,0.013532583,0,0,0,0,0,0,0,0,0,0,0,0,0,0,0,0,0,0,0,0,0,0,0,0,0,0,0,0,0.003328871,0.006476825,0,0,0,0,0,0,0,0,0,0,0,0.000940768,0,0.004414372,0,0,0,0,0,0,0,0,0,0,0,0,0,0,0,0,0,0,0,0,0,0,0,0,0,0,0.003763071,0,0,0,0,0,0,0,0,0,0,0,0.012049065,0,0,0,0,0,0,0.021420559,0,0,0,0.00010855,0.004233455,0,0,0.024351413,0.000832218,0,0,0,0.357745052,0,0,0,0,0,0,0,0.001772985,0,0,0,0.007381409,0,0,0.000578934,0,0,0,0,0.011868148,0,0,0,0,0,0,0,0,0,0,0,0,0,0,0,0,0,0,0,0,0,0,0,0,0,0,0,0,0,0,0,0,0,0,0,0,0,0,0,0,0,0,0,0,0,0,0,0.001664435,0,0,0,0,0,0,0.278467272,0,0,0,0,0,0,0,0,0,0,0,0,0,0,0,0,0,0,0,0,0,0,0,0,0,0,0.00010855,0,0,0,0,0,0,0,0,0,0,0,0,0,0,0,0,0,0,0,0,0,0,0,0,0,0
C160S1XC.04,0,0,0,0,0,0,0,0,0,0,0,0,0,0,0,0,0,0,0,0,0,0,0.000217675,0,0,0,0.023001016,0,0,0,0,0,0,0,0,0,0,0,7.26E-05,0,0,0,0,0,0,0,0.000145117,0,0,0,0,0,0,0,0,0,0,0,0,0,0,0,0,0,0,0,0,0,0,0,0,0,0,0,0,0.000362792,0.000217675,0,0,0,0,0.000580467,0,0,0,0,0,0,0,0,0,0,0,0,0,0,0,0,0,0,0,0,0,0,0,0,0,0,0,0,0,0,0,0,0,0,0,0,0,0,0,0,0,0,0,0,0,0,0,0.066173269,0,0,0,0,0,0,0.851908286,0,0,0,0,0.00043535,0,0,0,0.000217675,0,0,0,0.040342476,0,0,0,0,0,0,0,7.26E-05,0,0,0,0.00043535,0,0,0,0,0,0,0,0.00043535,0,0,0,0,0,0,0,0,0,0,0,0,0,0,0,0,0,0,0,0.000145117,0,0,0,0,0,0.000798143,0,0,0,0,0,0,0,7.26E-05,0,0,0,0,0,0,0,0,0,0,0,0,0,0,0,0,0,0,0,0,0.000362792,0,7.26E-05,0,0,0,0,0,0,0,0,0,0,0,0,0,0,0,0,0,0,0,0,0,0,0,0,0.013931215,0,0,0,0,0,0,0,0,0,0,0,0,0,0,0,0,0,0,0,0,0,0,0,0,0,0
E160S89R.06,0,0,0,0,0,0,0,0,0,0,0,0,0,0,0,0,0,0,0.000183412,0.000660284,0,0,0.000183412,0,0,0,0.831994424,0,0,0,0,0,0,0,0.000440189,0,0,0.000586919,0.000110047,0,0,0,0.00029346,0,0,0,0.000220095,0,0,0,0,0,0,0,0,0,0,0,0,0,0,0,0,0,0,0,0,0,0,0,0,0,0,0,0.00029346,0.002714501,0.000586919,0,0,0,0,0.007079711,0,0,0.000220095,0,0,0.001210521,0,0,0,0,0,0,0,0,0,0,0,0,0,0,0,0,0,0,0,0,0,0,0,0,0,0,0,0,0,0,0,0,0,0,0,0,0,0,0,0,0,0.000220095,0,0,3.67E-05,0,0,0,0.005172224,0,0,0,0,0.001760757,0,0,0.043835516,0.000733649,0,0,0,0.088808188,0,0,0,0,0,0,0,0.000110047,0,0,0,0.002090899,0,0,0,0,0,0,0.000513554,0.004035068,0,0,0,0,0,0,0,0,0,0,0,0,0,0,0,0,0,0,0,0,0,0,0.000476872,0,0,0.000513554,0,0,0,0,0,0.000513554,0,0,0,0,0,0,0,0.000917061,0.000183412,0,0,0,0,0,0,0,0,0,0,0,0,0,0.002457723,0,0,0,0,0,0,0,0,0,0,0,0,0,0,0,0,0,0,0,0,0,0,0,0,0,0,0.000843696,0,0,0,0,0,0,0,0,0,0,0,0,0,0,0,0,0,0,0,0,0,0,0,0,0,0
H160S1TN.04,0,0,0,0,0,0,0,0,0,0,0,0,0,0,0,0,0,0,0,0,0,0,0.000158135,0,0,0,0.839493065,0,0,0,0,0,0,4.52E-05,0,0,0,6.78E-05,0.000225907,0,0,0,0,2.26E-05,0,0,0.000180726,0,0,0,0,0,0,0,0,0,2.26E-05,0,0,0,0,0,0,0,0,0,0,0,0,0,0,0,0,0,0,4.52E-05,0.000790675,0,0,0,0,0,0,0,0,0,0,2.26E-05,0.000135544,0,4.52E-05,0,0,0,0,0,0,0,0,0,0,0,0,0,0,0,0,0,0,0,0,0,0,0,0,0,0,0.001355442,0,0,0,0,0,0,0,0,0,0,0,0.000271088,0,0,0,0,0,0,0.000451814,0,0,0,9.04E-05,0.001174716,0,0,0.067568789,0.001897619,0.000474405,9.04E-05,0,0.064880495,0,0,0,0,0,0,0,0.000158135,0,2.26E-05,0,0.001490986,0,0,2.26E-05,0,4.52E-05,0,0,0.000677721,0,0,0,0,0,0,0,0,0,0,0,0,0,0,0,0,0,0,0,0,0,0,0,0,0,4.52E-05,0,0,0,0,0,0,0,0,0,0,0.000158135,0,0,0,0,0,0,0,0,0,0,0.000158135,6.78E-05,0,0,0,0,0,0.012605612,0,0,0,0,0,0,0,0,0,0,0,0,0,0.000519586,0,0,0,0,0,0,0,0,0,0,0,0,0.004405187,0,0,0,0.000112954,0,0,0,0,0,0,0,0,0,0,0,0,0,0,0,0,0,0,0,0,0,0
K160RCDB.04,0,0,0,0,0,0,0,0,0,0,0,0,0,0,0,0,0,0,0,0,0,0,0,0,0,0,0.005250795,0,0,0,0,0,0.000552715,0,0,0,0,0.403896642,0,0,0,0,0,0,0,0,0,0,0,0,0,0,0,0,0,0,0,0,0,0,0,0,0,0,0,0,0,0,0,0,0,0,0,0,0,0.003288656,0,0,0,0,0,0.001879232,0,0,0,0,0,0,0,0,0,0,0,0,0,0,0,0,0,0,0,0,0,0,0,0,0,0,0,0,0,0,0,0,0,0,0,0,0,0,0,0,0,0,0,0,0,0,0,2.76E-05,0,0,0,0,0,0,0.000690894,0,0,0,0,0.002127954,0,0,0.001243609,0,0,0,0,0.189968219,0,0,0,0,0,0,0,0.000580351,0,0,0,0.000690894,0,0,0,0,0,0,0,0,0,0,0,0,0,0,0,0,0,0,0,0,0,0,0,0.002266132,0,0,0,0,0,0,0,0,0,0.000221086,0,0,0,0,0,0.001741053,0,0,0,0,0,0,0,0,0,0,0,0,0,0,0.000110543,0.001492331,0,0,0,0,0,0,0.001602874,0,0,0,0,0,0,0,0,0,0,0,0,0,0,0,0,0,0,0,0,0,0,0,0,0,0,0.382368385,0,0,0,0,0,0,0,0,0,0,0,0,0,0,0,0,0,0,0,0,0,0,0,0,0,0
B160QF13.04,0,0,0,0,0,0,0,0,0,0,0,0,0,0,0,0,0,0,0,0,0,0,0.000640455,0,0,0,0.001103007,0,0,0,0,0,0,0,0,0,0,0.00042697,0.000462551,0,0,0,0,0,0,0,0.00042697,0,0,0,0,0,0,0,0,0,0,0,0,0,0,0,0,0,0,0,0,0,0,0,0,0,0,0,0.000106743,0.001850205,0.003771571,0,0,0,0,0.000320228,0,0,0,0,0,0,0,0,0,0,0,0,0,0,0,0,0,0,0,0,0,0,0,0,0,0,0,0,0,0,0,0,0,0,0,0,0,0,0,0,0,0,0,0,0,0,0,0.000106743,0,0,0,0,0,0,0.000106743,0,0,0,0,0.000569294,0,0,0,7.12E-05,0,0,0,0.100338018,0,0,0,0,0,0,0,0.001387653,0,0,0,0.18132005,0,0.000106743,0,0,0.000320228,0,0,0.000106743,0,0,0,0,0,0,0,0,0,0,0,0,0,0,0,0,0,0,0,0,0,0,0,0,0,0.000177904,0,0,0,0,0,0,0,0,0,0,0,0,0,0,0,0,0,0,0,0,0,0.000249066,0,0,0,0,0,0,0.000249066,0,0,0,0,0,0,0,0,0,0,0,0,0,0,0,0,0,0,0,0,0,0,0,0,0,0.15392279,0.5518591,0,0,0,0,0,0,0,0,0,0,0,0,0,0,0,0,0,0,0,0,0,0,0,0,0,0
F160S2QX.04,0,0,0,0,0,0,0,0,0,0,0,0,0,0,0,0,0,0,0,0,0,0,0.00378557,0,0,0,0.637130666,0,0,0,0,0,0,0,0,0,0,0.000513298,0,0,0,0,0,0,0,0,3.21E-05,0,0,0,0,0,0,0,0,0,0,0,0.000160406,0,0,0,0,0,0,0,0,0,0,0,0,0,0,0,0,0.000930352,0.001571974,0,0,0,0,0.000384973,0,0,0,0,0,0,0,0,0,0,0,0,0,0,0,0,0,0,0,0,0,0,0,0,0,0,0,0,0,0,0,0,0,0,0,0,0,0,0,0,0,0,0,0,0,0,0,0.001187001,0,0,0,0,0,0,0.00028873,0,0,0,0,0.000481217,0,0,0.008052356,0.000513298,0,0,0,0.126399538,0,0,0,0,0,0,0,0.000384973,0,0,0,0.008726059,0,0,0.000160406,0,0.000160406,0,0,0,0,0,0,0,0,0,0,0,0,0,0,0,0,0,0,0,0,0,0,0,0,0,0,0,0,0.000352892,0,0,0,0,0,0,0,0,0,0,0,0,0,0.000384973,0,0,0,0,0,0,0,0.000224568,0,0,0,0,0,0,0.000641622,0,0,0,0,0,0,0,0,0,0,0,0,0,9.62E-05,0,0,0,0,0,0,0,0,0,0,0,0,0.207308075,0,0,0,0,0,0,0,0,0,0,0,0,0,0,0,0,0,0,0,0,0,0,0,0.000128324,0,0
H160QNTG.04,0,0,0,0,0,0,0,0,0,0,0,0,0,0,0,0,0,0,0,0,0,0,0.000219497,0,0,0,0.205915439,0,0,0,0,0,0,0,0,0,0,0.000274371,0.000219497,0,0,0,0,0,0,0,0.000548742,0,0,0,0,0,0,0,0,0,0,0,0.000274371,0,0,0,2.74E-05,0,0,0,0,0,0,0,0,0,0,0,0,0.000109748,0.000301808,0,0,0,0,0,0,0,0.000301808,0,0,0,0,0,0,0,0,0,0,0,0,0,0,0,0,0,0,0,0,0,0,0,0,0,0,0,0,0,0,0,0,0,0,0,0,0,0,0,0,0,0,0,0,2.74E-05,0,0,0,0,0,0,0.000384119,0,0,0,0,0.000411557,0,0,0.006365407,0,0,2.74E-05,0,0.012511318,0,0,0,0,0.00019206,0,0,0.000466431,0,0,0,0.001975471,0,0,0,0,0,0,0,0.000877987,0,0,0,0,0,0,0,0,0,0,0,0,0,0,0,0,0,0,0,0,0,0,0,0,0,0,0,0,0,0,0,0.000576179,0,0,0,0,0,0,0,0.000521305,0.000521305,0,0,0,0,0,0,0,0,0,0,0,0,0,0,0,0,0,0,0,0,0,0,0,0,0,0,0,0,0,0,0,0,0,0,0,0,0,0,0,0,0.766949269,0,0,0,0,0,0,0,0,0,0,0,0,0,0,0,0,0,0,0,0,0,0,0,0,0,0
G160QXG4.04,0,0,0,0,0,0,0,0,0,0,0,0,0,0,0,0,0,0,0,0.000138418,0,0,0,0,6.92E-05,0,0.685791404,0,0,0,0,0,0.000138418,0,3.46E-05,0,0,0,3.46E-05,0,0,0,0,0,0,0,3.46E-05,0,0,0,0,0,0,0,0,0,0,0,0,0,0,0,0,0,0,0,0,0,0,0,0,0,0,0,0,0,0.000276836,0,0,0,0,0,0,0,0,0,0,0,0,0,0,0,0,0.000207627,0,0,0,0,0,0,0,0,0,0,0,0,0,0,0,0,0,0,0,0,0,0,0,0,0,0,0,0,0,0,0,0,0,0,0,0,0,0,0,0,0,0,0.000380649,0,0,0,0,0,0,0,0.005398297,6.92E-05,0,0,0,0.011281058,0,0,0,0,0.000242231,0,0,0,0,0.000138418,0.000138418,0.000968925,0,0,0,0,0,0,0,0,0,0,0,0,0,0,0,0,0,0,0,0,0,0,0,0.000276836,0,0,0,0,0,0,0,0,0,0,0,0.000207627,0,0,0,0,0,0,0,0,0,0,0,0,0.000795903,0,0,0,0,0,0,6.92E-05,0,0,0,0,0,0,0,0,0,0,0,0,0,0,0,0,0,0,0,0,0,0,0,0,0,0,0,0,0,0,0,0,0,0.293238286,0,0,0,6.92E-05,0,0,0,0,0,0,0,0,0,0,0,0,0,0,0,0,0,0,0,0,0,0
F160Q5W3.04,0,0,0,0,0,0,0,0,0,0,0,0,0,0,0,0,0,0,0,0,0,0,0,0,0,0,0.177372404,0,0,0,0,0,0,0,0,0,0,0.000436639,0,0,0,0,0,0,0,0,0.001261401,0,0,0,0,0,0,0,0,0,0,0,0,0,0,0,0,0,0,0,0,0,0,0,0,0,0,0,0,0,0.001309917,0,0,0,0,0,0,0,0,0,0,0,0.018047739,0,0,0,0,0,0,0,0,0,0,0,0,0,0,0,0,0,0,0,0,0,0,0,0,0,0,0,0,0,0,0,0,0,0,0,0,0,0,0,0,0.002765379,0,0,0,0,0,0,0.001261401,0,0,0,0,0.001261401,0,0,0,0,0,4.85E-05,0,0.163594023,0,0,0,0,0,0,0,0,0,0,0,0.134630312,0,0,0.001552494,0,0,0,0,0,0,0,0,0,0,0,0,0,0,0,0,0,0,0,0,0,0,0,0,0,0,0,0,0,0,0,0,0,0,0,0,0,0,0,0,0,0,0,0,0,0.001115855,0,0,0,0,0,0,9.70E-05,0.000436639,0,0,0,0,0,0,0,0,0,0,0,0,0,0,0,0,0,0,0,0,0,0,0,0,0,0,0,0,0,0,0,0.141179895,0.353628954,0,0,0,0,0,0,0,0,0,0,0,0,0,0,0,0,0,0,0,0,0,0,0,0,0,0
D160QYWR.04,0,0,0,0,0,0,0,0,0,0,0,0,0,0,0,0,0,0,0,0,0,0,3.61E-05,0,0,0,0.28831563,0.000216779,0,0,0.000505817,0,0,0,0,0,0,0.189572946,0.000397428,0,0,0,0,0,0,0,0.000361298,0,0,0,0,0,0,0,0,0,0,0,0,0,0,0,0,0,0,0,0,0,0,0,0,0,0,0,0,0.000397428,3.61E-05,0,0,0,0,0,0,0,0,0,0,0,0,0,0,0,0,0,0,0,0,0,0,0,0,0,0,0,0,0,0,0,0,0,0,0,0,0,0,0,0,0,0,0,0,0,0,0,0,0,0,0,0,0.003396199,0,0,0,0,0,0,0.003938146,0,0,0,0,0,0,0,0.117024351,0,0,0,0,0.187477419,0,0,0,0,0.000180649,0,0,0,0,3.61E-05,0,0.000433557,0,0,0.001517451,0,0,0,0,0,0,0,0,0,0,0,0,0,0,0,0,0,0,0,0,0,0,0,0,0,0,0,0,0,0,0,0,0,0,0,0,0.000144519,0,0,0,0,0,0,0,0,0,0,0,0,0,0,0,3.61E-05,0,0,0,0,0,0,0.00491365,0,0,0,0,0,0,0,0,0,0,0,0,0,0,0,0.000108389,0,0,0,0,0,0,0,0,0,0,0.200953826,0,0,0,0,0,0,0,0,0,0,0,0,0,0,0,0,0,0,0,0,0,0,0,0,0,0
K160Q0BC.04,0,0,0,0,0,0,0,0,0,0,0,0,0,0,0,0,0,0,0,0,0,0,0.00062287,0,0,0,0.003260909,0,0,0,0,0,0.000219837,0,0,0,0,0.001025904,0.002967794,0,0,0,0,0,0,0,0.001502217,0,0,0,0,0,0,0,0,0,0,0,0,0,0,0,0,0,0,0,0,0,0,0,0,0,0,0,0,0,0.000146558,0,0,0,0,0,0,0,0.000109918,0,0,0,0,0,0,0,0,0,0,0,0,0,0,0,0,0,0,0,0,0,0,0,0.00062287,0,0,0,0,0,0,0,0,0.000293115,0,0,0,0,0,0,0,0,0,0,0,0.000403034,0,0,0,0,0,0,0.022130217,0,0,0,0,0.009086579,0,0,0.000769428,0,0,0,0,0.743927014,0,0,0,0,0,0,0,0.000183197,0,0,0,0.053420291,0,0,0.005935588,0,0,0,0,0,0,0,0,0,0,0,0,0,0,0,0,0,0,0,0,0,0,0,0,0,0,0,0,0,0,0.000439673,0,0,0,0,0,0,0,0,0,0,0,0,0,0,0.000109918,0,0,0,0,0,0,0,0,0,0,0,0,0,0,0,0,0,0,0,0,0,0,0,0,0,0,3.66E-05,0,0,0,0,0,0,0,0,0,0,0,0,0.009452973,0.143333455,0,0,0,0,0,0,0,0,0,0,0,0,0,0,0,0,0,0,0,0,0,0,0,0,0,0
B160RHB0.04,0,0,0,0,0,0,0,0,0,0,0,0,0,0,0,0,0,0,0,0,0,0,0,0,0,0,0.649295162,0,0,0,0,0,0,0,0,0,0,2.56E-05,0.000230256,0,0,0,0,0,0,0,0.000153504,0,0,0,0,0,0,0,0,0,0,0,0,0,0,0,0,0,0,0,0,0,0,0,0,0,0,0,0,0,0.014761941,0,0,0,0,0,0,0,0,0,0,2.56E-05,0.000281423,0,0,0,0,0,0,0,0,0,0,0,0,0,0,0,0,0,0,0,0,0,0,0,0,0,0,0,0,0,0,0,0,0,0,0,0,0,0,0,0,0.000562847,0,0,0,0,0,0,2.56E-05,0,0,0,0,0.002737483,0,0,0.003939929,7.68E-05,0,0,2.56E-05,0.16824008,0,0,2.56E-05,0,0.000281423,0,0,0.000179088,0,0.000179088,0,0.010335917,0,0,0,0,0,0,2.56E-05,0,0,0,0,0,0,0,0,0,0,0,0,0,0,0,0,0,0,0,0,0,0,0,0,0,0.000562847,5.12E-05,0,0,0,0,0,2.56E-05,0,0,0,0,0,0,0,2.56E-05,0.000281423,0,0,0,0,0,0,5.12E-05,0,0,0,0,0,0,7.68E-05,0,0,0,0,0,0,0,0,0,0,0,0,0,0.00012792,0,0,0,0,0,0,0,0,0,0,0,0,0.146672807,0,0,0,0.000562847,0,0,0,0,0,0,0,0,0.000153504,0,0,0,0,0,0,0,0,0,0,0,0,0
B160Q5GZ.04,0,0,0,0,0,0,0,0,0,0,0,0,0,0,0,0,0,0,0,0,0,0,0.000133732,0,0,0,0.216243926,0,0,0,0,0,0,0,4.46E-05,0,0,0.302144163,0,0,0,0,0,0,0,0,0.000757812,0,0,0,0,0,0,0,0,0,0,0,0,0,0,0,4.46E-05,0,0,0,0,0,0,0,0,0,0,0,0,0,0,0,0,0,0,0,0,0,0,0,0,0,0,0,0,0,0,0,0,0,0,0,0,0,0,0,0,0,0,0,0,0,0,0,0,0,0,0,0,0,0,0,0,0,0,0,0,0,0,0,0,0,0,0.001069852,0,0,0,0,0,0,0.000579503,0,0,0,0,0.00111443,0,0,0.153434672,8.92E-05,4.46E-05,0,0,0.035349708,0,0,0,0,0,0,0,0,0,0,0,0.000757812,0,0,0.000668658,0,0,0,0,0.000980698,0,0,0,0,0,0,0,0,0,0,0,0,0,0,0,0,0,0,0,0,0,0,0,0,0,0,0,0,0,0,0,0,0,0,0,0,0,0,0,0,0.000222886,0,0,0,0,0,8.92E-05,0,0,0,0,0,0,0,0.000133732,0,0,0,0,0,0,0,0,0,0,0,0,0,0,0,0.00031204,0,0,0,0,0,0,0,0,0,0,0.285784336,0,0,0,0,0,0,0,0,0,0,0,0,0,0,0,0,0,0,0,0,0,0,0,0,0,0
F160QYB6.04,0,0,0,0,0,0,0,0,0,0,0,0,0,0,0,0,0,0,0,0,0,0,0,0,0,0,0.721163293,0,0,0,0,0,0,0,0,0,0,7.86E-05,0,0,0,0,0,0,0,0,0.000550206,0,0,0,0,0,0,0,0,0,0,0,7.86E-05,0,0,0,0,0,0,0,0,0,0,0,0,0,0,0,0,0,0,0,0,0,0,0,0,0,0,0,0,0,0,0,0,0,0,0,0,0,0,0,0,0,0,0,0,0,0,0,0,0,0,0,0,0,0,0,0,0,0,0,0,0,0,0,0,0,0,0,0,0,0,0.000550206,0,0,0,0,0,0,0.017174298,0,0,0,0,7.86E-05,0,0,0.01045392,0,0,0,0,0.021654549,0.000393005,0,0,0,0.000157202,0,0,0.000157202,0,0,0,0.000668108,0,0,7.86E-05,0,0,0,7.86E-05,0,0,0,0,0,0,0,0,0,0,0,0,0,0,0,0,0,0,0,0,0,0,0,0,0,0,0,0,0,0,0,0,0,0,0,7.86E-05,0,0,0,0,0.000117901,0.000510906,0,0,0,0,0,0,0,0,0,0,0,0,0,7.86E-05,0,0,0,0,0,0,0,0,0,0,0,0,0,0,0,3.93E-05,0,0,0,0,0,0,0,0,0,0,0.225859697,0,0,0,0,0,0,0,0,0,0,0,0,0,0,0,0,0,0,0,0,0,0,0,0,0,0
A160RBZ3.04,0,0,0,0,0,0,0,0,0,0,0,0,0,0,0,0,0,0,0,0,0,0,0.000374973,0,0,0,0,0,0,0,0,0,0,0,0,0,0,0.000642811,0.000642811,0,0,0,0,0,0,0,0.002356975,0,0,0,0,0,0,0,0,0,0,0,0,0,0,0,0,0,0,0,0,0,0,0,0,0,0,0,0,0.000535676,0.002089136,0,0,0,0,0.001392758,0,0,0,0,0,0,0,0,0,0,0,0,0,0,0,0,0,0,0,0,0,0,0,0,0,0,0,0,0,0,0,0,0,0,0,0,0,0,0,0,0,0,0,0,0,0,0,0,0,0,0,0,0,0,0.000910649,0,0,0,0,0.000803514,0,0,0,0.000374973,0,0,0,0.281176345,0,0,0,0,0,0,0,0.000482108,0,0,0,0.005731733,0,0,0,0,0,0,0,0.001714163,0,0,0,0,0,0,0,0,0,0,0,0,0,0,0,0,0,0,0,0,0,0,0,0,0,0,0,0,0,0,0,0,0,0,0,0,0,0,0,0,0,0,0,0,0,0,0,0.000321406,0,0,0,0,0,0,0,0,0,0,0,0,0,0,0,0,0,0,0,0,0.001232055,0,0,0,0,0,0,0,0,0,0,0,0,0.699217913,0,0,0,0,0,0,0,0,0,0,0,0,0,0,0,0,0,0,0,0,0,0,0,0,0,0
B160R72S.04,0,0,0,0,0,0,0,0,0,0,0,0,0,0,0,0,0,0,0,0,0,0,0.000803294,0,0,0,0.284215283,0,0,0,0,0,0,0,0,0,0,0,0.001706999,0,0,0,0,0,0,0,0.001305352,0,0,0,0,0,0,0,0,0,0,0,0.002108645,0,0,0,0,0,0,0,0,0,0,0,0,0,0,0,0,0.000552264,0.000301235,0,0,0,0,0.003514409,0,0,0,0,0,0,0.000702882,0,0,0,0,0,0.000301235,0,0,0,0,0,0,0,0,0,0,0,0,0,0,0,0,0,0,0,0,0,0,0.001305352,0,0,0,0,0,0,0,0.000753088,0,0,0,0.002309469,0,0,0,0,0,0,0.004066673,0,0,0,0,0.008434582,0,0,0,0.000251029,0,0,0,0.610603474,0.000301235,0,0.000100412,0,0,0,0,0,0,0,0,0.023496335,0,0,0,0,0,0,0,0.000100412,0,0,0,0,0,0,0,0,0,0,0,0,0,0,0,0,0,0,0,0,0,0,0,0,0,0.000200823,0,0,0,0,0,0,0,0,0,0,5.02E-05,0,0,0,0,0,0,0,0,0,0,0.000351441,0,0,0,0,0,0,5.02E-05,0,0,0,0,0,0,0,0,0,0,0,0,0,0,0,0,0,0,0,0,0,0,0,0,0,0,0.051561402,0,0,0,0,0,0,0,0,0,0,0,0,0,0.000552264,0,0,0,0,0,0,0,0,0,0,0,0
G160QD1K.04,0,0,0,0,0,0,0,0,0,0,0,0,0,0,0,0,0,0,0,0,0,0,2.81E-05,0,0,0,0.697686173,0,0,0,0,0,0,0,0,0,0,0.012074582,0.000112322,0,0,0,0,0,0,0,0.000252724,0,0,0,0,0,0,0,0,0,0,0,2.81E-05,0,0,0,0,0,0,0,0,0,0,0,0,0,0,0,0,0.000140402,0,0,0,0,0,0,0,0,0,0,0,0.000477367,5.62E-05,0,0,0,0,0,0,0,0,0,0,0,0,0,0,0,0,0,0,0,0,0,0,0,0,0,0,0,0,0,0,0,0,0,0,0,0,0,0,0,0,0.000421206,0,0,0,0,0,0,0.000224643,0,0,0,0,0.000252724,0,0,0.022829383,0.000140402,0,0,5.62E-05,0.029540604,0,0,0,0,0,0,0,0,0,0,0,0.000336965,0,0,0,0,0,0,0,0,0,0,0,0,0,0,0,0,0,0,0,0,0,0,0,0,0,0,0,0,0,0,0,0,0,0,0,0,0,0,0,0,0,0.000196563,0,0,0,0,0,0,0,0,0,0,0,0,0,0,0,0,0,0,0,0,0.000112322,0,0,0,0,0,0,0,0,0,0,0,0,0,0,0,5.62E-05,0,0,0,0,0,0,0,0,0,0,0.234976974,0,0,0,0,0,0,0,0,0,0,0,0,0,0,0,0,0,0,0,0,0,0,0,0,0,0
K160R2D1.04,0,0,0,0,0,0,0,0,0,0,0,0,0,0,0,0,0,0,0,0,0,0,0.001559782,0,0,0,0.000419941,0,0,0,0,0,0,0,0,0,0,0.000659908,0,0,0,0,0,0,0,0,0.003659488,0,0,0,0,0,0,0,0,0,0,0,0,0,0,0,0,0,0,0,0,0,0,0,0,0,0,0,0,0,0.004799328,0,0,0,0,0.000239966,0,0,0,0,0,0,0,0,0,0,0,0,0,0,0,0,0,0,0,0,0,0,0,0,0,0,0,0,0,0,0,0,0,0,0,0.00299958,0,0,0,0,0,0,0,0,0,0,0,0.000479933,0,0,0,0,0,0,0.003059572,0,0,0,0,0.00035995,0,0,0,0,0,0,0,0.506749055,0,0,0,0,0,0,0,0,0,0,0,0.005759194,0,0,0.000539924,0,0,0,0,0,0,0,0,0,0,0,0,0,0,0,0,0,0,0,0,0,0,0,0,0,0,0,0,0,0,0.000299958,0,0,0,0,0,0,0,0,0,0,0.000719899,0,0,0.000779891,0,0,0,0,0,0,0,0.000779891,0,0,0,0,0,0,0.000119983,0,0,0,0,0,0,0,0,0,0,0,0,0,0,0,0,0,0,0,0,0,0,0,0,0,0,0.466014758,0,0,0,0,0,0,0,0,0,0,0,0,0,0,0,0,0,0,0,0,0,0,0,0,0,0
F160R4SB.04,0,0,0,0,0,0,0,0,0,0,0,0,0,0,0,0,0,0,0,0,0,0,0.001700909,0,0,0,0.002193277,0,0,0,0,0,0.001745669,0,0,0,0,0.126001522,0.001700909,0,0,0,0,0,0,0,0.0083255,0,0,0,0,0,0,0,0,0,0,0,0,0,0,0,0,0,0,0,0,0,0,0,0,0,0,0,0,0.001611387,0.004520836,0,0,0,0,0.003267535,0,0,0,0,0,0,8.95E-05,0,0,0,0,0,0,0,0,0,0,0,0,0,0,0,0,0,0,0,0,0,0,0,0,0,0,0,0,0,0,0,0,0,0,0,0,0,0,0,0,0.000313325,0,0,0,0,0,0,0.00120854,0,0,0,0,0.004028468,0,0,0,0.003625621,0,4.48E-05,0,0.238395775,0.000447608,0,0,0,0,0,0,0.000805694,0,0,0,0.011816839,0,0,0.001253301,0,0.000626651,0,0,0.001969473,0,0,0,0,0,0,0,0,0,0,0,0,0,0,0,0,0,0,0,0,0,0,0,0,0,0,0,0,0,0,0,0,0,0,0,0,0,0,0,0,0,0,0,0,0,0,0,8.95E-05,0,0,0.000179043,0,0,0,0.305447384,0,0,0,0,0,0,0,0,0,0,0,0,0,0,0,0,0,0,0,0,0,0,0,0,0,0.000268565,0.278322367,0,0,0,0,0,0,0,0,0,0,0,0,0,0,0,0,0,0,0,0,0,0,0,0,0,0
A160RHBX.04,0,0,0,0,0,0,0,0,0,0,0,0,0,0,0,0,0,0,0,0,0.0011377,0,0.002009936,0,0,0,0.062573476,0,0,0,0,0,0.003526869,0,0,0,0,0,0,0,0,0,0,0,0,0,0.00102393,0,0,0,0,0,0,0,0,0,0,0,0.000417157,0,0,0,0,0,0,0,0,0,0,0,0,0,0,0,0.000189617,0.000265463,0,0,0,0,0,0.004702492,0,0,0,0,0,0,0.00068262,0,0,0,0,0,0,0,0,0,0,0,0,0,0,0,0,0,0,0,0,0,0,0,0,0,0,0,0,0,0,0,0,0,0,0,0,0,0,0,0,0.004323258,0,0,0,0,0,0,0.001934089,0,0,0,3.79E-05,0.007963897,0,0,0.001213546,0.002465016,0,0,0,0.855322538,0,0,0,0,0,0,0,0.00125147,0,0.000606773,0,0.010808146,0,0,0.000303387,0,0,0,0,0.00102393,0,0,0,0,0,0,0,0,0,0,0,0,0,0,0,0,0,0,0,0,0,0,0,0,0,0,0,0,0,0,0,0,0,0,0,0,0,0,0,0.000530926,0,0,0,0,0,0,0,0.000834313,0,0,0,0,0,0,7.58E-05,0,0,0,0,0,0,0,0,0,0,0,0,0,0,0,0,0,0,0,0,0,0,0,0,0,0,0.034775684,0,0,0,0,0,0,0,0,0,0,0,0,0,0,0,0,0,0,0,0,0,0,0,0,0,0
D160RGS6.04,0,0,0,0,0,0,0,0,0,0,0,0,0,0,0,0,0,0,0,0,0,0,0.003009027,0,0,0,0.236990973,0,0,0,0,0,0,0,0.000762287,0,0,0.093480441,0.000601805,0,0,0,0,0,0,0,0,0,0,0,0,0,0,0,0,0,0,0,0,0,0,0,0,0,0,0,0,0,0,0,0,0,0,0,0,0.00337011,0,0,0,0,0,0,0,0,0,0,0,0,0,0,0,0,0,0,0,0,0,0,0,0,0,0,0,0,0,0,0,0,0,0,0,0,0,0,0,0,0,0.002487462,0,0,0,0,0,0,0,0,0,0,0,4.01E-05,0,0,0,0,0,0,8.02E-05,0,0,0,0,0.004252758,0,0,0.006018054,0.004052156,0,0,0,0.189327984,0,0,0,0,0,0,0,0,0,0,0.000441324,0.000320963,0,0,0,0,0,0,0,0,0,0,0,0,0,0,0,0,0,0,0,0,0,0,0,0,0,0,0,0,0,0,0.001564694,0,0,0,0,0,0.001043129,0,0,0,0,0,0,0,0,0,0,0,0,0,0,0,0,0,0,0.000521565,0,0,0,0,0,0,0.337331996,0,0,0,0,0,0,0,0,0,0,0,0,0,0,0,0,0,0,0,0,0,0,0,0,0,0,0.114302909,0,0,0,0,0,0,0,0,0,0,0,0,0,0,0,0,0,0,0,0,0,0,0,0,0,0
A160QSHS.04,0,0,0,0,0,0,0,0,0,0,0,0,0,0,0,0.000463574,0,0,0,0.000356595,0,0,3.57E-05,0,0,0,0.000499233,0,0,0,0,0,0.000499233,0,0,0,0,0.189423386,0,0,0,0,0,0,0,0,0.00071319,0,0,0,0,0,0,0,0,0,0,0,0,0,0,0,0,0,0,0,0,0,0,0,0,0,0,0,0,0.000249617,0,0,0,0,0,0.000463574,0,0,0,0,0,0,0,0,0,0,0,0,0,0,0,0,0,0,0,0,0,0,0,0,0,0,0,0,0,0,0,0,0,0,0,0,0,0,0,0,0,0,0,0,0,0,0,0.000249617,0,0,0,0,0,0,0.007167564,0,0,0,0,0.000534893,0,0,0,3.57E-05,7.13E-05,0,0,0.23988161,0,0,0,0,0,0,0,0,0,0,0,0.000998467,0,0,0,0,0,0,0,3.57E-05,0,0,0,0,0,0,0,0,0,0,0,0,0,0,0,0,0,0,0,0,0,0,0,0,0,0.000320936,0,0,0,0,0,0.001675998,0,0.001426381,0,0,0,0,0,0.000534893,0,0,0,0,0,0,0,3.57E-05,0,0,0,0,0,0,0.069571729,0,0,0,0,0,0,0,0,0,0,0,0,0,0,0,0,0,0,0.000249617,0,0,0,0,0,0,0,0.48432764,0,0,0,0.000178298,0,0,0,0,0,0,0,0,0,0,0,0,0,0,0,0,0,0,0,0,0,0
J160R800.04,0,0,0,0,0,0,0,0,0,0,0,0,0,0,0,0,0,0,0,0,0,0,0.004986133,0,0,0,0.002684841,0,0,0,0,0,0,0,0.000442556,0,0,0.245323656,0,0,0,0,0,0,0,0,0.00070809,0,0,0,0,0,0,0,0,0,0.000324541,0,0,0,0,0,0,0,0,0,0,0,0,0,0,0,0,0,0.002389804,0.017908774,0,0,0,0,0,0.000324541,0,0,0,0,0,0,0.000177022,0,0,0,0,0,0,0,0,0,0,0,0,0,0,0,0,0,0,0,0,0,0,0,0,0,0.00094412,0,0,0.013335694,0,0,0,0,0,0,0,0,0,0,0,0.000413052,0,0,0,0,0,0,0.000826105,0,0,0,0,0.026258335,0,0,0,0.017053166,0,0,2.95E-05,0.321000767,0,0,0,0,0.001239157,0,0,0.002448811,0,5.90E-05,0,0.007493952,0,0,0.002714345,0,0,0,0,0.002920871,0,0,0,0,0,0,0,0,0,0,0,0,0,0,0,0,0,0,0,0,0,0,0,0,0,0.000177022,0,0,0,0,0,0,0,0,0,0,0,0,0,0,0,0,0,0,0,0,0,0.000649082,0,0,0,0,0,0,0.09488405,0,0,0,0,0,0,0,0,0,0,0,0,0,0,0,0,0,0,0,0,0,0,0,0,0,0.000678586,0.231604414,0,0,0,0,0,0,0,0,0,0,0,0,0,0,0,0,0,0,0,0,0,0,0,0,0,0
K160RGBW.04,0,0,0,0,0,0,0,0,0,0,0,0,0,0,0,0,0,0,0,0,0,0,0.002171253,0,0,0,0.001855434,0,0,0,0,0,0,0,0,0,0,0.162409696,0,0,0,0,0,0,0,0,0.003197663,0,0,0,0,0,0,0,0,0,0,0,0,0,0,0,0,0,0,0,0,0,0,0,0,0,0,0,0,0.000907978,0.010066717,0,0,0,0,0.01429079,0,0,0,0,0,0,0.000473728,0,0,0,0,0,0,0,0,0,0,0,0,0,0,0,0,0,0,0,0,0,0,0,0,0,0,0,0,0,0,0,0,0,0,0,0,0,0,0,0,0.001658047,0,0,0,0,0,0,0.00161857,0,0,0,0,0.001815957,0,0,0.000394773,0.00264498,0,0,0.001500138,0.20212388,0,0,0,0,0,0,0,0,0,0,0,0.007855987,0,0,0.000394773,0,0,0,0,0.004105641,0,0,0,0,0,0,0,0,0,0,0,0,0,0,0,0,0,0,0,0,0,0,0,0,0,0,0,0,0,0,0,0,0,0,0,0,0,0,0,0,0,0,0,0,0,0,0,0.000473728,0,0,0,0,0,0,0.215546169,0,0,0,0,0,0,0,0,0,0,0,0,0,0.000868501,0,0,0,0,0,0,0,0,0,0,0,0,0.363625597,0,0,0,0,0,0,0,0,0,0,0,0,0,0,0,0,0,0,0,0,0,0,0,0,0,0
J160QWZG.04,0,0,0,0,0,0,0,0,0,0,0,0,0,0,0,0,0,0,0,0,0,0,0.000949868,0,0,0,0.002638522,0,0,0,0,0,0,0.000527704,0.001266491,0,0,0,0,0,0,0.00116095,0,0,0,0,0.000422164,0,0,0,0,0,0,0,0,0,0,0,0,0,0,0,0,0,0,0,0,0,0,0,0,0,0,0,0,0.003271768,0.00707124,0,0,0,0,0.001899736,0,0,0,0,0,0,0.001372032,0,0,0,0,0,0,0,0,0,0,0,0,0,0,0,0,0,0,0,0,0,0,0,0,0.003799472,0,0,0,0,0,0,0,0,0,0,0,0,0,0,0,0.001055409,0,0,0,0,0,0,0.001583113,0,0,0,0,0.001583113,0,0,0,0.003588391,0,0,0,0.597994723,0,0,0,0.000949868,0,0,0,0.000633245,0,0,0,0.002638522,0,0,0.000422164,0,0,0,0.001688654,0.000211082,0,0,0,0,0,0,0,0,0,0,0,0,0,0,0,0,0,0,0,0,0,0,0,0,0,0.000211082,0,0.00116095,0.000316623,0,0,0.005699208,0,0,0,0,0,0,0,0,0,0,0,0,0,0,0,0,0,0,0,0,0,0,0.002849604,0,0,0,0,0,0,0,0,0,0,0,0,0,0,0,0,0,0,0,0,0,0,0,0,0,0.202955145,0.150079156,0,0,0,0,0,0,0,0,0,0,0,0,0,0,0,0,0,0,0,0,0,0,0,0,0,0
J160QX26.04,0,0,0,0,0,0,0,0,0,0,0,0,0,0,0,0,0,0,0,0,0,0,0.000200353,0,0,0,0.469225837,0,0,0,0,0,0,0,0,0,0,0.131431319,0.000120212,0,0,0,0,0,0,0,0.000160282,0,0,0,0,0,0,0,0,0,0,0,8.01E-05,0,0,0,4.01E-05,0,0,0,0,0,0,0,0,0,0,0,0,0,0,0,0,0,0,0,0,0,0,0,0,0,0.001482609,0,0,0,0,0,0,0,0,0,0,0,0,0,0,0.000160282,0,0,0,0,0,0,0,0,0,0,0,0,0,0,0,0,0,0,0,0,0,0,0,0,0,0.000360635,0,0,0,0,0,0,0.000440776,0,4.01E-05,0,0,0,0,0,0.074851739,0,0,0,0,0.03979003,0,0,0,0,0,0,0,0,0,0,0,0.000200353,0,0,0.000320564,0,0,0,0,0.000120212,0,0,0,0,0,0,0,0,0,0,0,0,0,0,0,0.000200353,0,0,0,0,0,0,0,0,0,0,0,0,0,0,0,0,0,0,0,0,0,0,0,8.01E-05,0,0,0,0,0,0,0,0,0,0,0,0,0,0,0.100336592,0,0,0,0,0,0,0,0,0,0,0,0,0,0,0,0.001041834,0,0,0,0,0,0,0,0,0,4.01E-05,0.179275525,0,0,0,0,0,0,0,0,0,0,0,0,0,0,0,0,0,0,0,0,0,0,0,0,0,0
H160QN9B.04,0,0,0,0,0,0,0,0,0,0,0,0,0,0,0,0,0,0,0,0,0,0,0.000958891,0,0,0,0.12697578,0,0.000340252,0,0,0,0,0,0,0,0,0.022735006,0.001422871,0,0,0,0,0,0,0,3.09E-05,0,0,0,0.000185592,0,0,0,0,0,0,0,0.000123728,0,0,0,0,0,0,0,0,0,0,0,0,0,0,0,6.19E-05,0.002567354,0.000123728,0,0,0,0,0,0,0,0,0,0,0,0.000525844,0,0,0,0,0,0,0,0,0,0,0,0,0,0,0,0,0,0,0,0,0,0.000247456,0,0,0,0,0,0,0.001020755,0,0,0,0,0,0,0,0,0,0,0,0.013610071,0,0,0,0,0,0,0.118747873,0,0,0,0,0.000402116,0,0,0.00061864,0.00046398,0,0,0,0.674162517,0,0,0,0,0,0,0,0.00046398,0,0,0,0.001824987,0,0,0.000835163,0,0,0,0,0,0,0,0,0,0,0,0,0,0,0,0,0,0,0,0,0.000742368,0,0,0,0,0,0,0,0,0,0,0,0,0,0,3.09E-05,0,0,0,0,0,0,0,0,0.000371184,0.000587708,0,0,0,0,0,0,0,0,0,0,0,0,0,6.19E-05,0,0,0,0,0,0,0,0,0,0,0,0,0,0,0,3.09E-05,0,0,0,0,0,0,0,0,0,0,0.029725633,0,0,0,0,0,0,0,0,0,0,0,0,0,0,0,0,0,0,0,0,0,0,0,0,0,0
H160QQYC.04,0,0,0,0,0,0,0,0,0,0,0,0,0,0,0,0,0,0,0,0,0,0,0.003601319,0,0,0,0.099873193,0,0,0,0,0,0,0,0,0,0,0.021049962,0.002840477,0,0,0,0,0,0,0,0.003753487,0,0,0,0,0,0,0,0,0,0,0,0.002586863,0,0,0,0,0,0,0,0,0,0,0,0,0,0,0,0,0.000202891,0.002282526,0.000202891,0,0,0,5.07E-05,0,0,0,0,0,0,0.002688308,0,0.00035506,0,0,0,0,0,0,0,0,0,0,0,0,0,0,0,0,0,0,0,0,0,0,0,0,0,0,0,0,0,0,0,0,0,0,0,0,0,0,0.003144814,0,0,0,0,0,0,0.003043368,0,0,0,0,0.004260715,0,0,0.00091301,0.024651281,0,0,0,0.715800152,0,0,0.001065179,0.000456505,0.008267816,0,0,0.004514329,0,0,0.011006848,0.015013949,0,0,0.000253614,0,0,0,0,0.001065179,0,0,0,0,0,0,0,0,0,0,0,0,0,0,0,0,0,0.000760842,0,0,0,0,0,0,0,0.000557951,0,0,0,0,0,0,0,0,0,0,0,0,0,0,0,0,0,0,0,0,0,0,0,0,0,0,0,0,0,0,0,0,0,0,0,0,0,0,0,0,0,0,0,0,0,0,0,0,0,0,0,0,0,0,0,0.065280243,0,0,0,0,0,0,0,0,0,0,0,0,0,0.000456505,0,0,0,0,0,0,0,0,0,0,0,0
H160QMH9.04,0,0,0,0,0,0,0,0,0,0,0,0,0,0,0,0,0,0,0,0,0,0,0.00033713,0,0,0,0.659209671,0.000144484,0,0,0,0,0,0,0,0,0,0.04288776,0.000433453,0,0,0,0,4.82E-05,0,0,0.000120404,0,0,0,0,0,0,0,0,0,0,0,0,0,0,0,0,0,0,0,0,0,0,0,0,0,0,0,0,0.000264888,0.000698341,0,0,0,0,2.41E-05,0,0,0,0,0,0,0.000505695,0,0.001781973,0,0,0,0,0,0,0,0,0,0,0,0,0,0,0,0,0,0,0,0,0,0,0,0,0,0,0,0,0,0,0,0,0,0,0,0,0,0,0.001228117,0,0,0,0,0,0,0.001878296,0,0,0,2.41E-05,0.001204036,0,0,0.045512558,0.001107713,9.63E-05,0,0,0.126158885,0,0,0,0,0,0,0,0.000240807,0,0,0,0.003756592,0,0,0.00033713,0,0,0,0,0,0,0,0,0,0,0,0,0,0,0,0,0,0,0,0,4.82E-05,0,0,9.63E-05,0,0,0,9.63E-05,0,9.63E-05,0,0,0,0,0,0,0.000457534,0,0,0,0,0,0,0,0.000144484,9.63E-05,0,0,0,0,0,0,4.82E-05,0,0,0,0,0,0,0.000313049,0,0,0,0,0,0,0,0,0,0,0,0,0,0,0,0.000168565,0,0,0,0,0,0,0,0,0,0,0.110410095,0,0,0,2.41E-05,0,0,0,0,0,0,0,0,0,0,0,0,0,0,0,0,0,0,0,0,0,0
J160S2NZ.04,0,0,0,0,0,0,0,0,0,0,0,0,0,0.001305681,0,0,0,0,0,0,0,0,6.07E-05,0,0,0,0,0,0,0,0,0,0,0,6.07E-05,0,0,0.151550117,0,0,0,0,0,0.000394741,0,0,0.000941305,0.000850211,0,0,0,0,0,0,0,0,0,0,0,0,0,0,0,0,0,0,0,0,0,0,0,0,0,0,0,0,0,0,0,0,0,0,0,0,0,0,0,0,3.04E-05,0,0.00091094,0,0,0,0,0,0,0,0,0,0,0,0,0,0,0,0,0,0,0,0,0,0,0,0,0,0,0,0,0,0,0,0,0,0,0,0,0,0,0.001487869,0,0,0,0,0,0,0.334041843,0.002064798,0,0,0,0.004706525,0,0,0,0,0,0,0,0.150031883,0,0,0,0,0,0,0,0.001609328,0,0,0,0.005283454,0,0,0,0,0,0,0,0,0,0,0,0,0,0,0,0,0,0,0,0,0,0,0,0.001032399,0,0,0,0,0,0,3.04E-05,0,0,0,0,0,0,0,0,0,0,0,0,0,0,0,0,0,0.003097197,0,0,0,0,0,0.000637658,0.00091094,0,0,0,0,0,0,0.002489904,0,0,0,0,0,0,0,0,0,0,0,0,0,0,0,0,0,0,0,0,0,0,0,0,0,0,0.336471017,0,0,0,0,0,0,0,0,0,0,0,0,0,0,0,0,0,0,0,0,0,0,0,0,0,0
B160R1TD.04,0,0,0,0,0,0,0,0,0,0,0,0,0,0,0,0,0,0,0,0,0,0,0.001462758,0,0,0,0.12339828,0,0,0,0,0,0,0,0,0,0,0.042537008,0.000409572,0,0,0,0,0,0,0,0.000994676,0,0,0,0,0,0,0,0,0,0,0,0.000117021,0,0,0,0,0,0,0,0,0,0,0,0,0,0,0,0,0.005792522,0.003393599,0,0,0,0,0.016265871,0,0,0,0,0,0,0.036568954,0,0,0,0,0,0,0,0,0,0,0,0,0,0,0,0,0,0,0,0,0,0,0,0,0,0,0,0,0,0,0,0,0,0,0,0,0,0,0,0,0.000117021,0,0,0,0,0,0,0.00175531,0,0.000175531,0,0,0.006962729,0,0,0,0.017494588,0,0,0,0.601661693,0,0,0,0,0,0,0,0.001053186,0,0,0,0.017319057,0,0,0.000409572,0,0,0,5.85E-05,0.017553098,0,0,0,0,0,0,0,0,0,0,0,0,0,0,0,0,0,0,0,0,0,0,0,0,0,0.000117021,0,0,0,0,0,0,0,0,0,0,0.002574454,0,0,0.001170207,0,0,0,0,0,0,0,0.002281903,0,0,0,0,0,0,0.002047861,0,0,0,0,0,0,0,0,0,0,0,0,0,0,0,0,0,0,0,0,0,0,0,0,0,0,0.096307998,0,0,0,0,0,0,0,0,0,0,0,0,0,0,0,0,0,0,0,0,0,0,0,0,0,0
E160R1RS.04,0,0,0,0,0,0,0,0,0,0,0,0,0,0,0,0,0,0,0,0,0,0,0.001056582,0,0,0,0.630888622,0,0,0,0,0,0,0,0,0,0,0.008999162,0,0,0,0,0,0,0,0,0.000619376,0,0,0,0,0,0,0,0,0,0,0,0,0,0,0,0,0,0,0,0,0,0,0,0,0,0,0,0,0.000765111,0.000765111,0,0,0,0,0.002441068,0,0,0,0,0,0,0,0,0,0,0,0,0,0,0,0,0,0,0,0,0,0,0,0,0,0,0,0,0,0,0,0,0,0,0,0,0,0,0,0,0,0,0,0,0,0,0,3.64E-05,0,0,0,0,0,0,0,0,0,0,0,0.001202317,0,0,0.000145735,0.004554232,0,0,0,0.289284803,0,0,0,0,0,0,0,0.000364339,0,0,0,0.003096878,0,0,0,0,0,0,0,0.001785259,0,0,0,0,0,0,0,0,0,0,0,0,0,0,0,0,0,0.000182169,0,0,0,0,0,0,0,0,0,0,0,0,0,0,0,0,0,0,0,0,0,0,0,0,0,0,0,0,0,0.000327905,0,0,0,0,0,0,0,0,0,0,0,0,0,0,0,0,0,0,0,0,0.000400772,0,0,0,0,0,0,0,0,0,0,0,0.000400772,0.052683353,0,0,0,0,0,0,0,0,0,0,0,0,0,0,0,0,0,0,0,0,0,0,0,0,0,0
K160QSXD.04,0,0,0,0,0,0,0,0,0,0,0,0,0,0,0,0,0,0,0,0,0,0,0.001938869,0,0,0,0.262830748,0,0,0,0,0,0,0,0,0,0,0.011005931,0.00051323,0,0,0,0,0,0,0,0.000114051,0,0,0,0,0,0,0,0,0,0,0,0.001311588,0,0,0,0,0,0,0,0,0,0,0,0,0,0,0,0,0.007755474,0.099281478,0,0,0,0,0.003421533,0,0,0,0,0,0,0.003307482,0,0,0,0,0,0,0,0,0,0,0,0,0,0,0,0,0,0,0,0,0,0,0,0,0,0,0,0,0,0,0,0,0,0,0,0,0,0,0,0,0.000285128,0,0,0,0,0,0,0.000570255,0,0,0,0,0.011975365,0,0,0.004333942,0.003364507,0,0.000171077,0,0.379048814,0,0,0,0,0,0,0,0.002680201,0,0,0,0.006101734,0,0,0.000114051,0,0,0,0,0.005816606,0,0,0,0,0,0,0,0,0,0,0,0,0,0,0,0,0,0,0,0,0,0,0,0,0,0,0,0,0,0,0,0,0,0,0,0,0,0,0,0,0,0,0,0,0,0,0,0,0,0,0,0,0,0,0.046475821,0,0,0,0,0,0,0,0,0,0,0,0,0,0.000399179,0,0,0,0,0,0,0,0,0,0,0,0.116046989,0.031135949,0,0,0,0,0,0,0,0,0,0,0,0,0,0,0,0,0,0,0,0,0,0,0,0,0,0
E160S95J.04,0,0,0,0,0,0,0,0,0,0,0,0,0,0,0,0,0,0,0,0,0,0,0.011336579,0,0,0,0.054906002,0,0,0,0,0,0,0,0,0,0,0,0.000781833,0,0,0,0,0.000213227,0,0,0.000284303,0,0,0,0,0,0,0,0,0,0,0,0,0,0,0,0,0,0,0,0,0,0,0,0,0,0,0,0,0.06809055,0.001919045,0,0,0,0,0,0,0,0,0,0,0,0.000426454,0,0,0,0,0,0,0,0,0,0,0,0,0,0,0,0,0,0,0,0,0,0,0,0,0,0,0,0,0,0,0,0,0,0,0,0,0,0,0,0,0.030811329,0,0,0,0,0,0,0.341447813,0,0,0,0,0.009595224,0,0,0,0.001847969,0,0,0,0.433668574,0,0,0,0,0,0,0,0.000319841,0,0,0,0.018728455,0,0,0.000142151,0,0,0,0,0.023135151,0,0,0,0,0,0,0,0,0,0,0,0,0,0,0,0,0,0,0,0,0,0,0,0,0,0,0,0,0,0,0,0,0,0.002025658,0,0,0,0,0,0,0,0,0,0,0,0,0,0.000177689,0,0,0,0,0,0,3.55E-05,0,0,0,0,0,0,0,0,0,0,0,0,0,0,0,0,0,0,0,0,0,0,0,0,0,0.000106614,0,0,0,0,0,0,0,0,0,0,0,0,0,0,0,0,0,0,0,0,0,0,0,0,0,0,0
F160Q5F5.06,0,0,0,0,0,0,0,0,0,0,0,0,0,0,0,0,0,0,0,0,0,0,0.00734538,0,0,0,0.250110181,0,0.002460702,0,0,0,0,0,0,0,0,0,0.009438813,0,0,0,0,0,0,0,3.67E-05,0,0,0,0,0,0,0,0,0,0,0,0.003011606,0,0,0,0,0,0,0,0,0,0,0,0,0,0,0,0,0.006500661,0.024937564,0,0,0,0,0.033972381,0,0,0,0,0,0,0,0,0,0,0,0,0,0,0,0,0,0,0,0,0,0,0,0,0,0,0,0,0,0,0,0,0,0,0,0,0,0,0,0,0,0,0,0,0,0,0,0.000146908,0,0,0,0,0,0,0.004627589,0,0.00047745,0,0,0.055200529,0,0.001469076,0,0.011789335,0,0,0,0.517555458,0,0,0,0,0,0,0,0,0,0,0,0.041501396,0,0,0.006133392,0,0,0,0,0,0,0,0,0,0,0,0,0,0,0,0,0,0,0,0,0,0,0,0,0,0,0,0,0,0,0.000293815,0,0,0,0,0,0,0,0,0,0,0,0,0,0,0,0,0,0,0,0,0,0.003856324,0,0,0,0,0,0,0.002644337,0,0,0,0,0,0,0,0,0,0,0,0,0,0,0,0,0,0,0,0,0,0,0,0,0,0,0,0,0,0,0,0,0,0,0,0,0,0,0,0,0,0.016490378,0,0,0,0,0,0,0,0,0,0,0
K160SGDB.04,0,0,0,0,0,0,0,0,0,0,0,0,0,0,0,0,0,0,0,0,0,0,0.004059683,0,0,0,0.003690621,0,0,0,0,0,0,0,0,0,0,0,0,0,0,0,0,0.000790847,0,0,0,0,0,0,0,0,0,0,0,0,0,0,0,0,0,0,0,0,0,0,0,0,0,0,0,0,0,0,0,0.007117625,0.002530711,0,0,0,0,0.011651816,0,0,0,0,0,0,0.000210893,0,0,0,0,0,0,0,0,0,0,0,0,0,0,0,0,0,0,0,0,0,0,0,0,0,0,0,0,0,0,0,0,0,0,0,0,0,0,0,0,0.047978067,0,0,0,0,0,0,0.657352243,0,0,0,0.000263616,0.001476248,0,0,0.000105446,0.003743344,0,0,0,0.231243739,0,0,0,0,0,0,0,0.001687141,0,0,0.000421785,0.016344177,0,0,5.27E-05,0,0.000316339,0,0,0.004955976,0,0,0,0,0,0,0,0,0,0,0,0,0,0,0,0.000474508,0,0,0,0,0,0,0,0,0,0.001318079,0,0,0,0,0,0.000158169,0,0,0,0,0,0,0,0,0,0,0,0,0,0,0,0.000263616,0,0,0,0,0,0,0.000632678,0,0,0,0,0,0,0,0,0,0,0,0,0,0.001159909,0,0,0,0,0,0,0,0,0,0,0,0,0,0,0,0,0,0,0,0,0,0,0,0,0,0,0,0,0,0,0,0,0,0,0,0,0,0,0
J160RQHX.04,0,0,0,0,0,0,0,0,0,0,0,0,0,0,0,0,0,0,0,0,0,0,0,0,0,0,0.951245104,0.000209849,0,0,0,0,0,0,0,0,0,0,0,0,0,0,0,0,0,0,0.000209849,0,0,0,0,0,0,0,0,0,0,0,0,0,0,0,0,0,0,0,0,0,0,0,0,0,0,0,0,0,3.50E-05,0,0,0,0,0,0,0,0,0,0,0,0,0,0,0,0,0,0,0,0,0,0,0,0,0,0,0,0,0,0,0,0,0,0,0,0,0,0,0,0,0,0,0,0,0,0,0,0,0.000174874,0,0,0,6.99E-05,0,0,0,0,0,0,0.000839396,0,0,0,0,0,0,0,0.000139899,0,0,0,0,0.046271684,0,0,0,0,0,0,0,0,0,0,0,0,0,0,0,0,0.000139899,0,0,0,0,0,0,0,0,0,0,0,0,0,0,0,0,0,0,0,0,0,0,0,0,0,0.000594572,0,0,3.50E-05,0,0,0,0,0,0,0,0,0,0,0,0,0,0,0,0,0,0,0,0,0,3.50E-05,0,0,0,0,0,0,0,0,0,0,0,0,0,0,0,0,0,0,0,0,0,0,0,0,0,0,0,0,0,0,0,0,0,0,0,0,0,0,0,0,0,0,0,0,0,0,0,0,0,0,0,0,0,0,0,0,0,0,0,0
F160Q8LV.04,0,0,0,0,0,0,0,0,0,0,0,0,0,0,0,0,0,0,0,0,0,0,0.001855288,0,0,0,0.28432282,0,0,0,0,0,0,0,0,0,0,0,0,0,0,0,0,0,0,0,0.00148423,0,0,0,0,0,0,0,0,0,0,0,0,0,0,0,0,0,0,0,0,0,0,0,0,0,0,0,0,0.000742115,0.002226345,0,0,0,0,0.001855288,0,0,0.000742115,0,0,0,0.007142857,0,0.001948052,0,0,0,0.001205937,0,0,0,0,0,0,0,0,0,0,0,0,0,0,0,0,0,0,0,0,0,0,0,0,0,0,0,0,0,0,0,0,0,0,0.004081633,0,0,0,0,0,0,0.02606679,0,0,0,0,0.001113173,0,0,0,0.002597403,0,0,0,0.644434137,0,0,0,0,0,0,0,9.28E-05,0,0,0,9.28E-05,0,0,0.009925788,0,0,0,0,0.001113173,0,0,0,0,0,0,0,0,0,0,0,0,0,0,0,0,0,0,0,0,0,0,0,0,0,0.000371058,0,0,0,0,0,0.003896104,0,0,0,0,0,0,0,0.001855288,0,0,0,0,0,0,0,0.000278293,0.000185529,0,0,0,0,0,0.000185529,0,0,0,0,0,0,0,0,0,0,0,0,0,0,0,0,0,0,0,0,0,0,0,0,0,0,0.000185529,0,0,0,0,0,0,0,0,0,0,0,0,0,0,0,0,0,0,0,0,0,0,0,0,0,0
K160QNQM.04,0,0,0,0,0,0,0,0,0,0,0,0,0,0,0,0,0,0,0,0,0,0,0,0,0.000576295,0,0.007812,0,0,0,0,0,0,0,0,0,0,0.000288148,0.001024525,0,0,0,0,0,0,0,0.00035218,0,0,0,0,0,0,0,0,0,0,0,0,0,0,0,0,0,0,0,0,0,0,0,0,0,0,0,0,0,0,0,0,0,0,0,0,0,0,0,0,0.002977524,0.001632836,0,0,0,0,0,0,0,0,0,0,0,0,0,0,0,0,0,0,0,0,0,0,0,0,0,0,0,0,0,0,0,0,0,0,0,0,0,0,0,0,0.000992508,0,0,0.000640328,0,0,0,0.001536787,0,0,0,0,0.006179164,0,0,0.857174874,0.000544279,0,0,0,0.073893834,0,0,0,0,0.00080041,0,0,0,0,0,0,0,0,0,0,0,0,0,0,0,0,0,0,0,0,0,0,0,0,0,0,0,0,0,0,0.000384197,0,0,0,0,0,0,0,0,0,0,0,0,0,0,0,0,0,0,0,0,0,0,0,0,0.000608311,0,0,0,0,0,0,0.000928475,0.000128066,0,0,0,0,0,0,0,0,0,0,0,0,0,0,0,0,0,0,0,0,0,0,0,0,0.003425754,0,0,0,0,0,0,0,0.038067491,0,0,0,3.20E-05,0,0,0,0,0,0,0,0,0,0,0,0,0,0,0,0,0,0,0,0,0,0
A160S2RT.04,0,0,0,0,0,0,0,0,0,0,0,0,0,0,0,0,0,0,0,0,0,0,0.005059022,0,0,0,0,0,0.010473063,0,0,0,0,0,0.004881512,0,0,0,0,0,0,0,0,0,0,0,0.005680305,0,0,0,0,0,0,0,0,0,0,0,0,0,0,0,0,0,0,0,0,0,0,0,0,0,0,0,0,0,0.003550191,0,0,0,0,0,0,0,0,0,0,0,0,0,0,0,0,0,0,0,0,0,0,0,0,0,0,0,0,0,0,0,0,0,0,0,0,0,0,0,0,0,0,0,0,0,0,0,0,0,0,0,0,0.010118044,0,0,0.005591551,0,0,0,0.722020059,0,0,0,0,0,0,0,0,0,0,0,0,0.172805538,0,0,0,0,0,0,0,0.000266264,0,0,0,0,0,0,0.012425668,0,0,0,0,0,0,0,0,0,0,0,0,0,0,0,0,0,0,0,0,0,0,0,0,0,0,0,0,0,0,0,0.019259785,0,0,0,0,0,0,0,0.014467028,0,0,0,0,0.004526493,0,0,0,0,0,0,0,0.004792758,0.00390521,0,0,0,0,0,0,0,0,0,0,0,0,0,0,0,0,0,0,0,0,0,0,0,0,0,0,0,0,0,0,0,0,0,0,0,0,0,0,0,0,0,0,0,0,0,0,0,0.00017751,0,0,0,0,0,0,0,0,0,0,0
H160QS76.04,0,0,0,0,0,0,0,0,0,0,0,0,0,0,0,0,0,0,0,0,0,0,0,0,0,0,0.020467941,0,0,0,0,0,0,0,0,0,0,0,3.57E-05,0,0,0,0,0,0,0,0.000857296,0,0,0,0,0,0,0,0,0,0,0,0,0,0,0,0,0,0,0,0,0,0,0,0,0,0,0,0,0,0,0,0,0,0,0,0,0,0,0,0,0,0.000178603,0,0,0,0,0,0,0,0,0,0,0,0,0,0,0,0,0,0,0,0,0,0,0,0,0,0,0,0,0,0,0,0,0,0,0,0,0,0,0,0,0.010930523,0,0,0,0,0.000142883,0,0.171637792,0,0,0,0,0.000142883,0,0,0,0,0.003964994,0,0,0.7752813,0,0,0,0,0.000285765,0,0,0,0,0,0,0,0,0,7.14E-05,0,0,0,0,7.14E-05,0,0,0,0,0,0,0,0,0,0,0,0,0,0,0,0,0,0,0,0,0,0,0,0,0,0,0,0,0,0,0,0,0,0,0,0,0,0,0,0.000178603,0,0,0,0,0,0,0,0,0,0,0,0,0,0,0.000357207,0,0,0,0,0,0,0,0,0,0,0,0,0,0,0,0,0,0,0.015395606,0,0,0,0,0,0,0,0,0,0,0,0,0,0,0,0,0,0,0,0,0,0,0,0,0,0,0,0,0,0,0,0,0,0
K160S50F.04,0,0,0,0,0,0,0,0,0,0,0,0,8.62E-05,0,0,0,0,0,0,0,0,0,0.001142069,0,0,0,0.009933846,0.000193936,0,0,0,0,0,0,0,0,0,0,0.000905036,0,0,0,0,0,0,0,0.001788523,0,0,0,0,0,0,0,0,0,0,0,0,0,0,0,0,0,0,0,0,0,0,0,0,0,0,0,0,0.001012778,0.000883487,0,0,0,0,0.00310298,0,0,0,0,0,0.000172388,0.004158855,0,0.000237033,0,0,0,0,0,0.0007111,0,0,0,0,0,0,0,0,0,0,0,0,0,0,0,0,0,0,0,0,0.000387873,0,0,0,0,0,0,0,0,0,0,8.62E-05,0.00056026,0,0,0.000215485,8.62E-05,0,0.000129291,0.000861939,0,0,0,0,0.005020794,0,0,0.098562717,0.00465447,0,0.00028013,0,0.782188032,0,0,0,0.000797294,0,0,0,0,0,0.00028013,0,0.004460534,0,0,0,0,0,0,0.000301679,0.002844398,0,0,0,0,0,0,0,0,0,0,0,0,0,0,0,0,0,0,0,0.000344776,0,0,0,0,0,0,0,0,0,0,0,0.000172388,0,0,0,0,0.000258582,0,0,0,0,0,0,0,0,0,0.000193936,0.000603357,0.000150839,0,0,0,0,0,0.003447756,0,0,0,0,0,0,0,8.62E-05,0,0,0,0,0,0,0,0,0,0,0,0,0,0,0,0,0,2.15E-05,0.067446721,0,0,0,0.000172388,0,0,0,0,0,0,0,0,0,0,0.000150839,0,0,0,0,0,0,0,0,0,0,0.000905036
K160SF7J.04,0,0,0,0,0,0,0,0,0,0,0,0,0,0,0,0,0,0,0,0,0,0,0.001768944,0,0.000707578,0,0.000257301,0,0,0,0,0,0,0,0,0,0,0,0.001608131,0,0,0,0,0,0,0,0.000514602,0,0,0,0,0,0,0,0,0,0,0,0,0,0,0,0,0,0,0,0,0,0,0,0,0,0,0,0,0.002026245,0.001608131,0,0,0,0,0.005338994,0,0,0,0,0,0.002412196,0,0,6.43E-05,0,0,0,0,0,0,0,0,0,0,0,0,0,0,0,0,0.000450277,0,0,0,0,0,0,0,0,0,0.004888717,0,0,0,0,0,0,0,0,0,0,0,0,0,6.43E-05,0,0,0,0,0.001222179,0,0,0,0,0.030522321,0,0,0.00135083,0.010195549,0,6.43E-05,0,0.710054033,0,0,0,0.004534929,0,0,0,0.003280587,0,0,0,0.009648784,0,0,0,0,0,0,0,0.005242506,0,0,0,0,0,0,0,0,0,0,0,0,0,0,0,0.000675415,0,0,0,0,0,0,0,0,0.000675415,0,0,0,0,0,0,0,0,0,0,0,0,0,0,0,0,0,0,0,0,0,0.000450277,0.000385951,0.001157854,0,0,0,0,0,0.008876882,0,0,0,0,0,0,0,0,0,0,0,0,0,0.002894635,0,0,0,0,0.000257301,0,0,0,0,0,0,0,0.1830696,0,0,0,0.000804065,0,0,0,0,0,0,0,0,0,0,0.000997041,0,0,0,0,0,0,0,0,0,0,0.001929757
G160QZK6.06,0,0,0,0,0,0,0,0,0,0,0,0,0,0,0,0,0,0,0,0,0,0,0.001962642,0,0,0,0.004906605,0,0,0,0,0,0,0,0,0,0,0.003925284,0.0040268,0,0,0,0,0,0,0,0.008019762,0,0,0,0,0,0,0,0,0,0,0,0,0,0,0,0,0,0,0,0,0,0,0,0,0,0,0,0,0.001894965,0.0146183,0,0,0,0,0.00125203,0,0,0,0,0,0,0.031334597,0,0.001691933,0,0,0,0,0,0,0,0,0,0,0,0,0,0,0,0,0,0,0,0,0,0,0,0,0,0,0,0,0,0,0,0,0,0,0,0,0,0,0.000913644,0,0,0,0,0.000913644,0,0.014685977,0,0,0,6.77E-05,0,0,0,0.004466703,0.002233351,0,0,0,0.246108554,0,0,0,0,0,0,0,0.000879805,0,0,0,0.007749053,0,0,0,0,0,0,0,0.003925284,0,0,0,0,0,0,0,0,0,0,0,0,0,0,0,0,0,0,0,0,0,0,0,0,0,0,0,0,0,0,0,0.00101516,0,0,0,0,0,0,0,0,0,0,0,0,0,0,0.000778289,0.001387385,0,0,0,0,0,0,0.637215755,0,0,0,0,0,0,0,0,0,0,0,0,0,0,0,0,0,0,0,0,0,0,0,0,0,0,0,0,0,0,0.0040268,0,0,0,0,0,0,0,0,0,0,0,0,0,0,0,0,0,0,0,0,0,0
C160R5VT.04,0,0,0,0,0,0,0,0,0,0,0,0,0,0,0,0,0,0,0,0,0,0,0.000623327,0,0,0,0.612473875,0,0,0,0,0,0,0,0.001649984,0,0,0,0.000659993,0,0,0,0,0,0,0,0.001356653,0,0,0,0,0,0,0,0,0,0,0,0,0,0,0,0,0,0,0.00029333,0,0,0,0,0,0,0,0,0,0.000109999,0.006709933,0,0,0,0,0.002859971,0,0,0,0,0,0,0,0,0,0,0,0,0,0,0,0,0,0,0,0,0,0,0,0,0,0,0,0,0,0,0,0,0,0,0,0.042789572,0,0,0,0,0,0,0,0,0,0,0,0.001723316,0,0,0,0,0,0,0.010119899,0,0,0,0.000219998,0.022623107,0,0,0.008543248,0.008543248,0,0,0,0.116928831,0,0,0,0,0,0,0,0,0,0,0,0.005683277,0,0,0.000879991,0,0,0,0.005279947,0,0,0,0,0,0,0,0,0,0,0,0,0,0,0,0,0,0,0,0,0,0,0,0,0,0,0,0,0,0,0,0,0,0,0,0,0,0,0,0,0,0,0,0,0,0,0.000146665,0,0,0,0,0,0,0,0,0.022183112,0,0,0,0,0,0,0,0,0,0,0,0,0,0.004949951,0,0,0,0,0,0,0,0,0,0,0,0.07362593,0.048729513,0.00029333,0,0,0,0,0,0,0,0,0,0,0,0,0,0,0,0,0,0,0,0,0,0,0,0,0
J160SGTT.06,0,0,0,0,0,0,0,0,0,0,0,0,0,0,0,0,0,0,0,3.40E-05,0,0,0.001121076,0,0,0,0.909566517,0,0,0,0,0,0,0,0,0,0,0.000543552,0.000611496,0,0,0,6.79E-05,0,0,0,0.000543552,0,0,0,0,0,0,0,0,0,0,0,0,0,0,0,0,0,0,0,0,0,0,0,0,0,0,0,0,0.00050958,0.000441636,0,0,0,0,0,0,0,0,0,0,3.40E-05,0.000305748,0,0,0,0,0,0,0,0,0,0,0,0,0,0,0,0,0,0,0,0,0,0,0,0,0,0,0,0,0.000135888,0,0,0,0,0,0,0,0,0,0,0,0.000237804,0,0,0,0,0,0,0.000135888,0,0,0,3.40E-05,0.000441636,0,0,0.025784753,0.000917244,0.00016986,0,0,0.038116592,0,0,0,0,0,0,0,6.79E-05,0,0,0,0.00135888,0,0,0.000101916,0,0,0,0,0.000713412,0,0,0,0,0,0,0,0,0,0,0,0,0,0,0,0.000135888,0,0,0,0,0,0,0,0,0,0,0,0,0,0,0,0,0,0,0,0,0,0,0,0,3.40E-05,0,0,0,0,0,3.40E-05,6.79E-05,0,0,0,0,0,0,0.014540019,0,0,0,0,0,0,0,0,0,0,0,0,0,0.00016986,0,0,0,0,0,0,0,0,0,0,0,0,0.002887621,0,0,0,0.000135888,0,0,0,0,0,0,0,0,0,0,0,0,0,0,0,0,0,0,0,0,0,0
J160QXV6.04,0,0,0,0,0,0,0,0,0,0,0,0,0.000408372,0,0,0,0,0,0,0,0,0,5.10E-05,0,0,0,0.701786626,0,0,0,0,0,0,0,0,0,0,0,0.000561511,0,0,0,0,0,0,0,0.00245023,0,0,0,0,0,0,0,0,0,0,0,0,0,0,0,0,0,0,0,0,0,0,0,0,0,0,0,0,0.000561511,0.033078101,0,0,0,0,0,0,0,0,0,0,0,0.000204186,0,0,0,0,0,0,0,0,0,0,0,0,0,0,0,0,0,0,0,0,0,0,0,0,0,0,0,0,0,0,0,0,0,0,0,0,0,0,0,0,0.000153139,0,0,0,0,0,0,0.001429301,0,0,0,0,0.001429301,0,0,0,0.000408372,0,0,0,0.068095967,0,0,0.000153139,0,0,0,0,0,0,0,0,0.002399183,0,0,0,0,0,0,0,0,0,0,0,0,0,0,0,0,0,0,0,0,0,0,0,0,0,0,0,0,0,0,0,0,0,0,0,0,0,0,0,0,0,0,0,0,0,0,0,0,0.000306279,0,0,0,0,0,0,0,0,0,0,0,0,0,0.000561511,0,0,0,0,0,0,0,0,0,0,0,0,0,0,0,0,0,0,0,0,0,0,0,0,0,5.10E-05,0.185809086,0,0,0,0.000102093,0,0,0,0,0,0,0,0,0,0,0,0,0,0,0,0,0,0,0,0,0,0
C160Q00Q.04,0,0,0,0,0,0,0,0,0,0,0,0,0,0,0,0,0,0,0,0,0,0,0.000664936,0,0,0,0,0,0.000664936,0,0,0,0,0,0,0,0,0,0.005826103,0,0,0,0,0,0,0,0.000189982,0,0,0,0,0,0,0,0,0,0,0,0,0,0,0,0,0,0,0,0,0,0,0,0,0,0,0,0,0,0.029162181,0,0,0,0,0,0,0,0,0,0,0,0,0,0,0,0,0,0,0,0,0,0,0,0,0,0,0,0,0,0,0,0,0,0,0,0,0,0,0,0,0,0,0,0,0,0.000696599,0,0,0,0,0,0,0.021119625,0,0,0,0.000696599,0,0,0.005667785,0,0.000728263,0,3.17E-05,0.003293015,0,0,0,0.020043063,0,0.000728263,0,0.893736939,0,0,0,0,0,0,0,0.000886581,0,0,0,0.010385663,0,0.000506618,0.001709835,0,0,0,0,0,0,0,0,0,0,0,0,0,0,0,0,0,0,0,0,0,0,0,0,0,0,0,0,0,0,0.000379963,0,0,0,0,0,0,0,0,0,0,6.33E-05,0,0,0,0.000316636,0,0,0,0,0,0,0.000949908,0,0,0,0,0,0,0,0,0,0,0,0,0,0,0,0,0,0,0,0,0,0,0,0,0,0,0,0,0,0,0,0,0,0.000886581,0,0,0,0,0,0,0,0,0,0,0,0,0,0,0,0,0,0,0,0,0,0,0,0,0,0.000664936
F160SBV9.04,0,0,0,0,0,0,0,0,0,0,0,0,0,0,0,0,0,0,0,0,0,0,0.003921569,0,0,0,0.038023837,0,0,0,0,0,0.000422914,0.000538255,0,0,0,7.69E-05,0.003152634,0,0,0,0,0.000884275,0,0,0.00472895,0,0,0,0,0,0,0,0,0,0,0,0.002114571,0,0,0,0,0,0,0,0,0,0,0,0,0,0,0,0,0.002652826,0.007266436,0,0,0,0,0.009957709,0,0,0,0,0,0,0.0029604,0,0,0,0,0,0,0,0,0,0,0,0,0,0,0,0,0,0,0,0,0,0,0,0,0,0,0,0,0.000922722,0,0,0,0,0,0,0,0,0,0,0,0.005113418,0,0,0.000153787,0,0,0,0.021337947,0,0,0,0,0.012956555,0,0,7.69E-05,0.010611303,0.002652826,0,0.002345252,0.51207228,0,0,0,0,0,0,0,0.000230681,0,0,0,0.02414456,0,0,0.000922722,0,0.000307574,0,0,7.69E-05,0,0,0,0,0,0,0,0,0,0,0,0,0,0,0,0,0,0,0,0,0,0,0,0,0,0,0,0,0,0,0,0,0,0,0,0,0,0,0,0,0.002076125,0,0,0,0,0,0.000461361,0.000346021,0.000461361,0,0,0,0,0,0.320530565,0,0,0,0,0,0,0,0,0,0,0,0,0,0.00449827,0,0,0,0,0,0,0,0,0,0,0,0,3.84E-05,0,0,0,0.000961169,0,0,0,0,0,0,0,0,0,0,0,0,0,0,0,0,0,0,0,0,0,0
F160SFXB.04,0,0,0,0,0,0,0,0,0,0,0,0,0,0,0,0,0,0,0,0,0,0,0.001361803,0,5.14E-05,0,0.004008325,0,0,0,0,0,0,0,0,0,0,0.000334027,0.00128472,0,0,0,0,0.000179861,0,0,0.003751381,0,0,0,0,0,0,0,0.000154166,0,0,0,0,0,0,0,0,0,0,0,0,0,0,0,0,0,0,0,0,0.001721524,0.001002081,0,0,0,0,0.005318739,0,0,0,0,0,0.005652766,0.000539582,0,0,0,0,0,0,0,0,0,0,0,0,0,0,0,0,0,0,0,0,0,0,0,0,0,0,0,0,0.002929161,0,0,0,0,0,0,0,0,0,0,0,0.007990956,0,0.000102778,0.000308333,0,0,0,0.011716642,0,0,0,0.000847915,0.020118708,0,0,0.017138159,0.009995118,0,0.000385416,7.71E-05,0.693799943,0,0,0,0,0,0,0,0.000693749,0,0,0,0.006911791,0,0,0.001798607,0,0,0,5.14E-05,0.010611783,0,0,0,0,0,0,0,0,0,0.000513888,0,0,0,0,0,0.000205555,0,0,0,0,0,0,0,0,0,0,0,0,0.000385416,0,0,0,0,0,0,0,0,0,0,0.000205555,0.003494437,0,0,0,0,0.000179861,0,0.000179861,0,0,0,0,0,0,0.176803104,0,0,0,0,0,0,0,0,0,0,0,0,0,0.00064236,0,0,0,0,0,0,0,0,0,0,0,0.000179861,0.005858321,0,0,0,5.14E-05,0,0.000102778,0,0,0,0,0,0,0,0,0,0,0,0,0,0,0,0,0,0,0,0.000359721
G160RC1T.04,0,0,0,0,0,0,0,0,0,0,0,0,0,0,0,0,0,0,0,0,0,0,0,0,0,0,0.000525279,0,0,0,0,0,0.000612826,0,4.38E-05,0,0,0,0.010593128,0,0,0,0,0,0,0,0.00026264,0,0,0,0,0,0,0,0,0,0,0,0,0,0,0,0,0,0,0,0,0,0,0,0,0,0,0,0,0.000175093,8.75E-05,0,0,0,0,0,0,0,0,0,0,4.38E-05,0.00013132,0,0,0,0,0,0,0,0,0,0,0,0,0,0,0,0,0,0,0,0,0,0,0,0,0,0,0,0,0,0,0,0,0,0,0,0,0,0,0,0,0.000350186,0,0,0,0,0,0,0.012606697,0,0,0,0,0.003852046,0,0,0.013832348,0.00026264,0,0,0,0.393827971,0,0,0,0,0,0,0,0.001356971,0,0,0,0.003983366,0,0,4.38E-05,0,0,0,0,0,0,0,0,0,0,0,0,0,0,0,0,0,0,0,0,0,0,0,0,0,0,0,0,0,0,0,0,0,0.00927993,0,0,0,0,0,0,0,0,0,0,0,0.000437733,0,0,0,0,0,0,0.000700372,0,0,0,0,0,0,0.314904793,0,0,0,0,0,0,0,0,0,0,0,0,0,0,0,0,0,0,0,0,0,0,0,0,0,0.00013132,0.225607354,0,0,0,0.006259575,0,0,0,0,0,0,0,0,0,0,0,0,0,0,0,0,0,0,0,0,0,8.75E-05
J160SH57.04,0,0,0,0,0,0,0,0,0,0,0,0,0,0,0,0,0,0,0,0,0,0,0.000160694,0,0,0,0.060870963,0,0,0,0,0,0,0,0,0,0.002442552,0,0,0,0,0,0,0.002956773,0,0,0,0,0,0,0,0,0,0,0,0,0,0,0,0,0,0,0,0,0,0,0,0,0,0,0,0,0,0,0,0,0.003406717,0,0,0,0,0.000192833,0,0,0,0,0,0,0,0,0,0,0,0,0,0,0,0,0,0,0,0,0,0,0,0,0,0,0,0,0,0,0,0,0,0,0,0,0,0,0,0,0,0,0,0,0,0,0,0.019893942,0,0,0,0,0,0,0.71827093,0,0,0,0,0.005431464,0,0,0,0.001189137,0,0,0,0.176120842,0,0,0,0,0,0,0,0,0,0,0,0.006234935,0,0,0,0,0,0,0,0,0,0,0,0,0,0,0,0,0,0,0,0,0,0,0,0,0,0,0,0,0,0,0,0,0,0,0,0,0,0,0,0,0,0,0,0,0,0,0,0,0,0,0,0,0,0,0,0.001703359,0.001124859,0,0,0,0,0,0,0,0,0,0,0,0,0,0,0,0,0,0,0,0,0,0,0,0,0,0,0,0,0,0,0,0,0,0,0,0,0,0,0,0,0,0,0,0,0,0,0,0,0,0,0,0,0,0,0,0,0,0,0
K160RQH0.04,0,0,0,0,0,0,0,0,0,0,0,0,0,0,0,0,0,0,0,0,0,0,4.09E-05,0,0,0,0.459727284,0,0,0,0,0,0,0,0,0,0,0,0.000573277,0,0,0,0,0,0,0,0,0,0,0,0,0,0,0,0,0,0,0,0,0,0,0,0,0,0,0,0,0,0,0,0,0,0,0,0,0,4.09E-05,0,0,0,0,0,0,0,0,0,0,0,0,0,0,0,0,0,0,0,0,0,0,0,0,0,0,0,0,0,0,0,0,0,0,0,0,0,0,0,0,0,0,0,0,0,0,0,0,0.001023709,0,0,0,0,0,0,0,0,0,0,0.000286639,0,0,0,0,0.000286639,0,0,0.007616396,0.000286639,0,0,0,0.478031203,0,0,0,0,0,0,0,0,0,0,0,0.000327587,0,0,0,0,0,0,0,0,0,0,0,0,0,0,0,0,0,0,0,0,0,0,0,0,0,0,0,0,0,0,0,0,0,0,0,0,0,0,0,0,0,0,0,0,0,0,0,0,0,0,0,0,0,0,0,0.000859916,0,0,0,0,0,0,0.022439704,0,0,0,0,0,0,0,0,0,0,0,0,0,0,0,0,0,0,0,0,0,0,0,0,0,0.00950002,0.018959093,0,0,0,0,0,0,0,0,0,0,0,0,0,0,0,0,0,0,0,0,0,0,0,0,0,0
B160SCVS.04,0,0,0,0,0,0,0,0,0,0,0,0,0,0,0,0,0,0,0,0,0,0,0.000564175,0,0,0,0.194801531,0,0,0,0,0,0,0,4.03E-05,0,0,0,0.008261132,0,0,0,0,0,0,0,0.000201491,0,0,0,0,0,0,0,0,0,0,0,0.000120895,0,0,0,0,0,0,0,0,0,0,0,0,0,0,0,0,0.002458191,0.000886561,0,0,0,0,0,0,0,0,0,0,0,0,0,0,0,0,0,0,0,0,0,0,0,0,0,0,0,0,0,0,0,0,0,0,0,0,0,0,0,0,0,0,0,0,0,0,0,0,0,0,0,0,0.002458191,0,0,0,0,0,0,0.023655047,0,0,0,0,0.002740278,0,0,0.001853718,0.003868628,0,0,0,0.707435019,0,0,0,0,0,0,0,0.000161193,0,0.000120895,0,0.001289543,0,0,0.000120895,0,0,0,0,0.000161193,0,0,0,0,0,0,0,0,0,0,0,0,0,0,0,0,0,0,0,0,0,0,0,0,0,0,0,0,0,0,0,4.03E-05,0,0,0,0,0,0,0,0,0,0,0,0,0,0,0,0.000322386,0,0,0,0,0,0,0.04831755,0,0,0,0,0,0,0,0,0,0,0,0,0,0,0,0,0,0,0,0,0,0,0,0,0,4.03E-05,4.03E-05,0,0,0,0,0,0,0,0,0,0,0,0,0,4.03E-05,0,0,0,0,0,0,0,0,0,0,0,0
E160RK4Z.06,0,0,0,0,0,0,0,0,0,0,0,0.000713737,0,0,0,0,0,0,0,0,0,0,0.002690238,0,0,0,0.295761502,0,0.001207862,0,0,0,0,0,5.49E-05,0,0,0,0.001866696,0,0,0,0,0,0,0,0,0,0,0,0,0,0,0,0,0,0,0,0,0,0,0,0,0,0,0,0,0,0,0,0,0,0,0,0,0.000494125,0.000658834,0,0,0,0,0.006204019,0,0,0,0,0,0,0.015976721,0,0,0,0,0,0,0,0,0,0,0,0,0,0,0,0,0,0,0,0,0,0,0.000878445,0,0.000274514,0,0,0,0,0,0,0,0,0,0,0,5.49E-05,0,0,0,0.001537279,0,0,0,0,0,0,0.00603931,0,0,0,0,0.008125618,0,0,0,0.010211925,0,0.000658834,0,0.524267047,0,0,0,0,0.000933348,0,0,0,0,0.000603931,0,0.00818052,0,0,0.000603931,0,0,0,0,0.019765016,0,0,0,0,0,0,0,0,0,0,0,0,0,0,0,0.001152959,0,0,0,0,0,0,0,0,0,5.49E-05,0,0,0,0,0,0.002196113,0,0,0,0,0,0,0,0,0.003239266,0,0,0,0,0,0,0.000439223,0.000878445,0,0,0,0,0,0.004941254,0,0,0,0,0,0,0,0,0,0,0,0,0,0,0,0,0,0,0,0,0,0,0,0,0,0.000109806,0.078950258,0,0,0,0,0,0,0,0.000274514,0,0,0,0,0,0,0,0,0,0,0,0,0,0,0,0,0,0
A160RVZW.04,0,0,0,0,0,0,0,0,0,0,0,0,0,0,0,0,0,0,0,0,0,0,0.007695061,0,0,0,0.423273085,0,0,0,0,0,0,0,0,0,0,0,0.001207946,0,0,0,0,0,0,0,0.013511095,0,0,0,0,0,0,0,0,0,0,0,0,0,0,0,0,0,0,0,0,0,0,0,0,0,0,0,0,0.000805297,0.003758053,0,0,0,0,0.000984252,0,0,0,0,0,0,0.023487831,0,4.47E-05,0,0,0,0,0,0,0,0,0,0,0,0,0,0,0,0,0,0,0,0,0,0,0,0,0,0,0,0,0,0,0,0,0,0,0,0,0,0,0.000850036,0,0,0,0,0,0,0.007113457,0,0,0,0,0.002236936,0,0,0,0.005905512,0,0,0.000671081,0.085719399,0,0,0,0,0,0,0,0.000492126,0,0.000313171,0,0.009305655,0,0,0,0,0.000581603,0,0,0,0,0,0,0,0,0,0,0,0,0,0,0,0,0,0,0,0,0,0,0,0,0,0,0,0,0,0,0,0,0,0,0,0,0,0,0,0,0,0,0.000850036,0.002236936,0,0,0,0,0,0,0.000760558,0,0,0,0,0,0,0.406227631,0,0,0,0,0,0,0,0,0,0,0,0,0,0.001073729,0,0,0,0,0.000268432,0,0,0,0,0,0,0,0.000223694,0,0,0,0,0,0,0,0,0,0,0,0,0,0,0,0,0,0,0,0,0,0,0,0,0.000402649,0
K160QP4W.04,0,0,0,0,0,0,0,0,0,0,0,0,0,0,0,0,0,0,0,0,0,0,0.000991991,0,0.000624587,0,0.007825704,0,0,0,0,0,0,0,0.000367404,0,0,0.000367404,0.00562128,0,0.000440885,0,0,0,0,0,0.024138438,0,0,0,0,0,0,0,0,0,0,0,0.000991991,0,0,0,0,0,0,0,0,0,0,0,0,0,0,0,0,0.000330664,0.000991991,0,0,0,0,0.000146962,0,0,0,0,0,0.000661327,0.000367404,0,0,0,0,0,0,0,0,0,0,0,0,0,0,0,0,0,0,0,0,0,0,0,0,0,0,0,0,0,0,0,0,0,0,0,0,0,0,0,0,0.017414946,0,0,0,0,0,0,0.468550224,0,0,0,0,0.002755529,0,0,0.000293923,0.000220442,0,0,0,0.446101844,0,0,0,0,0,0,0,0.000367404,0,0,0,0.010617973,0,0,0.000183702,0,0,0,0,0.000183702,0,0,0,0,0,0,0,0,0,0,0,0,0,0,0,0,0,0,0,0,0,0,0,0,0,0.000183702,0,0,0.001763539,0,0,0.000404144,0,0,0.000477625,0,0,0,0,0,0.001506356,0,0,0,0,0,0,3.67E-05,0,0,0,0,0,0,0.001212433,0,0,0,0,0,0,0,0,0,0,0,0,0,0.001432875,0,0,0,0,0,0,0,0,0,0,0,0,0,0,0,0,3.67E-05,0,0,0,0,0,0,0,0,0,0.002388126,0,0,0,0,0,0,0,0,0,0,0,0
J160QFRY.04,0,0,0,0,0,0,0,0,0,0,0,0,0,0,0,0,0,0,0,0,0,0,0.000577212,0,0.000307846,0,0.249778736,0,0,0,0,0,0,0,0.005887559,0,0,0.002809097,0.036441298,0,0,3.85E-05,0,0,0,0,0.012121445,0,0,0,0,0,0,0,0,0,0,0,0.000885058,0,0,0,0,0,0,0,0,0,0,0,0,0,0,0,0.000538731,0,0.001539231,0,0,0,0,0,0,0,0,0,0,0,0.001154423,0,0,0,0,0,0,0,0,0,0,0,0,0,0,0,0,0,0,0,0,0,0,0,0,0,0,0,0,0,0,0,0,0,0,0,0,0,0,0.001770116,0,0.001693154,0,0,0,0,0,0,0.005040982,0,3.85E-05,0,0,0,0,0,0.004348328,0,3.85E-05,0,0,0.653826913,0,0,0,0,0,0,0,0,0,0,0.000423289,0.005002501,0,0,0.004656174,0,0,0,0,0,0,0,0,0,0,0,0,0,0,0,0,0,0,0,0,0.000461769,0,0,0,0.000654173,0,0,0,0,0,0.00196252,0,0,0,0,0,0.000384808,0,0.000384808,0,0,0,0,0,0.003078462,0.000230885,0,0,0,0,0,0,0.000192404,0.000384808,0,0,0,0,0,7.70E-05,0,0,0,0,0,0,0,0,0,0,0,0,0,0,0,0,0,0,0,0,0,0,0,0,0,0,0.003078462,0,0,0,0,0,0,0,0,0,0,0,0,0,0.000192404,0,0,0,0,0,0,0,0,0,0,0,0
F160QKK9.04,0,0,0,0,0,0,0,0,0,0,0,0,0,0,0,0,0,0,0,3.53E-05,0,0,3.53E-05,0,0,0,0.870427206,0,0,0,0,0,0,0,0,0,0,0,0,0,0,0,0,0,0,0,0,0,0,0,0,0,0,0,0,0,0,0,0,0,0,0,0,0,0,0,0,0,0,0,0,0,0,0,0.000458602,0,3.53E-05,0,0,0,0,0,0,0,0,0,0,0,0,0,0,0,0,0,0,0,0,0,0,0,0,0,0,0,0,0,0,0,0,0,0,0,0,0,0,0,0,0,0,0,0,0,0,0,0,0,0,0,0,0.001164144,0,0,0,0,0,0,0.113980315,0,0,0,3.53E-05,0,0,0,0,0,0.012558648,0,0,0.000317494,0,0,0,0,3.53E-05,0,0,3.53E-05,0,0,0,0,0,0,0,0,0,0,0,0,0,0,0,0,0,0,0,0,0,0,0,0,0,0,0,0,0,0,0,0,0,0,0,0,0,0,0,0,0,0,0,0,0,0,0,0,0,0,0,3.53E-05,0,0,0,0,0,0,0,0,0,0,0,0,0,0,0,0,0,0,0,0,0,0,0,0,0,0,0,0,0,0,0,0,0,0,0,0,0,0,0,0,0,0.00084665,0,0,0,0,0,0,0,0,0,0,0,0,0,0,0,0,0,0,0,0,0,0,0,0,0,0
A160QH76.04,0.000155933,0,0,0,0,0,0,0,0,0,0,0,0,0,0,0,0,0,0,0,0,0,0,0,0,0,0.405582411,0,0,0,0,0,0,0,0,0,0,0,0,0,0,0,0,0,0,0,0,0,0,0,0,0,0,0,0,0,0,0,0,0,0,0,0,0,0,0,0,0,0,0,0,0,0,0,0,0,0,0,0,0,0,0,0,0,0,0,0,0,0,0,0,0,0,0,0,0,0,0,0,0,0,0,0,0,0,0,0,0,0,0,0,0,0,0,0,0,0,0.00011695,0,0,0,0,0,0,0,0,0,0,0,0.005574614,0,0,0,0,0,0,0.587400593,0,0,0,0.00011695,0,0,0,0,0,0.000545766,0,0,3.90E-05,0,0,0,0,0.00035085,0,0,0,0,0,0,0,0,0,0,0,0,0,0,0,0,0,0,0,0,0,0,0,0,0,0,0,0,0,0,0,0,0,0,0,0,0,0,0,0,0,0,0,0,0,0,0,0,0,0,0,0,0,0,0,0,0,0,0,0,0,0,0,0,0,0,0,0,0,0,0,0,0,0,0,0,0,0,0,0,0,0,0,0,0,0,0,0,0,0,0,0,0,0,0,0,0,0.00011695,0,0,0,0,0,0,0,0,0,0,0,0,0,0,0,0,0,0,0,0,0,0,0,0,0
B160QX4T.04,0,0,0,0,0,0,0,0,0,0,0,0,0,0,0,0,0,0,0,0,0,0,0,0,0,0,0.366279751,0.011568375,0,0,0,0,0,0,0,0,0,0,0.000273576,0,0,0,0,0,0,0,0,0,0,0,0,0,0,0,0,0,0,0,0,0,0,0,0,0,0,0,0,0,0,0,0,0,0,0,0,0,0,0,0,0,0,0,0,0,0,0,0,0,0,0,0,0,0,0,0,0,0,0,0,0,0,0,0,0,0,0,0,0,0,0,0,0,0,0,0,0,0,0,0,0,0,0,0,0,0,0,0,0,0,0.008559034,0,0,0,0,0,0,0.587563997,0,0,0,0.000195412,0,0,0,0,0,0.000312659,0,0,0.021143549,0,0,0,0,0,0,0,0,0,0,0,0,0,0,0,0,0,0,0,0,0,0,0,0,0,0,0,0,0,0,0,0,0,0,0,3.91E-05,0,0,0,0,0,0,0,0,0,0,0,0,0,0,0,0,0,0,0,0,0,0,0,3.91E-05,0,0,0,0,0,0,0,0,0,0,0,0,0,0,0,0,0,0,0,0,0,0,0,0,0,0,0,0,0,0,0,0,0,0.003947317,0,0,0,0,0,0,0,7.82E-05,0,0,0,0,0,0,0,0,0,0,0,0,0,0,0,0,0,0,0,0,0,0,0,0,0,0
A160QM32.04,0,0,0,0,0,0,0,0,0,0,0,0,0,0,0,0,0,0,0,0,0,0,0,0,0,0,0.493281702,0,0,0,0,0,0,0,0,0,0,0,0,0,0,0,0,0,0,0,0,0,0,0,0,0,0,0,0,0,0,0,0,0,0,0,0,0,0,0,0,0,0,0,0,0,0,0,0,0,0,0,0,0,0,0,0,0,0,0,0,0,0,0,0,0,0,0,0,0,0,0,0,0,0,0,0,0,0,0,0,0,0,0,0,0,0,0,0,0,0,0,0,0,0,0,0,0,0,0,0,0,0,0.005831856,0,0,0,0,0,0,0.481897919,0,0,0,0.000186619,0,0,0,0,0,0.018335355,0,0,0,0,0,0,0,0.000326584,0,0,0,0,0,0,0,0,0,0,0,0,0,0,0,0,0,0,0,0,0,0,0,0,0,0,0,0,0,0,0,0,0,0,0,0,0,0,0,0,0,0,0,0,0,0,0,0,0,0,0,0,0,0,4.67E-05,9.33E-05,0,0,0,0,0,0,0,0,0,0,0,0,0,0,0,0,0,0,0,0,0,0,0,0,0,0,0,0,0,0,0,0,0,0,0,0,0,0,0,0,0,0,0,0,0,0,0,0,0,0,0,0,0,0,0,0,0,0,0,0,0,0,0,0,0,0,0
C160R34C.04,0,0,0,0,0,0,0,0,0,0,0,0,0,0,0,0,0,0,0,0,0,0,0,0,0,0,0.159462486,0.00431131,0,0,0,0,0,0,0,0,0,0,0,0,0,0,0,0,0,0,0.00162374,0,0,0,0,0,0,0,0,0,0,0,0,0,0,0,0,0,0,0,0,0,0,0,0,0,0,0,0,0,0,0,0,0,0,0,0,0,0,0,0,0,0,0,0,0,0,0,0,0,0,0,0,0,0,0,0,0,0,0,0,0,0,0,0,0,0,0,0,0,0,0,0,0,0,0,0,0,0,0,0,0,0,0.056550952,0,0,0,0,0,0,0.761926092,0,0,0,0.000447928,0,0,0,0,0,5.60E-05,0,0,0.01556551,0,0,0,0,0,0,0,0,0,0,0,0,0,0,0,0,0,0,0,0,0,0,0,0,0,0,0,0,0,0,0,0,0,0,0,0,0,0,0,0,0,0,0,0,0,0,0,0,0,0,0,0,0,0,0,0,0,0,0,0,0,0,0,0,0,0,0,0,0,0,0,0,0,0,0,0,0,0,0,0,0,0,0,0,0,0,0,0,0,0,0,0,0,0,0,0,0,0,0,0,0,5.60E-05,0,0,0,0,0,0,0,0,0,0,0,0,0,0,0,0,0,0,0,0,0,0,0,0,0,0
G160QDL9.04,0,0,0,0,0,0,0,0,0,0,0,0,0,0,0,0,0,0,0,0,0,0,0.000860227,0,0,0,0.785303993,2.77E-05,2.77E-05,0,0,0,0,0,2.77E-05,0,0,0,0.000832478,0,0,0,0,0,0,0,2.77E-05,0,0,0,0,0,0,0,0,0,0,0,0,0,0,0,0,0,0,0,0,0,0,0,0,0,0,0,0,5.55E-05,0.000776979,0,0,0,0,0.000804728,0,0,0,0,0,0,8.32E-05,0,0,0,0,0,0,0,0,0,0,0,0,0,0,0,0,0,0,0,0,0,0,0,0,0,0,0,0,5.55E-05,0,0,0,0,0,0,0,0,0,0,0,0.00036074,0,0,0,0,0,0,0.000221994,0,2.77E-05,0,2.77E-05,0.003968144,0,0,0.062158337,0.021616672,0,2.77E-05,0,0.09232178,0,0,0,0,0,0,0,0.000194245,0,0,0,0.021477925,0,0,0,0,0,0,5.55E-05,0.000527236,0,0,0,0,0,0,0,0,0,0,0,0,0,0,0,0.000221994,0,2.77E-05,0,0,0,0,0,0,0,0,0,0,0,0,0,0.000416239,0,0,0,0,0,0,0,0,0,0,0,0,0,2.77E-05,0,0,0,0,0,0,0,0,0.007214807,0,0,0,0,0,0,0,0,0,0,0,0,0,0.000166496,0,0,0,0,0,0,0,0,0,0,0,5.55E-05,0,0,0,0,0,0,0,0,0,0,0,0,0,0,0,0,0,0,0,0,0,0,0,0,0,0,0
D160QCVX.04,0,0,0,0,0,0,0,0,0,0,0,0,0,0,0,0,0,0,0,0,0,0,0.000499287,0,0,0,0.655206847,0.00117689,0,0,0,0,0,0,0,0,0,0.016975749,0.002496434,0,0,0,0,0,0,0,0.000570613,0,0,0,0,0,0,0,0,0,0,0,0,0,0,0,3.57E-05,0,0,0,0,0,0,0,0,0,0,0,0,0,0.001462197,0,0,0,0,0.00032097,0,0,0,0,0,0,0,0,0.000499287,0,0,0,0,0,0,0,0,0,0,0,0,0,0,0,0,0,0,0,0,0,0,0,0,0,0,0.00139087,0,0,0,0,0,0,0,0,0,0,0,0.008273894,0,0,0,0,0,0,0.009379458,0,0,0,7.13E-05,0.005028531,0,0,0.05171184,0.000927247,3.57E-05,0,0,0.191333809,0,0,0,0,0,0,0,0,0,0,0,0.004921541,0,0,0.001212553,0,0,0,0,0,0,0,0,0,0,0,0,0,0,0,0,0,0,0,0,0.00085592,0,0,0,0,0,0,0,0,0,0,0,0,0,0,0,0,0,0,0,0,0,0,0,0,0.001533524,0,0,0,0,0,0.00021398,0.00032097,0,0,0,0,0,0,0.00010699,0,0,0,0,0,0,0,0,0,0,0,0,0,0,0,0,0,0,0,0,0,0,0,0,0,0,0.043437946,0,0,0,0,0,0,0,0,0,0,0,0,0,0,0,0,0,0,0,0,0,0,0,0,0,0
F160RHKN.04,0,0,0,0,0,0,0,0,0,0,0,0,0,0,0,0,0,0,0,0,0,0,0.003694488,0,0,0,0.337819498,0.000188494,0,0,0,0,0,0,0,0,0,0.001507954,0.001432557,0,0,0,0.000113097,0,0,0,0.000490085,0,0,0,0,0,0,0,0,0,0,0,0,0,0,0,0,0,0,0,0,0,0,0,0,0,0,0,0,0.010744176,0.00595642,0,0,0,0,0.062391616,0,0,0,0,0,0,0.00131946,0,0,0,0,0,0,0,0,0,0,0,0,0,0,0,0,0,0,0,0,0,0,0,0,0,0,0,0,0,0,0,0,0,0,0,0,0,0,0,0,0.001545653,0,0,0,0,0,0,0.001130966,0,0,0,0,0.012855312,0,0,0.001055568,0.019264118,0.000226193,0,0,0.441340572,0,0,0,0,0,0,0,0.000490085,0,0,0,0.010706477,0,3.77E-05,0.000150795,0,0,0,0.000640881,0.007765965,0,0,0,0,0,0,0,0,0,0,0,0,0,0,0,0.00033929,0,0,0,0,0,0,0,0,0,0,0,0,0.00033929,0,0,0,0,0.000113097,0,0,0,0,0,0,0,0,0,0,0,0,0,0,0,0,0,0,0,0,0.066840081,0,0,0,0,0,0,0,0,0,0,0,0,0,0.000113097,0,0,0,0,0,0,0,0,0,0,0,0,0.009387017,0,0,0,0,0,0,0,0,0,0,0,0,0,0,0,0,0,0,0,0,0,0,0,0,0,0
F160R6Z8.04,0,0,0,0,0,0,0,0,0,0,0,0,0,0,0,0,0,0,0,0,0,0,0.000348059,0,0,0,0.093092369,0.00064257,0,0,0,0,0,0,0.001178046,0,0,0.000455154,0.002784471,0,0,0,0,0,0,0,0.003266399,0,0,0,0,0,0,0,0,0,0,0,0,0,0,0,0,0,0,0,0,0,0,0,0,0,0,0,0,0.000133869,0,0,0,0,0,0.00107095,0,0,0,0,0,0,0.001874163,0,0,0,0,0,0,0,0,0,0,0,0,0,0,0,0,0,0,0,0,0,0,0,0.000374833,0,0,0,0,0.00476573,0,0,0,0,0,0,0,0,0,0,0,0.000776439,0,0,0,0,0,0,0.003400268,0,0,0,0,0.020562249,0,0,0.00227577,0.006613119,0,0,0.000535475,0.52562249,0,0,0,0,0,0,0,0.001258367,0,0,0,0.000348059,0,0,0.000240964,0.000321285,0,0,0,0,0,0,0,0,0,0,0,0,0,0,0,0,0,0,0,0,0,0,0,0,0,0,0,0,0,0.000160643,0,0.00064257,0,0,0,0,0,0,0,0,0,0,0,0,0,0,0,0,0,0,0,0,0.001044177,0,0,0,0,0,0.007362784,0,0,0,0,0,0,0,0,0,0,0,0,0,0,0,0,0,0,0,0,0,0,0,0,0,0.000267738,0.317991968,0,0,0,0.000535475,0,0,0,0,0,0,0,0,0,0,0,0,0,0,0,0,0,0,0,0,0,5.35E-05
B160QPRH.04,0,0,0,0,0,0,0,0,0,0,0,0,0,0,0,0,0,0,0,0.000595615,0,0,3.72E-05,0,0,0,0.803670476,0,0,0,0,0,0,0,0,0,0,0,3.72E-05,0,0,0,0,0,0,0,0.000223356,0,0,0,0,0,0,0,0,0,0,0,0,0,0,0,0,0,0,0,0,0,0,0,0,0,0,0,0,0,0,0,0,0,0,0,0,0,0,0,0,0,0,0,0.000967874,0,0,0,0,0,0,0,0,0,0,0,0,0,0,0,0,0,0,0,0,0,0,0,0,0,0,0,0,0,0,0,0,0,0,0,0,0,0,7.45E-05,0,0,0,0,0,0,0.190671183,0,0,0,0,3.72E-05,0,0,0,0,0,0,0,0.003201429,0,0,0,0,0.000409485,0,0,3.72E-05,0,0,0,0,0,0,3.72E-05,0,0,0,0,0,0,0,0,0,0,0,0,0,0,0,0,0,0,0,0,0,0,0,0,0,0,0,0,0,0,0,0,0,0,0,0,0,0,0,0,0,0,0,0,0,0,0,0,0,0,0,0,0,0,0,0,0,0,0,0,0,0,0,0,0,0,0,0,0,0,0,0,0,0,0,0,0,0,0,0,0,0,0,0,0,0,0,0,0,0,0,0,0,0,0,0,0,0,0,0,0,0,0,0,0,0,0,0,0,0,0,0,0
E160Q7HZ.04,0,0,0,0,0,0,0.000501206,0,0,0,0,0,0,0,0,0,0,0,0,0,0,0,0.002161451,0,0,0,0.174983554,0,0,0,0,0,0,0,0.000908436,0,0,0,0.002318078,0,0,0,0,0.000469881,0,0,0.002600006,0,0,0,0.000156627,0,0,0,0,0,0,0,0.001065063,0,0,0,0,0,0,0,0,0,0,0,0,0,0,0,0,0,0.003007236,0,0,0,0,0,0,0,0,0,0,0,0.000595182,0,0,0,0,0,0,0,0,0,0,0,0,0,0,0,0,0,0,0,0,0,0,0,0,0,0,0,0,9.40E-05,0,0,0,0,0,0,0,0.000689158,0,0,0,0.007987971,0,0,0.000469881,0,0,0,0.104501457,0,0,0,0.000219278,0.001597594,0,0,0.064749554,0.002036149,0.000783134,0.001033737,0.005732544,0.604454469,0,0,0,0,0,0,0,0.002067475,0,0,0,0.006954234,0,0,0.000908436,0,0.000469881,0,0,0,0,0,0,0,0,0,0,0,0,0,0,0,0,0,0,0,0,0,0,0,0,0,0,0,0,0.000438555,0,0,0,0,0,0.003633744,0,0,0,0,0,0,0,0,0,0,0,0,0,0,0,0.00081446,0,0,0,0,0,0,0.000219278,0,0,0,0,0,0,0,0,0,0,0,0,0,0,0,0,0,0,0,0,0,0,0,0,0,0,9.40E-05,0,0,0,3.13E-05,0,0,0,0,0,0,0,0,0,0,0,0,0,0,0,0,0,0,0,0,0,0.001253015
B160R4GH.04,0,0,0,0,0,0,0,0,0,0,0,0,0,0,0,0,0,0,0,0,0,0,0.000140012,0,0,0,0.016381392,0,0,0,0,0,0,0,3.50E-05,0,0,0,7.00E-05,0,0,0,0,0,0,0,0.000140012,0,0,0,0,0,0,0,0,0,0,0,3.50E-05,0,0,0,0,0,0,0,0,0,0,0,0,0,0,0,0,0,0,0,0,0,0,0,0,0,0,0,0,0,0,0,0,0,0,0,0,0,0,0,0,0,0,0,0,0,0,0,0,0,0,0,0,0,0,0,0,0,0,0.000455039,0,0,0,0,0,0,0,0,0,0,0,0,0,0,3.50E-05,0,0,0,0.000280024,0,0,0,0,3.50E-05,0,0,0.001050089,0,0,0,0,0.878154643,0,0,0,0,0,0,0,0,0,0,0,7.00E-05,0,0,0,0,0,0,0,0,0,0,0,0,0,0,0,0,0,0,0,0,0,0,0,0,0,0,0,0,0,0.00035003,0,0,0,0.000175015,0.000315027,0,0,0,0,0.000280024,0,0,0,0,0,0,0,0,3.50E-05,0,0,0,0,0,0,3.50E-05,0,0,0,0,0,0,0.000385033,0,0,0,0,0,0,0,0,0,0,0,0,0,0,0,0,0,0,0,0,0,0,0,0,0,0,0.100738563,0,0,0,0.000805068,0,0,0,0,0,0,0,0,0,0,0,0,0,0,0,0,0,0,0,0,0,0
G160S3KR.04,0,0,0,0,0,0,0,0,0,0,0,0,0,0,0,0,0,0,0,0,0,0,0.000742978,0,0,0,0.000339186,0,0,0,0,0,0,0,0.000113062,0,0,0.000323034,0.001550563,0,0,0.000387641,0,0,0,0,0.000258427,0,0,0.000209972,0,0,0,0.000371489,0,0,0,0,0,0,0,0,0,0,0,0,0,0,0,0,0,0,0,0,0,0.000823737,0.001001405,0,0,0,0,0.000113062,0,0,0,0,0,3.23E-05,0.001728232,0,6.46E-05,0,0,0,0,0,0.000613764,0,0,0,0,0,0,0,0,0,0,0,0,0,0,0,0,0,0,0,0,0.00075913,0,0,0,0,0,0,0,0,0,0,0,4.85E-05,0,0,0,0,0,0,0.002261238,0,0,0,0,0.004457868,0,0,0.000145365,0.002390451,0,0,0,0.720317219,0,0,0,0,0,0,0,0,0,0,0,0.006121493,0,0,0.000145365,0,0,0,0,0.001889749,0,0,0,0,0,0,0,0,0,0,0,0,0,0,0,0,0,0,0,0,0,0,0,0,0,0.000129214,0,0.000371489,0,0,0,0,0,0,0,0,0.000129214,0,0,0,0,0,0,0,0,0,0,8.08E-05,3.23E-05,0,0,0,0,0,0.04588697,0,0,0,0,0,0,0,0,0,0,0,0,0,0,0,0,0,0,0,0,0,0,0,0,0,8.08E-05,0.205740313,0,0,0,0,0,0,0,0,0,0,0,0,0,0,0,0,0,0,0,0,0,0,0,0,0,0.000339186
D160SGCF.04,0,0,0,0,0,0,0,0,0,0,0,0,0,0,0,0,0,0,0,0,0,0,0.005847503,0,0,0,0.000769408,0,0,0,0,0,0,0,0,0,0,0,0,0,0,0,0,0,0,0,0.095406632,0,0,0,0,0,0,0,0,0,0,0,0,0,0,0,0,0,0,0,0,0,0,0,0,0,0,0,0,0.016734631,0.014888051,0,0,0,0,0.014349465,0,0,0,0,0,0,0.000192352,0,0,0,0,0,0,0,0,0,0,0,0,0,0,0,0,0,0,0,0,0,0,0,0,0,0,0,0,0,0,0,0,0,0,0,0,0,0,0,0,0.040470878,0,0,0,0,0,0,0.541240286,0,0,0,3.85E-05,0.001577287,0,0,0,0.002615988,0,0,0,0.20704778,0,0,0.000192352,0,0,0,0,0.005116565,0,0,0,0.021889667,0,0,0,0,0,0,0.000153882,0.020581673,0,0,0,0,0,0,0,0,0,0,0,0,0,0,0,0,0,0,0,0,0,0,0,0,0,0.000538586,0,0,7.69E-05,0,0,0.000115411,0,0,0,0,0,0,0,0.000153882,0,0,0,0,0,0,0,0,0,0,0,0,0,0,0.000769408,0,0,0,0,0,0,0,0,0,0,0,0,0,0.009117489,0,0,0,0,0,0,0,0,0,0,0,0,0.000115411,0,0,0,0,0,0,0,0,0,0,0,0,0,0,0,0,0,0,0,0,0,0,0,0,0,0
G160S9T7.04,0,0,0,0,0,0,0,0,0,0,0,0,0,0,0,0,0,0,0,0,0,0,0,0,0,0,0.435749769,0.000395657,0,0,0,0,0,0,0,0,0,0,0,0,0,0,0,0,0,0,0.014243637,0,0,0,0,0,0,0,0,0,0,0,0,0,0,0,0,0,0,0,0,0,0,0,0,0,0,0,0,0,0,0,0,0,0,0.002373939,0,0,0,0,0,0,0,0,0,0,0,0,0,0,0,0,0,0,0,0,0,0,0,0,0,0,0,0,0,0,0,0,0,0,0,0.001582626,0,0,0,0,0,0,0,0,0,0,0,0.021321493,0,0,0.001274893,0,0,0,0.153822482,0,0.00048358,0,0,0.000175847,0,0,0.00953972,8.79E-05,0,0.000131886,0,0.323691036,0,0,0,0,0,0,0,0.001230932,0,0,0,0.007957093,0,0,0,0,0,0,0,0,0,0,0,0,0,0,0,0,0,0,0,0,0,0,0,0.000571504,0,0,0,0,0,0,0,0,0,0,0,0,0,0,0,0,0,0,0,0,0,0,0,0,0,0,0,0,0,0.000351695,0,0,0,0,0,0,0,0,0.024179013,0,0,0,0,0,0,0,0,0,0,0,0,0,0,0,0,0,0,0,0,0,0,0,0,0,0,0.000835275,0,0,0,0,0,0,0,0,0,0,0,0,0,0,0,0,0,0,0,0,0,0,0,0,0,0
H160QYTY.06,0,0,0,0,0,0,0,0,0,0,0,0,0,0,0,0,0,0,0,0,0,0,0.000173064,0,0,0,0.704960022,0.00024229,0,0,0,0,0,0,0,0,0,0,0,0,0,0,0.000449967,0,0,0,0.000173064,0,0,0,0,0,0,0,0,0,0,0,0,0,0,0,0,0,0,0,0,0,0,0,0,0,0,0,0,0.000346129,3.46E-05,0,0,0,0,0,0,0,0,0,0,0,0,0,0,0,0,0,0,0,0,0,0,0,0,0,0,0,0,0,0,0,0,0,0.000449967,0,0,0,0,0,0,0,0,0,0,0,0,0,0,0,0,0,0,0.000207677,0,0,0,0,0,0,0.004638123,0,0,0,0,0.000865321,0,0,0.009899277,0.000865321,0,0,0,0.246408916,0,0,0,0,0,0,0,0,0,0,0,0.000276903,0,0,0.000103839,0,0,0,3.46E-05,0,0,0,0,0,0,0,0,0,0,0,0,0,0,0,0,0,0,0,0,0,0,0,0,0,0,0.00145374,0,0.000380741,0,0,0,0,0,0,0,0,0,0,0,0,0,0,0,0,0,0,0,0.00048458,0,0,0,0,0,0,0,0,0,0,0,0,0,0,0,0,0,0,0,0,0,0,0,0,0,0,0,0,0,0,0,0,0.010522308,0.01685646,0,0,0,0.000173064,0,0,0,0,0,0,0,0,0,0,0,0,0,0,0,0,0,0,0,0,0,0
B160QHTR.04,0,0,0,0,0,0,0,0,0,0,0,0,0,0,0,0,0,0,0,0,0,0,0.001079284,0,0,0,0.168601599,0,0,0,0,0,0,0,0.000175019,0,0,0,0.000670906,0,0,0,0,0,0,0,0.000845925,0,0,0,0,0,0,0,0,0,0,0,0.002596115,0,0,0,0,0,0,0,0,0,0,0,0,0,0,0,0,0,0.002275246,0,0,0,0,0,0,0,0,0,0,0.001487661,0,0,0,0,0,0,0,0,0,0,0,0,0,0,0,0,0,0,0,0,0,0,0,0,0,0,0,0,0,0.000291698,0,0,0,0,0,0,0,0,0,0,0,0.002537775,0,0,0,0,0.000116679,0,0.00166268,0,0,0,0,0.001079284,0,0,0.012718044,0.000875095,0,0,0.002071058,0.77434222,0,0,0,0,0.000437547,0,0,0.000845925,0,0,0,0.008313401,0,0,0,0,0,0,0,0,0,0,0,0,0,0,0,0,0,0,0,0,0,0,0,0,0,0,0,0,0,0,0,0,0,0,0,0,0.000670906,0,0,0.007671664,0,0,0,0,0,0,0,0,0,0,0,0,0,0,0,0.000320868,0.000116679,0,0,0,0,0,0.004083776,0,0,0,0,0,0,0,0,0,0,0,0,0,0,0,0,0,0,0,0,0,0,0,0,0,0,0.004112946,0,0,0,0,0,0,0,0,0,0,0,0,0,0,0,0,0,0,0,0,0,0,0,0,0,0
C160S43N.04,0,0,0,0,0,0,0,0,0,0,0,0,0,0,0,0,0,0,0,0,0,0,0.010428294,0,0,0,0.562840833,0,0,0,0,0,9.57E-05,0,0,0,0,0.000159454,0,0,0,0,0.007845138,0.001084287,0,0,0.002678828,0,0,0,0.000191345,0,0,0,0,0,0,0,0,0,0,0,0,0,0,0,0,0,0,0,0,0,0,0,0.000542144,0.002041012,0.011002328,0,0,0,0,0.002455592,0,0,0.00159454,0,0,0,0,0,0,0,0,0,0.001849667,0,0,0,0,0,0,0,0,0,0,0,0,0,0,0,0,0,0,0,0,0,0,0,0,0,0,0,0,0,0,0,0,0,0,0.010492075,0,0,0.001435086,0,0,0,0.000924833,0,0,0,0.000127563,0.005421437,0,0,0,0.003922569,0,0,0,0.334279427,0,0,0,0,0,0,0,0.000223236,0,0,0,0.007462449,0,0,0,0,0.000510253,0,0,0.001945339,0,0,0,0,0,0,0,0,0,0,0,0,0,0,0,0,0,0,0,0,0,0,0,0,0,0,0,0,0,0,0,0,0,0,0,0,0.001020506,0,0,0,0.000892943,0,0,0,0,0,0,0.001148069,0,0,0,0,0,0,0.022419237,0,0,0,0,0,0,0,0,0,0,0,0,0,0.002519374,0,0,0,0,0,0,0,0.000446471,0,0,0,0,0,0,0,0,0,0,0,0,0,0,0,0,0,0,0,0,0,0,0,0,0,0,0,0,0,0,0
K160QV95.04,0,0,0,0,0,0,0,0,0,0,0,0,0,0,0,0,0,0,0,0,0,0,0.001493297,0,0.001323604,0,0.001730867,0,0,0,0,0,0,0.000339386,0.001052096,0,0,0.001595113,0.001086034,0,0,0,0,0,0,0,0.001289666,0,0,0,0,0,0,0,0,0,0,0.000509079,0,0,0,0,0,0,0,0,0,0,0,0,0,0,0,0,0,0,0.002749024,0,0,0,0,0,0,0,0,0,0,0,0,0,0,0,0,0,0,0,0,0,0,0,0,0,0,0,0,0,0,0,0,0,0,0,0,0.00047514,0,0,0,0.049312744,0,0,0,0,0.023858816,0,0,0,0,0,0,0,0,0,0,0,0,0,0,0,0,0,0,0.011606991,0,0,0.015170541,0.009842186,0,0,0.003868997,0.73466825,0,0,0,0,0,0,0,0.000644833,0,0,0,0.011131851,0,0,0.000543017,0,0.092855931,0,0.000441201,0,0,0,0,0,0,0,0,0,0,0,0,0,0.000984219,0,0,0,0,0,0,0,0,0,0,0,0,0.001221789,0,0,0,0,0,0.001391481,0,0.000509079,0,0,0.007059223,0,0,0,0,0,0,0,0,0.00641439,0,0.000441201,0,0,0,0,0,0,0.013168166,0,0,0,0,0,0,0,0,0,0,0,0,0,0,0,0,0,0,0,0,0,0,0,0,0,0,0,0,0,0,0.00047514,0,0,0,0,0,0,0,0,0,0.000135754,0,0,0,0,0,0,0,0,0,0.000610894,0,0
B160S96F.04,0,0,0,0,0,0,0,0,0,0,0,0,0,0,0,0,0,0,0,0,0,0,0.000369781,0,0,0,0.003660836,0,0,0,0,0,0,0,0.000554672,0,0,0,0.002736383,0,0,0,0,0.00059165,0,0,0.002514514,0,0,0,0,0,0,0,0,0,0,0,0,0,0,0,0,0,0.000147913,0,0,0,0,0,0,0,0,0,0,0.000443738,0,0,0,0,0,0,0,0,0,0,0,0,0.000702585,0,0,0,0,0,0,0,0,0,0,0,0,0,0,0,0,0,0,0,0,0,0,0,0,0,0,0,0,0,0,0,0,0,0,0,0,0,0,0,0,0.032134009,0,0,3.70E-05,0,0,0,0.462522649,0,0,0,7.40E-05,0.019783308,0,0,0,0.000184891,0,0,0,0.468217284,0,0,0,0,0,0,0,0,0,0,0,0.00399364,0,0,0,0,0,0,0,0.000517694,0,0,0,0,0,0,0,0,0,0,0,0,0,0,0,0.000369781,0,0,0,0,0,0,0,0,0,0,0,0,0,0,0,0,0,0,0,0,0,0,0,0,0,0,0,0,0,0,0,0.000184891,0,0,0,0,0,0,3.70E-05,0,0,0,0,0,0,0,0,0,0,0,0,0.000221869,0,0,0,0,0,0,0,0,0,0,0,0,0,0,0,0,0,0,0,0,0,0,0,0,0,0,0,0,0,0,0,0,0,0,0,0,0,0,0,0
K160S1Z5.04,0,0,0,0,0,0,0,0,0,0,0,0,0,0,0,0,0,0,0,0,0,0,0,0,0,0,0.000142966,0,0,0,0,0,0,0,0,0,0,0,0.00061952,0,0,0,0,0,0,0,0,0,0,0,0,0,0,0,0,0,0,0,0,0,0,0,0,0,0,0,0,0,0,0,0,0,0,0,0,0,0,0,0,0,0,0,0,0,0,0,0,0,0,0,0,0,0,0,0,0,0,0,0,0,0,0,0,0,0,0,0,0,0,0,0,0,0,0,0,0,0,0,0,0,0,0,0,0,0,0,0,0,0,0.056423942,0,0,0,0,0,0,0.797655356,0,0,0,0,0,0,0,0,0,0,0,0,0.143966832,0,0,0,0,0,0,0,0,0,0,0,0.000762486,0,0,9.53E-05,0,0,0,0,0,0,0,0,0,0,0,0,0,0,0,0,0,0,0,0,0,0,0,0,0,0,0,0,0,0,0.000333587,0,0,0,0,0,0,0,0,0,0,0,0,0,0,0,0,0,0,0,0,0,0,0,0,0,0,0,0,0,0,0,0,0,0,0,0,0,0,0,0,0,0,0,0,0,0,0,0,0,0,0,0,0,0,0,0,0,0,0,0,0,0,0,0,0,0,0,0,0,0,0,0,0,0,0,0,0,0,0,0,0,0
E160SDVV.04,0,0,0,0,0,0,0,0,0,0,0,0,0,0,0,0,0,0,0,0,0,0,9.56E-05,0,0,0,0.002438092,0,0,0,0,0,0,0.000764891,0,0,0,0.000143417,4.78E-05,0,0,0,0,0,0,0,0.000573669,0,0,0,0,0,0,0,0,0,0,0,4.78E-05,0,0,0,0,0,0,0,0,0,0,0,0,0,0,0,0,0.003394206,0.000717086,0,0,0,0,0.0033464,0,0,0,0,0,0,0.000764891,0,0,0,0,0,0,0,0,0,0,0,0,0,0,0,0,0,0,0,0,0,0,0,0,0,0,0,0,4.78E-05,0,0,0,0,0,0,0,0,0,0,0,0.017401281,0,0,0,0,0,0,0.661439908,0,0,0,0,0.001434172,0,0,0,0.001242949,9.56E-05,0,0.001768812,0.125681231,0,0,0,0,0,0,0,0,0,0,0,0.002485897,0,0,0,0,0,0,0,0,0,0,0,0,0,0,0,0,0,0,0,0,0,0,0,4.78E-05,0,0,0,0,0,0,0,0,0,0,0,0,0,0,0,0.00033464,0,0,0,0,0,0,0,0,0,0,0,0,0,0,4.78E-05,0.000717086,0,0,0,0,0,0.000382446,0.173869395,0,0,0,0,0,0,0,0,0,0,0,0,0,0.00066928,0,0,0,0,0,0,0,0,0,0,0,0,0,0,0,0,0,0,0,0,0,0,0,0,0,0,0,0,0,0,0,0,0,0,0,0,0,0,0
K160S6K3.04,0,0,0,0,0,0,0,0,0,0,0,0,0,0,0,0,0,0,0,0,0,0,0,0,0,0,0.792479281,0.004246897,0,0,0,0,8.25E-05,0,4.12E-05,0,0,0,0.000577248,0,0,0,0,0,0,0,8.25E-05,0,0,0,0,0,0,0,0,0,0,0,0,0,0,0,0,0,0,0,0,0,0,0,0,0,0,0,0,0,0,0,0,0,0,0,0,0,0,0,0,0,0,0,0,0,0,0,0,0,0,0,0,0,0,0,0,0,0,0,0,0,0,0,0,0,0,0,0,0,0,0,0,0,0,0,0,0,0,0,0,0,0,0.001113264,0,0,0,0,0,0,0.0270482,0,0,0,8.25E-05,4.12E-05,0,0,0.006473426,0,4.12E-05,0,0,0.165876386,0,0,0,0,0,0,0,0,0,0,0,4.12E-05,0,0,0,0,0,0,0,0,0,0,0,0,0,0,0,0,0,0,0,0,0,0,0,0,0,0,0,4.12E-05,0,0,0,0,4.12E-05,0.000494784,0,0,0,0,0,0.00020616,0,0.000536016,0,0,0,0,0,0,4.12E-05,0,0,0,0,4.12E-05,0,4.12E-05,4.12E-05,0,0,0,0,0,0,0,0,0,0,0,0,0,0,0,0,0,0,0,0,0,0,0,0,0,0,0,0,0,0,0,0.000288624,0,0,0,0,0,0,0,0,0,0,0,0,0,0,0,0,0,0,0,0,0,0,0,0,0,0,0
K160RV9Q.04,0,0,0,0,0,0,0,0,0,0,0,0,0,0,0,0,0,0,0,0,0,0,0,0,0,0,0.000938222,0,0,0,0,0,0,0,0,0,0,0,0,0,0,0,0,0,0,0,0.000433025,0,0,0,0,0,0,0,0,0,0,0,0,0,0,0,0,0,0,0,0,0,0,0,0,0,0,0,0,0.000216513,0,0,0,0,0,0,0,0,0,0,0,0,0.000577367,0,0,0,0,0,0,0,0,0,0,0,0,0,0,0,0,0,0,0,0,0,0,0,0,0,0,0,0,0,0,0,0,0,0,0,0,0,0,0,0,0.028290993,0,0,0,0,0,0,0.75562933,0,0,0,0,0.001082564,0,0,0,0,0,0,0,0.210017321,0,0,0,0,0,0,0,0,0,0,0,0.001371247,0,0,0,0,0,0,0,0,0,0,0,0,0,0,0,0,0,0,0,0,0,0,0,0.001371247,0,0,0,0,0,0,0,0,0,0,0,0,0,0,0,0,0,0,0,0,0,0,0,0,0,0,0,0,0,0,0,7.22E-05,0,0,0,0,0,0,0,0,0,0,0,0,0,0,0,0,0,0,0,0,0,0,0,0,0,0,0,0,0,0,0,0,0,0,0,0,0,0,0,0,0,0,0,0,0,0,0,0,0,0,0,0,0,0,0,0,0,0,0,0
H160RTMF.04,0,0,0,0,0,0,0,0,0,0,0,0,0,0,0,0,0,0,0,0,0,0,0,0,0,0,0.001310074,0,0,0,0,0,0,0,0,0,0,0.000517134,0,0,0,0,0,0,0,0,0.001068744,0,0,0,3.45E-05,0,0,0,0,0,0,0,0,0,0,0,0,0,0,0,0,0,0,0,0,0,0,0,0,0.001137696,0,0,0,0,0,0.000827415,0,0,0,0,0,0,0,0,0,0,0,0,0,0,0,0,0,0,0,0,0,0,0,0,0,0,0,0,0,0,0,0,0,0,0,0,0,0,0,0,0,0,0,0,0,0,0,0.094290836,0,0,0,0,0,0,0.66858581,0,0,0,0.000206854,0.00386127,0,0,0,0.000758464,0,0,0,0.215645039,0,0,0,0,0,0,0,0.000689513,0,0,0.000723988,0.009584224,0,0,0,0,0,0,0,0,0,0,0,0,0,0,0,0,0,0,0,0,0,0,0,0,0,0,0,0,0,0,0,0,0,0,0,0,0,0,0,0,0,0,0,0,0,0,0,0,0,0,0,0,0,0,0,0.000206854,0,0,0,0,0,0,0.00055161,0,0,0,0,0,0,0,0,0,0,0,0,0,0,0,0,0,0,0,0,0,0,0,0,0,0,0,0,0,0,0,0,0,0,0,0,0,0,0,0,0,0,0,0,0,0,0,0,0,0,0,0,0
E160QCV0.04,0,0,0,0.000105697,0,0,0,0,0,0,0,0,0,0,0,0,0,0,0,0,0,0,7.93E-05,0,0,0.000105697,0.567302611,0,0,0,0,0,0,0,0.000237818,0,0,0,0.001479759,0,0,0.000132121,0,0.000105697,0,0,7.93E-05,0,0,0,0,0,0,0,0,0,0,0,0,0,0,0,0,0,0.000237818,0,0,0,0,7.93E-05,0,0,0,0,0,0,0,0,0,0,0,0,0,0,0.00018497,0,0,0,0,0,0,0,0,0,0,0,0,0,0,0,0,0,0,0,0,0,0,0,0,0,0,0,0,0,0,0,7.93E-05,0,0,0,0,0,0,0,0,0,0,0,0,0.000766304,0,0,0,0,2.64E-05,0,0.001744002,0,0,0,2.64E-05,0.004729944,0,0,0.282052637,0.000845577,0,0,0,0.135054434,0,0,0,0,0,0,0,0.000872001,0.000132121,0,0,0.000237818,0,0,0.000211394,0,0,0,0,0.000396364,0,0,0,0,0,0,0,0,0.000158546,0,0,0,0,0,0,0.000158546,0,0.00036994,0,0,0,0,0,0,0.000105697,2.64E-05,0.000211394,2.64E-05,0.000502061,0,0,0,0,7.93E-05,0,0,0,0,0,0,0,0,0,0,0,0,0,0.000449213,0.000343515,0,0,0,0,0,0,0,0,0,0,0,0,0,0,0,0,0,0,0,0,0,0,0,0,0.000264243,0,0,0,0,0,0,0,0,0,0,0,0,0,0,0,0,0,0,0,0,0,0,0,0,0,0,0,0,0,0,0,0,0,0
F160R7NX.04,0,0,0,0,0,0,0,0,0,0,0,0,0,0,0,0,0,0,0,0,0,0,0,0,0,0,0.316170523,0,0,0,0,0,0,0,0,0,0,0,0,0,0,0,0,0,0,0,8.09E-05,0,0,0,0,0,0,0,0,0,0,0,0,0,0,0,0,0,0,0,0,0,0,0,0,0,0,0,0,0,0,0,0,0,0,0,0,0,0,0,0,0,0,0,0,0,0,0,0,0,0,0,0,0,0,0,0,0,0,0,0,0,0,0,0,0,0,0,0,0,0,0,0,0,0,0,0,0,0,0,0,0,0,0.002709917,0,0,0,0,0,0,0.15547646,0,0,0,0.00012134,0,0,0,0,0,0,0,0,0.525400421,0,0,0,0,0,0,0,0,0,0,0,0,0,0,0,0,0,0,0,0,0,0,0,0,0,0,0,0,0,0,0,0,0,0,0,0,0,0,0,0,0,0,0,0,0,0,0,0,0,0,0,4.04E-05,0,0,0,0,0,0,0,0,0,0,0,0,0,0,0,0,0,0,0,0,0,0,0,0,0,0,0,0,0,0,0,0,0,0,0,0,0,0,0,0,0,0,0,0,0,0,0,0,0,0,0,0,0,0,0,0,0,0,0,0,0,0,0,0,0,0,0,0,0,0,0,0,0,0,0,0
F160RFX0.04,0,0,0,0,0,0,0,0,0,0,0,0,0,0,0,0,0,0,0,0,0,0,0,0,0,0,0.000539039,0,0,0,0,0,0,0,0,0,0,0,0,0,0,0,0,0,0,0,0,0,0,0,0,0,0,0,0,0,0,0,0,0,0,0,0,0,0,0,0,0,0,0,0,0,0,0,0,0,0,0,0,0,0,0,0,0,0,0,0,0,0,0,0,0,0,0,0,0,0,0,0,0,0,0,0,0,0,0,0,0,0,0,0,0,0,0,0,0,0,0,0,0,0,0,0,0,0,0,0,0,0,0.020027367,0,0,0,0,0,0,0.845876353,0,0,0,0,0,0,0,0.012646681,0,0,0,0,0.115893353,0,0,0,0,0,0,0,4.15E-05,0,0,0,0,0,0,0,0,0,0,0,0,0,0,0,0,0,0,0,0,0,0,0,0,0,0,0,0.000787826,0,0,0,0,0,0,0,0,0,0,0,0,0,0,0,0,0,0.000663432,0,0,0,0,0,0.000290252,0.001326865,0,0,0,0,0,0,0.000290252,0,0,0,0,0,0,0,0,0,0,0,0,0,0,0,0,0,0,0,0,0,0,0,0,0,0,0,0,0,0,0,0,0,4.15E-05,0,0,0,0.001575652,0,0,0,0,0,0,0,0,0,0,0,0,0,0,0,0,0,0,0,0,0,0
K160Q67P.04,0,0,0,0,0,0,0,0,0,0,0,0,0,0,0,0,0,0,0,0,0,0,0.005814212,0,0,0,0.164085038,0,0,0,0,0,0,0,0,0,0,0,0.001553415,0,0,0,0,0,0,0,0.0002663,0,0,0,0,0,0,0,0,0.0005326,0,0,0.006524344,0,0,0,8.88E-05,0,0,0,0,0,0,0,0,0,0,0,0,0,0.010163774,0,0,0,0,0,0,0,0,0,0,0.003284364,0.003683813,0,0.000754516,0,0,0,0,0,0,0,0,0,0,0,0,0,0,0,0,0,0,0,0,0,0,0,0,0,0,0.021836581,0,0,0,0,0,0,0,0,0,0,0,0.016111136,0,0,0,0,0,0,0.049221073,0,0,0,8.88E-05,0.00039945,0,0,0.015800453,0.007633927,0,4.44E-05,0,0.639829568,0,0,0.000710133,0,0,0,0,0.0002663,0,0,0,0.015045937,0,0.000665749,0.003062447,0,0,0,0,0.008388443,0,0,0,0,0,0,0,0,0,0,0,0,0,0,0,0,0,0,0,0,0,0,0,0,0,0,0,0.002219165,0,0,0,0.008610359,0,0,0,0,0,0,0,0,0,0,0,0,0,0,0,0.000932049,0,0,0,0,0,0,0,0,0,0,0,0,0,0,0,0,0,0,0,0,0.011228973,0,0,0,0,0,0,0,0,0,0,0,0,0,0,0,0,0,0,0,0,0,0,0,0,0,0,0.001153966,0,0,0,0,0,0,0,0,0,0,0,0
D160R9MD.04,0,0,0,0,0,0,0,0,0,0,0,0,0,0,0,0,0,0,0,0,0,0,2.21E-05,0,0,0,0.860697288,0,0,0,0,0,0,0,0,0,0,0,0,0,0,0,0,0,0,0,0,0,0,0,0,0,0,0,0,0,0,0,0,0,0,0,0,0,0,0,0,0,0,0,0,0,0,0,0,0.004028777,0,0,0,0,0,0,0,0,0,0,0,0,0,0,0,0,0,0,0,0,0,0,0,0,0,0,0,0,0,0,0,0,0,0,0,0,0,0,0,0,0,0,0,0,0,0,0,0,0,0,0,0,0,0,0,0,0,0,0,0,4.43E-05,0,0,0,0,2.21E-05,0,0,0.00028777,0,0,0,0,0.133835086,0,0,0,0,0,0,0,0,0,0,0,0,0,0,0,0,0,0,0,0,0,0,0,0,0,0,0,0,0,0,0,0,0,0,0,0,0,0,0,0,0,0,0,0,0,2.21E-05,0,0,0,0,0,0,0,0,0,0,0,0,0,0,0,0,0,0,0,0,0,0,0,0,0,0,0,0,0.000199225,0,0,0,0,0,0,0,0,0,0,0,0,0,2.21E-05,0,0,0,0,0,0,0,0,0,0,0,0,0,0,0,0,0.000819037,0,0,0,0,0,0,0,0,0,0,0,0,0,0,0,0,0,0,0,0,0,0
K160QHRF.04,0,0,0,0,0,0,0,0,0,0,0,0,0,0,0,0,0,0,0,0,0,0,0,0,0,0,0.822851388,0,0,0,0,0,0,0,0,0,0,0,0,0,0,0,0,0,0,0,4.48E-05,0,0,0,0,0,0,0,0,0,0,0,0,0,0,0,0,0,0,0,0,0,0,0,0,0,0,0,0,0.005931065,0,0,0,0,0,0,0,0,0,0,0,0,0,0,4.48E-05,0,0,0,0,0,0,0,0,0,0,0,0,0,0,0,0,0,0,0,0,0,0,0,0,0,0,0,0,0,0,0,0,0,0,0,0,0,0,0.000134288,0,0,0,0,0,0,0.000335721,0,0,0,0,0,0,0,0.001074306,0,0,4.48E-05,0,0.16736795,0,0,0,0,0,0,0,0,0,0,0,0,0,0,0,0,0,0,0,0,0,0,0,0,0,0,0,0,0,0,0,0,0,0,0,0,0,0,0,0,0,0,0,0,0,0,0,0,0,0,0,0,0,0,0,0,0,0,0,0,0,0,0,0,0,0,0,0,0,0,0,0,0,0,0,0,0,0,0,0,0,0,0,0,0,0,0,0,0,0,0,0,0,0,0,0,0,0,0,0,0,0.000984781,0,0,0,0.001186213,0,0,0,0,0,0,0,0,0,0,0,0,0,0,0,0,0,0,0,0,0,0
J160RJMR.04,0,0,0,0,0,0,0,0,0,0,0,0,0,0,0,0,0,0,0,0,0,0,0,0,0,0,0.000105545,0,0,0,0,0,0,0,0,0,0,0,0.000140726,0,0,0,0,0,0,0,0,0,0,0,0,0,0,0,0,0,0,0,7.04E-05,0,0,0,0,0,0,0,0,0,0,0,0,0,0,0,0,0,0,0,0,0,0,0,0,0,0,0,0,0,0,0,0,0,0,0,0,0,0,0,0,0,0,0,0,0,0,0,0,0,0,0,0,0,0,0,0,0,0,0,0,0,0,0,0,0,0,0,0,0,0,0.004151421,0,0,0,0,0,0,0.042499296,0,0,0,0,0,0,0,0,0,0,0,0,0.909020546,0,0,0,0,0,0,0,0,0,0,0,0,0,0,0,0,0,0,0,0,0,0,0,0,0,0,0,0,0,0,0,0,0,0,0,0,0,0,0,0,0,0,0,0,0,0.000140726,0,0,0,0,0,0.000316634,0,0,0,0,0,0,0,0.000879538,0,0,0,0,0,0,0,0.000105545,0,0,0,0,0,0,0,0,0,0,0,0,0,0,0,0,0,0,0,0,0,0,0,0,0,0.041690121,0,0,0,0,0,0,0,0.000738812,0,0,0,0,0,0,0,0,0.000140726,0,0,0,0,0,0,0,0,0,0,0,0,0,0,0,0,0
G160RG9X.04,0,0,0,0,0,0,0,0,0,0,0,0,0,0,0,0,0,0,0,0,0,0,0,0,0,0,0.000607926,0,0,0,0,0,0,0,0,0,0,0.000151981,0,0,0,0,0,0,0,0,0.002887648,0,0,0,0,0,0,0,0,0,0,0,0,0,0,0,0,0,0,0,0,0,0,0,0,0,0,0,0,0.000265968,0.000151981,0,0,0,0,0,0,0,0,0,0,0,0.003191611,0,0,0,0,0,0,0,0,0,0,0,0,0,0,0,0,0,0,0,0,0,0,0,0,0,0,0,0,0.000303963,0,0,0,0,0,0,0,0,0,0,0,3.80E-05,0,0,0,0,0,0,0.001861773,0,0,0,0,0.046202363,0,0,0.000151981,0,0,0,0,0.939321403,0,0,0,0,0,0,0,0,0,0,0,0.001519815,0,0,0.001747787,0,0,0,0,0,0,0,0,0,0,0,0,0,0,0,0,0,0,0,0,0,0,0,0,0,0,0,0,0,0,7.60E-05,0,0,0,0,0,0,0,0,0,0,0,0,0,0,0,0,0,0,0,0,0,0.000455944,0,0,0,0,0,0,0.000911889,0,0,0,0,0,0,0,0,0,0,0,0,0,0,0,0,0,0,0,0,0,0,0,0,0,0,0.000151981,0,0,0,0,0,0,0,0,0,0,0,0,0,0,0,0,0,0,0,0,0,0,0,0,0,0
A160R96C.04,0,0,0,0,0,0,0,0,0,0,0,0,0,0,0,0,0,0,0,0,0,0,0.006513658,0,0,0,0.122736419,0,0,0,0,0,0,0,0,0,0,0,0,0,0,0,0,0,0,0,0.001330014,0,0,0,0,0,0.000784367,0,0,0,0,0,0,0,0,0,0,0,0,0,0,0,0,0,0,0,0,0,0,0,0.00886676,0,0,0,0,0.002557719,0,0,0,0,0,0,0,0,0,0,0,0,0,0,0,0,0,0,0,0,0,0,0,0,0,0,0,0,0,0,0,0,0,0,0,0,0,0,0,0,0,0,0,0,0,0,0,0.0105037,0,0,0,0,0,0,0.00057975,0,0,0,3.41E-05,0.019404563,0,0,0.000545647,0.002694131,0,0,0.00245541,0.794802715,0,0,0,0,0,0,0,0.000477441,0,0,0,0.010094465,0,0,0,0,0,0,0,0.000102309,0,0,0,0,0,0,0,0,0,0,0,0,0,0,0,0,0,6.82E-05,0,0,0,0,0,0,0,0.00385363,0,0,0,0,0,0,0,3.41E-05,0,0,0,0,0,0.002898748,0,0,0,0,0,0,0,0.001875661,0,0,0,0,0,0,0.002660028,0,0,0,0,0,0,0,0,0,0,0,0,0,0,0,0,0,0,6.82E-05,0,0,0,0,0,0,0,0,0,0,0,0,0,0,0,0,0,0,0,0,0,0,0,0,0,0,0,0,0,0,0,0.004058248,0,0
A160R9GT.04,0,0,0,0,0,0,0,0,0,0,0,0,0,0,0,0,0,0,0,0,0,0,0,0,0,0,0.218719832,0,0,0,0,0,0,0,0,0,0,0,0,0,0,0,0,0,0,0,0.000125918,0,0,0,0,0,0,0,0,0,0,0,0,0,0,0,0,0,0,0,0,0,0,0,0,0,0,0,0,0,0,0,0,0,0,0,0,0,0,0,0,0,0,0,0,0,0,0,0,0,0,0,0,0,0,0,0,0,0,0,0,0,0,0,0,0,0,0,0,0,0,0,0,0,0,0,0,0,0,0,0,0,0,0.021448059,0,0,0,0,0,0,0.563064008,0,0,0,8.39E-05,0,0,0,0,0,0,0,0,0.195802728,0,0,0,0,0,0,0,0,0,0,0,0,0,0,0,0,0,0,0,0,0,0,0,0,0,0,0,0,0,0,0,0,0,0,0,0,0,0.000377754,0,0,0,0,0,0,0,0.000167891,0,0,0,0,0,0.000167891,0,0,0,0,0,0,0,0,0,0,0,0,0,0,0,4.20E-05,0,0,0,0,0,0,0,0,0,0,0,0,0,0,0,0,0,0,0,0,0,0,0,0,0,0,0,0,0,0,0,0,0,0,0,0,0,0,0,0,0,0,0,0,0,0,0,0,0,0,0,0,0,0,0,0,0,0,0,0
B160QV1J.04,0,0,0,0,0,0,0,0,0,0,0,0,0,0,0,0,0,0,0,0,0,0,0.004231121,0,0,0,0.657753106,0,0,0,0,0,0,0,0,0,0,0,0.000846224,0,0,0,0,0,0,0,0.000236943,0,0,0,0,0,0,0,0,0,0,0,0,0,0,0,0,0,0,0,0,0,0,0,0,0,0,0,0,0.000744677,0,0,0,0,0,3.38E-05,0,0,0,0,0,0.000609281,0.000203094,0,0.000236943,0,0,0,0,0,0,0,0,0,0,0,0,0,0,0,0,0,0,0,0,0,0,0,0,0,0,0,0,0,0,0,0,0,0,0,0,0,0,6.77E-05,0,0,0,0,0,0,0.00132011,0,0,0,0,0.003791084,0,0,0.00132011,0.005788173,0,0,0,0.253461057,0,0,0,0,0,0,0,3.38E-05,0,0,0,0.00098162,0,0,0,0,0,0,0.000135396,0.000270792,0,0,0,0,0,0,0,0,0,0,0,0,0,0,0,0,0,0,0,0,0,0,0,0,0,0,0,0,0,0,0,0,0,0,0,0,0,0,0,0,0,0,0,0,0,0,0,0,0,0,0,0,0,0,0.010696273,0,0,0,0,0,0,0,0,0,0,0,0,0,0,0,0,0,0,0,0,0,0,0,0,0,0.000169245,0.057069357,0,0,0,0,0,0,0,0,0,0,0,0,0,0,0,0,0,0,0,0,0,0,0,0,0,0
A160R7Q5.04,0,0,0,0,0,0,0,0,0,0,0,0,0,0,0,0,0,0,0,0,0,0,0,0,0.000120072,0,0,0,4.00E-05,0,0,0,0,0,0,0,0,0,0.022053232,0,0,0,0,0,0,0,4.00E-05,0,0,0,0,0,0,0,0,0,0,0,0,0,0,0,4.00E-05,0,0,0,0,0,0,0,0,0,0,0,0,0,0,0,0,0,0,0,0,0,0,0,0,0,0,0,0,0,0,0,0,0,0,0,0,0,0,0,0,0,0,0,0,0,0,0,0,0,0,0,0,0,0,0,0,0,0,0,0,0,0,0,0,0,0,0.01176706,0,0,0,0,0,0,0.084570742,0,0,0,0,0.115269161,0,0,0.016369822,0,0,0,0,0.748689214,0,0,0,0,0,0,0,0,0,0,0,0,0,0,0,0,0,0,0,0,0,0,0,0,0,0,0,0,0,0,0,0,0,0,0,0,0,0,0,0,0,0,0,0,0,0,0,0,0,0,0,0,0,0,0,0,0,0,0,0.00020012,0,0,0,0,0,0,0,0,0,0,0,0,0,0,0.000840504,0,0,0,0,0,0,0,0,0,0,0,0,0,0,0,0,0,0,0,0,0,0,0,0,0,0,0,0,0,0,0,0,0,0,0,0,0,0,0,0,0,0,0,0,0,0,0,0,0,0,0,0,0
E160QD8Q.04,0,0,0,0,0,0,0,0,0,0,0,0.000378565,0,0,0,0,0,0,0,0.000168251,0,0,0.002145201,0,0,0,0.196348953,0.000630941,0,0,0,0,0,0,0,0,0,0.002734079,0.002103138,0,0,0,0,0.000210314,0,0,0.004290401,0,0,0,0,0,0,0,0,0.000336502,0,0,0.000168251,0,0,0,0.000673004,0,0,0,0,0,0,0,0,0,0,0,0.000294439,0.00046269,0.003911836,0,0,0,0,0.000210314,0,0,0.000210314,0,0,0,0.002397577,0,0.000168251,0,0,0,0.000673004,0,0,0,0,0,0,0,0,0,0,0,0,0,0,0,0,0,0,0,0,0,0,0.001388071,0,0,0,0,0,0,0.00075713,0,0,0,0,0.014974342,0,0,0,0,0,0,0.437873307,0,0,0,4.21E-05,0.002187263,0,0,0.177126272,0.002860268,0,0,0.000378565,0.113863885,0,0,0.000294439,0,0.001135694,0,0,0.002649954,0,0.000504753,0.001640448,0.002355514,0.000336502,0.000168251,0.00731892,0,0,0,0,0.003154707,0,0,0,0,0,0,0,0,0,0,0,0,0,0,0,0,0,0,0,0,0,0,0,0,0.00121982,0.000126188,0,0,0,0,0,0.002481703,0,0,0,0,0,0,0,0,0.001051569,0,0,0,0,0,0,0.000168251,0,0,0,0,0,0,0.000630941,0,0.000546816,0,0,0,0,0,0,0,0,0,0,0,0.001303945,0,0,0,0,0,0,0,0,0,0,0,0.000210314,0.001009506,0,0,0.000126188,0.000336502,0,0,0,0,0,0,0,0,0,0.001261883,0,0,0,0,0,0,0,0,0,0,0,0
C160RM7F.04,0,0,0,0,0,0,0,0,0,0,0,0,0,0,0,0,0,0,0,0,0,0,0,0,0,0,0.706686099,0,0,0,0,0,0.000182183,0,0,0,0,0,0.000182183,0,0,0,0,0,0,0,0,0,0,0,0,0,0,0,0,0,0,0,0,0,0,0,0,0,0,0,0,0,0,0,0,0,0,0,0,0,0,0,0,0,0,0,0,0,0,0,0,0,0,0,0,0,0,0,0,0,0,0,0,0,0,0,0,0,0,0,0,0,0,0,0,0,0,0,0,0,0,0,0,0,0,0,0,0,0,0,0,0,0,0.000884887,0,0,0,0,0,0,0.000884887,0,0,0,0,0,0,0,0,0,0,0,5.21E-05,0.290425006,0,0,0,0,0,0,0,0,0,0,0,0,0,0,0,0,0,0,0,0,0,0,0,0,0,0,0,0,0,0,0,0,0,0,0,0,0,0.000104104,0,0,0,0,0,0,0,0.000234235,0,0,0,0,0,2.60E-05,0,0,0,0,0,0,0,0.000104104,0,0,0,0,0,0,0,0,0,0,0,0,0,0,2.60E-05,0,0,0,0,0,0,0,0,0,0,0,0,0,0,0,0,0,0,0,0,0,0,0,0,0,0,0,0,0,0,0,0,0,0,0,0,0,0,0,0,0,0,0,0,0,0,0,0,0,0,0,0.000208209,0
C160RD81.04,0,0,0,0,0,0,0,0,0,0,0,0,0,0,0,0,0,0,0,0,0,0,0,0,0.00049732,0,0.011990938,0,0,0,0,0,0,0,0,0,0,0,0,0,0,0,0,0,0,0,0,0,0,0,0,0,0,0,0,0,0,0,0,0,0,0,0,0,0,0,0,0,0,0,0,0,0,0,0,0,0,0,0,0,0,0,0,0,0,0,0,0,0,0,0,0,0,0,0,0,0,0,0,0,0,0,0,0,0,0,0,0,0,0,0,0,0,0,0,0,0,0.000884124,0,0,0,0,0,0,0,0,0,0,0,0.016301044,0,0,0,0,0,0,0.913411063,0,0,0,0,0,0,0,0.009117533,0,0,0,0,0.047632204,0,0,0,0,0,0,0,0,0,0,0,5.53E-05,0,0,0,0,0,0,0,0,0,0,0,0,0,0,0,0,0,0,0,0,0,0,0,0,0,0,0,0,0,0,0,0,0,0,0,0,0,0,0,0,0,0,0,0,0,0,0,0,0,0,0,0,0,0,0,0.000110516,0,0,0,0,0,0,0,0,0,0,0,0,0,0,0,0,0,0,0,0,0,0,0,0,0,0,0,0,0,0,0,0,0,0,0,0,0,0,0,0,0,0,0,0,0,0,0,0,0,0,0,0,0,0,0,0,0,0,0,0
B160QSY9.04,0,0,0,0,0,0,0,0,0,0,0,0,0,0,0,0,0,0,0,0,0,0,0.001288937,0,0,0,0.107902409,0,0,0,0,0,0,0,0,0,0,0,0,0,0,0,0,0,0,0,0,0,0,0,0,0,0,0,0,0,3.07E-05,0,0,0,0,0,0,0,0,0,0,0,0,0,0,0,0,0,0,0.000644468,0.004112322,0,0,0,0,0.002148228,0,0,0,0,0,0,0.007150529,0,0,0,0,0,0,0,0,0,0,0,0,0,0,0,0,0,0,0,0,0,0,0,0,0,0,0,0,0.000153445,0,0,0,0,0,0,0,0,0,0,0,0.000153445,0,0,0,0,0,0,0,0,0,0,0,0.001749271,0,0,0.002025472,0.000828602,0,0,0,0.830965168,0,0,0,0,3.07E-05,0,0,0.000214823,0,0,0,0.001994783,0,0,0,0,0,0,0.002178917,0.003345097,0,0,0,0,0,0,0,0,0,0,0,0,0,0,0,0,0,0,0,0,0,0,0,0,0,0,0,0,0.000122756,0,0,3.07E-05,0,0,0,0,0,0,0,0,0,0,0,0,0,0,0,0,0,0,0,0,0,0,0.000736535,0,0,0,0,0,0,0,0,0,0,0,0,0,0.000705846,0,0,0,0,0,0,0,0,0,0,0,0.031364125,6.14E-05,0,0,0,6.14E-05,0,0,0,0,0,0,0,0,0,0,0,0,0,0,0,0,0,0,0,0,0,0
A160Q5G2.04,0,0,0,0,0,0,0,0,0,0,0,0,0,0,0,0,0,0,0,0,0,0,0.000105333,0,0,0,0.7242021,0,0,0,0,0,0,0,0,0,0,0,0,0,0,0,0,0,0,0,0.003195113,0,0,0,0,0,0,0,0,0,0,0,0.000526667,0,0,0,0,0,0,0,0,0,0,0,0,0,0,0,0,0,0,0,0,0,0,0,0,0,0,0,0,0,0,0,3.51E-05,0,0,0,0,0,0,0,0,0,0,0,0,0,0,0,0,0,0,0,0,0,0,0,0,0,0,0,0,0,0,0,0,0,0,0.000210667,0,0,0,0.00842667,0,0,0,0,0,0,0.182718303,0,0,0,7.02E-05,0.000737334,0,0,0,0,0,0,0,0.0754187,0,0,0,0,0,0,0,0,0,0,0,0.000386222,0,0,0.002879112,0,0,0,0,0,0,0,0,0,0,0,0,0,0,0,0,0,0,0,0,0,0,0,0,0,0,0,0,0,0,0,0,0,0,0,0,0,0,0.000210667,0,0,0,0,0,0,0.000667111,0,0,0,0,0,0,0.000175556,0,0,0,0,0,0,3.51E-05,0,0,0,0,0,0,0,0,0,0,0,0,0,0,0,0,0,0,0,0,0,0,0,0,0,0,0,0,0,0,0,0,0,0,0,0,0,0,0,0,0,0,0,0,0,0,0,0,0,0,0,0,0
J160R8Z3.04,0,0,0,0,0,0,0,0,0,0,0,0,0,0,0,0,0,0,0,0,0,0,0.000906892,0,0,0,0.721718393,0,0,0,0,0,0,0,0,0,0,0.002485557,0.001780196,0,0,0,0,0,0,0,0.001007658,0,0,0,0,0,0,0,0,0,0,0,0.000638184,0,0,0,0,0,0,0,0,0,0,0,0,0,0,0,0,0.000268709,0.007423082,0,0,0,0,0.001746608,0,0,0,0,0,0.001142013,0.008027677,0,0.000369475,0,0,0,0,0,0,0,0,0,0,0,0,0,0,0,0,0,0,0,0,0,0,0,0,0,0,0,0,0,0,0,0,0,0,0,0,0,0,0.05182722,0,0,0,0,0,0,0.027341126,0,0,0,0.000571006,0.006381835,0,0,0.015014107,0.004198576,0.00023512,0.000403063,0,0.122027408,0,0,0.000369475,0,0,0,0,0.000671772,0,0,0.000167943,0.004937525,0,0,0.001813785,0,0,0,0,0.012662905,0,0,0,0,0,0,0,0,0,0,0,0,0,0,0,0,0,0,0,0,0,0,0,0,0,3.36E-05,0,0,0,0,0,0,0,0,0,0,0,0,0,0,0,0,0,0,0,0,0,0.000302297,0,0,0,0,0,0,0.00241838,0,0,0,0,0,0,0,0,0,0,0,0,0,0.000806127,0,0,0,0,0,0,0,0,0,0,0,0,0,0,0,0,0,0,0,0,0,0,0,0,0,0,0.000302297,0,0,0,0,0,0,0,0,0,0,0,0
G160R5R6.04,0,0,0,0,0,0,0,0,0,0,0,0,0,0,0,0,0,0,0,0,0,0,0,0,0,0,0.039146431,0,0,0,0,0,0,0,0,0,0,0,0,0,0,0,0,0,0,0,4.91E-05,0,0,0,0,0,0,0,0,0,0,0,0,0,0,0,0,0,0,0,0,0,0,0,0,0,0,0,0,0,0,0,0,0,0,0,0,0,0,0,0,0,0.000294334,0,0,0,0,0,0,0,0,0,0,0,0,0,0,0,0,0,0,0,0,0,0,0,0,0,0,0,0,0,0,0,0,0,0,0,0,0,0,0,0,0.042874663,0,0,0,0,0,0,0.857297032,0,0,0,9.81E-05,0,0,0,4.91E-05,0,0,0,0,0.060093206,0,0,0,0,0,0,0,0,0,0,0,0,0,0,0,0,0,0,0,0,0,0,0,0,0,0,0,0,0,0,0,0,0,0,0,0,0,0,0,0,0,0,0,0,0,0,0,0,0,0,0,0,0,0,0,0,0,0,0,0,0,0,0,0,0,0,0,0,0,0,0,0,0,0,0,0,0,0,0,0,0,0,0,0,0,0,0,0,0,0,0,0,0,0,0,0,0,0,0,0,0,9.81E-05,0,0,0,0,0,0,0,0,0,0,0,0,0,0,0,0,0,0,0,0,0,0,0,0,0,0
B160RN1V.04,0,0,0,0,0,0,0,0,0,0,0,0,0,0,0,0,0,0,0,0,0,0,0.033792381,0,0,0,0.000336801,0,0,0,0,0,0,0,0,0,0,3.74E-05,0.000299379,0,0,0,0,0,0,0,0,0,0,0,0,0,0,0,0,0,0,0,0.002170496,0,0,0,0,0,0,0,0,0,0,0,0,0,0,0,0,0.000299379,0.12555198,0,0,0,0,0.000823292,0,0,0,0,0,0,0.004079036,0,0,0,0,0,0,0,0,0,0,0,0,0,0,0,0,0,0,0,0,0,0,0,0,0,0,0,0,0,0,0,0,0,0,0,0,0,0,0,3.74E-05,0.000112267,0,0,0,0,0,0,0.000224534,0,0,0,0,0.003742235,0,0,0,0.003330589,0,0,0.002170496,0.462764763,0,0,0,0,0,0,0,0.007709004,0,0,0,0.049958835,0,0.000748447,0,0,0.007858693,0,0.000112267,0.281116683,0,0,0,0,0,0,0,0,0,0,0,0,0,0,0,0,0,0,0,0,0,0,0,0,0,0,0,0,0,0,0,0,0,0,0,0,0,0,0,0,0,0,0,0,0,0,0,0,0,0,0,0,0,0,3.74E-05,0,0,0,0,0,0,0,0,0,0,0,0,0,0.011338972,0,0,0,0,0,0,0,0,0,0,0,0,0,0,0,0,0,0,0,0,0,0,0,0,0,0,0.000935559,0.000299379,0.000112267,0,0,0,0,0,0,0,0,0,0
A160QK8H.04,0,0,0,0,0,0,0,0,0,0,0,0,0,0,0,0,0,0,0,0,0,0,0,0,0,0,0.004890995,0,0,0,0,0,0,0,0.000796209,0,0,0.000834123,0,0,0,0,0,0,0,0,0.003829384,0,0,0,0,0,0,0,0,0,0,0,0,0,0,0,0,0,0,0,0,0,0,0,0,0,0,0,0.002691943,0,0,0,0,0,0,0,0,0,0,0,0,0,0,0,3.79E-05,0,0,0,0,0,0,0,0,0,0,0,0,0,0,0,0,0,0,0,0,0,0,0,0,0,0,0.004739336,0,0,0,0,0,0,0,0.002654028,0,0,0,0.010729858,0,0,0,0,0,0,0.019867299,0,0,0,0,0.048151659,0,0,0,0,0.005763033,0,0,0.872985782,0,0,0,0,0.005118483,0,0,0,0,0.000872038,0,0.000909953,0,0,0.00064455,0,0,0,0,0,0,0,0,0,0,0,0,0,0,0,0,0,0,0,0,0,0,0,0,0,0,0,0,0,0,0.001251185,0,0,0,0,0,0,0,0,0,0,0,0,0,0,0.007127962,0,0,0,0,0,0,0.000113744,0,0,0,0,0,0,0.000265403,0,0,0,0,0,0,0,0,0,0,0,0,0,0,0,0,0,0,0.004208531,0,0,0,0,0,0,0,3.79E-05,0,0,0,0,0,0,0,0,0,0,0,0,0,0,0,0,0,0,0,0,0,0,0,0.001478673,0,0
A160R2QT.04,0,0,0,0,0,0,0,0,0,0,0,0,0,0,0,0,0,0,0,0,0,0,0,0,0,0,0.527288105,0,0,0,0,0,0,0,0,0,0,0,0,0,0,0,0,0,0,0,0,0,0,0,0,0,0,0,0,0,0,0,0,0,0,0,0,0,0,0,0,0,0,0,0,0,0,0,0,0.001068376,0,0,0,0,0,0,0,0,0,0,0,0,0,0,4.45E-05,0,0,0,0,0,0,0,0,0,0,0,0,0,0,0,0,0,0,0,0,0,0,0,0,0,0,0,0,0,0,0,0,0,0,0,0,0,0,0.00031161,0,0,0,0,0,0,0.00462963,0,0,0,0,0,0,0,0,0,0,0,0,0.464788105,0,0,0,0,0,0,0,0,0,0,0,4.45E-05,0,0,0,0,0,0,0,0,0,0,0,0,0,0,0,0,0,0,0,0,0,0,0,0,0,0,0,0,0,0,0,0,0,0,0,0,0,0,0,0,0,0,0,0,0,0,0,0,0,0,0,0,0,0,0,0,0,0,0,0,0,0,0,0,0,0,0,0,0,0,0,0,0,0,0,0,0,0,0,0,0,0,0,0,0,0,0,0,0,0.000445157,0,0,0,0.001379986,0,0,0,0,0,0,0,0,0,0,0,0,0,0,0,0,0,0,0,0,0,0
H160RFYT.04,0,0,0,0,0,0,0,0,0,0,0,0,0,0,0,0,0,0,0,0,0,0,0,0,0,0,0.000665494,0,0,0,0,0,0,0,0,0,0,0,0,0,0,0,0,0,0,0,0.000237676,0,0,0,0,0,0,0,0,0,0,0,0,0,0,0,0,0,0,0,0,0,0,0,0,0,0,0,0,0,0,0,0,0,0,0,0,0,0,0.001521129,0,0,0,0,0,0,0,0,0,0,0,0,0,0,0,0,0,0,0,0,0,0,0,0,0,0,0,0,0,0,0,0,0,0,0,0,0,0,0,0,0,0,0,0.008318677,0,0,0,0,0,0,0.124352332,0,0,0,0,0.002757047,0,0,0,0,0,0,0,0.246898322,0,0,0,0,0,0,0,0.000713029,0,0.000665494,0,4.75E-05,0,0,4.75E-05,0,0,0,0,0,0,0,0,0,0,0,0,0,0,0,0,0,0,0,0,0.008271141,0,0,0,0,0,0,0,0,0,0.009459524,0,0,0.000950706,0,0,4.75E-05,0,0,0,0,0,0,0,0.007700718,0.011741218,0,0,0,0,0,0,4.75E-05,0.002614441,0,0,0,0,0,0.001568665,0,0,0,0,0,0,0,0,0,0,0,0,0,0,0,0,0,0,0.016922565,0,0,0,0,0,0,0,0.55445168,0,0,0,0,0,0,0,0,0,0,0,0,0,0,0,0,0,0,0,0,0,0,0,0,0,0
H160R66S.04,0,0,0,0,0,0,0,0,0,0,0,0,0,0,0,0,0,0,0,0,0,0,0.000657285,0,0,0,0.676585701,0,0,0,0,0,0,0,0,0,0,0.00017926,2.99E-05,0,0,0,0,0,0,0,5.98E-05,0,0,0,0,0,0,0,0,0,0,0,0,0,0,0,0,0,0,0,0,0,0,0,0,0,0,0,0,0.000717039,0.001165188,0,0,0,0,0.028651669,0,0,0,0,0,0,2.99E-05,0,0,0,0,0,0,0,0,0,0,0,0,0,0,0,0,0,0,0,0,0,0,0,0,0,0,0,0,0,0,0,0,0,0,0,0,0,0,0,0,0.000209136,0,0,0,0,0,0,0.000448149,0,0,0,0,0.001822473,0,0,0,0.001463954,0,0,0,0.252307968,0,0,0,0,0,0,0,0,0,0,0,0.003943712,0,0,0,0,0,0,0,0.002091363,0,0,0,0,0,0,0,0,0,0,0,0,0,0,0,5.98E-05,0,0,0,0,0,0,0,0,0,0,0,0,0,0,0,2.99E-05,0,0,0,0,0,0,0,5.98E-05,0,0,0,0,0,0,0,0,0,0,0,0,0,0,0.028950435,0,0,0,0,0,0,0,0,0,0,0,0,0,0,0,0,0,0,0,0,0,0,0,0,0,0,0.000537779,0,0,0,0,0,0,0,0,0,0,0,0,0,0,0,0,0,0,0,0,0,0,0,0,0,0
B160QRHQ.04,0,0,0,0,0,0,0,0,0,0,0,0,0,0,0,0,0,0,0,0,0,0,0,0,0,0,0.002065614,0,0,0,0,0,0,0,0,0,0,0,0,0,0,0,0,0,0,0,0.000486027,0,0,0,0,0,0,0,0,0,0,0,0,0,0,0,0,0,0,0,0,0,0,0,0,0,0,0,0.004313487,0.001761847,0.000121507,0,0,0,0,0.00109356,0,0,0,0,0,0,0.028311057,0,0,0,0,0,0,0,0,0,0,0,0,0,0,0,0,0,0,0,0,0,0,0,0,0,0,0,0,0,0,0,0,0,0.020291616,0,0,0,0,0,0,0.007351154,0,0,0.001215067,0,0,0,0.011907655,0,0,0,0,0.018590522,0,0,0.002673147,0,0,0.00018226,0,0.869805589,0,0,0,0,0,0,0,0.015249089,0,0,0,0,0,0,0.00218712,0,0,0,0,0,0,0,0,0,0,0,0,0,0,0,0,0,0,0,0,0,0,0,0,0,0,0,0,0,0,0,0,0,0,0,0,0,0,0,0,0,0,0,0,0.00072904,0,0,0,0,0,0,0,0,0,0,0,0,0,0,0.010996355,0,0,0,0,0,0,0,0,0,0,0,0,0,0,0,0,0,0,0,0,0,0,0,0,0,6.08E-05,0,0,0,0.00018226,0,0,0,0,0,0,0,0,0,0,0,0,0,0,0.000425273,0,0,0,0,0,0,0,0
J160RJ3H.04,0,0,0,0,0,0,0,0,0,0,0,0,0,0,0,0,0,0,0,0,0,0,0,0,0,0,0.819472092,0,0,0,0,0,0,0.002352576,0,0,0,0.000594607,0,0,0,0,0,0,0,0,0.000775575,0,0,0,0,0,0,0,0,0,0,0,0,0,0,0,0,0,0,0,0,0,0,0,0,0,0,0,0,0,0,0,0,0,0,0,0,0,0,0,0,0,0.005351465,0,0,0,0,0,0,0,0,0,0,0,0,0,0,0,0,0,0,0,0,0,0,0,0,0,0,0,0,0,0,0,0,0,0,0,0,0,0,0,0,0,0,0,0,0,0,0,0.001887231,0,0,0,0,0,0,0,0,0,0,0,0,0.106253716,0,0,0,0,0,0,0,0,0,0,0,0.000878985,0,0,0,0,0,0,0,0,0,0,0,0,0,0,0,0,0,0,0,0,0,0,0,0,0,0,0,0,0,0,0,0,0,0.004394923,0,0,0,0,0,0.050981102,0,0,0,0,0,0,0,0.002275019,0.003257413,0,0,0,0,0,0,0,0,0,0,0,0,0,0,0,0,0,0,0,0,0,0,0,0,0,0,0,0,0,0,0,0,0,0,0,0,0,0,0,0,2.59E-05,0,0,0,0.001499444,0,0,0,0,0,0,0,0,0,0,0,0,0,0,0,0,0,0,0,0,0,0
F160QYT1.04,0,0,0,0,0,0,0,0,0,0,0,0,0,0,0,0,0,0,0,0,0,0,0.000116337,0,0,0,0.002064974,0,0,0,0,0,0,0,0,0,0,0.003344676,0.000232673,0,0,0,0,0,0,0,8.73E-05,0,0,0,0,0,0,0,0,0,0,0,0,0,0,0,0,0,0,0,0,0,0,0,0,0,0,0,0,0.000203589,0.000174505,0,0,0,0,0.000465346,0,0,0,0,0,0.000116337,0,0,0,0,0,0,0,0,0,0,0,0,0,0,0,0,0,0,0,0,0,0,0,0,0,0,0,0,0,0,0,0,0,0,0,0,0,0,0,0,0,0.000872524,0,0,0,0,0,0,0.000698019,0,0,0,0,0.000698019,0,0,0,0,0,0,0,0.97190472,0,0,0,0,0,0,0,0,0,0,0,8.73E-05,0,0,2.91E-05,0,0,0,0,5.82E-05,0,0,0,0,0,0,0,0,0,0,0,0,0,0,0,0,0,0,0,0,0,0,0,0,0,0,0,0,5.82E-05,0,0,0,0,0,0,0,0,0,0,0,0,0,0,0,0,0,0,0,0,0,0,0,0,0,0.006427595,0,0,0,0,0,0,0,0,0,0,0,0,0,0,0,0,0,0,0,0,0,0,0,0,0,0,0.012302591,0,0,0,0,0,0,0,0,0,0,0,0,0,0,0,0,0,5.82E-05,0,0,0,0,0,0,0,0
B160QRBW.04,0,0,0,0,0,0,0,0,0,0,0,0,0,0,0,0,0,0,0,0,0,0,0.000272892,0,0,0,0.840258999,0,0,0,0,0,0,0,0,0,0,0.000347317,0,0,0,0,0,0,0,0,0.000124042,0,0,0,0,0,0,0,0,0,0,0,0.000198467,0,0,0,9.92E-05,0,0,0,0,0,0,0,0,0,0,0,0,0.000198467,0,0,0,0,0,0,0,0,0,0,0,0,0,0,0.001711777,0,0,0,0,0,0,0,0,0,0,0,0,0,0,0,0,0,0,0,0,0,0,0,0,0,0,0,0,0,0,0,0,0,0,0,0,0,0,0.000645017,0,0,0,0,0,0,0.000942718,0,0,0,0,0,0,0,0.089582972,0.000198467,0,7.44E-05,0,0.061326255,0,0,0,0,0,0,0,0.000347317,0,0,0,0.000868292,0,0,0.001414076,0,0,0,0,0.000372125,0,0,0,0,0,0,0,0,0,0,0,0,0,0,0,0,0,0,0,0,0,0,0,0,0,2.48E-05,0,0,0,0,0,0,0,0,0,0,0,0,0,0.000496167,0,0,0,0,0,0,0,2.48E-05,0,0,0,0,0,0,7.44E-05,0,0,0,0,0,0,0,0,0,0,0,0,0,0.000124042,0,0,0,0,0.00014885,0,0,0,0,0,0,0,0,0,0,0,0.000124042,0,0,0,0,0,0,0,0,0,0,0,0,0,0,0,0,0,0,0,0,0,0
E160RFV6.04,0,0,0,0,0,0,0,0,0,0,0,0,0,0,0,0,0,0,0,0,0,0,0,0,0,0,0.725114033,0,0,0,0,0,0,0,0,0,0,0,0,0,0,0,0,0,0,0,0.000268312,0,0,0,0,0,0,0,0,0,0,0,0,0,0,0,0,0,0,0,0,0,0,0,0,0,0,0,0,0,0,0,0,0,0,0,0,0,0,0,0,0,0,0,0,0,0,0,0,0,0,0,0,0,0,0,0,0,0,0,0,0,0,0,0,0,0,0,0,0,0,0,0,0,0,0,0,0,0,0,0,0,0,0,0,0,0,0,0,0,0.000939093,0,0,0,0,0,0,0,0,0,0,0,0,0.272337,0,0,0,0,0,0,0,0,0,0,0,0,0,0,0,0,0,0,0,0,0,0,0,0,0,0,0,0,0,0,0,0,0,0,0,0,0,0,0,0,0,0,0,0,0,0,0,0,0,0,0,0.000134156,0,0,0,0,0,0,0,0,0,0,0,0,0,0,0,0,0,0,0,0,0,0,0,0,0,0,0,0,0,0,0,0,0,0,0,0,0,0,0,0,0,0,0,0,0,0,0,0,0,0.001207405,0,0,0,0,0,0,0,0,0,0,0,0,0,0,0,0,0,0,0,0,0,0,0,0,0,0
A160R5ZF.04,0,0,0,0,0,0,0,0,0,0,0,0,0,0,0,0,0,0,0,0,0,0,0,0,0,0,0.008936231,0,0,0,0,0,0,0,0,0,0,0,0,0,0,0,0,0,0,0,0.005218759,0,0,0,0,0,0,0,0,0,0,0,0,0,0,0,0.00014298,0,0,0,0,0,0,0,0,0,0,0,0,0,0,0,0,0,0,0,0,0,0,0,0,0,0,0,0,0,0,0,0,0,0,0,0,0,0,0,0,0,0,0,0,0,0,0,0,0,0,0,0,0,0,0,0,0,0,0,0,0,0,0,0,0,0,0.006505576,0,0,0.00457535,0,0,0,0.202101802,0,0,0,0,0,0,0.002359165,0.036745782,0,0,0,0,0.666714327,0,0,0,0,0,0,0,0,0,0,0,0,0,0,0,0,0,0,0,0,0,0,0,0,0,0,0,0,0,0,0,0,0,0,0,0.000357449,0,0,0,0,0,0,0,0,0,0,0,0,0.000285959,0,0,0.041750071,0,0,0,0,0,0,0,0,7.15E-05,0,0,0,0,0,0,0.007363454,0,0,0,0,0,0.016657135,0.00021447,0,0,0,0,0,0,0,0,0,0,0,0,0,0,0,0,0,0,0,0,0,0,0,0,0,0,0,0,0,0,0,0,0,0,0,0,0,0,0,0,0,0,0,0,0,0,0,0,0,0,0,0,0
F160Q9S4.04,0,0,0,0,0,0,0,0,0,0,0,0,0,0,0,0,0,0,0,0,0,0,0,0,0,0,0.59934353,0,0,0,0,0,0,0,0,0,0,0,0,0,0,0,0,0,0,0,0.000139675,0,0,0,0,0,0,0,0,0,0,0,0,0,0,0,0,0,0,0,0,0,0,0,0,0,0,0,0,3.49E-05,0,0,0,0,0,0,0,0,0,0,0,0,0,0,3.49E-05,0,0,0,0,0,0,0,0,0,0,0,0,0,0,0,0,0,0,0,0,0,0,0,0,0,0,0,0,0,0,0,0,0,0,0,0,0,0,0.011313639,0,0,0,0,0,0,0.289824708,0,0,0,0.000209512,3.49E-05,0,0,0.035407501,0,0,0,0,0.062783714,0,0,0,0,0,0,0,0,0,0,0,6.98E-05,0,0,0,0,0,0,0,0,0,0,0,0,0,0,0,0,0,0,0,0,0,0,0,0,0,0.000139675,0,0,0,0,0,0,0,0,0,0,0,0,0,0,0,0,0,0,0,0,0,6.98E-05,0,0,0,0,0,0,0,0,0,0,0,0,0,0,0.000558698,0,0,0,0,0,0,0,0,0,0,0,0,0,0,0,0,0,0,0,0,0,0,0,0,0,0,0,0,0,0,3.49E-05,0,0,0,0,0,0,0,0,0,0,0,0,0,0,0,0,0,0,0,0,0,0
F160R4ZW.04,0,0,0,0,0,0,0,0,0,0,0,0,0,0,0,0,0,0,0,0,0,0,0,0,0,0,0.003064095,0,0,0,0.000703235,0,0,0,0,0,0,0.000150693,0.001758087,0,0,0,0,0,0,0,0.019439421,0,0,0,0,0,0,0,0,0,0,0,0,0,0,0,0,0,0,0,0,0,0,0,0,0,0,0,0,0,0,0,0,0,0,0,0,0,0,0,0,0.00045208,0,0,0,0,0,0,0,0,0,0,0,0,0,0,0,0,0,0,0,0,0,0,0,0,0,0,0,0,0,0,0,0,0,0,0,0,0,0,0,0,0,0.012909383,0,0,0,0,0.000803697,0,0.485432992,0,0.00045208,0,0.000100462,0.001707856,0,0,0,0,0,0,0,0.461070926,0,0,0,0,0,0,0,0,0,0,0.000853928,0.004370102,0,0,0.001758087,0,0,0,0,0,0,0,0,0,0,0,0,0,0,0,0,0,0,0,0,0.001808318,0,0,0,0,0,0,0,0,0,0.000502311,0,0,0,0,0,0,0,0,0,0,0,0,0,0.00095439,0.001054852,0,0,0,0,0,0.000351617,0,0,0,0,0,0,0,5.02E-05,0,0,0,0,0,0,0,0,0,0,0,0,0,0,0,0,0,0,0,0,0,0,0,0,0,0,0.000251155,0,0,0,0,0,0,0,0,0,0,0,0,0,0,0,0,0,0,0,0,0,0,0,0,0,0
F160QZMZ.04,0,0,0,0,0,0,0,0,0,0,0,0,0,0.000206467,0,8.26E-05,0,0,0,0,0,0,0.000412933,0,0.000330346,0,0.729074617,0,0,0,0,0,0,0,0.001032333,0,0,0.000991039,0.00049552,0,0,0,0.000867159,0.000536813,0,0,0.007185035,0,0,0,0,0,0,0,0,0,0,0,0,0,0,0,0,0,0,0,0,0,0,0,0,0,0,0,0,0,8.26E-05,0,0,0,0,4.13E-05,0,0,0,0,0,0,0.0006194,0,4.13E-05,0,0,0,0,0,0,0,0,0,0,0,0,0,0,0,0,0,0,0,0,0,0,0,0,0,0,0.000206467,0,0,0,0,0,0,0,0,0,0,0,4.13E-05,0,0,0,0,0,0.00024776,0.001238799,0,0,0,0,0.0006194,0,0,4.13E-05,0.000330346,0,0,0,0.243713094,0,0,0,0,0,0,0,0,0,0,0,0.002105959,0,0,0.0006194,0,0,0,0,0,0,0,0,0,0,0,0,0,0,0,0,0,0,0,0.00037164,0.0006194,0,0,0,0,0,0,0.000330346,0,0,0,0,0,0.000454226,0,0,0.00049552,0,0.004005451,0,0,0,0,0,0,0,0,0,0,0,0,0,4.13E-05,0,0,0,0,0,0,0.002477598,0,0,0,0,0,0,0,0,0,0,0,0,0,0,0,0,0,0,0,0,0,0,0,0,0,0,0,0,0,4.13E-05,0,0,0,0,0,0,0,0,0,0,0,0,0,0,0,0,0,0,0,0,0,0,0
J160RXK0.04,0,0,0,0,0,0,0,0,0,0,0,0,0,0,0,0,0,0,0,0,0,0,0.043835009,0,0,0,0.000295683,0,0,0,0,0,0,0,0,0,0,0,0.001108811,0,0,0,0,0,0,0,7.39E-05,0,0,0,0,0,0,0,0,0,0,0,0.001404494,0,0,0,0,0,0,0,0,0,0,0,0,0,0,0,0,0.030381431,0.123373743,0,0,0,0,0.001626257,0,0,0,0,0,0,0.004730928,0,0,0,0,0,0,0,0,0,0,0,0,0,0,0,0,0,0,0,0,0,0,0,0,0,0,0,0,0,0,0,0,0,0,0,0,0,0,0,0,0.000665287,0,0,0,0,0,0,0,0,0,0,0,0.015375517,0,0,0,0.010348906,0,0,0.013971023,0.6132466,0,0,0,0,0,0,0,0.006578947,0,0,0,0.042652277,0,0.000739208,0,0,0.001404494,0,0.000295683,0.081682436,0,0,0,0,0,0,0,0,0,0,0,0,0,0,0,0,0,0,0,0,0,0,0,0,0,0,0,0,0,0,0,0,0,0,0,0,0,0,0,0,0,0,0,0,0,0,0,0,0,0,0,0,0,0,0.000369604,0,0,0,0,0,0,0,0,0,0,0,0,0,0.004065642,0,0,0,0,7.39E-05,0,0,0,0,0,0,0,0.000443525,0,0,0,0,0,0,0,0,0,0,0,0,0,0.001256653,0,0,0,0,0,0,0,0,0,0,0,0
D160RHJR.04,0,0,0,0,0,0,0,0,0,0,0,0,0,0,0,0,0,0,0,0,0,0,0.000801887,0,0,0,0.8375,0.000188679,0,0,0,0,0,0,0,0,0,0.000235849,9.43E-05,0,0,0,0,0,0,0,0.002311321,0,0,0,0,0,0,0,0,0,0,0,0,0,0,0,0,0,0,0,0,0,0,0,0,0,0,0,0,0.000566038,0.000377358,0,0,0,0,0.004575472,0,0,0,0,0,0,9.43E-05,0,0,0,0,0,0,0,0,0,0,0,0,0,0,0,0,0,0,0,0,0,0,0,0,0,0,0,0,0,0,0,0,0,0,0,0,0,0,0,0,0.000660377,0,0,0,0,0,0,0.003915094,0,0,0,0,0.00245283,0,0,0,0.002311321,4.72E-05,0,0,0.039764151,0,0,0,0,0,0,0,0,0,0,0,0.005754717,0,0,0.000235849,0,0,0,0,0.000283019,0,0,0,0,0,0,0,0,0,0,0,0,0,0,0,0,0,0,0,0,0,0,0,0,0,0,0,0,0,0,0,0,0,0,0,0,0,0,0,0,0,0,0,0,0,0,0,0,0,0,0,0,0,0,0.09759434,0,0,0,0,0,0,0,0,0,0,0,0,0,0.000141509,0,0,0,0,0,0,0,0,0,0,0,9.43E-05,0,0,0,0,0,0,0,0,0,0,0,0,0,0,0,0,0,0,0,0,0,0,0,0,0,0,0
D160QY4D.04,0,0,0,0,0,0,0,0,0,0,0,0,0,0,0,0,0,0,0,0,0,0,0,0,0,0,0.000726216,0,0,0,0,0,0,0,0,0,0,0,0,0,0,0,0,0,0,0,0.000726216,0,0,0,0,0,0,0,0,0,0,0,0,0,0,0,0,0,0,0,0,0,0,0,0,0,0,0,0,0,0,0,0,0,0,0,0,0,0,0,0,0,0,0,0,0,0,0,0,0,0,0,0,0,0,0,0,0,0,0,0,0,0,0,0,0,0,0,0,0,0,0.000145243,0,0,0,0,0,0,0,0,0,0,0,0.0416122,0,0,0,0,0,0,0.949818446,0,0,0,0,0,0,0,0,0,0,0,0,0.006971678,0,0,0,0,0,0,0,0,0,0,0,0,0,0,0,0,0,0,0,0,0,0,0,0,0,0,0,0,0,0,0,0,0,0,0,0,0,0,0,0,0,0,0,0,0,0,0,0,0,0,0,0,0,0,0,0,0,0,0,0,0,0,0,0,0,0,0,0,0,0,0,0,0,0,0,0,0,0,0,0,0,0,0,0,0,0,0,0,0,0,0,0,0,0,0,0,0,0,0,0,0,0,0,0,0,0,0,0,0,0,0,0,0,0,0,0,0,0,0,0,0,0,0,0,0,0,0,0
E160RGNZ.04,0,0,0,0,0,0,0,0,0,0,0,0,0,0,0,0,0,0,0,0,0,0,0,0,0,0,3.39E-05,0,0,0,0,0,0,0,0,0,0,0,0.000203121,0,0,0,0,0,0,0,0.003656183,0,0,0,0,0,0,0,0,0,0,0,0,0,0,0,0,0,0,0,0,0,0,0,0,0,0,0,0.003656183,0,0.001218728,0,0,0,0,0,0,0,0,0,0,0,0,0,0,0,0,0,0,0,0,0,0,0,0,0,0,0,0,0,0,0,0,0,0,0,0,0,0,0,0,0,0,0,0,0,0,0,0,0,0,0,0,0.018517892,0,0,0,0,0,0,0.793053252,0,0,0,0,0.003080673,0,0,0,0,0,0,0,0.173465588,0,0,0,0,0,0,0,0,0,0,0,0.000744778,0,0,0,0,0,0,0,0,0,0,0,0,0,0,0,0,0,0,0,0,0,0,0,0,0,0,0,0,0,0,0,0,0,0,0,0,0,0,0,0.000304682,0,0,0,0,0,0,0,0,0,0,0,0,0,0,0,0.000203121,0,0,0,0,0,0,0,0,0,0,0,0,0,0,0,0,0,0,0,0,0,0,0,0,0,0,0,0,0,0,0,0,0,0.001861945,0,0,0,0,0,0,0,0,0,0,0,0,0,0,0,0,0,0,0,0,0,0,0,0,0,0
H160Q1XD.04,0,0,0,0,0,0,0,0,0,0,0,0,0,0,0,0,0,0,0,0,0,0,0,0,0,0,0.530229611,0,0,0,0,0,0,0,0,0,0,7.45E-05,0,0,0,0,0,0,0,0,7.45E-05,0,0,0,0,0,0,0,0,0,0,0,0,0,0,0,0,0,0,0,0,0,0,0,0,0,0,0,0,0,0,0,0,0,0,0,0,0,0,0,0,0,0,0,0,0,0,0,0,0,0,0,0,0,0,0,0,0,0,0,0,0,0,0,0,0,0,0,0,0,0,0,0,0,0,0,0,0,0,0,0,0,0,0.011070523,0,0,0,0,0,0,0.456388847,0,0,0,0.000894588,0,0,0,0.000670941,0,0,0,0,0.000484568,0,0,0,0,0,0,0,0,0,0,0,0,0,0,3.73E-05,0,0,0,0,0,0,0,0,0,0,0,0,0,0,0,0,0,0,0,0,0,0,0,0,0,0,0,0,0,0,0,0,0,0,0,0,0,0,0,0,0,0,0,0,0,0,0,0,0,0,0,0,0,0,0,0,0,0,0,0,0,0,0,0,0,0,0,0,0,0,0,0,0,0,0,0,0,0,0,0,0,0,0,0,0,0,7.45E-05,0,0,0,0,0,0,0,0,0,0,0,0,0,0,0,0,0,0,0,0,0,0,0,0,0,0
C160R7Y6.04,0,0,0,0,0,0,0,0,0,0,0,0,0,0,0,0,0,0,0,0,0,0,0.000606465,0,0,0,0.952119595,0,0,0,0,0,0,0,0,0,0,3.03E-05,0.000181939,0,0,0,0,0,0,0,0.001152283,0,0,0,0,0.000151616,0,0,0,0,0,0,0,0,0,0,0,0,0,0,0,0,0,0,0,0,0,0,0,0.000121293,0.003487173,0,0,0,0,0.000485172,0,0,0,0,0,3.03E-05,0,0,0,0,0,0,0,0,0,0,0,0,0,0,0,0,0,0,0,0,0,0,0,0,0,0,0,0,0,0.000181939,0,0,0,0,0,0,0,0,0,0,0,0.000909697,0,0,0,0,0,0,0.000727758,0,0,0,0,0.000485172,0,0,0,0.000606465,0,0,0,0.034265268,0,0,0,0,0,0,0,0.000242586,0,0,0,0.002061981,0,6.06E-05,0.000303232,0,0,0,0,0.000970344,0,0,0,0,0,0,0,0,0,0,0,0,0,0,0,0,0,0,0,0,0,0,0.000181939,0,0,0,0,0,0,0,0,0,0,0,0,0,0,0,0,0,0,0,0,0,0,0,0,0,0,0,0,0,0,0,0.000151616,0,0,0,0,0,0,0,0,0,0,0,0,0,0.000303232,0,0,0,0,0,0,0,0,0,0,0,0,0,0.000181939,0,0,0,0,0,0,0,0,0,0,0,0,0,0,0,0,0,0,0,0,0,0,0,0,0
D160QFTC.04,0,0,0,0,0,0,0,0,0,0,0,0,0,0,0,0,0,0,0,0,0,0,0,0,0,0,0.844891591,0,0,0,0,0,0,0.000107602,0,0,0,5.38E-05,0,0,0,0,0,0,0,0,0.000699414,0,0,0,0,0,0,0,0,0,0,0,0,0,0,0,0,0,0,0,0,0,0,0,0,0,0,0,0,0,0.000161403,0,0,0,0,5.38E-05,0,0,0,0,0,0,0,0,0.000215204,0,0,0,0,0,0,0,0,0,0,0,0,0,0,0,0,0,0,0,0,0,0,0.001237424,0,0,0,0.000430408,0,0,0,0,0,0,0,0,0,0,0,0.001237424,0,0,0,0,0,0,0.062947221,0,0,0,0,0.000376607,0,0,0.050895787,0.00053801,0,0,0,0.033894658,0,0,0,0,0,0,0,0,0,0,0,0.001237424,0,0,0.000699414,0,0,0,0,0,0,0,0,0,0,0,0,0,0,0,0,0,0,0,0,0,0,0,0,0,0,0,0,0,0,5.38E-05,0,0,0,0,0,0,0,0,0,0,0,0,0,5.38E-05,0,0,0,0,0,0,0,0,0,0,0,0,0,0,0,0,0,0,0,0,0,0,0,0,0,0,0,0,0,0,0,0,0,0,0,0,0,0,0,0,5.38E-05,0.000161403,0,0,0,0,0,0,0,0,0,0,0,0,0,0,0,0,0,0,0,0,0,0,0,0,0,0
G160QN8F.04,0,0,0,0,0,0,0,0,0,0,0,0,0,0,0,0,0,0,0,0,0,0,0.002097373,0,0,0,0.848370238,0,0,0,0,0,0,0,0.000275065,0,0,0,0,0,0,0,0,0,0,0,3.44E-05,0,0,0,0,0,0,0,0,0,0,0,0.000481364,0,0,0,0,0,0,0,0,0,0,0,0,0,0,0,0,0,0.002509971,0,0,0,0,0.000137533,0,0,0,0,0,0,0.000343832,0,0,0,0,0,0,0.000515747,0,0,0,0,0,0,0,0,0,0,0,0,0,0,0,0,0,0,0,0,0,0.001134644,0,0,0,0,0,0,0,0,0,0,0,6.88E-05,0,0,0,0,0,0.000171916,0.000687663,0,0,0,0,0.002544354,0,0,0.034933297,0.000584514,0,0,0.000206299,0.09589465,0,0,0,0,0,0,0,0.000515747,0,0,0,0.00477926,0,0.000240682,0,0,0.000618897,0,0,0.001994224,0,0,0,0,0,0,0,0,0,0,0,0,0,0,0,0,0,0,0,0,0,0,0,0,0,0,0,0,0.000343832,0,0,0,0,0,0,0,0,0,0,0,0,0,0,0,0,0,0,0,0,0,0,0,0,0,3.44E-05,0,0,0,0,0,0,0,0,0,0,0,0,0,0,0,0,0,0,0,0,0,0,0,0,0,3.44E-05,0.000171916,0,0,0,0,0,0,0,0,0,0,0,0,0,0.000275065,0,0,0,0,0,0,0,0,0,0,0,0
C160RHNC.04,0,0,0,0,0,0,0,0,0,0,0,0,0,0,0,0,0,0,0,0,0,0,0,0,0,0,0.000213349,0,0,0,0,0,0,0,0,0,0,0,0.000142232,0,0,0,0,0,0,0,0.000320023,0,0,0,0,0,0,0,0,0,0,0,0,0,0,0,0,0,0,0,0,0,0,0,0,0,0,0,0,0,0,0,0,0,0,0,0,0,0,0,0,0,0,0,0,0,0,0,0,0,0,0,0,0,0,0,0,0,0,0,0,0,0,0,0,0,0,0,0,0,0,0.085908331,0,0,0,0,0,0,0,0,0,0,0,0.000213349,0,0,0,0,0,0,0.006009316,0,0,0,0,0.009956264,0,0,0.000213349,0.000426697,7.11E-05,0,0,0.872026455,0,0,0,0,0,0,0,0,0,0,0,0.002097927,0,0,0.011023006,0,0,0,0,0,0,0,0,0,0,0,0.001031184,0,0,0,0,0,0,0,0,3.56E-05,0,0,0,0,0,0,0,0,0,0,0,0,0,0,0,0,0,0,0,0,0,0,0,3.56E-05,0,0,0,0,0,0,0,0.001102301,0,0,0,0,0,0,0.009173986,0,0,0,0,0,0,0,0,0,0,0,0,0,0,0,0,0,0,0,0,0,0,0,0,0,0,0,0,0,0,0,0,0,0,0,0,0,0,0,0,0,0,0,0,0,0,0,0,0,0,0,0,0
K160R04Q.04,0,0,0,0,0,0,0,0,0,0,0,0,0,0,0,0,0,0,0,0,0,0,0.001968504,0,0,0,0.669442762,0,0,0,0,0,0,0,0,0,0,0.002119927,0.01584898,0,0,0,0,0,0,0,0.001514234,0,0,0,0,0,0,0,0,0,0,0,0.000807591,0,0,0,5.05E-05,0,0,0,0,0,0,0,0,0,0,0,0.000100949,0,0.002624672,0,0,0,0,0.000201898,0,0,0,0,0,5.05E-05,0.000757117,0,0.000353321,0,0,0,0,0,0,0,0,0,0,0,0,0,0,0,0,0,0,0,0,0,0,0,0,0,0,0.00045427,0,0,0,0,0,0,0,0,0,0,0,0.003482738,0,0,0,0,0,0,0.052897234,0,0,0,0,0.001413285,0,0,0.009085403,0.003533212,0.000100949,0.001059964,0,0.222440945,0,0,5.05E-05,0,0,0,0,0.000353321,0,0,5.05E-05,0.003331314,0,0,0.000807591,0,0,0,5.05E-05,0.001312336,0,0,0,0,0,0,0,0,0,0,0,0,0,0,0,0,0,0,0,0,0,0,0,0,0,0,0,0,0,0,0,0.000252372,0,0,0,0,5.05E-05,0,0,5.05E-05,0.000252372,0,0,0,0,0,0,5.05E-05,0.002927519,0,0,0,0,0,0.000151423,0,0,0,0,0,0,0,0,0,0,0,0,0,0,0,0,0,0,0,0,0,0,0,0,0,0,0,0,0,0,0,0,0,0,0,0,0,0,0,0,0,0,0,0,0,0,0,0,0,0,0,0,0
B160QBK7.04,0,0,0,0,0,0,0,0,0,0,0,0,0,0,0,0,0,0,0,0,0,0,0,0,0,0,0.615693396,0,0,0,0,0,0,0,0,0,0,0,0,0,0,0,0,0,0,0,0,0,0,0,0,0,0,0,0,0,0,0,0,0,0,0,0.000127433,0,0,0,0,0,0,0,0,0,0,0,0,0,0,0,0,0,0,0,0,0,0,0,0,0,0,0,0,0,0,0,0,0,0,0,0,0,0,0,0,0,0,0,0,0,0,0,0,0,0,0,0,0,0,0,0,0,0,0,0,0,0,0,0,0,0,6.37E-05,0,0,0,0,0,0,0.003185829,0,0,0,0,0.003090255,0,0,0.332759884,0,0,0,0,0.04202109,0,0,0,0,0,0,0,0,0,0,0,0.001656631,0,0,0,0,0,0,0,0,0,0,0,0,0,0,0,0,0,0,0,0,0,0,0,0,0,0,0,0,0,0,0,0,0,3.19E-05,0,0,0,0,0,0,0,0,0,0,0,0,0,0,0,0,0,0,0,0,0,0.000509733,0,0,0,0,0,0,0.000860174,0,0,0,0,0,0,0,0,0,0,0,0,0,0,0,0,0,0,0,0,0,0,0,0,0,0,0,0,0,0,0,0,0,0,0,0,0,0,0,0,0,0,0,0,0,0,0,0,0,0,0,0,0
H160QF8C.04,0,0,0,0,0,0,0,0,0,0,0,0,0,0,0,0,0,0,0,0,0,0,0,0,0,0,0.564282969,0,0,0,0,0,0,0,0,0,0,0.126171402,5.91E-05,0,0,0,0,0,0,0,0,0,0,0,0,0,0,0,0,0,0,0,0,0,0,0,0,0,0,0,0,0,0,0,0,0,0,0,0,2.96E-05,0,0,0,0,0,0,0,0,0,0,0,0,5.91E-05,0,0.000118249,0,0,0,0,0,0,0,0,0,0,0,0,0,0,0,0,0,0,0,0,0,0,0,0,0,0,0,0,0,0,0,0,0,0,0,0,0,0,0.001773731,0,0,0,0,0,0,0.030774234,0,0,0,0,0.00026606,0,0,0.094569427,0,0,0,0,0.011588376,0,0,0,0,0,0,0,0,0,0,0,0,0,0,0.000827741,0,0,0,0,0,0,0,0,0,0,0,0,0,0,0,0,0,0,0,0,0.000147811,0,0,0,0,0,0,0,0,0,0.000236497,0,0,0,0,0,0,0,0,0,0,0,0,0,0.000177373,0,0,0,0,0,0,0,0,0,0,0,0,0,0,0.000413871,0,0,0,0,0,0,0,0,0,0,0,0,0,0,0,0.000709492,0,0,0,0,0,0,0,0,0,0,0.167735832,0,0,0,5.91E-05,0,0,0,0,0,0,0,0,0,0,0,0,0,0,0,0,0,0,0,0,0,0
G160QJVN.04,0,0,0,0,0,0,0,0,0,0,0,0,0,0,0,0,0.000167966,0,0,0,0.000167966,0,0,0,0,0,0.578104004,0.000167966,0,0,0.000167966,0,0.000335931,0,0.000503897,0,0,0.000235152,0.000907014,0,0,0.000403117,0,0.000335931,0,0,0.00107498,0,0,0,0,0,0,0,0,0,0,0,0,0,0,0,0.000671862,0,0.000134372,0,0,0,0,0,0,0,0,0,0,0,0,0,0,0,0,0,0,0,0,0,0,0,0,0,0.000134372,0,0,0,0,0,0,0,0,0,0,0,0,0,0,0,0,0,0,0,0,0,0,0,0,0,0,0,0,0,0,0,0,0,0,0,0,0,0,0.000705456,0,0,0,0,0,0,0.000335931,0,0,0,0,0.000268745,0,0,0.218724805,0,0,0,0,0.008062349,0,0,0,0,0,0,0,0,0,0,0,0.000100779,0,0,0.000671862,0,0,0,0,0.000134372,0,0,0,0,0,0,0,0,0,0,0,0,0.000268745,0.000167966,0,0.000436711,0,0,0,0,0,0.000167966,0.000268745,0,0,0.000470304,0,0.000235152,0,0,0,6.72E-05,0,0.001276539,0,0,0,0,0,0,0.001444504,0,0,0,0,0,0,0,0,0,0,0,0,0,0.000100779,0,0,0,0,0,0,0,0,0,0,0,0,0,0,0,0,0,0,0,0,0,0,0,0,0,0,0.182578608,0,0,0,0,0,0,0,0,0,0,0,0,0,0,0,0,0,0,0,0,0,0,0,0,0,0
G160Q8KY.04,0,0,0,0,0,0,0,0,0,0,0,0,0,0,0,0,0,0,0,0,0,0,0.00017676,0,0,0,0.660197264,0,0,0,0,0,0,0,0,0,0,0,0.000388871,0,0,3.54E-05,0,0,0,0,0.000424223,0,0,0,0,0,0,0,0,0,0,0,7.07E-05,0,0,0,3.54E-05,0,0,0,0,0,0,0,0,0,0,0,0.000212112,0.000318167,0,0,0,0,0,7.07E-05,0,0,0,0,0,7.07E-05,0,0,0,0,0,0,0,0,0,0,0,0,0,0,0,0,0,0,0,0,0,0,0,0,0,0,0,0,0,0,0,0,0,0,0,0,0,0,0,0,0,0.000989854,0,0,0,0,0,0,0.000353519,0,0,0,0,0.000388871,0,0,0.202000919,0,0,0,3.54E-05,0.012267119,0,0,0,0,0,0,0,0,0,0,0,0.000494927,0,0,3.54E-05,0,0.000141408,0,0,0,0,0,0,0,0,0,0,0,0,0,0,0,0,0,0,0,0,0,0,0,0,0,0,0,0,3.54E-05,0,0,0,0,0,0,0,0,0,0,0,0,0,0.000530279,0,0,0,0,0,0,0,3.54E-05,0,0,0,0,0,0,0.002297875,0,0,0,0,0,0,0,0,0,0,0,0,0,0.000247463,0,0,0,0,0,0,0,0,0,0,0,0,0.118146145,0,0,0,0,0,0,0,0,0,0,0,0,0,0,0,0,0,0,0,0,0,0,0,0,0,0
E160QXY1.04,0,0,0,0,0,0,0,0,0,0,0,0,0,0,0,0,0,0,0,0.000129563,0,0,0.000744988,0,0,0,0.735205519,0,0,0,0,0,0,0,0,0,0,0,0,0,0,0,0,0,0,0,0.000226735,0,0,0,0,0,0,0,0,0,0,0,0,0,0,0,6.48E-05,0,0,0,0,0,0,0,0,0,0,0.000194345,0,0.000259126,0.003141904,0,0,0,0,0.001943446,0,0,0,0,0,0,0.01146633,0,0,0,0,0,0,0,0,0,0,0,0,0,0,0,0,0,0,0,0,0,0,0,0,0,0,0,0.001489975,3.24E-05,0,0,0,0,0,0,0,0,0,0,0,0,0,0,0,0,0,0.000194345,0.001101286,0,0,0,0,0.002234963,0,0,0.196255628,0.001101286,0,0,0,0.030868396,0,0,0,0,0,0,0,0.000583034,0,0,0,0.002461698,0,0,0,0,0.000291517,0,0,0.002591261,0,0,0,0,0,0,0,0,0,0,0,0,0,0,0,0,0,0,0,0,0,0,0,0,0,0.000129563,0,0,0.001587147,0,0.000291517,0.000744988,0,0.000680206,0,0,0,0,0,0,0,0,0,0,0,0,0,3.24E-05,0,0,0,0,0,0,0.00126324,0,0,0,0,0,0,0,0,0,0,0,0,0,0,0,0,0,0,0,0,0,0,0,0,0,0.000323908,0.002299744,0,0,0,0,0,0,0,0,0,0,0,0,0,6.48E-05,0,0,0,0,0,0,0,0,0,0,0,0
K160QYVV.04,0,0,0,0,0,0,0,0,0,0,0,0,0,0,0,0,0,0,0,0,0,0,0,0,0,0,0.019742429,0,0.000566091,0,0,0,0,0,0,0,0,0,0,0,0,0,0,0,0,0,0.003750354,0,0,0,0,0,0,0,0,0,0,0,0,0,0,0,0,0,0,0,0,0,0,0,0,0,0,0,0,0.000353807,0.002476649,0,0,0,0,0,0,0,0,0,0,7.08E-05,0,0,0,0,0,0,0,0,0,0,0,0,0,0,0,0,0,0,0,0,0,0,0,0,0,0,0,0,0,0,0,0,0,0,0,0,0,0,0,0,0,0.000212284,0,0,0,0,0,0,0.894494764,0,0,0,0,0.000353807,0,0,0.000424568,0.00049533,0,0,0,0.068284744,0,0,0,0,0,0,0,0,0,0,0,0.000353807,0,0,0,0,0.000212284,0,0,0,0,0,0,0,0,0,0,0,0,0,0,0,0,0,0,0,0,0,0,0,0,0.002971978,0,0,0,7.08E-05,0,0,0,0,0,0.001415228,0,0.001698273,0,0,0,0,0,0.000212284,0,0,0,0,0,0,0,0,0,0,0,0,0,0,0.001769035,0,0,0,0,0,0,0,0,0,0,0,0,0,0,0,0,0,0,0,0,0,0,0,0,0,7.08E-05,0,0,0,0,0,0,0,0,0,0,0,0,0,0,0,0,0,0,0,0,0,0,0,0,0,0,0
J160RJ4D.04,0,0,0,0,0,0,0,0,0,0,0,0,0,0,0,0,0,0,0,0,0,0,0,0,0,0,1.87E-05,0,0,0,0,0,0,0,0,0,0,0,0,0,0,0,0,0,0,0,0,0,0,0,0,0,0,0,0,0,0,0,0,0,0,0,0,0,0,0,0,0,0,0,0,0,0,0,0,0,0,0,0,0,0,0,0,0,0,0,0,0,0,0,0,0,0,0,0,0,0,0,0,0,0,0,0,0,0,0,0,0,0,0,0,0,0,0,0,0,0,0,0,0,0,0,0,0,0,0,0,0,0,9.33E-05,0,0,0,0,0,0,0.001660789,0,0,0,0,0,0,0,0,0,0,0,0,0.039411073,0,0,0,0,0,0,0,0,0,0,0,0,0,0,0,0,0,0,0,1.87E-05,0,0,0,0,0,0,0,0,0,0,0,0,0,0,0,0,0,0,0,0,0,0,0,0,0,0,0,0,0,0,0,0,0,0,0,0,0,0,0,0,0,0,0,0,0,0,0,0.000317229,0,0,0,0,0,0,1.87E-05,0,0,0,0,0,0,0,0,0,0,0,0,0,0,0,0,0,0,1.87E-05,0,0,0,0,0,0,0,0.958442964,0,0,0,0,0,0,0,0,0,0,0,0,0,0,0,0,0,0,0,0,0,0,0,0,0,0
E160QHHY.04,0,0,0,0,0,0,0,0,0,0,0,0,0,0,0,0,0,0,0,0,0,0,0.028827298,0,0,0,0.000457576,0,0,0,0,0,0,0,0,0,0,0,0.002287881,0,0,0,0,0,0,0,0,0,0,0,0,0,0,0,0,0,0,0,0.006471434,0,0,0,0,0,0,0,0,0,0,0,0,0,0,0,0,0.007844163,0.067590535,0,0,0,0,0.01222382,0,0,0,0,0,0,0.00065368,0,0,0,0,0,0,0,0,0,0,0,0,0,0,0,0,0,0,0,0,0,0,0,0,0,0,0,0,0,0,0,0,0,0,0,0,0,0,0,0.000392208,0.00032684,0,0,0,0,0,0,0.000130736,0,0,0,0,0.010328147,0,0,0,0.013661917,0,0,0.000588312,0.685514446,0,0,0,0,0,0,0,0.007844163,0,0,0,0.091319127,0,0.000392208,0,0,0.000392208,0,0,0.0353641,0,0,0,0,0,0,0,0,0,0,0,0,0,0,0,0,0,0,0,0,0,0,0,0,0,0,0,0,0,0,0,0,0,0,0,0,0,0,0,0,0,0,0,0,0,0,0,0,0,0,0,0,0,0,0.006013858,0,0,0,0,0,0,0,0,0,0,0,0,0,0.021244607,0,0,0,0,0,0,0,0,0,0,0,6.54E-05,0,0,0,0,0,0,0,0,0,0,0,0,0,0,6.54E-05,0,0,0,0,0,0,0,0,0,0,0,0
G160R4PY.04,0,0,0,0,0,0,0,0,0,0,0,0,0,0,0,0,0,0,0,0,0,0,0.000159719,0,0.003992972,0,0.013309908,0,0,0,0,0,0,0,0,0,0,0.014694138,0,0.001650429,0,0,0,0.000266198,0,0,0.000212959,0,0,0,0,0,0,0,0,0,0,0,0,0,0,0,0,0,0,0,0,0,0,0,0,0,0,0,0.000106479,0.00149071,0,0,0,0,0,0,0,0,0.006654954,0,0,0.015705691,0.007453548,0,0.001756908,0,0,0,0,0,0,0,0,0,0,0,0,0,0,0,0,0,0,0,0,0,0,0,5.32E-05,0,0,0.000745355,0,0,0,0,0,0,0,0,0,0,0,0.006548475,0,0,0,0,0,0,0.251929937,0,0,0,0.000106479,0.001118032,0,0,0,0.001277751,0,0,0,0.021349092,0,0,0,0,0.000159719,0,0,0,0,0,0,0.000319438,0,0,0.000319438,0,0,0,0,0,0,0,0,0,0,0,0,0,0,0,0,0,0,0,0,0.178831922,0,0,0,0,0,0,0,0,0.016770484,0.002715221,0,0,0.099451632,0,0,0.019219507,0,0,0,0,0,0.01149976,0,0.14012671,0.157695789,0,0,0,0,0,0.003407336,5.32E-05,0,0,0,0,0,0,0.005590161,0,0,0,0,0,0,0,0,0,0,0,0,0,0,0,0,0,0,0,0,0,0,0,0,0,0,0.013256668,0,0,0,0,0,0,0,0,0,0,0,0,0,0,0,0,0,0,0,0,0,0,0,0,0,0
F160Q5V6.04,0,0,0,0,0,0,0,0,0,0,0,0,0,0,0,0,0,0,0,0,0,0,2.60E-05,0,0,0,0.579395454,0,0,0,0,0,0,0,0,0,0,0.000130178,2.60E-05,0,0,0,0,0,0,0,2.60E-05,0,0,0,0,0,0,0,0,0,0,0,0,0,0,0,0,0,0,0,0,0,0,0,0,0,0,0,0,0,0,0,0,0,0,0,0,0,0,0,0,0,0.00023432,0,0,0,0,0,0,0,0,0,0,0,0,0,0,0,0,0,0,0,0,0,0,0,0,0,0,0,0,0,0,0,0,0,0,0,0,0,0,0,0,0,0,0,0,0,0,0,7.81E-05,0,0,0,0,0.000104142,0,0,0.00229113,0,0,0,0,0.361790205,0,0,0,0,0,0,0,0,0,0,0,2.60E-05,0,0,0,0,0,0,0,0,0,0,0,0,0,0,0,0,0,0,0,0,0,0,0,0,0,0,0,0,0,0,0,0,0,5.21E-05,0,0,0,0,0,0,0,0,0,0,0,0,0,0,0,0,0,0,0,0,0,2.60E-05,0,0,0,0,0,0,0,0,0,0,0,0,0,0,0,0,0,0,0,0,0,0,0,0,0,0,0,0,0,0,0,0,0,0.055794215,0,0,0,0,0,0,0,0,0,0,0,0,0,0,0,0,0,0,0,0,0,0,0,0,0,0
E160R3WR.04,0,0,0,0,0,0,0,0,0,0,0,0,0,0,0,0,0,0,0,0,0,0,0,0,0,0,0.111313326,0,0,0,0,0,0,0,0,0,0,0,0,0,0,0,0,0,0,0,0,0,0,0,0,0,0,0,0,0,0,0,0,0,0,0,0,0,0,0,0,0,0,0,0,0,0,0,0,0,0,0,0,0,0,0,0,0,0,0,0,0,0.00092854,0,7.43E-05,0,0,0,0,0,0,0,0,0,0,0,0,0,0,0,0,0,0,0,0,0,0,0,0,0,0,0,0,0,0,0,0,0,0,0,0,0,0,0.056789482,0,0,0,0,0,0,0.381592631,0,0,0,0.000297133,0,0,0,0,0,0.001262814,0,0,0.447407517,0,0,0,0,0,0,0,0,0,0,0,0,0,0,0,0,0,0,0,0,0,0,0,0,0,0,0,0,0,0,0,0,0,0,0,0,0,0,0,0,0,0,0,0,0,3.71E-05,0,0,0,0,0,3.71E-05,0,0,0,0,0,0,0,0,0,0,0,0,0,0,0,0.000259991,0,0,0,0,0,0,0,0,0,0,0,0,0,0,0,0,0,0,0,0,0,0,0,0,0,0,0,0,0,0,0,0,0,0,0,0,0,0,0,0,0,0,0,0,0,0,0,0,0,0,0,0,0,0,0,0,0,0,0,0
K160RC6Y.04,0,0,0,0,0,0,0,0,0,0,0,0,0,0,0,0,0,0,0,0.000555776,0,0,0,0,0,0,0.007502977,0,0,0,0,0,0,0,0,0,0,0,0,0,0,0,0,0,0,0,0.003195713,0,0,0,0,0,0,0,0,0,0,0,0,0,0,0,0,0,0,0,0,0,0,0,0,7.94E-05,0,0,0,0,0,0,0,0,0,0,0,0,0,0,0,0,0,0,0,0,0,0,0,0,0,0,0,0,0,0,0,0,0,0,0,0,0,0,0,0,0,0,0,0,0,0,0,0,0,0,0,0,0,0,0,0,0,0.00162763,0,0,0,0,0,0,0.064370782,0,0,0,0,0,0,0,0,0,0,0,0,1.98E-05,0,0,0,0,0,0,0,0,0,0.091822152,0,0,0,0,0,0,0,0,0,0,0,0,0,0,0,0,0,0,0,0,0,0,0,0,0,0,0,0.610182612,0,0,0,0,0.000178642,0,0,0,0,0,0.01325923,0,0,0.034616911,0,0.11441048,0,0,0,0,0,0,0.006212783,0,0,0,0,0,0,0.000535927,0,0,0,0,0,0.001726876,0,0,0,0,0,0,0,0,0,0,0,0,0,0,0,0,0,0,0,0.049146487,0,0,0,0,0,0,0,0,0,0,0,0.000555776,0,0,0,0,0,0,0,0,0,0,0,0,0,0,0,0,0,0,0,0,0,0
K160R4CJ.04,0,0,0,0,0,0,0,0,0,0,0,0,0,0,0,0,0,0,0,0,0,0,0.00055348,0,0,0,0.731977307,0,0,0,0,0,0,0,0,0,0,0.04220285,6.92E-05,0,0,0,0,0,0,0,0.00041511,0,0,0,0,0,0,0,0,0,0,0,0,0,0,0,0,0,0,0,0,0,0,0,0,0,0,0,0,0,0,0,0,0,0,0,0,0,0,0,0,0,0.004497025,0,0,0,0,0,0,0,0,0,0,0,0,0,0,0,0,0,0,0,0,0,0,0,0,0,0,0,0,0.000207555,0,0,0,0,0,0,0,0,0,0,0,0.00166044,0,0,0,0,0,0,0.00069185,0,0,0,0,0.00055348,0,0,0.013906185,0.00013837,0,0.000484295,0,0.087588211,0,0,0,0,0,0,0,0,0,0,0,0.000207555,0,0,0.00083022,0,0,0,0,0,0,0,0,0,0,0,0,0,0,0,0,0,0,0,0,0.00013837,0,0,0,0,0,0,0,0,0,0,0,0,0,0,0,0.00027674,0,0,0,0,0,0,0.000345925,0.00041511,0,0,0,0,0,0,0,0.00013837,0,0,0,0,0,0,0.062750796,0,0,0,0,0,0,0,0,0,0,0,0,0,0,0,0.000345925,0,0,0,0,0,0,0,0,0,0,0.049605645,0,0,0,0,0,0,0,0,0,0,0,0,0,0,0,0,0,0,0,0,0,0,0,0,0,0
F160R9JP.04,0,0,0,0,0,0,0,0,0,0,0,0,0,0,0,0,0,0,0,0,0,0,0,0,0,0,0.012352844,0,0,0,0,0,0,0,0,0,0,8.29E-05,0,0,0,0,0,0,0,0,0.000580335,0,0,0,0,0,0,0,0,0,0,0,0,0,0,0,0,0,0,0,0,0,0,0,0,0,0,0,0,0,0,0,0,0,0,0,0,0,0,0,0,0,0,0,0,0,0,0,0,0,0,0,0,0,0,0,0,0,0,0,0,0,0,0,0,0,0,0,0,0,0,0,0,0,0,0,0,0,0,0,0,0,0,0.017824573,0,0,0,0,0,0,0.95199801,0,0,0,0,0,0,0,0.001741005,0,0,0,0,0.013181894,0,0,0,0,0,0,0,0,0,0,0,0,0,0,0.000580335,0,0,0,0,0,0,0,0,0,0,0,0,0,0,0,0,0,0,0,0,0,0,0,0,0,0,0,0,0,0,0.00016581,0,0,0,0,0,0,0,0.001077765,0,0,0,0,0,0,0,0,0,0,0,0,0,0.000248715,0,0,0,0,0,0,0,0,0,0,0,0,0,0,0,0,0,0,0,0,0,0,0,0,0,0,0,0,0,0,0,0,0,0.00016581,0,0,0,0,0,0,0,0,0,0,0,0,0,0,0,0,0,0,0,0,0,0,0,0,0,0
J160R3VV.04,0,0,0,0,0,0,0,0,0,0,0,0,0,0,0,0,0,0,0,0,0,0,0,0,0,0,0.000578927,0,0,0,0,0,0,0,0,0,0,0.000337707,0,0,0,0,0,0,0,0,0,0,0,0,0,0,0,0,0,0,0,0,0,0,0,0,0,0,0,0,0,0,0,0,0,0,0,0,0,0,0,0,0,0,0,0,0,0,0,0,0,0,0,0,0,0,0,0,0,0,0,0,0,0,0,0,0,0,0,0,0,0,0,0,0,0,0,0,0,0,0,0,0,0,0,0,0,0,0,0,0,0,0,0.096005403,0,0,0,0,0,0,0.897192204,0,0,0,0.000627171,0,0,0,4.82E-05,0,0,0,0,0.000434195,0,0,0,0,0,0,0,0,0,0,0,0,0,0,0,0,0,0,0,0,0,0,0,0,0,0,0,0,0,0,0,0,0,0,0,0,0,0,0,0,0,0,0,0,0,0,0,0,0,0,0,0.00381127,0,0,0,0,0,0,0,0.000771903,0,0,0,0,0,0,0,0.000144732,0,0,0,0,0,0,4.82E-05,0,0,0,0,0,0,0,0,0,0,0,0,0,0,0,0,0,0,0,0,0,0,0,0,0,0,0,0,0,0,0,0,0,0,0,0,0,0,0,0,0,0,0,0,0,0,0,0,0,0,0,0,0
B160Q7Y8.04,0,0,0,0,0,0,0,0,0,0,0,0,0,0,0,0,0,0,0,0,0,0,0,0,0,0,0.071425226,0,0,0,0,0,0,0,0,0,0,0,0.000187345,0,0,0,0,0,0,0,4.68E-05,0,0,0,0,0,0,0,0,0,0,0,0,0,0,0,0,0,0,0,0,0,0,0,0,0,0,0,0,0,0,0,0,0,0,0,0,0,0,0,0,0,0,0,0.000140509,0,0,0,0,0,0,0,0,0,0,0,0,0,0,0,0,0,0,0,0,0,0,0,0,0,0,0,0,0,0,0,0,0,0,0,0,0,0,0.016111658,0,0,0,0,0,0,0.697812749,0,0,0,0.000327853,4.68E-05,0,9.37E-05,0.000234181,0,0,0,0,0.212214885,0,0,0,0,0,0,0,4.68E-05,0,0,0,0.000140509,0,0,4.68E-05,0,0,0,0,0,0,0,0,0,0,0,0,0,0,0,0,0,0,0,0,0,0,0,0,0,0,0,0,0,0,0,0,0,0,0,0,0,0,0,0,0,0,0,0,9.37E-05,0,0,0,0,0,0,0,0,0,0,0,0,0,0,0.000140509,0,0,0,0,0,0,0,0,0,0,0,0,0,4.68E-05,0,0,0,0,0,0,0,0,0,0,0,0.000702543,0.000140509,0,0,0,0,0,0,0,0,0,0,0,0,0,0,0,0,0,0,0,0,0,0,0,0,0,0
D160RCSW.04,0,0,0,0,0,0,0,0,0,0,0,0,0,0,0,0,0,0,0,0,0,0,0,0,0,0,9.97E-05,4.98E-05,0,0,0,0,0,0,0,0,0,0,0,0,0,0,0,0,0,0,0,0,0,0,0,0,0,0,0,0,0,0,0,0,0,0,0,0,0,0,0,0,0,0,0,0,0,0,0,0,0,0,0,0,0,0,0,0,0,0,0,0,0,0,0,0,0,0,0,0,0,0,0,0,0,0,0,0,0,0,0,0,0,0,0,0,0,0,0,0,0,0,0,0,0,0,0,0,0,0,0,0,0,0.000647927,0,0,0,0,0,0,0.044059011,0,0,0,0,0,0,0,0,0,0,0,0,0.000797448,0,0,0,0,0,0,0,0.015051834,0,0,0,0,0,0,0,0,0,0,0,0,0,0,0,0,0,0,0,0,0,0,0,0,0,0,0,0,0,0,0,0,0,0,0,0,0,0,0,0,0,0,0,0,0,0,0,0,0,0,0,0,0,0,0,0,0,0,0,0.004136762,0,0,0,0,0,0,0,0,0,0,0,0,0,0,0,0,0,0,0,0,0,0,0,0,0,0.935107656,0,0,0,0,0,0,0,0,0,0,0,0,0,0,0,0,0,0,0,0,0,4.98E-05,0,0,0,0,0,0,0,0,0,0,0,0
G160RXZ5.04,0,0,0,0,0,0,0,0,0,0,0,0,0,0,0,0,0,0,0,0,0,0,0.021193011,0,0,0,0.039491368,0,0,0,0,0,0,0,0,0,0,0.000103381,0.00196423,0,0,0,0,0,0,0,0,0,0,0,0,0,0,0,0,0,0,0,0.000103381,0,0,0,0,0,0,0,0.000206761,0,0,0,0,0,0,0,0,0,0.027447534,0,0,0,0,0.001137186,0,0,0,0,0,0,0.000516903,0,0,0,0,0,0,0,0,0,0,0,0,0,0,0,0,0,0,0,0,0,0,0,0,0,0,0,0,0,0,0,0,0,0,0,0,0,0,0,0,0.015507082,0,0,0,0,0,0,0.610410421,0,0,0,0,0.002842965,0,0,0,0.004238602,0,0,5.17E-05,0.256332058,0,0,0.001550708,0.000413522,0.000310142,0,0,0.000827044,0,0,0,0.008994107,0,0,0.000310142,0,0,0,0,0.002326062,0,0,0,0,0,0,0,0,0,0,0,0,0,0,0,0,0,0,0,0,0,0,0,0,0,0,0,0,0,0,0,0,0,0,0,0,0,0,0,0.000258451,0,0,0,0,0,0,0,0.000103381,0,0,0,0,0,0,5.17E-05,0,0,0,0,0,0,0,0,0,0,0,0,0,0.002842965,0,0,0,0,0,0,0,0,0,0,0,0,0.000103381,0,0,0,0,0,0,0,0,0.000361832,0,0,0,0,0,0,0,0,0,0,0,0,0,0,0,0,0
K160R4QX.04,0,0,0,0,0,0,0,0,0,0,0,0,0,0,0,0,0,0,0,0,0,0,0,0,0,0,0,0,0,0,0,0,0,0,0.000394945,0,0,0.000131648,0,0,0,0,0,0.005660874,0,0,0.015271195,0,0,0,0,0,0,0,0,0,0,0,0,0,0,0,0,0,0,0,0,0,0,0,0,0,0,0,0,0,0,0,0,0,0,0,0,0,0,0,0,0,0,0,0,0,0,0,0,0,0,0,0,0,0,0,0,0,0,0,0,0,0,0,0,0,0,0,0,0,0,0.001579779,0,0,0,0,0,0,0,0,0,0,0,0,0,0,0.021985255,0,0,0,0.000131648,0,0,0,0,0.008557135,0,0,0,0,0,0,0,0.360189573,0,0,0,0,0,0,0,0,0,0,0,0,0,0,0.005002633,0,0,0,0,0,0,0,0,0,0,0,0,0,0,0,0,0,0,0,0,0,0,0,0,0,0,0,0,0,0,0,0,0,0,0,0.000263296,0,0,0,0.24328594,0,0,0,0,0.316087414,0,0,0,0,0,0,0,0.016061085,0.003159558,0,0,0,0,0,0,0,0,0,0,0,0,0,0,0,0,0,0,0,0,0,0,0,0,0,0,0,0,0,0,0,0,0,0,0,0,0.00223802,0,0,0,0,0,0,0,0,0,0,0,0,0,0,0,0,0,0,0,0,0,0
F160QC22.04,0,0,0,0,0,0,0,0,0,0,0,0,0,0,0,0,0,0,0,6.89E-05,0,0,0,0,0,0,0.68728475,0,0,0,0,0,0,0,0,0,0,0,0,0,0,0,0,0,0,0,6.89E-05,0.00027552,0,0,0,0,0,0,0,0,0,0,0,0,0,0,0,0,0,0,0,0,0,0,0,0,0,0,0,0,0,0,0,0,0,0,0,0,0,0,0,0,0,0,0.00082656,0,0,0,0,0,0,0,0,0,0,0,0,0,0,0,0,0,0,0,0,0,0,0,0,0,0,0,0,0,0,0,0,0,0,0,0,0,0,0.00282408,0,0,0,0,0,0,0.267254443,0,0,0,6.89E-05,0,0,0,0,0,0,0,0,0.040708087,0,0,0,0,0,0,0,0,0,0,0,0,0,0,0,0,0,0,0,0,0,0,0,0,0,0,0,0,0,0,0.00041328,0,0,0,0,6.89E-05,0,0,0,0,0,0,0,0,0,0,0,0,0,0,0,0,0,0,0,0,0,0,0,0,0,0,0,0,0,0,0,0.00013776,0,0,0,0,0,0,0,0,0,0,0,0,0,0,0,0,0,0,0,0,0,0,0,0,0,0,0,0,0,0,0,0,0,0,0,0,0,0,0,0,0,0,0,0,0,0,0,0,0,0,0,0,0,0,0,0,0,0,0,0
D160QN57.04,0,0,0,0,0,0,0,0,0,0,0,0,0,0,0,0,0,0,0,0,0,0,0.008134215,0,0,0,0.02236909,0,0,0,0,0,0,0,0,0,0,0,0.005931198,0,0,0,0,0,0,0,0.474495848,0,0,0,0,0,0,0,0,0,0,0,0,0,0,0,0,0,0,0,0,0,0,0,0,0,0,0,0,0,0,0,0,0,0,0,0,0,0,0,0,0,0,0,0,0,0,0,0,0,0,0,0,0,0,0,0,0,0,0,0,0,0,0,0.000338926,0,0,0,0,0,0,0,0,0,0,0,0,0,0,0,0,0,0,0.014065413,0,0,0,0,0,0,0.059481444,0,0,0,0,0,0,0,0,0,0,0.083036773,0,0.017963057,0,0,0,0,0,0,0,0,0,0,0.000169463,0,0,0,0.034400949,0,0,0,0,0,0,0,0,0,0,0,0,0,0,0,0,0,0,0,0,0,0,0,0,0,0,0,0,0,0,0,0,0,0,0,0,0.232841891,0,0,0,0,0.005592272,0,0,0.040671073,0,0,0,0,0,0,0,0.000508388,0,0,0,0,0,0,0,0,0,0,0,0,0,0,0,0,0,0,0,0,0,0,0,0,0,0,0,0,0,0,0,0,0,0,0,0,0,0,0,0,0,0,0,0,0,0,0,0,0,0,0,0,0,0,0,0,0,0,0,0
G160RCR2.04,0,0,0,0,0,0,0,0,0,0,0,0,0,0,0,0,0,0,0,0,0,0,0,0,0,0,0.000204026,0,0,0,0,0,6.80E-05,0,0,0,0,0,0,0,0,0,0,0,0,0,0,0,0,0,0,0,0,0,0,0,0,0,0,0,0,0,0,0,0,0,0,0,0,0,0,0,0,0,0,0,0,0,0,0,0,0,0,0,0,0,0,0,0,0,0,0,0,0,0,0,0,0,0,0,0,0,0,0,0,0,0,0,0,0,0,0,0,0,0,0,0,0,0,0,0,0,0,0,0,0,0,0,0,0.022102829,0,0,0,0,0,0,0.880100653,0,0,0,0,0.09031556,0,0,0,0,0,0,0,0.000136017,0,0,0,0,0,0,0,0,0,0,0,0,0,0,0,0,0,0,0,0,0,0,0,0,0,0,0,0,0,0,0,0,0,0,0,0.001632209,0,0,0,0,0,0,0,0,0,0.001020131,0,0,0,0,0,0,0,0,0,0,0,0,0,0,0,0,0,0,0,0,0,0.002448313,0,0,0,0,0,0,0,0,0,0,0,0,0,0,0,0,0,0,0,0,0,0,0,0,0,0,0.0015642,0,0,0,0,0,0,6.80E-05,0,0,0,0.000340044,0,0,0,0,0,0,0,0,0,0,0,0,0,0,0,0,0,0,0,0,0,0
E160RFW3.04,0,0,0,0,0,0,0,0,0,0,0,0,0,0,0,0,0,0,0,0,0,0,0,0,0,0,0.00035926,0,0,0,0,0,0,0,0,0,0,0,0,0,0,0,0,0,0,0,0,0,0,0,0,0,0,0,0,0,0,0,0,0,0,0,0,0,0,0,0,0,0,0,0,0,0,0,0,0,0,0,0,0,0,0,0,0,0,0,0,0,0,0,0,0,0,0,0,0,0,0,0,0,0,0,0,0,0,0,0,0,0,0,0,0,0,0,0,0,0,0,0,0,0,0,0,0,0,0,0,0,0,0.035836177,0,0,0,0,0,0,0.925992456,0,0,0,8.98E-05,0,0,0,0,0,0,0,0,0.033411173,0,0,0,0,0,0,0,0,0,0,0,0.003143524,0,0,0,0,0,0,0,0,0,0,0,0,0,0,0,0,0,0,0,0,0,0,0,0,0,0,0,0,0,0,0,0,0,0,0,0,0,0,0,0,0,0,8.98E-05,0,0,0,0,0.000628705,0,0,0,0,0,0,0,0,0,0,0,0,0,0,0,0,0,0,0,0,0,0,0,0,0,0,0,0,0,0,0,0,0,0,0,0,0,0,0,0,0,0,0,0,0.000449075,0,0,0,0,0,0,0,0,0,0,0,0,0,0,0,0,0,0,0,0,0,0,0
J160RC5Z.04,0,0,0,0,0,0,0,0,0,0,0,0,0,0,0,0,0,0,0,0,0,0,0,0,0,0,0.006335255,0,0,0,0,0,0,0,0,0,0,0,0,0,0,0,0,0,0,0,0,0,0,0,0,0,0,0,0,0,0,0,0,0,0,0,0,0,0,0,0,0,0,0,0,0,0,0,0,0,0,0,0,0,0,0,0,0,0,0,0,0,0,0,0,0,0,0,0,0,0,0,0,0,0,0,0,0,0,0,0,0,0,0,0,0,0,0,0,0,0,0,0,0,0,0,0,0,0,0,0,0,0,0.028308886,0,0,0,0,0,0,0.962730438,0,0,0,0,0,0,0,0,0,0,0,0,0.001541008,0,0,0,0,0,0,0,0.000285372,0,0,0,0,0,0,0,0,0,0,0,0,0,0,0,0,0,0,0,0,0,0,0,0,0,0,0,0,0,0,0,0,0,0,0,0,0,0.000570744,0,0,0,0,0,0,0,0,0,0,0,0,0,0,0,0,0,0,0,0,0,0.000171223,0,0,0,0,0,5.71E-05,0,0,0,0,0,0,0,0,0,0,0,0,0,0,0,0,0,0,0,0,0,0,0,0,0,0,0,0,0,0,0,0,0,0,0,0,0,0,0,0,0,0,0,0,0,0,0,0,0,0,0,0,0,0
E160SM3Y.04,0,0,0,0,0,0,0,0,0,0,0,0,0,0,0,0,0,0,0,0,0,0,0.005550465,0,0,0,0.000393757,0,0,0,0,0,0.000280174,0,0.000530058,0,0,0.000212023,0.000658786,0,0,0.00030289,0,0.00070422,0,0,0.000583064,0,0,0,0,0,0,0,0,0,0,0,0,0,0,0,0,0,0.000454335,0,0,0,0,0,0,0,0,0,0.000212023,0.001605319,0.001529596,0,0,0,0,0.00070422,0,0,0,0,0,0,0,0,0,0,0,0,0,0,0,0,0,0,0,0,0,0,0,0,0,0,0,0,0,0,0,0,0,0,0,0.00016659,0,0,0,0,0,0,0,0,0,0,0,0.091745481,0,0,0,0,0,0,0.014871915,0,0,0,0,0.007958443,0,0,0.000159017,0.013410469,0,0,0,0.734418186,0,0,0,0,5.30E-05,0,0,0,0,0,0,0.020255791,0,0,0.001196417,0,0,0,0,0,0,0,0,0,0,0,0,0,0,0,0,0,0,0,0,0,0,0,0,0,0,0,0,0,0,0,0,0,0,0,0,0,0,0,0,0,0,0,0,0,0.000121156,0,0,0,0,0.00023474,0,0.001037399,0.000628497,0,0,0,0,0.000333179,0.000666359,0,0,0,0,0,0,0,0,0,0,0,0,0,0.001749192,0,0,0,0,0,0,0,0,0,0,0,0,0.097189935,0,0,0,0,0,0,0,0,0,0,0,0,0,0,0,0,0,0,0,0,0,0,0,8.33E-05,0,0
A160R6Q3.04,0.000724274,0,0,0,0,0,0,0,0,0,0,0,0,0,0,3.71E-05,0,0,0,0,0,0,1.86E-05,0,0,0,0.697114045,2.79E-05,9.29E-06,0,0,0,0,0,0,0,0,0,0.000956414,0,0,0,0,0,0,0,0.000519992,0,0,0,0,0,0,0,0,0,0,0,0,0,0,0,0,0,0,0,0,0,0,0,0,0,0,0,0,0,0.00033428,0,0,0,0,0,0,0,3.71E-05,0,0,0,3.71E-05,0,0,0,0,0,0,0,0,0,0,0,0,0,0,0,0,0,0,0,0,0,0,0,0,0,0,0,0,0,0,0,0,0,0,0,0,0,0,0,0,0.000129998,0,0,0,0,0,0,0.000427136,0,0,0,0,9.29E-06,0,0,0.015692611,0,0,0.000631419,0,0.003574944,0,0,0,0,8.36E-05,0,0,0,0,0,0.000111427,0.000259996,0,0,1.86E-05,0,0,0,0,0,0,0,0,0,0,0,0,0,0,0,0,0,0,0,0,0,0,0,0,0,0,0,0,0,0,0,0,0,0,0,0,0,0,4.64E-05,0,0,9.29E-06,0,0,0,0,0,0,0,0,0,9.29E-06,2.79E-05,0,0,0,0,0,0,0,0,0,0,0,0,0,0,0,0,0,0,0,0,0,0,0,0,0,0,0,0,0,0,0,0,0,0.279152042,0,0,0,0,0,0,0,0,0,0,0,0,0,0,0,0,0,0,0,0,0,0,0,0,0,0
F160QZL3.04,0,0,0,0,0,0,0,0,0,0,0,0,0,0,0,0,0,0,0,0,0,0,0.002328448,0,0,0,0.001552299,0,0,0,0,0,0,0,0.001232708,0,0,0,0.003241565,0,0,0,0,0,0,0,0.000433731,0,0,0,0,0,0,0,0,0,0,0,0.001765359,0,0,0,0,0,0,0,0,0,0,0,0,0,0,0,0,0.004938441,0,0,0,0,0,0.00604179,0,0,0,0,0,0,0.014762057,0,0,0,0,0,0,0,0,0,0,0,0,0,0,0,0,0,0,0,0,0,0,0,0,0,0,0,0,0,0,0,0,0,0,0,0,0,0,0,0,0.011703115,0,0,0,0,0,0,0.000935945,0,0,0,0,0.014899024,0,0,0,0.02176262,0,0,0,0.064039934,0,0,0,0,0,0,0,0.000745712,0,0,0,0.02341384,0,0,0,0,0,0,1.52E-05,0.004131854,0,0,0,0,0,0,0,0,0,0,0,0,0,0,0,0,0,0,0,0,0,0,0.001057694,0,0,0,0,0,0,0,0,0,0,0,0,0,0,0,0,0,0,0,0,0,0,0,0,0.000951163,0,0,0,0,0,0,0.025247683,0,0,0,0,0,0,0,0,0,0,0,0,0,0,0,0,0,0,5.33E-05,0,0,0,0,0,0,0,0.793863854,0,0,0,0,0,0,0,0,0,0,0,0,0,0.00088268,0,0,0,0,0,0,0,0,0,0,0,0
D160VM9R.04,0,0,0,0,0,0,0,0,0,0,0,0,0,0,0,0,0,0,0,0,0,0,0.003000659,0,0,0,0.061506788,0.000114375,0,0,0,0,0,0,0,0,0,0.000208566,0.001089926,0,0,0,0,0,0,0,0.002179851,0,0,0,0,0,0,0,0,0,0,0,0,0,0,0,0,0,0,0,0,0,0,0,0,0,0,0,0,0.018151971,0.0012043,0,0,0,0,0.019605205,0,0,0,0,0,0.00088136,0.000511323,0,0,0,0,0,0,0,0,0,0,0,0,0,0,0,0,0,0,0,0,0,0,0,0,0,0,0,0,0.002677718,0,0,0,0,0,0,0,0,0,0,0.000134559,0.000302757,0,0,0,0,0,0,0.002953564,0,0.000114375,0,0,0.031708761,0,0,0.03096196,0.014175761,0,0.000491139,0,0.514290136,0,0,0,0.000968823,0,0,0,0.000491139,0,0,0,0.023917812,0,0,0,0,0,0,0,0.019820499,0,0,0,0,0,0,0,0,0,0,0,0,0,0,0,0.000396948,0,0,0,0,0,0,0,0,0,0,0,0,0,0,0,0.000578602,0,0,0.000174926,0,0,0,0,0,0,0,0,0,0,0,0.000524779,0,0,0,0,0,0,0,0.027113581,0,4.71E-05,0,0,0,0,0,0,0,0,0,0,0,0.002711358,0,0,0,0,0,0,0,0,0,0,0,0.001809815,0.214412584,0,0,0,0.000766985,0,0,0,0,0,0,0,0,0,0,0,0,0,0,0,0,0,0,0,0,0,0
K160QDKD.04,0,0,0,0,0,0,0,0,0,0,0,0,0,0,0,0,0,0,0,0.000241353,0,0,0.001930824,0,0,0,0.078823435,0,0,0,0,0,0,0,0,0,0,0.000457952,7.43E-05,0,0,0,0,0,0,0,0.000538403,6.81E-05,0,0,0,0,0,0,0,0,0,0,0,0,0,0,0,0,0,0,0,0,0,0,0,0,0,0,0,0.000816887,0.000433198,0,0,0,0,0.000600288,0,0,0,0,0,0,0,0,0,0,0,0,0,0,0,0,0,0,0,0,0,0,0,0,0,0,0,0,0,0,0,0,0,0,0,0.000278484,0,0,0,0,0,0,0,0,0,0,0,0.009449901,0,0,9.28E-05,0,0,0.000346558,0.007469568,0,6.81E-05,0.001157257,0,0.005699645,0,0,0.00021041,0.004517634,0,0.00199271,0.000358935,0.222601786,0,0,0,0,0,0,0,0.001423364,0,0,0,0.010687609,0,0,0.001299593,0,0.000457952,0,0.000631231,0.001726603,0,0,0,0,0,0,0,0,0,0,0,0,0,0,0,0,0,0,0,0,0,0,0,0,0.000433198,0,0,0,0,0,0,0.005507801,0,0,0,0,0,0,0,0,0.001268651,4.95E-05,0,0,0,0,0,0.000699305,0.000191845,0,0,0,0,0,0.002890048,0,0,0,0,0,0,0,0,0,0,0,0,0,0,0,0,0,0,0,0,0,0,0,0,0,0,0.633817896,0,0,0,8.66E-05,0,0,0,0,0,0,0,0,0,0.00021041,0.000179468,0,0,0,0,0,0,0,0,0,0,0.00021041
G160VK98.04,0,0,0,0,0,0,0,0,0,0,0,0,0,0,0,0,0,0,0,0,0,0,0,0,0,0,0.228998715,0,0,0,0,0,0,0,0,0,0,0,0.005413405,0,0,0,0,0,0,0,0.001440978,0,0,0,0,0,0,0,0,0,0,0,0,0,0,0,0,0,0,0,0,0,0,0,0,0,0,0,0,0,0,0,0,0,0,0.001285197,0,0,0,0,0,0,0,0,0,0,0,0,0,0,0,0,0,0,0,0,0,0,0,0,0,0,0,0,0,0,0,0,0,0,0,0,0,0,0,0,0,0,0,0,0,0,0,7.79E-05,0,0,0.002881957,0,0,0,0.007672236,0,0,0,0,0.018537991,0,0,0.006075476,0.010709974,0,0,0,0.262102271,0,0,0,0,0,0,0,0,0,0,0,0.013436149,0,0,0,0,0,0,0,0,0,0,0,0,0,0,0,0,0,0,0,0,0,0,0,0,0,0,0,0,0,0,0,0,0,0.193402656,0,0,0,0,0,0,0,0,0,0,0,0,0,0,0,0,0,0,0,0,0,0.001908323,0,0,0,0,0,0,0.024886085,0,0,0,0,0,0,0,0,0,0,0,0,0,0,0,0,0,0,0,0,0,0,0,0,0,0,0.215757293,0,0,0,0,0,0,0,0,0,0,0,0,0,0,0,0,0,0,0,0,0,0,0,0,0,0.005413405
G160RJCL.04,0,0,0,0,0,0,0,0,0,0,0,0,0,0,0,0,0,0,0,0,0,0,0.002372003,0,0,0,0.00076775,0,0,0,0,0,0,0,0.000446899,0,0,0.001340698,0.000309392,0,0.000286474,0,0,0.000366687,0,0,0.001019847,0,0,0,0,0,0,0,0,0,0,0,0,0,0,0,0,0,0,0,0,0,0,0,0,0,0,0,0,0.003185589,0.004904432,0,0,0,0,0.013968465,0,0,0,0,0,0.00043544,0,0,0,0,0,0,0,0,0,0,0,0,0,0,0,0,0,0,0,0,0,0,0,0,0,0,0,0,0,0,0,0,0,0,0,0,0,0,0,0,0,0.001936563,0,0,0,0,0,0,0.003735619,0,0,0,0,0.011481872,0,0,0,0.052012192,0,5.73E-05,0,0.673683366,0,0,0,0,0,0,0,0.001592795,0,0,0,0.046947335,0,0,0,0,0.000412522,0,1.15E-05,0.000859422,0,0,0,0,0,0,0,0,0,0,0,0,0.000412522,0,0,0.000366687,0,0,0,0,0,0,0,0,0,0.000515653,0,0,0,0,0,0.00065316,0,0,0,0,0,0,0,0,0.000584407,0,0,0,0,0,0,0.00021772,0,0,0,0,0,0,0.032680937,0,0,0,0,0,0,0,0,0,0,0,0,0,0,0,0,0,0,0,0,0,0,0,0,0,0,0.142102489,0,0,0,0,0,0,0,0,0,0,0,0,0,0,0,0,0,0,0,0,0,0,0,0,0,0.00033231
F160RQXD.04,0,0,0,0,0,0,0,0,0,0,0,0,0,0,0,0,0,0,0,0,0,0,0.00144875,0,0,0,0.028181646,0,0,0,0,0,0,0,0.000543281,0,0,0,0.000569152,0,0,0,0,0,0,0,0.002293855,0,0,0,0,0,0,0,0,0,0,0,0,0,0,0,0,0,6.90E-05,0,0,0,0,0,0,0,0,0,0,0.001802315,0.002923371,0,0,0,0,0.001983408,0,0,0,0,0,0,0.000310447,0,0,0,0,0,0,0,0,0,0,0,0,0,0,0,0,0,0,0,0,0,0.000206964,0,0,0.000853728,0,0,0,0.005665649,0,0,0,0,0,0,0,0,0,0,0,0,0,0,2.59E-05,0,0,0,0.002354219,0,0,0,8.62E-06,0.006131319,0,0,0.000301823,0.009408254,0,0,0,0.495696866,0,0,0,0,0,0,0,0.000215588,0,0,0,0.01126231,0,0,0.000215588,0,0,0,0,0.000551905,0,0,0,0,0,0,0,0,0,0,0,0,0,0,0,0,0,0,0,0,0,0,0,0,0,0,0,0,0,0,0,0.00049154,0,0,0,0,0,0,0,0,0,0,0,0,0,0,0,0.000284576,0,0,0,0,0,0,0.017419499,0,0,0,0,0,0,0,0,0,0,0,0,0,0.000655387,0,0,0,0,0,0,0,0,0,0,0,0.204946448,0.203178627,0,0,0,0,0,0,0,0,0,0,0,0,0,0,0,0,0,0,0,0,0,0,0,0,0,0
K160R8J1.04,0,0,0,0,0,0,0,0,0,0,0,0,0,0,0,0,0,0,0,0,0,0,0.000451881,0,0,0,0.005054613,0,0,0,0,0,0,0,0,0,0,0,8.39E-05,0,0,0,0,0,0,5.16E-05,3.23E-05,0,0,0,0,0,0,0,0,0,0,0,0,0,0,0,0,0,0,0,0,0,0,0,0,0,0,0,0,0,0,0,0,0,0,0.000187208,0,0,0,0,0,0,0,0,0,0,0,0,0,0,0,0,0,0,0,0,0,0,0,0,0,0,0,0,0,0,0,0,0,0,0,0,0,0,0,0,0,0,0,0,0,0,0,0.000342139,0,0,8.39E-05,0,0,0,8.39E-05,0,0,0,0,0.000122653,0,0,0,0.000929584,0,0,0,0.841860976,0,0,0,0,0,0,0,0,0,0,0,0.000471247,0,0,0,0,0,0,0,0.000193663,0,0,0,0,0,0,0,0,0,0,0,0,0,0,0,0,0,0,0,0,0,0,0,0,0,0,0,0,0,0,0,0,0,0,0,0,0,0,0,0,0,0,0,0,0,0,0,6.46E-05,0,0,0,0,0,0,0,0,0,0,0,0,0,0,0,0,0,0,0,0,0,0,0,0,0,0,0,0,0,0,0,0,0.074295711,0.075690087,0,0,0,0,0,0,0,0,0,0,0,0,0,0,0,0,0,0,0,0,0,0,0,0,0,0
H160Q09G.04,0,0,0,0,0,3.31E-05,0,0,0,0,0,0,0,0,0,0,0,0,0,0,0,0,0.000145642,0,0,0,0.627235113,0,0,0,0,0,0,0,0,0,0,0,1.32E-05,0,0,0,0,0,0,0,7.94E-05,0,0,0,0,0,0,0,0,0,0,0,0.000112542,0,0,0,0,0,0,0,0,0,0,0,0,0,0,0,0,0,0.000417067,0,0,0,0,0,0,0,0,0,0,0,0,0,0,0,0,0,0,0,0,0,0,0,0,0,0,0,0,0,0,0,0,0,0,0,0,0,0,0,0,0,0,0,0,0,0,0,0,0,0,0,0,5.96E-05,0,0,0,0,0,0,4.63E-05,0,0,0,0,6.62E-06,0,0,0.008851081,0,0,0,0,0.359657079,0,0,0,0,0,0,0,6.62E-06,0,0,0,0.000470027,0,0,1.99E-05,0,0,0,0,0,0,0,0,0,0,0,0,0,0,0,0,0,0,0,0,1.32E-05,0,0,0,0,0,0,0,0,0,0,0,0,0,0,0,0,0,0,0,0,0,0,0,0,0,0,0,0,0,0,0,0,2.65E-05,0,0,0,0,0,0.000529608,0,0,0,0,0,0,0,0,0,0,0,0,0,0,0,0,0,0,0,0,0,0,0,0,0,0,0.002277316,0,0,0,0,0,0,0,0,0,0,0,0,0,0,0,0,0,0,0,0,0,0,0,0,0,0
A160RW0S.04,0,0,0,0,0,0,0,0,0,0,0,0,0,0,0,0,0,0,0,0,0,0,0.000311252,0,0,0,0.001298366,0,0,0,0,0,0,0,0.000186751,0,0,0.00057804,0.000951542,0,0,0,0,0,0,0,0,0,0,0,0,0,0,0,0,0,0,0,0.000755898,0,0,0,0,0,0,0,0,0,0,0,0,0,0,0,0,0.002534482,0.010378038,0,0,0,0,0.010742648,0,0,0,0,0,0,0.00064029,0,0,0,0,0,0,0,0,0,0,0,0,0,0,0,0,0,0,0,0,0,0,0,0,0,0,0,0,0.002907985,0,0,0,0,0,0,0,0,0,0,0,0.003859527,0,0.000480218,0.000106715,0,0,0,0.019217601,0,0,0,0,0.012645733,0,0,0,0.011071686,0,0,0,0.408042757,0,0,0,0.000346824,0,0,0,0.000560254,0,0,0,0.043548631,0,0,0.001529582,0,0,0,0,0.003361524,0,0,0,0,0,0,0,0,0,0,0,0,0,0,0,0,0,0,0,0,0,0,0,0,0,0,0,0,0.000471325,0,0,0,0,0,0,0,0.000293466,0,0,0.000177858,0,0,0,0,0,0,0.003103629,0,0.000275681,0,0,0,0,0,0.033855348,0,0,0,0,0,0,0,0,0,0,0,0,0,0,0,0,0,0,0,0,0,0,0,0,0,0.00085372,0.424672518,0,0,0,0.000240109,0,0,0,0,0,0,0,0,0,0,0,0,0,0,0,0,0,0,0,0,0,0
D160QPP4.04,0,0,0,0,0,0,0,0,0,0,0,0,0,0,0,0,0,0,0,0,0,0,0.004055807,0,0,0,0.002559756,0,5.49E-05,0,0,0,0,0,0,0,0,0,0.002964651,0,0,0,0,0,0,0,0.000617636,0,0,0,0,0,0,0,0,0,0,0,0.000459795,0,0,0,0,0,0,0,0,0,0,0,0,0,0,0,0,0.00878415,0.001585265,0,0,0,0,0.002628382,0,0,0,0,0,0,0.000905865,0,0,0,0,0,0,0,0,0,0,0,0,0,0,0,0,0,0,0,0,0,0,0,0,0,0,0,0,0.001303897,0,0,0,0,0,0,0,0,0,0,0,0.004591091,0,0,0,0,0,0,0.001695066,0,0,0,0,0.010856661,0,0,0.053034306,0.048800071,0,0.015084033,0,0.307452116,0,0,0,0.000555872,0,0,0,0.008523371,0,0.000569597,0,0.030518059,0,0,0.000597048,0,0.000981354,0,0.000638223,0.008139064,0,0,0,0,0,0,0,0,0,0,0,0,0,0,0,0,0,0,0,0,0,0,0,0,0,0,0,0,0,0,0,0,0,0,0,0,0,0,0,0,0,0,0,0,0,0,0,0.000748025,0.000473521,0,0,0,0,0,0.186567113,0,0,0,0,0,0,0,0,0,0,0,0,0,0.000542147,0,0,0,0,0,0,0,0,0,0,0,0.00144115,0.290281848,0,0,0,0.001900945,0,0,0,0,0,0,0,0,0,0,0,0,0,0,0,0,8.92E-05,0,0,0,0,0
D160RLKJ.04,0,0,0,0,0,0,0,0,0,0,0,0,0,0,0,0,0,0,0,0,0,0,0.044899156,0,0,0,0.001557664,0,0,0,0,0,0,0,0,0,0,0,0.001314911,0,0,0,0,0,0,0,0.006048591,0.00083952,0,0,0,0,0,0,0,0,0,0,0.001881334,0,0,0,0,0,0,0,0,0,0,0,0,0,0,0,0,0.012987276,0.050927518,0,0,0,0,0.096180689,0,0,0,0,0,0,0.000434932,0,0,0,0,0,0,0,0,0,0,0,0,0,0,0,0,0,0,0,0,0,0,0,0,0,0,0,0,0,0,0,0,0,0,0,0,0,0,0,0,0.002134202,0,0,1.01E-05,0,0,0,0.000465276,0,0,0,0,0.023000829,0,0,0.002963607,0.023850464,0,0,0,0.358819008,0,0,0.000445047,0,0,0,0,0.00271074,0.000222523,0.001972367,0,0.079380171,0,0.000900208,0.00049562,0,0.002741084,0,0.002033055,0.027208545,0,0,0,0,0,0,0,0,0,0,0,0,0,0,0,0,0,0,0,0,0,0,0,0,0,0.00049562,0,0,0,0,0,0,0,0,0,0,0,0,0,0,0,0,0,0,0,0,0,0.000222523,0,0,0,0,0,0,0.025600307,0,0,0,0,0,0,0,0,0,0,0,0,0,0.004612304,0,0,0,0,0,0,0,0,0,0,0,0,0.210921854,0,0,0,0.000182065,0,0,0,0,0,0,0,0,0,0.00897174,0.002306152,0.000262982,0,0,0,0,0,0,0,0,0,0
H160R67P.04,0,0,0,0,0,0,0,0,0,0,0,0,0,0,0,0,0,0,0,0.000189668,0,0,0.000765448,0,0,0,0.714460867,0,0,0,0,0,0,0,0,0,0,7.45E-05,0.000115156,0,0,0,0,0,0,0,0.000257407,0,0,0,0,0,0,0,1.35E-05,0,0,0,1.35E-05,0,0,0,0,0,0,0,0,0,0,0,0,0,0,0,0,0.000216764,0.001822172,0,0,0,0,9.48E-05,0,0,0,0,0,0.00033192,0.002702776,0,2.03E-05,0,0,0,6.77E-05,0,0,0,0,0,0,0,0,0,0,0,0,0,0,0,0,0,0,0,0,0,0,4.06E-05,0,0,0,0,2.71E-05,0,0,0,0,0,0,0.000169347,0,0,0,0,0,0,0.000806091,0,0,0,0,0.001151559,0,6.77E-06,0.222738542,0.001043177,0,0,5.42E-05,0.045249482,0,0,0,0,0,0,0,0.000311598,0,5.42E-05,0,0.002438595,0,1.35E-05,0.000162573,0,0.000176121,0,0,0.000690935,0,0,0,0,0,0,0,0,0,0,0,0,0,0,0,2.03E-05,0,0,0,4.74E-05,0,8.81E-05,0,0,0,2.03E-05,0,0,0,0,0,2.71E-05,0,7.45E-05,0,0,0,0,0,0,0,0,0,0,0,2.71E-05,0,0.000149025,0,0,0,0,0,0,0.002079579,0,2.03E-05,0,0,0,0,0,0,0,0,0,0,0,0.000392885,0,0,0,0,0,0,0,0,0,0,0,0.000196442,4.74E-05,0,0,2.71E-05,0,0,2.71E-05,0,0,0,0,0,0,0,0.000386111,8.81E-05,0,0,0,0,0,0,0,0,0,0,0
J160R8Y6.04,0,0,0,0,0,8.78E-05,0,0,0,0,0,0,0,0,0,6.83E-05,0,0,0,0.000156002,0,0,0.020153467,0,0,0,0.655275294,3.90E-05,0,0,0,0,0,0,9.75E-05,0,0,0.000156002,0.001374765,0,0,3.90E-05,0,0.000165752,0,0,0.000458255,0,0,0,0,0,0,0,0,0,0,0,1.95E-05,0,0,0,0,0,0,0,9.75E-06,0,0,5.85E-05,0,0,0,0,0,0.000243753,0.000702008,0,0,0,0,0.000497255,9.75E-05,0,5.85E-05,0,0,5.85E-05,8.78E-05,0,0,0,0,0,0,4.88E-05,0,0,0,0,3.90E-05,0,0,0,0,0,0,0,0,0,0,0,0,0,0,0,0,0.000126751,0,0,0,0,0,0,0,0,0,0,0,0.002174273,0,3.90E-05,0,0,0,0,0.024531264,0,6.83E-05,0,0,0.004270546,0,0,0.193227577,0.010598364,0,1.95E-05,0,0.050954048,0,0,0,0,0.000107251,0,0,0.000243753,0,0,0,0.018076694,0,0,0.000360754,0,0,0,4.88E-05,0.001326014,0,0,0,0,0,0,0,0,0,5.85E-05,0,0,0,0,0,0,0,0,0,0,0,0,4.88E-05,0,0.000380254,0,0,2.93E-05,0,0,0,7.80E-05,0,0,0,0,0,0,0,0,0.000117001,0,6.83E-05,0,0,0,9.75E-06,0.000126751,5.85E-05,0,0,0,0,0,0.012343633,0,0,3.90E-05,0,5.85E-05,0,0,0,0,0,0,0,3.90E-05,0,0,0,0,0,0,0,0,0,0,0,0,0.000117001,0,0,0,0,2.93E-05,0,0,0,0,0,0,0,0,0,2.93E-05,0,1.95E-05,0,0,0,0,0,0,0,0.000185252,0,0
E160QTRS.04,0,0,0,0,0,0,0,0,0,0,0,0,0,0,0,1.86E-05,0,0,0,0.000130052,0,0,7.43E-05,0,0,3.72E-05,0.679328187,0,0,0,1.86E-05,0,0,0,0,0,0,3.72E-05,0.000139342,0,0,0,0,9.29E-06,0,0,0.000204368,0,0,0,0,0,0,0,0,0,0,0,0,0,0,0,0,0,0,0,0,0,0,0,0,0,0,0,0,0,3.72E-05,0,0,0,0,0.000325131,0,0,0,0,0,9.29E-06,1.86E-05,0,0,0,0,0,0,0,0,0,0,0,0,0,0,0,0,0,0,0,0,0,0,0,0,0,0,0,0,0,0,0,0,0,0,0,0,0,0,0,0,0.00557367,0,0,0,0,0,0,0.144200132,0,6.50E-05,0,9.29E-06,0.000566656,0,0,0.154381369,0.000436604,0,0,0,0.012429284,0,0,0,0,0,0,0,3.72E-05,0,0,0,0.000733867,0,0,3.72E-05,0,0,0,0,0,0,0,0,0,0,0,0,0,0,0,0,0,0,3.72E-05,0,0,0,0,0,0,0,0,0,0,0.000130052,0,0,2.79E-05,3.72E-05,0,0,8.36E-05,0,0,0,0,0,0,0,0,9.29E-06,0,0,0,0,0,0,0.000120763,0.000148631,5.57E-05,0,0,0,0,0.000260105,0,0,0,5.57E-05,0,0,0,0,0,0,0,0,0,0,0,0,0,0,0,0,0,4.64E-05,0,0,0,3.72E-05,0,9.29E-06,0,0,7.43E-05,0,0,0,0,0,0,0,0,0,0,0,0,0,0,0,0,0,0,0,9.29E-06,0,0
E160R1XF.04,0,0,0,0,0,0,0,0,0,0,0,0,0,0,0,0.000534634,0,0,0,0,0,0,0.00645738,0,0,0,0.202359074,0.000509573,0,0,0,0,0,0,0.000217195,0,0,0,0.001654025,0,0,0,0,0,0,0,0.001102683,0.000225549,0,0,0,0,0,0,0,0,0,0,0,0,0,0,0,0,0,0,0,0,0,0,0,0,0,0,0,0.000375915,0.013023357,0,0,0,0,0.010224881,0,0,0,0,0,0,0.002856952,0,0,0,0,0,8.35E-05,0,0,0,0,0,0,0,0,0,0,0,0,0,0,0,0,0,0,0,0,0,0,1.67E-05,0,0,0,0,0,0,0,0,0,0,0,0.007317807,0,0,8.35E-06,0,0,0,0.004627928,0,0,0,0,0.027141043,0,0,0.269622749,0.018185919,0,0,0,0.375430214,0,0,0,0,0,0,0,0.003984696,0,0,0,0.029070739,0,0,0.000292378,0,0,0,5.85E-05,0.003917867,0,0,0,0,0,0,0,0,0,0,0,0,0,0,0,0,0,0,0,0,0,0,0.000726768,0,0.000392622,0,0,0,0,0,0,0,0,0,0,0,8.35E-06,0,0,7.52E-05,0.00015872,0,0,0,0,0,0,0,0,0,0,0,0,0,0.015888662,0,0,0,0,0,0,0,0,0,0,0,0,0,0.003274635,0,0,0,0,0,0,0,0,0,0,0,0.000175427,0,0,0,0,0,0,0,0,0,0,0,0,0,0,0,0,0,0,0,0,0,0,0,0,0,0,0
D160RNJS.04,0,0,0,0,0,0,0,0,0,0,0,0,0,0,0,0,0,0,0,1.00E-05,0,0,0.006005164,0,0,0,0.527283464,0,0,0,0,0,0,0,0,0,0,0,0.000830714,0,0,0,0,0,0,0,0.001241067,0,0,0,0,0,0,0,0,0,0,0,0.000700603,0,0,0,0,0,0,0,0,0,0,0.000490422,0,0,0,0,0,0.000650559,0.007716636,0,0,0,0,0.002211902,0,0,0,0,0,0,0.006475569,0,0,0,0,0,0,0,0,0,0,0,0,0,0,0,0,0,0,0,0,0,0,0,0,0,0,0,0,0,0,0,0,0,0,0,0,0.000160138,0,0,0,0.000250215,0,0,0.000830714,0,0,0,0.00201173,0,0,0,0,0.00682587,0,0,0,0.002321997,0,0,0,0.411233661,0,0,0,0,0,0,0,0,0,0,0,0.016884521,0,0,0,0,0.000410353,0,0,0.000310267,0,0,0,0,0,0,0,0,0,0,0,0,0,0,0,0,0,0,0,0,0,0,0,0,0,0,0,0,0,0,0,0,0,0,0,0,0,0,0,0,0,0,0,0,0,0,0,0,0,0,0,0,0,0,0.004373761,0,0,0,0,0,0,0,0,0,0,0,0,0,0.000770663,0,0,0,0,0,0,0,0,0,0,0,0,0,0,0,0,0,0,0,0,0,0,0,0,0,0,0,0,0,0,0,0,0,0,0,0,0,0,0
K160Q66S.04,0,0,0,0,0,0,0,0,0,0,0,0,0,0,0,0,0,0,0,2.06E-05,0,0,2.06E-05,0,0,0,0.697718631,0,0,0,3.08E-05,0,0,0,0,0,0,1.03E-05,0.000184976,0,0,0,0,0,0,0,6.17E-05,0,0,0,0,0,0,0,0,0,0,0,0,0,0,0,0,0,0,0,0,0,0,0,0,0,0,0,0,0.000256911,0,0,0,0,0,0,0,0,0,0,0,0,0.000339122,0,0,0,0,0,0,0,0,0,0,0,0,0,0,0,0,0,0,0,0,0,0,0,0,1.03E-05,0,0,0,4.11E-05,0,0,0,0,0,0,0,0,0,0,0,0.011560991,0,0,1.03E-05,0,0,0,0.263744733,0,0,0,1.03E-05,4.11E-05,0,0,0.02200185,1.03E-05,0,0,0,0.003185695,0,0,1.03E-05,0,0,0,0,0.000339122,0,0,0,3.08E-05,0,0,0,0,0,0,0,0,0,0,0,0,0,0,0,0,0,0,0,0,0,0,0,0,0,0,0,0,0,0,0,0,0,0,0,0,0,0,0,0.000236358,0,0,0,0,0,0,0,1.03E-05,0,0,0,0,0,0,0,2.06E-05,0,0,0,0,0,0,0,0,0,0,0,0,0,0,0,0,0,0,0,0,0,0,0,0,0,0,0,0,0,0,0,0,0,0,0,0,0,0,0,0,0,0,0,0,0,0,0,0,0,0,0,0,0,0,0,0,0,9.25E-05,0,0
H160Q5D8.04,0,0,0,0,0,0,0,0,0,0,0,0,0,0,0,0,0,0,0,0,0,0,0.002545661,0,0,0.000789266,0.001122759,0,0.003579488,0,0,0,0,0,0,0,0,0.000700335,0.003179297,0,0,0,0,0,0,8.89E-05,0.003245995,0,0,0,0,0.004735596,0,0,0,0,0,0,0.001222806,0,0,0,0,0,0,0,0,0,0,0,0,0,0,0,0,0.00562491,0.001589648,0,0,0,0,0.003457207,0,0,0,0,0,0,0.001467368,0,0.005346999,0,0,0,0,0,0,0,0,0,0,0,0,0,0,0,0,0,0,0,0,0,0,0,0,0,0,0,0,0,0,0,0,0,0,0,0,0,0,0.453994686,0,0,0,0,0,0,0.152139355,0,0,0,0,0.010994142,0,0,0,0.003590604,0,0.000666985,0,0.312449281,0,0,0,0,0,0,0,0.00652534,0,0,0,0.008592994,0,0,0.003023667,0,0,0,0,0,0,0,0,0,0,0,0,0,0,0,0,0,0,0,0,0,0,0,0,0,0,0,0,0,0,0,0,0,0,0,0,0,0,0,0,0,0,0,0,0,0,0,0,0,0,0.001611881,0,0.004146426,0,0,0,0,0,0,0.002501195,0,0,0,0,0,0,0,0,0,0,0,0,0,0,0,0,0,0,0,0,0,0,0,0,0,0,0.000111164,0,0,0,0,0,0,0,0,0,0,0,0,0,0,0.000956012,0,0,0,0,0,0,0,0,0,0,0
H160PZSB.04,0,0,0,0,0,0,0,0,0,0,0,0.003297035,0,0,0,0,0,0,0,0,0,0,0.003900717,0,0,0,0.046297801,0.004202559,0,0,0,0,0,0,0,0,0,0,0.004643711,0,0,0,0,0,0,0,0.019758991,0,0,0,0,0,0,0,0,0,0,0,0,0,0,0,0,0,0,0,0,0,0,0,0,0,0,0,0,0.004736585,0,0,0,0,0,0.011864682,0,0,0,0,0,0,0.018040818,0,0,0,0,0,0,0,0,0,0,0,0,0,0,0,0,0,0,0,0,0,0,0,0,0,0,0,0,0.186003854,0,0,0,0,0,0,0,0,0,0,0,4.64E-05,0,0,0.003645313,0,0,0,0.019875084,0,0,0,0,0.093547563,0,0,0,0,0,0,0,0.414497667,0,0,0,0,0,0,0,0,0,0,0,0,0,0,0.005874295,0,0,0,0,0,0,0,0,0,0,0,0,0,0,0,0,0,0,0,0,0,0,0,0,0,0,0,0,0,0,0,0,0,0,0,0,0,0,0,0,0,0.094847802,0,0,0,0,0,0,0,0,0,0.004457963,0.005108082,0,0,0,0,0,0,0.038310618,0,0,0,0,0,0,0,0,0,0,0,0,0,0,0,0,0,0,0,0,0,0,0,0,0,0.01704242,0,0,0,0,0,0,0,0,0,0,0,0,0,0,0,0,0,0,0,0,0,0,0,0,0,0,0
B160SHWG.04,0,0,0,0,0,0,0,0,0,0,0,0,0,0,0,0,0,0,0,9.49E-06,0,0,0.000522183,0,0.000161402,0,0.594197119,0,0,0,0,0,0.000104437,0,0,0,0,0,9.49E-05,0,0,0,0,0,0,0,0.000503195,0.000132919,0,0,0,0,0,0,0,0,0,0,0.000408252,0,0,0,0,0,0,0,0,0,0,0,0,0,0,0,0.00024685,0.000151908,0.003266019,0,0,0,0,4.75E-05,0,0,0,0,0,0,0.000788022,0,0,0,0,0,0,0,0,0,0,0,0,0,0,0,0,0,0,0,0,0,0,0,0,0,0,0,0,0.001889354,0,0,0,0,0,0,0,0.000142414,0,0,0,0.05991816,0,0,0,4.75E-05,0,0,0.028121944,0,0,0,0,7.60E-05,0,0,0.046388865,0.000550666,0.000731057,0.000645608,0.00501296,0.073637339,0,0,6.65E-05,0,0,0,0,0.000370275,0,0,0.001557056,0.003152088,0,9.49E-05,0.000645608,0,9.49E-05,0,0,0.000218368,0,0,0,0,0,0,0,0,0,0,0,0,0,0,0,0.000142414,0,0,0,0,0,0,0,0.000218368,0,0,0,0,0,0,0,0.000132919,0,0.00037977,0,0,7.60E-05,0,0,0,0,0,0,0,0,0.000132919,0,0.000408252,0,0,0,0,0,0,0.113142879,0,0,0,0,0,0,0,0,0,0,0,0,0,0,0,0,0,0,0,0,0,0,0,0,0,0,0.061370779,0,0,0,0,0,0,0,0,0,0,0,0,0,0,0,0,0,0,0,0,0,0,0,0,0,0
G160SLSL.04,0,0,0,0,0,0,0,0,0,0,0,0,0,0,0,0,0,0,0,0.000924176,0,0,0.000165524,0,0,0,0.497055051,0,0,0,0,0,0,0.000165524,0,0,0,0,0.000731065,0,0,0,0,0,0,0,0.000772446,0,0,0,0,0,0,0,0,0,0,0,0,0,0,0,0,0,0,0,0,0,0,0,0,0,0,0,0,2.76E-05,0.000206905,0,0,0,0,0,0,0,0,0,0,0,0.002000083,0,0.000910382,0,0,0,0,0,0,0,0,0,0,0,0,0,0,0,0,0,0,0,0,0,0,0,0,0,0,0,0,0,0,0,0,0,0,0,0,0,0,0.004813992,0,0,0,0,0,0,0.003062196,0,0,0,0,2.76E-05,0,0,0.042387961,0.002193194,0,0,0,0.029242589,0,0,0,0,0,0,0,0,0,0,0,0.000951764,0,0,0.000662096,0,0,0,0,0,0,0,0,0,0,0,0,0,0,0,0,0,0,0,0,0.003531181,0,0,0,0,0,0,0,0,0,0.000234492,0,0,0,0,0,0,0,0,0,0,0,0,0,0,0.000248286,0,0,0,0,0,0,0.000372429,4.14E-05,0,0,0,0,0,0.369173897,0,0,0,0,0,0,0,0,0,0,0,0,0,0,0,0,0,0,9.66E-05,0,0,0,0,0,0,0,0.039008511,0,0,0,0,0,0,0,0,0,0,0,0,0,0,0,0,0,0,0,0,0,0,0,0.000993145,0,0
A160RK60.04,0,0,0,0,0,0,0,0,0,0,0,0,0,0,0,0,0,0,0,0,0,0,0.00451172,0,0,0,0.01811807,0,0,0,0,0,0,0,0.000195775,0,0,0,0.003337071,0,0,0,0,0,0,0,0.005099044,0,0,0,0,0,0,0,0,0,0.000293662,0,0.001361525,0,0,0,0,0,0,0,0,0,0,0,0,0,0,0,0,0,0.008115756,0,0,0,0,0,0,0,0,0,0,0,0.008516205,0,0,0,0,0,0,0,0,0,0,0,0,0,0,0,0,0,0,0,0,0,0,0,0,0,0,0,0,0,0,0,0,0,0,0,0,0,0,0,0,0.040427501,0,0,0,0,0,0,0.233950914,0,0,0,4.45E-05,0.016204816,0,0,4.45E-05,0.001957748,0.006976703,0,0,0.592174346,0,0,0,0,0.00108566,0,0,0,0,0,0,0.016818837,0,0.000240269,0.003559542,0,0,0,0,0,0,0,0,0,0,0,0,0,0,0,0,0,0,0,0,8.90E-06,0,0,0,0,0,0,0,0,0,0,0,0,0,0,0,0,0,0,0,0,0,0,0,0,0,0,0,0,0,0,0,0,0,0,0,0,0,0,0.003337071,0,0,0,0,0,0,0,0,0,0,0,0,0,0,0,0,0,0,0.002981117,0,0,0,0,0,0,0,8.01E-05,0.000302561,0,0,0.030256109,0,0,0,0,0,0,0,0,0,0,0,0,0,0,0,0,0,0,0,0,0,0
B160R5Q9.04,0,0,0,0,0,0,0,0,0,0,0,0,0,0,0,0,0,0,0,0,0,0,7.83E-06,0,0,0,0.006861601,0,0,0,0,0,0,0,0,0,0,0,0.000642296,0,0,0,0,0,0,0,0.000203655,0,0,0,0,0,0,0,0,0,0,0,0,0,0,0,0,0,0,0,0,0,0,0,0,0,0,0,0,0,0,0,0,0,0,0,0,0,0,0,0,0,0,0,0,0,0,0,0,0,0,0,0,0,0,0,0,0,0,0,0,0,0,0,0,0,0,0,0,0,0,0,0,0,0,0,0,0,0,0,0,0,0,0.013386388,0,0,0,0,0,0,0.894592965,0,0,0,0.000391644,0,0,0,0,0,0.000422975,0,0,0.083388816,0,0,0,0,0,0,0,0,0,0,0,0,0,0,0,0,0,0,0,0,0,0,0,0,0,0,0,0,0,0,0,0,0,0,0,0,0,0,0,0,0,0,0,0,0,0,0,0,0,0,0,0,0,0,0,0,0,0,0,0,0,0,0,0,0,0,0,1.57E-05,0,0,0,0,0,0,0,0,0,0,0,0,0,0,0,0,0,0,0,0,0,0,0,0,0,0,0,0,0,0,0,0,0,0,8.62E-05,0,0,0,0,0,0,0,0,0,0,0,0,0,0,0,0,0,0,0,0,0,0,0,0,0
H160R79G.04,0,0,0,0,0,0,0,0,0,0,0,0,0,0,0,0,0,0,0,0,0,0,0.010092842,0,0,0,0.000603933,0,0.002200772,0,0,0,0,0,0.002528329,0,0,0,0.005404686,0.001955104,0,0,0,0,0,0,0.004473197,0,0,0,0,0,0,0,0,0,0,0,0.000644877,0,0,0,0,0,0,0,0,0,0,0,0,0,0,0,0,0.010932206,0.021536855,0,0,0,0,0.010420399,0,0,0,0,0,0,0,0,0,0,0,0,0,0,0,0,0,0,0,0,0,0,0,0,0,0,0,0,0,0,0,0,0,0,0,0,0,0,0,0,0,0,0,0,0,0,0,0.031803712,0,0,0,0,0,0,0.004217293,0,0,0,0,0.014975484,0,0,0.000153542,0.030432068,0,0.00183227,0,0.53154269,0,0,0,0,0,0,0,0.006325939,0,0,0,0.065859376,0,0.005066893,0,0,0,0,0,0.005517284,0,0,0,0,0,0,0,0,0,0,0,0,0,0,0,0,0,0,0,0,0,0,0,0,0,0,0,0,0,0,0,0,0,0,0,0,0,0,0,0,0,0,0,0,0,0,0,0,0,0,0,0,0,0,0.114204702,0,0,0,0,0,0,0,0,0,0,0,0,0,0,0,0,0,0,0,0,0,0,0,0,0,0,0.115105484,0,0,0,0.002170063,0,0,0,0,0,0,0,0,0,0,0,0,0,0,0,0,0,0,0,0,0,0
C160VQW6.04,0,0,0,0,0,0,0,0,0,0,0,0,0,0,0,0,0,0,0,1.65E-05,0,0,0.000461213,0,0,0,0.82446734,0,0,0,0,0,0,0,0,0,0,0,8.24E-06,0,0,0,0,0,0,0,0.000461213,0,0,0,0,0,0,0,0,0,0,0,0,0,0,0,0,0,0,0,0,0,0,0,0,0,0,0,0,0.001820143,0.002627266,0,0,0,0,0.008054753,0,0,0,0,0,0.00060946,0,0,0,0,0,0,0,0,0,0,0,0,0,0,0,0,0,0,0,0,0,0,0,0,0,0,0,0,0,0.000205899,0,0,0,0,0,0,0,0,0,0,0,0.004521533,0,0,0,0,0,0,0.000321202,0,0,0,0,0.003401445,0,0,0.043996409,0.004595656,0,0,8.24E-06,0.098740724,0,0,0,0.000387089,0,0,0,0,0,0,0,0.001713076,0,0,0,0,0,0,8.24E-06,0.001210684,0,0,0,0,0,0,0,0,0,0,0,0,0,0,0,0,0,0,0,0,0,0,0,0,0,0,0,0,0,0,0,0,0,0,0,0,0,0,0,0,0,0,0,0,0,0,1.65E-05,0.000296494,0,0,0,0,0,0,0.001235391,0,0,0,0,0,0,0,0,0,0,0,0,0,0,0,0,0,0,1.65E-05,0,0,0,0,0,0,0,0.000798887,0,0,0,0,0,0,0,0,0,0,0,0,0,0,0,0,0,0,0,0,0,0,0,0,0,0
D160RH93.04,0,0,0,0,0,0,0,0,0,0,0,0,0,0,0,0,0,0,0,0,0,0,0.005485609,0,0,0,0.007203992,0,0,0,0,0,0,0,0,0,0.005667361,0,0.000991375,0,0,0,0.002214071,0.004312481,0,0,0.009731998,0,0,0,0,0,0,0,0,0,0,0,0,0,0,0,0,0,0,0,0,0,0,0,0,0,0,0,0,1.65E-05,0.032087505,0,0,0,0,0.013102673,0,0,0,0,0,0,0,0,0,0,0,0,0,0,0,0,0,0,0,0,0,0,0,0,0,0,0,0,0,0,0,0,0,0,0,0,0,0,0,0,0,0,0,0,0,0,0,0.016671624,0,0,0.005981296,0,0,0,0.437312052,0,0,0,0.00011566,0.008030138,0,0,9.91E-05,0.005849113,0,1.65E-05,0,0.348137867,0,0,0,0,0,0,0,0,0,0,0,0.046627673,0,0.00503949,0,0,0,0,0,3.30E-05,0,0,0,0,0,0,0,0,0,0,0,0,0,0,0,0,0,0,0,0,0,0,0,0,0.003651565,0,0,0,0.010574667,0,0,0,0.00226364,0,0,0,0,0,0,0,0,0,0,0,0,0,0,0.007468359,0,0,0,0,0,0,1.65E-05,0,0,0,0,0,0,0,0,0,0,0,0,0,0,0,0,0,0,0,0,0,0,0,0,0,0,0.013201811,0,0.003502858,0,0.004593371,0,0,0,0,0,0,0,0,0,0,0,0,0,0,0,0,0,0,0,0,0,0
C160QXHY.04,0,0,0,0,0,0,0,0,0,0,0,0,0,0,0,0,0,0,0,0,0,0,7.06E-06,0,0,0,0.924414338,0,0,0,0,0,0,0,0,0,0,0,0.036713237,0,0,0,0,0,0,0,0,0,0,0,0,0,0,0,0,0,0,0,0,0,0,0,0,0,0,0,0,0,0,0,0,0,0,0,0,0,0,0,0,0,0,0,0,0,0,0,0,0,0,0,0,0,0,0,0,0,0,0,0,0,0,0,0,0,0,0,0,0,0,0,0,0,0,0,0,0,0,0,0,0,0,0,0,0,0,0,0,0,0,0.000112899,0,0,0.001072537,0,0,0,0.024301439,0.000719729,0,0,0,0,0,7.06E-06,1.41E-05,0,0,0,7.06E-06,0.009779848,0,0,0,0,0,0,0,0,0,0,0,7.06E-06,0,0,0,0,0,0,0,0,0,0,0,0,0,0,0,0,0,0,0,0,0,0,0,0,0,0,0,0,0,0,0,0,0,0,0,0,0,0,0,0,0,0,0,0,0,0,0,0,0,0,0,0,0,0,2.12E-05,0.002766017,0,0,0,0,0,0,0,0,0,0,0,0,0,0,0,0,0,0,0,0,0,0,0,0,0,0,0,0,0,0,0,0,0,7.06E-06,0,0,0,0,0,0,0,0,0,0,0,0,0,0,0,0,0,0,0,0,0,0,0,0,0,4.94E-05
K160QT12.04,0,0,0,0,0,0,0,0,0,0.001177163,0,0,0,0,0,0,0,0,0,0,0,0,0.00013849,0,0,0,0.084253713,0,0,0,0,0,0,0,0,0,0,0,0.000233701,0,0.000190423,0,0,0,0,0,0.000467403,0,0,0,0,0,0,0,0,0,0,0,0.00063186,0,0,0,0,0,0,0,0,0,0,0,0,0,0,0,0,0,0.000779005,0,0,0,0,0,0,0,0,0,0,0,0.003713257,0,0,0,0,0,0,0,0,0,0,0,0,0,0,0,0,0,0,0,0,0,0,0,0,0,0,0,0,0,0,0,0,0,0,0,0,0,0,0,0,0.470692103,0,0,3.46E-05,0,0,0.00013849,0.161340581,0,0,0,2.60E-05,0.003496867,0,0,0,0,0,0.005236644,0,0.25765156,0,0,0,0,0,0,0,0,0,0,0,0.003358377,0,0,0.004137382,0,0,0,0,0,0,0,0,0,0,0,0,0,0,0,0,0,0,0,0,0,0,0.000372191,0,0,0,0,0,0,0,0,0,0,0,0,0,0,0,0,0,0,0,0,0,0.000233701,0.000458747,0,0,0,0,0,0.000389502,0,0,0,0,0,0,0,0,0,0,0,0,0,0,0,0,0,0,0,0,0,0,0,0,0,0,0,0,0,0,0,0,0,0,0.000103867,0,0,0,0,0,0,0,0,0,0,0,0,0,0,0,0,0,0,0,0,0,0,0,0,0,0.000744383
E160S20Z.04,0,0,0,0,0,0,0,0,0,0,0,0,0,0,0,0,0,0,0,0.000457634,0,0,0.007021239,0,0.002037413,0,0.008682515,0.001379172,0,0,0,0,0,0,0,0,0,0.000639434,0.003460468,0,0,0,0,0,0,0,0.004494847,0,0,0,0,0,0,0,0,0,0.000344793,0,0.004808295,0,0,0,0,0,0,0,0,0,0,0,0,0,0,0,0,0.001065724,0.006438226,0,0,0,0,0.000902731,0,0,0,0,0,0,0.002049951,0,0,0,0,0,0,0,0,0,0,0,0,0,0,0,0,0,0,0,0,0,0,0,0,0,0,0,0,0,0,0,0,0,0,0,0,0,0,0,0,0.051449384,0,0,0,0,0,0,0.022612152,0,0,0,0,0.002432358,0,0,0.001824268,0.005052785,0.014964016,0.026273227,0,0.480954889,0,0,0,0,0,0,0,0.001197372,0,0,0.002469972,0.024900323,0,0,0.00616866,0,0,0,0,0.00151082,0,0,0,0,0,0,0,0,0,0,0,0,0,0,0,0.001021841,0,0,0,0,0,0,0,0,0,0,0,0,0,0,0,0,0,0,0,0,0,0,0,0,0,0,0,0,0,0,0,0.003491813,0,0,0,0,0,0,0.305574362,0,0,0,0,0,0,0,0,0,0,0,0,0,0,0,0,0,0,0.001046917,0,0,0,0,0,0,0,0,0.001655006,0,0,0.000683317,0,0,0,0,0.000934076,0,0,0,0,0,0,0,0,0,0,0,0,0,0,0,0,0
G160R20R.04,0,0,8.31E-05,0,0,0,0,0,0,0,0,0,0,0,0,0,0,0,0,0,0,0,9.35E-05,0,0,0,0.024607235,0.00047781,0,0,0,0,0,0,0.000368745,0,0,0,9.35E-05,0,0,0,0,0.000270067,0,0,0.000784232,0,0,0,0,0,0,0,0,0,0,0,0,0,0,0,0,0,0,0,0,0,0,0,0,0,0,0,0,0,0,0,0,0,0,0,0,0,0,0,0,0,0,0,0,0,0,0,0,0,0,0,0,0,0,0,0,0,0,0,0,0,0,0,0,0,0,0,0,0,0,0,0,0,0,0,0,0,0,0,0,0,0,0.002804539,0,0,0,0,0,0,0.275255135,0,0,0,3.64E-05,0.000197356,0,0,5.19E-06,0,0,0,0,0.692362824,0,0,0,0,0,0,0,0,0,0,0,0,0,0,0,0,0,0,0,0,0,0,0,0,0,0,0,0,0,0,0,0,0,0,0,0,0,0,0,0,0,0,0,0,0,0,0,0,0,0,0,0.000311615,0,0,0,0,0,0,0,0,0,0,0,0,0,0,0,0,0,0,0,0,0,0,0.000166195,0,0.000431068,0,0,0,0,0,0,0,0,0,0,0,0,0,0,0,0,0,0,0,0,0,0,0,0,0,0.00073749,0,0,0.000301228,0,0,0,0,0,0,0,0,0,0,0,0,0,0,0,0,0,0,0,0,0,0.000612844
K160SNDJ.04,0,0,0,0,0,0,0,0,0,0,0,0,0,0,0,0,0,0,0,0,0,0,0.017625686,0,0,0,0.013974776,0,0,0,0,0,0,0,0,0,0,0,0,0.002812424,0,0,0,0,0.003878,0.008227649,0,0,0,0,0,0,0,0,0,0,0,0,0,0,0,0,0,0,0,0,0,0,0,0,0,0,0,0,0,0,0.014743388,0,0,0,0,0,0,0,0,0,0,0,0.015599343,0,0,0,0,0,0,0,0,0,0,0,0,0,0,0,0,0,0,0,0,0,0,0,0,0,0,0,0,0,0,0,0,0,0,0,0,0,0,0,0,0.163609685,0,0,0.035845299,0,0,0.017223911,0.041417741,0.010743109,0,0,0,0.024438389,0,0,0,0.036159732,0,0.00365091,0,0.365754813,0,0,0,0,0,0,0,0,0,0,0,0.031548056,0,0,0,0,0,0,0,0,0,0,0,0,0,0,0,0,0,0,0,0,0,0,0,0,0,0,0,0,0,0,0,0,0,0,0,0,0,0,0,0.005083325,0,0,0,0,0,0,0,0,0.019599623,0,0,0,0,0,0,0.012507424,0.126943367,0,0,0,0,0,0.012175523,0,0,0,0,0,0,0,0,0,0,0,0,0,0.005013451,0,0,0,0,0,0,0,0,0,0,0,0,0,0.011424379,0,0,0,0,0,0,0,0,0,0,0,0,0,0,0,0,0,0,0,0,0,0,0,0,0
F160SPXB.04,0,0,0,0,0,0,0,0,0,0,0,0,0,0,0,0,0,0,0,0,0,0,0.001258427,0,0,0,0.112404494,0,0,0,0,0,0,0,0,0,0,0,0.001033708,0,0,0,0,0,0,0,0.008292135,0,0,0,0,0,0,0,0,0,0,0,0,0,0,0,0,0,0,0,0,0,0,0,0,0,0,0,0,0.003573034,0,0,0,0,0,0.010786517,0,0,0,0,0,0,0.001033708,0,0,0,0,0,0,0,0,0,0,0,0,0,0,0,0,0,0,0,0,0,0,0,0,0,0,0,0,0,0,0,0,0,0,0,0,0,0,0,0,0.530764045,0,0,0,0,0,0.000382022,0.222,0,0,0,0,0.009460674,0,0,0,0.002157303,0,0,0,0.06941573,0,0,0,0,0,0,0,0.001191011,0,0,0,0.019370787,0,0,0,0,0,0,4.49E-05,0.001865169,0,0,0,0,0,0,0,0,0,0,0,0,0,0,0,0,0,0,0,0,0,0,0,0,0,0,0,0,0,0,0,0,0,0,0,0,0,0,0,0,0,0,0,0,0,0,0,0.000157303,2.25E-05,0,0,0,0,0,0.002134831,0,0,0,0,0,0,0,0,0,0,0,0,0,0,0,0,0,0,0,0,0,0,0,0,0,0.002651685,0,0,0,0,0,0,0,0,0,0,0,0,0,0,0,0,0,0,0,0,0,0,0,0,0,0,0
A160QRJP.04,0,0,0,0,0,0,0,0,0,0,0,0,0,0,0,0,0,0,0,0.000938621,0,0,0.001387875,0,0,0,0.003072579,0,0,0,0,0,0,0,0,0,0,0,0.000794217,0,5.62E-05,0,0,0,0,0,0,0,0,0,0,0,0,0,0,0,0,0,0,0,0,0,0,0,0,0,0,0,0,0,0,0,0,0,0.003754483,0.001668659,0,0,0,0,0,0.000649814,0,0,0,0,0,0,0.001869219,0,0,0,0,0,0,0,0,0,0,0,0,0,0,0,0,0,0,0,0,0,0,0,0,0,0,0,0,0,0,0,0,0,0,0,0,0,0,0,0,0.004083401,0,0,0,0,0,0,9.63E-05,0,0,0,0,0.036172995,0,0,0,0.003273139,0,0.001243472,0,0.883667199,0,0,0.002591235,0,0.003786572,0,0,0.033308999,0,0,0.002462876,0.008511765,0,0,0,0,0.003594035,0,0,0,0,0,0,0,0,0,0,0,0,0,0,0,0,0,0,0,0,0,0,0,0,0,0,0,0,0,0,0,0,0,0,0,0,0,0,0,0,0,0,0,0,0,0,0,0,0,0,0,0,0,0,0,0,0,0.00120336,0,0,0,0,0,0,0,0,0,0,0,0,0,0,0,0,0,0,0,0,0,0,0,0,0,0.00077015,0,0,0,0,0,0,0,0,0,0,0,0,0,0,0,0,0,0,0,0,0,0,0,0,0,0,0.001042912
B160RP60.04,0.000401324,0,0.000200662,0,0,0,0,0,0,0,0,0,0,0,0,0,0,0,0,0,0,0,0.002056787,0,0,0,0.23046052,0,0,0,0,0,0,0,0.000802649,0,0,0.001555132,0.001153808,0,0,0.001053476,0,0,0,0,0.004866058,0,0,0,0,0,0,0,0,0,0,0,0,0,0,0,0,0,0,0,0,0,0,0,0,0,0,0,0,0.000501655,5.02E-05,0,0,0,0,0.007825825,0,0,0,0,0,0,0.008929467,0,0,0,0,0,0,0,0,0,0,0,0,0,0,0,0,0,0,0,0,0,0,0,0,0,0,0,0,0,0,0,0,0,0,0,0,0,0,0,0,0.028443865,0,0,0,0,0,0.001003311,0.362747065,0,0,0,0,0.012591552,0,0,0.210895957,0.011337413,0,0,0,0.064864051,0,0,0,0,0,0,0,0,0,0,0,0.017708438,0,0,0.001755794,0,0,0,0,0.004113575,0,0,0,0,0,0,0,0,0,0,0,0,0,0,0,0,0,0,0.001304304,0,0.00732417,0,0,0,0,0,0,0.000551821,0,0,0,0,0,0,0,0,0,0,0,0.004464734,0.001454801,0,0,0,0,0,0,0,0.001705629,0,0,0,0,0,0.003963078,0,0,0,0,0,0,0,0,0,0,0,0,0.00045149,0,0,0,0,0,0,0,0,0,0.000601987,0,0,0.001605297,0,0,0,0.001254139,0,0,0,0,0,0,0,0,0,0,0,0,0,0,0,0,0,0,0,0,0,0,0
J160RNPG.04,0,0,0,0,0,0,0,0,0,0,0,0,0,0,0,0,0,0,0,0,0,0,0.001094578,0,0,0,0.011327847,0,0,0,0,0,0,0,0,0,0,0,0.000340765,0,0,0,0,0,0,0,0,0,0,0,0,0,0,0,0,0,0,0,0,0,0,0,0,0,0,0,0,0,0,0,0,0,0,0,0,0,0.0014973,0,0,0,0,4.13E-05,0,0,0,0,0,0,0.00029946,0,0,0,0,0,0,0,0,0,0,0,0,0,0,0,0,0,0,0,0,0,0,0,0,0,0,0,0,0,0,0,0,0,0,0,0,0,0,0,0,0.710277672,0,0,0,0,0,0,0.091428217,0,0,0,0,0.00029946,0,0,1.03E-05,0.00038207,0,0,0,0.074720418,0,0,0,0,0,0,0,0,0,0,0,0.000867401,0,0,0,0,0,0,0.000247829,0,0,0,0,0,0,0,0,0,0,0,0,0,0,0,0,0,0,0,0,0,0,0,0,0,0,0,0,0,0,0,0,0,0,0,0,0,0,0,0,0,0,0,0,0,0,0,0,9.29E-05,0,0,0,0,0,0,0.107072418,0,0,0,0,0,0,0,0,0,0,0,0,0,0,0,0,0,0,0,0,0,0,0,0,0,0,0,0,0,0,0,0,0,0,0,0,0,0,0,0,0,0,0,0,0,0,0,0,0,0,0,0,0
F160S164.04,0,0,0,0,0,0,0,0,0,0,0,0,0,0,0,0,0,0,0,0,0,0,0.000445999,0,0,0,0.686087882,0,0,0,0,0,0,0,0,0,0,0,0.000344635,0,0,0,0,0,0,0,0.001601541,0,0,0,0,0,0,0,0,0,0,0,0,0,0,0,0,0,0,0,0,0,0,0,0,0,0,0,0,6.08E-05,0.001114997,0,0,0,0,7.10E-05,0,0,0,0,0,5.07E-05,0,0,4.05E-05,0,0,0,0,0,0,0,0,0,0,0,0,0,0,0,0,0,0,0,0,0,0,0,0,0,0,0.001013633,0,0,0,0,0,0,0,0,0,0,0,0.001368405,0,0,0,0,0,0,0.001449496,0,0,0,0,0.000770361,0,0,0.000324363,0.000729816,9.12E-05,0,0,0.02922305,0,0,0,0.000121636,0,0,0,3.04E-05,0,0,0,0.001783995,0,0,3.04E-05,0,0,0,0,0,0,0,0,0,0,0,0,0,0,0,0,0,0,0,0,0,0,0,0,0,0,0,0,0,0,0,0,0,0,0,0,0,0,0,0,0,0,0,0,0,0.000162181,0,0,0,0,0,0,0.000172318,0,0,0,0,0,0,0.27276874,0,0,0,0,0,0,0,0,0,0,0,0,0,0,0,0,0,0,0,0,0,0,0,0,0,3.04E-05,3.04E-05,0,0,0,1.01E-05,0,0,0,0,0,0,0,0,0,0,7.10E-05,0,0,0,0,0,0,0,0,0,0,0
K160S171.04,0.001161539,0,0,0,0,0,0,0,0,0,0,0.000548142,0,0,0,0,0,0,0,0.00314529,0.001083233,0,0.002564521,0,0,0,0.358347744,0.000613397,0,0,0,0,0,0,0.000809162,0,0,0.001422559,0.004156742,0,0,0,0,0.005089889,0,0,0.001709681,0.000123984,0,0,0,0,0,0,0,0,0,0,0,0,0,0,0,0,0,0,0.000554667,0,0,0,0,0,0,0,0,0.011184704,0.001605273,0,0,0,0,0,0,0,0,0,0,0.000195765,0.00413064,0,7.18E-05,0,0,0,0.001448661,0,0,0,0,0,0,0,0,0,0,0,0,0,0,0,0,0,0,0,0,0,0,0,0,0,0,0,0,0,0,0,0,0,0,0.009148749,0,0,0,0,0,0,0.198929818,0,0,0,7.18E-05,0.007067115,0,0,0.285908186,0.008646285,0,0,0,0.04995269,0,0,0,0,0,0,0,0.000241443,0,0,0,0.005970831,0,0,0,0,0,0,1.96E-05,0.0078567,0.000228392,0,0,0,0,0,0,0,0.000430683,0,0,0,0,0,0,0.005031159,0,0,0,0,0,0,0.001076707,0,0,0,0,0,0,0,0,0.000848315,0,0,0,0,0,0,0,0,0,0,0,0,0,0,0,0.000802636,0.00189892,0,0,0,0,0,0.012457176,0,0,0,0,0,0,0,0.001102809,0,0,0,0,0,0,0,0.002342654,0,0,0,0,0,0,0,0,0,0,0,0,0,0,0,0,0,0,0,0,0,0,0,0,0,0,0,0,0,0,0,0,0,0,0,0,0
G160QYJ3.04,0,0,0,0,0,0,0,0,0,0,0,0,0,0,0,0,0,0,0,0,0,0,0,0,0,0,0.09748767,0,0,0,0,0,0.017493835,0.01325524,0,0,0,0,7.71E-05,0,0,0,0,0,0,0,0,0,0,0,0,0,0,0,0,0,0,0,0,0,0,0,0,0,0,0,0,0,0,0,0,0,0,0,0,0,0.0175709,0,0,0,0,0,0,0,0,0,0,0,0,0,0,0,0,0,0,0,0,0,0,0,0,0,0,0,0,0,0,0,0,0,0,0,0,0,0,0,0,0,0,0,0,0,0,0,0,0,0,0,0,0.040459309,0,0,0.013640567,0,0,0,0.17108508,0,0,0,0,0.000308261,0,0,0,0,0.035450062,0,0,0.484278668,0,0,0,0,0.007860666,0,0,0,0,0,0,0,0,0,0,0,0,0,0,0,0,0,0,0,0,0,0,0,0,0,0,0,0,0,0,0,0,0,0,0,0,0,0,0,0,0,0,0,0,0,0,0,0,0,0,0,0,0,0,0,0,0,0,0,0,0,0,0.053560419,0,0,0,0,0,0,0.014180025,0,0,0,0,0,0,0,0,0,0,0,0,0,0,0,0,0,0,0,0,0,0,0,0,0,0,0.013563502,0,0,0,0,0,0,0,0,0,0,0,0,0,0,0,0,0,0,0,0,0,0,0,0,0,0.01972873
G160Q145.04,0,0,0,0,0,0,0,0,0,0,0,0,0,0,0,0,0,0,0,0.002899809,0,0,0.012397736,0,0,0,0.175039224,0,0,0,0,0,0,0,0,0,0,0,0,0,0,0,0,0,0,0,0.031533677,0,0,0,0,0,0,0,0,0,0,0,0,0,0,0,0,0,0,0,0,0,0,0,0,0,0,0,0,0,0.030987336,0,0,0,0,0,0,0,0,0,0,0,0,0,0,0,0,0,0,0,0,0,0,0,0,0,0,0,0,0,0,0,0,0,0,0,0,0,0,0,0,0,0,0,0,0,0,0,0,0,0,0,0,0.013154208,0,0,0,0,0,0,0.091967388,0,0,0,0,0.026014233,0,0,0,0,0,0,0,0.53116945,0,0,0,0,0,0,0,0,0,0,0,0.029292278,0,0,0.026700661,0,0,0,0,0,0,0,0,0,0,0,0,0,0,0,0,0,0,0,0,0,0,0,0,0,0,0,0,0,0.008993612,0,0,0,0,0,0,0.004748963,0,0,0,0,0,0,0,0,0,0,0,0,0,0,0,0.015101423,0,0,0,0,0,0,0,0,0,0,0,0,0,0,0,0,0,0,0,0,0,0,0,0,0,0,0,0,0,0,0,0,0,0,0,0,0,0,0,0,0,0,0,0,0,0,0,0,0,0,0,0,0,0,0,0,0,0,0,0
G160PLGW.04,0,0,0,0,0,0,0,0,0,0,0,0,0,0,0,0,0,0,0,0,0,0,0,0,0,0,0.002410069,0,0,0,0,0,0,0,0,0,0,0,0.000892618,0,0,0,0,0,0,0,0.291172007,0,0,0,0,0,0,0,0,0,0,0,0,0,0,0,0,0,0,0,0,0,0,0,0,0,0,0,0,0,0,0,0,0,0,0,0,0,0,0,0,0.007319468,0,0,0,0,0,0,0,0,0,0,0,0,0,0,0,0,0,0,0,0,0,0,0,0,0,0,0,0,0,0.019994644,0,0,0,0,0,0,0,0,0,0,0,0.018923503,0,0,0,0,0,0,0.18843167,0,0,0,8.93E-05,0.306882085,0,0,0.000535571,8.93E-05,0,0,0,0.069177899,0,0,0,0,0,0,0,0,0,0,0,8.93E-05,0,0,0.033383915,0,0,0,0,0,0,0,0,0,0,0,0,0,0,0,0,0,0,0,0,0,0,0,0,0,0,0,0,0,0,0,0,0,0,0,0,0.031866464,0,0,0,0,0,0,0,0,0,0,0,0,0,0,0,0,0,0,0,0,0,0,8.93E-05,0,0,0,0,0,0,0,0,0,0,0,0,0,0,0,0,0,0,0,0,0,0,0,0,0,0,0,0,0,0,0,0,0,0,0,0,0,0,0,0,0,0,0,0,0,0,0,0,0,0,0,0,0.028653039
E160QHJV.04,0,0,0,0,0,0,0,0,0,0,0,0,0,5.47E-05,0,1.82E-05,0,0,0,3.65E-05,0,0,0.000492274,0,0,0,0.408177219,0,0,0,5.47E-05,0,0,0,1.82E-05,0,0,3.65E-05,0.000282602,0,0,0,0,4.56E-05,0,0,0.001221569,0,0,0,0,0,0,0,0,0,0,0,0,0,0,0,0,0,0,0,0,0,0,0,0,0,0,0,0,0.000109394,6.38E-05,0,0,0,0,0,0,0,0,0,0,0,0.000100278,0,4.56E-05,0,0,0,0,0,0,0,0,0,0,2.73E-05,0,0,0,0,0,0,0,0,0,0,0,0,0,0,0,5.47E-05,0,0,0,0,0,0,0,0,0,0,0,0.017001686,0,0,9.12E-06,0,0,6.38E-05,0.530024158,0,0,0,9.12E-05,0.000619901,0,0,0.027777018,0.000300834,0,0,0,0.011696066,0.000127627,0,0,0,0,0,0,2.73E-05,0,0,0,0.000811341,0,0,2.73E-05,0,9.12E-06,0,0,0,0,0,0,0,0,0,0,0,0,0,0,0,0,0,0,1.82E-05,0,0,0,0,0,0,4.56E-05,0,2.73E-05,0,0,0,0,0,0,0.000200556,0,0,0,0,0,0,0,3.65E-05,3.65E-05,0,0,0,0,0,0,0.000100278,3.65E-05,0,0,0,0,0,9.12E-06,0,0,0,0,0,0,0,0,0,0,0,0,0,0,0,0,0,0,0,0,0,0,0,0,0,0,0,0,0,0,1.82E-05,0,0,0,0,0,0,0,0,0,0,0,0,0,0,0,0,0,0,0,4.56E-05,0,0
B160Q1B6.04,0,0,0,0,0,0,0,0,0,0,0,0,0,0,0,0,0,0,0,0.001336399,0,0,7.93E-05,0,0,0,0.440422664,0,0,0,0,0,0,0,9.06E-05,0,0,0.000928684,5.66E-05,0,0,0,0,0,0,0,0.001200494,0,0,0,0,0,0,0,0,0,0,0,0,0,0,0,0,0,0,0,0,0,0,0,0,0,0,0,0,0,0.000158556,0,0,0,0,0,0,0,0,0,0,0,7.93E-05,0.000101929,0,0,0,0,0.00012458,0,0,0,0,0,0,0,0,0,0,0,0,0,0,0,0,0,0,5.66E-05,0,0,0,0,0,0,0,0,0,0,0,0,0,0,0,0.005413547,0,0,0,0,0.000135905,0,0.487287224,0,9.06E-05,0,9.06E-05,0.001189168,0,0,0.033149484,0,0,6.80E-05,0,0.025527481,0,0,0,0,0,0,0,2.27E-05,0,0,0,0.000645549,0,0,3.40E-05,0,0,0,0,0,0,0,0,0,0,0,0,0,0,0,0,0,0,0,0,0.000135905,0,9.06E-05,0,0,0,0,0,0,0,0,0,0,0.000339762,0,0,0,0,0,0,0,2.27E-05,0,0,0,0.000135905,0,0,0,0,2.27E-05,0,0.00041904,3.40E-05,0,0,0,0,0,4.53E-05,0,0,0,0,0,0,0,0,0,0,0,0,0,0,0,0,0,0,0.000135905,0,0,0,0,5.66E-05,0,0,0,0,0,0,0,0,0,0,0,0,0,0,0,0,0,0,0,0,0,0,0,0,0,0,0.00027181,0,0
F160RNGG.04,0,0,0,0,0,0,0,0,0,0,0,0,0,0,0,0,0,0,0,0,0,0,0,0,0,0,0.000821803,0,0,0,0,0,0,0,0,0,0,0.000355588,0,0,0,0,0,0,0,0,0.001169489,0,0,0,0,0,0,0,0,0,0,0,0,0,0,0,0,0,0,0,0,0,0,0,0,0,0,0,0,0,0,0,0,0,0,0,0,0,0,0,0,0,0,0,0.000529431,0,0,0,0,0,0,0,0,0,0,0,0,0,0,0,0,0,0,0,0,0,0,0,0,0,0,0,0,0,0,0,0,0,0,0,0,0,0,4.74E-05,0,0,0.001975488,0,0,0,0.006195131,0,0,0,0,0,0,0,0,0,0,0,0,0.402485954,0,0,0,0,0,0,0,0,0,0,0,0,0,0,0,0,0,0,0,0,0,0,0,0,0,0,0,0,0,0,0,0,0,0,0,0,0,0,0,0,0,0,0,0,0.000316078,0,0,0,0,0,0,0,0,0,0,0,0,0,0,0,0,0,0,0,0,0,0,0.002038704,0,0,0,0,0,0,0,0,0,0,0,0,0,0,0,0,0,0,0,0,0,0,0,0,0,0.584064922,0,0,0,0,0,0,0,0,0,0,0,0,0,0,0,0,0,0,0,0,0,0,0,0,0,0,0,0,0,0,0,0,0,0
C160RC50.04,0,0,0,0,0,0,0,0,0,0,0,0,0,0,0,0,0,0,0,0,0,0,0,0,0,0,2.69E-05,0,0,0,0,0,0,0,0,0,0,0,0,0,0,0,0,0,0,0,0,0,0,0,0,0,0,0,0,0,0,0,0,0,0,0,0,0,0,0,0,0,0,0,0,0,0,0,0,0,0,0,0,0,0,0,0,0,0,0,0,0,0,0,0,0,0,0,0,0,0,0,0,0,0,0,0,0,0,0,0,0,0,0,0,0,0,0,0,0,0,0,0,0,0,0,0,0,0,0,0,0,0,0.011902197,0,0,9.87E-05,0,0,0,0.98321485,0,0,0,0.00013464,0,0,0,8.98E-06,0,0.000161568,0,0,0.003366006,0,0,0,0,0,0,0,0,0,0,0,0,0,0,0,0,0,0,0,0,0,0,0,0,0,0,0,0,0,0,0,0,0,0,0,0,0,0,0,0,0,0,0,0,0,0,0,0,0,0,0,0,0,0,0,0,0,0,0,0,0,0,0,0,0,0,0,0.000475729,0,0,0,0,0,0,0.000107712,0,8.08E-05,0,0,0,0,0,0,0,0,0,0,0,0,0,0,0,0,0,0,0,0,0,0,0,0.000107712,0.000197472,0,0,0,0,0,0,0,0,0,0,0,0,0,0,0,0,0,0,0,0,0,0,0,0,0,0.000116688
K160QV53.04,0,0,0,0,0,0,0,0,0,0,0,0,0,0,0,0,0,0,0,0,0,0,0,0,0,0,4.35E-05,0,0,0,0,0,0,0,0,0,0,0,0.000487287,0,0,0,0,0,0,0,0,0,0,0,0,0,0,0,0,0,0,0,0,0,0,0,0,0,0,0,0,0,0,0,0,0,0,0,0,0,8.70E-06,0,0,0,0,0,0,0,0,0,0,0,0,0,0,0,0,0,0,0,0,0,0,0,0,0,0,0,0,0,0,0,0,0,0,0,0,0,0,0,0,0,0,0,0,0,0,0,0,0,0,0,0,0.017124658,0,0,0,0,0,0,0.574311272,0,0,0,0.000217539,0,0,0.002897618,0,0,0,0,0.012008145,0.378787351,0,0,0,0,0,0,0,0,0,0,0,0,0,0,0,0,0,0,0,0,0,0,0,0,0,0,0,0,0,0,0,0,0,0,0,0,0,0,0,0,0,0,0,0,0,0,0,0,0,0,0,0,0,0,0,0,0,0,0,0,0,0,0,0,0,0,0,8.70E-06,0,0,0,0,0,0,0,0,0,0,0,0,0,0,0,0,0,0,0,0,0,0,0,0,0,0.014105219,0,0,0,0,0,0,0,0,0,0,0,0,0,0,0,0,0,0,0,0,0,0,0,0,0,0,0,0,0,0,0,0,0,0
J160QS0R.04,0,0,0,0,0,0,0,0,0,0,0,0,0,0,0,0,0,0,0,0,0,0,0,0,0,0,0,0,0,0,0,0,0,0,0,0,0,0.000129999,0,0,0,0,0,0,0,0,7.00E-05,0,0,0,0,0,0,0,0,0,0,0,0,0,0,0,0,0,0,0,0,0,0,0,0,0,0,0,0,0,0,0,0,0,0,0,0,0,0,0,0,0,0,0,0,0,0,0,0,0,0,0,0,0,0,0,0,0,0,0,0,0,0,0,0,0,0,0,0,0,0,0,0,0,0,0,0,0,0,0,0,0,0,0.009379906,0,0,0,0,0,0,0.987850121,0,0,0,0.000169998,0,0,0,0,0,0,0,0,1.00E-04,0,0,0,0,0,0,0,0,0,0,0,0,0,0,0,0,0,0,0,0,0,0,0,0,0,0,0,0,0,0,0,0,0,0,0,0,0,0,0,0,0,0,0,0,0,0,0,0,0,0,0,0,0,0,0,0,0,0,0,0,0,0,0,0,0,0,0,0,0,0,0,0,0,0,0,0,1.00E-05,0,0,0,0,0,0,0,0,0,0,0,0,0,0,0,0,0.002289977,0,0,0,0,0,0,0,0,0,0,0,0,0,0,0,0,0,0,0,0,0,0,0,0,0,0,0,0,0,0,0,0,0,0