,Experiments,Time,k__Bacteria|p__Actinobacteria|c__Actinobacteria|o__Actinomycetales|f__Corynebacteriaceae,k__Bacteria|p__Firmicutes|c__Bacilli|o__Lactobacillales|f__Streptococcaceae,k__Bacteria|p__Firmicutes|c__Bacilli|o__Bacillales|f__Staphylococcaceae,k__Bacteria|p__Proteobacteria|c__Gammaproteobacteria|o__Pseudomonadales|f__Moraxellaceae,k__Bacteria|p__Proteobacteria|c__Betaproteobacteria|o__Burkholderiales|f__Comamonadaceae,k__Bacteria|p__Firmicutes|c__Bacilli|o__Lactobacillales|f__Aerococcaceae,k__Bacteria|p__Proteobacteria|c__Betaproteobacteria|o__Neisseriales|f__Neisseriaceae,k__Bacteria|p__Firmicutes|c__Bacilli|Other|Other,k__Bacteria|p__Proteobacteria|c__Gammaproteobacteria|o__Xanthomonadales|f__Xanthomonadaceae,k__Bacteria|p__Actinobacteria|c__Actinobacteria|o__Actinomycetales|f__Intrasporangiaceae,k__Bacteria|p__Bacteroidetes|c__Bacteroidia|o__Bacteroidales|f__Porphyromonadaceae,k__Bacteria|p__Tenericutes|c__Mollicutes|o__Mycoplasmatales|f__Mycoplasmataceae,k__Bacteria|p__Firmicutes|c__Clostridia|o__Clostridiales|f__[Tissierellaceae],k__Bacteria|p__Firmicutes|c__Clostridia|o__Clostridiales|f__Veillonellaceae,k__Bacteria|p__Fusobacteria|c__Fusobacteriia|o__Fusobacteriales|f__Leptotrichiaceae,k__Bacteria|p__Firmicutes|c__Bacilli|o__Lactobacillales|f__Enterococcaceae,k__Bacteria|p__Proteobacteria|c__Gammaproteobacteria|o__Pasteurellales|f__Pasteurellaceae,k__Bacteria|p__Fusobacteria|c__Fusobacteriia|o__Fusobacteriales|f__Fusobacteriaceae,k__Bacteria|p__Firmicutes|c__Bacilli|o__Lactobacillales|f__Carnobacteriaceae,k__Bacteria|p__Firmicutes|c__Bacilli|o__Gemellales|f__Gemellaceae,k__Bacteria|p__Bacteroidetes|c__Bacteroidia|o__Bacteroidales|f__[Paraprevotellaceae],k__Bacteria|p__Bacteroidetes|c__Bacteroidia|o__Bacteroidales|f__Prevotellaceae,k__Bacteria|p__Bacteroidetes|c__Flavobacteriia|o__Flavobacteriales|f__[Weeksellaceae],k__Bacteria|p__Actinobacteria|c__Actinobacteria|o__Actinomycetales|f__Microbacteriaceae,k__Bacteria|p__Proteobacteria|c__Gammaproteobacteria|o__Enterobacteriales|f__Enterobacteriaceae,k__Bacteria|p__Proteobacteria|c__Gammaproteobacteria|o__Pseudomonadales|f__Pseudomonadaceae,k__Bacteria|p__Actinobacteria|c__Actinobacteria|o__Actinomycetales|f__Dermabacteraceae,k__Bacteria|p__Actinobacteria|c__Actinobacteria|o__Actinomycetales|f__Micrococcaceae,k__Bacteria|p__Firmicutes|c__Clostridia|o__Clostridiales|f__Ruminococcaceae,k__Bacteria|p__Firmicutes|c__Clostridia|o__Clostridiales|f__Lachnospiraceae,k__Bacteria|p__Bacteroidetes|c__Bacteroidia|o__Bacteroidales|f__[Odoribacteraceae],k__Bacteria|p__Cyanobacteria|c__Chloroplast|o__Streptophyta|f__,k__Bacteria|p__Firmicutes|c__Erysipelotrichi|o__Erysipelotrichales|f__Erysipelotrichaceae,k__Bacteria|p__Actinobacteria|c__Actinobacteria|o__Actinomycetales|f__Propionibacteriaceae,k__Bacteria|p__Proteobacteria|c__Alphaproteobacteria|o__Rhodobacterales|f__Rhodobacteraceae,k__Bacteria|p__Proteobacteria|c__Alphaproteobacteria|o__Rickettsiales|f__mitochondria,k__Bacteria|p__Actinobacteria|c__Actinobacteria|o__Actinomycetales|f__Mycobacteriaceae,k__Bacteria|p__Firmicutes|c__Bacilli|o__Lactobacillales|f__Lactobacillaceae,k__Bacteria|p__Proteobacteria|c__Alphaproteobacteria|o__Sphingomonadales|f__Erythrobacteraceae,k__Bacteria|p__Proteobacteria|c__Alphaproteobacteria|o__Rhodospirillales|f__Rhodospirillaceae,k__Bacteria|p__Actinobacteria|c__Actinobacteria|o__Actinomycetales|f__Actinomycetaceae,k__Bacteria|p__Proteobacteria|c__Alphaproteobacteria|o__Rhizobiales|f__Methylobacteriaceae,k__Bacteria|p__Firmicutes|c__Bacilli|o__Lactobacillales|f__Leuconostocaceae,k__Bacteria|p__Proteobacteria|c__Alphaproteobacteria|o__Caulobacterales|f__Caulobacteraceae,k__Bacteria|p__Proteobacteria|c__Alphaproteobacteria|o__Sphingomonadales|f__Sphingomonadaceae,k__Bacteria|p__Proteobacteria|c__Alphaproteobacteria|o__Rhizobiales|f__Bartonellaceae,k__Bacteria|p__Proteobacteria|c__Alphaproteobacteria|o__Rhizobiales|Other,k__Bacteria|p__Proteobacteria|c__Alphaproteobacteria|o__Rhodospirillales|f__Acetobacteraceae,k__Bacteria|p__Proteobacteria|c__Alphaproteobacteria|o__Rhizobiales|f__Aurantimonadaceae,k__Bacteria|p__Proteobacteria|c__Alphaproteobacteria|o__Rhizobiales|f__Rhizobiaceae,k__Bacteria|p__Firmicutes|c__Clostridia|o__Clostridiales|f__Clostridiaceae,k__Bacteria|p__Bacteroidetes|c__Flavobacteriia|o__Flavobacteriales|f__Flavobacteriaceae,k__Bacteria|p__Actinobacteria|c__Actinobacteria|o__Actinomycetales|Other
0,PROP0510192,1,0.326422292,0.095413833,0.501119589,0.006137004,0.019198872,0.0,0.001243987,0.010408028,0.000829325,0.0,0.0,0.0,0.0,0.0,0.0,0.0,0.0,0.0,0.0,0.0,0.0,0.0,0.0,0.0,0.0,0.0,0.0,0.0,0.0,0.0,0.0,0.0,0.0,0.0,0.0,0.0,0.0,0.0,0.0,0.0,0.0,0.0,0.0,0.0,0.0,0.0,0.0,0.0,0.0,0.0,0.0,0.0,0.0
1,PROP0510192,2,0.126519556,0.098275634,0.679340645,0.0,0.000264271,0.0,0.000132135,0.09444371,6.61e-05,0.0,0.0,0.0,0.0,0.0,0.0,0.0,0.0,0.0,0.0,0.0,0.0,0.0,0.0,0.0,0.0,0.0,0.0,0.0,0.0,0.0,0.0,0.0,0.0,0.0,0.0,0.0,0.0,0.0,0.0,0.0,0.0,0.0,0.0,0.0,0.0,0.0,0.0,0.0,0.0,0.0,0.0,0.0,0.0
2,PROP0510192,3,0.831994424,0.088808188,0.005172224,0.000843696,0.0,0.043835516,0.002457723,0.000220095,0.0,0.000440189,0.0,0.0,0.0,0.0,0.0,0.0,0.0,0.0,0.0,0.0,0.0,0.0,0.0,0.0,0.0,0.0,0.0,0.0,0.0,0.0,0.0,0.0,0.0,0.0,0.0,0.0,0.0,0.0,0.0,0.0,0.0,0.0,0.0,0.0,0.0,0.0,0.0,0.0,0.0,0.0,0.0,0.0,0.0
3,PROP0510192,4,0.322401076,0.098297537,0.052743888,0.0,0.368743332,0.0,0.018787401,0.000139166,0.107621654,0.0,0.0,0.0,0.0,0.0,0.0,0.0,0.0,0.0,0.0,0.0,0.0,0.0,0.0,0.0,0.0,0.0,0.0,0.0,0.0,0.0,0.0,0.0,0.0,0.0,0.0,0.0,0.0,0.0,0.0,0.0,0.0,0.0,0.0,0.0,0.0,0.0,0.0,0.0,0.0,0.0,0.0,0.0,0.0
4,PROP0510192,5,0.729792695,0.112773939,0.006673248,0.000434353,0.000276407,3.95e-05,0.000315893,0.009555775,0.0017769,0.063178677,0.0,0.0,0.0,0.0,0.0,0.0,0.0,0.0,0.0,0.0,0.0,0.0,0.0,0.0,0.0,0.0,0.0,0.0,0.0,0.0,0.0,0.0,0.0,0.0,0.0,0.0,0.0,0.0,0.0,0.0,0.0,0.0,0.0,0.0,0.0,0.0,0.0,0.0,0.0,0.0,0.0,0.0,0.0
5,PROP0510192,6,0.347405066,0.198391421,0.000480173,0.255932136,0.0,0.148173342,0.017726381,0.00064023,0.0,8e-05,0.0,0.0,0.0,0.0,0.0,0.0,0.0,0.0,0.0,0.0,0.0,0.0,0.0,0.0,0.0,0.0,0.0,0.0,0.0,0.0,0.0,0.0,0.0,0.0,0.0,0.0,0.0,0.0,0.0,0.0,0.0,0.0,0.0,0.0,0.0,0.0,0.0,0.0,0.0,0.0,0.0,0.0,0.0
6,PROP0510192,7,0.129767304,0.372797562,0.00018586,0.477325106,0.0,3.72e-05,0.002862241,0.000111516,0.0,0.000148688,0.0,0.0,0.0,0.0,0.0,0.0,0.0,0.0,0.0,0.0,0.0,0.0,0.0,0.0,0.0,0.0,0.0,0.0,0.0,0.0,0.0,0.0,0.0,0.0,0.0,0.0,0.0,0.0,0.0,0.0,0.0,0.0,0.0,0.0,0.0,0.0,0.0,0.0,0.0,0.0,0.0,0.0,0.0
7,PROP0510196,1,0.46991911,0.193124368,0.301630435,0.000758342,0.0,0.000505561,0.0,0.0,0.0,0.0,0.000821537,0.0,6.32e-05,0.001200708,0.001137513,0.0,0.0,0.0,0.0,0.0,0.0,0.0,0.0,0.0,0.0,0.0,0.0,0.0,0.0,0.0,0.0,0.0,0.0,0.0,0.0,0.0,0.0,0.0,0.0,0.0,0.0,0.0,0.0,0.0,0.0,0.0,0.0,0.0,0.0,0.0,0.0,0.0,0.0
8,PROP0510196,2,0.001632082,0.3855211,0.581953835,0.0,0.0,0.0,0.0,0.0,0.0,0.0,0.0,0.0,0.0,0.0,0.0,0.0,0.0,0.0,0.0,0.0,0.0,0.0,0.0,0.0,0.0,0.0,0.0,0.0,0.0,0.0,0.0,0.0,0.0,0.0,0.0,0.0,0.0,0.0,0.0,0.0,0.0,0.0,0.0,0.0,0.0,0.0,0.0,0.0,0.0,0.0,0.0,0.0,0.0
9,PROP0510196,3,0.834791294,0.045839647,0.0001722,0.0,0.0,0.066331451,0.0,0.0,0.0,0.0,0.00027552,0.0,0.00020664,0.006095881,0.00230748,0.0,0.0,0.0,0.0,0.0,0.0,0.0,0.0,0.0,0.0,0.0,0.0,0.0,0.0,0.0,0.0,0.0,0.0,0.0,0.0,0.0,0.0,0.0,0.0,0.0,0.0,0.0,0.0,0.0,0.0,0.0,0.0,0.0,0.0,0.0,0.0,0.0,0.0
10,PROP0510196,4,0.000594312,0.191651337,0.046554408,0.733040894,0.0,0.0,0.0,0.0,0.0,0.0,0.000198104,0.0,0.0,0.008235461,0.0,0.0,0.0,0.0,0.0,0.0,0.0,0.0,0.0,0.0,0.0,0.0,0.0,0.0,0.0,0.0,0.0,0.0,0.0,0.0,0.0,0.0,0.0,0.0,0.0,0.0,0.0,0.0,0.0,0.0,0.0,0.0,0.0,0.0,0.0,0.0,0.0,0.0,0.0
11,PROP0510196,5,0.083974985,0.434443119,0.026172143,0.384737736,0.0,0.0,0.0,0.0,0.0,0.0,0.002024365,0.0,0.000289195,0.012977624,0.003542638,0.0,0.0,0.0,0.0,0.0,0.0,0.0,0.0,0.0,0.0,0.0,0.0,0.0,0.0,0.0,0.0,0.0,0.0,0.0,0.0,0.0,0.0,0.0,0.0,0.0,0.0,0.0,0.0,0.0,0.0,0.0,0.0,0.0,0.0,0.0,0.0,0.0,0.0
12,PROP0510196,6,0.049605028,0.02426456,5.66e-05,0.789914777,0.0,0.012118123,0.0,0.0,0.0,0.0,0.008748832,0.075653331,0.00277471,0.001642176,0.001189162,0.0,0.0,0.0,0.0,0.0,0.0,0.0,0.0,0.0,0.0,0.0,0.0,0.0,0.0,0.0,0.0,0.0,0.0,0.0,0.0,0.0,0.0,0.0,0.0,0.0,0.0,0.0,0.0,0.0,0.0,0.0,0.0,0.0,0.0,0.0,0.0,0.0,0.0
13,PROP0510196,7,0.031017899,0.569164224,0.004666913,0.262371589,0.0,0.02108648,0.0,0.0,0.0,0.0,0.007967901,0.003329444,0.007626419,0.007199567,0.018895307,0.0,0.0,0.0,0.0,0.0,0.0,0.0,0.0,0.0,0.0,0.0,0.0,0.0,0.0,0.0,0.0,0.0,0.0,0.0,0.0,0.0,0.0,0.0,0.0,0.0,0.0,0.0,0.0,0.0,0.0,0.0,0.0,0.0,0.0,0.0,0.0,0.0,0.0
14,PROP0510197,1,0.000814664,3.7e-05,0.964747269,0.0,0.000296241,0.0,0.0,0.031808924,0.0,0.0,0.0,0.0,0.0,0.0,0.0,0.000185151,0.0,0.0,0.0,0.0,0.0,0.0,0.0,0.0,0.0,0.0,0.0,0.0,0.0,0.0,0.0,0.0,0.0,0.0,0.0,0.0,0.0,0.0,0.0,0.0,0.0,0.0,0.0,0.0,0.0,0.0,0.0,0.0,0.0,0.0,0.0,0.0,0.0
15,PROP0510197,2,0.612473875,0.116928831,0.010119899,0.048729513,0.0,0.008543248,0.0,0.001723316,0.0,0.0,0.0,0.0,0.0,0.0,0.0,0.0,0.07362593,0.005279947,0.0,0.0,0.0,0.0,0.0,0.0,0.0,0.0,0.0,0.0,0.0,0.0,0.0,0.0,0.0,0.0,0.0,0.0,0.0,0.0,0.0,0.0,0.0,0.0,0.0,0.0,0.0,0.0,0.0,0.0,0.0,0.0,0.0,0.0,0.0
16,PROP0510197,3,0.580769231,0.073708791,0.000164835,0.319752747,0.000247253,0.021593407,0.0,0.000137363,0.0,0.0,0.0,0.0,0.0,0.0,0.0,0.0,0.0,0.0,0.0,0.0,0.0,0.0,0.0,0.0,0.0,0.0,0.0,0.0,0.0,0.0,0.0,0.0,0.0,0.0,0.0,0.0,0.0,0.0,0.0,0.0,0.0,0.0,0.0,0.0,0.0,0.0,0.0,0.0,0.0,0.0,0.0,0.0,0.0
17,PROP0510197,4,0.007203992,0.348137867,0.437312052,0.013201811,0.007468359,9.91e-05,0.0,0.016671624,0.0,0.0,0.0,0.0,0.0,0.0,0.0,0.0,0.0,0.0,0.0,0.0,0.0,0.0,0.0,0.0,0.0,0.0,0.0,0.0,0.0,0.0,0.0,0.0,0.0,0.0,0.0,0.0,0.0,0.0,0.0,0.0,0.0,0.0,0.0,0.0,0.0,0.0,0.0,0.0,0.0,0.0,0.0,0.0,0.0
18,PROP0510197,5,0.931450888,0.002466535,0.015210298,2.57e-05,0.0,0.048688369,0.0,0.001130495,0.0,0.0,0.0,0.0,0.0,0.0,0.0,0.0,0.0,0.0,0.0,0.0,0.0,0.0,0.0,0.0,0.0,0.0,0.0,0.0,0.0,0.0,0.0,0.0,0.0,0.0,0.0,0.0,0.0,0.0,0.0,0.0,0.0,0.0,0.0,0.0,0.0,0.0,0.0,0.0,0.0,0.0,0.0,0.0,0.0
19,PROP0510197,6,0.0,9.47e-05,0.802347596,0.0,0.113498675,0.0,0.0,0.029439606,0.0,0.0,0.0,0.0,0.0,0.0,0.0,0.0,0.0,0.0,0.0,0.0,0.0,0.0,0.0,0.0,0.0,0.0,0.0,0.0,0.0,0.0,0.0,0.0,0.0,0.0,0.0,0.0,0.0,0.0,0.0,0.0,0.0,0.0,0.0,0.0,0.0,0.0,0.0,0.0,0.0,0.0,0.0,0.0,0.0
20,PROP0510197,7,0.091977955,0.009185548,0.014329455,0.0,0.0,0.0,0.0,0.135946111,0.0,0.0,0.0,0.0,0.0,0.0,0.0,0.731047152,0.0,0.0,0.0,0.0,0.0,0.0,0.0,0.0,0.0,0.0,0.0,0.0,0.0,0.0,0.0,0.0,0.0,0.0,0.0,0.0,0.0,0.0,0.0,0.0,0.0,0.0,0.0,0.0,0.0,0.0,0.0,0.0,0.0,0.0,0.0,0.0,0.0
21,PROP0510203,1,0.001298366,0.408042757,0.019217601,0.424672518,0.0,0.0,0.033855348,0.003859527,0.0,0.0,0.0,0.0,0.0,0.043548631,0.0,0.0,0.0,0.0,0.011071686,0.012645733,0.0,0.0,0.0,0.0,0.0,0.0,0.0,0.0,0.0,0.0,0.0,0.0,0.0,0.0,0.0,0.0,0.0,0.0,0.0,0.0,0.0,0.0,0.0,0.0,0.0,0.0,0.0,0.0,0.0,0.0,0.0,0.0,0.0
22,PROP0510203,2,0.000958043,0.951956944,0.003212263,0.020231621,0.0,0.000112711,0.000563555,0.016793936,0.0,0.0,0.0,0.0,0.0,0.000197244,0.0,0.0,0.0,0.0,0.000225422,0.000169066,0.0,0.0,0.0,0.0,0.0,0.0,0.0,0.0,0.0,0.0,0.0,0.0,0.0,0.0,0.0,0.0,0.0,0.0,0.0,0.0,0.0,0.0,0.0,0.0,0.0,0.0,0.0,0.0,0.0,0.0,0.0,0.0,0.0
23,PROP0510203,3,0.002559756,0.307452116,0.001695066,0.290281848,0.0,0.053034306,0.186567113,0.004591091,0.0,0.0,0.0,0.0,0.0,0.030518059,0.0,0.0,0.0,0.0,0.048800071,0.010856661,0.0,0.0,0.0,0.0,0.0,0.0,0.0,0.0,0.0,0.0,0.0,0.0,0.0,0.0,0.0,0.0,0.0,0.0,0.0,0.0,0.0,0.0,0.0,0.0,0.0,0.0,0.0,0.0,0.0,0.0,0.0,0.0,0.0
24,PROP0510203,4,0.001552299,0.064039934,0.000935945,0.793863854,0.0,0.0,0.025247683,0.011703115,0.0,0.0,0.0,0.0,0.0,0.02341384,0.0,0.0,0.0,0.0,0.02176262,0.014899024,0.0,0.0,0.0,0.0,0.0,0.0,0.0,0.0,0.0,0.0,0.0,0.0,0.0,0.0,0.0,0.0,0.0,0.0,0.0,0.0,0.0,0.0,0.0,0.0,0.0,0.0,0.0,0.0,0.0,0.0,0.0,0.0,0.0
25,PROP0510203,5,0.002100667,0.537997364,0.023354477,0.369346734,0.0,0.0,0.011203559,0.005704753,0.0,0.0,0.0,0.0,0.0,0.008938133,0.0,0.0,0.0,0.0,0.004716204,0.011203559,0.0,0.0,0.0,0.0,0.0,0.0,0.0,0.0,0.0,0.0,0.0,0.0,0.0,0.0,0.0,0.0,0.0,0.0,0.0,0.0,0.0,0.0,0.0,0.0,0.0,0.0,0.0,0.0,0.0,0.0,0.0,0.0,0.0
26,PROP0510203,6,0.00076775,0.673683366,0.003735619,0.142102489,0.0,0.0,0.032680937,0.001936563,0.0,0.0,0.0,0.0,0.0,0.046947335,0.0,0.0,0.0,0.0,0.052012192,0.011481872,0.0,0.0,0.0,0.0,0.0,0.0,0.0,0.0,0.0,0.0,0.0,0.0,0.0,0.0,0.0,0.0,0.0,0.0,0.0,0.0,0.0,0.0,0.0,0.0,0.0,0.0,0.0,0.0,0.0,0.0,0.0,0.0,0.0
27,PROP0510203,7,0.001122759,0.312449281,0.152139355,0.000111164,0.0,0.0,0.002501195,0.453994686,0.0,0.0,0.0,0.0,0.0,0.008592994,0.0,0.0,0.0,0.0,0.003590604,0.010994142,0.0,0.0,0.0,0.0,0.0,0.0,0.0,0.0,0.0,0.0,0.0,0.0,0.0,0.0,0.0,0.0,0.0,0.0,0.0,0.0,0.0,0.0,0.0,0.0,0.0,0.0,0.0,0.0,0.0,0.0,0.0,0.0,0.0
28,PROP0510204,1,1.82e-05,0.957542612,0.0,0.023388934,0.0,1.82e-05,0.008166986,0.0,0.0,0.0,0.0,0.0,0.0,0.001166712,0.0,0.0,0.0,0.0,0.002588643,0.001349011,0.001020873,0.000364598,0.0,0.0,0.0,0.0,0.0,0.0,0.0,0.0,0.0,0.0,0.0,0.0,0.0,0.0,0.0,0.0,0.0,0.0,0.0,0.0,0.0,0.0,0.0,0.0,0.0,0.0,0.0,0.0,0.0,0.0,0.0
29,PROP0510204,2,0.0,0.893736939,0.0,0.000886581,0.0,0.0,0.0,0.0,0.0,0.0,0.0,0.0,0.0,0.010385663,0.0,0.0,0.0,0.0,0.020043063,0.003293015,0.0,0.029162181,0.0,0.0,0.0,0.0,0.0,0.0,0.0,0.0,0.0,0.0,0.0,0.0,0.0,0.0,0.0,0.0,0.0,0.0,0.0,0.0,0.0,0.0,0.0,0.0,0.0,0.0,0.0,0.0,0.0,0.0,0.0
30,PROP0510204,3,0.540622651,0.237315209,0.0,0.090171636,0.0,0.012716111,0.050394638,0.0,0.0,0.0,0.0,0.0,0.0,0.006921824,0.0,0.0,0.0,0.0,0.022394137,0.006921824,0.005919569,0.003226009,0.0,0.0,0.0,0.0,0.0,0.0,0.0,0.0,0.0,0.0,0.0,0.0,0.0,0.0,0.0,0.0,0.0,0.0,0.0,0.0,0.0,0.0,0.0,0.0,0.0,0.0,0.0,0.0,0.0,0.0,0.0
31,PROP0510204,4,0.001893458,0.422919316,0.0,0.454005935,0.0,0.0,0.011275964,0.0,0.0,0.0,0.0,0.0,0.0,0.033969196,0.0,0.0,0.0,0.0,0.02212802,0.006415148,0.01958457,0.001271725,0.0,0.0,0.0,0.0,0.0,0.0,0.0,0.0,0.0,0.0,0.0,0.0,0.0,0.0,0.0,0.0,0.0,0.0,0.0,0.0,0.0,0.0,0.0,0.0,0.0,0.0,0.0,0.0,0.0,0.0,0.0
32,PROP0510204,5,0.250110181,0.517555458,0.0,0.0,0.0,0.0,0.002644337,0.0,0.0,0.0,0.0,0.0,0.0,0.041501396,0.0,0.0,0.0,0.0,0.011789335,0.055200529,0.033972381,0.024937564,0.0,0.0,0.0,0.0,0.0,0.0,0.0,0.0,0.0,0.0,0.0,0.0,0.0,0.0,0.0,0.0,0.0,0.0,0.0,0.0,0.0,0.0,0.0,0.0,0.0,0.0,0.0,0.0,0.0,0.0,0.0
33,PROP0510204,6,0.003295283,0.565180373,0.0,0.166924193,0.0,0.0,0.074293643,0.0,0.0,0.0,0.0,0.0,0.0,0.031533804,0.0,0.0,0.0,0.0,0.034513749,0.026267659,0.017107089,0.013906408,0.0,0.0,0.0,0.0,0.0,0.0,0.0,0.0,0.0,0.0,0.0,0.0,0.0,0.0,0.0,0.0,0.0,0.0,0.0,0.0,0.0,0.0,0.0,0.0,0.0,0.0,0.0,0.0,0.0,0.0,0.0
34,PROP0510204,7,0.785303993,0.09232178,0.0,0.0,0.0,0.062158337,0.007214807,0.0,0.0,0.0,0.0,0.0,0.0,0.021477925,0.0,0.0,0.0,0.0,0.021616672,0.003968144,0.000804728,0.000776979,0.0,0.0,0.0,0.0,0.0,0.0,0.0,0.0,0.0,0.0,0.0,0.0,0.0,0.0,0.0,0.0,0.0,0.0,0.0,0.0,0.0,0.0,0.0,0.0,0.0,0.0,0.0,0.0,0.0,0.0,0.0
35,PROP0510205,1,0.729293606,0.013993974,0.0,0.0,0.0,0.176632072,0.0,0.0,0.0,0.0,0.0,0.0,0.0,0.0,0.0,0.0,0.0,0.0,0.0,0.0,0.0,0.0,0.0,0.0,0.0,0.0,0.0,0.0,0.0,0.0,0.0,0.0,0.0,0.0,0.0,0.0,0.0,0.0,0.0,0.0,0.0,0.0,0.0,0.0,0.0,0.0,0.0,0.0,0.0,0.0,0.0,0.0,0.0
36,PROP0510205,2,0.851622501,0.014944994,0.0,0.0,0.0,0.129142739,0.0,0.0,0.0,0.0,0.0,0.0,0.0,0.0,0.0,0.0,0.0,0.0,3.46e-05,0.001245416,0.0,0.0,0.0,0.0,0.0,0.0,0.0,0.0,0.0,0.0,0.0,0.0,0.0,0.0,0.0,0.0,0.0,0.0,0.0,0.0,0.0,0.0,0.0,0.0,0.0,0.0,0.0,0.0,0.0,0.0,0.0,0.0,0.0
37,PROP0510205,3,0.726428224,0.045264769,0.0,0.0,0.0,0.207327256,0.000487092,0.0,0.0,0.0,0.0,0.0,0.0,0.004801336,0.0,0.0,0.0,0.0,0.004696959,0.000974184,0.000835015,0.0,0.0,0.0,0.0,0.0,0.0,0.0,0.0,0.0,0.0,0.0,0.0,0.0,0.0,0.0,0.0,0.0,0.0,0.0,0.0,0.0,0.0,0.0,0.0,0.0,0.0,0.0,0.0,0.0,0.0,0.0,0.0
38,PROP0510205,4,0.417431594,0.425823936,0.0,0.016609844,0.0,0.005682315,0.058396713,0.0,0.0,0.0,0.0,0.0,0.0,0.020194073,0.012063992,0.0,0.0,0.0,0.008654603,0.004196171,0.003059708,0.0,0.0,0.0,0.0,0.0,0.0,0.0,0.0,0.0,0.0,0.0,0.0,0.0,0.0,0.0,0.0,0.0,0.0,0.0,0.0,0.0,0.0,0.0,0.0,0.0,0.0,0.0,0.0,0.0,0.0,0.0,0.0
39,PROP0510205,5,0.003009782,0.430069601,0.0,0.519140331,0.0,0.000329195,0.000611362,0.0,0.0,0.0,0.0,0.0,0.0,0.00348006,0.008512039,0.0,0.0,0.0,0.002116253,0.00479684,0.010063958,0.0,0.0,0.0,0.0,0.0,0.0,0.0,0.0,0.0,0.0,0.0,0.0,0.0,0.0,0.0,0.0,0.0,0.0,0.0,0.0,0.0,0.0,0.0,0.0,0.0,0.0,0.0,0.0,0.0,0.0,0.0,0.0
40,PROP0510205,6,0.044226705,0.209721422,0.0,0.611834774,0.0,0.001383285,0.004610951,0.0,0.0,0.0,0.0,0.0,0.0,0.01648415,0.023746398,0.0,0.0,0.0,0.014063401,0.013102786,0.026167147,0.0,0.0,0.0,0.0,0.0,0.0,0.0,0.0,0.0,0.0,0.0,0.0,0.0,0.0,0.0,0.0,0.0,0.0,0.0,0.0,0.0,0.0,0.0,0.0,0.0,0.0,0.0,0.0,0.0,0.0,0.0,0.0
41,PROP0510205,7,0.816637694,0.106946255,0.0,3.62e-05,0.0,0.06714472,0.0,0.0,0.0,0.0,0.0,0.0,0.0,0.000760539,0.0,0.0,0.0,0.0,0.000398378,0.002571346,0.0,0.0,0.0,0.0,0.0,0.0,0.0,0.0,0.0,0.0,0.0,0.0,0.0,0.0,0.0,0.0,0.0,0.0,0.0,0.0,0.0,0.0,0.0,0.0,0.0,0.0,0.0,0.0,0.0,0.0,0.0,0.0,0.0
42,PROP0510208,1,0.829296309,0.001847875,0.137591769,0.004819458,0.0,0.022449183,2.5e-05,0.003071468,0.0,0.0,0.0,0.0,0.0,0.0,0.0,0.0,0.0,0.0,0.0,0.0,0.0,7.49e-05,0.0,0.0,0.0,0.0,0.0,0.0,0.0,0.0,0.0,0.0,0.0,0.0,0.0,0.0,0.0,0.0,0.0,0.0,0.0,0.0,0.0,0.0,0.0,0.0,0.0,0.0,0.0,0.0,0.0,0.0,0.0
43,PROP0510208,2,0.069447245,0.688711582,0.022323357,0.010801625,0.0,0.002073912,0.029495636,0.000691304,0.0,0.0,0.0,0.0,0.0,0.021171184,0.0,0.0,0.018722816,0.0,0.0,0.0,0.0,0.008986952,0.0,0.0,0.0,0.0,0.0,0.0,0.0,0.0,0.0,0.0,0.0,0.0,0.0,0.0,0.0,0.0,0.0,0.0,0.0,0.0,0.0,0.0,0.0,0.0,0.0,0.0,0.0,0.0,0.0,0.0,0.0
44,PROP0510208,3,0.630888622,0.289284803,0.0,0.052683353,0.0,0.000145735,0.0,3.64e-05,0.0,0.0,0.0,0.0,0.0,0.003096878,0.0,0.0,0.000400772,0.0,0.0,0.0,0.0,0.000765111,0.0,0.0,0.0,0.0,0.0,0.0,0.0,0.0,0.0,0.0,0.0,0.0,0.0,0.0,0.0,0.0,0.0,0.0,0.0,0.0,0.0,0.0,0.0,0.0,0.0,0.0,0.0,0.0,0.0,0.0,0.0
45,PROP0510208,4,5.04e-05,0.005188655,0.875976021,0.0,0.0,0.0,0.0,0.093345423,0.0,0.0,0.0,0.0,0.0,0.0,0.0,0.0,0.0,0.0,0.0,0.0,0.0,0.0,0.0,0.0,0.0,0.0,0.0,0.0,0.0,0.0,0.0,0.0,0.0,0.0,0.0,0.0,0.0,0.0,0.0,0.0,0.0,0.0,0.0,0.0,0.0,0.0,0.0,0.0,0.0,0.0,0.0,0.0,0.0
46,PROP0510208,5,0.579395454,0.361790205,7.81e-05,0.055794215,0.0,0.00229113,0.0,0.0,0.0,0.0,0.0,0.0,0.0,2.6e-05,0.0,0.0,0.0,0.0,0.0,0.0,0.0,0.0,0.0,0.0,0.0,0.0,0.0,0.0,0.0,0.0,0.0,0.0,0.0,0.0,0.0,0.0,0.0,0.0,0.0,0.0,0.0,0.0,0.0,0.0,0.0,0.0,0.0,0.0,0.0,0.0,0.0,0.0,0.0
47,PROP0510208,6,0.000126129,0.978778754,0.000189194,0.012313368,0.0,1.58e-05,0.000299557,0.0,0.0,0.0,0.0,0.0,0.0,6.31e-05,0.0,0.0,0.002333391,0.0,0.0,0.0,0.0,0.0,0.0,0.0,0.0,0.0,0.0,0.0,0.0,0.0,0.0,0.0,0.0,0.0,0.0,0.0,0.0,0.0,0.0,0.0,0.0,0.0,0.0,0.0,0.0,0.0,0.0,0.0,0.0,0.0,0.0,0.0,0.0
48,PROP0510208,7,0.000197768,0.840937986,0.000437915,0.006413335,0.0,0.0,0.000211894,0.000155389,0.0,0.0,0.0,0.0,0.0,0.000678062,0.0,0.0,0.147987004,0.0,0.0,0.0,0.0,0.00038141,0.0,0.0,0.0,0.0,0.0,0.0,0.0,0.0,0.0,0.0,0.0,0.0,0.0,0.0,0.0,0.0,0.0,0.0,0.0,0.0,0.0,0.0,0.0,0.0,0.0,0.0,0.0,0.0,0.0,0.0,0.0
49,PROP0510209,1,4.26e-05,0.038967676,0.925854947,0.0,0.0,0.0,0.0,0.032707295,0.0,0.0,0.0,0.0,0.0,0.0,0.0,0.0,0.0,0.0,0.0,0.0,0.0,0.0,0.0,0.0,0.0,0.0,0.0,0.0,0.0,0.0,0.0,0.0,0.0,0.0,0.0,0.0,0.0,0.0,0.0,0.0,0.0,0.0,0.0,0.0,0.0,0.0,0.0,0.0,0.0,0.0,0.0,0.0,0.0
50,PROP0510209,2,0.766279724,0.047722988,0.147302973,0.0,0.0,0.0,0.00016536,0.004100936,0.0,0.0,0.0,0.0,0.0,0.00016536,0.0,0.0,0.0,0.0,0.0,0.0,0.0,0.0,0.0,0.0,0.0,0.0,0.0,0.0,0.0,0.0,0.0,0.0,0.0,0.0,0.0,0.0,0.0,0.0,0.0,0.0,0.0,0.0,0.0,0.0,0.0,0.0,0.0,0.0,0.0,0.0,0.0,0.0,0.0
51,PROP0510209,3,0.001103007,0.100338018,0.000106743,0.5518591,0.0,0.0,0.000249066,0.000106743,0.0,0.0,0.0,0.0,0.0,0.18132005,0.0,0.0,0.15392279,0.0,0.0,0.0,0.0,0.0,0.0,0.00042697,0.0,0.0,0.0,0.0,0.0,0.0,0.0,0.0,0.0,0.0,0.0,0.0,0.0,0.0,0.0,0.0,0.0,0.0,0.0,0.0,0.0,0.0,0.0,0.0,0.0,0.0,0.0,0.0,0.0
52,PROP0510209,4,0.107902409,0.830965168,0.0,6.14e-05,0.0,0.0,0.000736535,0.000153445,0.0,0.0,0.0,0.0,0.0,0.001994783,0.0,0.0,0.031364125,0.0,0.0,0.0,0.0,0.0,0.007150529,0.0,0.0,0.0,0.0,0.0,0.0,0.0,0.0,0.0,0.0,0.0,0.0,0.0,0.0,0.0,0.0,0.0,0.0,0.0,0.0,0.0,0.0,0.0,0.0,0.0,0.0,0.0,0.0,0.0,0.0
53,PROP0510209,5,0.12339828,0.601661693,0.00175531,0.096307998,0.0,0.0,0.002047861,0.000117021,0.0,0.0,0.0,0.0,0.0,0.017319057,0.0,0.0,0.0,0.0,0.0,0.0,0.0,0.0,0.036568954,0.042537008,0.0,0.0,0.0,0.0,0.0,0.0,0.0,0.0,0.0,0.0,0.0,0.0,0.0,0.0,0.0,0.0,0.0,0.0,0.0,0.0,0.0,0.0,0.0,0.0,0.0,0.0,0.0,0.0,0.0
54,PROP0510209,6,0.018509563,0.028445812,0.003517257,0.006067268,0.0,0.0,0.900681468,0.000351726,0.0,0.0,0.0,0.0,0.0,0.000967246,0.0,0.0,0.010771598,0.0,0.0,0.0,0.0,0.0,0.0,0.002110354,0.0,0.0,0.0,0.0,0.0,0.0,0.0,0.0,0.0,0.0,0.0,0.0,0.0,0.0,0.0,0.0,0.0,0.0,0.0,0.0,0.0,0.0,0.0,0.0,0.0,0.0,0.0,0.0,0.0
55,PROP0510209,7,0.000135589,0.655016045,3.01e-05,0.024827877,0.0,0.0,0.293068382,1.51e-05,0.0,0.0,0.0,0.0,0.0,0.000256113,0.0,0.0,0.009958269,0.0,0.0,0.0,0.0,0.0,1.51e-05,6.03e-05,0.0,0.0,0.0,0.0,0.0,0.0,0.0,0.0,0.0,0.0,0.0,0.0,0.0,0.0,0.0,0.0,0.0,0.0,0.0,0.0,0.0,0.0,0.0,0.0,0.0,0.0,0.0,0.0,0.0
56,PROP0510213,1,0.186032087,0.592110778,0.00244757,0.08253005,0.0,0.004073695,0.062077752,0.000905266,0.0,0.0,0.0,0.0,0.0,0.021793432,0.0,0.0,0.0,0.0,0.0,0.0,0.0,0.006253039,0.0,0.0,0.0,0.0,0.0,0.0,0.0,0.0,0.0,0.0,0.0,0.0,0.0,0.0,0.0,0.0,0.0,0.0,0.0,0.0,0.0,0.0,0.0,0.0,0.0,0.0,0.0,0.0,0.0,0.0,0.0
57,PROP0510213,2,0.00513631,0.0,0.943237192,0.0,0.0,0.0,0.0,0.041090478,0.0,0.0,0.0,0.0,0.0,0.0,0.0,0.0,0.0,0.0,0.0,0.0,0.0,0.0,0.0,0.0,0.0,0.0,0.0,0.0,0.0,0.0,0.0,0.0,0.0,0.0,0.0,0.0,0.0,0.0,0.0,0.0,0.0,0.0,0.0,0.0,0.0,0.0,0.0,0.0,0.0,0.0,0.0,0.0,0.0
58,PROP0510213,3,0.494966899,0.449183174,0.000777313,0.014043452,0.0,0.037932866,0.001204835,0.0,0.0,0.0,0.0,0.0,0.0,0.000246149,0.0,0.0,0.0,0.0,0.0,0.0,0.0,0.0,0.0,0.0,0.0,0.0,0.0,0.0,0.0,0.0,0.0,0.0,0.0,0.0,0.0,0.0,0.0,0.0,0.0,0.0,0.0,0.0,0.0,0.0,0.0,0.0,0.0,0.0,0.0,0.0,0.0,0.0,0.0
59,PROP0510213,4,0.107493249,0.014337614,0.000485692,0.086569658,0.0,0.140869971,0.046956657,0.000116566,0.0,0.0,0.0,0.0,0.0,0.001029666,0.0,0.0,0.597653139,0.0,0.0,0.0,0.0,0.0,0.0,0.0,0.0,0.0,0.0,0.0,0.0,0.0,0.0,0.0,0.0,0.0,0.0,0.0,0.0,0.0,0.0,0.0,0.0,0.0,0.0,0.0,0.0,0.0,0.0,0.0,0.0,0.0,0.0,0.0,0.0
60,PROP0510213,5,0.002083659,0.620253165,0.268271084,0.0,0.0,0.0,0.007709538,0.017919467,0.0,0.0,0.0,0.0,0.0,0.017294369,0.0,0.0,0.000156274,0.0,0.0,0.0,0.0,0.015835808,0.0,0.0,0.0,0.0,0.0,0.0,0.0,0.0,0.0,0.0,0.0,0.0,0.0,0.0,0.0,0.0,0.0,0.0,0.0,0.0,0.0,0.0,0.0,0.0,0.0,0.0,0.0,0.0,0.0,0.0,0.0
61,PROP0510213,6,0.006955478,0.78021396,0.192634961,0.000141228,0.0,0.0,0.003248243,0.01468771,0.0,0.0,0.0,0.0,0.0,0.0,0.0,0.0,0.0,0.0,0.0,0.0,0.0,0.0,0.0,0.0,0.0,0.0,0.0,0.0,0.0,0.0,0.0,0.0,0.0,0.0,0.0,0.0,0.0,0.0,0.0,0.0,0.0,0.0,0.0,0.0,0.0,0.0,0.0,0.0,0.0,0.0,0.0,0.0,0.0
62,PROP0510213,7,0.000323604,0.025046923,0.936638405,0.0,0.0,0.0,0.0,0.037602744,0.0,0.0,0.0,0.0,0.0,0.0,0.0,0.0,0.0,0.0,0.0,0.0,0.0,0.0,0.0,0.0,0.0,0.0,0.0,0.0,0.0,0.0,0.0,0.0,0.0,0.0,0.0,0.0,0.0,0.0,0.0,0.0,0.0,0.0,0.0,0.0,0.0,0.0,0.0,0.0,0.0,0.0,0.0,0.0,0.0
63,PROP0510218,1,0.655206847,0.191333809,0.009379458,0.043437946,0.0,0.05171184,0.00010699,0.0,0.0,0.0,0.0,0.0,0.0,0.0,0.0,0.0,0.0,0.0,0.0,0.0,0.00032097,0.0,0.0,0.016975749,0.0,0.0,0.0,0.0,0.0,0.0,0.0,0.0,0.0,0.0,0.0,0.0,0.0,0.0,0.0,0.0,0.0,0.0,0.0,0.0,0.0,0.0,0.0,0.0,0.0,0.0,0.0,0.0,0.0
64,PROP0510218,2,0.015728161,2.93e-05,0.716981132,5.87e-05,0.0,0.0,0.0,0.0,0.0,0.0,0.0,0.0,0.0,0.0,0.0,0.0,0.0,0.0,0.0,0.0,0.005047096,0.0,0.0,0.0,0.089468588,0.0,0.0,0.0,0.0,0.0,0.0,0.0,0.0,0.0,0.0,0.0,0.0,0.0,0.0,0.0,0.0,0.0,0.0,0.0,0.0,0.0,0.0,0.0,0.0,0.0,0.0,0.0,0.0
65,PROP0510218,3,0.118934765,0.548097208,0.00123291,0.125948656,0.0,0.028850105,0.002575413,0.0,0.0,0.0,0.0,0.0,0.0,0.0,0.0,0.0,0.135209184,0.0,0.0,0.0,0.00082194,0.0,0.0,0.001369901,2.74e-05,0.0,0.0,0.0,0.0,0.0,0.0,0.0,0.0,0.0,0.0,0.0,0.0,0.0,0.0,0.0,0.0,0.0,0.0,0.0,0.0,0.0,0.0,0.0,0.0,0.0,0.0,0.0,0.0
66,PROP0510218,4,0.002064974,0.97190472,0.000698019,0.012302591,0.0,0.0,0.006427595,0.0,0.0,0.0,0.0,0.0,0.0,0.0,0.0,0.0,0.0,0.0,0.0,0.0,0.000465346,0.0,0.0,0.003344676,0.0,0.0,0.0,0.0,0.0,0.0,0.0,0.0,0.0,0.0,0.0,0.0,0.0,0.0,0.0,0.0,0.0,0.0,0.0,0.0,0.0,0.0,0.0,0.0,0.0,0.0,0.0,0.0,0.0
67,PROP0510218,5,0.337819498,0.441340572,0.001130966,0.009387017,0.0,0.001055568,0.066840081,0.0,0.0,0.0,0.0,0.0,0.0,0.0,0.0,0.0,0.0,0.0,0.0,0.0,0.062391616,0.0,0.0,0.001507954,0.0,0.0,0.0,0.0,0.0,0.0,0.0,0.0,0.0,0.0,0.0,0.0,0.0,0.0,0.0,0.0,0.0,0.0,0.0,0.0,0.0,0.0,0.0,0.0,0.0,0.0,0.0,0.0,0.0
68,PROP0510218,6,0.257579438,0.723805949,0.0145958,0.0,0.0,0.0,2.21e-05,0.0,0.0,0.0,0.0,0.0,0.0,0.0,0.0,0.0,0.0,0.0,0.0,0.0,0.0,0.0,0.0,0.0,0.0,0.0,0.0,0.0,0.0,0.0,0.0,0.0,0.0,0.0,0.0,0.0,0.0,0.0,0.0,0.0,0.0,0.0,0.0,0.0,0.0,0.0,0.0,0.0,0.0,0.0,0.0,0.0,0.0
69,PROP0510218,7,0.659209671,0.126158885,0.001878296,0.110410095,0.0,0.045512558,0.000313049,0.0,0.0,0.0,0.0,0.0,0.0,0.0,0.0,0.0,0.0,0.0,0.0,0.0,2.41e-05,0.0,0.0,0.04288776,0.0,0.0,0.0,0.0,0.0,0.0,0.0,0.0,0.0,0.0,0.0,0.0,0.0,0.0,0.0,0.0,0.0,0.0,0.0,0.0,0.0,0.0,0.0,0.0,0.0,0.0,0.0,0.0,0.0
70,PROP0510221,1,0.000142782,0.000571129,0.947884441,0.0,0.0,0.0,0.0,0.050878111,0.0,0.0,0.0,0.0,0.0,0.0,0.0,0.0,0.0,0.0,0.0,0.0,0.0,0.0,0.0,0.0,0.0,0.0,0.0,0.0,0.0,0.0,0.0,0.0,0.0,0.0,0.0,0.0,0.0,0.0,0.0,0.0,0.0,0.0,0.0,0.0,0.0,0.0,0.0,0.0,0.0,0.0,0.0,0.0,0.0
71,PROP0510221,2,0.062322946,0.018238969,0.883813885,0.0,0.0,0.001358221,0.0,0.033101789,0.0,0.0,0.0,0.0,0.0,0.000271644,0.0,0.0,0.0,0.0,0.0,0.0,0.0,0.0,0.0,0.0,0.0,0.0,0.0,0.0,0.0,0.0,0.0,0.0,0.0,0.0,0.0,0.0,0.0,0.0,0.0,0.0,0.0,0.0,0.0,0.0,0.0,0.0,0.0,0.0,0.0,0.0,0.0,0.0,0.0
72,PROP0510221,3,0.259471328,0.717042932,3.64e-05,0.002062281,0.0,0.000521636,0.007315032,1.21e-05,0.0,0.0,0.0,0.000145573,0.0,0.00090983,0.0,0.0,0.0,0.0,0.0,0.0,0.003966858,0.0,0.0,0.0,0.0,0.0,0.0,0.0,0.0,0.0,0.0,0.0,0.0,0.0,0.0,0.0,0.0,0.0,0.0,0.0,0.0,0.0,0.0,0.0,0.0,0.0,0.0,0.0,0.0,0.0,0.0,0.0,0.0
73,PROP0510221,4,0.016328742,0.000232162,0.948189135,0.0,0.0,0.0,3.87e-05,0.032154465,0.0,0.0,0.0,0.0,0.0,0.0,0.0,0.0,0.0,0.0,0.0,0.0,0.0,0.0,0.0,0.0,0.0,0.0,0.0,0.0,0.0,0.0,0.0,0.0,0.0,0.0,0.0,0.0,0.0,0.0,0.0,0.0,0.0,0.0,0.0,0.0,0.0,0.0,0.0,0.0,0.0,0.0,0.0,0.0,0.0
74,PROP0510221,5,0.00012138,0.001359454,0.953584347,0.0,0.0,0.0,0.0,0.044934819,0.0,0.0,0.0,0.0,0.0,0.0,0.0,0.0,0.0,0.0,0.0,0.0,0.0,0.0,0.0,0.0,0.0,0.0,0.0,0.0,0.0,0.0,0.0,0.0,0.0,0.0,0.0,0.0,0.0,0.0,0.0,0.0,0.0,0.0,0.0,0.0,0.0,0.0,0.0,0.0,0.0,0.0,0.0,0.0,0.0
75,PROP0510221,6,0.008734472,0.003590839,0.72355396,0.0,0.0,0.000679348,0.0,0.026882764,0.0,0.0,0.0,0.231123835,0.0,4.85e-05,0.0,0.0,0.0,0.0,0.0,0.0,0.0,0.0,0.0,0.0,0.0,0.0,0.0,0.0,0.0,0.0,0.0,0.0,0.0,0.0,0.0,0.0,0.0,0.0,0.0,0.0,0.0,0.0,0.0,0.0,0.0,0.0,0.0,0.0,0.0,0.0,0.0,0.0,0.0
76,PROP0510221,7,0.004515414,0.010221255,0.929313247,0.000164197,0.0,0.0,0.000246295,0.051639916,0.0,0.0,0.0,0.0,0.0,0.0,0.0,0.0,0.0,0.0,0.0,0.0,0.0,0.0,0.0,0.0,0.0,0.0,0.0,0.0,0.0,0.0,0.0,0.0,0.0,0.0,0.0,0.0,0.0,0.0,0.0,0.0,0.0,0.0,0.0,0.0,0.0,0.0,0.0,0.0,0.0,0.0,0.0,0.0,0.0
77,PROP0510238,1,0.005023645,0.833205151,0.023170951,0.0,0.0,0.004156371,0.0,0.017427304,0.0,0.0,0.0,0.009981836,0.0,0.0,0.0,0.0,0.0,0.0,0.0,0.004810918,0.0,0.0,0.0,0.0,0.001325457,0.0,0.0,0.0,0.0,0.0,0.0,0.0,0.0,0.0,0.0,0.0,0.0,0.0,0.0,0.0,0.0,0.0,0.0,0.0,0.0,0.0,0.0,0.0,0.0,0.0,0.0,0.0,0.0
78,PROP0510238,2,0.297927082,0.663955615,0.000317035,0.000548714,0.0,0.00174369,0.008950128,0.000658456,0.0,0.0,0.0,0.0,0.0,0.0,0.0,0.0,0.0,0.0,0.0,0.005072552,0.0,0.0,0.0,0.0,0.0,0.0,0.0,0.0,0.0,0.0,0.0,0.0,0.0,0.0,0.0,0.0,0.0,0.0,0.0,0.0,0.0,0.0,0.0,0.0,0.0,0.0,0.0,0.0,0.0,0.0,0.0,0.0,0.0
79,PROP0510238,3,0.211066887,0.717648286,0.000447207,0.000119255,0.0,0.019945441,0.011165273,0.000566462,0.0,0.0,0.0,0.0,0.0,0.0,0.0,0.0,0.0,0.0,0.0,0.005500648,0.0,0.0,0.0,0.0,7.45e-05,0.0,0.0,0.0,0.0,0.0,0.0,0.0,0.0,0.0,0.0,0.0,0.0,0.0,0.0,0.0,0.0,0.0,0.0,0.0,0.0,0.0,0.0,0.0,0.0,0.0,0.0,0.0,0.0
80,PROP0510238,4,0.003052408,0.081604498,0.089933951,0.0,0.0,0.188714712,0.44870402,0.058909756,0.0,0.0,0.0,0.0,0.0,0.0,0.0,0.0,0.0,0.0,0.0,0.001707279,0.0,0.0,0.0,0.0,0.12304482,0.0,0.0,0.0,0.0,0.0,0.0,0.0,0.0,0.0,0.0,0.0,0.0,0.0,0.0,0.0,0.0,0.0,0.0,0.0,0.0,0.0,0.0,0.0,0.0,0.0,0.0,0.0,0.0
81,PROP0510238,5,0.1004165,0.143664061,0.735550864,0.0,0.0,0.001355052,1.43e-05,0.009385519,0.0,0.0,0.0,0.0,0.0,0.0,0.0,0.0,0.0,0.0,0.0,0.0,0.0,0.0,0.0,0.0,0.000142637,0.0,0.0,0.0,0.0,0.0,0.0,0.0,0.0,0.0,0.0,0.0,0.0,0.0,0.0,0.0,0.0,0.0,0.0,0.0,0.0,0.0,0.0,0.0,0.0,0.0,0.0,0.0,0.0
82,PROP0510238,6,0.279557502,0.636372948,0.000742619,0.000499347,0.0,0.055517144,0.012291619,0.000665796,0.0,0.0,0.0,0.0,0.0,0.0,0.0,0.0,0.0,0.0,0.0,0.002163837,0.0,0.0,0.0,0.0,0.0,0.0,0.0,0.0,0.0,0.0,0.0,0.0,0.0,0.0,0.0,0.0,0.0,0.0,0.0,0.0,0.0,0.0,0.0,0.0,0.0,0.0,0.0,0.0,0.0,0.0,0.0,0.0,0.0
83,PROP0510238,7,0.005736518,0.002726266,0.799307074,2.84e-05,0.0,5.68e-05,0.0,0.037883736,0.0,0.0,0.0,0.14145344,0.0,0.0,0.0,0.0,0.0,0.0,0.0,0.0,0.0,0.0,0.0,0.0,0.0,0.0,0.0,0.0,0.0,0.0,0.0,0.0,0.0,0.0,0.0,0.0,0.0,0.0,0.0,0.0,0.0,0.0,0.0,0.0,0.0,0.0,0.0,0.0,0.0,0.0,0.0,0.0,0.0
84,PROP0510250,1,0.040321468,0.000413907,0.932515866,0.0,0.0,5.17e-05,3.45e-05,0.026265866,0.0,0.0,0.0,0.0,0.0,3.45e-05,0.0,0.0,0.0,0.0,0.0,0.0,0.0,0.0,0.0,0.0,0.0,0.0,0.0,0.0,0.0,0.0,0.0,0.0,0.0,0.0,0.0,0.0,0.0,0.0,0.0,0.0,0.0,0.0,0.0,0.0,0.0,0.0,0.0,0.0,0.0,0.0,0.0,0.0,0.0
85,PROP0510250,2,0.488262595,0.004271205,0.490566355,0.0,0.0,0.0,0.0,0.011619695,0.000975314,0.0,0.0,0.0,0.0,0.0,0.0,0.0,0.0,0.0,0.0,0.001177104,0.0,0.0,0.0,0.0,0.0,0.0,0.0,0.0,0.0,0.0,0.0,0.0,0.0,0.0,0.0,0.0,0.0,0.0,0.0,0.0,0.0,0.0,0.0,0.0,0.0,0.0,0.0,0.0,0.0,0.0,0.0,0.0,0.0
86,PROP0510250,3,0.248494149,0.20798005,0.065528486,0.0,0.0,0.008478803,0.34835987,0.047726837,0.002992519,0.0,0.0,0.0,0.0,0.026855937,0.0,0.0,0.0,0.0,0.0,0.001074237,0.0,0.0,0.0,0.0,0.001419528,0.0,0.0,0.0,0.0,0.0,0.0,0.0,0.0,0.0,0.0,0.0,0.0,0.0,0.0,0.0,0.0,0.0,0.0,0.0,0.0,0.0,0.0,0.0,0.0,0.0,0.0,0.0,0.0
87,PROP0510250,4,2.57e-05,0.636894352,0.0,0.0,0.0,0.000694373,0.089702705,0.001208723,5.14e-05,0.0,0.0,0.0,0.0,0.088854027,0.0,0.0,0.0,0.0,0.0,0.027234852,0.0,0.0,0.0,0.0,2.57e-05,0.0,0.0,0.0,0.0,0.0,0.0,0.0,0.0,0.0,0.0,0.0,0.0,0.0,0.0,0.0,0.0,0.0,0.0,0.0,0.0,0.0,0.0,0.0,0.0,0.0,0.0,0.0,0.0
88,PROP0510250,5,0.000109037,0.612335762,0.006814836,0.0,0.0,3.63e-05,0.008359533,0.000454322,0.269322333,0.0,0.0,0.0,0.0,0.0,0.0,0.0,0.0,0.0,0.0,0.004797645,0.0,0.0,0.0,0.0,0.036909154,0.0,0.0,0.0,0.0,0.0,0.0,0.0,0.0,0.0,0.0,0.0,0.0,0.0,0.0,0.0,0.0,0.0,0.0,0.0,0.0,0.0,0.0,0.0,0.0,0.0,0.0,0.0,0.0
89,PROP0510250,6,0.12549932,0.525284228,0.003314165,0.0,0.0,0.220819982,0.007879373,0.00338001,0.0,0.0,0.0,0.0,0.0,0.042601291,0.0,0.0,0.0,0.0,0.0,0.034656073,0.0,0.0,0.0,0.0,0.000724288,0.0,0.0,0.0,0.0,0.0,0.0,0.0,0.0,0.0,0.0,0.0,0.0,0.0,0.0,0.0,0.0,0.0,0.0,0.0,0.0,0.0,0.0,0.0,0.0,0.0,0.0,0.0,0.0
90,PROP0510250,7,0.043823429,0.000102969,0.94703296,0.0,0.0,0.0,0.0,0.008237487,0.0,0.0,0.0,0.0,0.0,0.0,0.0,0.0,0.0,0.0,0.0,1.03e-05,0.0,0.0,0.0,0.0,7.21e-05,0.0,0.0,0.0,0.0,0.0,0.0,0.0,0.0,0.0,0.0,0.0,0.0,0.0,0.0,0.0,0.0,0.0,0.0,0.0,0.0,0.0,0.0,0.0,0.0,0.0,0.0,0.0,0.0
91,PROP0510251,1,0.340216069,0.209136831,0.163434239,0.0,0.0,0.0,0.0,0.003558128,0.0,0.0,0.0,0.0,0.0,0.008056488,0.0,0.003484385,0.0,0.0,0.0,0.008093359,0.0,0.0,0.0,0.0,0.0,0.235020833,0.0,0.0,0.0,0.0,0.0,0.0,0.0,0.0,0.0,0.0,0.0,0.0,0.0,0.0,0.0,0.0,0.0,0.0,0.0,0.0,0.0,0.0,0.0,0.0,0.0,0.0,0.0
92,PROP0510251,2,0.187622309,0.058047945,0.712720157,0.0,0.0,0.0,0.0,0.021453033,0.0,0.0,0.0,0.0,0.0,0.007729941,0.0,0.0,0.0,0.0,0.0,0.001541096,0.0,0.0,0.0,0.0,0.0,2.45e-05,0.0,0.0,0.0,0.0,0.0,0.0,0.0,0.0,0.0,0.0,0.0,0.0,0.0,0.0,0.0,0.0,0.0,0.0,0.0,0.0,0.0,0.0,0.0,0.0,0.0,0.0,0.0
93,PROP0510251,3,0.970190163,0.010559864,0.000594922,4.25e-05,0.0,0.011261022,0.0,0.000169978,0.0,0.0,0.0,0.0,0.0,0.001019866,0.0,0.000446191,0.0,0.0,0.0,0.0007649,0.0,0.0,0.0,0.0,0.0,0.0,0.0,0.0,0.0,0.0,0.0,0.0,0.0,0.0,0.0,0.0,0.0,0.0,0.0,0.0,0.0,0.0,0.0,0.0,0.0,0.0,0.0,0.0,0.0,0.0,0.0,0.0,0.0
94,PROP0510251,4,0.266663452,0.001687642,0.659578572,0.0,0.0,0.0,0.0,0.01909446,0.0,0.0,0.0,0.0,0.0,0.0,0.0,0.001687642,0.0,0.0,0.0,0.001703714,0.0,0.0,0.0,0.0,0.0,0.001012585,0.0,0.0,0.0,0.0,0.0,0.0,0.0,0.0,0.0,0.0,0.0,0.0,0.0,0.0,0.0,0.0,0.0,0.0,0.0,0.0,0.0,0.0,0.0,0.0,0.0,0.0,0.0
95,PROP0510251,5,0.830177092,0.045360243,0.001892085,0.0,0.0,0.106952582,0.0,0.000912848,0.0,0.0,0.0,0.0,0.0,0.000431528,0.0,0.0,0.0,0.0,0.0,0.002307016,0.0,0.0,0.0,0.0,0.0,0.0,0.0,0.0,0.0,0.0,0.0,0.0,0.0,0.0,0.0,0.0,0.0,0.0,0.0,0.0,0.0,0.0,0.0,0.0,0.0,0.0,0.0,0.0,0.0,0.0,0.0,0.0,0.0
96,PROP0510251,6,0.839922866,0.0001963,0.155181174,0.0,0.0,0.0,0.0,0.002944505,0.0,0.0,0.0,0.0,0.0,0.0,0.0,0.0,0.0,0.0,0.0,0.0,0.0,0.0,0.0,0.0,0.0,0.0,0.0,0.0,0.0,0.0,0.0,0.0,0.0,0.0,0.0,0.0,0.0,0.0,0.0,0.0,0.0,0.0,0.0,0.0,0.0,0.0,0.0,0.0,0.0,0.0,0.0,0.0,0.0
97,PROP0510251,7,0.081002877,0.024386164,0.018816485,0.0,0.0,0.0,0.0,0.001823108,0.0,0.0,0.0,0.0,0.0,0.001455141,0.0,0.000903191,0.0,0.0,0.0,0.000468321,0.0,0.0,0.0,0.0,0.0,0.863367231,0.0,0.0,0.0,0.0,0.0,0.0,0.0,0.0,0.0,0.0,0.0,0.0,0.0,0.0,0.0,0.0,0.0,0.0,0.0,0.0,0.0,0.0,0.0,0.0,0.0,0.0,0.0
98,PROP0510254,1,0.405582411,3.9e-05,0.587400593,0.0,0.0,0.0,0.0,0.005574614,0.0,0.0,0.0,0.0,0.0,0.0,0.0,0.000545766,0.0,0.0,0.0,0.0,0.0,0.0,0.0,0.0,0.0,0.0,0.0,0.0,0.0,0.0,0.0,0.0,0.0,0.0,0.0,0.0,0.0,0.0,0.0,0.0,0.0,0.0,0.0,0.0,0.0,0.0,0.0,0.0,0.0,0.0,0.0,0.0,0.0
99,PROP0510254,2,0.493281702,0.0,0.481897919,0.0,0.0,0.0,0.0,0.005831856,0.0,0.0,0.0,0.0,0.0,0.0,0.0,0.018335355,0.0,0.0,0.0,0.0,0.0,0.0,0.0,0.0,0.0,0.0,0.0,0.0,0.0,0.0,0.0,0.0,0.0,0.0,0.0,0.0,0.0,0.0,0.0,0.0,0.0,0.0,0.0,0.0,0.0,0.0,0.0,0.0,0.0,0.0,0.0,0.0,0.0
100,PROP0510254,3,0.460132565,0.013648665,0.487037691,0.000235322,0.0,0.000352983,0.0,0.010824803,0.0,0.0,0.0,0.0,0.0,0.0,0.0,0.000823626,0.0,0.0,0.0,0.0,0.0,0.0,0.0,0.0,0.0,0.0,0.025297094,0.0,0.0,0.0,0.0,0.0,0.0,0.0,0.0,0.0,0.0,0.0,0.0,0.0,0.0,0.0,0.0,0.0,0.0,0.0,0.0,0.0,0.0,0.0,0.0,0.0,0.0
101,PROP0510254,4,0.001971243,0.963647959,0.003681586,2.9e-05,0.0,0.0,0.006986317,0.019306586,0.0,0.0,0.0,0.0,0.0,0.0,0.0,0.0,0.0,0.0,0.0,0.00101461,0.0,0.0,0.0,0.0,0.0,0.0,0.0,0.0,0.0,0.0,0.0,0.0,0.0,0.0,0.0,0.0,0.0,0.0,0.0,0.0,0.0,0.0,0.0,0.0,0.0,0.0,0.0,0.0,0.0,0.0,0.0,0.0,0.0
102,PROP0510254,5,0.437908497,0.008443569,0.002001439,0.492009882,0.0,0.045157457,0.003940332,0.0,0.0,0.0,0.0,0.0,0.0,0.0,0.0,0.0,0.0,0.0,0.0,0.000813084,0.0,0.0,0.0,0.0,0.0,0.0,0.0,0.0,0.0,0.0,0.0,0.0,0.0,0.0,0.0,0.0,0.0,0.0,0.0,0.0,0.0,0.0,0.0,0.0,0.0,0.0,0.0,0.0,0.0,0.0,0.0,0.0,0.0
103,PROP0510254,6,0.694627429,0.11944564,0.003453717,0.043342492,0.0,0.018085118,0.03053174,2.21e-05,0.0,0.0,0.0,0.0,0.0,0.0,0.0,0.0,0.0,0.0,0.0,0.018945789,0.0,0.0,0.0,0.0,0.0,0.0,0.0,0.0,0.0,0.0,0.0,0.0,0.0,0.0,0.0,0.0,0.0,0.0,0.0,0.0,0.0,0.0,0.0,0.0,0.0,0.0,0.0,0.0,0.0,0.0,0.0,0.0,0.0
104,PROP0510254,7,0.366279751,0.021143549,0.587563997,7.82e-05,0.0,0.0,0.0,0.008559034,0.0,0.0,0.0,0.0,0.0,0.0,0.0,0.000312659,0.0,0.0,0.0,0.0,0.0,0.0,0.0,0.0,0.0,0.0,0.011568375,0.0,0.0,0.0,0.0,0.0,0.0,0.0,0.0,0.0,0.0,0.0,0.0,0.0,0.0,0.0,0.0,0.0,0.0,0.0,0.0,0.0,0.0,0.0,0.0,0.0,0.0
105,RPRC0530001,1,0.004959497,0.6065796,0.001653166,0.0,0.0,0.0,0.03818813,0.002744255,0.0,0.0,0.0,0.0,0.0,0.0,0.034352786,0.0,0.0,0.0,0.0,0.090295917,0.0,0.0,0.0,0.0,0.0,0.0,0.0,0.020829889,0.0,0.0,0.0,0.0,0.0,0.0,0.0,0.0,0.0,0.0,0.0,0.0,0.0,0.0,0.0,0.0,0.0,0.0,0.0,0.0,0.0,0.0,0.0,0.0,0.0
106,RPRC0530001,2,0.006714553,0.441755153,0.001717676,0.200811993,0.0,0.0,0.019987508,0.004762648,0.0,0.0,0.0,0.0,0.0,0.0,0.125468457,0.0,0.0,0.0,0.0,0.053638351,0.0,0.0,0.0,0.0,0.0,0.0,0.0,0.06394441,0.0,0.0,0.0,0.0,0.0,0.0,0.0,0.0,0.0,0.0,0.0,0.0,0.0,0.0,0.0,0.0,0.0,0.0,0.0,0.0,0.0,0.0,0.0,0.0,0.0
107,RPRC0530001,3,0.914776994,0.017745407,0.018996846,0.00020023,0.0,0.034439606,0.002803224,0.0016519,0.0,0.0,0.0,0.0,0.0,0.0,0.001151324,0.0,0.0,0.0,0.0,0.000525604,0.0,0.0,0.0,0.0,0.0,0.0,0.0,0.000425489,0.0,0.0,0.0,0.0,0.0,0.0,0.0,0.0,0.0,0.0,0.0,0.0,0.0,0.0,0.0,0.0,0.0,0.0,0.0,0.0,0.0,0.0,0.0,0.0,0.0
108,RPRC0530001,4,0.062632837,0.781349628,0.051939426,0.001328374,0.0,0.000863443,0.008169501,0.013084485,0.0,0.0,0.0,0.0,0.0,0.0,6.64e-05,0.0,0.0,0.0,0.0,0.011822529,0.0,0.0,0.0,0.0,0.0,0.0,0.0,0.001992561,0.0,0.0,0.0,0.0,0.0,0.0,0.0,0.0,0.0,0.0,0.0,0.0,0.0,0.0,0.0,0.0,0.0,0.0,0.0,0.0,0.0,0.0,0.0,0.0,0.0
109,RPRC0530001,5,0.000410266,0.004740849,0.848384009,0.057938642,0.0,0.038245886,0.0,0.045585085,0.0,0.0,0.0,0.0,0.0,0.0,0.0,0.0,0.0,0.0,0.0,0.0,0.0,0.0,0.0,0.0,0.0,0.0,0.0,0.0,0.0,0.0,0.0,0.0,0.0,0.0,0.0,0.0,0.0,0.0,0.0,0.0,0.0,0.0,0.0,0.0,0.0,0.0,0.0,0.0,0.0,0.0,0.0,0.0,0.0
110,RPRC0530001,6,0.000583504,0.053432251,0.66252657,0.171341641,0.0,0.012628683,0.009169341,0.054474222,0.0,0.0,0.0,0.0,0.0,0.0,0.0,0.0,0.0,0.0,0.0,0.005126495,0.0,0.0,0.0,0.0,0.0,0.0,0.0,8.34e-05,0.0,0.0,0.0,0.0,0.0,0.0,0.0,0.0,0.0,0.0,0.0,0.0,0.0,0.0,0.0,0.0,0.0,0.0,0.0,0.0,0.0,0.0,0.0,0.0,0.0
111,RPRC0530001,7,0.004345987,0.382562209,0.062805277,0.0,0.0,0.293181031,0.022806815,0.027306642,0.0,0.0,0.0,0.0,0.0,0.0,0.049728857,0.0,0.0,0.0,0.0,0.017037806,0.0,0.0,0.0,0.0,0.0,0.0,0.0,0.013999462,0.0,0.0,0.0,0.0,0.0,0.0,0.0,0.0,0.0,0.0,0.0,0.0,0.0,0.0,0.0,0.0,0.0,0.0,0.0,0.0,0.0,0.0,0.0,0.0,0.0
112,RPRC0530003,1,0.808167288,0.011383182,0.000212589,0.0,0.0,0.179038711,0.0,7.73e-05,0.0,0.0,0.0,0.0,0.0,0.000173937,0.0,0.0,0.0,0.0,0.0,5.8e-05,0.0,7.73e-05,0.0,0.0,0.0,0.0,0.0,0.0,0.0,0.0,0.0,0.0,0.0,0.0,0.0,0.0,0.0,0.0,0.0,0.0,0.0,0.0,0.0,0.0,0.0,0.0,0.0,0.0,0.0,0.0,0.0,0.0,0.0
113,RPRC0530003,2,0.000795874,0.428434993,0.001528078,0.447917993,0.0,0.001177894,0.046924742,0.002037438,0.0,0.0,0.0,0.0,0.0,0.011396918,0.0,0.0,0.0,0.0,0.0,0.014516745,0.0,0.004138546,0.0,0.0,0.0,0.0,0.0,0.0,0.0,0.0,0.0,0.0,0.0,0.0,0.0,0.0,0.0,0.0,0.0,0.0,0.0,0.0,0.0,0.0,0.0,0.0,0.0,0.0,0.0,0.0,0.0,0.0,0.0
114,RPRC0530003,3,0.525566754,0.354575034,0.001296193,0.0,0.0,0.052138719,0.004391186,0.001745893,0.0,0.0,0.0,0.0,0.0,0.010977965,0.0,0.0,0.0,0.0,0.0,0.006401608,0.0,0.007988784,0.0,0.0,0.0,0.0,0.0,0.0,0.0,0.0,0.0,0.0,0.0,0.0,0.0,0.0,0.0,0.0,0.0,0.0,0.0,0.0,0.0,0.0,0.0,0.0,0.0,0.0,0.0,0.0,0.0,0.0,0.0
115,RPRC0530003,4,0.76627994,0.059244012,0.140643713,0.0,0.0,0.0,0.0,0.029678144,0.0,0.0,0.0,0.0,0.0,0.000224551,0.0,0.0,0.0,0.0,0.0,0.0,0.0,0.0,0.0,0.0,0.0,0.0,0.0,0.0,0.0,0.0,0.0,0.0,0.0,0.0,0.0,0.0,0.0,0.0,0.0,0.0,0.0,0.0,0.0,0.0,0.0,0.0,0.0,0.0,0.0,0.0,0.0,0.0,0.0
116,RPRC0530003,5,0.490956575,0.136443197,0.00236157,0.237962937,0.0,0.021782013,0.052260162,0.022309894,0.0,0.0,0.0,0.0,0.0,0.008973967,0.0,0.0,0.0,0.0,0.0,0.002611619,0.0,0.00113911,0.0,0.0,0.0,0.0,0.0,0.0,0.0,0.0,0.0,0.0,0.0,0.0,0.0,0.0,0.0,0.0,0.0,0.0,0.0,0.0,0.0,0.0,0.0,0.0,0.0,0.0,0.0,0.0,0.0,0.0,0.0
117,RPRC0530003,6,0.6443396,0.241230107,0.001173393,0.000244457,0.0,0.008067079,0.005915858,0.001955656,0.0,0.0,0.0,0.0,0.0,0.002933483,0.0,0.0,0.0,0.0,0.0,0.01515633,0.0,0.054465006,0.0,0.0,0.0,0.0,0.0,0.0,0.0,0.0,0.0,0.0,0.0,0.0,0.0,0.0,0.0,0.0,0.0,0.0,0.0,0.0,0.0,0.0,0.0,0.0,0.0,0.0,0.0,0.0,0.0,0.0,0.0
118,RPRC0530003,7,0.015682138,0.533509142,0.013783404,0.099578059,0.0,0.000351617,0.209739803,0.004324895,0.0,0.0,0.0,0.0,0.0,0.026547117,0.0,0.0,0.0,0.0,0.0,0.019971871,0.0,0.014908579,0.0,0.0,0.0,0.0,0.0,0.0,0.0,0.0,0.0,0.0,0.0,0.0,0.0,0.0,0.0,0.0,0.0,0.0,0.0,0.0,0.0,0.0,0.0,0.0,0.0,0.0,0.0,0.0,0.0,0.0,0.0
119,RPRC0530004,1,0.001307072,0.022580791,0.000135214,0.0,0.0,0.0,0.0,0.0,0.0,0.0,0.0,0.0,0.0,0.0,0.0,0.0,0.0,0.0,0.0,0.0,0.0,0.0,0.0,0.0,0.0,0.0,0.0,0.0,0.513408753,0.118402668,0.107540452,0.0,0.0,0.0,0.0,0.0,0.0,0.0,0.0,0.0,0.0,0.0,0.0,0.0,0.0,0.0,0.0,0.0,0.0,0.0,0.0,0.0,0.0
120,RPRC0530004,2,0.057715832,0.887014865,0.000518961,0.010786967,0.0,0.0,0.010342143,0.0,0.0,0.0,0.0,0.0,0.0,0.0,0.00400341,0.0,0.0,0.0,0.0,0.002817215,0.0,0.0,0.0,0.0,0.0,0.0,0.0,0.0,3.71e-05,0.000444823,0.0,0.0,0.0,0.0,0.0,0.0,0.0,0.0,0.0,0.0,0.0,0.0,0.0,0.0,0.0,0.0,0.0,0.0,0.0,0.0,0.0,0.0,0.0
121,RPRC0530004,3,0.258209565,0.4892583,0.188717809,0.0,0.0,0.0,0.026888314,0.0,0.0,0.0,0.0,0.0,0.0,0.0,0.0,0.0,0.0,0.0,0.0,0.002089295,0.0,0.0,0.0,0.0,0.0,0.0,0.0,0.0,0.0,0.0,0.0,0.0,0.0,0.0,0.0,0.0,0.0,0.0,0.0,0.0,0.0,0.0,0.0,0.0,0.0,0.0,0.0,0.0,0.0,0.0,0.0,0.0,0.0
122,RPRC0530004,4,0.438085547,0.031264255,0.483631005,0.0,0.0,0.0,0.000736868,0.0,0.0,0.0,0.0,0.0,0.0,0.0,0.0,0.0,0.0,0.0,0.0,0.000771957,0.0,0.0,0.0,0.0,0.0,0.0,0.0,0.0,0.0,0.000105267,0.0,0.0,0.0,0.0,0.0,0.0,0.0,0.0,0.0,0.0,0.0,0.0,0.0,0.0,0.0,0.0,0.0,0.0,0.0,0.0,0.0,0.0,0.0
123,RPRC0530004,5,0.001315586,0.484445132,0.0,0.000541712,0.0,0.0,0.045116855,0.0,0.0,0.0,0.0,0.0,0.0,0.0,0.099288036,0.0,0.0,0.0,0.0,0.060516948,0.0,0.0,0.0,0.0,0.0,0.0,0.0,0.0,0.0,0.009982975,0.0,0.0,0.0,0.0,0.0,0.0,0.0,0.0,0.0,0.0,0.0,0.0,0.0,0.0,0.0,0.0,0.0,0.0,0.0,0.0,0.0,0.0,0.0
124,RPRC0530004,6,0.000629228,0.902375334,0.000975303,0.050464055,0.0,0.0,0.011263174,0.0,0.0,0.0,0.0,0.0,0.0,0.0,0.008809187,0.0,0.0,0.0,0.0,0.008022652,0.0,0.0,0.0,0.0,0.0,0.0,0.0,0.0,0.0,0.000503382,0.0,0.0,0.0,0.0,0.0,0.0,0.0,0.0,0.0,0.0,0.0,0.0,0.0,0.0,0.0,0.0,0.0,0.0,0.0,0.0,0.0,0.0,0.0
125,RPRC0530004,7,0.036916087,0.928628899,0.0,0.029674854,0.0,0.0,0.002366416,0.0,0.0,0.0,0.0,0.0,0.0,0.0,0.00028397,0.0,0.0,0.0,0.0,0.000615268,0.0,0.0,0.0,0.0,0.0,0.0,0.0,0.0,0.0,0.0,0.0,0.0,0.0,0.0,0.0,0.0,0.0,0.0,0.0,0.0,0.0,0.0,0.0,0.0,0.0,0.0,0.0,0.0,0.0,0.0,0.0,0.0,0.0
126,RPRC0530005,1,2.92e-05,0.981735783,1.95e-05,0.013703036,0.0,0.003966668,6.82e-05,0.0,0.0,0.0,0.0,0.0,0.0,1.95e-05,0.0,0.0,0.0,0.0,0.0,3.9e-05,0.0,0.0,0.000107207,0.0,0.0,0.0,0.0,0.0,0.0,0.0,0.0,0.0,0.0,0.0,0.0,0.0,0.0,0.0,0.0,0.0,0.0,0.0,0.0,0.0,0.0,0.0,0.0,0.0,0.0,0.0,0.0,0.0,0.0
127,RPRC0530005,2,0.004076225,0.810251707,0.005536873,0.077754,0.0,0.002479704,0.007031489,0.0,0.0,0.0,0.0,0.0,0.0,0.024593227,0.0,0.0,0.0,0.0,0.0,0.013995041,0.0,0.0,0.021196372,0.0,0.0,0.0,0.0,0.0,0.0,0.0,0.0,0.0,0.0,0.0,0.0,0.0,0.0,0.0,0.0,0.0,0.0,0.0,0.0,0.0,0.0,0.0,0.0,0.0,0.0,0.0,0.0,0.0,0.0
128,RPRC0530005,3,0.579590193,0.375067108,0.000201324,2.24e-05,0.0,0.040980673,0.0,0.0,0.0,0.0,0.0,0.0,0.0,0.0,0.0,0.0,0.0,0.0,0.0,0.000223694,0.0,0.0,0.0,0.0,0.0,0.0,0.0,0.0,0.0,0.0,0.0,0.0,0.0,0.0,0.0,0.0,0.0,0.0,0.0,0.0,0.0,0.0,0.0,0.0,0.0,0.0,0.0,0.0,0.0,0.0,0.0,0.0,0.0
129,RPRC0530005,4,0.379268346,0.206620558,0.00187046,0.26277785,0.0,0.110357127,0.01766062,0.0,0.0,0.0,0.0,0.0,0.0,0.002174953,0.0,0.0,0.0,0.0,0.0,0.004436905,0.0,0.0,0.000521989,0.0,0.0,0.0,0.0,0.0,0.0,0.0,0.0,0.0,0.0,0.0,0.0,0.0,0.0,0.0,0.0,0.0,0.0,0.0,0.0,0.0,0.0,0.0,0.0,0.0,0.0,0.0,0.0,0.0,0.0
130,RPRC0530005,5,0.006928001,0.402525651,0.005963343,0.511648981,0.0,0.032359905,0.012949809,0.0,0.0,0.0,0.0,0.0,0.0,0.0,0.0,0.0,0.0,0.0,0.0,0.001256979,0.0,0.0,0.0,0.0,0.0,0.0,0.0,0.0,0.0,0.0,0.0,0.00070157,0.0,0.0,0.0,0.0,0.0,0.0,0.0,0.0,0.0,0.0,0.0,0.0,0.0,0.0,0.0,0.0,0.0,0.0,0.0,0.0,0.0
131,RPRC0530005,6,0.953496214,0.043468931,0.000214586,0.0,0.0,0.0,0.000797033,0.0,0.0,0.0,0.0,0.0,0.0,0.0,0.0,0.0,0.0,0.0,0.0,0.0,0.0,0.0,0.0,0.0,0.0,0.0,0.0,0.0,0.0,0.0,0.0,0.0,0.0,0.0,0.0,0.0,0.0,0.0,0.0,0.0,0.0,0.0,0.0,0.0,0.0,0.0,0.0,0.0,0.0,0.0,0.0,0.0,0.0
132,RPRC0530005,7,0.000821931,0.700043514,0.000628536,0.16312914,0.0,0.00174056,9.67e-05,0.0,0.0,0.0,0.0,0.0,0.0,0.000580187,0.0,0.0,0.0,0.0,0.0,0.014262921,0.0,0.0,0.06116134,0.0,0.0,0.0,0.0,0.0,0.0,0.0,0.0,0.044432626,0.0,0.0,0.0,0.0,0.0,0.0,0.0,0.0,0.0,0.0,0.0,0.0,0.0,0.0,0.0,0.0,0.0,0.0,0.0,0.0,0.0
133,RPRC0530006,1,0.122963093,0.288470008,0.215801991,0.0,0.0,0.181626002,0.0,0.095217123,0.0,0.0,0.0,0.0,0.0,0.0,0.0,0.0,0.0,0.0,0.0,0.027569805,0.0,0.0,0.0,0.0,0.0,0.0,0.0,0.0,0.0,0.0,0.0,0.0,0.0,0.0,0.0,0.0,0.0,0.0,0.0,0.0,0.0,0.0,0.0,0.0,0.0,0.0,0.0,0.0,0.0,0.0,0.0,0.0,0.0
134,RPRC0530006,2,0.064077225,0.743805677,0.001389247,0.117713615,0.0,0.000372375,0.007762596,0.000415342,0.0,0.0,0.0,0.0,0.0,0.0,0.015424938,0.0,0.014221878,0.0,0.0,0.004439861,0.0,0.0,0.0,0.0,0.0,0.0,0.0,0.0,0.0,0.0,0.0,0.0,0.0,0.0,0.0,0.0,0.0,0.0,0.0,0.0,0.0,0.0,0.0,0.0,0.0,0.0,0.0,0.0,0.0,0.0,0.0,0.0,0.0
135,RPRC0530006,3,0.567302611,0.135054434,0.001744002,0.0,0.0,0.282052637,0.0,0.000766304,0.0,0.0,0.0,0.0,0.0,0.0,0.000396364,0.0,0.0,0.0,0.0,0.004729944,0.0,0.0,0.0,0.0,0.0,0.0,0.0,0.0,0.0,0.0,0.0,0.0,0.0,0.0,0.0,0.0,0.0,0.0,0.0,0.0,0.0,0.0,0.0,0.0,0.0,0.0,0.0,0.0,0.0,0.0,0.0,0.0,0.0
136,RPRC0530006,4,0.295761502,0.524267047,0.00603931,0.078950258,0.0,0.0,0.004941254,0.001537279,0.0,0.0,0.0,0.0,0.0,0.0,0.019765016,0.0,0.000109806,0.0,0.0,0.008125618,0.0,0.0,0.0,0.0,0.0,0.0,0.0,0.0,0.0,0.0,0.0,0.0,0.0,0.0,0.0,0.0,0.0,0.0,0.0,0.0,0.0,0.0,0.0,0.0,0.0,0.0,0.0,0.0,0.0,0.0,0.0,0.0,0.0
137,RPRC0530006,5,0.093092369,0.52562249,0.003400268,0.317991968,0.0,0.00227577,0.007362784,0.000776439,0.0,0.0,0.0,0.0,0.0,0.0,0.0,0.0,0.000267738,0.0,0.0,0.020562249,0.0,0.0,0.0,0.0,0.0,0.0,0.0,0.0,0.0,0.0,0.0,0.0,0.0,0.0,0.0,0.0,0.0,0.0,0.0,0.0,0.0,0.0,0.0,0.0,0.0,0.0,0.0,0.0,0.0,0.0,0.0,0.0,0.0
138,RPRC0530006,6,0.410768339,0.451858054,0.001320281,0.00032202,0.0,0.109551105,0.0,0.001030463,0.0,0.0,0.0,0.0,0.0,0.0,0.0,0.0,0.0,0.0,0.0,0.008372512,0.0,0.0,0.0,0.0,0.0,0.0,0.0,0.0,0.0,0.0,0.0,0.0,0.0,0.0,0.0,0.0,0.0,0.0,0.0,0.0,0.0,0.0,0.0,0.0,0.0,0.0,0.0,0.0,0.0,0.0,0.0,0.0,0.0
139,RPRC0530006,7,0.000339186,0.720317219,0.002261238,0.205740313,0.0,0.000145365,0.04588697,4.85e-05,0.0,0.0,0.0,0.0,0.0,0.0,0.001889749,0.0,8.08e-05,0.0,0.0,0.004457868,0.0,0.0,0.0,0.0,0.0,0.0,0.0,0.0,0.0,0.0,0.0,0.0,0.0,0.0,0.0,0.0,0.0,0.0,0.0,0.0,0.0,0.0,0.0,0.0,0.0,0.0,0.0,0.0,0.0,0.0,0.0,0.0,0.0
140,RPRC0530007,1,0.168601599,0.77434222,0.00166268,0.004112946,0.0,0.012718044,0.004083776,0.002537775,0.0,0.0,0.0,0.0,0.0,0.008313401,0.0,0.0,0.0,0.0,0.0,0.0,0.0,0.0,0.0,0.0,0.0,0.0,0.0,0.0,0.0,0.0,0.0,0.000291698,0.0,0.0,0.0,0.0,0.0,0.0,0.0,0.0,0.0,0.0,0.0,0.0,0.0,0.0,0.0,0.0,0.0,0.0,0.0,0.0,0.0
141,RPRC0530007,2,0.016381392,0.878154643,0.000280024,0.100738563,0.0,0.001050089,0.000385033,0.0,0.0,0.0,0.0,0.0,0.0,7e-05,0.0,0.0,0.0,0.0,0.0,0.0,0.0,0.0,0.0,0.0,0.0,0.0,0.0,0.0,0.0,0.0,0.0,0.000455039,0.0,0.0,0.0,0.0,0.0,0.0,0.0,0.0,0.0,0.0,0.0,0.0,0.0,0.0,0.0,0.0,0.0,0.0,0.0,0.0,0.0
142,RPRC0530007,3,0.104589377,0.79723337,0.01347443,2.24e-05,0.0,0.0,0.0004484,0.022397597,0.0,0.0,0.0,0.0,0.0,0.014303971,0.0,0.0,0.0,0.0,0.0,0.0,0.0,0.0,0.0,0.0,0.0,0.0,0.0,0.0,0.0,0.0,0.0,0.0,0.0,0.0,0.0,0.0,0.0,0.0,0.0,0.0,0.0,0.0,0.0,0.0,0.0,0.0,0.0,0.0,0.0,0.0,0.0,0.0,0.0
143,RPRC0530007,4,0.174983554,0.604454469,0.104501457,9.4e-05,0.0,0.064749554,0.000219278,0.007987971,0.0,0.0,0.0,0.0,0.0,0.006954234,0.0,0.0,0.0,0.0,0.0,0.0,0.0,0.0,0.0,0.0,0.0,0.0,0.0,0.0,0.0,0.0,0.0,9.4e-05,0.000469881,0.0,0.0,0.0,0.0,0.0,0.0,0.0,0.0,0.0,0.0,0.0,0.0,0.0,0.0,0.0,0.0,0.0,0.0,0.0,0.0
144,RPRC0530007,5,0.004008325,0.693799943,0.011716642,0.005858321,0.0,0.017138159,0.176803104,0.007990956,0.0,0.0,0.0,0.0,0.0,0.006911791,0.0,0.0,0.0,0.0,0.0,0.0,0.0,0.0,0.0,0.0,0.0,0.0,0.0,0.0,0.0,0.0,0.0,0.002929161,0.0,0.0,0.0,0.0,0.0,0.0,0.0,0.0,0.0,0.0,0.0,0.0,0.0,0.0,0.0,0.0,0.0,0.0,0.0,0.0,0.0
145,RPRC0530007,6,0.000525279,0.393827971,0.012606697,0.225607354,0.0,0.013832348,0.314904793,0.000350186,0.0,0.0,0.0,0.0,0.0,0.003983366,0.0,0.0,0.0,0.0,0.0,0.0,0.0,0.0,0.0,0.0,0.0,0.0,0.0,0.0,0.0,0.0,0.0,0.0,0.0,0.0,0.0,0.0,0.0,0.0,0.0,0.0,0.0,0.0,0.0,0.0,0.0,0.0,0.0,0.0,0.0,0.0,0.0,0.0,0.0
146,RPRC0530007,7,0.001730867,0.73466825,0.0,0.0,0.0,0.015170541,0.013168166,0.0,0.0,0.0,0.0,0.0,0.0,0.011131851,0.0,0.0,0.0,0.0,0.0,0.0,0.0,0.0,0.0,0.0,0.0,0.0,0.0,0.0,0.0,0.0,0.0,0.049312744,0.092855931,0.0,0.0,0.0,0.0,0.0,0.0,0.0,0.0,0.0,0.0,0.0,0.0,0.0,0.0,0.0,0.0,0.0,0.0,0.0,0.0
147,RPRC0530010,1,0.000167274,0.070663891,0.000873541,0.898855104,0.0,0.014589993,0.0,0.0,0.0,0.0,0.0,0.0,0.0,0.001858598,0.0,0.0,0.0,0.0,0.000669095,0.0,0.000334548,0.000334548,0.000148688,0.0,0.0,0.0,0.0,0.0,0.0,0.0,0.0,0.0,0.0,0.0,0.0,0.0,0.0,0.0,0.0,0.0,0.0,0.0,0.0,0.0,0.0,0.0,0.0,0.0,0.0,0.0,0.0,0.0,0.0
148,RPRC0530010,2,0.003345601,0.05966321,0.0,0.860376938,0.0,0.030288837,0.0,0.0,0.0,0.0,0.0,0.0,0.0,0.002297312,0.0,0.0,0.0,0.0,0.0,0.0,0.002029664,0.005174529,0.0,0.0,0.0,0.0,0.0,0.0,0.0,0.0,0.0,0.0,0.0,0.0,0.0,0.0,0.0,0.0,0.0,0.0,0.0,0.0,0.0,0.0,0.0,0.0,0.0,0.0,0.0,0.0,0.0,0.0,0.0
149,RPRC0530010,3,0.001557664,0.358819008,0.000465276,0.210921854,0.0,0.002963607,0.0,0.0,0.0,0.0,0.0,0.0,0.0,0.079380171,0.0,0.0,0.0,0.0,0.023850464,0.0,0.096180689,0.050927518,0.000434932,0.0,0.0,0.0,0.0,0.0,0.0,0.0,0.0,0.0,0.0,0.0,0.0,0.0,0.0,0.0,0.0,0.0,0.0,0.0,0.0,0.0,0.0,0.0,0.0,0.0,0.0,0.0,0.0,0.0,0.0
150,RPRC0530010,4,0.001912802,0.768266464,7.9e-05,0.002576749,0.0,0.000648139,0.0,0.0,0.0,0.0,0.0,0.0,0.0,0.06524076,0.0,0.0,0.0,0.0,0.037354959,0.0,0.017009706,0.012219798,0.0,0.0,0.0,0.0,0.0,0.0,0.0,0.0,0.0,0.0,0.0,0.0,0.0,0.0,0.0,0.0,0.0,0.0,0.0,0.0,0.0,0.0,0.0,0.0,0.0,0.0,0.0,0.0,0.0,0.0,0.0
151,RPRC0530010,5,0.196348953,0.113863885,0.437873307,0.001009506,0.0,0.177126272,0.0,0.0,0.0,0.0,0.0,0.0,0.0,0.002355514,0.0,0.0,0.0,0.0,0.002860268,0.0,0.000210314,0.003911836,0.002397577,0.0,0.0,0.0,0.0,0.0,0.0,0.0,0.0,0.0,0.0,0.0,0.0,0.0,0.0,0.0,0.0,0.0,0.0,0.0,0.0,0.0,0.0,0.0,0.0,0.0,0.0,0.0,0.0,0.0,0.0
152,RPRC0530010,6,0.735205519,0.030868396,0.001101286,0.002299744,0.0,0.196255628,0.0,0.0,0.0,0.0,0.0,0.0,0.0,0.002461698,0.0,0.0,0.0,0.0,0.001101286,0.0,0.001943446,0.003141904,0.01146633,0.0,0.0,0.0,0.0,0.0,0.0,0.0,0.0,0.0,0.0,0.0,0.0,0.0,0.0,0.0,0.0,0.0,0.0,0.0,0.0,0.0,0.0,0.0,0.0,0.0,0.0,0.0,0.0,0.0,0.0
153,RPRC0530010,7,0.848370238,0.09589465,0.000687663,0.000171916,0.0,0.034933297,0.0,0.0,0.0,0.0,0.0,0.0,0.0,0.00477926,0.0,0.0,0.0,0.0,0.000584514,0.0,0.000137533,0.002509971,0.000343832,0.0,0.0,0.0,0.0,0.0,0.0,0.0,0.0,0.0,0.0,0.0,0.0,0.0,0.0,0.0,0.0,0.0,0.0,0.0,0.0,0.0,0.0,0.0,0.0,0.0,0.0,0.0,0.0,0.0,0.0
154,RPRC0530011,1,0.016645036,0.000746269,0.939617132,0.0,0.0,0.0,0.0,0.041985724,0.0,0.0,0.0,0.0,0.0,3.24e-05,0.0,0.0,0.0,0.0,0.0,0.0,0.0,0.0,0.0,0.0,0.0,0.0,0.0,3.24e-05,0.0,0.0,0.0,0.0,0.0,0.000162232,0.0,0.0,0.0,0.0,0.0,0.0,0.0,0.0,0.0,0.0,0.0,0.0,0.0,0.0,0.0,0.0,0.0,0.0,0.0
155,RPRC0530011,2,0.7242021,0.0754187,0.182718303,0.0,0.0,0.0,3.51e-05,0.00842667,0.0,0.0,0.0,0.0,0.0,0.000386222,0.0,0.0,0.0,0.0,0.0,0.000737334,0.0,0.0,0.0,0.0,0.0,0.0,0.0,0.0,0.0,0.0,0.0,0.0,0.0,0.003195113,0.0,0.0,0.0,0.0,0.0,0.0,0.0,0.0,0.0,0.0,0.0,0.0,0.0,0.0,0.0,0.0,0.0,0.0,0.0
156,RPRC0530011,3,0.004675429,0.90285325,0.003313052,0.0,0.0,0.0,0.011951759,0.001161117,0.0,0.0,0.0,0.0,0.0,0.00846841,0.0,0.0,0.0,0.0,0.0,0.007601443,0.0,0.0,0.0,0.0,0.0,0.0,0.0,0.001223043,0.0,0.0,0.0,0.0,0.0,0.012493614,0.002120973,0.0,0.0,0.0,0.0,0.0,0.0,0.0,0.0,0.0,0.0,0.0,0.0,0.0,0.0,0.0,0.0,0.0,0.0
157,RPRC0530011,4,0.000451325,0.022069775,0.887800695,0.0,0.0,0.0,0.00311414,0.061425283,0.0,0.0,0.0,0.0,0.0,0.0,0.0,0.0,0.0,0.0,0.0,0.00640881,0.0,0.0,0.0,0.0,0.0,0.0,0.0,0.002076093,0.0,0.0,0.0,0.0,0.0,0.012772487,0.0,0.0,0.0,0.0,0.0,0.0,0.0,0.0,0.0,0.0,0.0,0.0,0.0,0.0,0.0,0.0,0.0,0.0,0.0
158,RPRC0530011,5,0.247632168,0.319097641,0.00637162,0.0,0.0,0.0,0.324608231,0.000688824,0.0,0.0,0.0,0.0,0.0,0.003444119,0.0,0.0,0.0,0.0,0.0,0.00981574,0.0,0.0,0.0,0.0,0.0,0.0,0.0,0.001205442,0.0,0.0,0.0,0.0,0.0,0.030997072,0.035991045,0.0,0.0,0.0,0.0,0.0,0.0,0.0,0.0,0.0,0.0,0.0,0.0,0.0,0.0,0.0,0.0,0.0,0.0
159,RPRC0530011,6,0.729074617,0.243713094,0.001238799,0.0,0.0,0.0,0.002477598,4.13e-05,0.0,0.0,0.0,0.0,0.0,0.002105959,0.0,0.0,0.0,0.0,0.0,0.0006194,0.0,0.0,0.0,0.0,0.0,0.0,0.0,0.00049552,0.0,0.0,0.0,0.0,0.0,0.007185035,0.00049552,0.0,0.0,0.0,0.0,0.0,0.0,0.0,0.0,0.0,0.0,0.0,0.0,0.0,0.0,0.0,0.0,0.0,0.0
160,RPRC0530011,7,0.011325873,0.279416751,0.592675483,0.0,0.0,0.0,0.01013903,0.060427263,0.0,0.0,0.0,0.0,0.0,0.002000678,0.0,0.0,0.0,0.0,0.0,0.0,0.0,0.0,0.0,0.0,0.0,0.0,0.0,0.0,0.0,0.0,0.0,0.0,0.0,0.022685656,0.0,0.0,0.0,0.0,0.0,0.0,0.0,0.0,0.0,0.0,0.0,0.0,0.0,0.0,0.0,0.0,0.0,0.0,0.0
161,RPRC0530015,1,0.440422664,0.025527481,0.487287224,0.0,0.0,0.033149484,4.53e-05,0.005413547,0.0,0.0,0.0,0.0,0.0,0.000645549,0.0,0.0,0.0,0.0,0.0,0.001189168,0.0,0.0,0.0,0.0,0.0,0.0,0.0,0.0,0.0,0.0,0.0,0.0,0.0,0.001200494,0.0,0.0,0.0,0.0,0.0,0.0,0.0,0.0,0.0,0.0,0.0,0.0,0.0,0.0,0.0,0.0,0.0,0.0,0.0
162,RPRC0530015,2,0.23046052,0.064864051,0.362747065,0.0,0.0,0.210895957,0.003963078,0.028443865,0.0,0.0,0.0,0.0,0.0,0.017708438,0.0,0.0,0.0,0.0,0.0,0.012591552,0.0,0.0,0.0,0.0,0.0,0.0,0.0,0.0,0.0,0.0,0.0,0.0,0.0,0.004866058,0.0,0.0,0.0,0.0,0.0,0.0,0.0,0.0,0.0,0.0,0.0,0.0,0.0,0.0,0.0,0.0,0.0,0.0,0.0
163,RPRC0530015,3,0.856884277,0.003209847,0.107107518,0.0,0.0,0.025582237,0.0,0.006202486,0.0,0.0,0.0,0.0,0.0,9.65e-05,0.0,0.0,0.0,0.0,0.0,0.000144805,0.0,0.0,0.0,0.0,0.0,0.0,0.0,0.0,0.0,0.0,0.0,0.0,0.0,0.000168939,0.0,0.0,0.0,0.0,0.0,0.0,0.0,0.0,0.0,0.0,0.0,0.0,0.0,0.0,0.0,0.0,0.0,0.0,0.0
164,RPRC0530015,4,0.167758126,0.022757352,0.046030355,0.647346981,0.0,0.014472576,0.052011894,0.011516183,0.0,0.0,0.0,0.0,0.0,0.005070558,0.0,0.0,0.0,0.0,0.0,0.003351725,0.0,0.0,0.0,0.0,0.0,0.0,0.0,0.0,0.0,0.0,0.0,0.0,0.0,0.000567215,0.0,0.0,0.0,0.0,0.0,0.0,0.0,0.0,0.0,0.0,0.0,0.0,0.0,0.0,0.0,0.0,0.0,0.0,0.0
165,RPRC0530015,5,0.084584175,0.019867424,0.000238104,0.828964913,0.0,0.030563069,0.027458189,0.000714313,0.0,0.0,0.0,0.0,0.0,0.001590537,0.0,0.0,0.0,0.0,0.0,0.0,0.0,0.0,0.0,0.0,0.0,0.0,0.0,0.0,0.0,0.0,0.0,0.0,0.0,0.000276201,0.0,0.0,0.0,0.0,0.0,0.0,0.0,0.0,0.0,0.0,0.0,0.0,0.0,0.0,0.0,0.0,0.0,0.0,0.0
166,RPRC0530015,6,0.408177219,0.011696066,0.530024158,0.0,0.0,0.027777018,9.12e-06,0.017001686,0.0,0.0,0.0,0.0,0.0,0.000811341,0.0,0.0,0.0,0.0,0.0,0.000619901,0.0,0.0,0.0,0.0,0.0,0.0,0.0,0.0,0.0,0.0,0.0,0.0,0.0,0.001221569,0.0,0.0,0.0,0.0,0.0,0.0,0.0,0.0,0.0,0.0,0.0,0.0,0.0,0.0,0.0,0.0,0.0,0.0,0.0
167,RPRC0530015,7,0.679328187,0.012429284,0.144200132,0.0,0.0,0.154381369,0.000260105,0.00557367,0.0,0.0,0.0,0.0,0.0,0.000733867,0.0,0.0,0.0,0.0,0.0,0.000566656,0.0,0.0,0.0,0.0,0.0,0.0,0.0,0.0,0.0,0.0,0.0,0.0,0.0,0.000204368,0.0,0.0,0.0,0.0,0.0,0.0,0.0,0.0,0.0,0.0,0.0,0.0,0.0,0.0,0.0,0.0,0.0,0.0,0.0
168,RPRC0530016,1,0.216243926,0.035349708,0.000579503,0.285784336,0.0,0.153434672,0.000133732,0.0,0.0,0.0,0.0,0.0,0.0,0.000757812,0.0,0.0,0.0,0.0,8.92e-05,0.0,0.0,0.0,0.0,0.302144163,0.0,0.0,0.0,0.0,0.0,0.0,0.0,0.0,0.0,0.0,0.0,0.0,0.0,0.0,0.0,0.0,0.0,0.0,0.0,0.0,0.0,0.0,0.0,0.0,0.0,0.0,0.0,0.0,0.0
169,RPRC0530016,2,0.001705481,0.802693484,0.021347918,0.0,0.0,0.002058339,0.060691602,0.0,0.0,0.0,0.0,0.0,0.0,0.022641731,0.0,0.0,0.0,0.0,0.032286521,0.0,0.0,0.0,0.0,0.0,0.0,0.0,0.0,0.0,0.0,0.0,0.0,0.0,0.0,0.0,0.0,0.0,0.0,0.0,0.0,0.0,0.0,0.0,0.0,0.0,0.0,0.0,0.0,0.0,0.0,0.0,0.0,0.0,0.0
170,RPRC0530016,3,0.000213349,0.872026455,0.006009316,0.0,0.0,0.000213349,0.009173986,0.0,0.0,0.0,0.0,0.0,0.0,0.002097927,0.0,0.0,0.0,0.0,0.000426697,0.0,0.0,0.0,0.0,0.0,0.0,0.0,0.0,0.0,0.0,0.0,0.0,0.085908331,0.0,0.0,0.0,0.0,0.0,0.0,0.0,0.0,0.0,0.0,0.0,0.0,0.0,0.0,0.0,0.0,0.0,0.0,0.0,0.0,0.0
171,RPRC0530016,4,0.000139353,0.888921405,5.57e-05,0.0,0.0,0.0,0.0,0.0,0.0,0.0,0.0,0.0,0.0,0.081661093,0.0,0.0,0.0,0.0,0.025515608,0.0,0.0,0.0,0.0,8.36e-05,0.0,0.0,0.0,0.0,0.0,0.0,0.0,0.0,0.0,0.0,0.0,0.0,0.0,0.0,0.0,0.0,0.0,0.0,0.0,0.0,0.0,0.0,0.0,0.0,0.0,0.0,0.0,0.0,0.0
172,RPRC0530016,5,0.606686394,0.025792776,0.001091314,0.105143865,0.0,0.25841046,4.2e-05,0.0,0.0,0.0,0.0,0.0,0.0,0.000272828,0.0,0.0,0.0,0.0,0.0,0.0,0.0,0.0,0.0,0.0,0.0,0.0,0.0,0.0,0.0,0.0,0.0,0.0,0.0,0.0,0.0,0.0,0.0,0.0,0.0,0.0,0.0,0.0,0.0,0.0,0.0,0.0,0.0,0.0,0.0,0.0,0.0,0.0,0.0
173,RPRC0530016,6,0.697686173,0.029540604,0.000224643,0.234976974,0.0,0.022829383,0.000112322,0.0,0.0,0.0,0.0,0.0,0.0,0.000336965,0.0,0.0,0.0,0.0,0.000140402,0.0,0.0,0.0,0.0,0.012074582,0.0,0.0,0.0,0.0,0.0,0.0,0.0,0.0,0.0,0.0,0.0,0.0,0.0,0.0,0.0,0.0,0.0,0.0,0.0,0.0,0.0,0.0,0.0,0.0,0.0,0.0,0.0,0.0,0.0
174,RPRC0530016,7,0.099873193,0.715800152,0.003043368,0.065280243,0.0,0.00091301,0.0,0.0,0.0,0.0,0.0,0.0,0.0,0.015013949,0.0,0.0,0.0,0.0,0.024651281,0.0,0.0,0.0,0.0,0.021049962,0.0,0.0,0.0,0.0,0.0,0.0,0.0,0.0,0.0,0.0,0.0,0.0,0.0,0.0,0.0,0.0,0.0,0.0,0.0,0.0,0.0,0.0,0.0,0.0,0.0,0.0,0.0,0.0,0.0
175,RPRC0530018,1,0.062573476,0.855322538,0.001934089,0.034775684,0.0,0.001213546,0.0,0.0,0.0,0.0,0.0,0.0,0.0,0.010808146,0.00102393,0.0,0.0,0.0,0.002465016,0.007963897,0.004702492,0.0,0.0,0.0,0.0,0.0,0.0,0.0,0.0,0.0,0.0,0.0,0.0,0.0,0.0,0.0,0.0,0.0,0.0,0.0,0.0,0.0,0.0,0.0,0.0,0.0,0.0,0.0,0.0,0.0,0.0,0.0,0.0
176,RPRC0530018,2,0.149642318,0.793761254,0.015280549,0.0,0.0,0.028517203,0.0,0.0,0.0,0.0,0.0,0.0,0.0,0.001946567,0.0,0.0,0.0,0.0,0.0,0.002481873,0.0,0.0,0.0,0.0,0.0,0.0,0.0,0.0,0.0,0.0,0.0,0.0,0.0,0.0,0.0,0.0,0.0,0.0,0.0,0.0,0.0,0.0,0.0,0.0,0.0,0.0,0.0,0.0,0.0,0.0,0.0,0.0,0.0
177,RPRC0530018,3,0.615693396,0.04202109,0.003185829,0.0,0.0,0.332759884,0.0,0.0,0.0,0.0,0.0,0.0,0.0,0.001656631,0.0,0.0,0.0,0.0,0.0,0.003090255,0.0,0.0,0.0,0.0,0.0,0.0,0.0,0.0,0.0,0.0,0.0,0.0,0.0,0.0,0.0,0.0,0.0,0.0,0.0,0.0,0.0,0.0,0.0,0.0,0.0,0.0,0.0,0.0,0.0,0.0,0.0,0.0,0.0
178,RPRC0530018,4,0.284215283,0.610603474,0.004066673,0.051561402,0.0,0.0,0.0,0.0,0.0,0.0,0.0,0.0,0.0,0.023496335,0.000100412,0.0,0.0,0.0,0.000251029,0.008434582,0.003514409,0.0,0.0,0.0,0.0,0.0,0.0,0.0,0.0,0.0,0.0,0.0,0.0,0.0,0.0,0.0,0.0,0.0,0.0,0.0,0.0,0.0,0.0,0.0,0.0,0.0,0.0,0.0,0.0,0.0,0.0,0.0,0.0
179,RPRC0530018,5,0.001708044,0.042026589,0.000543963,0.946539307,0.0,0.002197611,0.0,0.0,0.0,0.0,0.0,0.0,0.0,0.00294828,0.0,0.0,0.0,0.0,0.00029374,0.0,0.0,0.0,0.0,0.0,0.0,0.0,0.0,0.0,0.0,0.0,0.0,0.0,0.0,0.0,0.0,0.0,0.0,0.0,0.0,0.0,0.0,0.0,0.0,0.0,0.0,0.0,0.0,0.0,0.0,0.0,0.0,0.0,0.0
180,RPRC0530018,6,0.000265221,0.644810515,0.001267166,0.000117876,0.0,0.0,0.0,0.0,0.0,0.0,0.0,0.0,0.0,0.08204161,0.045028585,0.0,0.0,0.0,0.047209289,0.030323569,0.025814817,0.0,0.0,0.0,0.0,0.0,0.0,0.0,0.0,0.0,0.0,0.0,0.0,0.0,0.0,0.0,0.0,0.0,0.0,0.0,0.0,0.0,0.0,0.0,0.0,0.0,0.0,0.0,0.0,0.0,0.0,0.0,0.0
181,RPRC0530018,7,0.796037936,0.011461423,0.073345783,0.0,0.0,0.115712769,0.0,0.0,0.0,0.0,0.0,0.0,0.0,0.001025303,0.0,0.0,0.0,0.0,0.0,0.000402798,0.0,0.0,0.0,0.0,0.0,0.0,0.0,0.0,0.0,0.0,0.0,0.0,0.0,0.0,0.0,0.0,0.0,0.0,0.0,0.0,0.0,0.0,0.0,0.0,0.0,0.0,0.0,0.0,0.0,0.0,0.0,0.0,0.0
182,RPRC0530019,1,0.00172014,0.919697778,1.09e-05,0.002993914,0.0,0.0,0.000391931,0.000119757,0.0,0.0,0.0,0.0,0.0,0.0,0.0,0.0,0.071004758,0.0,0.000631444,8.71e-05,0.0,0.0,0.0,0.0,0.0,0.0,0.0,0.0,0.0,0.0,0.0,0.0,0.0,0.0,0.0,0.0,0.0,0.0,0.0,0.0,0.0,0.0,0.0,0.0,0.0,0.0,0.0,0.0,0.0,0.0,0.0,0.0,0.0
183,RPRC0530019,2,0.040878337,0.250941944,0.000445651,0.65190617,0.0,0.000526678,0.007251955,0.000891302,0.0,0.0,0.0,0.0,0.0,0.0,0.0,0.0,0.008467366,0.0,0.004659077,0.009966374,0.0,0.0,0.0,0.0,0.0,0.0,0.0,0.0,0.0,0.0,0.0,0.0,0.0,0.0,0.0,0.0,0.0,0.0,0.0,0.0,0.0,0.0,0.0,0.0,0.0,0.0,0.0,0.0,0.0,0.0,0.0,0.0,0.0
184,RPRC0530019,3,0.0,0.81619534,0.129557639,0.00033031,0.0,0.0,2.54e-05,0.005615265,0.0,0.0,0.0,0.0,0.0,0.0,0.0,0.0,0.0,0.0,0.011230531,0.001245014,0.0,0.0,0.0,0.0,0.0,0.0,0.0,0.0,0.0,0.0,0.0,0.0,0.0,0.0,0.0,0.0,0.0,0.0,0.0,0.0,0.0,0.0,0.0,0.0,0.0,0.0,0.0,0.0,0.0,0.0,0.0,0.0,0.0
185,RPRC0530019,4,1.69e-05,0.834645669,5.07e-05,0.021324051,0.0,3.38e-05,0.000658984,0.0,0.0,0.0,0.0,0.0,0.0,0.0,0.0,0.0,0.139890507,0.0,0.000152073,0.000185867,0.0,0.0,0.0,0.0,0.0,0.0,0.0,0.0,0.0,0.0,0.0,0.0,0.0,0.0,0.0,0.0,0.0,0.0,0.0,0.0,0.0,0.0,0.0,0.0,0.0,0.0,0.0,0.0,0.0,0.0,0.0,0.0,0.0
186,RPRC0530019,5,0.59934353,0.062783714,0.289824708,0.0,0.0,0.035407501,0.000558698,0.011313639,0.0,0.0,0.0,0.0,0.0,0.0,0.0,0.0,0.0,0.0,0.0,3.49e-05,0.0,0.0,0.0,0.0,0.0,0.0,0.0,0.0,0.0,0.0,0.0,0.0,0.0,0.0,0.0,0.0,0.0,0.0,0.0,0.0,0.0,0.0,0.0,0.0,0.0,0.0,0.0,0.0,0.0,0.0,0.0,0.0,0.0
187,RPRC0530019,6,0.530229611,0.000484568,0.456388847,7.45e-05,0.0,0.000670941,0.0,0.011070523,0.0,0.0,0.0,0.0,0.0,0.0,0.0,0.0,0.0,0.0,0.0,0.0,0.0,0.0,0.0,0.0,0.0,0.0,0.0,0.0,0.0,0.0,0.0,0.0,0.0,0.0,0.0,0.0,0.0,0.0,0.0,0.0,0.0,0.0,0.0,0.0,0.0,0.0,0.0,0.0,0.0,0.0,0.0,0.0,0.0
188,RPRC0530019,7,0.002638522,0.597994723,0.001583113,0.150079156,0.0,0.0,0.002849604,0.001055409,0.0,0.0,0.0,0.0,0.0,0.0,0.0,0.0,0.202955145,0.0,0.003588391,0.001583113,0.0,0.0,0.0,0.0,0.0,0.0,0.0,0.0,0.0,0.0,0.0,0.0,0.0,0.0,0.0,0.0,0.0,0.0,0.0,0.0,0.0,0.0,0.0,0.0,0.0,0.0,0.0,0.0,0.0,0.0,0.0,0.0,0.0
189,RPRC0530020,1,0.006594177,0.158681165,0.814030165,0.0,0.0,0.0,0.0,0.0,0.0,0.0,0.0,0.0,0.0,0.000280603,0.0,0.0,0.0,0.0,0.0,0.0,0.0,0.0,0.0,0.0,0.0,0.0,0.0,0.0,0.0,0.0,0.0,0.0,0.0,0.0,0.0,0.0,0.0,0.0,0.0,0.0,0.0,0.0,0.0,0.0,0.0,0.0,0.0,0.0,0.0,0.0,0.0,0.0,0.0
190,RPRC0530020,2,0.773464052,0.026187364,0.001350763,0.146775599,0.0,0.0,0.000718954,0.0,0.0,0.0,0.00130719,0.0,0.0,0.00043573,0.0,0.0,0.0,0.0,0.003028322,0.0,0.0,0.0,0.0,0.0,0.0,0.0,0.0,0.0,0.0,0.0,0.0,0.0,0.0,0.0,0.0,0.0,0.0,0.0,0.0,0.0,0.0,0.0,0.0,0.0,0.0,0.0,0.0,0.0,0.0,0.0,0.0,0.0,0.0
191,RPRC0530020,3,0.28831563,0.187477419,0.003938146,0.200953826,0.0,0.117024351,0.00491365,0.0,0.0,0.0,0.000397428,0.0,0.0,0.000433557,0.0,0.0,0.0,0.0,0.0,0.0,0.0,0.0,0.0,0.189572946,0.0,0.0,0.0,0.0,0.0,0.0,0.0,0.0,0.0,0.0,0.0,0.0,0.0,0.0,0.0,0.0,0.0,0.0,0.0,0.0,0.0,0.0,0.0,0.0,0.0,0.0,0.0,0.0,0.0
192,RPRC0530020,4,0.236990973,0.189327984,8.02e-05,0.114302909,0.0,0.006018054,0.337331996,0.0,0.0,0.0,0.00337011,0.0,0.0,0.000320963,0.0,0.0,0.0,0.0,0.004052156,0.0,0.0,0.0,0.0,0.093480441,0.0,0.0,0.0,0.0,0.0,0.0,0.0,0.0,0.0,0.0,0.0,0.0,0.0,0.0,0.0,0.0,0.0,0.0,0.0,0.0,0.0,0.0,0.0,0.0,0.0,0.0,0.0,0.0,0.0
193,RPRC0530020,5,0.112877798,0.503625963,0.000810774,0.035313725,0.0,0.001531463,0.003040404,0.0,0.0,0.0,0.112787712,0.0,0.0,0.078419891,0.0,0.0,0.0,0.0,0.054006576,0.0,0.0,0.0,0.0,0.0,0.0,0.0,0.0,0.0,0.0,0.0,0.0,0.0,0.0,0.0,0.0,0.0,0.0,0.0,0.0,0.0,0.0,0.0,0.0,0.0,0.0,0.0,0.0,0.0,0.0,0.0,0.0,0.0,0.0
194,RPRC0530020,6,0.230530183,0.629506902,0.0,0.049739029,0.0,0.074548451,0.002180482,0.0,0.0,0.0,0.000446398,0.0,0.0,0.004532656,0.0,0.0,0.0,0.0,0.002438019,0.0,0.0,0.0,0.0,0.0,0.0,0.0,0.0,0.0,0.0,0.0,0.0,0.0,0.0,0.0,0.0,0.0,0.0,0.0,0.0,0.0,0.0,0.0,0.0,0.0,0.0,0.0,0.0,0.0,0.0,0.0,0.0,0.0,0.0
195,RPRC0530020,7,0.059067742,0.699362068,0.00236271,0.081648496,0.0,0.011172242,0.015728896,0.0,0.0,0.0,0.029567624,0.0,0.0,0.011239748,0.0,0.0,0.0,0.0,0.022614507,0.0,0.0,0.0,0.0,0.0,0.0,0.0,0.0,0.0,0.0,0.0,0.0,0.0,0.0,0.0,0.0,0.0,0.0,0.0,0.0,0.0,0.0,0.0,0.0,0.0,0.0,0.0,0.0,0.0,0.0,0.0,0.0,0.0,0.0
196,RPRC0530021,1,0.000499233,0.23988161,0.007167564,0.48432764,0.0,0.0,0.069571729,0.0,0.0,0.0,0.0,0.0,0.0,0.000998467,3.57e-05,0.0,0.0,0.0,0.0,0.000534893,0.0,0.0,0.0,0.189423386,0.0,0.0,0.0,0.0,0.0,0.0,0.0,0.0,0.0,0.0,0.0,0.0,0.0,0.0,0.0,0.0,0.0,0.0,0.0,0.0,0.0,0.0,0.0,0.0,0.0,0.0,0.0,0.0,0.0
197,RPRC0530021,2,0.238366343,0.089209466,0.000410103,0.528043809,0.0,0.0,0.108146576,0.0,0.0,0.0,0.0,0.0,0.0,0.006368658,0.000868453,0.0,0.0,0.0,0.0,0.000796082,0.0,0.004342267,0.0,0.0,0.0,0.0,0.0,0.0,0.0,0.0,0.0,0.0,0.0,0.0,0.0,0.0,0.0,0.0,0.0,0.0,0.0,0.0,0.0,0.0,0.0,0.0,0.0,0.0,0.0,0.0,0.0,0.0,0.0
198,RPRC0530021,3,0.353554582,0.221911174,0.00054589,0.202511093,0.0,0.0,0.182649105,0.0,0.0,0.0,0.0,0.0,0.0,0.004311129,0.005766835,0.0,0.0,0.0,0.0,0.00425514,0.0,0.002057584,0.0,0.0,0.0,0.0,0.0,0.0,0.0,0.0,0.0,0.0,0.0,0.0,0.0,0.0,0.0,0.0,0.0,0.0,0.0,0.0,0.0,0.0,0.0,0.0,0.0,0.0,0.0,0.0,0.0,0.0,0.0
199,RPRC0530021,4,0.000457576,0.685514446,0.000130736,0.0,0.0,0.0,0.006013858,0.0,0.0,0.0,0.0,0.0,0.0,0.091319127,0.0353641,0.0,0.0,0.0,0.0,0.010328147,0.0,0.067590535,0.0,0.0,0.0,0.0,0.0,0.0,0.0,0.0,0.0,0.0,0.0,0.0,0.0,0.0,0.0,0.0,0.0,0.0,0.0,0.0,0.0,0.0,0.0,0.0,0.0,0.0,0.0,0.0,0.0,0.0,0.0
200,RPRC0530021,5,0.28432282,0.644434137,0.02606679,0.000185529,0.0,0.0,0.000185529,0.0,0.0,0.0,0.0,0.0,0.0,9.28e-05,0.001113173,0.0,0.0,0.0,0.0,0.001113173,0.0,0.002226345,0.0,0.0,0.0,0.0,0.0,0.0,0.0,0.0,0.0,0.0,0.0,0.0,0.0,0.0,0.0,0.0,0.0,0.0,0.0,0.0,0.0,0.0,0.0,0.0,0.0,0.0,0.0,0.0,0.0,0.0,0.0
201,RPRC0530021,6,0.002193277,0.238395775,0.00120854,0.278322367,0.0,0.0,0.305447384,0.0,0.0,0.0,0.0,0.0,0.0,0.011816839,0.001969473,0.0,0.0,0.0,0.0,0.004028468,0.0,0.004520836,0.0,0.126001522,0.0,0.0,0.0,0.0,0.0,0.0,0.0,0.0,0.0,0.0,0.0,0.0,0.0,0.0,0.0,0.0,0.0,0.0,0.0,0.0,0.0,0.0,0.0,0.0,0.0,0.0,0.0,0.0,0.0
202,RPRC0530021,7,0.175039224,0.53116945,0.091967388,0.0,0.0,0.0,0.0,0.0,0.0,0.0,0.0,0.0,0.0,0.029292278,0.0,0.0,0.0,0.0,0.0,0.026014233,0.0,0.030987336,0.0,0.0,0.0,0.0,0.0,0.0,0.0,0.0,0.0,0.0,0.0,0.0,0.0,0.0,0.0,0.0,0.0,0.0,0.0,0.0,0.0,0.0,0.0,0.0,0.0,0.0,0.0,0.0,0.0,0.0,0.0
203,RPRC0530022,1,0.756776358,0.037651467,0.203728885,0.0,0.0,6.04e-05,0.0,0.0,0.0,0.0,0.0,0.0,0.0,3.02e-05,0.0,0.0,0.0,0.0,0.0,0.0,0.0,0.0,0.0,0.0,0.0,0.0,0.0,0.0,0.0,0.0,0.0,0.0,0.0,0.0,0.0,0.0,0.0,0.0,0.0,0.0,0.0,0.0,0.0,0.0,0.0,0.0,0.0,0.0,0.0,0.0,0.0,0.0,0.0
204,RPRC0530022,2,0.840258999,0.061326255,0.000942718,0.0,0.0,0.089582972,7.44e-05,0.0,0.0,0.0,0.0,0.0,0.0,0.000868292,0.000372125,0.0,0.0,0.0,0.000198467,0.0,0.0,0.0,0.0,0.0,0.0,0.0,0.0,0.0,0.0,0.0,0.0,0.0,0.0,0.0,0.0,0.0,0.0,0.0,0.0,0.0,0.0,0.0,0.0,0.0,0.0,0.0,0.0,0.0,0.0,0.0,0.0,0.0,0.0
205,RPRC0530022,3,0.000336801,0.462764763,0.000224534,0.0,0.0,0.0,3.74e-05,0.0,0.0,0.0,0.0,0.0,0.0,0.049958835,0.281116683,0.0,0.0,0.0,0.003330589,0.003742235,0.0,0.12555198,0.0,0.0,0.0,0.0,0.0,0.0,0.0,0.0,0.0,0.0,0.0,0.0,0.0,0.0,0.0,0.0,0.0,0.0,0.0,0.0,0.0,0.0,0.0,0.0,0.0,0.0,0.0,0.0,0.0,0.0,0.0
206,RPRC0530022,4,0.844891591,0.033894658,0.062947221,0.0,0.0,0.050895787,0.0,0.0,0.0,0.0,0.0,0.0,0.0,0.001237424,0.0,0.0,0.0,0.0,0.00053801,0.000376607,0.0,0.000161403,0.0,0.0,0.0,0.0,0.0,0.0,0.0,0.0,0.0,0.0,0.0,0.0,0.0,0.0,0.0,0.0,0.0,0.0,0.0,0.0,0.0,0.0,0.0,0.0,0.0,0.0,0.0,0.0,0.0,0.0,0.0
207,RPRC0530022,5,0.028541801,0.800054398,0.000288988,0.0,0.0,0.002447897,0.072994934,0.0,0.0,0.0,0.0,0.0,0.0,0.022405059,0.007445687,0.0,0.0,0.0,0.011355523,0.027946826,0.0,0.005371774,0.0,0.0,0.0,0.0,0.0,0.0,0.0,0.0,0.0,0.0,0.0,0.0,0.0,0.0,0.0,0.0,0.0,0.0,0.0,0.0,0.0,0.0,0.0,0.0,0.0,0.0,0.0,0.0,0.0,0.0,0.0
208,RPRC0530022,6,0.734433375,0.029436488,0.0001401,0.0,0.0,0.043197385,0.183421544,0.0,0.0,0.0,0.0,0.0,0.0,0.002661893,0.000498132,0.0,0.0,0.0,0.001183064,0.000326899,0.0,0.001650062,0.0,0.0,0.0,0.0,0.0,0.0,0.0,0.0,0.0,0.0,0.0,0.0,0.0,0.0,0.0,0.0,0.0,0.0,0.0,0.0,0.0,0.0,0.0,0.0,0.0,0.0,0.0,0.0,0.0,0.0,0.0
209,RPRC0530022,7,0.721718393,0.122027408,0.027341126,0.0,0.0,0.015014107,0.00241838,0.0,0.0,0.0,0.0,0.0,0.0,0.004937525,0.012662905,0.0,0.0,0.0,0.004198576,0.006381835,0.0,0.007423082,0.0,0.0,0.0,0.0,0.0,0.0,0.0,0.0,0.0,0.0,0.0,0.0,0.0,0.0,0.0,0.0,0.0,0.0,0.0,0.0,0.0,0.0,0.0,0.0,0.0,0.0,0.0,0.0,0.0,0.0,0.0
210,RPRC0530024,1,0.026094098,0.758000424,0.0,0.126788174,0.0,0.026968316,0.00468899,0.0,0.0,0.0,0.0,0.0,0.0,0.0,0.0,0.0,0.015471018,0.0,0.0,0.010172724,0.0,0.0,0.0,0.0,0.0,0.0,0.0,0.0,0.0,0.0,0.0,0.011656247,0.0,0.0,0.0,0.0,0.0,0.0,0.0,0.0,0.0,0.0,0.0,0.0,0.0,0.0,0.0,0.0,0.0,0.0,0.0,0.0,0.0
211,RPRC0530024,2,0.028181646,0.495696866,0.0,0.203178627,0.0,0.000301823,0.017419499,0.0,0.0,0.0,0.0,0.0,0.0,0.0,0.0,0.0,0.204946448,0.0,0.0,0.006131319,0.0,0.0,0.0,0.0,0.0,0.0,0.0,0.0,0.0,0.0,0.0,0.005665649,0.0,0.0,0.0,0.0,0.0,0.0,0.0,0.0,0.0,0.0,0.0,0.0,0.0,0.0,0.0,0.0,0.0,0.0,0.0,0.0,0.0
212,RPRC0530024,3,0.505959137,0.076743599,0.0,0.239941985,0.0,0.142672468,0.003310632,0.0,0.0,0.0,0.0,0.0,0.0,0.0,0.0,0.0,0.001702611,0.0,0.0,0.002017909,0.0,0.0,0.0,0.000189179,0.0,0.0,0.0,0.0,0.0,0.0,0.0,0.000630597,0.0,0.0,0.0,0.0,0.0,0.0,0.0,0.0,0.0,0.0,0.0,0.0,0.0,0.0,0.0,0.0,0.0,0.0,0.0,0.0,0.0
213,RPRC0530024,4,0.660197264,0.012267119,0.0,0.118146145,0.0,0.202000919,0.002297875,0.0,0.0,0.0,0.0,0.0,0.0,0.0,0.0,0.0,0.0,0.0,0.0,0.000388871,0.0,0.0,0.0,0.0,0.0,0.0,0.0,0.0,0.0,0.0,0.0,0.0,0.0,0.0,0.0,0.0,0.0,0.0,0.0,0.0,0.0,0.0,0.0,0.0,0.0,0.0,0.0,0.0,0.0,0.0,0.0,0.0,0.0
214,RPRC0530024,5,0.578104004,0.008062349,0.0,0.182578608,0.0,0.218724805,0.000100779,0.0,0.0,0.0,0.0,0.0,0.0,0.0,0.0,0.0,0.0,0.0,0.0,0.000268745,0.0,0.0,0.0,0.000235152,0.0,0.0,0.0,0.0,0.0,0.0,0.0,0.0,0.0,0.0,0.0,0.0,0.0,0.0,0.0,0.0,0.0,0.0,0.0,0.0,0.0,0.0,0.0,0.0,0.0,0.0,0.0,0.0,0.0
215,RPRC0530024,6,0.046297801,0.414497667,0.0,0.0,0.0,0.0,0.038310618,0.0,0.0,0.0,0.0,0.0,0.0,0.0,0.0,0.0,0.01704242,0.0,0.0,0.093547563,0.0,0.0,0.0,0.0,0.0,0.0,0.0,0.0,0.0,0.0,0.0,0.186003854,0.0,0.0,0.0,0.094847802,0.0,0.0,0.0,0.0,0.0,0.0,0.0,0.0,0.0,0.0,0.0,0.0,0.0,0.0,0.0,0.0,0.0
216,RPRC0530024,7,0.229001254,0.304752498,0.0,0.378034419,0.0,0.079702162,0.000721802,0.0,0.0,0.0,0.0,0.0,0.0,0.0,0.0,0.0,0.004368803,0.0,0.0,0.000379896,0.0,0.0,0.0,0.000227938,0.0,0.0,0.0,0.0,0.0,0.0,0.0,0.000265927,0.0,0.0,0.0,0.0,0.0,0.0,0.0,0.0,0.0,0.0,0.0,0.0,0.0,0.0,0.0,0.0,0.0,0.0,0.0,0.0,0.0
217,RPRC0530025,1,0.527288105,0.464788105,0.00462963,0.000445157,0.0,0.0,0.0,0.00031161,0.0,0.0,0.0,0.0,0.0,0.0,0.0,0.0,0.0,0.0,0.0,0.0,0.0,0.0,0.0,0.0,0.0,0.0,0.0,0.0,0.0,0.0,0.0,0.0,0.0,0.0,0.0,0.0,0.0,0.0,0.0,0.0,0.0,0.0,0.0,0.0,0.0,0.0,0.0,0.0,0.0,0.0,0.0,0.0,0.0
218,RPRC0530025,2,0.071425226,0.212214885,0.697812749,0.000140509,0.0,0.000234181,0.000140509,0.016111658,0.0,0.0,0.0,0.0,0.0,0.0,0.0,0.0,0.000702543,0.0,0.0,4.68e-05,0.0,0.0,0.0,0.0,0.0,0.0,0.0,0.0,0.0,0.0,0.0,0.0,0.0,0.0,0.0,0.0,0.0,0.0,0.0,0.0,0.0,0.0,0.0,0.0,0.0,0.0,0.0,0.0,0.0,0.0,0.0,0.0,0.0
219,RPRC0530025,3,0.657753106,0.253461057,0.00132011,0.057069357,0.0,0.00132011,0.010696273,6.77e-05,0.0,0.0,0.0,0.0,0.0,0.0,0.0,0.0,0.000169245,0.0,0.0,0.003791084,3.38e-05,0.0,0.0,0.0,0.0,0.0,0.0,0.0,0.0,0.0,0.0,0.0,0.0,0.0,0.0,0.0,0.0,0.0,0.0,0.0,0.0,0.0,0.0,0.0,0.0,0.0,0.0,0.0,0.0,0.0,0.0,0.0,0.0
220,RPRC0530025,4,0.346780855,0.582952611,1.69e-05,0.003590876,0.0,0.003742603,0.01512214,0.000303454,0.0,0.0,0.0,0.0,0.0,0.0,0.0,0.0,0.03616164,0.0,0.0,0.005664481,0.001567847,0.0,0.0,0.0,0.0,0.0,0.0,0.0,0.0,0.0,0.0,0.0,0.0,0.0,0.0,0.0,0.0,0.0,0.0,0.0,0.0,0.0,0.0,0.0,0.0,0.0,0.0,0.0,0.0,0.0,0.0,0.0,0.0
221,RPRC0530025,5,0.22345356,0.747234639,0.000453169,0.016252292,0.0,0.005747008,0.002327641,0.00043257,0.0,0.0,0.0,0.0,0.0,0.0,0.0,0.0,6.18e-05,0.0,0.0,0.00028838,0.000906338,0.0,0.0,0.0,0.0,0.0,0.0,0.0,0.0,0.0,0.0,0.0,0.0,0.0,0.0,0.0,0.0,0.0,0.0,0.0,0.0,0.0,0.0,0.0,0.0,0.0,0.0,0.0,0.0,0.0,0.0,0.0,0.0
222,RPRC0530025,6,0.860697288,0.133835086,4.43e-05,0.0,0.0,0.00028777,0.000199225,0.0,0.0,0.0,0.0,0.0,0.0,0.0,0.0,0.0,0.0,0.0,0.0,2.21e-05,0.0,0.0,0.0,0.0,0.0,0.0,0.0,0.0,0.0,0.0,0.0,0.0,0.0,0.0,0.0,0.0,0.0,0.0,0.0,0.0,0.0,0.0,0.0,0.0,0.0,0.0,0.0,0.0,0.0,0.0,0.0,0.0,0.0
223,RPRC0530025,7,0.126421171,0.814843558,0.000142279,0.023812295,0.0,0.001047689,0.016245651,9.05e-05,0.0,0.0,0.0,0.0,0.0,0.0,0.0,0.0,0.01385278,0.0,0.0,0.00090541,0.000297492,0.0,0.0,0.0,0.0,0.0,0.0,0.0,0.0,0.0,0.0,0.0,0.0,0.0,0.0,0.0,0.0,0.0,0.0,0.0,0.0,0.0,0.0,0.0,0.0,0.0,0.0,0.0,0.0,0.0,0.0,0.0,0.0
224,RPRC0530027,1,0.743404651,0.219516279,0.002530233,1.86e-05,0.0,1.86e-05,0.006213953,0.0008,0.0,0.0,0.0,0.0,0.0,0.009097674,0.0,0.0,0.0,0.0,0.006530233,0.003348837,0.0,0.0,0.0,0.0,0.0,0.0,0.0,0.0,0.0,0.0,0.0,0.0,0.0,0.0,0.0,0.0,0.0,0.0,0.0,0.0,0.0,0.0,0.0,0.0,0.0,0.0,0.0,0.0,0.0,0.0,0.0,0.0,0.0
225,RPRC0530027,2,0.002161072,0.407362052,0.515883878,0.0,0.0,0.002431206,0.004844403,0.00961677,0.0,0.0,0.0,0.0,0.0,0.018567209,0.0,0.0,0.0,0.0,0.005114537,0.005312635,0.0,0.0,0.0,0.0,0.0,0.0,0.0,0.0,0.0,0.0,0.0,0.0,0.0,0.0,0.0,0.0,0.0,0.0,0.0,0.0,0.0,0.0,0.0,0.0,0.0,0.0,0.0,0.0,0.0,0.0,0.0,0.0,0.0
226,RPRC0530027,3,0.789199412,0.102962807,0.00134482,0.0,0.0,0.000126077,4.2e-05,0.0,0.0,0.0,0.0,0.0,0.0,0.039504097,0.0,0.0,0.0,0.0,0.006429922,0.002941794,0.0,0.0,0.0,0.0,0.0,0.0,0.0,0.0,0.0,0.0,0.0,0.0,0.0,0.0,0.0,0.0,0.0,0.0,0.0,0.0,0.0,0.0,0.0,0.0,0.0,0.0,0.0,0.0,0.0,0.0,0.0,0.0,0.0
227,RPRC0530027,4,0.393194771,0.448218882,0.032947022,0.0,0.0,0.029754612,0.000562044,0.002709052,0.0,0.0,0.0,0.0,0.0,0.008340734,0.0,0.0,0.0,0.0,0.001348906,0.001000438,0.0,0.0,0.0,0.0,0.0,0.0,0.0,0.0,0.0,0.0,0.0,0.0,0.0,0.0,0.0,0.0,0.0,0.0,0.0,0.0,0.0,0.0,0.0,0.0,0.0,0.0,0.0,0.0,0.0,0.0,0.0,0.0,0.0
228,RPRC0530027,5,0.003897982,0.83753704,0.045929166,0.0,0.0,0.0,0.012593481,0.041272753,0.0,0.0,0.0,0.0,0.0,0.001322845,0.0,0.0,0.0,0.0,0.0,0.0,0.0,0.0,0.0,0.0,0.0,0.0,0.0,0.0,0.0,0.0,0.0,0.0,0.0,0.0,0.0,0.0,0.0,0.0,0.0,0.0,0.0,0.0,0.0,0.0,0.0,0.0,0.0,0.0,0.0,0.0,0.0,0.0,0.0
229,RPRC0530027,6,0.623110993,0.097588252,0.166159008,1.47e-05,0.0,0.000235436,0.0,0.051266205,0.0,0.0,0.0,0.0,0.0,0.006386203,0.0,0.0,0.0,0.0,0.0,0.021100958,0.0,0.0,0.0,0.0,0.0,0.0,0.0,0.0,0.0,0.0,0.0,0.0,0.0,0.0,0.0,0.0,0.0,0.0,0.0,0.0,0.0,0.0,0.0,0.0,0.0,0.0,0.0,0.0,0.0,0.0,0.0,0.0,0.0
230,RPRC0530027,7,1.44e-05,0.39231512,0.011227534,0.229321303,0.0,0.0,0.071299886,0.000518859,0.0,0.0,0.0,0.0,0.0,0.027686897,0.0,0.0,0.0,0.0,0.049637519,0.028003978,0.0,0.0,0.0,0.0,0.0,0.0,0.0,0.0,0.0,0.0,0.0,0.0,0.0,0.0,0.0,0.0,0.0,0.0,0.0,0.0,0.0,0.0,0.0,0.0,0.0,0.0,0.0,0.0,0.0,0.0,0.0,0.0,0.0
231,RPRC0530030,1,0.000356278,5.7e-05,0.001923899,0.0,0.0,0.0,0.001610375,0.000541542,0.0,0.0,0.0,0.0,0.0,0.0,0.0,0.0,0.0,0.0,0.0,0.0,0.0,0.0,0.0,0.0,0.0,0.0,0.0,0.0,0.0,0.0,0.0,0.0,0.0,0.0,0.0,0.0,0.988698874,0.0,0.0,0.0,0.0,0.0,0.0,0.0,0.0,0.0,0.0,0.0,0.0,0.0,0.0,0.0,0.0
232,RPRC0530030,2,0.851335365,0.038555297,0.028463882,1.79e-05,0.0,0.0,0.0,0.043860907,0.0,0.0,0.0,0.0,0.0,0.0,0.0,0.0,0.0,0.0,0.0,0.0,0.0,0.0,0.0,0.0,0.0,0.0,0.0,0.0,0.0,0.0,0.0,0.0,0.0,0.0,0.0,0.0,0.0,0.0,0.0,0.0,0.0,0.0,0.0,0.0,0.0,0.0,0.0,0.0,0.0,0.0,0.0,0.0,0.0
233,RPRC0530030,3,0.001826548,0.270998327,0.533533185,0.0,0.0,1.39e-05,2.79e-05,0.153792526,0.0,0.0,0.0,0.0,0.0,0.009829894,0.0,0.0,0.0,0.0,0.0,0.0,0.0,0.0,0.0,0.0,0.0,0.0,0.0,0.0,0.0,0.0,0.0,0.0,0.0,0.0,0.0,0.0,0.0,0.0,0.0,0.0,0.0,0.0,0.0,0.0,0.0,0.0,0.0,0.0,0.0,0.0,0.0,0.0,0.0
234,RPRC0530030,4,0.083110137,0.782830127,0.001339177,0.007710413,0.0,0.010348186,0.007568379,0.000101453,0.0,0.0,0.0,0.0,0.0,0.055778752,0.0,0.0,0.0,0.0,0.010368477,0.0,0.0,0.0,0.0,0.0,0.0,0.0,0.0,0.0,0.0,0.0,0.0,0.0,0.0,0.0,0.0,0.0,0.0,0.0,0.0,0.0,0.0,0.0,0.0,0.0,0.0,0.0,0.0,0.0,0.0,0.0,0.0,0.0,0.0
235,RPRC0530030,5,0.271224759,0.380424908,0.002973118,0.065181484,0.0,0.00487261,0.068474625,0.001073626,0.0,0.0,0.0,0.0,0.0,0.081729777,0.0,0.0,0.0,0.0,0.030371227,0.0,0.0,0.0,0.0,0.0,0.0,0.0,0.0,0.0,0.0,0.0,0.0,0.0,0.0,0.0,0.0,0.0,0.000258083,0.0,0.0,0.0,0.0,0.0,0.0,0.0,0.0,0.0,0.0,0.0,0.0,0.0,0.0,0.0,0.0
236,RPRC0530030,6,0.578936521,0.085557502,0.003091509,5.15e-05,0.0,0.110959398,0.195151484,0.001519992,0.0,0.0,0.0,0.0,0.0,0.003684048,0.0,0.0,0.0,0.0,0.003039984,0.0,0.0,0.0,0.0,0.0,0.0,0.0,0.0,0.0,0.0,0.0,0.0,0.0,0.0,0.0,0.0,0.0,0.0,0.0,0.0,0.0,0.0,0.0,0.0,0.0,0.0,0.0,0.0,0.0,0.0,0.0,0.0,0.0,0.0
237,RPRC0530030,7,0.207058489,0.650929747,0.003854181,1.19e-05,0.0,0.0067715,0.070217257,8.3e-05,0.0,0.0,0.0,0.0,0.0,0.013282102,0.0,0.0,0.0,0.0,0.028663251,0.0,0.0,0.0,0.0,0.0,0.0,0.0,0.0,0.0,0.0,0.0,0.0,0.0,0.0,0.0,0.0,0.0,0.0,0.0,0.0,0.0,0.0,0.0,0.0,0.0,0.0,0.0,0.0,0.0,0.0,0.0,0.0,0.0,0.0
238,RPRC0530031,1,0.004890995,0.872985782,0.0,3.79e-05,0.0,0.0,0.000265403,0.0,0.0,0.0,0.0,0.0,0.0,0.000909953,0.0,0.0,0.0,0.0,0.0,0.048151659,0.0,0.0,0.0,0.0,0.0,0.0,0.0,0.0,0.0,0.0,0.0,0.004739336,0.0,0.003829384,0.0,0.0,0.0,0.0,0.0,0.0,0.0,0.0,0.0,0.0,0.0,0.0,0.0,0.0,0.0,0.0,0.0,0.0,0.0
239,RPRC0530031,2,0.649295162,0.16824008,0.0,0.146672807,0.0,0.003939929,7.68e-05,0.0,0.0,0.0,0.0,0.0,0.0,0.010335917,0.0,0.0,0.0,0.0,0.0,0.002737483,0.0,0.014761941,0.0,0.0,0.0,0.0,0.0,0.0,0.0,0.0,0.0,0.0,0.0,0.000153504,0.0,0.0,0.0,0.0,0.0,0.0,0.0,0.0,0.0,0.0,0.0,0.0,0.0,0.0,0.0,0.0,0.0,0.0,0.0
240,RPRC0530031,3,0.016768737,0.640128317,0.0,0.0,0.0,0.0,0.027850685,0.0,0.0,0.0,0.0,0.0,0.0,0.007655293,0.0,0.0,0.0,0.0,0.0,0.019174686,0.0,0.016258384,0.0,0.0,0.0,0.0,0.0,0.0,0.0,0.0,0.0,0.119349665,0.0,0.092446777,0.0,0.0,0.0,0.0,0.0,0.0,0.0,0.0,0.0,0.0,0.0,0.0,0.0,0.0,0.0,0.0,0.0,0.0,0.0
241,RPRC0530031,4,0.445557684,0.022936005,0.0,0.38336362,0.0,0.136453678,0.00098227,0.0,0.0,0.0,0.0,0.0,0.0,0.003077779,0.0,0.0,0.0,0.0,0.0,0.000147341,0.0,0.000229196,0.0,0.0,0.0,0.0,0.0,0.0,0.0,0.0,0.0,0.0,0.0,0.000867672,0.0,0.0,0.0,0.0,0.0,0.0,0.0,0.0,0.0,0.0,0.0,0.0,0.0,0.0,0.0,0.0,0.0,0.0,0.0
242,RPRC0530031,5,0.0,0.855928497,0.0,0.0,0.0,0.0,0.018941672,0.0,0.0,0.0,0.0,0.0,0.0,0.020007653,0.0,0.0,0.0,0.0,0.0,0.024134915,0.0,0.008199858,0.0,0.0,0.0,0.0,0.0,0.0,0.0,0.0,0.0,0.002241294,0.0,0.001694637,0.0,0.0,0.0,0.0,0.0,0.0,0.0,0.0,0.0,0.0,0.0,0.0,0.0,0.0,0.0,0.0,0.0,0.0,0.0
243,RPRC0530031,6,0.486701523,0.192446335,0.0,0.292241743,0.0,0.00363719,0.001493846,0.0,0.0,0.0,0.0,0.0,0.0,0.001818595,0.0,0.0,0.0,0.0,0.0,0.002110869,0.0,0.00198097,0.0,0.0,0.0,0.0,0.0,0.0,0.0,0.0,0.0,0.001234047,0.0,0.0,0.0,0.0,0.0,0.0,0.0,0.0,0.0,0.0,0.0,0.0,0.0,0.0,0.0,0.0,0.0,0.0,0.0,0.0,0.0
244,RPRC0530031,7,0.637130666,0.126399538,0.0,0.207308075,0.0,0.008052356,0.000641622,0.0,0.0,0.0,0.0,0.0,0.0,0.008726059,0.0,0.0,0.0,0.0,0.0,0.000481217,0.0,0.001571974,0.0,0.0,0.0,0.0,0.0,0.0,0.0,0.0,0.0,0.0,0.0,3.21e-05,0.0,0.0,0.0,0.0,0.0,0.0,0.0,0.0,0.0,0.0,0.0,0.0,0.0,0.0,0.0,0.0,0.0,0.0,0.0
245,RPRC0530032,1,0.0,0.281176345,0.000910649,0.699217913,0.0,0.0,0.0,0.0,0.0,0.0,0.000535676,0.0,0.0,0.005731733,0.0,0.0,0.0,0.0,0.000374973,0.000803514,0.001392758,0.0,0.0,0.0,0.0,0.0,0.0,0.0,0.0,0.0,0.0,0.0,0.0,0.0,0.0,0.0,0.0,0.0,0.0,0.0,0.0,0.0,0.0,0.0,0.0,0.0,0.0,0.0,0.0,0.0,0.0,0.0,0.0
246,RPRC0530032,2,0.0,0.763582238,0.001116348,0.000434135,0.0,0.002046639,0.037397668,0.0,0.0,0.0,0.021644753,0.0,0.0,0.009737038,0.0,0.0,0.0,0.0,0.030017365,0.068283304,0.006574051,0.0,0.0,0.0,0.0,0.0,0.0,0.0,0.0,0.0,0.0,0.0,0.0,0.0,0.0,0.0,0.0,0.0,0.0,0.0,0.0,0.0,0.0,0.0,0.0,0.0,0.0,0.0,0.0,0.0,0.0,0.0,0.0
247,RPRC0530032,3,0.0,0.774400619,0.046867749,0.000270688,0.0,0.059242073,0.012335654,0.0,0.0,0.0,0.002745553,0.0,0.0,0.01287703,0.0,0.0,0.0,0.0,0.016744006,0.039520495,0.012993039,0.0,0.0,0.0,0.0,0.0,0.0,0.0,0.0,0.0,0.0,0.0,0.0,0.0,0.0,0.0,0.0,0.0,0.0,0.0,0.0,0.0,0.0,0.0,0.0,0.0,0.0,0.0,0.0,0.0,0.0,0.0,0.0
248,RPRC0530032,4,0.0,0.076594684,0.873438538,0.011893688,0.0,0.015813953,0.001893688,0.0,0.0,0.0,0.001245847,0.0,0.0,0.005149502,0.0,0.0,0.0,0.0,0.002259136,0.004302326,0.0,0.0,0.0,0.0,0.0,0.0,0.0,0.0,0.0,0.0,0.0,0.0,0.0,0.0,0.0,0.0,0.0,0.0,0.0,0.0,0.0,0.0,0.0,0.0,0.0,0.0,0.0,0.0,0.0,0.0,0.0,0.0,0.0
249,RPRC0530032,5,0.0,0.857450756,0.0,0.11993234,0.0,0.000463797,0.003219294,0.0,0.0,0.0,0.000954875,0.0,0.0,0.001309543,0.0,0.0,0.0,0.0,0.002100726,0.001064004,0.003601244,0.0,0.0,0.0,0.0,0.0,0.0,0.0,0.0,0.0,0.0,0.0,0.0,0.0,0.0,0.0,0.0,0.0,0.0,0.0,0.0,0.0,0.0,0.0,0.0,0.0,0.0,0.0,0.0,0.0,0.0,0.0,0.0
250,RPRC0530032,6,0.0,0.7752813,0.171637792,0.0,0.0,0.0,0.000357207,0.0,0.0,0.0,0.0,0.0,0.0,0.0,0.0,0.0,0.0,0.0,0.0,0.000142883,0.0,0.0,0.0,0.0,0.0,0.0,0.0,0.0,0.0,0.0,0.0,0.0,0.0,0.0,0.0,0.0,0.0,0.0,0.0,0.0,0.0,0.0,0.0,0.0,0.0,0.0,0.0,0.0,0.0,0.0,0.0,0.0,0.0
251,RPRC0530032,7,0.0,0.506749055,0.003059572,0.466014758,0.0,0.0,0.000119983,0.0,0.0,0.0,0.0,0.0,0.0,0.005759194,0.0,0.0,0.0,0.0,0.0,0.00035995,0.000239966,0.0,0.0,0.0,0.0,0.0,0.0,0.0,0.0,0.0,0.0,0.0,0.0,0.0,0.0,0.0,0.0,0.0,0.0,0.0,0.0,0.0,0.0,0.0,0.0,0.0,0.0,0.0,0.0,0.0,0.0,0.0,0.0
252,RPRC0530034,1,0.0,0.301381381,0.070870871,0.57009009,0.0,0.0,0.0,0.002702703,0.0,0.0,0.0,0.0,0.0,0.012192192,0.0,0.0,0.0,0.0,0.0,0.0,0.0,0.0,0.0,0.0,0.0,0.0,0.0,0.0,0.0,0.0,0.0,0.0,0.0,0.015855856,0.0,0.0,0.0,0.0,0.0,0.0,0.0,0.0,0.0,0.0,0.0,0.0,0.0,0.0,0.0,0.0,0.0,0.0,0.0
253,RPRC0530034,2,0.02236909,0.017963057,0.059481444,0.0,0.0,0.0,0.0,0.014065413,0.0,0.0,0.0,0.0,0.0,0.0,0.0,0.0,0.0,0.0,0.0,0.0,0.0,0.0,0.0,0.0,0.0,0.0,0.0,0.0,0.0,0.0,0.0,0.0,0.0,0.474495848,0.232841891,0.0,0.0,0.083036773,0.0,0.0,0.0,0.0,0.0,0.0,0.0,0.0,0.0,0.0,0.0,0.0,0.0,0.0,0.0
254,RPRC0530034,3,0.000726216,0.006971678,0.949818446,0.0,0.0,0.0,0.0,0.0416122,0.0,0.0,0.0,0.0,0.0,0.0,0.0,0.0,0.0,0.0,0.0,0.0,0.0,0.0,0.0,0.0,0.0,0.0,0.0,0.0,0.0,0.0,0.0,0.0,0.0,0.000726216,0.0,0.0,0.0,0.0,0.0,0.0,0.0,0.0,0.0,0.0,0.0,0.0,0.0,0.0,0.0,0.0,0.0,0.0,0.0
255,RPRC0530034,4,3.39e-05,0.173465588,0.793053252,0.001861945,0.0,0.0,0.0,0.018517892,0.0,0.0,0.0,0.0,0.0,0.000744778,0.0,0.0,0.0,0.0,0.0,0.0,0.0,0.0,0.0,0.0,0.0,0.0,0.0,0.0,0.0,0.0,0.0,0.0,0.0,0.003656183,0.000304682,0.0,0.0,0.0,0.0,0.0,0.0,0.0,0.0,0.0,0.0,0.0,0.0,0.0,0.0,0.0,0.0,0.0,0.0
256,RPRC0530034,5,0.003064095,0.461070926,0.485432992,0.000251155,0.0,0.0,0.0,0.012909383,0.0,0.0,0.0,0.0,0.0,0.004370102,0.0,0.0,0.0,0.0,0.0,0.0,0.0,0.0,0.0,0.0,0.0,0.0,0.0,0.0,0.0,0.0,0.0,0.0,0.0,0.019439421,0.0,0.0,0.0,0.0,0.0,0.0,0.0,0.0,0.0,0.0,0.0,0.0,0.0,0.0,0.0,0.0,0.0,0.0,0.0
257,RPRC0530034,6,0.435749769,0.323691036,0.153822482,0.000835275,0.0,0.00953972,0.0,0.021321493,0.0,0.0,0.0,0.0,0.0,0.007957093,0.0,0.0,0.0,0.0,0.0,0.0,0.0,0.0,0.0,0.0,0.0,0.0,0.0,0.0,0.0,0.0,0.0,0.0,0.0,0.014243637,0.0,0.0,0.0,0.000131886,0.0,0.0,0.0,0.0,0.0,0.0,0.0,0.0,0.0,0.0,0.0,0.0,0.0,0.0,0.0
258,RPRC0530034,7,0.078874941,0.051554004,0.0,0.846277774,0.0,0.0,0.0,0.0,0.0,0.0,0.0,0.0,0.0,6.71e-05,0.0,0.0,0.0,0.0,0.0,0.0,0.0,0.0,0.0,0.0,0.0,0.0,0.0,0.0,0.0,0.0,0.0,0.0,0.0,0.009397865,0.0,0.0,0.0,0.0,0.0,0.0,0.0,0.0,0.0,0.0,0.0,0.0,0.0,0.0,0.0,0.0,0.0,0.0,0.0
259,RPRC0530037,1,0.122736419,0.794802715,0.0,0.0,0.0,0.000545647,0.002660028,0.0,0.0,0.0,0.0,0.0,0.0,0.010094465,0.000102309,0.0,0.0,0.0,0.002694131,0.019404563,0.0,0.00886676,0.0,0.0,0.0,0.0,0.0,0.0,0.0,0.0,0.0,0.0,0.0,0.0,0.0,0.0,0.0,0.0,0.0,0.0,0.0,0.0,0.0,0.0,0.0,0.0,0.0,0.0,0.0,0.0,0.0,0.0,0.0
260,RPRC0530037,2,0.008386908,0.751285798,0.0,0.0,0.0,0.002016365,0.033664524,0.0,0.0,0.0,0.020601987,0.0,0.0,0.023874927,0.002220923,0.0,0.0,0.0,0.035856224,0.067562829,0.0,0.008094681,0.0,0.0,0.0,0.0,0.0,0.0,0.0,0.0,0.0,0.0,0.0,0.0,0.0,0.0,0.0,0.0,0.0,0.0,0.0,0.0,0.0,0.0,0.0,0.0,0.0,0.0,0.0,0.0,0.0,0.0,0.0
261,RPRC0530037,3,0.000407747,0.704858987,0.0,0.0,0.0,0.000203874,0.06721033,0.0,0.0,0.0,0.025416242,0.0,0.0,0.009582059,0.003126062,0.0,0.0,0.0,0.036833163,0.092490656,0.0,0.00699966,0.0,0.0,0.0,0.0,0.0,0.0,0.0,0.0,0.0,0.0,0.0,0.0,0.0,0.0,0.0,0.0,0.0,0.0,0.0,0.0,0.0,0.0,0.0,0.0,0.0,0.0,0.0,0.0,0.0,0.0,0.0
262,RPRC0530037,4,0.002065614,0.869805589,0.0,0.0,0.0,0.002673147,0.010996355,0.0,0.0,0.0,0.001761847,0.0,0.0,0.0,0.0,0.0,0.0,0.0,0.0,0.018590522,0.0,0.000121507,0.0,0.0,0.0,0.0,0.0,0.0,0.0,0.0,0.0,0.0,0.0,0.0,0.0,0.0,0.0,0.0,0.0,0.0,0.0,0.0,0.0,0.0,0.0,0.0,0.0,0.0,0.0,0.0,0.0,0.0,0.0
263,RPRC0530037,5,0.194801531,0.707435019,0.0,0.0,0.0,0.001853718,0.04831755,0.0,0.0,0.0,0.002458191,0.0,0.0,0.001289543,0.000161193,0.0,0.0,0.0,0.003868628,0.002740278,0.0,0.000886561,0.0,0.0,0.0,0.0,0.0,0.0,0.0,0.0,0.0,0.0,0.0,0.0,0.0,0.0,0.0,0.0,0.0,0.0,0.0,0.0,0.0,0.0,0.0,0.0,0.0,0.0,0.0,0.0,0.0,0.0,0.0
264,RPRC0530037,6,0.562840833,0.334279427,0.0,0.0,0.0,0.0,0.022419237,0.0,0.0,0.0,0.002041012,0.0,0.0,0.007462449,0.001945339,0.0,0.0,0.0,0.003922569,0.005421437,0.0,0.011002328,0.0,0.0,0.0,0.0,0.0,0.0,0.0,0.0,0.0,0.0,0.0,0.0,0.0,0.0,0.0,0.0,0.0,0.0,0.0,0.0,0.0,0.0,0.0,0.0,0.0,0.0,0.0,0.0,0.0,0.0,0.0
265,RPRC0530037,7,0.527283464,0.411233661,0.0,0.0,0.0,0.0,0.004373761,0.0,0.0,0.0,0.000650559,0.0,0.0,0.016884521,0.000310267,0.0,0.0,0.0,0.002321997,0.00682587,0.0,0.007716636,0.0,0.0,0.0,0.0,0.0,0.0,0.0,0.0,0.0,0.0,0.0,0.0,0.0,0.0,0.0,0.0,0.0,0.0,0.0,0.0,0.0,0.0,0.0,0.0,0.0,0.0,0.0,0.0,0.0,0.0,0.0
266,RPRC0530038,1,0.003072579,0.883667199,0.0,0.0,0.0,0.0,0.00120336,0.0,0.0,0.0,0.0,0.0,0.0,0.008511765,0.0,0.0,0.0,0.0,0.0,0.036172995,0.0,0.0,0.0,0.0,0.0,0.0,0.0,0.0,0.0,0.033308999,0.0,0.0,0.0,0.0,0.0,0.0,0.0,0.0,0.0,0.0,0.0,0.0,0.0,0.0,0.0,0.0,0.0,0.0,0.0,0.0,0.0,0.0,0.0
267,RPRC0530038,2,0.014175091,0.031104199,0.0,0.011842276,0.0,0.016831908,0.911369233,0.0,0.0,0.0,0.0,0.0,0.0,0.0,0.0,0.0,0.0,0.0,0.0,0.002640617,0.0,0.0,0.0,0.0,0.0,0.0,0.0,0.0,0.0,0.000421203,0.0,0.0,0.0,0.0,0.0,0.0,0.0,0.0,0.0,0.0,0.0,0.0,0.0,0.0,0.0,0.0,0.0,0.0,0.0,0.0,0.0,0.0,0.0
268,RPRC0530038,3,0.258909864,0.611338805,0.0,0.0055396,0.0,0.011252951,0.108155068,0.0,0.0,0.0,0.0,0.0,0.0,0.001022066,0.0,0.0,0.0,0.0,0.0,0.000163531,0.0,4.09e-05,0.0,0.0,0.0,0.0,0.0,0.0,0.0,1.02e-05,0.0,1.02e-05,0.0,0.0,0.0,0.0,0.0,0.0,0.0,0.0,0.0,0.0,0.0,0.0,0.0,0.0,0.0,0.0,0.0,0.0,0.0,0.0,0.0
269,RPRC0530038,4,6.69e-05,0.983072771,0.0,0.009333393,0.0,0.000234171,0.004638819,0.0,0.0,0.0,0.0,0.0,0.0,0.000490644,0.0,0.0,0.0,0.0,0.0,0.000144963,0.0,0.0,0.0,0.0,0.0,0.0,0.0,0.0,0.0,0.0,0.0,0.0,0.0,0.0,0.0,0.0,0.0,0.0,0.0,0.0,0.0,0.0,0.0,0.0,0.0,0.0,0.0,0.0,0.0,0.0,0.0,0.0,0.0
270,RPRC0530038,5,0.051268735,0.565023586,0.0,0.037708631,0.0,0.006491539,0.301568067,0.0,0.0,0.0,0.0,0.0,0.0,0.003000534,0.0,0.0,0.0,0.0,0.0,0.005856811,0.0,4.33e-05,0.0,0.0,0.0,0.0,0.0,0.0,0.0,0.0,0.0,0.008814068,0.0,0.0,0.0,0.0,0.0,0.0,0.0,0.0,0.0,0.0,0.0,0.0,0.0,0.0,0.0,0.0,0.0,0.0,0.0,0.0,0.0
271,RPRC0530038,6,0.607315802,0.224685113,0.0,0.002567394,0.0,0.069713647,0.052822227,0.0,0.0,0.0,0.0,0.0,0.0,0.00096595,0.0,0.0,0.0,0.0,0.0,0.020717091,0.0,0.012417545,0.0,0.0,0.0,0.0,0.0,0.0,0.0,0.000521105,0.0,0.0,0.0,0.0,0.0,0.0,0.0,0.0,0.0,0.0,0.0,0.0,0.0,0.0,0.0,0.0,0.0,0.0,0.0,0.0,0.0,0.0,0.0
272,RPRC0530038,7,0.042876835,0.881558286,0.0,0.008498651,0.0,0.001210668,0.060713215,0.0,0.0,0.0,0.0,0.0,0.0,4.79e-05,0.0,0.0,0.0,0.0,0.0,0.000611328,0.0,2.4e-05,0.0,0.0,0.0,0.0,0.0,0.0,0.0,0.0,0.0,0.0,0.0,0.0,0.0,0.0,0.0,0.0,0.0,0.0,0.0,0.0,0.0,0.0,0.0,0.0,0.0,0.0,0.0,0.0,0.0,0.0,0.0
273,RPRC0530041,1,0.0,0.760560616,0.023372069,0.0,0.0,0.0,0.03492724,0.000170121,0.0,0.0,0.0,0.0,0.0,0.040279523,0.005365369,0.0,0.0,0.0,0.025073283,0.009539887,0.040083229,0.0,0.0,0.0,0.0,0.0,0.0,0.006386097,0.0,0.0,0.0,0.0,0.0,0.0,0.0,0.0,0.0,0.0,0.0,0.0,0.0,0.0,0.0,0.0,0.0,0.0,0.0,0.0,0.0,0.0,0.0,0.0,0.0
274,RPRC0530041,2,0.0,0.978035436,0.001688822,0.0,0.0,0.0,0.000138266,0.000187647,0.0,0.0,0.0,0.0,0.0,0.005659036,0.001590061,0.0,0.0,0.0,0.001165386,0.001254271,0.005738045,0.0,0.0,0.0,0.0,0.0,0.0,0.000355542,0.0,0.0,0.0,0.0,0.0,0.0,0.0,0.0,0.0,0.0,0.0,0.0,0.0,0.0,0.0,0.0,0.0,0.0,0.0,0.0,0.0,0.0,0.0,0.0,0.0
275,RPRC0530041,3,0.0,0.707907955,0.262784721,0.0,0.0,0.0,0.001565238,0.018011914,0.0,0.0,0.0,0.0,0.0,0.001109683,0.000677491,0.0,0.0,0.0,0.000490597,0.000292022,0.000373788,0.0,0.0,0.0,0.0,0.0,0.0,0.000490597,0.0,0.0,0.0,0.0,0.0,0.0,0.0,0.0,0.0,0.0,0.0,0.0,0.0,0.0,0.0,0.0,0.0,0.0,0.0,0.0,0.0,0.0,0.0,0.0,0.0
276,RPRC0530041,4,0.0,0.780043345,0.007488852,0.0,0.0,0.0,0.027901646,0.000919086,0.0,0.0,0.0,0.0,0.0,0.04967605,0.013332426,0.0,0.0,0.0,0.009973789,0.009292984,0.026642158,0.0,0.0,0.0,0.0,0.0,0.0,0.005287583,0.0,0.0,0.0,0.0,0.0,0.0,0.0,0.0,0.0,0.0,0.0,0.0,0.0,0.0,0.0,0.0,0.0,0.0,0.0,0.0,0.0,0.0,0.0,0.0,0.0
277,RPRC0530041,5,0.0,0.696887077,0.00976775,0.0,0.0,0.0,0.031954676,0.007579074,0.0,0.0,0.0,0.0,0.0,0.04716285,0.013419713,0.0,0.0,0.0,0.023625199,0.02617657,0.007566567,0.0,0.0,0.0,0.0,0.0,0.0,0.012969471,0.0,0.0,0.0,0.0,0.0,0.0,0.0,0.0,0.0,0.0,0.0,0.0,0.0,0.0,0.0,0.0,0.0,0.0,0.0,0.0,0.0,0.0,0.0,0.0,0.0
278,RPRC0530041,6,0.0,0.581858596,0.0021373,0.0,0.0,0.0,0.096178507,0.000256476,0.0,0.0,0.0,0.0,0.0,0.047790032,0.029430623,0.0,0.0,0.0,0.05091049,0.020624947,0.038514149,0.0,0.0,0.0,0.0,0.0,0.0,0.021736343,0.0,0.0,0.0,0.0,0.0,0.0,0.0,0.0,0.0,0.0,0.0,0.0,0.0,0.0,0.0,0.0,0.0,0.0,0.0,0.0,0.0,0.0,0.0,0.0,0.0
279,RPRC0530041,7,0.0,0.583907575,0.044893225,0.0,0.0,0.0,0.015874099,0.005662823,0.0,0.0,0.0,0.0,0.0,0.035978258,0.024379705,0.0,0.0,0.0,0.005253463,0.022173705,0.022992427,0.0,0.0,0.0,0.0,0.0,0.0,0.024743581,0.0,0.0,0.0,0.0,0.0,0.0,0.0,0.0,0.0,0.0,0.0,0.0,0.0,0.0,0.0,0.0,0.0,0.0,0.0,0.0,0.0,0.0,0.0,0.0,0.0
280,RPRC0530042,1,0.014682095,0.978861654,0.0,0.005315693,0.0,0.000152074,0.000801847,0.0,0.0,0.0,2.07e-05,0.0,0.0,0.0,0.0,0.0,0.0,0.0,6.91e-06,2.76e-05,0.0,0.0,0.0,0.0,0.0,0.0,0.0,0.0,0.0,0.0,0.0,0.0,0.0,0.0,0.0,0.0,0.0,0.0,0.0,0.0,0.0,0.0,0.0,0.0,0.0,0.0,0.0,0.0,0.0,0.0,0.0,0.0,0.0
281,RPRC0530042,2,0.032749093,0.785164593,0.0,0.138579065,0.0,0.003378875,0.015436598,0.0,0.0,0.0,0.0,0.0,0.0,0.0,0.0,0.0,0.0,0.0,0.000452023,0.004373326,0.0,0.0,0.0,0.0,0.0,0.0,0.0,0.0,0.0,0.0,0.0,0.0,0.0,0.0,0.0,0.0,3.39e-05,0.0,0.0,0.0,0.0,0.0,0.0,0.0,0.0,0.0,0.0,0.0,0.0,0.0,0.0,0.0,0.0
282,RPRC0530042,3,0.001860604,0.765377889,0.0,0.066101043,0.0,0.004787953,0.033689329,0.0,0.0,0.0,0.023133505,0.0,0.0,0.0,0.014785596,0.0,0.0,0.0,0.021769062,0.012652104,0.0,0.0,0.0,0.0,0.0,0.0,0.0,0.0,0.0,0.0,0.0,0.0,0.0,0.0,0.0,0.0,0.0,0.0,0.0,0.0,0.0,0.0,0.0,0.0,0.0,0.0,0.0,0.0,0.0,0.0,0.0,0.0,0.0
283,RPRC0530042,4,0.525960428,0.312997347,0.0,0.053710355,0.0,0.057340119,0.034114706,0.0,0.0,0.0,0.000736106,0.0,0.0,0.0,0.0,0.0,0.0,0.0,0.000723415,0.00128184,0.0,0.0,0.0,0.0,0.0,0.0,0.0,0.0,0.0,0.0,0.0,0.0,0.0,0.0,0.0,0.0,0.0,0.0,0.0,0.0,0.0,0.0,0.0,0.0,0.0,0.0,0.0,0.0,0.0,0.0,0.0,0.0,0.0
284,RPRC0530042,5,0.006472165,0.963939593,0.0,0.006741838,0.0,0.003016973,0.005570444,0.0,0.0,0.0,0.00062362,0.0,0.0,0.0,0.002266943,0.0,0.0,0.0,0.003177091,0.002477626,0.0,0.0,0.0,0.0,0.0,0.0,0.0,0.0,0.0,0.0,0.0,0.0,0.0,0.0,0.0,0.0,0.0,0.0,0.0,0.0,0.0,0.0,0.0,0.0,0.0,0.0,0.0,0.0,0.0,0.0,0.0,0.0,0.0
285,RPRC0530042,6,0.212033059,0.77430121,0.0,0.002266346,0.0,0.002085941,0.002401651,0.0,0.0,0.0,0.0,0.0,0.0,0.0,1.13e-05,0.0,0.0,0.0,6.77e-05,7.89e-05,0.0,0.0,0.0,0.0,0.0,0.0,0.0,0.0,0.0,0.0,0.0,0.0,0.0,0.0,0.0,0.0,0.006167619,0.0,0.0,0.0,0.0,0.0,0.0,0.0,0.0,0.0,0.0,0.0,0.0,0.0,0.0,0.0,0.0
286,RPRC0530042,7,0.144524607,0.837172095,0.0,0.0081907,0.0,0.000291806,0.000171059,0.0,0.0,0.0,0.0,0.0,0.0,0.0,0.0,0.0,0.0,0.0,4.02e-05,0.000120747,0.0,0.0,0.0,0.0,0.0,0.0,0.0,0.0,0.0,0.0,0.0,0.0,0.0,0.0,0.0,0.0,0.008532818,0.0,0.0,0.0,0.0,0.0,0.0,0.0,0.0,0.0,0.0,0.0,0.0,0.0,0.0,0.0,0.0
287,RPRC0530043,1,0.01811807,0.592174346,0.233950914,8.01e-05,0.0,4.45e-05,0.003337071,0.040427501,0.0,0.0,0.0,0.0,0.0,0.016818837,0.0,0.0,0.0,0.0,0.0,0.0,0.0,0.0,0.0,0.0,0.0,0.0,0.0,0.0,0.0,0.0,0.0,0.0,0.0,0.0,0.0,0.0,0.0,0.0,0.0,0.0,0.0,0.0,0.0,0.0,0.0,0.0,0.0,0.0,0.0,0.0,0.0,0.0,0.0
288,RPRC0530043,2,0.594197119,0.073637339,0.028121944,0.061370779,0.0,0.046388865,0.113142879,0.05991816,0.0,0.0,0.0,0.0,0.0,0.003152088,0.0,0.0,0.0,0.0,0.0,0.0,0.0,0.0,0.0,0.0,0.0,0.0,0.0,0.0,0.0,0.0,0.0,0.0,0.0,0.0,0.0,0.0,0.0,0.0,0.0,0.0,0.0,0.0,0.0,0.0,0.0,0.0,0.0,0.0,0.0,0.0,0.0,0.0,0.0
289,RPRC0530043,3,0.034912444,0.679969259,0.242081572,0.0,0.0,0.0,0.003403414,0.015864303,0.0,0.0,0.0,0.0,0.0,0.002689795,0.0,0.0,0.0,0.0,0.0,0.0,0.0,0.0,0.0,0.0,0.0,0.0,0.0,0.0,0.0,0.0,0.0,0.0,0.0,0.0,0.0,0.0,0.0,0.0,0.0,0.0,0.0,0.0,0.0,0.0,0.0,0.0,0.0,0.0,0.0,0.0,0.0,0.0,0.0
290,RPRC0530043,4,0.008682515,0.480954889,0.022612152,0.0,0.0,0.001824268,0.305574362,0.051449384,0.0,0.0,0.0,0.0,0.0,0.024900323,0.0,0.0,0.0,0.0,0.0,0.0,0.0,0.0,0.0,0.0,0.0,0.0,0.0,0.0,0.0,0.0,0.0,0.0,0.0,0.0,0.0,0.0,0.0,0.0,0.0,0.0,0.0,0.0,0.0,0.0,0.0,0.0,0.0,0.0,0.0,0.0,0.0,0.0,0.0
291,RPRC0530043,5,0.038023837,0.51207228,0.021337947,3.84e-05,0.0,7.69e-05,0.320530565,0.005113418,0.0,0.0,0.0,0.0,0.0,0.02414456,0.0,0.0,0.0,0.0,0.0,0.0,0.0,0.0,0.0,0.0,0.0,0.0,0.0,0.0,0.0,0.0,0.0,0.0,0.0,0.0,0.0,0.0,0.0,0.0,0.0,0.0,0.0,0.0,0.0,0.0,0.0,0.0,0.0,0.0,0.0,0.0,0.0,0.0,0.0
292,RPRC0530043,6,0.497055051,0.029242589,0.003062196,0.039008511,0.0,0.042387961,0.369173897,0.004813992,0.0,0.0,0.0,0.0,0.0,0.000951764,0.0,0.0,0.0,0.0,0.0,0.0,0.0,0.0,0.0,0.0,0.0,0.0,0.0,0.0,0.0,0.0,0.0,0.0,0.0,0.0,0.0,0.0,0.0,0.0,0.0,0.0,0.0,0.0,0.0,0.0,0.0,0.0,0.0,0.0,0.0,0.0,0.0,0.0,0.0
293,RPRC0530043,7,0.614621771,0.018296433,0.000384379,0.0,0.0,0.010378229,0.330412054,7.69e-05,0.0,0.0,0.0,0.0,0.0,0.0,0.0,0.0,0.0,0.0,0.0,0.0,0.0,0.0,0.0,0.0,0.0,0.0,0.0,0.0,0.0,0.0,0.0,0.0,0.0,0.0,0.0,0.0,0.0,0.0,0.0,0.0,0.0,0.0,0.0,0.0,0.0,0.0,0.0,0.0,0.0,0.0,0.0,0.0,0.0
294,RPRC0530046,1,0.001000448,0.060415111,0.733970435,0.001806779,0.0,0.0,0.000328505,0.057592952,0.0,0.0,0.0,0.0,0.0,0.0,0.0,0.0,0.0,0.0,0.0,0.000642079,0.0,0.0,0.0,0.0,0.0,0.0,0.0,0.0,0.0,0.0,0.0,0.0,0.0,0.000866059,0.0,0.0,0.142436912,0.0,0.0,0.0,0.000298641,0.0,0.0,0.0,0.0,0.0,0.0,0.0,0.0,0.0,0.0,0.0,0.0
295,RPRC0530046,2,0.091120726,0.426534219,0.429410689,0.005399476,0.0,0.0,0.003449327,0.001279785,0.0,0.0,0.0,0.0,0.0,0.0,0.0,0.0,0.0,0.0,0.0,0.012164056,0.0,0.0,0.0,0.0,0.0,0.0,0.0,0.0,0.0,0.0,0.0,0.0,0.0,0.00692303,0.0,0.0,0.0,0.0,0.0,0.0,0.009007252,0.0,0.0,0.0,0.0,0.0,0.0,0.0,0.0,0.0,0.0,0.0,0.0
296,RPRC0530046,3,0.00028496,0.333088368,0.177395165,0.16421201,0.0,0.0,0.31050153,0.000224969,0.0,0.0,0.0,0.0,0.0,0.0,0.0,0.0,0.0,0.0,0.0,0.000209971,0.0,0.0,0.0,0.0,0.0,0.0,0.0,0.0,0.0,0.0,0.0,0.0,0.0,0.009733637,0.0,0.0,0.0,0.0,0.0,0.0,0.000164977,0.0,0.0,0.0,0.0,0.0,0.0,0.0,0.0,0.0,0.0,0.0,0.0
297,RPRC0530046,4,0.003182538,0.086106103,0.711317817,0.148882697,0.0,0.0,0.015257062,0.000956127,0.0,0.0,0.0,0.0,0.0,0.0,0.0,0.0,0.0,0.0,0.0,0.000915151,0.0,0.0,0.0,0.0,0.0,0.0,0.0,0.0,0.0,0.0,0.0,0.0,0.0,0.01383653,0.0,0.0,1.37e-05,0.0,0.0,0.0,0.000751243,0.0,0.0,0.0,0.0,0.0,0.0,0.0,0.0,0.0,0.0,0.0,0.0
298,RPRC0530046,5,0.000319548,0.023007451,0.960275148,0.000117728,0.0,0.0,3.36e-05,0.007719605,0.0,0.0,0.0,0.0,0.0,0.0,0.0,0.0,0.0,0.0,0.0,0.000857734,0.0,0.0,0.0,0.0,0.0,0.0,0.0,0.0,0.0,0.0,0.0,0.0,0.0,0.005247313,0.0,0.0,3.36e-05,0.0,0.0,0.0,0.00010091,0.0,0.0,0.0,0.0,0.0,0.0,0.0,0.0,0.0,0.0,0.0,0.0
299,RPRC0530046,6,0.000102463,0.016681012,0.975285872,0.0,0.0,0.0,6.15e-05,0.002889463,0.0,0.0,0.0,0.0,0.0,0.0,0.0,0.0,0.0,0.0,0.0,0.000245912,0.0,0.0,0.0,0.0,0.0,0.0,0.0,0.0,0.0,0.0,0.0,0.0,0.0,0.004221484,0.0,0.0,0.0,0.0,0.0,0.0,4.1e-05,0.0,0.0,0.0,0.0,0.0,0.0,0.0,0.0,0.0,0.0,0.0,0.0
300,RPRC0530046,7,0.00015966,0.002136988,0.990027388,0.0,0.0,0.0,0.000245631,0.003684463,0.0,0.0,0.0,0.0,0.0,0.0,0.0,0.0,0.0,0.0,0.0,2.46e-05,0.0,0.0,0.0,0.0,0.0,0.0,0.0,0.0,0.0,0.0,0.0,0.0,0.0,0.003549366,0.0,0.0,0.0,0.0,0.0,0.0,1.23e-05,0.0,0.0,0.0,0.0,0.0,0.0,0.0,0.0,0.0,0.0,0.0,0.0
301,RPRC0530048,1,0.647675785,0.067880517,0.01829166,0.228561839,0.0,0.0,0.0,0.00050344,0.0,0.0,0.0,0.0,0.0,0.006628629,0.0,0.0,0.0,0.0,0.0,0.0,0.0,0.0,0.0,0.006041282,0.0,0.0,0.0,0.0,0.0,0.0,0.0,0.0,0.0,0.0,0.0,0.0,0.0,0.0,0.0,0.0,0.0,0.0,0.0,0.0,0.0,0.0,0.0,0.0,0.0,0.0,0.0,0.0,0.0
302,RPRC0530048,2,0.0,0.797437796,0.0,0.005021405,0.0,0.0,0.0,0.0,0.0,0.0,0.0,0.0,0.0,0.036018927,0.0,0.0,0.0,0.0,0.0,0.006695207,0.0,0.0,0.0,0.0,0.0,0.0,0.0,0.0,0.0,0.0,0.0,0.0,0.0,0.0,0.0,0.0,0.0,0.0,0.0,0.0,0.0,0.082627869,0.0,0.0,0.0,0.0,0.0,0.0,0.0,0.0,0.0,0.0,0.0
303,RPRC0530048,3,6.8e-05,0.728169541,0.001054529,8.5e-05,0.0,0.0,0.0,0.000646324,0.0,0.0,0.0,0.0,0.0,0.0940232,0.0,0.0,0.0,0.0,0.0,0.002279144,0.0,0.094771575,0.0,0.0,0.0,0.0,0.0,0.0,0.0,0.0,0.0,0.0,0.0,0.0,0.0,0.0,0.0,0.0,0.0,0.0,0.0,0.0,0.0,0.0,0.0,0.0,0.0,0.0,0.0,0.0,0.0,0.0,0.0
304,RPRC0530048,4,0.000393757,0.734418186,0.014871915,0.097189935,0.0,0.0,0.0,0.091745481,0.0,0.0,0.0,0.0,0.0,0.020255791,0.0,0.0,0.0,0.0,0.0,0.007958443,0.0,0.001529596,0.0,0.000212023,0.0,0.0,0.0,0.0,0.0,0.0,0.0,0.0,0.0,0.0,0.0,0.0,0.0,0.0,0.0,0.0,0.0,0.0,0.0,0.0,0.0,0.0,0.0,0.0,0.0,0.0,0.0,0.0,0.0
305,RPRC0530048,5,0.000607926,0.939321403,0.001861773,0.000151981,0.0,0.0,0.0,3.8e-05,0.0,0.0,0.0,0.0,0.0,0.001519815,0.0,0.0,0.0,0.0,0.0,0.046202363,0.0,0.000151981,0.0,0.000151981,0.0,0.0,0.0,0.0,0.0,0.0,0.0,0.0,0.0,0.0,0.0,0.0,0.0,0.0,0.0,0.0,0.0,7.6e-05,0.0,0.0,0.0,0.0,0.0,0.0,0.0,0.0,0.0,0.0,0.0
306,RPRC0530048,6,0.0,0.150031883,0.334041843,0.336471017,0.0,0.0,0.0,0.001487869,0.0,0.0,0.0,0.0,0.0,0.005283454,0.0,0.0,0.0,0.0,0.0,0.004706525,0.0,0.0,0.0,0.151550117,0.0,0.0,0.0,0.0,0.0,0.0,0.0,0.0,0.0,0.0,0.0,0.0,0.0,0.0,0.0,0.0,0.0,0.0,0.0,0.0,0.0,0.0,0.0,0.0,0.0,0.0,0.0,0.0,0.0
307,RPRC0530048,7,0.000938222,0.210017321,0.75562933,0.0,0.0,0.0,0.0,0.028290993,0.0,0.0,0.0,0.0,0.0,0.001371247,0.0,0.0,0.0,0.0,0.0,0.001082564,0.0,0.0,0.0,0.0,0.0,0.0,0.0,0.0,0.0,0.0,0.0,0.0,0.0,0.0,0.0,0.0,0.0,0.0,0.0,0.0,0.0,0.0,0.0,0.0,0.0,0.0,0.0,0.0,0.0,0.0,0.0,0.0,0.0
308,RPRC0530049,1,0.000877578,0.795543431,0.0,0.0001717,0.0,0.0001717,0.024038003,0.0,0.0,0.0,0.0,0.0,0.0,0.04855295,0.0,0.0,0.0,0.0,0.077856421,0.00971059,0.0,0.0,0.0,0.0,0.0,0.0,0.0,0.0,0.0,0.0,0.0,0.0,0.0,0.0,0.0,0.0,0.0,0.0,0.0,0.0,0.0,0.0,0.0,0.0,0.0,0.0,0.0,0.0,0.0,0.0,0.0,0.0,0.0
309,RPRC0530049,2,0.539526349,0.364241182,0.095878357,1.07e-05,0.0,0.0,0.0,0.0,0.0,0.0,0.0,0.0,0.0,0.0,0.0,0.0,0.0,0.0,0.0,0.0,0.0,0.0,0.0,0.0,0.0,0.0,0.0,0.0,0.0,0.0,0.0,0.0,0.0,0.0,0.0,0.0,0.0,0.0,0.0,0.0,0.0,0.0,0.0,0.0,0.0,0.0,0.0,0.0,0.0,0.0,0.0,0.0,0.0
310,RPRC0530049,3,0.001521111,0.010432672,0.001966689,0.0,0.0,3.07e-05,0.006253457,0.0,0.0,0.0,0.0,0.0,0.0,1.54e-05,0.0,0.0,0.0,0.0,0.00255055,0.002827116,0.0,0.0,0.0,0.0,0.0,0.0,0.0,0.0,0.0,0.0,0.0,0.0,0.0,0.0,0.0,0.0,0.971529101,0.0,0.0,0.0,0.0,0.0,0.0,0.0,0.0,0.0,0.0,0.0,0.0,0.0,0.0,0.0,0.0
311,RPRC0530049,4,0.177808898,0.818740867,0.000111625,1.01e-05,0.0,0.00031458,0.001684527,0.0,0.0,0.0,0.0,0.0,0.0,0.000213103,0.0,0.0,0.0,0.0,0.000466797,0.000263842,0.0,0.0,0.0,0.0,0.0,0.0,0.0,0.0,0.0,0.0,0.0,0.0,0.0,0.0,0.0,0.0,1.01e-05,0.0,0.0,0.0,0.0,0.0,0.0,0.0,0.0,0.0,0.0,0.0,0.0,0.0,0.0,0.0,0.0
312,RPRC0530049,5,0.048304958,0.770495282,8.74e-05,0.0,0.0,0.0,0.000312048,0.0,0.0,0.0,0.0,0.0,0.0,0.000536722,0.0,0.0,0.0,0.0,0.0,0.0,0.0,0.0,0.0,0.0,0.0,0.0,0.0,0.0,0.0,0.0,0.0,0.0,0.0,0.0,0.0,0.0,0.1789655,0.0,0.0,0.0,0.0,0.0,0.0,0.0,0.0,0.0,0.0,0.0,0.0,0.0,0.0,0.0,0.0
313,RPRC0530049,6,0.031078035,0.922330097,0.002266631,6.3e-05,0.0,0.0,0.017856019,0.0,0.0,0.0,0.0,0.0,0.0,0.006762117,0.0,0.0,0.0,0.0,0.004419931,0.006107312,0.0,0.0,0.0,0.0,0.0,0.0,0.0,0.0,0.0,0.0,0.0,0.0,0.0,0.0,0.0,0.0,0.000163701,0.0,0.0,0.0,0.0,0.0,0.0,0.0,0.0,0.0,0.0,0.0,0.0,0.0,0.0,0.0,0.0
314,RPRC0530049,7,0.685671229,0.10735764,0.000599997,0.000125581,0.0,0.144362119,0.006488342,0.0,0.0,0.0,0.0,0.0,0.0,0.005079046,0.0,0.0,0.0,0.0,0.0,0.005497649,0.0,0.0,0.0,0.0,0.0,0.0,0.0,0.0,0.0,0.0,0.0,0.0,0.0,0.0,0.0,0.0,0.004855791,0.0,0.0,0.0,0.0,0.0,0.0,0.0,0.0,0.0,0.0,0.0,0.0,0.0,0.0,0.0,0.0
315,RPRC0530052,1,0.002481066,0.792977932,0.108122225,0.0,0.0,0.0,0.028173152,0.002072996,0.0,0.0,0.0,0.0,0.0,0.002725908,0.0,0.0,0.0,0.0,0.004472447,0.006300601,0.0,0.0,0.0,0.0,0.0,0.0,0.0,0.0,0.0,0.0,0.0,0.0,0.0,0.0,0.0,0.0,0.035453121,0.0,0.0,0.0,0.0,0.0,0.0,0.0,0.0,0.0,0.0,0.0,0.0,0.0,0.0,0.0,0.0
316,RPRC0530052,2,0.002293879,0.671385503,0.228798008,6.55e-05,0.0,0.0,0.0,0.009830908,0.0,0.0,0.0,0.0,0.0,0.029623804,0.0,0.0,0.0,0.0,0.0,0.003342509,0.0,0.0,0.0,0.0,0.0,0.0,0.0,0.0,0.0,0.0,0.0,0.0,0.0,0.0,0.0,0.0,0.0,0.0,0.0,0.0,0.0,0.0,0.0,0.0,0.0,0.0,0.0,0.0,0.0,0.0,0.0,0.0,0.0
317,RPRC0530052,3,0.011578459,0.522325743,0.005895543,0.027486759,0.0,0.0,0.185448641,0.000985812,0.0,0.0,0.0,0.0,0.0,0.034928674,0.0,0.0,0.0,0.0,0.038079406,0.017358024,0.0,0.0,0.0,0.0,0.0,0.0,0.0,0.0,0.0,0.0,0.0,0.0,0.0,0.0,0.0,0.0,0.0,0.0,0.0,0.0,0.0,0.0,0.0,0.0,0.0,0.0,0.0,0.0,0.0,0.0,0.0,0.0,0.0
318,RPRC0530052,4,0.552896857,0.074610206,0.001709163,0.256357041,0.0,0.0,0.066517842,0.000662737,0.0,0.0,0.0,0.0,0.0,0.006609927,0.0,0.0,0.0,0.0,0.008249329,0.00355785,0.0,0.0,0.0,0.0,0.0,0.0,0.0,0.0,0.0,0.0,0.0,0.0,0.0,0.0,0.0,0.0,0.0,0.0,0.0,0.0,0.0,0.0,0.0,0.0,0.0,0.0,0.0,0.0,0.0,0.0,0.0,0.0,0.0
319,RPRC0530052,5,0.150466767,0.372836614,0.4150729,1.75e-05,0.0,0.0,0.001905528,0.019195133,0.0,0.0,0.0,0.0,0.0,0.00596133,0.0,0.0,0.0,0.0,0.001066396,0.01201007,0.0,0.0,0.0,0.0,0.0,0.0,0.0,0.0,0.0,0.0,0.0,0.0,0.0,0.0,0.0,0.0,0.0,0.0,0.0,0.0,0.0,0.0,0.0,0.0,0.0,0.0,0.0,0.0,0.0,0.0,0.0,0.0,0.0
320,RPRC0530052,6,0.060197978,0.095463448,0.823535017,0.0,0.0,0.0,0.001196337,0.011603409,0.0,0.0,0.0,0.0,0.0,0.001312794,0.0,0.0,0.0,0.0,6.35e-05,0.002265629,0.0,0.0,0.0,0.0,0.0,0.0,0.0,0.0,0.0,0.0,0.0,0.0,0.0,0.0,0.0,0.0,0.0,0.0,0.0,0.0,0.0,0.0,0.0,0.0,0.0,0.0,0.0,0.0,0.0,0.0,0.0,0.0,0.0
321,RPRC0530052,7,0.005614482,0.429811384,0.097342984,0.0,0.0,0.0,0.335821915,0.003019681,0.0,0.0,0.0,0.0,0.0,0.019832779,0.0,0.0,0.0,0.0,0.06386853,0.009893628,0.0,0.0,0.0,0.0,0.0,0.0,0.0,0.0,0.0,0.0,0.0,0.0,0.0,0.0,0.0,0.0,0.0,0.0,0.0,0.0,0.0,0.0,0.0,0.0,0.0,0.0,0.0,0.0,0.0,0.0,0.0,0.0,0.0
322,RPRC0530053,1,0.44992837,0.179198053,0.0,0.061155013,0.0,0.040112759,0.236856293,0.0,0.0,0.0,0.0,0.0,0.0,0.014264368,0.0,0.0,0.0,0.0,0.004867754,0.000847236,0.0,0.0,0.0,0.0,0.0,0.0,0.0,0.0,0.0,0.0,0.0,0.0,0.0,0.0,0.0,0.0,0.0,0.0,0.0,0.0,0.0,0.0,0.0,0.0,0.0,0.0,0.0,0.0,0.0,0.0,0.0,0.0,0.0
323,RPRC0530053,2,0.675340563,0.114452453,0.198617908,0.0,0.0,0.000165322,0.0,0.0,0.0,0.0,0.0,0.0,0.0,0.004017326,0.0,0.0,0.0,0.0,0.000595159,0.001289512,0.0,0.0,0.0,0.0,0.0,0.0,0.0,0.0,0.0,0.0,0.0,0.0,0.0,0.0,0.0,0.0,0.0,0.0,0.0,0.0,0.0,0.0,0.0,0.0,0.0,0.0,0.0,0.0,0.0,0.0,0.0,0.0,0.0
324,RPRC0530053,3,0.556337525,0.427729351,0.002393541,1.79e-05,0.0,1.79e-05,0.0,0.0,0.0,0.0,0.0,0.0,0.0,0.004787082,0.0,0.0,0.0,0.0,0.0,0.001536153,0.0,0.0,0.0,0.0,0.0,0.0,0.0,0.0,0.0,0.0,0.0,0.0,0.0,0.0,0.0,0.0,0.0,0.0,0.0,0.0,0.0,0.0,0.0,0.0,0.0,0.0,0.0,0.0,0.0,0.0,0.0,0.0,0.0
325,RPRC0530053,4,0.005339682,0.297288551,0.003883405,0.422782645,0.0,0.001017082,0.194170269,0.0,0.0,0.0,0.0,0.0,0.0,0.025542637,0.0,0.0,0.0,0.0,0.014031113,0.013915536,0.0,0.0,0.0,0.0,0.0,0.0,0.0,0.0,0.0,0.0,0.0,0.0,0.0,0.0,0.0,0.0,0.0,0.0,0.0,0.0,0.0,0.0,0.0,0.0,0.0,0.0,0.0,0.0,0.0,0.0,0.0,0.0,0.0
326,RPRC0530053,5,0.370933893,0.222926526,0.000149903,0.057937341,0.0,0.035655395,0.181917468,0.0,0.0,0.0,0.0,0.0,0.0,0.045399062,0.0,0.0,0.0,0.0,0.006456518,0.018727113,0.0,0.0,0.0,0.0,0.0,0.0,0.0,0.0,0.0,0.0,0.0,0.0,0.0,0.0,0.0,0.0,0.0,0.0,0.0,0.0,0.0,0.0,0.0,0.0,0.0,0.0,0.0,0.0,0.0,0.0,0.0,0.0,0.0
327,RPRC0530053,6,0.001214026,0.482925087,0.000414197,0.191358995,0.0,0.006255802,0.066028708,0.0,0.0,0.0,0.0,0.0,0.0,0.038877383,0.0,0.0,0.0,0.0,0.085196029,0.045375991,0.0,0.0,0.0,0.0,0.0,0.0,0.0,0.0,0.0,0.0,0.0,0.0,0.0,0.0,0.0,0.0,0.0,0.010454903,0.0,0.0,0.0,0.0,0.0,0.0,0.0,0.0,0.0,0.0,0.0,0.0,0.0,0.0,0.0
328,RPRC0530053,7,0.31810784,0.008774413,0.669845033,3.54e-05,0.0,0.0,0.0,0.0,0.0,0.0,0.0,0.0,0.0,7.08e-05,0.0,0.0,0.0,0.0,5.31e-05,0.0,0.0,0.0,0.0,0.0,0.0,0.0,0.0,0.0,0.0,0.0,0.0,0.0,0.0,0.0,0.0,0.0,0.0,0.0,0.0,0.0,0.0,0.0,0.0,0.0,0.0,0.0,0.0,0.0,0.0,0.0,0.0,0.0,0.0
329,RPRC0530056,1,0.366608008,0.619549937,0.0,9.83e-06,0.0,0.0,0.0,0.0,0.0,0.0,0.0,0.0,0.0,0.00185806,0.0,0.0,0.0,0.0,0.0,0.0,0.0,0.0,0.0,0.0,0.0,0.0,0.0,0.0,0.0,0.0,0.0,0.0,0.0,0.0,0.0,0.0,0.0,0.0,0.0,0.0,0.0,0.0,0.0,0.0,0.0,0.0,0.0,0.0,0.0,0.0,0.0,0.0,0.0
330,RPRC0530056,2,0.000143513,0.369690011,0.0,2.05e-05,0.0,0.0,0.096153846,0.0,0.0,0.0,0.028825652,0.0,0.0,0.13402083,0.129038872,0.0,0.0,0.0,0.024397245,0.0,0.0,0.063986387,0.0,0.0,0.0,0.0,0.0,0.0,0.0,0.0,0.0,0.0,0.0,0.0,0.0,0.0,0.0,0.0,0.0,0.0,0.084836805,0.0,0.0,0.0,0.0,0.0,0.0,0.0,0.0,0.0,0.0,0.0,0.0
331,RPRC0530056,3,0.064443832,0.917672453,0.0,0.007605401,0.0,0.0,0.001717645,0.0,0.0,0.0,0.000881786,0.0,0.0,0.000762377,0.000303114,0.0,0.0,0.0,0.002884174,0.0,0.0,0.000367411,0.0,0.0,0.0,0.0,0.0,0.0,0.0,0.0,0.0,0.0,0.0,0.0,0.0,0.0,0.0,0.0,0.0,0.0,0.000284743,0.0,0.0,0.0,0.0,0.0,0.0,0.0,0.0,0.0,0.0,0.0,0.0
332,RPRC0530056,4,0.00039195,0.890802603,0.0,4.48e-05,0.0,0.0,0.003706731,0.0,0.0,0.0,0.001175851,0.0,0.0,0.021613268,0.000100787,0.0,0.0,0.0,0.002284511,0.0,0.0,0.001881362,0.0,0.0,0.0,0.0,0.0,0.0,0.0,0.0,0.0,0.0,0.0,0.0,0.0,0.0,0.0,0.0,0.0,0.0,0.064694223,0.0,0.0,0.0,0.0,0.0,0.0,0.0,0.0,0.0,0.0,0.0,0.0
333,RPRC0530056,5,0.070812255,0.855517596,0.0,0.026859821,0.0,0.0,0.001916212,0.0,0.0,0.0,0.002912643,0.0,0.0,0.012887896,7.66e-05,0.0,0.0,0.0,0.009438714,0.0,0.0,0.000470841,0.0,0.0,0.0,0.0,0.0,0.0,0.0,0.0,0.0,0.0,0.0,0.0,0.0,0.0,0.0,0.0,0.0,0.0,0.000569389,0.0,0.0,0.0,0.0,0.0,0.0,0.0,0.0,0.0,0.0,0.0,0.0
334,RPRC0530056,6,0.527540882,0.456046125,0.0,8.58e-06,0.0,0.0,0.000171594,0.0,0.0,0.0,0.000463305,0.0,0.0,0.002479537,0.0,0.0,0.0,0.0,0.000420406,0.0,0.0,5.15e-05,0.0,0.0,0.0,0.0,0.0,0.0,0.0,0.0,0.0,0.0,0.0,0.0,0.0,0.0,0.0,0.0,0.0,0.0,0.00060058,0.0,0.0,0.0,0.0,0.0,0.0,0.0,0.0,0.0,0.0,0.0,0.0
335,RPRC0530056,7,0.415664267,0.543045817,0.0,0.031991226,0.0,0.0,0.000303345,0.0,0.0,0.0,0.000408349,0.0,0.0,0.002100081,1.17e-05,0.0,0.0,0.0,0.00129505,0.0,0.0,0.00052502,0.0,0.0,0.0,0.0,0.0,0.0,0.0,0.0,0.0,0.0,0.0,0.0,0.0,0.0,0.0,0.0,0.0,0.0,0.000116671,0.0,0.0,0.0,0.0,0.0,0.0,0.0,0.0,0.0,0.0,0.0,0.0
336,RPRC0530057,1,0.015758372,0.821760779,0.001404392,0.13535967,0.0,0.00670278,0.012356825,0.000419494,0.0,0.0,0.0,0.0,0.0,0.002179543,0.0,0.0,0.0,0.0,8.21e-05,0.0,0.0,0.0,0.0,0.0,0.0,0.0,0.0,0.0,0.0,0.0,0.0,0.0,0.0,0.0,0.0,0.0,0.0,0.0,0.0,0.0,0.0,0.0,0.0,0.0,0.0,0.0,0.0,0.0,0.0,0.0,0.0,0.0,0.0
337,RPRC0530057,2,0.257851807,0.532123451,0.002651798,0.077955748,0.0,0.013590463,0.034781168,0.003196363,0.0,0.0,0.0,0.0,0.0,0.030910016,0.0,0.0,0.0,0.0,0.006037575,0.0,0.0,0.0,0.0,0.0,0.0,0.0,0.0,0.0,0.0,0.0,0.0,0.0,0.0,0.0,0.0,0.0,0.0,0.0,0.0,0.0,0.0,0.0,0.0,0.0,0.0,0.0,0.0,0.0,0.0,0.0,0.0,0.0,0.0
338,RPRC0530057,3,0.776644621,0.067122734,0.001363154,0.060029283,0.0,0.058527288,1.26e-05,6.31e-05,0.0,0.0,0.0,0.0,0.0,0.009365376,0.0,0.0,0.0,0.0,0.002928258,0.0,0.0,0.0,0.0,0.0,0.0,0.0,0.0,0.0,0.0,0.0,0.0,0.0,0.0,0.0,0.0,0.0,0.0,0.0,0.0,0.0,0.0,0.0,0.0,0.0,0.0,0.0,0.0,0.0,0.0,0.0,0.0,0.0,0.0
339,RPRC0530057,4,0.742283668,0.06980634,0.000431226,0.000731777,0.0,0.033165199,0.127682095,0.004377597,0.0,0.0,0.0,0.0,0.0,0.00795808,0.0,0.0,0.0,0.0,0.005161644,0.0,0.0,0.0,0.0,0.0,0.0,0.0,0.0,0.0,0.0,0.0,0.0,0.0,0.0,0.0,0.0,0.0,0.0,0.0,0.0,0.0,0.0,0.0,0.0,0.0,0.0,0.0,0.0,0.0,0.0,0.0,0.0,0.0,0.0
340,RPRC0530057,5,0.610051813,0.076822107,0.006010363,0.013402418,0.0,0.10791019,0.144939551,0.014162349,0.0,0.0,0.0,0.0,0.0,0.007115717,0.0,0.0,0.0,0.0,0.005043178,0.0,0.0,0.0,0.0,0.0,0.0,0.0,0.0,0.0,0.0,0.0,0.0,0.0,0.0,0.0,0.0,0.0,0.0,0.0,0.0,0.0,0.0,0.0,0.0,0.0,0.0,0.0,0.0,0.0,0.0,0.0,0.0,0.0,0.0
341,RPRC0530057,6,0.0,0.13341904,0.644147329,0.0,0.0,0.0,0.047374172,0.162704892,0.0,0.0,0.0,0.0,0.0,0.0,0.0,0.0,0.0,0.0,0.0,0.0,0.0,0.0,0.0,0.0,0.0,0.0,0.0,0.0,0.0,0.0,0.0,0.0,0.0,0.0,0.0,0.0,0.0,0.0,0.0,0.0,0.0,0.0,0.0,0.0,0.0,0.0,0.0,0.0,0.0,0.0,0.0,0.0,0.0
342,RPRC0530057,7,0.930542693,0.003222819,0.006538248,9.26e-06,0.0,0.027384701,0.028755325,4.63e-05,0.0,0.0,0.0,0.0,0.0,0.000305612,0.0,0.0,0.0,0.0,0.0,0.0,0.0,0.0,0.0,0.0,0.0,0.0,0.0,0.0,0.0,0.0,0.0,0.0,0.0,0.0,0.0,0.0,0.001629931,0.0,0.0,0.0,0.0,0.0,0.0,0.0,0.0,0.0,0.0,0.0,0.0,0.0,0.0,0.0,0.0
343,RPRC0530058,1,0.961292649,0.021799033,0.003145062,0.004328068,0.0,0.005265815,0.001168578,0.0,0.0,0.0,0.0,0.0,0.0,0.0,0.0,0.0,0.0,0.0,0.0,0.00018755,0.0,0.0,0.0,0.0,0.0,0.0,0.0,0.0,0.0,0.0,0.0,0.0,0.0,0.0,0.0,0.0,0.0,0.0,0.0,0.0,0.0,0.0,0.0,0.0,0.0,0.0,0.0,0.0,0.0,0.0,0.0,0.0,0.0
344,RPRC0530058,2,0.571160941,0.213915149,0.002377796,0.126124049,0.0,0.011399009,0.002132811,0.0,0.0,0.0,0.0,0.0,0.0,0.007464837,0.0,0.0,0.0,0.0,0.015549343,0.006412843,0.0,0.00325686,0.0,0.0,0.0,0.0,0.0,0.0,0.0,0.0,0.0,0.0,0.0,0.0,0.0,0.0,0.0,0.0,0.0,0.0,0.0,0.0,0.0,0.0,0.0,0.0,0.0,0.0,0.0,0.0,0.0,0.0,0.0
345,RPRC0530058,3,0.091073571,0.687528847,0.007384843,0.112249608,0.0,0.009766454,0.017575925,0.0,0.0,0.0,0.0,0.0,0.0,0.013274255,0.0,0.0,0.0,0.0,0.008547955,0.021896058,0.0,0.00096003,0.0,0.0,0.0,0.0,0.0,0.0,0.0,0.0,0.0,0.0,0.0,0.0,0.0,0.0,0.0,0.0,0.0,0.0,0.0,0.0,0.0,0.0,0.0,0.0,0.0,0.0,0.0,0.0,0.0,0.0,0.0
346,RPRC0530058,4,0.367879531,0.033455983,0.304601617,0.046356864,0.0,0.030503316,0.012446625,0.0,0.0,0.0,0.0,0.0,0.0,0.0070864,0.0,0.0,0.0,0.0,0.002611974,0.000408831,0.0,0.002225856,0.0,0.0,0.0,0.0,0.0,0.0,0.0,0.0,0.0,0.0,0.0,0.0,0.0,0.0,0.0,0.0,0.0,0.0,0.0,0.0,0.0,0.0,0.0,0.0,0.0,0.0,0.0,0.0,0.0,0.0,0.0
347,RPRC0530058,5,0.17249647,0.019592845,0.136223229,0.658493175,0.0,0.006060249,0.001029654,0.0,0.0,0.0,0.0,0.0,0.0,0.001691574,0.0,0.0,0.0,0.0,0.0,0.000573664,0.0,0.000235349,0.0,0.0,0.0,0.0,0.0,0.0,0.0,0.0,0.0,0.0,0.0,0.0,0.0,0.0,0.0,0.0,0.0,0.0,0.0,0.0,0.0,0.0,0.0,0.0,0.0,0.0,0.0,0.0,0.0,0.0,0.0
348,RPRC0530058,6,0.906502037,0.043402345,0.000103933,0.013635986,0.0,0.000103933,0.008522491,0.0,0.0,0.0,0.0,0.0,0.0,0.002847759,0.0,0.0,0.0,0.0,0.004988775,0.00465619,0.0,0.0,0.0,0.0,0.0,0.0,0.0,0.0,0.0,0.0,0.0,0.0,0.0,0.0,0.0,0.0,0.0,0.0,0.0,0.0,0.0,0.0,0.0,0.0,0.0,0.0,0.0,0.0,0.0,0.0,0.0,0.0,0.0
349,RPRC0530058,7,0.850971332,0.07689919,0.009340687,0.02702837,0.0,0.014408506,0.001900432,0.0,0.0,0.0,0.0,0.0,0.0,0.005341084,0.0,0.0,0.0,0.0,0.000583793,8.69e-05,0.0,0.004657922,0.0,0.0,0.0,0.0,0.0,0.0,0.0,0.0,0.0,0.0,0.0,0.0,0.0,0.0,0.0,0.0,0.0,0.0,0.0,0.0,0.0,0.0,0.0,0.0,0.0,0.0,0.0,0.0,0.0,0.0,0.0
350,RPRC0530059,1,0.741577555,0.169391744,0.00019547,0.0,0.0,0.015580085,0.0,0.003104519,0.0,0.0,0.0,0.0,0.0,0.017718754,0.0,0.0,0.0,0.0,0.008704151,0.004507301,0.0,0.003518455,0.0,0.0,0.0,0.0,0.0,0.0,0.0,0.0,0.0,0.0,0.0,0.0,0.0,0.0,0.0,0.0,0.0,0.0,0.0,0.0,0.0,0.0,0.0,0.0,0.0,0.0,0.0,0.0,0.0,0.0,0.0
351,RPRC0530059,2,0.819540172,0.135010313,0.035910852,0.0,0.0,0.0,0.0,0.001106807,0.0,0.0,0.0,0.0,0.0,0.005795643,0.0,0.0,0.0,0.0,0.000241485,0.000221361,0.0,0.000181114,0.0,0.0,0.0,0.0,0.0,0.0,0.0,0.0,0.0,0.0,0.0,0.0,0.0,0.0,0.0,0.0,0.0,0.0,0.0,0.0,0.0,0.0,0.0,0.0,0.0,0.0,0.0,0.0,0.0,0.0,0.0
352,RPRC0530059,3,0.82446734,0.098740724,0.000321202,0.0,0.0,0.043996409,0.0,0.004521533,0.0,0.0,0.0,0.0,0.0,0.001713076,0.0,0.0,0.0,0.0,0.004595656,0.003401445,0.0,0.002627266,0.0,0.0,0.0,0.0,0.0,0.0,0.0,0.0,0.0,0.0,0.0,0.0,0.0,0.0,0.0,0.0,0.0,0.0,0.0,0.0,0.0,0.0,0.0,0.0,0.0,0.0,0.0,0.0,0.0,0.0,0.0
353,RPRC0530059,4,0.729588695,0.168816575,0.064543439,0.0,0.0,0.0,0.0,0.001493135,0.0,0.0,0.0,0.0,0.0,0.013191922,0.0,0.0,0.0,0.0,0.001477742,0.001939536,0.0,0.006403547,0.0,0.0,0.0,0.0,0.0,0.0,0.0,0.0,0.0,0.0,0.0,0.0,0.0,0.0,0.0,0.0,0.0,0.0,0.0,0.0,0.0,0.0,0.0,0.0,0.0,0.0,0.0,0.0,0.0,0.0,0.0
354,RPRC0530059,5,0.005548723,0.648857363,0.031175814,0.0,0.0,0.0,0.0,0.005377113,0.0,0.0,0.0,0.0,0.0,0.0,0.0,0.0,0.0,0.0,0.0,0.284329148,0.0,2.86e-05,0.0,0.0,0.0,0.0,0.0,0.0,0.0,0.0,0.0,0.0,0.0,0.0,0.0,0.0,0.0,0.0,0.0,0.0,0.0,0.0,0.0,0.0,0.0,0.0,0.0,0.0,0.0,0.0,0.0,0.0,0.0
355,RPRC0530059,6,0.00517043,0.930716234,0.001900133,0.0,0.0,0.000103409,0.0,0.0,0.0,0.0,0.0,0.0,0.0,0.009112883,0.0,0.0,0.0,0.0,0.005687473,0.004317309,0.0,0.001421868,0.0,0.0,0.0,0.0,0.0,0.0,0.0,0.0,0.0,0.0,0.0,0.0,0.0,0.0,0.003205667,0.0,0.0,0.0,0.0,0.0,0.0,0.0,0.0,0.0,0.0,0.0,0.0,0.0,0.0,0.0,0.0
356,RPRC0530059,7,0.411072438,0.006823351,0.465228479,0.0,0.0,0.0,0.0,0.11630712,0.0,0.0,0.0,0.0,0.0,0.0,0.0,0.0,0.0,0.0,0.0,3.45e-05,0.0,0.0,0.0,0.0,0.0,0.0,0.0,0.0,0.0,0.0,0.0,0.0,0.0,0.0,0.0,0.0,0.0,0.0,0.0,0.0,0.0,0.0,0.0,0.0,0.0,0.0,0.0,0.0,0.0,0.0,0.0,0.0,0.0
357,RPRC0530060,1,0.696867799,0.291013058,0.00087053,1.71e-05,0.0,0.001143637,0.0,0.000546215,0.0,0.0,0.0,0.0,0.0,0.0,0.0,0.0,0.0,0.0,0.0,0.007715285,0.0,0.0,0.0,0.0,0.0,0.0,0.0,0.0,0.0,0.0,0.0,0.0,0.0,0.001177776,0.0,0.0,0.0,0.0,0.0,0.0,0.0,0.0,0.0,0.0,0.0,0.0,0.0,0.0,0.0,0.0,0.0,0.0,0.0
358,RPRC0530060,2,0.651621837,0.125047874,0.001325752,0.026220428,0.0,0.051674867,0.0,8.84e-05,0.0,0.0,0.0,0.0,0.0,0.0,0.0,0.0,0.0,0.0,0.0,0.002135934,0.0,0.0,0.00561235,0.0,0.0,0.0,0.0,0.0,0.0,0.0,0.0,0.0,0.0,0.002857732,0.0,0.0,0.128288601,0.0,0.0,0.0,0.0,0.0,0.0,0.0,0.0,0.0,0.0,0.0,0.0,0.0,0.0,0.0,0.0
359,RPRC0530060,3,0.969618513,0.01455946,0.000207764,0.006264883,0.0,0.003004587,0.0,0.0,0.0,0.0,0.0,0.0,0.0,0.0,0.0,0.0,0.0,0.0,0.0,0.000239728,0.0,0.0,3.2e-05,0.0,0.0,0.0,0.0,0.0,0.0,0.0,0.0,0.0,0.0,0.000367582,0.0,0.0,0.0,0.0,0.0,0.0,0.0,0.0,0.0,0.0,0.0,0.0,0.0,0.0,0.0,0.0,0.0,0.0,0.0
360,RPRC0530060,4,0.687970125,0.267306837,0.012803414,8.89e-05,0.0,0.008944607,0.0,0.006472837,0.0,0.0,0.0,0.0,0.0,0.0,0.0,0.0,0.0,0.0,0.0,0.004854628,0.0,0.0,0.000693518,0.0,0.0,0.0,0.0,0.0,0.0,0.0,0.0,0.0,0.0,0.001262559,0.0,0.0,0.0,0.0,0.0,0.0,0.0,0.0,0.0,0.0,0.0,0.0,0.0,0.0,0.0,0.0,0.0,0.0,0.0
361,RPRC0530060,5,0.534575286,0.371252777,0.003640403,0.013399419,0.0,0.040300803,0.0,0.000717826,0.0,0.0,0.0,0.0,0.0,0.0,0.0,0.0,0.0,0.0,0.0,0.009195009,0.0,0.0,0.006494616,0.0,0.0,0.0,0.0,0.0,0.0,0.0,0.0,0.0,0.0,0.011109212,0.0,0.0,0.00046146,0.0,0.0,0.0,0.0,0.0,0.0,0.0,0.0,0.0,0.0,0.0,0.0,0.0,0.0,0.0,0.0
362,RPRC0530060,6,0.924349823,0.017091062,0.026463978,0.0,0.0,2.47e-05,0.0,0.013423399,0.0,0.0,0.0,0.0,0.0,0.0,0.0,0.0,0.0,0.0,0.0,0.000419867,0.0,0.0,0.0,0.0,0.0,0.0,0.0,0.0,0.0,0.0,0.0,0.0,0.0,0.00025933,0.0,0.0,0.004630887,0.0,0.0,0.0,0.0,0.0,0.0,0.0,0.0,0.0,0.0,0.0,0.0,0.0,0.0,0.0,0.0
363,RPRC0530060,7,0.449457839,0.467929583,0.00144151,0.046804439,0.0,0.013930348,0.0,0.000918485,0.0,0.0,0.0,0.0,0.0,0.0,0.0,0.0,0.0,0.0,0.0,0.004464855,0.0,0.0,0.001007782,0.0,0.0,0.0,0.0,0.0,0.0,0.0,0.0,0.0,0.0,0.003801505,0.0,0.0,2.55e-05,0.0,0.0,0.0,0.0,0.0,0.0,0.0,0.0,0.0,0.0,0.0,0.0,0.0,0.0,0.0,0.0
364,RPRC0530067,1,0.00050817,0.551936606,0.001270426,0.115704054,0.0,0.026980674,0.0,0.0,0.0,0.0,0.0,0.0,0.0,0.174191294,0.0,0.0,0.0,0.0,0.0,0.0,0.051626939,0.0,0.0,0.0,0.0,0.0,0.0,0.0,0.0,0.0,0.0,0.0,0.0,0.000190564,0.0,0.0,0.0,0.0,0.0,0.0,0.0,0.0,0.0,0.0,0.0,0.0,0.0,0.0,0.0,0.0,0.0,0.0,0.0
365,RPRC0530067,2,0.020232546,0.074709996,0.019487207,0.803745663,0.0,0.006572528,0.0,0.0,0.0,0.0,0.0,0.0,0.0,1.36e-05,0.0,0.0,2.71e-05,0.0,0.0,0.0,4.07e-05,0.0,0.0,0.0,0.0,0.0,0.0,0.004092585,0.0,0.0,0.0,0.0,0.0,0.01157307,0.0,0.0,0.0,0.0,0.0,0.0,0.0,0.0,0.0,0.0,0.0,0.0,0.0,0.0,0.0,0.0,0.0,0.0,0.0
366,RPRC0530067,3,0.359240439,0.334492288,0.006187038,0.007542124,0.0,0.169617545,0.0,0.0,0.0,0.0,0.0,0.0,0.0,0.045217081,0.0,0.0,7.13e-05,0.0,0.0,0.0,0.009111171,0.0,0.0,0.0,0.0,0.0,0.0,0.000231791,0.0,0.0,0.0,0.0,0.0,0.001622537,0.0,0.0,0.0,0.0,0.0,0.0,0.0,0.0,0.0,0.0,0.0,0.0,0.0,0.0,0.0,0.0,0.0,0.0,0.0
367,RPRC0530067,4,0.00093658,0.757135849,0.001003479,0.205400946,0.0,0.001761663,0.0,0.0,0.0,0.0,0.0,0.0,0.0,0.008206226,0.0,0.0,0.0,0.0,0.0,0.0,0.001627865,0.0,0.0,0.0,0.0,0.0,0.0,0.0,0.0,0.0,0.0,0.0,0.0,0.000445991,0.0,0.0,0.0,0.0,0.0,0.0,0.0,0.0,0.0,0.0,0.0,0.0,0.0,0.0,0.0,0.0,0.0,0.0,0.0
368,RPRC0530067,5,0.00023252,0.000431822,0.000365388,0.656319548,0.0,0.005397774,0.0,0.0,0.0,0.0,0.0,0.0,0.0,0.0,0.0,0.0,0.319199469,0.0,0.0,0.0,0.0,0.0,0.0,0.0,0.0,0.0,0.0,0.0,0.0,0.0,0.0,0.0,0.0,0.006593589,0.0,0.0,0.0,0.0,0.0,0.0,0.0,0.0,0.0,0.0,0.0,0.0,0.0,0.0,0.0,0.0,0.0,0.0,0.0
369,RPRC0530067,6,0.002941176,0.529618566,0.030629596,2.3e-05,0.0,0.0,0.0,0.0,0.0,0.0,0.0,0.0,0.0,0.000942096,0.0,0.0,0.0,0.0,0.0,0.0,0.0,0.0,0.0,0.0,0.0,0.0,0.0,0.0,0.0,0.0,0.0,0.0,0.0,0.402320772,0.0,0.0,0.0,0.0,0.0,0.0,0.0,0.0,0.0,0.0,0.0,0.0,0.0,0.0,0.0,0.0,0.0,0.0,0.0
370,RPRC0530067,7,0.043412679,0.666541712,0.002650815,0.020903062,0.0,0.102471417,0.0,0.0,0.0,0.0,0.0,0.0,0.0,0.020001607,0.0,0.0,0.000232058,0.0,0.0,0.0,0.007791791,0.0,0.0,0.0,0.0,0.0,0.0,0.000669398,0.0,0.0,0.0,0.0,0.0,0.000240983,0.0,0.0,0.0,0.0,0.0,0.0,0.0,0.0,0.0,0.0,0.0,0.0,0.0,0.0,0.0,0.0,0.0,0.0,0.0
371,RPRC0530068,1,0.334400083,0.63475882,0.001987251,2.58e-05,0.0,0.022375926,0.000464552,0.0,0.0,0.0,0.0,0.0,0.0,0.000748445,0.0,0.0,0.0,0.0,0.0,0.0,0.0,0.0,0.0,0.0,0.0,0.0,0.0,0.0,0.0,0.0,0.0,0.0,0.0,0.0,0.0,0.0,0.0,0.0,0.0,0.0,0.0,0.0,0.0,0.0,0.0,0.0,0.0,0.0,0.0,0.0,0.0,0.0,0.0
372,RPRC0530068,2,0.271313527,0.703312354,0.001602245,0.000387471,0.0,0.005215151,0.002031605,0.0,0.0,0.0,0.0,0.0,0.0,0.004262182,0.000617859,0.0,0.0,0.0,0.0,0.0,0.0,0.0,0.0,0.0,0.0,0.0,0.0,0.0,0.0,0.0,0.0,0.0,0.0,0.0,0.0,0.0,0.0,0.0,0.0,0.0,0.0,0.0,0.0,0.0,0.0,0.0,0.0,0.0,0.0,0.0,0.0,0.0,0.0
373,RPRC0530068,3,0.206028482,0.499030235,0.001873107,0.213786599,0.0,0.023194644,0.009365535,0.0,0.0,0.0,0.0,0.0,0.0,0.011982571,0.003839205,0.0,0.0,0.0,0.0,0.0,0.0,0.0,0.0,0.0,0.0,0.0,0.0,0.0,0.0,0.0,0.0,0.0,0.0,0.0,0.0,0.0,0.0,0.0,0.0,0.0,0.0,0.0,0.0,0.0,0.0,0.0,0.0,0.0,0.0,0.0,0.0,0.0,0.0
374,RPRC0530068,4,0.000700809,0.730781671,0.007628032,0.028948787,0.0,0.043315364,0.032991914,0.0,0.0,0.0,0.0,0.0,0.0,0.020053908,0.020404313,0.0,0.0,0.0,0.0,0.0,0.0,0.0,0.0,0.0,0.0,0.0,0.0,0.0,0.0,0.0,0.0,0.0,0.0,0.0,0.0,0.0,0.0,0.0,0.0,0.0,0.0,0.0,0.0,0.0,0.0,0.0,0.0,0.0,0.0,0.0,0.0,0.0,0.0
375,RPRC0530068,5,0.000124607,0.701099654,0.013831345,0.245849039,0.0,0.0,0.001837949,0.0,0.0,0.0,0.0,0.0,0.0,0.012024548,0.007538706,0.0,0.0,0.0,0.0,0.0,0.0,0.0,0.0,0.0,0.0,0.0,0.0,0.0,0.0,0.0,0.0,0.0,0.0,0.0,0.0,0.0,0.0,0.0,0.0,0.0,0.0,0.0,0.0,0.0,0.0,0.0,0.0,0.0,0.0,0.0,0.0,0.0,0.0
376,RPRC0530068,6,0.001207685,0.651393718,0.004111009,0.087026532,0.0,0.249356511,0.000561147,0.0,0.0,0.0,0.0,0.0,0.0,0.00052455,0.0,0.0,0.0,0.0,0.0,0.0,0.0,0.0,0.0,0.0,0.0,0.0,0.0,0.0,0.0,0.0,0.0,0.0,0.0,0.0,0.0,0.0,0.0,0.0,0.0,0.0,0.0,0.0,0.0,0.0,0.0,0.0,0.0,0.0,0.0,0.0,0.0,0.0,0.0
377,RPRC0530068,7,0.527140719,0.196976048,0.000598802,0.104760479,0.0,0.090928144,0.021706587,0.0,0.0,0.0,0.0,0.0,0.0,0.012799401,0.005553892,0.0,0.0,0.0,0.0,0.0,0.0,0.0,0.0,0.0,0.0,0.0,0.0,0.0,0.0,0.0,0.0,0.0,0.0,0.0,0.0,0.0,0.0,0.0,0.0,0.0,0.0,0.0,0.0,0.0,0.0,0.0,0.0,0.0,0.0,0.0,0.0,0.0,0.0
378,RPRC0530070,1,0.01033129,0.047076245,0.056253874,0.0,0.0,0.0,0.0,0.000154969,0.0,0.0,0.0,0.0,0.0,0.0,0.0,0.0,0.0,0.0,0.0,0.0,0.0,0.0,0.0,0.0,0.0,0.0,0.0,0.011020043,0.0,0.0,0.0,0.0,0.0,0.0,0.0,0.0,0.799659067,0.0,0.0,0.0,0.0,0.0,0.0,0.0,0.0,0.0,0.0,0.0,0.0,0.0,0.0,0.0,0.0
379,RPRC0530070,2,0.061386982,0.400659961,0.001873437,0.489967534,0.0,0.0,0.0,0.001096386,0.0,0.0,0.0,0.0,0.0,0.0,0.0,0.0,0.001543456,0.0,0.004066209,0.002448241,0.0,0.0,0.0,0.0,0.0,0.0,0.0,0.002107616,0.0,0.0,0.0,0.0,0.0,0.0,0.0,0.0,0.001617968,0.0,0.0,0.0,0.0,0.0,0.0,0.0,0.0,0.0,0.0,0.0,0.0,0.0,0.0,0.0,0.0
380,RPRC0530070,3,0.192145251,0.232636436,0.004328679,0.435332842,0.0,0.0,0.0,0.0010972,0.0,0.0,0.0,0.0,0.0,0.0,0.0,0.0,0.042279771,0.0,0.0,0.000826657,0.0,0.0,0.0,0.0,0.0,0.0,0.0,0.011483023,0.0,0.0,0.0,0.0,0.0,0.0,0.0,0.0,0.000631266,0.0,0.0,0.0,0.0,0.0,0.0,0.0,0.0,0.0,0.0,0.0,0.0,0.0,0.0,0.0,0.0
381,RPRC0530070,4,0.004233684,0.680545843,1.89e-05,0.002627152,0.0,0.0,0.0,0.0,0.0,0.0,0.0,0.0,0.0,0.0,0.0,0.0,0.001946739,0.0,0.020317904,0.016934737,0.0,0.0,0.0,0.0,0.0,0.0,0.0,0.012719953,0.0,0.0,0.0,0.0,0.0,0.0,0.0,0.0,0.198094842,0.0,0.0,0.0,0.0,0.0,0.0,0.0,0.0,0.0,0.0,0.0,0.0,0.0,0.0,0.0,0.0
382,RPRC0530070,5,0.351250683,0.607788471,0.0,0.008319301,0.0,0.0,0.0,1.12e-05,0.0,0.0,0.0,0.0,0.0,0.0,0.0,0.0,0.026853721,0.0,0.000747176,0.000981365,0.0,0.0,0.0,0.0,0.0,0.0,0.0,0.000200734,0.0,0.0,0.0,0.0,0.0,0.0,0.0,0.0,3.35e-05,0.0,0.0,0.0,0.0,0.0,0.0,0.0,0.0,0.0,0.0,0.0,0.0,0.0,0.0,0.0,0.0
383,RPRC0530070,6,0.071146513,0.564952501,0.0,0.115756933,0.0,0.0,0.0,0.0,0.0,0.0,0.0,0.0,0.0,0.0,0.0,0.0,0.001331318,0.0,0.034546562,0.050860843,0.0,0.0,0.0,0.0,0.0,0.0,0.0,0.0,0.0,0.0,0.0,0.0,0.0,0.0,0.0,0.0,0.000541553,0.0,0.0,0.0,0.0,0.0,0.0,0.0,0.0,0.0,0.0,0.0,0.0,0.0,0.0,0.0,0.0
384,RPRC0530070,7,0.000864171,0.990509552,2.31e-05,0.001705194,0.0,0.0,0.0,1.54e-05,0.0,0.0,0.0,0.0,0.0,0.0,0.0,0.0,0.00285485,0.0,9.26e-05,0.000277769,0.0,0.0,0.0,0.0,0.0,0.0,0.0,0.000455233,0.0,0.0,0.0,0.0,0.0,0.0,0.0,0.0,6.94e-05,0.0,0.0,0.0,0.0,0.0,0.0,0.0,0.0,0.0,0.0,0.0,0.0,0.0,0.0,0.0,0.0
385,RPRC0530072,1,0.16540404,0.19498557,0.003427128,0.0,0.0,0.0,0.060786436,0.063131313,0.0,0.0,0.0,0.0,0.0,0.011002886,0.0,0.0,0.0,0.0,0.0,0.0,0.0,0.0,0.0,0.0,0.0,0.0,0.0,0.0,0.0,0.169372294,0.0,0.0,0.0,0.0,0.0,0.0,0.0,0.0,0.0,0.0,0.0,0.0,0.041305916,0.0,0.0,0.0,0.0,0.0,0.0,0.0,0.0,0.0,0.0
386,RPRC0530072,2,0.00259448,0.309047588,0.001906149,0.0,0.0,0.0,0.002051757,0.000330929,0.0,0.0,0.0,0.0,0.0,0.003918194,0.0,0.0,0.0,0.0,0.0,0.0,0.0,0.0,0.0,0.0,0.0,0.0,0.0,0.0,0.0,6.62e-05,0.0,0.0,0.0,0.0,0.0,0.0,0.0,0.0,0.0,0.0,0.0,0.0,0.631544113,0.0,0.0,0.0,0.0,0.0,0.0,0.0,0.0,0.0,0.0
387,RPRC0530072,3,0.010367122,0.473283294,0.015532105,0.0,0.0,0.002316191,0.153042013,0.001870293,0.0,0.0,0.0,0.0,0.094740884,0.032674396,0.0,0.0,0.0,0.0,0.0,0.0,0.0,0.0,0.0,0.0,0.0,0.0,0.0,0.0,0.0,0.005437475,0.0,0.0,0.0,0.0,0.0,0.0,0.0,0.0,0.0,0.0,0.0,0.0,0.062462842,0.0,0.0,0.0,0.0,0.0,0.0,0.0,0.0,0.0,0.0
388,RPRC0530072,4,0.038893407,0.027179474,0.637091062,0.0,0.0,0.0,0.002531679,0.017721751,0.0,0.0,0.0,0.0,0.002859616,0.0,0.0,0.0,0.0,0.0,0.0,0.0,0.0,0.0,0.0,0.0,0.0,0.0,0.0,0.0,0.0,0.0,0.0,0.0,0.0,0.0,0.0,0.0,0.0,0.0,0.0,0.0,0.0,0.0,0.246097542,0.0,0.0,0.0,0.0,0.0,0.0,0.0,0.0,0.0,0.0
389,RPRC0530072,5,0.024703133,0.337259764,0.053483714,0.0,0.0,0.404990701,0.009573656,0.0370547,0.0,0.0,0.0,0.0,0.008464877,0.007010349,0.0,0.0,0.0,0.0,0.0,0.0,0.0,0.0,0.0,0.0,0.0,0.0,0.0,0.0,0.0,0.000727264,0.0,0.0,0.0,0.0,0.0,0.0,0.0,0.0,0.0,0.0,0.0,0.0,0.076625018,0.0,0.0,0.0,0.0,0.0,0.0,0.0,0.0,0.0,0.0
390,RPRC0530072,6,0.005010989,0.449406593,0.04385348,0.0,0.0,0.252117216,0.00370696,0.005201465,0.0,0.0,0.0,0.0,0.004131868,0.005479853,0.0,0.0,0.0,0.0,0.0,0.0,0.0,0.0,0.0,0.0,0.0,0.0,0.0,0.0,0.0,0.001538462,0.0,0.0,0.0,0.0,0.0,0.0,0.0,0.0,0.0,0.0,0.0,0.0,0.2123663,0.0,0.0,0.0,0.0,0.0,0.0,0.0,0.0,0.0,0.0
391,RPRC0530072,7,0.004968944,0.091736912,0.028704525,0.0,0.0,0.000377107,0.829591837,0.027007542,0.0,0.0,0.0,0.0,0.004791482,0.004292369,0.0,0.0,0.0,0.0,0.0,0.0,0.0,0.0,0.0,0.0,0.0,0.0,0.0,0.0,0.0,0.0,0.0,0.0,0.0,0.0,0.0,0.0,0.0,0.0,0.0,0.0,0.0,0.0,0.001774623,0.0,0.0,0.0,0.0,0.0,0.0,0.0,0.0,0.0,0.0
392,RPRC0530074,1,0.005830537,0.485444631,0.006963087,0.189974832,0.0,0.07227349,0.008011745,0.0,0.0,0.0,0.0,0.0,0.009563758,0.047357383,0.0,0.0,8.39e-05,0.0,0.0,0.0,0.0,0.0,0.0,0.0,0.0,0.0,0.0,0.0,0.0,0.0,0.0,0.0,0.0,0.0,0.0,0.0,0.000671141,0.0,0.0,0.0,0.0,0.0,0.0,0.0,0.0,0.0,0.0,0.0,0.0,0.0,0.0,0.0,0.0
393,RPRC0530074,2,0.007592294,0.599018425,0.011727382,0.301942814,0.0,0.0,0.002657303,0.0,0.0,0.0,0.0,0.0,0.00058298,0.022166786,0.0,0.0,0.0,0.0,0.0,0.0,0.0,0.0,0.0,0.0,0.0,0.0,0.0,0.0,0.0,0.0,0.0,0.0,0.0,0.0,0.0,0.0,0.000664326,0.0,0.0,0.0,0.0,0.0,0.0,0.0,0.0,0.0,0.0,0.0,0.0,0.0,0.0,0.0,0.0
394,RPRC0530074,3,0.003748964,0.670617329,0.003262256,0.102129675,0.0,0.000342011,0.019941858,0.0,0.0,0.0,0.0,0.0,0.002249378,0.047210639,0.0,0.0,0.0,0.0,0.0,0.0,0.0,0.0,0.0,0.0,0.0,0.0,0.0,0.0,0.0,0.0,0.0,0.0,0.0,0.0,0.0,0.0,0.000157851,0.0,0.0,0.0,0.0,0.0,0.0,0.0,0.0,0.0,0.0,0.0,0.0,0.0,0.0,0.0,0.0
395,RPRC0530074,4,0.727432793,0.05446751,0.011661584,3.83e-05,0.0,0.075379257,0.0,0.0,0.0,0.0,0.0,0.0,0.0,0.028541536,0.0,0.0,0.0,0.0,0.0,0.0,0.0,0.0,0.0,0.0,0.0,0.0,0.0,0.0,0.0,0.0,0.0,0.0,0.0,0.0,0.0,0.0,0.004937673,0.0,0.0,0.0,0.0,0.0,0.0,0.0,0.0,0.0,0.0,0.0,0.0,0.0,0.0,0.0,0.0
396,RPRC0530074,5,0.006694626,0.251543411,0.00119826,5.21e-05,0.0,1.3e-05,0.158704316,0.0,0.0,0.0,0.0,0.0,0.0,0.030855193,0.0,0.0,0.520201099,0.0,0.0,0.0,0.0,0.0,0.0,0.0,0.0,0.0,0.0,0.0,0.0,0.0,0.0,0.0,0.0,0.0,0.0,0.0,0.0,0.0,0.0,0.0,0.0,0.0,0.0,0.0,0.0,0.0,0.0,0.0,0.0,0.0,0.0,0.0,0.0
397,RPRC0530074,6,0.372574197,0.00124026,0.556906061,0.0,0.0,0.0,0.0,0.0,0.0,0.0,0.0,0.0,0.00731024,2.92e-05,0.0,0.0,0.0,0.0,0.0,0.0,0.0,0.0,0.0,0.0,0.0,0.0,0.0,0.0,0.0,0.0,0.0,0.0,0.0,0.0,0.0,0.0,0.005763563,0.0,0.0,0.0,0.0,0.0,0.0,0.0,0.0,0.0,0.0,0.0,0.0,0.0,0.0,0.0,0.0
398,RPRC0530074,7,0.001808759,0.643257157,0.002626178,0.004382761,0.0,0.0,0.02768792,0.0,0.0,0.0,0.0,0.0,0.0,0.034262061,0.0,0.0,0.0,0.0,0.0,0.0,0.0,0.0,0.0,0.0,0.0,0.0,0.0,0.0,0.0,0.0,0.0,0.0,0.0,0.0,0.0,0.0,0.0,0.0,0.0,0.0,0.0,0.0,0.0,0.0,0.0,0.0,0.0,0.0,0.0,0.0,0.0,0.0,0.0
399,RPRC0530075,1,0.054872543,0.883015752,0.0,0.010110131,0.0,0.002037462,0.0,0.0,0.0,0.0,0.0,0.0,0.0,0.000470777,0.0,0.0,0.0,0.0,0.0,0.0,0.0,0.0,0.0,0.0,0.0,0.0,0.0,0.0,0.0,0.0,0.0,0.0,0.0,0.0,0.0,0.0,0.046992815,0.0,0.0,0.0,0.0,0.0,0.0,0.0,0.0,0.0,0.0,0.0,0.0,0.0,0.0,0.0,0.0
400,RPRC0530075,2,0.225745963,0.621756557,0.0,0.147586902,0.0,0.000128917,0.000117198,0.0,0.0,0.0,0.0,0.0,0.0,0.000843823,0.0,0.0,0.0,0.0,0.0,0.0,0.0,0.0,0.0,0.0,0.0,0.0,0.0,0.0,0.0,0.0,0.0,0.0,0.0,0.0,0.000773504,0.0,0.0,0.0,0.0,0.0,0.0,0.0,0.0,0.0,0.0,0.0,0.0,0.0,0.0,0.0,0.0,0.0,0.0
401,RPRC0530075,3,0.245101328,0.73834157,0.0,0.011189192,0.0,3.63e-05,0.000471506,0.0,0.0,0.0,0.0,0.0,0.0,0.000145079,0.0,0.0,0.0,0.0,0.0,0.0,0.0,0.0,0.0,0.0,0.0,0.0,0.0,0.000852337,0.0,0.0,0.0,0.0,0.0,0.0,0.000997416,0.0,9.97e-05,0.0,0.0,0.0,0.0,0.0,0.0,0.0,0.0,0.0,0.0,0.0,0.0,0.0,0.0,0.0,0.0
402,RPRC0530075,4,0.046011334,0.813832626,0.0,0.08843935,0.0,0.001918727,0.0,0.0,0.0,0.0,0.0,0.0,0.0,0.000368497,0.0,0.0,0.0,0.0,0.0,0.0,0.0,0.0,0.0,0.0,0.0,0.0,0.0,0.0,0.0,0.0,0.0,0.0,0.0,0.0,0.0,0.0,0.041665608,0.0,0.0,0.0,0.0,0.0,0.0,0.0,0.0,0.0,0.0,0.0,0.0,0.0,0.0,0.0,0.0
403,RPRC0530075,5,0.009181595,0.961375168,0.0,0.005876566,0.0,0.000595423,0.018587553,0.0,0.0,0.0,0.0,0.0,0.0,0.000276138,0.0,0.0,0.0,0.0,0.0,0.0,0.0,0.0,0.0,0.0,0.0,0.0,0.0,0.001104553,0.0,0.0,0.0,0.0,0.0,0.0,0.000327914,0.0,0.0,0.0,0.0,0.0,0.0,0.0,0.0,0.0,0.0,0.0,0.0,0.0,0.0,0.0,0.0,0.0,0.0
404,RPRC0530075,6,0.072822255,0.887092801,0.0,0.019571034,0.0,0.000161393,0.000288809,0.0,0.0,0.0,0.0,0.0,0.0,0.000857932,0.0,0.0,0.004221703,0.0,0.0,0.0,0.0,0.0,0.0,0.0,0.0,0.0,0.0,0.003431726,0.0,0.0,0.0,0.0,0.0,0.0,0.006651094,0.0,0.0,0.0,0.0,0.0,0.0,0.0,0.0,0.0,0.0,0.0,0.0,0.0,0.0,0.0,0.0,0.0,0.0
405,RPRC0530075,7,0.280939415,0.357930565,0.0,0.088070116,0.0,0.000187202,0.01628659,0.0,0.0,0.0,0.0,0.0,0.0,0.015112321,0.0,0.0,0.221766508,0.0,0.0,0.0,0.0,0.0,0.0,0.0,0.0,0.0,0.0,0.000374404,0.0,0.0,0.0,0.0,0.0,0.0,0.011368278,0.0,0.000340368,0.0,0.0,0.0,0.0,0.0,0.0,0.0,0.0,0.0,0.0,0.0,0.0,0.0,0.0,0.0,0.0
406,RPRC0530076,1,0.445517296,0.474444766,0.001396317,0.0,0.0,0.037252681,0.0,0.0,0.0,0.0,0.0,0.0,0.0,0.00898385,0.0,0.0,0.0,0.0,0.007086967,0.004755381,0.0,0.0,0.0,0.0,0.0,0.0,0.0,0.0,0.0,0.0,0.0,0.0,0.0,0.0,0.0,0.0,0.002107648,0.0,0.0,0.0,0.0,0.0,0.0,0.0,0.0,0.0,0.0,0.0,0.0,0.0,0.0,0.0,0.0
407,RPRC0530076,2,0.002195698,0.53726908,0.003400855,0.229986958,0.0,0.000528288,0.0,0.0,0.0,0.0,0.0,0.0,0.0,0.054083503,0.0,0.0,0.0,0.0,0.026166774,0.028015783,0.0,0.0,0.0,0.0,0.0,0.0,0.0,0.0,0.0,0.0,0.0,0.052003368,0.0,0.0,0.0,0.0,0.0,0.0,0.0,0.0,0.0,0.0,0.0,0.0,0.0,0.0,0.0,0.0,0.0,0.0,0.0,0.0,0.0
408,RPRC0530076,3,0.000489596,0.631184551,0.011940704,0.204039168,0.0,0.005113559,0.0,0.0,0.0,0.0,0.0,0.0,0.0,0.02628859,0.0,0.0,0.0,0.0,0.027689378,0.01003672,0.0,0.0,0.0,0.0,0.0,0.0,0.0,0.0,0.0,0.0,0.0,0.0,0.0,0.0,0.0,0.0,0.0,0.0,0.0,0.0,0.0,0.0,0.0,0.0,0.0,0.0,0.0,0.0,0.0,0.0,0.0,0.0,0.0
409,RPRC0530076,4,0.846764943,0.032136559,0.001335456,0.060900235,0.0,0.034550653,0.0,0.0,0.0,0.0,0.0,0.0,0.0,0.002311367,0.0,0.0,0.0,0.0,0.000650607,0.000496516,0.0,0.0,0.0,0.0,0.0,0.0,0.0,0.0,0.0,0.0,0.0,0.0,0.0,0.0,0.0,0.0,0.0,0.0,0.0,0.0,0.0,0.0,0.0,0.0,0.0,0.0,0.0,0.0,0.0,0.0,0.0,0.0,0.0
410,RPRC0530076,5,0.002491768,0.352466554,0.002788407,0.566224674,0.0,0.001379372,0.0,0.0,0.0,0.0,0.0,0.0,0.0,0.029797396,0.0,0.0,0.0,0.0,0.012355018,0.003010887,0.0,0.0,0.0,0.0,0.0,0.0,0.0,0.0,0.0,0.0,0.0,0.002669752,0.0,0.0,0.0,0.0,0.000860253,0.0,0.0,0.0,0.0,0.0,0.0,0.0,0.0,0.0,0.0,0.0,0.0,0.0,0.0,0.0,0.0
411,RPRC0530076,6,0.014635314,0.225147046,0.000881645,0.704951069,0.0,0.0,0.0,0.0,0.0,0.0,0.0,0.0,0.0,0.002518987,0.0,0.0,0.0,0.0,0.001826265,0.000642342,0.0,0.0,0.0,0.0,0.0,0.0,0.0,0.0,0.0,0.0,0.0,0.002632341,0.0,0.0,0.0,0.0,1.26e-05,0.0,0.0,0.0,0.0,0.0,0.0,0.0,0.0,0.0,0.0,0.0,0.0,0.0,0.0,0.0,0.0
412,RPRC0530076,7,0.732036893,0.060240027,0.023169241,0.000300033,0.0,0.002933659,0.0,0.0,0.0,0.0,0.0,0.0,0.0,0.00213357,0.0,0.0,0.0,0.0,0.003500389,0.002089121,0.0,0.0,0.0,0.0,0.0,0.0,0.0,0.0,0.0,0.0,0.0,0.0,0.0,0.0,0.0,0.0,0.161562396,0.0,0.0,0.0,0.0,0.0,0.0,0.0,0.0,0.0,0.0,0.0,0.0,0.0,0.0,0.0,0.0
413,RPRC0540001,1,0.423273085,0.085719399,0.007113457,0.0,0.0,0.0,0.406227631,0.000850036,0.0,0.0,0.0,0.0,0.0,0.009305655,0.0,0.0,0.0,0.0,0.0,0.0,0.0,0.003758053,0.023487831,0.0,0.0,0.0,0.0,0.0,0.0,0.0,0.0,0.0,0.0,0.013511095,0.0,0.0,0.0,0.0,0.0,0.0,0.0,0.0,0.0,0.0,0.0,0.0,0.0,0.0,0.0,0.0,0.0,0.0,0.0
414,RPRC0540001,2,0.803670476,0.003201429,0.190671183,0.0,0.0,0.0,0.0,7.45e-05,0.0,0.0,0.0,0.0,0.0,0.0,0.0,0.0,0.0,0.0,0.0,0.0,0.0,0.0,0.0,0.0,0.0,0.0,0.0,0.0,0.0,0.0,0.0,0.0,0.0,0.000223356,0.0,0.0,0.0,0.0,0.0,0.0,0.0,0.0,0.0,0.0,0.0,0.0,0.0,0.0,0.0,0.0,0.0,0.0,0.0
415,RPRC0540001,3,0.952119595,0.034265268,0.000727758,0.0,0.0,0.0,0.000151616,0.000909697,0.0,0.0,0.0,0.0,0.0,0.002061981,0.0,0.0,0.0,0.0,0.0,0.0,0.0,0.003487173,0.0,0.0,0.0,0.0,0.0,0.0,0.0,0.0,0.0,0.0,0.0,0.001152283,0.0,0.0,0.0,0.0,0.0,0.0,0.0,0.0,0.0,0.0,0.0,0.0,0.0,0.0,0.0,0.0,0.0,0.0,0.0
416,RPRC0540001,4,0.8375,0.039764151,0.003915094,0.0,0.0,0.0,0.09759434,0.000660377,0.0,0.0,0.0,0.0,0.0,0.005754717,0.0,0.0,0.0,0.0,0.0,0.0,0.0,0.000377358,9.43e-05,0.0,0.0,0.0,0.0,0.0,0.0,0.0,0.0,0.0,0.0,0.002311321,0.0,0.0,0.0,0.0,0.0,0.0,0.0,0.0,0.0,0.0,0.0,0.0,0.0,0.0,0.0,0.0,0.0,0.0,0.0
417,RPRC0540001,5,0.241813511,0.357745052,0.021420559,0.0,0.0,0.024351413,0.278467272,0.012049065,0.0,0.0,0.0,0.0,0.0,0.007381409,0.0,0.0,0.0,0.0,0.0,0.0,0.0,0.006476825,0.000940768,0.0,0.0,0.0,0.0,0.0,0.0,0.0,0.0,0.0,0.0,0.013532583,0.0,0.0,0.0,0.0,0.0,0.0,0.0,0.0,0.0,0.0,0.0,0.0,0.0,0.0,0.0,0.0,0.0,0.0,0.0
418,RPRC0540001,6,0.68728475,0.040708087,0.267254443,0.0,0.0,0.0,0.0,0.00282408,0.0,0.0,0.0,0.0,0.0,0.0,0.0,0.0,0.0,0.0,0.0,0.0,0.0,0.0,0.0,0.0,0.0,0.0,0.0,0.0,0.0,0.0,0.0,0.0,0.0,6.89e-05,0.0,0.0,0.0,0.0,0.0,0.0,0.0,0.0,0.0,0.0,0.0,0.0,0.0,0.0,0.0,0.0,0.0,0.0,0.0
419,RPRC0540001,7,0.686087882,0.02922305,0.001449496,0.0,0.0,0.000324363,0.27276874,0.001368405,0.0,0.0,0.0,0.0,0.0,0.001783995,0.0,0.0,0.0,0.0,0.0,0.0,0.0,0.001114997,0.0,0.0,0.0,0.0,0.0,0.0,0.0,0.0,0.0,0.0,0.0,0.001601541,0.0,0.0,0.0,0.0,0.0,0.0,0.0,0.0,0.0,0.0,0.0,0.0,0.0,0.0,0.0,0.0,0.0,0.0,0.0
420,RPRC0540005,1,0.477679675,0.048931621,0.058371758,0.044087914,0.0,0.0,0.360587063,0.000509098,0.0,0.0,0.0,0.0,0.0,0.004218243,0.0,0.0,0.0,0.0,0.0,0.0,0.0,0.0,0.0,0.0,0.0,0.0,0.0,0.0,0.0,0.0,0.0,0.0,0.0,0.0,0.0,0.0,0.0,0.0,0.0,0.0,0.0,0.0,0.0,0.0,0.0,0.0,0.0,0.0,0.0,0.0,0.0,0.0,0.0
421,RPRC0540005,2,0.471708717,0.018101689,5.92e-05,0.39291313,0.0,0.115146854,2.96e-05,0.0,0.0,0.0,0.0,0.0,0.0,0.0,0.0,0.0,8.87e-05,0.0,0.0,0.0,0.0,0.0,0.0,0.0,0.0,0.0,0.0,0.0,0.0,0.0,0.0,0.0,0.0,0.0,0.0,0.0,0.0,0.0,0.0,0.0,0.0,0.0,0.0,0.0,0.0,0.0,0.0,0.0,0.0,0.0,0.0,0.0,0.0
422,RPRC0540005,3,0.590783516,0.000729031,0.374606707,0.000767401,0.0,0.0,0.0,0.010091321,0.0,0.0,0.0,0.0,0.0,0.0,0.0,0.0,0.0,0.0,0.0,0.0,0.0,0.0,0.0,0.0,0.0,0.022983654,0.0,0.0,0.0,0.0,0.0,0.0,0.0,0.0,0.0,0.0,0.0,0.0,0.0,0.0,0.0,0.0,0.0,0.0,0.0,0.0,0.0,0.0,0.0,0.0,0.0,0.0,0.0
423,RPRC0540005,4,0.149038725,0.000657282,0.536670866,0.000766829,0.0,0.0,0.0,0.007394424,0.0,0.0,0.0,0.0,0.0,0.0,0.0,0.0,0.0,0.0,0.0,0.0,0.0,0.0,0.0,0.0,0.0,0.305198006,0.0,0.0,0.0,0.0,0.0,0.0,0.0,0.0,0.0,0.0,0.0,0.0,0.0,0.0,0.0,0.0,0.0,0.0,0.0,0.0,0.0,0.0,0.0,0.0,0.0,0.0,0.0
424,RPRC0540005,5,0.006861601,0.083388816,0.894592965,0.0,0.0,0.0,0.0,0.013386388,0.0,0.0,0.0,0.0,0.0,0.0,0.0,0.0,0.0,0.0,0.0,0.0,0.0,0.0,0.0,0.0,0.0,8.62e-05,0.0,0.0,0.0,0.0,0.0,0.0,0.0,0.0,0.0,0.0,0.0,0.0,0.0,0.0,0.0,0.0,0.0,0.0,0.0,0.0,0.0,0.0,0.0,0.0,0.0,0.0,0.0
425,RPRC0540005,6,0.386093208,0.033784262,0.101211134,0.056997663,0.0,0.026241235,0.385207876,0.000690559,0.0,0.0,0.0,0.0,0.0,0.002992422,0.0,0.0,0.0,0.0,0.0,0.0,0.0,0.0,0.0,0.0,0.0,0.0,0.0,0.0,0.0,0.0,0.0,0.0,0.0,0.0,0.0,0.0,0.0,0.0,0.0,0.0,0.0,0.0,0.0,0.0,0.0,0.0,0.0,0.0,0.0,0.0,0.0,0.0,0.0
426,RPRC0540005,7,0.121019681,0.418985711,0.003010514,0.268400084,0.0,0.012955696,0.082227481,0.002036965,0.0,0.0,0.0,0.0,0.0,0.027139562,0.0,0.0,0.00103346,0.0,0.0,0.0,0.0,0.0,0.0,0.0,0.0,0.0,0.0,0.0,0.0,0.0,0.0,0.0,0.0,0.0,0.0,0.0,0.0,0.0,0.0,0.0,0.0,0.0,0.0,0.0,0.0,0.0,0.0,0.0,0.0,0.0,0.0,0.0,0.0
427,RPRC0540006,1,0.031555882,0.901202759,8.43e-05,0.006332848,0.0,0.002841354,0.001191924,0.00065014,0.0,0.0,0.032434775,0.0,0.0,0.0,0.0,0.0,0.0,0.0,0.0,0.0,0.0,0.0,6.02e-05,0.0,0.0,0.0,0.0,0.0,0.0,0.0,0.0,0.0,0.0,0.0,0.0,0.0,0.0,0.0,0.0,0.0,0.0,0.0,0.0,0.0,0.0,0.0,0.0,0.0,0.0,0.0,0.0,0.0,0.0
428,RPRC0540006,2,0.0,0.003627949,0.715363081,0.0,0.0,0.0,0.0,0.21330629,0.0,0.0,0.0,0.0,0.0,0.0,0.0,0.0,0.0,0.0,0.0,0.0,0.0,0.0,0.020567903,0.0,0.0,0.0,0.0,0.0,0.0,0.0,0.0,0.0,0.0,0.0,0.0,0.0,0.0,0.0,0.0,0.0,0.0,0.0,0.0,0.0,0.0,0.0,0.0,0.0,0.0,0.0,0.0,0.0,0.0
429,RPRC0540006,3,4.19e-05,0.001666387,0.807265029,0.0,0.0,1.05e-05,1.05e-05,0.178932255,0.0,0.0,0.0,0.0,0.0,0.0,0.0,0.0,0.0,0.0,0.0,0.0,0.0,0.0,0.0,0.0,0.011392219,0.0,0.0,0.0,0.0,0.0,0.0,0.0,0.0,0.0,0.0,0.0,0.0,0.0,0.0,0.0,0.0,0.0,0.0,0.0,0.0,0.0,0.0,0.0,0.0,0.0,0.0,0.0,0.0
430,RPRC0540006,4,3.23e-05,0.000113153,0.785138128,0.0,0.0,0.0,0.0,0.211321792,0.0,0.0,0.0,0.0,0.0,0.0,0.0,0.0,0.0,0.0,0.0,0.0,0.0,0.0,0.0,0.0,0.0,0.0,0.0,0.0,0.0,0.0,0.0,0.0,0.0,0.0,0.0,0.0,0.0,0.0,0.0,0.0,0.0,0.0,0.0,0.0,0.0,0.0,0.0,0.0,0.0,0.0,0.0,0.0,0.0
431,RPRC0540006,5,0.298401219,0.411998817,0.002672216,0.078403948,0.0,0.017545655,0.156000546,0.005071524,0.0,0.0,0.001432763,0.0,0.0,0.0,0.0,0.0,0.0,0.0,0.0,0.0,0.0,0.0,0.001398649,0.0,0.0,0.0,0.0,0.0,0.0,0.0,0.0,0.0,0.0,0.0,0.0,0.0,0.0,0.0,0.0,0.0,0.0,0.0,0.0,0.0,0.0,0.0,0.0,0.0,0.0,0.0,0.0,0.0,0.0
432,RPRC0540006,6,0.0,0.0001,0.987850121,0.0,0.0,0.0,0.0,0.009379906,0.0,0.0,0.0,0.0,0.0,0.0,0.0,0.0,0.0,0.0,0.0,0.0,0.0,0.0,0.0,0.0,0.002289977,0.0,0.0,0.0,0.0,0.0,0.0,0.0,0.0,0.0,0.0,0.0,0.0,0.0,0.0,0.0,0.0,0.0,0.0,0.0,0.0,0.0,0.0,0.0,0.0,0.0,0.0,0.0,0.0
433,RPRC0540006,7,4.35e-05,0.378787351,0.574311272,0.0,0.0,0.0,0.0,0.017124658,0.0,0.0,0.0,0.0,0.0,0.0,0.0,0.0,0.0,0.0,0.0,0.0,0.0,0.0,0.0,0.0,0.014105219,0.0,0.0,0.0,0.0,0.0,0.0,0.0,0.0,0.0,0.0,0.0,0.0,0.0,0.0,0.0,0.0,0.0,0.0,0.0,0.0,0.0,0.0,0.0,0.0,0.0,0.0,0.0,0.0
434,RPRC0540007,1,0.697114045,0.003574944,0.000427136,0.279152042,0.0,0.015692611,0.0,0.000129998,0.0,0.0,0.0,0.0,0.0,0.000259996,0.0,0.0,0.0,0.0,0.0,0.0,0.0,0.0,0.0,0.0,0.0,0.0,0.0,0.0,0.0,0.0,0.0,0.0,0.0,0.0,0.0,0.0,0.0,0.0,0.0,0.0,0.0,0.0,0.0,0.0,0.0,0.0,0.0,0.0,0.0,0.0,0.0,0.0,0.0
435,RPRC0540007,2,0.475935025,0.160738704,0.003606365,0.200453801,0.0,0.00548468,0.099490601,0.011209785,0.0,0.0,0.0,0.0,0.0,0.00730289,0.0,0.0,0.0,0.0,0.0,0.0,0.0,0.0,0.0,0.0,0.0,0.0,0.0,0.0,0.0,0.0,0.0,0.0,0.0,0.0,0.0,0.0,0.0,0.0,0.0,0.0,0.0,0.0,0.0,0.0,0.0,0.0,0.0,0.0,0.0,0.0,0.0,0.0,0.0
436,RPRC0540007,3,0.699612699,0.003171602,0.004604922,0.111189046,0.0,0.174163642,0.000701412,0.000335458,0.0,0.0,0.00039645,0.0,0.0,0.000365954,0.0,0.0,0.0,0.0,0.0,0.0,9.15e-05,0.0,0.0,0.0,0.0,0.0,0.0,0.0,0.0,0.0,0.0,0.0,0.0,0.0,0.0,0.0,0.0,0.0,0.0,0.0,0.0,0.0,0.0,0.0,0.0,0.0,0.0,0.0,0.0,0.0,0.0,0.0,0.0
437,RPRC0540007,4,0.0,0.006377353,0.964483849,0.0,0.0,0.000674029,0.000518484,0.024265049,0.0,0.0,0.0,0.0,0.0,0.0,0.0,0.0,0.0,0.0,0.0,0.0,0.0,0.0,0.0,0.0,0.0,0.0,0.0,0.0,0.0,0.0,0.0,0.0,0.0,0.0,0.0,0.0,0.0,0.0,0.0,0.0,0.0,0.0,0.0,0.0,0.0,0.0,0.0,0.0,0.0,0.0,0.0,0.0,0.0
438,RPRC0540007,5,0.000104961,0.802078231,0.009586453,0.0,0.0,0.0,0.141067805,0.000104961,0.0,0.0,0.033657547,0.0,0.0,0.0,0.0,0.0,0.0,0.0,0.0,0.0,0.0,0.0,0.0,0.0,0.0,0.0,0.0,0.0,0.0,0.0,0.0,0.0,0.0,0.0,0.0,0.0,0.0,0.0,0.0,0.0,0.0,0.0,0.0,0.0,0.0,0.0,0.0,0.0,0.0,0.0,0.0,0.0,0.0
439,RPRC0540007,6,0.589573198,0.161317017,0.000877677,0.159110286,0.0,0.020337028,0.015246502,0.001128442,0.0,0.0,0.000376147,0.0,0.0,0.008902152,0.0,0.0,0.0,0.0,0.0,0.0,0.003686243,0.0,0.0,0.0,0.0,0.0,0.0,0.0,0.0,0.0,0.0,0.0,0.0,0.0,0.0,0.0,0.0,0.0,0.0,0.0,0.0,0.0,0.0,0.0,0.0,0.0,0.0,0.0,0.0,0.0,0.0,0.0,0.0
440,RPRC0540007,7,0.000251889,0.001259446,0.949118388,0.0,0.0,0.0,0.0,0.040134341,0.0,0.0,0.000251889,0.0,0.0,0.0,0.0,0.0,0.0,0.0,0.0,0.0,0.0,0.0,0.0,0.0,0.0,0.0,0.0,0.0,0.0,0.0,0.0,0.0,0.0,0.0,0.0,0.0,0.0,0.0,0.0,0.0,0.0,0.0,0.0,0.0,0.0,0.0,0.0,0.0,0.0,0.0,0.0,0.0,0.0
441,RPRC0540008,1,0.001426688,0.445793595,0.000217105,0.433356595,0.0,0.0,0.002419167,0.00043421,0.0,0.0,0.0,0.0,0.0,0.00856013,0.0,0.000201597,0.0,0.0,0.0,0.085291153,0.0,0.0,0.0,0.0,0.0,0.0,0.0,0.0,0.0,0.0,0.0,0.0,0.0,0.0,0.0,0.0,0.0,0.0,0.0,0.0,0.0,0.0,0.0,0.0,0.0,0.0,0.0,0.0,0.0,0.0,0.0,0.0,0.0
442,RPRC0540008,2,0.000295644,0.074715853,0.884633073,0.0,0.0,1.64e-05,0.000131397,0.02079364,0.0,0.0,0.0,0.0,0.0,0.009854806,0.0,0.0,0.0,0.0,0.0,0.003137113,0.0,0.0,0.0,0.0,0.0,0.0,0.0,0.0,0.0,0.0,0.0,0.0,0.0,0.0,0.0,0.0,0.0,0.0,0.0,0.0,0.0,0.0,0.0,0.0,0.0,0.0,0.0,0.0,0.0,0.0,0.0,0.0,0.0
443,RPRC0540008,3,0.924414338,0.009779848,0.024301439,7.06e-06,0.0,1.41e-05,0.0,0.000112899,0.0,0.0,0.0,0.0,0.0,7.06e-06,0.0,0.0,0.0,0.0,0.0,0.0,0.0,0.0,0.0,0.0,0.0,0.0,0.0,0.0,0.0,0.0,0.0,0.0,0.0,0.0,0.0,0.0,0.0,0.0,0.0,0.0,0.0,0.0,0.0,0.0,0.0,0.0,0.0,0.0,0.0,0.0,0.0,0.0,0.0
444,RPRC0540008,4,0.000178234,0.337432717,0.295601183,0.0,0.0,0.0,0.07316508,0.001924928,0.0,0.0,0.0,0.0,0.0,0.0,0.0,0.255551991,0.0,0.0,0.0,0.000160411,0.0,0.0,0.0,0.0,0.0,0.0,0.0,0.0,0.0,0.0,0.0,0.0,0.0,0.0,0.0,0.0,0.0,0.0,0.0,0.0,0.0,0.0,0.0,0.0,0.0,0.0,0.0,0.0,0.0,0.0,0.0,0.0,0.0
445,RPRC0540008,5,1.34e-05,0.063833788,0.913455727,1.34e-05,0.0,0.0,2.69e-05,0.012409514,0.0,0.0,0.0,0.0,0.0,0.001396742,0.0,0.0,0.0,0.0,0.0,0.000940115,0.0,0.0,0.0,0.0,0.0,0.0,0.0,0.0,0.0,0.0,0.0,0.0,0.0,0.0,0.0,0.0,0.0,0.0,0.0,0.0,0.0,0.0,0.0,0.0,0.0,0.0,0.0,0.0,0.0,0.0,0.0,0.0,0.0
446,RPRC0540008,6,1.7e-05,0.012413933,0.953210325,0.0,0.0,0.0,1.7e-05,0.031289218,0.0,0.0,0.0,0.0,0.0,0.000254384,0.0,0.0,0.0,0.0,0.0,5.09e-05,0.0,0.0,0.0,0.0,0.0,0.0,0.0,0.0,0.0,0.0,0.0,0.0,0.0,0.0,0.0,0.0,0.0,0.0,0.0,0.0,0.0,0.0,0.0,0.0,0.0,0.0,0.0,0.0,0.0,0.0,0.0,0.0,0.0
447,RPRC0540008,7,0.307286756,0.571001135,0.0,0.064689923,0.0,0.04040715,0.005493448,0.000317485,0.0,0.0,0.0,0.0,0.0,0.005483828,0.0,0.0,0.0,0.0,0.0,0.001712494,0.0,0.0,0.0,0.0,0.0,0.0,0.0,0.0,0.0,0.0,0.0,0.0,0.0,0.0,0.0,0.0,0.0,0.0,0.0,0.0,0.0,0.0,0.0,0.0,0.0,0.0,0.0,0.0,0.0,0.0,0.0,0.0,0.0
448,RPRC0540009,1,0.008936231,0.666714327,0.202101802,0.0,0.0,0.0,0.00021447,0.006505576,0.0,0.0,0.0,0.0,0.0,0.0,0.0,0.0,0.0,0.0,0.0,0.0,0.0,0.0,0.0,0.0,0.0,0.0,0.0,0.0,0.0,0.0,0.0,0.0,0.0,0.0,0.0,0.0,0.0,0.0,0.0,0.0,0.0,0.0,0.0,0.000357449,7.15e-05,0.0,0.0,0.0,0.0,0.0,0.0,0.0,0.0
449,RPRC0540009,2,0.0,0.748689214,0.084570742,0.0,0.0,0.0,0.000840504,0.01176706,0.0,0.0,0.0,0.0,0.0,0.0,0.0,0.0,0.0,0.0,0.0,0.115269161,0.0,0.0,0.0,0.0,0.0,0.0,0.0,0.0,0.0,0.0,0.0,0.0,0.0,0.0,0.0,0.0,0.0,0.0,0.0,0.0,0.0,0.0,0.0,0.0,0.0,0.0,0.0,0.0,0.0,0.0,0.0,0.0,0.0
450,RPRC0540009,3,0.0,0.172805538,0.722020059,0.0,0.0,0.0,0.0,0.010118044,0.0,0.0,0.0,0.0,0.0,0.0,0.0,0.0,0.0,0.0,0.0,0.0,0.0,0.0,0.0,0.0,0.0,0.0,0.0,0.0,0.0,0.0,0.0,0.0,0.0,0.0,0.0,0.0,0.0,0.0,0.0,0.0,0.0,0.0,0.0,0.0,0.0,0.0,0.0,0.0,0.0,0.0,0.0,0.0,0.0
451,RPRC0540009,4,0.012872955,0.091313763,0.009624639,0.00120308,0.0,0.0,0.54487488,0.009865255,0.0,0.0,0.0,0.0,0.0,0.077478345,0.0,0.0,0.0,0.0,0.0,0.10346487,0.0,0.0,0.0,0.0,0.0,0.0,0.0,0.0,0.0,0.0,0.0,0.0,0.0,0.0,0.0,0.0,0.0,0.0,0.0,0.0,0.0,0.0,0.0,0.0,0.0,0.0,0.0,0.0,0.0,0.0,0.0,0.0,0.0
452,RPRC0540009,5,0.011990938,0.047632204,0.913411063,0.0,0.0,0.0,0.0,0.016301044,0.0,0.0,0.0,0.0,0.0,5.53e-05,0.0,0.0,0.0,0.0,0.0,0.0,0.0,0.0,0.0,0.0,0.0,0.0,0.0,0.0,0.0,0.0,0.0,0.0,0.0,0.0,0.0,0.0,0.0,0.0,0.0,0.0,0.0,0.0,0.0,0.0,0.0,0.0,0.0,0.0,0.0,0.0,0.0,0.0,0.0
453,RPRC0540009,6,0.000153075,0.832689143,0.061650913,0.0,0.0,0.0,0.013394053,0.005931652,0.0,0.0,0.0,0.0,0.0,0.027323868,0.0,0.0,0.0,0.0,0.0,0.010447361,0.0,0.0,0.0,0.0,0.0,0.0,0.0,0.0,0.0,0.0,0.0,0.0,0.0,0.0,0.0,0.0,0.0,0.0,0.0,0.0,0.0,0.0,0.0,0.0,0.0,0.0,0.0,0.0,0.0,0.0,0.0,0.0,0.0
454,RPRC0540009,7,0.347752855,0.44877167,0.024689836,0.039355846,0.0,0.0,0.027483362,0.002382713,0.0,0.0,0.0,0.0,0.0,0.008955714,0.0,0.0,0.0,0.0,0.0,0.008832471,0.0,0.0,0.0,0.0,0.0,0.0,0.0,0.0,0.0,0.0,0.0,0.0,0.0,0.0,0.0,0.0,0.0,0.0,0.0,0.0,0.0,0.0,0.0,0.0,0.001478925,0.0,0.0,0.0,0.0,0.0,0.0,0.0,0.0
455,RPRC0540012,1,0.218719832,0.195802728,0.563064008,0.0,0.0,0.0,0.0,0.021448059,0.0,0.0,0.0,0.0,0.0,0.0,0.0,0.0,0.0,0.0,0.0,0.0,0.0,0.0,0.0,0.0,0.0,0.0,0.0,0.0,0.0,0.0,0.0,0.0,0.0,0.0,0.000167891,0.0,0.0,0.0,0.0,0.0,0.0,0.000167891,0.0,0.0,0.0,0.0,0.0,0.0,0.0,0.0,0.0,0.0,0.0
456,RPRC0540012,2,0.675256827,0.24431469,0.000746334,0.026472912,0.0,0.019536395,0.0,0.00153657,0.0,0.0,0.0,0.0,0.0,0.004082887,0.0,0.0,0.0,0.0,0.0,0.0,0.0,0.0,0.0,0.0,0.0,0.0,0.0,0.0,0.0,0.0,0.0,0.0,0.0,0.0,0.0,0.0,0.0,0.0,0.0,0.0,0.0,8.78e-05,0.0,0.0,0.0,0.0,0.0,0.0,0.0,0.0,0.0,0.0,0.0
457,RPRC0540012,3,0.789753241,0.052530322,0.000522794,0.056336261,0.0,0.086721037,0.001150146,0.000648264,0.0,0.0,0.0,0.0,0.0,0.002070263,0.0,0.0,0.0,0.0,0.0,0.0,0.0,0.0,0.0,0.0,0.0,0.0,0.0,0.0,0.0,0.0,0.0,0.0,0.0,0.0,0.0,0.0,0.0,0.0,0.0,0.0,0.0,0.0,0.0,0.0,0.0,0.0,0.0,0.0,0.0,0.0,0.0,0.0,0.0
458,RPRC0540012,4,0.706686099,0.290425006,0.000884887,0.0,0.0,0.0,2.6e-05,0.000884887,0.0,0.0,0.0,0.0,0.0,0.0,0.0,0.0,0.0,0.0,0.0,0.0,0.0,0.0,0.0,0.0,0.0,0.0,0.0,0.0,0.0,0.0,0.0,0.0,0.0,0.0,2.6e-05,0.0,0.0,0.0,0.0,0.0,0.0,0.000234235,0.0,0.0,0.0,0.0,0.0,0.0,0.0,0.0,0.0,0.0,0.0
459,RPRC0540012,5,0.333674834,0.510600757,0.002732007,0.02914141,0.0,0.082785509,0.0,0.0,0.0,0.0,0.0,0.0,0.0,0.012920117,0.0,0.0,0.0,0.0,0.0,0.0,0.0,0.0,0.0,0.0,0.0,0.0,0.0,0.0,0.0,0.0,0.0,0.0,0.0,0.0,0.0,0.0,0.0,0.0,0.0,0.0,0.0,0.0,0.0,0.0,0.0,0.0,0.0,0.0,0.0,0.0,0.0,0.0,0.0
460,RPRC0540012,6,0.361952648,0.012156314,0.594004582,0.0,0.0,0.0,0.0,0.030040733,0.0,0.0,0.0,0.0,0.0,0.0,0.0,0.0,0.0,0.0,0.0,0.0,0.0,0.0,0.0,0.0,0.0,0.0,0.0,0.0,0.0,0.0,0.0,0.0,0.0,0.0,0.000127291,0.0,0.0,0.0,0.0,0.0,0.0,6.36e-05,0.0,0.0,0.0,0.0,0.0,0.0,0.0,0.0,0.0,0.0,0.0
461,RPRC0540012,7,0.725114033,0.272337,0.000939093,0.001207405,0.0,0.0,0.0,0.0,0.0,0.0,0.0,0.0,0.0,0.0,0.0,0.0,0.0,0.0,0.0,0.0,0.0,0.0,0.0,0.0,0.0,0.0,0.0,0.0,0.0,0.0,0.0,0.0,0.0,0.0,0.000134156,0.0,0.0,0.0,0.0,0.0,0.0,0.0,0.0,0.0,0.0,0.0,0.0,0.0,0.0,0.0,0.0,0.0,0.0
462,RPRC0540013,1,0.000528821,0.001903755,0.939925965,0.0,0.0,0.0,0.0,0.011845584,0.0,0.0,0.0,0.0,0.0,0.0,0.0,0.0,0.0,0.0,0.0,0.0,0.0,0.0,0.0,0.0,0.0,0.0,0.0,0.0,0.0,0.0,0.0,0.0,0.0,0.0,0.0,0.0,0.0,0.0,0.0,0.0,0.0,0.0,0.0,0.0,0.0,0.0,0.0,0.0,0.0,0.0,0.0,0.0,0.0
463,RPRC0540013,2,0.305788515,0.009469728,0.579475144,0.0,0.0,0.0,0.0,0.100966667,0.0,0.0,0.0,0.0,0.0,0.0,0.0,0.0,0.0,0.0,0.0,0.0,0.0,0.0,0.0,0.0,0.000196944,0.0,0.0,0.0,0.0,0.0,0.0,0.0,0.0,0.0,0.0,0.0,0.0,0.0,0.0,0.0,0.0,0.0,0.0,0.0,0.0,0.0,0.0,0.0,0.0,0.0,0.0,0.0,0.0
464,RPRC0540013,3,0.722258831,0.028641483,0.18708145,0.0,0.0,1.53e-05,0.000475059,0.040885756,0.0,0.0,0.0,0.0,0.0,0.0,0.0,0.0,0.0,0.0,0.000352463,0.0,0.0,0.0,0.0,0.0,1.53e-05,0.0,0.0,0.0,0.0,0.0,0.0,0.0,0.0,0.000153245,0.0,0.0,0.0,0.0,0.0,0.0,0.0,0.0,0.0,0.0,0.0,0.0,0.0,0.0,0.0,0.0,0.0,0.0,0.0
465,RPRC0540013,4,0.724934383,0.21188822,0.001374093,0.0,0.0,0.002918018,0.011764706,0.00185271,0.0,0.0,0.0,0.0,0.0,0.0,0.0,0.0,0.0,0.0,0.007951212,0.0,0.0,0.0,0.0,0.0,0.0,0.0,0.0,0.0,0.0,0.0,0.0,0.0,0.0,0.001250579,0.0,0.0,0.0,0.0,0.0,0.0,0.0,0.0,0.0,0.0,0.0,0.0,0.0,0.0,0.0,0.0,0.0,0.0,0.0
466,RPRC0540013,5,0.001798191,0.000754966,0.990844326,0.0,0.0,0.0,0.0,0.006327985,0.0,0.0,0.0,0.0,0.0,0.0,0.0,0.0,0.0,0.0,0.0,0.0,0.0,0.0,0.0,0.0,0.000109813,0.0,0.0,0.0,0.0,0.0,0.0,0.0,0.0,6.86e-05,0.0,0.0,0.0,0.0,0.0,0.0,0.0,0.0,0.0,0.0,0.0,0.0,0.0,0.0,0.0,0.0,0.0,0.0,0.0
467,RPRC0540013,6,0.0,0.126637429,0.794020695,0.0,0.0,0.0,5.73e-05,0.00793992,0.0,0.0,0.0,0.0,0.0,0.0,0.0,0.0,0.0,0.0,0.0,0.0,0.0,0.0,0.0,0.0,0.059248431,0.0,0.0,0.0,0.0,0.0,0.0,0.0,0.0,2.87e-05,0.0,0.0,0.0,0.0,0.0,0.0,0.0,0.0,0.0,0.0,0.0,0.0,0.0,0.0,0.0,0.0,0.0,0.0,0.0
468,RPRC0540013,7,0.01387847,0.006470368,0.898068267,0.0,0.0,0.0,0.0,0.021661665,0.0,0.0,0.0,0.0,0.0,0.0,0.0,0.0,0.0,0.0,0.0,0.0,0.0,0.0,0.0,0.0,0.006939235,0.0,0.0,0.0,0.0,0.0,0.0,0.0,0.0,0.007689422,0.0,0.0,0.0,0.0,0.0,0.0,0.0,0.0,0.0,0.0,0.0,0.0,0.0,0.0,0.0,0.0,0.0,0.0,0.0
469,RPRC0540014,1,0.00212493,0.147812229,0.002552508,0.5461978,0.0,0.0,0.193200223,1.3e-05,0.0,0.0,0.0,0.0,0.0,0.0,0.0,0.000596017,0.0,0.0,0.0,0.0,0.0,0.009730626,0.0,0.0,0.000349836,0.0,0.0,0.0,0.0,0.0,0.0,0.0,0.0,0.0,0.0,0.0,0.0,0.0,0.0,0.0,0.0,0.0,0.0,0.0,0.0,0.0,0.0,0.0,0.0,0.0,0.0,0.0,0.0
470,RPRC0540014,2,0.121089932,0.264968231,0.0,0.557581867,0.0,0.0,0.003085288,0.000366569,0.0,0.0,0.0,0.0,0.0,0.0,0.0,0.0,0.0,0.0,0.0,0.0,0.0,0.0,0.0,0.0,0.0,0.0,0.0,0.0,0.0,0.0,0.0,0.0,0.0,0.0,0.0,0.0,0.0,0.0,0.0,0.0,0.0,0.0,0.0,0.0,0.0,0.0,0.0,0.0,0.0,0.0,0.0,0.0,0.0
471,RPRC0540014,3,0.000884832,0.103758208,2.33e-05,0.0,0.0,0.0,0.051529828,0.0,0.0,0.0,0.0,0.0,0.0,0.0,0.0,0.009244167,0.0,0.0,0.0,0.0,0.0,0.708517673,0.0,0.0,0.095701579,0.0,0.0,0.0,0.0,0.0,0.0,0.0,0.0,0.0,0.0,0.0,0.0,0.0,0.0,0.0,0.0,0.0,0.0,0.0,0.0,0.0,0.0,0.0,0.0,0.0,0.0,0.0,0.0
472,RPRC0540014,4,0.804666887,0.000346306,0.112994723,0.0,0.0,0.0,0.0,0.068931398,0.0,0.0,0.0,0.0,0.0,0.0,0.0,0.001253298,0.0,0.0,0.0,0.0,0.0,0.0,0.0,0.0,0.011691953,0.0,0.0,0.0,0.0,0.0,0.0,0.0,0.0,0.0,0.0,0.0,0.0,0.0,0.0,0.0,0.0,0.0,0.0,0.0,0.0,0.0,0.0,0.0,0.0,0.0,0.0,0.0,0.0
473,RPRC0540014,5,0.019503713,0.276623743,0.387489426,0.0,0.0,0.0,0.018751762,0.006579566,0.0,0.0,0.0,0.0,0.0,0.0,0.0,0.011373249,0.0,0.0,0.0,0.0,0.0,0.0,0.0,0.0,0.00803647,0.0,0.0,0.0,0.0,0.0,0.0,0.0,0.0,0.0,0.0,0.0,0.0,0.0,0.0,0.0,0.0,0.0,0.0,0.0,0.0,0.0,0.0,0.0,0.0,0.0,0.0,0.0,0.0
474,RPRC0540014,6,0.03125,0.509451486,0.250327797,0.0,0.0,0.0,0.013275787,0.012401661,0.0,0.0,0.0,0.0,0.0,0.0,0.0,0.0,0.0,0.0,0.0,0.0,0.0,0.0,0.0,0.0,0.057473776,0.0,0.0,0.0,0.0,0.0,0.0,0.0,0.0,0.0,0.0,0.0,0.0,0.0,0.0,0.0,0.0,0.0,0.0,0.0,0.0,0.0,0.0,0.0,0.0,0.0,0.0,0.0,0.0
475,RPRC0540014,7,0.04026458,0.000260853,0.183920253,0.0,0.0,0.0,0.0,0.206036892,0.0,0.0,0.0,0.0,0.0,0.0,0.0,0.239295696,0.0,0.0,0.0,0.0,0.0,0.0,0.0,0.0,0.328339855,0.0,0.0,0.0,0.0,0.0,0.0,0.0,0.0,0.0,0.0,0.0,0.0,0.0,0.0,0.0,0.0,0.0,0.0,0.0,0.0,0.0,0.0,0.0,0.0,0.0,0.0,0.0,0.0
476,RPRC0540015,1,0.580755248,0.000908904,0.191864453,3.43e-05,0.0,0.0,0.0,0.141514611,0.0,0.0,0.0,0.0,0.0,0.0,0.0,0.0,0.0,0.0,0.0,0.0,0.0,0.0,0.0,0.0,0.07046577,0.0,0.0,0.0,0.0,0.0,0.0,0.0,0.0,0.0,0.0,0.0,0.0,0.0,0.0,0.0,0.0,0.0,0.0,0.0,0.0,0.0,0.0,0.0,0.0,0.0,0.0,0.0,0.0
477,RPRC0540015,2,0.042871656,0.031865899,0.540433458,3.39e-05,0.0,0.0,0.011141212,0.354825601,0.0,0.0,0.0,0.0,0.0,0.002810701,0.0,0.0,0.0,0.0,0.0,0.0,0.0,0.0,0.0,0.0,3.39e-05,0.0,0.0,0.0,0.0,0.0,0.0,0.0,0.0,0.0,0.0,0.0,0.0,0.0,0.0,0.0,0.0,0.0,0.0,0.0,0.0,0.0,0.0,0.0,0.0,0.0,0.0,0.0,0.0
478,RPRC0540015,3,2.69e-05,0.003366006,0.98321485,0.000197472,0.0,8.98e-06,0.000107712,0.011902197,0.0,0.0,0.0,0.0,0.0,0.0,0.0,0.0,0.0,0.0,0.0,0.0,0.0,0.0,0.0,0.0,0.0,0.0,0.0,0.0,0.0,0.0,0.0,0.0,0.0,0.0,0.0,0.0,0.0,0.0,0.0,0.0,0.0,0.0,0.0,0.0,0.0,0.0,0.0,0.0,0.0,0.0,0.0,0.0,0.0
479,RPRC0540015,4,0.005294531,0.569458329,0.209874486,0.0,0.0,0.0,0.000462809,0.137546744,0.0,0.0,0.0,0.0,0.0,0.017290533,0.0,0.0,0.0,0.0,0.0,0.048169129,0.0,0.0,0.0,0.0,0.005461143,0.0,0.0,0.0,0.0,0.0,0.0,0.0,0.0,0.0,0.0,0.0,0.0,0.0,0.0,0.0,0.0,0.0,0.0,0.0,0.0,0.0,0.0,0.0,0.0,0.0,0.0,0.0,0.0
480,RPRC0540015,5,0.026176494,0.069957601,0.535893925,5.27e-05,0.0,6.58e-05,0.000395018,0.346680536,0.0,0.0,0.0,0.0,0.0,0.003528823,0.0,0.0,0.0,0.0,0.0,0.00172491,0.0,0.0,0.0,0.0,0.000592526,0.0,0.0,0.0,0.0,0.0,0.0,0.0,0.0,0.0,0.0,0.0,0.0,0.0,0.0,0.0,0.0,0.0,0.0,0.0,0.0,0.0,0.0,0.0,0.0,0.0,0.0,0.0,0.0
481,RPRC0540015,6,0.104916594,0.299629304,0.554043508,0.0,0.0,0.0,0.0,0.014681494,0.0,0.0,0.0,0.0,0.0,0.003902058,0.0,0.0,0.0,0.0,0.0,0.00331675,0.0,0.0,0.0,0.0,0.000780412,0.0,0.0,0.0,0.0,0.0,0.0,0.0,0.0,0.0,0.0,0.0,0.0,0.0,0.0,0.0,0.0,0.0,0.0,0.0,0.0,0.0,0.0,0.0,0.0,0.0,0.0,0.0,0.0
482,RPRC0540015,7,0.927523932,0.026648109,0.004345169,0.00010184,0.0,0.023762645,0.000611039,0.000237626,0.0,0.0,0.0,0.0,0.0,0.000611039,0.0,0.0,0.0,0.0,0.0,0.000441306,0.0,0.0,0.0,0.0,0.00010184,0.0,0.0,0.0,0.0,0.0,0.0,0.0,0.0,0.0,0.0,0.0,0.0,0.0,0.0,0.0,0.0,0.0,0.0,0.0,0.0,0.0,0.0,0.0,0.0,0.0,0.0,0.0,0.0
483,RPRC0540016,1,0.299180602,0.238875617,0.000111635,0.323494608,0.0,0.12936212,0.0,0.000178615,0.0,0.0,0.001071692,0.0,0.0,0.000625153,0.0,0.0,0.0,0.0,0.0,0.00087075,0.0,0.0,0.0,0.0,0.0,0.0,0.0,0.0,0.0,0.0,0.0,0.0,0.0,6.7e-05,0.0,0.0,0.0,0.0,0.0,0.0,0.0,0.0,0.0,0.0,0.0,0.0,0.0,0.0,0.0,0.0,0.0,0.0,0.0
484,RPRC0540016,2,0.148570349,0.281710543,0.002267288,0.382856783,0.0,0.079607003,0.0,0.0,0.0,0.0,0.007242726,0.0,0.0,0.011714322,0.0,0.0,0.0,0.0,0.0,0.0,0.0,0.0,0.0,0.0,0.0,0.0,0.0,0.0,0.0,0.0,0.0,0.0,0.0,0.0,0.0,0.0,0.0,0.0,0.0,0.0,0.0,0.0,0.0,0.0,0.0,0.0,0.0,0.0,0.0,0.0,0.0,0.0,0.0
485,RPRC0540016,3,0.4041815,0.099408677,0.000181017,0.35428106,0.0,0.103059193,0.0,3.02e-05,0.0,0.0,0.002835938,0.0,0.0,0.002262716,0.0,0.0,0.0,0.0,0.0,0.011856634,0.0,0.0,0.0,0.0,0.0,0.0,0.0,0.0,0.0,0.0,0.0,0.0,0.0,0.0,0.0,0.0,0.0,0.0,0.0,0.0,0.0,0.0,0.0,0.0,0.0,0.0,0.0,0.0,0.0,0.0,0.0,0.0,0.0
486,RPRC0540016,4,0.023001016,0.040342476,0.851908286,0.013931215,0.0,0.0,0.0,0.066173269,0.0,0.0,0.000362792,0.0,0.0,0.00043535,0.0,0.0,0.0,0.0,0.0,0.00043535,0.0,0.0,0.0,0.0,0.0,0.0,0.0,0.0,0.0,0.0,0.0,0.0,0.0,0.000145117,0.0,0.0,0.0,0.0,0.0,0.0,0.0,0.0,0.0,0.0,0.0,0.0,0.0,0.0,0.0,0.0,0.0,0.0,0.0
487,RPRC0540016,5,0.000769408,0.20704778,0.541240286,0.000115411,0.0,0.0,0.0,0.040470878,0.0,0.0,0.016734631,0.0,0.0,0.021889667,0.0,0.0,0.0,0.0,0.0,0.001577287,0.0,0.0,0.0,0.0,0.0,0.0,0.0,0.0,0.0,0.0,0.0,0.0,0.0,0.095406632,0.0,0.0,0.0,0.0,0.0,0.0,0.0,0.0,0.0,0.0,0.0,0.0,0.0,0.0,0.0,0.0,0.0,0.0,0.0
488,RPRC0540016,6,0.054906002,0.433668574,0.341447813,0.0,0.0,0.0,0.0,0.030811329,0.0,0.0,0.06809055,0.0,0.0,0.018728455,0.0,0.0,0.0,0.0,0.0,0.009595224,0.0,0.0,0.0,0.0,0.0,0.0,0.0,0.0,0.0,0.0,0.0,0.0,0.0,0.000284303,0.0,0.0,0.0,0.0,0.0,0.0,0.0,0.0,0.0,0.0,0.0,0.0,0.0,0.0,0.0,0.0,0.0,0.0,0.0
489,RPRC0540016,7,0.117953816,0.741139947,3.49e-05,0.111779685,0.0,0.023841914,0.0,0.000156969,0.0,0.0,0.001029022,0.0,0.0,0.000313939,0.0,0.0,0.0,0.0,0.0,0.000697642,0.0,0.0,0.0,0.0,0.0,0.0,0.0,0.0,0.0,0.0,0.0,0.0,0.0,0.00033138,0.0,0.0,0.0,0.0,0.0,0.0,0.0,0.0,0.0,0.0,0.0,0.0,0.0,0.0,0.0,0.0,0.0,0.0,0.0
490,RPRC0540017,1,0.003660836,0.468217284,0.462522649,0.0,0.0,0.0,0.0,0.032134009,0.0,0.0,0.0,0.0,0.0,0.00399364,0.0,0.0,0.0,0.0,0.0,0.0,0.0,0.0,0.0,0.0,0.0,0.0,0.0,0.0,0.0,0.0,0.0,0.0,0.0,0.0,0.0,0.0,0.0,0.0,0.0,0.0,0.0,0.0,0.0,0.0,0.0,0.0,0.0,0.0,0.0,0.0,0.0,0.0,0.0
491,RPRC0540017,2,9.97e-05,0.000797448,0.044059011,0.0,0.0,0.0,0.0,0.000647927,0.0,0.0,0.0,0.0,0.0,0.0,0.0,0.0,0.0,0.0,0.0,0.0,0.0,0.0,0.0,0.0,0.935107656,0.0,0.0,0.0,0.0,0.0,0.0,0.0,0.0,0.0,0.0,0.0,0.0,0.0,0.0,0.0,0.0,0.0,0.0,0.0,0.0,0.0,0.0,0.0,0.0,0.0,0.0,0.0,0.0
492,RPRC0540017,3,0.00035926,0.033411173,0.925992456,0.0,0.0,0.0,0.0,0.035836177,0.0,0.0,0.0,0.0,0.0,0.003143524,0.0,0.0,0.0,0.0,0.0,0.0,0.0,0.0,0.0,0.0,0.0,0.0,0.0,0.0,0.0,0.0,0.0,0.0,0.0,0.0,0.0,0.0,0.0,0.0,0.0,0.0,0.0,0.0,0.0,0.0,0.0,0.0,0.0,0.0,0.0,0.0,0.0,0.0,0.0
493,RPRC0540017,4,0.146566354,0.460063356,0.133075008,0.0,0.0,0.032017197,0.0,0.008569974,0.0,0.0,0.0,0.0,0.0,0.061262586,0.0,0.0,0.0,0.0,0.0,0.0,0.0,0.0,0.0,0.0,0.0,0.0,0.0,0.0,0.0,0.0,0.0,0.0,0.0,0.0,0.0,0.0,0.0,0.0,0.0,0.0,0.0,0.0,0.0,0.0,0.0,0.0,0.0,0.0,0.0,0.0,0.0,0.0,0.0
494,RPRC0540017,5,0.813627664,0.035862274,0.000204396,0.015366892,0.0,0.121894569,0.0,7.43e-05,0.0,0.0,0.0,0.0,0.0,0.001300704,0.0,0.0,0.0,0.0,0.0,0.0,0.0,0.0,0.0,0.0,9.29e-05,0.0,0.0,0.0,0.0,0.0,0.0,0.0,0.0,0.0,0.0,0.0,0.0,0.0,0.0,0.0,0.0,0.0,0.0,0.0,0.0,0.0,0.0,0.0,0.0,0.0,0.0,0.0,0.0
495,RPRC0540017,6,0.650625888,0.075403772,0.000132113,0.253030353,0.0,0.00871949,0.0,0.0,0.0,0.0,0.0,0.0,0.0,0.001255078,0.0,0.0,0.0,0.0,0.0,0.0,0.0,0.0,0.0,0.0,0.0,0.0,0.0,0.0,0.0,0.0,0.0,0.0,0.0,0.0,0.0,0.0,0.0,0.0,0.0,0.0,0.0,0.0,0.0,0.0,0.0,0.0,0.0,0.0,0.0,0.0,0.0,0.0,0.0
496,RPRC0540017,7,0.430013306,0.395352611,0.0,0.040469932,0.0,0.00905462,0.0,0.0,0.0,0.0,0.0,0.0,0.0,0.024859637,0.0,0.0,0.0,0.0,0.0,0.0,0.0,0.0,0.0,0.0,0.0,0.0,0.0,0.0,0.0,0.0,0.0,0.0,0.0,0.0,0.0,0.0,0.0,0.0,0.0,0.0,0.0,0.0,0.0,0.0,0.0,0.0,0.0,0.0,0.0,0.0,0.0,0.0,0.0
497,RPRC0540018,1,0.118569877,0.387436508,0.009237217,0.07056268,0.0,0.074018409,0.263403289,0.000570469,0.0,0.0,0.0,0.0,0.0,0.027371562,0.0,0.0,0.0,0.0,0.0,0.0,0.0,0.002490318,0.0,0.0,0.0,0.0,0.0,0.0,0.0,0.0,0.0,0.0,0.0,0.0,0.0,0.0,0.0,0.0,0.0,0.0,0.0,0.0,0.0,0.0,0.0,0.0,0.0,0.0,0.0,0.0,0.0,0.0,0.0
498,RPRC0540018,2,0.003520885,0.488013863,0.002200553,1.38e-05,0.0,0.033475911,0.397364838,0.0,0.0,0.0,0.0,0.0,0.0,0.02921234,0.0,0.0,0.0,0.0,0.0,0.0,0.0,0.011896739,0.0,0.0,0.0,0.0,0.0,0.0,0.0,0.0,0.0,0.0,0.0,0.0,0.0,0.0,0.0,0.0,0.0,0.0,0.0,0.0,0.0,0.0,0.0,0.0,0.0,0.0,0.0,0.0,0.0,0.0,0.0
499,RPRC0540018,3,0.001485176,0.002858264,0.808005941,1.4e-05,0.0,5.6e-05,4.2e-05,0.177814829,0.0,0.0,0.0,0.0,0.0,0.0,0.0,0.0,0.006599227,0.0,0.0,0.0,0.0,0.0,0.0,0.0,0.0,0.0,0.0,0.0,0.0,0.0,0.0,0.0,0.0,0.0,0.0,0.0,0.0,0.0,0.0,0.0,0.0,0.0,0.0,0.0,0.0,0.0,0.0,0.0,0.0,0.0,0.0,0.0,0.0
500,RPRC0540018,4,0.462921915,0.219747548,0.000530919,0.0,0.0,0.190971715,0.067838229,0.000172549,0.0,0.0,0.0,0.0,0.0,0.022510983,0.0,0.0,0.0,0.0,0.0,0.0,0.0,0.002628051,0.0,0.0,0.0,0.0,0.0,0.0,0.0,0.0,0.0,0.0,0.0,0.0,0.0,0.0,0.0,0.0,0.0,0.0,0.0,0.0,0.0,0.0,0.0,0.0,0.0,0.0,0.0,0.0,0.0,0.0,0.0
501,RPRC0540018,5,0.001226196,0.002464903,0.796176272,1.25e-05,0.0,0.0,1.25e-05,0.179387403,0.0,0.0,0.0,0.0,0.0,0.0,0.0,0.0,0.019606616,0.0,0.0,0.0,0.0,0.0,0.0,0.0,0.0,0.0,0.0,0.0,0.0,0.0,0.0,0.0,0.0,0.0,0.0,0.0,0.0,0.0,0.0,0.0,0.0,0.0,0.0,0.0,0.0,0.0,0.0,0.0,0.0,0.0,0.0,0.0,0.0
502,RPRC0540018,6,9.97e-05,0.086901596,0.757912234,0.0,0.0,0.0,0.0,0.132945479,0.0,0.0,0.0,0.0,0.0,9.97e-05,0.0,0.0,0.010272606,0.0,0.0,0.0,0.0,0.0,0.0,0.0,0.0,0.0,0.0,0.0,0.0,0.0,0.0,0.0,0.0,0.0,0.0,0.0,0.0,0.0,0.0,0.0,0.0,0.0,0.0,0.0,0.0,0.0,0.0,0.0,0.0,0.0,0.0,0.0,0.0
503,RPRC0540018,7,0.491319687,0.349839138,0.001554219,0.000326386,0.0,0.02335991,0.058749475,0.002377955,0.0,0.0,0.0,0.0,0.0,0.027540759,0.0,0.0,0.0,0.0,0.0,0.0,0.0,0.007677842,0.0,0.0,0.0,0.0,0.0,0.0,0.0,0.0,0.0,0.0,0.0,0.0,0.0,0.0,0.0,0.0,0.0,0.0,0.0,0.0,0.0,0.0,0.0,0.0,0.0,0.0,0.0,0.0,0.0,0.0,0.0
504,RPRC0540023,1,0.695449845,0.020337815,0.051361599,0.0,0.0,0.0,0.000172354,0.125818683,0.0,0.0,0.0,0.0,0.0,0.000344709,0.0,0.0,0.0,0.0,0.0,0.0,0.0,0.0,0.0,0.0,0.0,0.0,0.0,0.0,0.0,0.0,0.0,0.0,0.0,0.0,0.0,0.0,0.0,0.0,0.0,0.0,0.0,0.0,0.0,0.0,0.0,0.0,0.0,0.0,0.0,0.0,0.0,0.0,0.0
505,RPRC0540023,2,0.627588528,0.002070822,0.207599917,0.0,0.0,0.0,0.0,0.144413957,0.0,0.0,0.0,0.0,0.0,0.0,0.0,0.0,0.0,0.0,0.0,0.0,0.0,0.0,0.0,0.0,0.001384862,0.0,0.0,0.0,0.0,0.0,0.0,0.0,0.0,0.0,0.0,0.0,0.0,0.0,0.0,0.0,0.0,0.0,0.0,0.0,0.0,0.0,0.0,0.0,0.0,0.0,0.0,0.0,0.0
506,RPRC0540023,3,0.414149779,0.000546866,0.346963329,0.0,0.0,0.0,0.0,0.225387103,0.0,0.0,0.0,0.0,0.0,0.0,0.0,0.0,0.0,0.0,0.0,1.56e-05,0.0,0.0,0.0,0.0,0.00765613,0.0,0.0,0.0,0.0,0.0,0.0,0.0,0.0,0.0,0.0,0.0,0.0,0.0,0.0,0.0,0.0,0.0,0.0,0.0,0.0,0.0,0.0,0.0,0.0,0.0,0.0,0.0,0.0
507,RPRC0540023,4,0.255478309,0.001458065,0.450837859,0.0,0.0,0.0,0.0,0.283223802,0.0,0.0,0.0,0.0,0.0,0.0,0.0,0.0,0.0,0.0,0.0,0.0,0.0,0.0,0.0,0.0,0.000950912,0.0,0.0,0.0,0.0,0.0,0.0,0.0,0.0,0.0,0.0,0.0,0.0,0.0,0.0,0.0,0.0,0.0,0.0,0.0,0.0,0.0,0.0,0.0,0.0,0.0,0.0,0.0,0.0
508,RPRC0540023,5,0.251078516,0.001848885,0.38062369,0.0,0.0,0.0,0.008135092,0.276716381,0.0,0.0,0.0,0.0,0.0,0.002218661,0.0,0.0,0.0,0.0,0.000123259,0.000246518,0.0,0.0,0.0,0.0,0.000739554,0.0,0.0,0.0,0.0,0.0,0.0,0.0,0.0,0.0,0.0,0.0,0.0,0.0,0.0,0.0,0.0,0.0,0.0,0.0,0.0,0.0,0.0,0.0,0.0,0.0,0.0,0.0,0.0
509,RPRC0540023,6,0.439146779,0.082737556,0.287198335,0.0,0.0,0.0,0.0,0.187225187,0.0,0.0,0.0,0.0,0.0,0.0,0.0,0.0,0.0,0.0,0.0,0.0,0.0,0.0,0.0,0.0,0.000721646,0.0,0.0,0.0,0.0,0.0,0.0,0.0,0.0,0.0,0.0,0.0,0.0,0.0,0.0,0.0,0.0,0.0,0.0,0.0,0.0,0.0,0.0,0.0,0.0,0.0,0.0,0.0,0.0
510,RPRC0540023,7,0.697933227,0.001830708,0.184251096,0.0,0.0,0.0,0.0,0.109432962,0.0,0.0,0.0,0.0,0.0,7.23e-05,0.0,0.0,0.0,0.0,0.0,0.0,0.0,0.0,0.0,0.0,0.002192032,0.0,0.0,0.0,0.0,0.0,0.0,0.0,0.0,0.0,0.0,0.0,0.0,0.0,0.0,0.0,0.0,0.0,0.0,0.0,0.0,0.0,0.0,0.0,0.0,0.0,0.0,0.0,0.0
511,RPRC0540024,1,0.509097161,7.48e-05,0.392396358,0.0,0.0,0.0,2.99e-05,0.095905156,0.0,0.0,0.0,0.0,0.0,0.0,0.0,0.0,0.0,0.0,0.0,0.0,0.0,0.0,0.0,0.0,0.0,0.0,0.0,0.0,0.0,0.0,0.0,0.0,0.0,0.0,0.0,0.0,0.0,0.0,0.0,0.0,0.0,0.0,0.0,0.0,0.0,0.0,0.0,0.0,0.0,0.0,0.0,0.0,0.0
512,RPRC0540024,2,0.069952813,0.230083485,0.680479129,0.0,0.0,0.0,0.0,0.013110708,0.0,0.0,0.0,0.0,0.0,0.0,0.0,0.0,0.0,0.0,0.0,0.0,0.0,0.0,0.0,0.0,0.0,0.0,0.0,0.0,0.0,0.0,0.0,0.0,0.0,0.000580762,0.0,0.0,0.0,0.0,0.0,0.0,0.0,0.0,0.0,0.0,0.0,0.0,0.0,0.0,0.0,0.000827586,0.0,0.0,0.0
513,RPRC0540024,3,0.59554876,1.74e-05,0.310109978,0.0,0.0,0.0,0.0,0.088190837,0.0,0.0,0.0,0.0,0.0,0.0,0.0,0.0,0.0,0.0,0.0,0.0,0.0,0.0,0.0,0.0,0.0,0.0,0.0,0.0,0.0,0.0,0.0,0.0,0.0,0.000312733,0.0,0.0,0.0,0.0,0.0,0.0,0.0,0.0,0.0,0.0,0.0,0.0,0.0,0.0,0.0,0.0,0.0,0.0,0.0
514,RPRC0540024,4,0.802305159,0.092810099,0.015806806,0.0,0.0,0.0,0.0,0.047859495,0.0,0.0,0.0,0.0,0.0,0.0,0.0,0.0,0.0,0.0,0.0,0.0,0.0,0.0,0.0,0.0,0.0,0.0,0.0,0.0,0.0,0.0,0.0,0.0,0.0,0.0,0.0,0.0,0.0,0.0,0.0,0.0,0.0,0.0,0.0,0.0,0.0,0.0,0.0,0.0,0.023326015,0.017892426,0.0,0.0,0.0
515,RPRC0540024,5,6.47e-05,0.0,0.825004852,0.0,0.0,0.0,3.23e-05,0.174509994,0.0,0.0,0.0,0.0,0.0,0.0,0.0,0.0,0.0,0.0,0.0,0.0,0.0,0.0,0.0,0.0,0.0,0.0,0.0,0.0,0.0,0.0,0.0,0.0,0.0,1.62e-05,0.0,0.0,0.0,0.0,0.0,0.0,0.0,0.0,0.0,0.0,0.0,0.0,0.0,0.0,0.0,0.0,0.0,0.0,0.0
516,RPRC0540024,6,0.490232992,0.139103431,0.01163352,0.0,0.0,0.079552037,0.199942074,0.00025745,0.0,0.0,0.0,0.0,0.0,0.0,0.0,0.0,0.0,0.0,0.0178445,0.0,0.0,0.0,0.0,0.0,0.0,0.0,0.0,0.0,0.0,0.0,0.0,0.0,0.0,0.01655725,0.0,0.0,0.0,0.0,0.0,0.0,0.0,0.0,0.0,0.0,0.0,0.0,0.0,0.0,0.0,9.65e-05,0.0,0.0,0.0
517,RPRC0540024,7,0.215290377,3.59e-05,0.644236469,0.0,0.0,0.0,0.0,0.139341465,0.0,0.0,0.0,0.0,0.0,0.0,0.0,0.0,0.0,0.0,0.0,0.0,0.0,0.0,0.0,0.0,0.0,0.0,0.0,0.0,0.0,0.0,0.0,0.0,0.0,3.59e-05,0.0,0.0,0.0,0.0,0.0,0.0,0.0,0.0,0.0,0.0,0.0,0.0,0.0,0.0,0.0,0.0,0.0,0.0,0.0
518,RPRC0540025,1,0.059011277,0.670224839,0.127863678,1.77e-05,0.0,0.0,0.0,0.090485141,0.0,0.0,0.0,0.0,0.0,0.0,0.0,0.0,0.0,0.0,0.0,0.047556564,0.0,0.0,0.0,0.0,0.0,0.0,0.0,0.0,0.0,0.0,0.0,0.0,0.0,0.000141854,0.0,0.0,0.0,0.0,0.0,0.0,0.0,0.0,0.0,0.0,0.0,0.0,0.0,0.0,0.0,0.0,0.0,0.0,0.0
519,RPRC0540025,2,0.040681437,0.769931112,0.081251164,0.0,0.0,0.0,0.0,0.106460622,0.0,0.0,0.0,0.0,0.0,0.0,0.0,0.0,0.0,0.0,0.0,0.0,0.0,0.0,0.0,0.0,0.0,0.0,0.0,0.0,0.0,0.0,0.0,0.0,0.0,0.000297896,0.0,0.0,0.0,0.0,0.0,0.0,0.0,0.0,0.0,0.0,0.0,0.0,0.0,0.0,0.0,0.0,0.0,0.0,0.0
520,RPRC0540025,3,0.137368506,0.017132657,0.609752886,0.0,0.0,0.0,5.85e-05,0.227611231,0.0,0.0,0.0,0.0,0.0,0.0,0.0,0.0,0.0,0.0,0.0,0.000146308,0.0,0.0,0.0,0.0,0.00610104,0.0,0.0,0.0,0.0,0.0,0.0,0.0,0.0,1.46e-05,0.0,0.0,0.0,0.0,0.0,0.0,0.0,0.0,0.0,0.0,0.0,0.0,0.0,0.0,0.0,0.0,0.0,0.0,0.0
521,RPRC0540025,4,0.039003759,0.704769737,0.042175752,0.0,0.0,0.0,0.149964756,0.002232143,0.0,0.0,0.0,0.0,0.0,0.0,0.0,0.0,0.0,0.0,0.0,0.000293703,0.0,0.0,0.0,0.0,0.000176222,0.0,0.0,0.0,0.0,0.0,0.0,0.0,0.0,5.87e-05,0.0,0.0,0.0,0.0,0.0,0.0,0.0,0.0,0.0,0.0,0.0,0.0,0.0,0.0,0.0,0.0,0.0,0.0,0.0
522,RPRC0540025,5,0.037495285,0.73972086,0.04602037,0.000188608,0.0,0.0,0.01075066,0.00022633,0.0,0.0,0.0,0.0,0.0,0.0,0.0,0.0,0.0,0.0,0.0,0.002414183,0.0,0.0,0.0,0.0,0.0,0.0,0.0,0.0,0.0,0.0,0.0,0.0,0.0,0.005016975,0.031572991,0.0,0.0,0.0,0.0,0.0,0.0,0.0,0.0,0.0,0.0,0.0,0.0,0.0,0.0,0.0,0.0,0.0,0.0
523,RPRC0540025,6,0.264620953,0.222808301,0.461864244,3.85e-05,0.0,0.0,0.0,0.014592076,0.0,0.0,0.0,0.0,0.0,0.0,0.0,0.0,0.0,0.0,0.0,0.00304162,0.0,0.0,0.0,0.0,0.0,0.0,0.0,0.0,0.0,0.0,0.0,0.0,0.0,0.002233088,0.0,0.0,0.0,0.0,0.0,0.0,0.0,0.0,0.0,0.0,0.0,0.0,0.0,0.0,0.0,0.0,0.0,0.0,0.0
524,RPRC0540025,7,0.150154886,0.135370318,0.649619825,0.000225289,0.0,0.0,0.001492537,0.019459307,0.0,0.0,0.0,0.0,0.0,0.0,0.0,0.0,0.0,0.0,0.0,0.0,0.0,0.0,0.0,0.0,0.0,0.0,0.0,0.0,0.0,0.0,0.0,0.0,0.0,0.009152351,0.0,0.0,0.0,0.0,0.0,0.0,0.0,0.0,0.0,0.0,0.0,0.0,0.0,0.0,0.0,0.0,0.0,0.0,0.0
525,RPRC0540027,1,0.047739228,0.0731292,0.514093715,1.52e-05,0.0,0.0,0.0,0.364384103,0.0,0.0,0.0,0.0,0.0,0.0,0.0,0.0,0.0,0.0,0.0,0.0,0.0,0.0,0.0,0.0,0.0,0.0,0.0,0.0,0.0,0.0,0.0,0.0,0.0,0.0,0.0,0.0,0.0,0.0,0.0,0.0,0.0,0.0,0.0,0.0,0.0,0.0,0.0,0.0,0.0,0.0,0.0,0.0,0.0
526,RPRC0540027,2,0.246978073,0.018055485,0.730638535,0.0,0.0,0.0,0.0,0.003888354,0.0,0.0,0.0,0.0,0.0,0.0,0.0,3.38e-05,0.0,0.0,0.0,0.0,0.0,0.0,0.0,0.0,0.0,0.0,0.0,0.0,0.0,0.0,0.0,0.0,0.0,0.0,0.0,0.0,0.0,0.0,0.0,0.0,0.0,0.0,0.0,0.0,0.0,0.0,0.0,0.0,0.0,0.0,0.0,0.0,0.0
527,RPRC0540027,3,0.0048071,0.05731542,0.884229015,0.0,0.0,3.08e-05,0.0,0.041846419,0.0,0.0,0.0,0.0,0.0,0.001294219,0.0,0.0,0.0,0.0,0.0,0.0,0.0,0.0,0.0,0.0,0.0,0.0,0.0,0.0,0.0,0.0,0.0,0.0,0.0,0.0,0.0,0.0,0.0,0.0,0.0,0.0,0.0,0.0,0.0,0.0,0.0,0.0,0.0,0.0,0.0,0.0,0.0,0.0,0.0
528,RPRC0540027,4,0.00046834,0.915355314,0.041182715,0.0,0.0,0.0,0.0,0.025946047,0.0,0.0,0.0,0.0,0.0,0.0,0.0,0.0,0.0,0.0,0.0,0.0,0.0,0.0,0.0,0.0,0.0,0.0,0.0,0.0,0.0,0.0,0.0,0.0,0.0,0.0,0.0,0.0,0.0,0.0,0.0,0.0,0.0,0.0,0.0,0.0,0.0,0.0,0.0,0.0,0.0,0.0,0.0,0.0,0.0
529,RPRC0540027,5,0.456883371,0.001743013,0.375022934,0.000122317,0.0,0.0,0.0,0.070943673,0.0,0.0,0.0,0.0,0.0,0.0,0.0,0.093388784,0.0,0.0,0.0,0.0,0.0,0.0,0.0,0.0,0.0,0.0,0.0,0.0,0.0,0.0,0.0,0.0,0.0,0.0,0.0,0.0,0.0,0.0,0.0,0.0,0.0,0.0,0.0,0.0,0.0,0.0,0.0,0.0,0.0,0.0,0.0,0.0,0.0
530,RPRC0540027,6,0.895335014,0.061010985,0.036378335,0.0,0.0,0.0,0.0,0.000808407,0.0,0.0,0.0,0.0,0.0,0.0,0.0,0.0,0.0,0.0,0.0,0.0,0.0,0.0,0.0,0.0,0.0,0.0,0.0,0.0,0.0,0.0,0.0,0.0,0.0,0.0,0.0,0.0,0.0,0.0,0.0,0.0,0.0,0.0,0.0,0.0,0.0,0.0,0.0,0.0,0.0,0.0,0.0,0.0,0.0
531,RPRC0540027,7,0.061506788,0.514290136,0.002953564,0.214412584,0.0,0.03096196,0.027113581,0.000302757,0.0,0.0,0.0,0.0,0.0,0.023917812,0.0,0.0,0.0,0.0,0.0,0.0,0.0,0.0,0.0,0.0,0.0,0.0,0.0,0.0,0.0,0.0,0.0,0.0,0.0,0.0,0.0,0.0,0.0,0.0,0.0,0.0,0.0,0.0,0.0,0.0,0.0,0.0,0.0,0.0,0.0,0.0,0.0,0.0,0.0
532,RPRC0540028,1,0.00098761,0.001137248,0.988193572,0.0,0.0,1.5e-05,0.000194529,0.009038128,0.0,0.0,0.0,0.0,0.0,0.0,0.0,0.0,0.0,0.0,0.0,0.0,0.0,0.0,0.0,0.0,0.0,0.0,0.0,0.0,0.0,0.0,0.0,0.0,0.0,0.0,0.0,0.0,0.0,0.0,0.0,0.0,0.0,0.0,0.0,0.0,0.0,0.0,0.0,0.0,0.0,0.0,0.0,0.0,0.0
533,RPRC0540028,2,0.222352665,0.001438131,0.627582766,0.0,0.0,2.93e-05,0.0,0.138324724,0.0,0.0,0.0,0.0,0.0,0.0,0.0,0.0,0.0,0.0,0.0,0.0,0.0,0.0,0.0,0.0,0.0,0.0,0.0,0.0,0.0,0.0,0.0,0.0,0.0,0.0,0.0,0.0,0.0,0.0,0.0,0.0,0.0,0.0,0.0,0.0,0.0,0.0,0.0,0.0,0.0,0.0,0.0,0.0,0.0
534,RPRC0540028,3,0.688051298,0.124147638,0.171671359,1.04e-05,0.0,0.0,0.0,0.004733604,0.0,0.0,0.0,0.0,0.0,0.000208529,0.0,0.0,0.0,0.0,0.0,0.002950683,0.0,0.0,0.0,0.0,0.0,0.0,0.0,0.0,0.0,0.0,0.0,0.0,0.0,0.0,0.0,0.0,0.0,0.0,0.0,0.0,0.0,0.0,0.0,0.0,0.0,0.0,0.0,0.0,0.0,0.0,0.0,0.0,0.0
535,RPRC0540028,4,0.000166417,0.993787097,0.004063349,0.0,0.0,0.0,0.0,0.001372941,0.0,0.0,0.0,0.0,0.0,0.0,0.0,0.0,0.0,0.0,0.0,0.0,0.0,0.0,0.0,0.0,0.0,0.0,0.0,0.0,0.0,0.0,0.0,0.0,0.0,0.0,0.0,0.0,0.0,0.0,0.0,0.0,0.0,0.0,0.0,0.0,0.0,0.0,0.0,0.0,0.0,0.0,0.0,0.0,0.0
536,RPRC0540028,5,0.344597683,0.273599946,0.0,0.322979497,0.0,0.027058968,0.015497307,0.0,0.0,0.0,0.0,0.0,0.0,0.000769291,0.0,0.0,0.0,0.0,0.0,0.00168352,0.0,0.0,0.0,0.0,0.0,0.0,0.0,0.0,0.0,0.0,0.0,0.0,0.0,0.0,0.0,0.0,0.0,0.0,0.0,0.0,0.0,0.0,0.0,0.0,0.0,0.0,0.0,0.0,0.0,0.0,0.0,0.0,0.0
537,RPRC0540028,6,0.187022901,0.354580153,0.005513147,0.202176986,0.0,0.033361606,0.069069833,0.008552446,0.0,0.0,0.0,0.0,0.0,0.013584959,0.0,0.0,0.0,0.0,0.016595985,0.05504665,0.0,0.0,0.0,0.0,0.0,0.0,0.0,0.0,0.0,0.0,0.0,0.0,0.0,0.0,0.0,0.0,0.0,0.0,0.0,0.0,0.0,0.0,0.0,0.0,0.0,0.0,0.0,0.0,0.0,0.0,0.0,0.0,0.0
538,RPRC0540028,7,0.1824533,0.717770859,0.021818182,0.0,0.0,0.0,0.054022416,0.006127024,0.0,0.0,0.0,0.0,0.0,0.004806974,0.0,0.0,0.0,0.0,0.001892902,0.001594022,0.0,0.0,0.0,0.0,0.0,0.0,0.0,0.0,0.0,0.0,0.0,0.0,0.0,0.0,0.0,0.0,0.0,0.0,0.0,0.0,0.0,0.0,0.0,0.0,0.0,0.0,0.0,0.0,0.0,0.0,0.0,0.0,0.0
539,RPRC0540031,1,0.510176432,0.120077332,0.002359532,0.002998889,0.0,0.0,0.293784537,0.0,0.0,0.0,0.0,0.0,0.0,0.016105707,0.0,0.0,0.014552983,0.0,0.012832808,0.0,0.0,0.0,0.0,0.0,0.0,0.0,0.0,0.0,0.0,0.0,0.0,0.0,0.0,0.0,0.0,0.0,0.0,0.0,0.0,0.0,0.0,0.0,0.0,0.0,0.0,0.0,0.0,0.0,0.0,0.0,0.0,0.0,0.0
540,RPRC0540031,2,0.393871291,0.145974906,0.002396523,0.048899729,0.0,0.034648403,0.31287945,0.0,0.0,0.0,0.0,0.0,0.0,0.019726051,0.0,0.0,0.0,0.0,0.009405023,0.0,0.0,0.0,0.0,0.0,0.0,0.0,0.0,0.0,0.0,0.0,0.0,0.0,0.0,0.0,0.0,0.0,0.0,0.0,0.0,0.0,0.0,0.0,0.0,0.0,0.0,0.0,0.0,0.0,0.0,0.0,0.0,0.0,0.0
541,RPRC0540031,3,0.188526302,0.087590409,0.000132885,0.327714183,0.0,0.024906506,0.329081003,0.0,0.0,0.0,0.0,0.0,0.0,0.002334985,0.0,0.0,0.000303738,0.0,0.008276857,0.0,0.0,0.0,0.0,0.0,0.0,0.0,0.0,0.0,0.0,0.0,0.0,0.0,0.0,0.0,0.0,0.0,0.0,0.0,0.0,0.0,0.0,0.0,0.0,0.0,0.0,0.0,0.0,0.0,0.0,0.0,0.0,0.0,0.0
542,RPRC0540031,4,0.017670225,0.319929526,5.18e-05,0.521660276,0.0,0.0,0.067157218,0.0,0.0,0.0,0.0,0.0,0.0,0.031143124,0.0,0.0,0.0,0.0,0.0,0.0,0.0,0.0,0.0,0.0,0.0,0.0,0.0,0.0,0.0,0.0,0.0,0.0,0.0,0.0,0.0,0.0,0.0,0.0,0.0,0.0,0.0,0.0,0.0,0.0,0.0,0.0,0.0,0.0,0.0,0.0,0.0,0.0,0.0
543,RPRC0540031,5,0.030443921,0.338173789,0.010041823,0.179521474,0.0,0.008768019,0.215421523,0.0,0.0,0.0,0.0,0.0,0.0,0.025072713,0.0,0.0,0.091013311,0.0,0.031017133,0.0,0.0,0.0,0.0,0.0,0.0,0.0,0.0,0.0,0.0,0.0,0.0,0.0,0.0,0.0,0.0,0.0,0.0,0.0,0.0,0.0,0.0,0.0,0.0,0.0,0.0,0.0,0.0,0.0,0.0,0.0,0.0,0.0,0.0
544,RPRC0540031,6,0.157431584,0.566713311,0.0,0.061916646,0.0,0.014887693,0.131378121,0.0,0.0,0.0,0.0,0.0,0.0,0.002279317,0.0,0.0,0.0,0.0,0.001009824,0.0,0.0,0.0,0.0,0.0,0.0,0.0,0.0,0.0,0.0,0.0,0.0,0.0,0.0,0.0,0.0,0.0,0.0,0.0,0.0,0.0,0.0,0.0,0.0,0.0,0.0,0.0,0.0,0.0,0.0,0.0,0.0,0.041171973,0.0
545,RPRC0540031,7,0.000105,0.562203594,0.08401729,0.17589206,0.0,0.0,0.050382374,0.0,0.0,0.0,0.0,0.0,0.0,0.072274819,0.0,0.0,0.0001925,0.0,0.0,0.0,0.0,0.0,0.0,0.0,0.0,0.0,0.0,0.0,0.0,0.0,0.0,0.0,0.0,0.0,0.0,0.0,0.0,0.0,0.0,0.0,0.0,0.0,0.0,0.0,0.0,0.0,0.0,0.0,0.0,0.0,0.0,0.0,0.0
546,RPRC0540032,1,0.012895461,0.001719395,0.719050894,0.0,0.0,0.0,0.000343879,0.019429161,0.0,0.0,0.0,0.0,0.0,0.0,0.0,0.117434663,0.0,0.0,0.0,0.0,0.0,0.0,0.0,0.0,0.122764787,0.0,0.0,0.0,0.0,0.0,0.0,0.0,0.0,0.0,0.0,0.0,0.0,0.0,0.0,0.0,0.0,0.0,0.0,0.0,0.0,0.0,0.0,0.0,0.0,0.0,0.0,0.0,0.0
547,RPRC0540032,2,0.675464339,0.020959161,0.156975974,0.0,0.0,0.0,0.021867959,0.100289679,0.0,0.0,0.0,0.0,0.0,0.0,0.0,0.000132533,0.0,0.0,0.0,0.0,0.000321866,0.0,0.0,0.0,0.000397599,0.0,0.0,0.0001136,0.0,0.0,0.0,0.0,0.0,0.0,0.0,0.0,0.0,0.0,0.0,0.0,0.0,0.0,0.0,0.0,0.0,0.0,0.0,0.0,0.0,0.0,0.0,0.0,0.0
548,RPRC0540032,3,0.811852246,0.089945965,0.000797236,0.0,0.0,0.0,0.06397378,0.000425193,0.0,0.0,0.0,0.0,0.0,0.0,0.0,0.000124015,0.0,0.0,0.0,0.0,0.001204713,0.0,0.0,0.0,0.0,0.0,0.0,0.000177164,0.0,0.0,0.0,0.0,0.0,0.0,0.0,0.0,0.0,0.0,0.0,0.0,0.0,0.0,0.0,0.0,0.0,0.0,0.0,0.0,0.0,0.0,0.0,0.0,0.0
549,RPRC0540032,4,0.93390592,0.038200317,0.000607822,0.0,0.0,0.0,0.004413319,0.000171776,0.0,0.0,0.0,0.0,0.0,0.0,0.0,0.0,0.0,0.0,0.0,0.0,0.000237844,0.0,0.0,0.0,0.0,0.0,0.0,0.0,0.0,0.0,0.0,0.0,0.0,0.0,0.0,0.0,0.0,0.0,0.0,0.0,0.0,0.0,0.0,0.0,0.0,0.0,0.0,0.0,0.0,0.0,0.0,0.0,0.0
550,RPRC0540032,5,0.330573404,0.0,0.085963696,0.0,0.0,0.0,0.0,0.354401214,0.0,0.0,0.0,0.0,0.0,0.0,0.0,0.04911676,0.0,0.0,0.0,0.0,0.0,0.0,0.0,0.0,0.176179683,0.0,0.0,0.0,0.0,0.0,0.0,0.0,0.0,0.0,0.0,0.0,0.0,0.0,0.0,0.0,0.0,0.0,0.0,0.0,0.0,0.0,0.0,0.0,0.0,0.0,0.0,0.0,0.0
551,RPRC0540032,6,0.825152086,0.128856145,0.016126516,0.0,0.0,0.0,0.002699752,0.00010799,0.0,0.0,0.0,0.0,0.0,0.0,0.0,0.0,0.0,0.0,0.0,0.0,0.004223611,0.0,0.0,0.0,0.0,0.0,0.0,2.4e-05,0.0,0.0,0.0,0.0,0.0,0.0,0.0,0.0,0.0,0.0,0.0,0.0,0.0,0.0,0.0,0.0,0.0,0.0,0.0,0.0,0.0,0.0,0.0,0.0,0.0
552,RPRC0540032,7,0.000301341,0.00015067,0.496308573,0.0,0.0,0.0,0.0,0.011676962,0.0,0.0,0.0,0.0,0.0,0.0,0.0,0.0,0.0,0.0,0.0,0.0,0.0,0.0,0.0,0.0,0.489603737,0.0,0.0,0.0,0.0,0.0,0.0,0.0,0.0,0.0,0.0,0.0,0.0,0.0,0.0,0.0,0.0,0.0,0.0,0.0,0.0,0.0,0.0,0.0,0.0,0.0,0.0,0.0,0.0
553,RPRC0540035,1,0.856467433,0.063192435,0.013936913,0.007056665,0.0,0.0,0.0,0.031119893,0.0,0.0,0.0,0.0,0.009632348,0.0,0.0,0.0,0.0,0.0,0.0,3.53e-05,0.0,0.0,0.0,0.0,0.0,0.0,0.0,0.0,0.0,0.0,0.0,0.0,0.0,0.0,0.0,0.0,0.0,0.0,0.0,0.0,0.0,0.0,0.0,0.0,0.0,0.0,0.0,0.0,0.0,0.0,0.0,0.0,0.0
554,RPRC0540035,2,0.191292914,0.04261696,0.740692042,0.000106349,0.0,0.0,0.0,0.007599122,0.0,0.0,0.0,0.0,0.0,0.0,0.0,0.0,0.0,0.0,0.0,0.0,0.0,0.0,0.0,0.0,0.015294925,0.0,0.0,0.0,0.0,0.0,0.0,0.0,0.0,0.0,0.0,0.0,0.0,0.0,0.0,0.0,0.0,0.0,0.0,0.0,0.0,0.0,0.0,0.0,0.0,0.0,0.0,0.0,0.0
555,RPRC0540035,3,0.559449359,0.184487492,0.003660769,0.023261135,0.0,0.0,0.0,0.010791641,0.0,0.0,0.0,0.0,0.025701647,0.0,0.0,0.0,0.0,0.0,0.0,0.010257779,0.0,0.0,0.0,0.0,0.0,0.0,0.0,0.0,0.0,0.0,0.0,0.0,0.0,0.0,0.0,0.0,0.0,0.0,0.0,0.0,0.0,0.0,0.0,0.0,0.0,0.0,0.0,0.0,0.0,0.0,0.0,0.0,0.0
556,RPRC0540035,4,0.007321773,9.18e-05,0.968639325,0.0,0.0,0.0,0.0,0.023598495,0.0,0.0,0.0,0.0,0.0,0.0,0.0,0.0,0.0,0.0,0.0,0.0,0.0,0.0,0.0,0.0,0.0,0.0,0.0,0.0,0.0,0.0,0.0,0.0,0.0,0.0,0.0,0.0,0.0,0.0,0.0,0.0,0.0,0.0,0.0,0.0,0.0,0.0,0.0,0.0,0.0,0.0,0.0,0.0,0.0
557,RPRC0540035,5,0.961866836,0.01466196,0.000362024,0.012369144,0.0,0.0,9.05e-05,7.54e-05,0.0,0.0,0.0,0.0,0.00132742,0.0,0.0,0.0,0.0,0.0,0.0,0.000226265,0.0,0.0,0.0,0.0,0.0,0.0,0.0,0.0,0.0,0.0,0.0,0.0,0.0,0.0,0.0,0.0,0.0,0.0,0.0,0.0,0.0,0.0,0.0,0.0,0.0,0.0,0.0,0.0,0.0,0.0,0.0,0.0,0.0
558,RPRC0540035,6,0.808374581,0.089848434,0.00083008,0.078919052,0.0,0.0,0.000199834,0.004596182,0.0,0.0,0.0,0.0,0.001183632,0.0,0.0,0.0,0.0,0.0,0.0,0.000860823,0.0,0.0,0.0,0.0,0.0,0.0,0.0,0.0,0.0,0.0,0.0,0.0,0.0,0.0,0.0,0.0,0.0,0.0,0.0,0.0,0.0,0.0,0.0,0.0,0.0,0.0,0.0,0.0,0.0,0.0,0.0,0.0,0.0
559,RPRC0540035,7,0.398185399,0.001094147,0.513777838,0.0,0.0,0.0,0.000993149,0.084838487,0.0,0.0,0.0,0.0,0.0,0.0,0.0,0.0,0.0,0.0,0.0,0.0,0.0,0.0,0.0,0.0,0.000100998,0.0,0.0,0.0,0.0,0.0,0.0,0.0,0.0,0.0,0.0,0.0,0.0,0.0,0.0,0.0,0.0,0.0,0.0,0.0,0.0,0.0,0.0,0.0,0.0,0.0,0.0,0.0,0.0
560,RPRC0540036,1,2.08e-05,0.787154973,0.174706487,1.04e-05,0.0,0.0,0.0,0.003830463,0.0,0.0,0.0,0.0,0.0,0.0,0.0,0.0,0.0,0.0,0.0,0.017543313,0.0,0.0,0.0,0.0,0.009072696,0.0,0.0,0.0,0.0,0.0,0.0,0.0,0.0,0.0,0.0,0.0,0.0,0.0,0.0,0.0,0.0,0.0,0.0,0.0,0.0,0.0,0.0,0.0,0.0,0.0,0.0,0.0,0.0
561,RPRC0540036,2,0.024347725,0.710238829,0.082311581,0.0,0.0,0.0,2.91e-05,0.007554187,0.0,0.0,0.0,0.0,0.0,0.050642106,0.0,0.0,0.0,0.0,0.0,0.002731129,0.0,0.0,0.0,0.0,0.0,0.0,0.0,0.0,0.0,0.0,0.0,0.0,0.0,0.0,0.0,0.0,0.0,0.0,0.0,0.0,0.0,0.0,0.0,0.0,0.0,0.0,0.0,0.0,0.0,0.0,0.0,0.0,0.0
562,RPRC0540036,3,0.04389881,0.521052171,0.031906513,0.000787815,0.0,0.0,0.194021359,0.079569328,0.0,0.0,0.0,0.0,0.0,0.000919118,0.0,0.0,0.0,0.0,0.0,0.008184524,0.0,0.0,0.0,0.0,4.38e-05,0.0,0.0,0.0,0.0,0.0,0.0,0.0,0.0,0.0,0.0,0.0,0.0,0.0,0.0,0.0,0.0,0.0,0.0,0.0,0.0,0.0,0.0,0.0,0.0,0.0,0.0,0.0,0.0
563,RPRC0540036,4,0.440401243,0.263756624,0.000776985,0.122594334,0.0,0.0,0.07511854,0.0,0.0,0.0,0.0,0.0,0.0,0.016814759,0.0,0.0,0.0,0.0,0.0,0.005807467,0.0,0.0,0.0,0.0,0.0,0.0,0.0,0.0,0.0,0.0,0.0,0.0,0.0,0.0,0.0,0.0,5.98e-05,0.0,0.0,0.0,0.0,0.0,0.0,0.0,0.0,0.0,0.0,0.0,0.0,0.0,0.0,0.0,0.0
564,RPRC0540036,5,0.030430365,0.0,0.958771764,0.0,0.0,0.0,0.0,0.009575146,0.0,0.0,0.0,0.0,0.0,0.0,0.0,0.0,0.0,0.0,0.0,0.0,0.0,0.0,0.0,0.0,0.0,0.0,0.0,0.0,0.0,0.0,0.0,0.0,0.0,0.0,0.0,0.0,0.0,0.0,0.0,0.0,0.0,0.0,0.0,0.0,0.0,0.0,0.0,0.0,0.0,0.0,0.0,0.0,0.0
565,RPRC0540036,6,0.045878683,0.660252951,0.157745812,0.0,0.0,0.0,0.0,0.003040154,0.0,0.0,0.0,0.0,0.0,0.0,0.0,0.0,0.0,0.0,0.0,0.0,0.0,0.0,0.0,0.0,0.132753379,0.0,0.0,0.0,0.0,0.0,0.0,0.0,0.0,0.0,0.0,0.0,0.000144769,0.0,0.0,0.0,0.0,0.0,0.0,0.0,0.0,0.0,0.0,0.0,0.0,0.0,0.0,0.0,0.0
566,RPRC0540036,7,0.062345539,0.250357348,1.34e-05,0.581562179,0.0,0.0,0.037204269,0.000267176,0.0,0.0,0.0,0.0,0.0,0.016992399,0.0,0.0,0.0,0.0,0.0,0.00301909,0.0,0.0,0.0,0.0,0.0,0.0,0.0,0.0,0.0,0.0,0.0,0.0,0.0,0.0,0.0,0.0,0.0,0.0,0.0,0.0,0.0,0.0,0.0,0.0,0.0,0.0,0.0,0.0,0.0,0.0,0.0,0.0,0.0
567,RPRC0540037,1,0.513230045,0.000129326,0.409368372,0.0,0.0,0.0,3.88e-05,0.055545497,0.0,0.0,0.0,0.0,0.0,0.0,0.0,0.0,0.0,0.0,0.0,0.0,0.0,0.0,0.0,0.0,0.0,0.0,0.006582691,0.0,0.0,0.0,0.0,0.0,0.0,0.0,0.0,0.0,0.0,0.0,0.0,0.0,0.0,0.0,0.0,0.0,0.0,0.0,0.0,0.0,0.0,0.0,0.0,0.0,0.000103461
568,RPRC0540037,2,0.407647236,0.004037279,0.363709054,0.0,0.0,0.0,0.002608502,0.008900366,0.0,0.0,0.0,0.0,0.0,0.0,0.0,0.0,0.0,0.0,0.0,0.0,0.0,0.0,0.0,0.0,0.0,0.0,0.125784844,0.0,0.0,0.0,0.0,0.0,0.0,0.0,0.0,0.0,0.001061752,0.0,0.0,0.0,0.0,0.0,0.0,0.0,0.0,0.0,0.0,0.0,0.0,0.0,0.0,0.0,0.000799591
569,RPRC0540037,3,0.66443542,0.043843332,0.20425727,0.0,0.0,0.0,3.93e-05,0.003563008,0.0,0.0,0.0,0.0,0.0,0.0,0.0,0.0,0.0,0.0,0.0,0.0,0.0,0.0,0.0,0.0,0.0,0.0,0.0,0.0,0.0,0.0,0.0,0.0,0.0,0.0,0.0,0.0,0.0,0.0,0.0,0.0,0.0,0.0,0.0,0.0,0.0,0.0,0.0,0.0,0.0,0.0,0.0,0.0,0.0
570,RPRC0540037,4,0.621836152,0.319496564,0.0258204,3.09e-05,0.0,0.0,0.001281754,0.007613312,0.0,0.0,0.0,0.0,0.0,0.0,0.0,0.0,0.0,0.0,0.0,0.007072813,0.0,0.0,0.0,0.0,0.0,0.0,0.0,0.0,0.0,0.0,0.0,0.0,0.0,0.0,0.0,0.0,0.000432399,0.0,0.0,0.0,0.0,0.0,0.0,0.0,0.0,0.0,0.0,0.0,0.0,0.0,0.0,0.0,3.09e-05
571,RPRC0540037,5,0.122219019,0.057361492,3.6e-05,1.2e-05,0.0,0.0,2.4e-05,0.000108116,0.0,0.0,0.0,0.0,0.0,0.0,0.0,0.0,0.0,0.0,0.0,0.004937293,0.0,0.0,0.0,0.0,0.0,0.0,0.0,0.0,0.0,0.0,0.0,0.0,0.0,0.0,0.0,0.0,0.798940464,0.0,0.0,0.0,0.0,0.0,0.0,0.0,0.0,0.0,0.0,0.0,0.0,0.0,0.0,0.0,0.0
572,RPRC0540037,6,0.144595256,0.0,0.676644656,0.0,0.0,0.0,0.0,0.138689166,0.0,0.0,0.0,0.0,0.0,0.0,0.0,0.0,0.0,0.0,0.0,0.0,0.0,0.0,0.0,0.0,0.0,0.0,0.007764735,0.0,0.0,0.0,0.0,0.0,0.0,0.0,0.0,0.0,0.0,0.0,0.0,0.0,0.0,0.0,0.0,0.0,0.0,0.0,0.0,0.0,0.0,0.0,0.0,0.0,0.0
573,RPRC0540037,7,0.426015751,0.157095916,0.248383143,0.0,0.0,0.0,1.3e-05,0.162115996,0.0,0.0,0.0,0.0,0.0,0.0,0.0,0.0,0.0,0.0,0.0,0.002659991,0.0,0.0,0.0,0.0,0.0,0.0,0.0,0.0,0.0,0.0,0.0,0.0,0.0,0.0,0.0,0.0,0.001551661,0.0,0.0,0.0,0.0,0.0,0.0,0.0,0.0,0.0,0.0,0.0,0.0,0.0,0.0,0.0,0.0
