SampleID,k__Bacteria|Other|Other,k__Bacteria|p__Acidobacteria|c__Acidobacteria-6,k__Bacteria|p__Acidobacteria|c__Acidobacteriia,k__Bacteria|p__Acidobacteria|c__Solibacteres,k__Bacteria|p__Acidobacteria|c__Sva0725,k__Bacteria|p__Acidobacteria|c__[Chloracidobacteria],k__Bacteria|p__Actinobacteria|c__Acidimicrobiia,k__Bacteria|p__Actinobacteria|c__Actinobacteria,k__Bacteria|p__Actinobacteria|c__Coriobacteriia,k__Bacteria|p__Actinobacteria|c__MB-A2-108,k__Bacteria|p__Actinobacteria|c__Nitriliruptoria,k__Bacteria|p__Actinobacteria|c__OPB41,k__Bacteria|p__Actinobacteria|c__Thermoleophilia,k__Bacteria|p__Armatimonadetes|c__,k__Bacteria|p__Bacteroidetes|Other,k__Bacteria|p__Bacteroidetes|c__,k__Bacteria|p__Bacteroidetes|c__Bacteroidia,k__Bacteria|p__Bacteroidetes|c__Cytophagia,k__Bacteria|p__Bacteroidetes|c__Flavobacteriia,k__Bacteria|p__Bacteroidetes|c__Sphingobacteriia,k__Bacteria|p__Bacteroidetes|c__VC2_1_Bac22,k__Bacteria|p__Bacteroidetes|c__[Rhodothermi],k__Bacteria|p__Bacteroidetes|c__[Saprospirae],k__Bacteria|p__Chlorobi|c__OPB56,k__Bacteria|p__Chloroflexi|c__Anaerolineae,k__Bacteria|p__Chloroflexi|c__C0119,k__Bacteria|p__Chloroflexi|c__Ktedonobacteria,k__Bacteria|p__Chloroflexi|c__S085,k__Bacteria|p__Chloroflexi|c__TK10,k__Bacteria|p__Chloroflexi|c__Thermomicrobia,k__Bacteria|p__Cyanobacteria|Other,k__Bacteria|p__Cyanobacteria|c__,k__Bacteria|p__Cyanobacteria|c__4C0d-2,k__Bacteria|p__Cyanobacteria|c__Chloroplast,k__Bacteria|p__Cyanobacteria|c__ML635J-21,k__Bacteria|p__Cyanobacteria|c__Nostocophycideae,k__Bacteria|p__Cyanobacteria|c__Oscillatoriophycideae,k__Bacteria|p__Cyanobacteria|c__Synechococcophycideae,k__Bacteria|p__Elusimicrobia|c__Elusimicrobia,k__Bacteria|p__FBP|c__,k__Bacteria|p__Firmicutes|Other,k__Bacteria|p__Firmicutes|c__Bacilli,k__Bacteria|p__Firmicutes|c__Clostridia,k__Bacteria|p__Firmicutes|c__Erysipelotrichi,k__Bacteria|p__Fusobacteria|c__Fusobacteriia,k__Bacteria|p__Gemmatimonadetes|c__Gemm-1,k__Bacteria|p__Gemmatimonadetes|c__Gemm-3,k__Bacteria|p__Gemmatimonadetes|c__Gemm-5,k__Bacteria|p__Gemmatimonadetes|c__Gemmatimonadetes,k__Bacteria|p__Nitrospirae|c__Nitrospira,k__Bacteria|p__Planctomycetes|c__Phycisphaerae,k__Bacteria|p__Planctomycetes|c__Planctomycetia,k__Bacteria|p__Proteobacteria|Other,k__Bacteria|p__Proteobacteria|c__Alphaproteobacteria,k__Bacteria|p__Proteobacteria|c__Betaproteobacteria,k__Bacteria|p__Proteobacteria|c__Deltaproteobacteria,k__Bacteria|p__Proteobacteria|c__Epsilonproteobacteria,k__Bacteria|p__Proteobacteria|c__Gammaproteobacteria,k__Bacteria|p__Proteobacteria|c__TA18,k__Bacteria|p__SR1|c__,k__Bacteria|p__Spirochaetes|c__Spirochaetes,k__Bacteria|p__Synergistetes|c__Synergistia,k__Bacteria|p__TM7|c__,k__Bacteria|p__TM7|c__TM7-1,k__Bacteria|p__TM7|c__TM7-3,k__Bacteria|p__Tenericutes|c__Mollicutes,k__Bacteria|p__Verrucomicrobia|c__Opitutae,k__Bacteria|p__Verrucomicrobia|c__Verrucomicrobiae,k__Bacteria|p__WPS-2|c__,k__Bacteria|p__WS3|c__PRR-12,k__Bacteria|p__[Thermi]|c__Deinococci
H160S6Y9.04,0,0,0,0,0.00010305,0,0.000180338,0.584243611,0,0.000437964,0,0,0.000437964,0,0,0,0.001365416,0.000515251,0.001468467,0,0,0,0,0,0,0,0.000231863,0,0,0,0,0,0,0.000283388,0,0,0,0,0,0.000437964,0,0.206100577,0.003993199,2.58E-05,0,0,0,0,0,0,0,0,0,0.00350371,0.195177246,0.001107791,0,0.000283388,0,0,0,0,0,0,0,0,0,0,0,0,0.00010305
J160S903.04,0,0,0,0,0,0,0,0.000804998,0.001382497,0,0,0,0,0,0,0,0.017307457,0,0.000279999,0,0,0,0,0,0,0,0,0,0,0,0,0,0,0,0,0,0,0,0,0,0,0.680520799,0.072519819,0,0,0,0,0,0,0,0,0,0,0.000175,0.050592374,0,0.000332499,0.17608456,0,0,0,0,0,0,0,0,0,0,0,0,0
K160R985.04,0,0,0,0,0,0,0,0.621533978,0,0,0,0,0,0,0,0,7.88E-05,0,0,0,0,0,0,0,0,0,0,0,0,0,0,0,0,0,0,0,0,0,0,0,2.63E-05,0.377848965,0.000157546,0,0,0,0,0,0,0,0,0,0,0,0,0,0,0.000328222,0,0,0,0,0,0,0,0,0,0,0,0,2.63E-05
J160S010.04,0,0.00210371,0,0,0,0,0.002786733,0.657696301,0,0,0.00028687,0,0.001297743,0,0,0,0.003251188,0,0.006625321,0.000628381,0,0,0,0,0,0,0,0,0,0.000327851,0,0,0,0,0,0,0,0,0,0,0,0.262349052,0.007281023,0,0,0,0,0,0,0,0,0,0,0.002868696,0.051049123,0.000833288,0,0,0,0,0,0,0.000614721,0,0,0,0,0,0,0,0
G160TPYP.04,0,0,0,0,0,4.67E-05,0,0.415850941,0,0,0,0,0,0,0,0,0.001633396,0,5.83E-05,0,0,0,0,0,0,0,0,0,0,0,0,0,0,0,0,0,0,0,0,0,0,0.547735997,0.002205085,0,5.83E-05,0,0,0,0,0,0,0,0,8.17E-05,0.000338346,0,0,0.031991226,0,0,0,0,0,0,0,0,0,0,0,0,0
F160S601.04,0,0.004059062,0,0,0,0,0.011588917,0.291428908,0,0,0,0,0,0,0,0,0.016589211,0,0.00176481,0.005529737,0,0,0,0,0,0,0,0,0,0,0,0,0,0.0037061,0,0,0,0,0,0,0,0.415347962,0.022354256,0,0.02979587,0,0,0,0,0,0,0,0,0.046296841,0.10982999,0,0,0.038090476,0,0,0,0,0,0,0.00361786,0,0,0,0,0,0
E160VM8V.04,0,0,0,0,0,0,0,0.199208369,0,0,0,0,0,0,0,0,0.011916879,0,0.00132881,0,0,0,0,0,0,0,0,0,0,0,0,0,0,0.007873904,0,0,0,0,0,0,0,0.474229573,0.020610687,0,0.002374894,0,0,0,0,0,0,0,0,0.006318914,0.069691829,0,0.001611535,0.203208934,0,0,0,0,0,0,0.001625671,0,0,0,0,0,0
C160SBJS.04,0,0,0,0,0,0,0.000343767,0.171831761,0,0,0,0,0.001839152,0,0,0,0.007030028,0.000395332,0.00051565,0,0,0,0,0,0,0,0,0,0,0,0,0,0,0,0,0,0,0,0,0,0,0.101772117,0.00577528,0,0.002836075,0,0,0,0,0,0,0,0,0.005036181,0.052802558,0.000962547,0,0.647484488,0,0,0,0,0,0,0,0,0,0,0,0.000154695,0.001220372
H160S2KY.04,0,0,0,0,0,0,0,0.300084146,0.000136454,0,0,0,0,0,0,0,0.007823338,0,0.001398649,0,0,0,0,0,0,0,0,0,0,0,0,0,0,0,0,0,0,0,0,0,0,0.442553046,0.01156444,0,0.001921721,0,0,0,0,0,0,0,0,1.14E-05,0.156000546,0,0,0.078403948,0,0,0,0,0,0,9.10E-05,0,0,0,0,0,1.14E-05
A160RYFF.04,0,0,0,0,0,0,0,0.745209302,0,0,0,0,0,0,0,0,0.002790698,0,0.000576744,0,0,0,0,0,0,0,0,0,0,0,0,0,0,0,0,0,0,0,0,0,0,0.232893023,0.009209302,0.000427907,0.00027907,0,0,0,0,0,0,0,0,0.000483721,0.006213953,0,0,0.001451163,0,0,0,0,0,0,0,0,0,0,0,0,0.000465116
A160TQMV.04,0,0,0,0,0,0,0,0.00209351,0,0,0,0,0,0,0,0,1.55E-05,0,0,0,0,0,0,0,0,0,0,0,0,0,0,0,0,0,0,0,0,0,0,0,0,0.551166938,0.009630147,0,0.000418702,0,0,0,0,0,0,0,0,0,0.003008452,0,0,0.433356595,0,0,0,0,0,0,0,0,0,0,0,0,0.00031015
F160S11D.04,0,0,0,0,0,0,0,0.50248946,0,0,0,0,0,0,0,0,0.007611453,0,0.000114458,0,0,0,0,0,0,0,0,0,0,0,0,0,0,0,0,0,0,0,0,0,0,0.413460254,0.018732951,0,0.00186948,0,0,0,0,0,0,0,0,0.000228916,0.000553213,0,0,0.054882585,0,0,0,0,0,0,5.72E-05,0,0,0,0,0,0
K160X7TC.04,0,0,0,0,0,0,0,0.1279054,0,0,0,0,0,0,0,0,0.031678013,0,0.001057742,0,0,0,0,0,0,0,0,0,0,0,0,0,0,0,0,0,0,0,0,0,0,0.16758428,0.016896748,0,0.002413821,0,0,0,0,0,0,0,0,0.000135608,0.029020097,0,0,0.614981964,0,0.005885384,0,0,0,0,0.001410322,0,0,0,0,0,0.00103062
K160X7V8.04,0,0,0,0,0,0,0,0.328998301,0,0,0,0,0,0,0,0,0.0213317,0,0,0,0,0,0,0,0,0,0,0,0,0,0,0,0,0,0,0,0,0,0,0,0,0.22117018,0.012503829,0,0.002339246,0,0,0,0,0,0,0,0,0,0.034782367,0,0,0.378874377,0,0,0,0,0,0,0,0,0,0,0,0,0
D160S7QH.04,0,0,0,0,0,0,0,0.043942377,0,0,0,0,0,0,0,0,0.003627319,0,0,0,0,0,0,0,0,0,0,0,0,0,0,0,0,0,0,0,0,0,0,0,0,0.324385947,0.031143124,0,0,0,0,0,0,0,0,0,0,0.006477355,0.068659965,0,0,0.521660276,0,0,0,0,0,0,0,0,0,0,0,0,0.000103638
E160WN13.04,0,0,0,0,0,0,0,0.065138473,0,0,0,0,0,0,0,0,0.010193244,0,0.005754506,0,0,0,0.000380463,0,0,0,0,0,0,0,0,0,0,0,0,0,0,0,0,0,0,0.696533029,0.022859498,0,0,0,0,0,0,0,0,0,0,0.000269495,0.177470237,0,0,0.021401056,0,0,0,0,0,0,0,0,0,0,0,0,0
C160S3Q0.04,0,0,0,0,0,0,0,0.017512312,0,0,0,0,0,0,0,0,0,0.000631804,0.000405003,0,0,0,0,0,0,0,0,0,0,0,0,0,0,0,0,0,0,0,0,0,0,0.05464295,0.000421203,0,0,0,0,0,0,0,0,0,0,0,0.914544453,0,0,0.011842276,0,0,0,0,0,0,0,0,0,0,0,0,0
B160RSF5.04,0,0,0,0,0,0,0,0.259859522,0,0,0,0,0,0,0,0,0.006065532,0,2.43E-05,0,0,0,0,0,0,0,0,0,0,0,0,0,0,0,0,0,0,0,0,0,0,0.718680625,0.001322286,1.21E-05,0.004500625,0,0,0,0,0,0,0,0,0,0.007315032,0,1.21E-05,0.002062281,0,0,0,0,0,0,0,0.000145573,0,0,0,0,0
A160TQ8N.04,0,0,0,0,0,0,0,0.861371816,0,0,0,0,0,0,0,0,0.002893233,0,0.0004234,0,0,0,0,0,0,0,0,0,0,0,0,0,0,0,0,0,0,0,0,0,0,0.111707007,0.01326653,0,0,0,0,0,0,0,0,0,0,0,0.001870016,0,0,0.007056665,0,0,0,0,0,0,0,0,0,0,0,0,0.001411333
J160QKF8.04,0,0,0,0,0,0,0,0.024063472,0,0,0,0,0,0,0,0,0.000540955,0,3.61E-05,0,0,0,0,0,0,0,0,0,0,0,0,0,0,0,0,0,0,0,0,0,0,0.97092368,0.00059505,1.80E-05,0,0,0,0,0,0,0,0,0,3.61E-05,9.92E-05,0,0,0.003669477,0,0,0,0,0,0,0,1.80E-05,0,0,0,0,0
F160SBC7.04,0,0,0,0,0,5.77E-05,0.000216385,0.053850925,0,0,0,0,0,0,0,0,0.003793944,0.000274087,0.001500267,0,0,0,0.000201959,0,0,0,0,0,0,0,0,0,0,0.009030453,0,0,0,0,0,0,0,0.582839255,0.006563668,0,0.000346215,0,0,0,0,0,0,0,0,0.001399287,0.302217221,0,0,0.037708631,0,0,0,0,0,0,0,0,0,0,0,0,0
K160R6P6.04,0,0,0,0,0,0,0,0.607887746,0.000152518,0,0,0,0,0,0,0,0.012989489,0,0.000355876,0,0,0,0,0,0,0,0,0,0,0,0,0,0,0,0,0,0,0,0,0,0,0.318255189,0.00397819,0,0,0,0,0,0,0,0,0,0,0.000432136,0.053025585,0,0,0.002567394,0,0,0,0,0,0,0,0,0,0,0,0,0.000355876
H160VK34.04,0,0,0,0,0,0,0,0.034119856,0,0,0,0,0,0,0,0,0.009259776,0,0,0,0,0,0,0,0,0,0,0,0,0,0,0,0,3.72E-05,0,0,0,0,0,0,0,0.670813112,0.009036649,0,0,0,0,0,0,0,0,0,0,0,0.276491698,0,0,0.000241721,0,0,0,0,0,0,0,0,0,0,0,0,0
D160TQ47.04,0,0,0,0,0,0,0,0.612849741,0,0,0,0,0,0,0,0,0.001139896,0,0,0,0,0,0,0,0,0,0,0,0,0,0,0,0,0,0,0,0,0,0,0,0,0.213126079,0.008842832,0.002072539,0.00224525,0,0,0,0,0,0,0,0,6.91E-05,0.146252159,0,0,0.013402418,0,0,0,0,0,0,0,0,0,0,0,0,0
H160TQRS.04,0,0,0,0,0,0,0,0.017285004,0,0,0,0,0,0,0,0,0.006523794,0,0,0,0,0,0,0,0,0,0,0,0,0,0,0,0,0,0,0,0,0,0,0,0,0.162911929,0.038914124,0,0,0,0,0,0,0,0,0,0,0.000716398,0.773648752,0,0,0,0,0,0,0,0,0,0,0,0,0,0,0,0
G160RFSQ.04,0,0,0,0,0,0,0,0.041729931,0,0,0,0,0,0,0,0,0,0,0,0,0,0,0,0,0,0,0,0,0,0,0,0,0,0,0,0,0,0,0,0,0,0.160209629,0,0,0,0,0,0,0,0,0,0,0,0,0.000538767,0,0,0.797472694,0,0,0,0,0,0,0,0,0,0,0,0,4.90E-05
B160TQVM.04,0,0,0,0,0,0,0,0.625434329,0,0,0,0,0,0,0,0,0.000185314,0,0.000138985,0,0,0,0,0,0,0,0,0,0,0,0,0,0,0,0,0,0,0,0,0,0,0.360945101,0.010022392,0,0,0,0,0,0,0,0,0,0,0.000942012,0.00131264,0,0,0.00060227,0,0,0,0,0,0.000416956,0,0,0,0,0,0,0
H160TJZ3.04,0,0,0,0,0,0,0,0.425150534,0,0,0,0,0,0,0,0,0.005921981,0,0.002225711,0.005822619,0,0,0,0,0,0,0,0,0,0,0,0,0,0,0,0,0,0,0,0,0,0.215297788,0.017626836,0,0,0,0,0,0,0,0,0,0,0.003298822,0.157826752,0,0.002523797,0.163768606,0,0,0,0,0,0,0,0,0,0,0,0,0.000536555
G160TQSP.04,0,0,0,0,0,0,0,0.282998639,0,0,0,0,0,0,0,0,8.51E-05,0,0.000425459,0,0,0,0,0,0,0,0,0,0,0,0,0,0,0,0,0,0,0,0,0,0,0.361436351,0.015571818,0.000901974,0,0,0,0,0,0,0,0,0,0.011368278,0.016439755,0,0,0.310330157,0,0,0,0,0,0,0.000442478,0,0,0,0,0,0
F160T6WJ.04,0,0,0,0,0,0,0,0.186164384,0,0,0,0,0,0,0,0,0.003125778,0,0,0,0,0,0,0,0,0,0,0,0,0,0,0,0,0,0,0,0,0,0,0,0,0.749215442,0.005429639,0.000523039,0.000435866,0,0,0,0,0,0,0,0,0.000585305,0.054022416,0,0.000336239,0.000161893,0,0,0,0,0,0,0,0,0,0,0,0,0
H160SDPL.04,0,0,0,0,0,0,0,0.333678599,0,0,0,0,0,0,0,0,0.004474644,0,0.000566236,0,0,0.000193349,0,0,0,0,0,0,0,0,0,0,0,0.000994365,0,0,0,0,0,0,0,0.651764998,0.003148823,0,0.001947299,0,0,0,0,0,0,0,0,0.001132472,0.001201525,0,0.000787206,0,0,0,0,0,0,0,0.000110485,0,0,0,0,0,0
F160TL89.04,4.82E-05,0,0,0,0,0,0,0.031676278,0,0,0,0,0,0,0,0,0.035203891,0,6.02E-05,0,0,0,0,0,0,0,0,0,0,0,0,0,0,0,0,0,0,0,0,0,0,0.921814614,0.002829314,0,0.00066218,0,0,0,0,0,0,0,0,0,0.001191924,0,0,0.006465284,0,0,0,0,0,0,2.41E-05,0,0,0,0,0,2.41E-05
C160VLVQ.04,0,0,0,0,0,0,0,0.227539085,8.20E-05,0.000117198,0,0,0,0,0,0,2.34E-05,0,3.52E-05,0,0,0,0,0,0,0,0,0,0,0,0,0,0,0,0,0,0,0,0,0,1.17E-05,0.622459743,0.000890702,0,0,0,0,0,0,0,0,0,0,0.00096102,0.000128917,0,0,0.147657221,0,0,0,0,0,0,9.38E-05,0,0,0,0,0,0
E160TGY4.04,0,0,0,0,0,0,0,0.073133609,0,0,0,0,0,0,0,0,0.007664849,0,0.000854083,0,0,0,0,0,0,0,0,0,0,0,0,0,0,0,0,0,0,0,0,0,0,0.87510676,0.012986444,0,7.66E-05,0,0,0,0,0,0,0,0,0.000295644,0.001916212,0,0.000777435,0.027188314,0,0,0,0,0,0,0,0,0,0,0,0,0
H160WX62.04,0,0,0,0,0,0,0,0.074501792,0,0,0,0,0,0,0,0,0.000244669,0,0,0,0,0,0,0,0,0,0,0,0,0,0,0,0,0,0,0,0,0,0,0,0,0.923198317,8.56E-05,0,2.45E-05,0,0,0,0,0,0,0,0,0.000122335,0.000183502,0,0,0.001639284,0,0,0,0,0,0,0,0,0,0,0,0,0
G160RMKG.04,0,0,0,0,0,0,0,0.002618496,0,0,0,0,0,0,0,0,0,0,0,0,0,0,0,0,0,0,0,0,0,0,0,0,0,0,0,0,0,0,0,0,0,0.982182839,1.90E-05,0,0,0,0,0,0,0,0,0,0,0.000227695,0.007779591,0,0,0.007115479,0,0,0,0,0,0,0,5.69E-05,0,0,0,0,0
F160RSV1.04,0,0,0,0,0,0,0,0.000265957,6.65E-05,0,0,0,0,0,0,0,0,0,0,0,0,0,0,0,0,0,0,0,0,0,0,0,0,0,0,0,0,0,0,0,0,0.981948138,9.97E-05,0,0,0,0,0,0,0,0,0,0,0,0.003523936,0,0,0.014095745,0,0,0,0,0,0,0,0,0,0,0,0,0
H160RPWL.04,0,0,0,0,0,0,0,0.022788546,0,0,0,0,0,0,0,0,0.019383035,0,0,0,0,0,0,0,0,0,0,0,0,0,0,0,0,0,0,0,0,0,0,0,0,0.802139796,0.041547237,0,0,0,0,0.001447342,0,0,0,0,0,0.00536368,0.025853506,0,0,0.074580696,0,0,0,0,0,0,0,0,0,0,0,0,0.00689616
E160RJ2L.04,0,0,0,0,0,0,0,0.001667321,0,0,0,0,0,0,0,0,4.20E-05,0,0,0,0,0,0,0,0,0,0,0,0,0,0,0,0,0,0,0,0,0,0,0,0,0.988861178,0,0,0,0,0,0,0,0,0,0,0,0.000266211,0.00255002,0,0,0.006613238,0,0,0,0,0,0,0,0,0,0,0,0,0
G160R5WQ.04,0,0,0,0,0,0.000846167,0,0.047893045,0,0,0,0,0,0,0,0,0.02038322,0,0,0,0,0,0,0,0,0,0,0,0,0,0,0,0,0,0,0,0,0,0,0,0,0.849739569,0.06374457,0,0,0,0,0,0,0,0,0,0,0.001974389,0.011846336,0,0,0.00167353,0,0,0,0,0,0,0,0,0,0,0,0,0.001899175
E160SFZH.04,0.001137113,0.000181938,0,0,0,0,0,0.084714926,0,0,0,0,0.01548748,0,0,0,0.030997703,0.001250824,0.000227423,0,0,0,0,0,0.00855109,0,0,0,0,0,0,0,0,0.003502308,0,0,0,0,0,0,0,0.677128107,0.058629551,0.001091629,0.024379705,0,0,0,0,0,0,0,0,0.030338177,0.03388597,0,0.007527689,0.015441996,0,0,0,0,0,0,0.001728412,0,0,0,0,0,0.003797958
D160R2C4.04,0,0,0,0,0,0,0,0.01315091,0,0,0,0,0,0,0,0,0.006506961,0,0.007431634,0,0,0,0,0,0,0,0,0,0,0,0,0,0,0,0,0,0,0,0,0,0,0.95595815,0.005445299,0,0.001027415,0,0,0,0,0,0,0,0,0,0.00989743,0,0.000582202,0,0,0,0,0,0,0,0,0,0,0,0,0,0
C160S4K7.04,0,0,0,0,0,0,0,0.597303543,0,0,0,0,0,0,0,0,0,0,0,0,0,0,0,0,0,0,0,0,0,0,0,0,0,0,0,0,0,0,0,0,0,0.400646316,0,0,0,0,0,0,0,0,0,0,0,0,0.000694963,0,0,0.001355178,0,0,0,0,0,0,0,0,0,0,0,0,0
C160SKPS.04,0,0,0,0,0,0,0,0.152457814,0,0,0,0,0,0,0,0,0,0,0,0,0,0,0,0,0,0,0,0,0,0,0,0,0,0,0,0,0,0,0,0,0,0.847175348,0,0,0,0,0,0,0,0,0,0,0,0.000281242,8.56E-05,0,0,0,0,0,0,0,0,0,0,0,0,0,0,0,0
E160S6VD.04,0,0,0,0,0,0,0,0.000205695,0,0,0,0,0,0,0,0,0,0,0,0,0,0,0,0,0,0,0,0,0,0,0,0,0,0,0,0,0,0,0,0,0,0.940271261,0.007983544,0,0,0,0,0,0,0,0,0,0,0.000591374,0.047374172,0,0,0.003573954,0,0,0,0,0,0,0,0,0,0,0,0,0
H160QPLX.04,0,0,0,0,0,0,0,0.002408548,0,0,0,0,0,0,0,0,0,0,0,0,0,0,0,0,0,0,0,0,0,0,0,0,0,0.000824402,0,0,0,0,0,0,0,0.996621567,6.47E-05,0,0,0,0,0,0,0,0,0,0,0,0,0,0,0,0,0,0,0,0,0,1.62E-05,0,0,0,0,0,6.47E-05
A160S33D.04,0,0,0,0,0,0,0,0.222352665,0,0,0,0,0,0,0,0,0,0,0,0,0,0,0,0,0,0,0,0,0,0,0,0,0,0,0,0,0,0,0,0,0,0.767374971,0.00454919,0,0,0,0,0,0,0,0,0,0,0.003492604,0,0,0,2.93E-05,0,0,0,0,0,0,0,0,0,0,0,0,0.002201221
F160RCLH.04,0,0,0,0,0,0,0,0.001601562,0,0,0,0,0,0,0,0,0,0,0,0,0,0,0,0,0,0,0,0,0,0,0,0,0,0,0,0,0,0,0,0,0,0.978766798,0,0,0,0,0,0,0,0,0,0,0,0,1.25E-05,0,0,0.019619129,0,0,0,0,0,0,0,0,0,0,0,0,0
J160S4C8.04,0,0,0,0,0,0,0,0.562184441,0,0,0,0,0,0,0,0,0,0,0,0,0,0,0,0,0,0,0,0,0,0,0,0,0,0,0,0,0,0,0,0,0,0.437815559,0,0,0,0,0,0,0,0,0,0,0,0,0,0,0,0,0,0,0,0,0,0,0,0,0,0,0,0,0
H160RZQ6.04,0,0,0,0,0,0,0,0.215326304,0,0,0,0,0,0,0,0,5.39E-05,0,0,0,0,0,0,0,0,0,0,0,0,0,0,0,0,0,0,0,0,0,0,0,0,0.783793494,0,0,0,0,0,0,0,0,0,0,0,0.00016167,0,0,0,0.00059279,0,0,0,0,0,0,0,0,0,0,0,0,7.19E-05
D160QPTC.04,0,0,0,0,0,0,0,0.002983826,0,0,0,0,0,0,0,0,0.001519799,0,0.000376464,0,0,0,0,0,0,0,0,0,0,0,0,0,0,0.001394311,0,0,0,0,0,0,0,0.983045176,0.00989961,0,0,0,0,0,0,0,0,0,0,0.000738985,4.18E-05,0,0,0,0,0,0,0,0,0,0,0,0,0,0,0,0
D160T6B7.04,0,0,0,0,0,0,0,0.428036823,0,0,0,0,0,0,0,0,0,0,0,0,0,0,0,0,0,0,0,0,0,0,0,0,0,0,0,0,0,0,0,0,0,0.570281124,0,0,0,0,0,0,0,0,0,0,0,0.001447348,0.000234705,0,0,0,0,0,0,0,0,0,0,0,0,0,0,0,0
G160T69B.04,0,0,0,0,0,0,0,0.005092351,0,0,0,0,0,0,0,0,0,0,0,0,0,0,0,0,0,0,0,0,0,0,0,0,0,0,0,0,0,0,0,0,0,0.978084402,0.000521,0,0,0,0,0,0,0,0,0,0,0.001546193,0.000285709,0,0,0.014470345,0,0,0,0,0,0,0,0,0,0,0,0,0
G160SCZ8.04,0,0,0,0,0,0,0,0.411089668,0,0,0,0,0,0,0,0,0,0,0,0,0,0,0,0,0,0,0,0,0,0,0,0,0,0,0,0,0,0,0,0,0,0.588893101,0,0,0,0,0,0,0,0,0,0,0,0,1.72E-05,0,0,0,0,0,0,0,0,0,0,0,0,0,0,0,0
F160RXX9.04,0,0,0,0,0,0,0,0.000129374,0,0,0,0,0,0,0,0,0,0,0,0,0,0,0,0,0,0,0,0,0,0,0,0,0,0,0,0,0,0,0,0,0,0.999660392,0,0,0,0,0,0,0,0,0,0,0,0,0.000145546,0,0,6.47E-05,0,0,0,0,0,0,0,0,0,0,0,0,0
G160QMK5.04,0,0,0,0,0,0,0,0.021710564,0,0,0,0,0,0,0,0,0,0,0.020567903,0,0,0,0,0,0,0,0,0,0,0,0,0,0,0,0,0,0,0,0,0,0.003427984,0.935782437,2.86E-05,0,0,0,0,0,0,0,0,0,0,0.009398389,0.004827744,0,0,2.86E-05,0,0,0,0,0,0,0,0,0,0,0,0,0.004227847
G160R7S4.04,0,0,0,0,0,0,0,0.082740127,0,0,0,0,0,0,0,0,0,0,0,0,0,0,0,0,0,0,0,0,0,0,0,0,0,0,0,0,0,0,0,0,0,0.916748448,6.91E-05,0,0,0,0,0,0,0,0,0,0,0,4.15E-05,0,0,0.000359379,0,0,0,0,0,0,0,0,0,0,0,0,4.15E-05
D160R7MM.04,0,0,0,0,0,0,0,0.005086187,0.000294377,0,0,0,0,0,0,0,0.031678278,0,0.000212606,0,0,0,0,0,0,0,0,0,0,0,0,0,0,0,0,0,0,0,0,0,0,0.873777516,0.084944232,0,0,0,0,0,0,0,0,0,0,0,9.81E-05,0,3.27E-05,0.00384326,0,0,0,0,0,0,0,0,0,0,0,0,3.27E-05
A160S1NQ.04,0,0,0,0,0,0,0,0.509097161,0,0,0,0,0.000313953,0,0,0,0,0,0,0,0,0,0,0,0,0,0,0,0,0,0,0,0,0,0,0,0,0,0,0,0,0.48891447,1.50E-05,0,0,0,0,0,0,0,0,0,0,0.000926909,0.000299003,0,0,0.000433554,0,0,0,0,0,0,0,0,0,0,0,0,0
H160SR90.04,0,0,0,0,0,0,0,0.591638258,0,0,0,0,0,0,0,0,0,0,0,0,0,0,0,0,0,0,0,0,0,0,0,0,0,0,0,0,0,0,0,0,0,0.259249421,0.000221366,0,0,0,0,0,0,0,0,0,0,0.002567849,0.003335252,0,0,0.142648426,0,0,0,0,0,0,0,0,0,0,0,0,0.000339428
C160RQ3K.04,0,0,0,0,0,0,0,0.305804927,0,0,0,0,0,0,0,0,0,0,0,0,0,0,0,0,0,0,0,0,0,0,0,0,0,0,0,0,0,0,0,0,0,0.693850421,0.000131296,0,0,0,0,0,0,0,0,0,0,0,1.64E-05,0,0,0.000196944,0,0,0,0,0,0,0,0,0,0,0,0,0
G160QX0X.04,0,0,0,0,0,0,0,4.19E-05,0,0,0,0,0,0,0,0,1.05E-05,0,0,0,0,0,0,0,0,0,0,0,0,0,0,0,0,0,0,0,0,0,0,0,0,0.988534418,0,0,0,0,0,0,0,0,0,0,0,1.05E-05,1.05E-05,0,0,0.011392219,0,0,0,0,0,0,0,0,0,0,0,0,0
F160S7J3.04,0,0,0,0,0,0,0,0.452525811,0,0,0,0,0,0,0,0,0.000608407,0,0.000110619,0,0,0,0,0,0,0,0,0,0,0,0,0,0,0.000165929,0,0,0,0,0,0,0,0.545188053,0.000663717,0,9.22E-05,0,0,0,0,0,0,0,0,0.000129056,0.000516224,0,0,0,0,0,0,0,0,0,0,0,0,0,0,0,0
J160S0PT.04,0,0,0,0,0,0,0,0.736035114,0,0,0,0,0,0,0,0,5.93E-05,0,0.000163115,0,0,0,0,0,0,0,0,0,0,0,0,0,0,0,0,0,0,0,0,0,0,0.263520026,0.000148287,0,1.48E-05,0,0,0,0,0,0,0,0,2.97E-05,0,0,0,2.97E-05,0,0,0,0,0,0,0,0,0,0,0,0,0
J160S30P.04,0,0,0,0,0,0,0,0.22614633,0,0,0,0,0,0,0,0,0,0,0,0,0,0,0,0,0,0,0,0,0,0,0,0,0,0,0,0,0,0,0,0,0,0.771636549,0.000588616,0,1.96E-05,0,0,0,0,0,0,0,0,0,0.000412031,0,0,0.001196853,0,0,0,0,0,0,0,0,0,0,0,0,0
K160RT0S.04,0,0,0,0,0,0,1.46E-05,0.026433385,0.001965037,0,0,0,0,0,0,0,0.026855504,0,0.00017467,0,0,0,0,0,0,0,0,0.000160114,0,0,0,0,0,0,0,0,0,0,0,0,0,0.898691431,0.039038733,0,0,0,0,0,0,0,0,0,0,0.000596789,0.004585086,0,0,0,0,0,0,0,0,0,0.001484695,0,0,0,0,0,0
B160S7MS.04,0,0,0,0,0,0,0,0.000721141,0,0,0,0,0,0,0,0,0,0,0,0,0,0,0,0,0,0,0,0,0,0,0,0,0,0,0,0,0,0,0,0,0,0.999278859,0,0,0,0,0,0,0,0,0,0,0,0,0,0,0,0,0,0,0,0,0,0,0,0,0,0,0,0,0
C160SFGR.04,0,0,0,0,0,0,0,0.722549996,1.53E-05,0,0,0,0,0,0,0,0.000689602,0,1.53E-05,0,0,0,0,0,0,0,0,0,0,0,0,0,0,0,0,0,0,0,0,0,0,0.273097847,0.001854264,0,0.001149337,0,0,0,0,0,6.13E-05,0,0,6.13E-05,0.000475059,0,0,3.06E-05,0,0,0,0,0,0,0,0,0,0,0,0,0
A160RX4W.04,0,0,0,0,0,0,0,0.021767065,0,0,0,0,0,0,0,0,0.003498831,0,0.002972458,0,0,0,0,0,0,0,0,0,0,0,0,0,0,0.000247705,0,0,0,0,0,0,0,0.940690168,0.009304414,0,0.001161117,0,0,0,0,0,0,0,0,0.004551577,0.013298655,0,0,0.002182899,0,0,0,0,0,0,0,0,0,0,0,0,0.000325113
E160R0Z3.04,0,0,0,0,0,0,0,0.02809722,0,0,0,0,0,0,0,0,0.001851983,0,0.012752222,0,0,0,0.001851983,0,0,0,0,0,0,0,0,0,0,0,0,0,0,0,0,0,0,0.924738959,0.009136447,0,0.001393396,0,0,0,0,0,0,0,0,0,0.016932411,0,0,0,0,0,0,0,0,0,0.003245379,0,0,0,0,0,0
E160X7Y1.04,0,0,0,0,0,0,0,0.798240234,0,0,0,0,0,0,0,0,0.005682316,0,0,0,0,0,0,0,0,0,0,0,0,0,0,0,0,0,0,0,0,0,0,0,0,0.186727912,0.006721153,0,0,0,0,0,0,0,0,0,0,0.000801031,0.00061329,0,0,0.001214063,0,0,0,0,0,0,0,0,0,0,0,0,0
C160S1VK.04,0,0,0,0,0,0,0,0.001777708,0,0,0,0,5.93E-05,0,0,0,0.007673771,0,0,0,0,0,0,0,0,0,0,0,0,0,0,0,0,0,0,0,0,0,0,0,0,0.982469828,0.005659036,0,0.001590061,0,0,0,0,0,0,0,0,0.000296285,0.000138266,0,0,0,0,0,0,0,0,0,0,0,0,0,0,0,0.000335789
C160S80Q.04,0,0,0,0,0,0,4.67E-05,0.000981194,0,0,0,0,0,0,0,0,0.002406261,0,0.000105128,1.17E-05,0,0,0,0,0,0,0,0,0,0,0,0,0,0,0,0,0,0,0,0,0,0.992664408,0.00133162,0,0.000677491,0,0,0,0,0,0,0,0,0.000163532,0.001611961,0,0,0,0,0,0,0,0,0,0,0,0,0,0,0,0
F160QH00.04,0,0,0,0,0,0,0,0.627746141,0,0,0,0,0,0,0,0,0.003443253,0,0.014258597,0,0,0,0,0,0,0,0,0,0,0,0,0,0,0,0,0,0,0,0,0,0,0.337453465,0.015656499,0,0,0,0,0,0,0,0,0,0,0.000456157,0,0,0,0.000573875,0,0,0,0,0,0,0.000412013,0,0,0,0,0,0
D160SRT1.04,0,0.00071017,0,0,0,0,0,0.087411736,0.000547845,0,0,0,0,0,0,0,0.010206152,0,0,0,0,0,0,0,0,0,0,0,0,0,0,0,0,0,0,0,0,0,0,0,0,0.812474637,0.055778752,0,0,0,0,0,0,0,0,0,0,0.00975976,0.008501745,0,0.006269783,0.007710413,0,0,0,0,0,0,0.000629007,0,0,0,0,0,0
G160R9KL.04,0,0,0,0,0,0,0,0.001421824,0.000111273,0,0,0,0,0,0,0,0.000482184,0,0.000346183,0,0,0,0,0,0,0,0,0,0,0,0,0,0,1.24E-05,0,0,0,0,0,0,0,0.997143988,0.000445093,0,0,0,0,0,0,0,0,0,0,0,3.71E-05,0,0,0,0,0,0,0,0,0,0,0,0,0,0,0,0
C160RNZZ.04,0,0,0,0,0,0,0,0.000169589,0,0,0,0,0,0,0,0,0.000508768,0,0,0,0,0,0,0,0,0,0,0,0,0,0,0,0,0,0,0,0,0,0,0,0,0.998999423,0.000254384,0,3.39E-05,0,0,0,0,0,0,0,0,1.70E-05,1.70E-05,0,0,0,0,0,0,0,0,0,0,0,0,0,0,0,0
A160S1LX.04,0,0,0,0,0,0,0,0.00142156,0,0,0,0,0,0,0,0,0,0,0,0,0,0,0,0,0,0,0,0,0,0,0,0,0,0,0,0,0,0,0,0,0,0.998383911,0,0,0,0,0,0,0,0,0,0,0,0,0.000194529,0,0,0,0,0,0,0,0,0,0,0,0,0,0,0,0
B160RJPX.04,0,0,0,0,0,0.000114973,0,0.001133303,0,0,0,0,0,0,0,0,0.000164247,0,0,0,0,0,0,0,0,0,0,0,0,0,0,0,0,0,0,0,0,0,0,0,0,0.987402273,0.009887655,0,0,0,0,0,0,0,0,0,0,0.000722686,0.000131397,0,0,0.000443466,0,0,0,0,0,0,0,0,0,0,0,0,0
B160RNZ2.04,0,0,0,0,0,0,0,0.005348653,0,0,0,0,0,0,0,0,0.006339144,0,0,0,0,0,0,0,0,0,0,0,0,0,0,0,0,0,0,0,0,0,0,0,0,0.945721078,0.018567209,0.002665322,0,0,0,0,0,0,0,0,0,0.001710849,0.007041493,0,0.010697306,0,0,0,0,0,0,0,0,0,0,0,0,0,0.001908947
J160SF8F.04,0,0,0,0,0,0,0,0.273958148,0,0,0,0,0,0,0,0,0,0,0,0,0,0,0,0,0,0,0,0,0,0,0,0,0,0,0,0,0,0,0,0,0,0.513145516,0.002212108,0,0,0,0,0,0,0,0,0,0,0.001144194,0,0,0,0.20913321,0,0,0,0,0,0,0,0,0,0,0,0,0.000406824
C160RFQX.04,0,0,0,0,0,0,0,0.000308895,0,0,0,0,0,0,0,0,0.000993836,0,0,0,0,0,0,0,0,0,0,0,0,0,0,0,0,0,0,0,0,0,0,0,0,0.99681704,0.001423602,0,0,0,0,0,0,0,0,0,0,0,2.69E-05,0,2.69E-05,0.000402906,0,0,0,0,0,0,0,0,0,0,0,0,0
G160SB00.04,0,0,0,0,0,0,0,0.000311366,0,0,0,0,0,0,0,0,0,0,0,0,0,0,0,0,0,0,0,0,0,0,0,0,0,0,0,0,0,0,0,0,0,0.999688634,0,0,0,0,0,0,0,0,0,0,0,0,0,0,0,0,0,0,0,0,0,0,0,0,0,0,0,0,0
C160R32K.04,0,0,0,0,0,0,0,0.00481232,0,0,0,0,0,0,0,0,0.027376751,0,0.00235269,0,0,0,0,0,0,0,0,0,0,0,0,0,0,0,0,0,0,0,0,0,0,0.890689053,0.001015934,0,0,0,0,0,0,0,0,0,0,0,0.07316508,0,0,0.000356468,0,0,0,0,0,0,0,0,0,0,0,0,0.000231704
J160RCN9.04,0,0,0,0,0,0,0,0.00154833,0.000187161,0,0,0,0,0,0,0,0.002126827,0,0,0,0,0,0,0,0,0,0,0,0,0,0,0,0,0,0,0,0,0,0,0,0,0.990437786,0.002756368,0,0,0,0,0,0,0,0,0,0,0,0.000408351,0,0,0.002467119,0,0,0,0,0,0,0,0,0,0,0,0,6.81E-05
G160SBLL.04,0,0,0,0,0,0,0,0.001798456,0,0,0,0,0,0,0,0,0,0,0,0,0,0,0,0,0,0,0,0,0,0,0,0,0,0,0,0,0,0,0,0,0,0.997497801,0,0,0,0,0,0,0,0,0,0,0,0,0.000703744,0,0,0,0,0,0,0,0,0,0,0,0,0,0,0,0
D160RFP3.04,0,0,0,0,0,0,0,0.001866824,0,0,0,0,0,0,0,0,0,0,0,0,0,0,0,0,0,0,0,0,0,0,0,0,0,0,0,0,0,0,0,0,0,0.997982183,0,0,0,0,0,0,0,0,0,0,0,0,1.37E-05,0,0,0.000109813,0,0,0,0,0,0,0,0,0,0,0,0,2.75E-05
D160R5XM.04,0,0,0,0,0,0,0,0.000282081,0,0,0,0,0,0,0,0,0.000108493,0,0,0,0,0,0,0,0,0,0,0,0,0,0,0,0,0,0,0,0,0,0,0,0,0.999457536,2.17E-05,0,0,0,0,0,0,0,0,0,0,0,0.000108493,0,0,2.17E-05,0,0,0,0,0,0,0,0,0,0,0,0,0
F160TQTQ.04,0,0,0,0,0,0,1.59E-05,0.471398575,0,0,0,0,0,0,0,0,0,0,0,0,0,0,0,0,0,0,0,0,0,0,0,0,0,0,0,0,0,0,0,0,0,0.517975312,0.000318147,0,0,0,0,0,0,0,0,0,0,0,0,0,0,0.010276152,0,0,0,0,0,0,0,0,0,0,0,0,1.59E-05
F160THHD.04,0,0,0,0,0,0,0,0.972689672,0,0,0,0,0,0,0,0,0,0,2.99E-05,0,0,0,0,0,0,0,0,0,0,0,0,0,0,0,0,0,0,0,0,0,0,0.026504009,0.0003285,0,5.97E-05,0,0,0,0,0,0,0,0,0.000104523,0,0,0,0.000283705,0,0,0,0,0,0,0,0,0,0,0,0,0
E160S87C.04,0,0,0,0,0,0,0,0.019048709,0,0,0,0,0,0,0,0,2.86E-05,0,5.72E-05,0,0,0,0,0,0,0,0,0,0,0,0,0,0,0,0,0,0,0,0,0,0,0.969739439,0,0,0,0,0,0,0,0,0,0,0,0.006893001,0.003861225,0,0,0.000371822,0,0,0,0,0,0,0,0,0,0,0,0,0
E160SD5F.04,0,0,0,0,0,0,0,0.802305159,0,0,0,0,0,0,0,0,0,0,0,0,0,0,0,0,0,0,0,0,0,0,0,0,0,0,0,0,0,0,0,0,0,0.1564764,0,0,0,0,0,0,0,0,0,0,0,0.041218441,0,0,0,0,0,0,0,0,0,0,0,0,0,0,0,0,0
A160QG4S.04,0,0,0,0,0,0,0,0.993701012,0,0,0,0,0,0,0,0,0,0,0,0,0,0,0,0,0,0,0,0,0,0,0,0,0,0,0,0,0,0,0,0,0,0.002522445,0,0,0,0,0,0,0,0,0,0,0,0.001695881,0.001610375,0,0,0.000285022,0,0,0,0,0,0,0,0,0,0,0,0,0.000185264
D160R3YK.04,0,0,0,0,0,0,0,0.00545953,0,0,0,0,0,0,0,0,0.043008702,0,0.001668852,0,0,0,0,0,0,0,0,0,0,0,0,0,0,0,0,0,0,0,0,0,0,0.928716176,0.004029086,0,0,0,0,0,0,0,0,0,0,0,0.012611753,0,0,0,0,0,0,0,0,0,0,0,0,0,0,0,0.004505901
J160RF9C.04,0,0,0,0,0,0,0,0.001099505,0,0,0,0,0,0,0,0,0,0,7.17E-05,0,0,0,0,0,0,0,0,0,0,0,0,0,0,0,0,0,0,0,0,0,0,0.994131988,0.004374119,0,0,0,0,0,0,0,0,0,0,0,8.37E-05,0,0,2.39E-05,0,0,0,0,0,0,0,0,0,0,0,0,0.000215121
A160SFB7.04,0,0,0,0,0,0,0,0.071564428,0,0,0,0,0,0,0,0,0,0,0,0,0,0,0,0,0,0,0,0,0,0,0,0,0,0,0,0,0,0,0,0,0.000203267,0.923731397,0.001263158,0,0,0,0,0,0,0,0,0,0,0.001669691,0.000827586,0,0,0.000740472,0,0,0,0,0,0,0,0,0,0,0,0,0
E160RJV2.04,0,0,0,0,0,0,0,0.002006478,0,0,0,0,0,0,0,0,0,0,0,0,0,0,0,0,0,0,0,0,0,0,0,0,0,0,0,0,0,0,0,0,0,0.938687763,0,0,0,0,0,0,0,0,0,0,0,0,5.73E-05,0,0,0.059248431,0,0,0,0,0,0,0,0,0,0,0,0,0
C160R9FX.04,0,0,0,0,0,0,0,0.000528821,0,0,0,0,0,0,0,0,0,0,0.004970915,0,0,0,0,0,0,0,0,0,0,0,0,0,0,0,0,0,0,0,0,0,0,0.953675304,0,0,0,0,0,0,0,0,0,0,0,0,0.040719196,0,0,0.000105764,0,0,0,0,0,0,0,0,0,0,0,0,0
A160VLC8.04,0,0,0,0,0,0,0,0.28030303,0,0,0,0,0,0,0,0,0,0,0,0,0,0,0,0,0,0,0,0,0,0,0,0,0,0,0,0,0,0,0,0,0,0.322150072,0.275613276,0,0,0,0,0,0,0,0,0,0,0.013347763,0.072510823,0,0,0.011183261,0,0,0,0,0,0,0,0,0,0,0,0,0.024891775
E160RMDN.04,0,0,0,0,0,0,0,0.053544636,0,0,0,0,0,0,0,0,0.007501875,0,0,0,0,0,0,0,0,0,0,0,0,0,0,0,0,0,0,0,0,0,0,0,0,0.9262003,0,0,0,0,0,0,0,0,0,0,0,0,0.002531883,0,0,0.006939235,0,0,0,0,0,0,0,0,0,0,0,0,0.003282071
K160S31L.04,0,0,0,0,0,0,0,0.524090633,0,0,0,0,0,0,0,0,0,0,0,0,0,0,0,0,0,0,0,0,0,0,0,0,0,0,0,0,0,0,0,0,0,0.45212258,0.017478369,0,0,0,0,0,0,0,0,0,0,0,0.000434065,0,0,0.000491941,0,0,0,0,0,0,0,0,0,0,0,0,0.005382412
G160RVVC.04,0,0,0,0,0,0,0,0.530221882,0,0,0,0,0,0,0,0,1.87E-05,0,0,0,0,0,0,0,0,0,0,0,0,0,0,0,0,0,0,0,0,0.000111967,0,0,0,0.458749324,0.000111967,0,0,0,0,0,0,0,0,0,0,0.000391886,0,0,0,0.010170377,0,0,0,0,0,0,0,0,0,0,0,0,0.000223935
G160RXY8.04,0,0,0,0,0,0,0,0.606844425,0,0,0,0,0,0,0,0,1.35E-05,0,0,0,0,0,0,0,0,0,0,0,0,0,0,0,0,0,0,0,0,0,0,0,0,0.393087969,1.35E-05,0,0,0,0,0,0,0,0,0,0,0,2.70E-05,0,0,1.35E-05,0,0,0,0,0,0,0,0,0,0,0,0,0
D160RJ7N.04,0,0,0,0,0,0,0,0.04026458,0,0,0,0,0,0,0,0,0,0,0,0,0,0,0,0,0,0,0,0,0,0,0,0,0,0,0,0,0,0,0,0,0,0.631358301,0,0,0,0,0,0,0,0,0,0,0,0,3.73E-05,0,0,0.328339855,0,0,0,0,0,0,0,0,0,0,0,0,0
D160SKSM.04,0,0,0,0,0,0,0,0.593685412,0,0,0,0,0,0,0,0,0.000570688,0,0,0,0,0,0,0,0,0,0,0,0,0,0,0,0,0,0,0,0,0,0,0,0,0.23405929,0.000215936,0,0,0,0,0,0,0,0,0,0,0,0,0,0,0.17145325,0,0,0,0,0,0,0,0,0,0,0,0,1.54E-05
B160SHM7.04,0,0,0,0,0,0,0,0.330704531,0,0,0,0,0,0,0,0,0,0,0,0,0,0,0,0,0,0,0,0,0,0,0,0,0,0,0,0,0,0,0,0,0,0.493003391,0,0,0,0,0,0,0,0,0,0,0,0,3.75E-05,0,0,0.176217148,0,0,0,0,0,0,0,0,0,0,0,0,3.75E-05
H160RVW8.04,0,0,0,0,0,0,0,0.168341678,0,0,0,0,0,0,0,0,0,0,0,0,0,0,0,0,0,0,0,0,0,0,0,0,0,0,0,0,0,0,0,0,0,0.76011341,0,0,0,0,0,0,0,0,0,0,0,0,6.03E-05,0,0,0.071303613,0,0,0,0,0,0,0,0,0,0,0,0,0.000180974
H160SZ7Y.04,0,0,0,0,0,0,0,0.72382147,0,0,0,0,0,0,0,0,0.00156789,0,8.36E-05,0,0,0,0,0,0,0,0,0,0,0,0,0,0,0,0,0,0,0,0,0,0,0.145374726,0.003240305,0,0,0,0,0,0,0,0,0,0,0,0.079377025,0,0,0.046534964,0,0,0,0,0,0,0,0,0,0,0,0,0
E160S6GS.04,0,0,0,0,0,0,0,0.726704323,0,0,0,0,0,0,0,0,0,0,0,0,0,0,0,0,0,0,0,0,0,0,0,0,0,0,0,0,0,0,0,0,0,0.272381481,0,0,0,0,0,0,0,0,0,0,0,0,8.16E-05,0,0,0.000799922,0,0,0,0,0,0,0,0,0,0,0,0,3.26E-05
K160SNZ8.04,0,0,0,0,0,0,0,0.018027661,0.000104934,0,0,0,0,0,0,0,0.005981238,0,0.000293815,0,0,0,0,0,0,0,0,0,0,0,0,0,0,0,0,0,0,0,0,0,0,0.955570946,0.003819597,0,0,0,0,0,0,0,0,0,0,0,0.001154274,0,0,0.015026548,0,0,0,0,0,0,0,2.10E-05,0,0,0,0,0
D160SJD0.04,0,0,0,0,0,0,0,0.646799629,0,0,0,0,0,0,0,0,0,0,0,0,0,0,0,0,0,0,0,0,0,0,0,0,0,0,0,0,0,0,0,0,6.63E-05,0.30403525,0,0,0,0,0,0,0,0,0,0,0,0.000115955,0,0,0,0.048982905,0,0,0,0,0,0,0,0,0,0,0,0,0
J160RRSB.04,0,0,0,0,0,0,0,0.761001537,0,0,0,0,0,0,0,0,0,0,2.56E-05,0,0,0,0,0,0,0,0,0,0,0,0,0,0,0,0,0,0,0,0,0,0,0.238127561,0.000102459,1.28E-05,1.28E-05,0,0,0,0,0,0,0,0,0.000102459,0.000268955,0,0,0.000281762,0,0,0,0,0,0,0,0,0,0,0,0,6.40E-05
G160S6CY.04,0,0,0,0,0,0,0,0.874769479,0,0,0,0,0,0,0,0,1.44E-05,0,0,0,0,0,4.32E-05,0,0,0,0,0,0,0,0,0,0,0,0,0,0,0,0,0,0,0.125014408,5.76E-05,0,0,0,0,0,0,0,0,0,0,0,0,0,0,0.000100853,0,0,0,0,0,0,0,0,0,0,0,0,0
C160S7RD.04,0,0,0,0,0,0,0,0.627614413,0,0,0,0,0,0,0,0,0,0,0,0,0,0,0,0,0,0,0,0,0,0,0,0,0,0,0,0,0,0,0,0,0,0.370923069,0,0,0,0,0,0,0,0,0,0,0,0,1.29E-05,0,0,0.001410748,0,0,0,0,0,0,0,0,0,0,0,0,3.88E-05
F160S7NP.04,0,0,0,0,0,0,0,0.313554293,0,0,0,0,0,0,0,1.70E-05,0,0,0,0,0,0,0,0,0,0,0,0,0,0,0,0,0,0,0,0,0,0,0,0,0,0.633347461,3.39E-05,0,0,0,0,0,0,0,0,0,0,0,1.70E-05,0,0,0.052996525,0,0,0,0,0,0,0,0,0,0,0,0,3.39E-05
B160Q975.04,0,0,0,0,0,0,0,0.007277493,0,0,0,0,0,0,0,0,1.72E-05,0,0,0,0,0,0,0,0,0,0,0,0,0,0,0,0,0,0,0,0,0,0,0,0,0.420904686,0,0,0,0,0,0,0,0,0,0,0,0,0.448721265,0,0,0.123079311,0,0,0,0,0,0,0,0,0,0,0,0,0
J160RJ8K.04,0,0,0,0,0,0,0,0.238849258,0,0,0,0,0,0,0,0,0,0,0,0,0,0,0,0,0,0,0,0,0,0,0,0,0,0,0,0,0,0,0,0,0,0.740218331,0,0,0,0,0,0,0,0,0,0,0,0,0,0,0,0.020860355,0,0,0,0,0,0,0,0,0,0,0,0,7.21E-05
D160RZL2.04,0,0,0,0,0,0,0,0.040979333,0,0,0,0,0.000316515,0,0,0,0,0,0,0,0,0,0,0,0,0,0,0,0,0,0,0,0,0,0,0,0,0,0,0,0,0.958071123,0.000633029,0,0,0,0,0,0,0,0,0,0,0,0,0,0,0,0,0,0,0,0,0,0,0,0,0,0,0,0
A160RV31.04,0,0,0,0,0,0,0,0.001635566,9.29E-05,0,0,0,0,0,0,0,0.001542636,0,0.000148688,0,0,0,0,0,0,0,0,0,0,0,0,0,0,0,0,0,0,0,0,0,0,0.088915322,0.005259832,0.000223032,0.001951528,0,0,0,0,0,0,0,0,7.43E-05,0.000910713,0,7.43E-05,0.898892276,0,0,0,0,0,0,0.000167274,0,0,0,0,0,0.000111516
D160S92T.04,0,0,0,0,0,0,0,0.255605097,0,0,0,0,0,0,0,0,8.45E-05,0,0,0,0,0,4.23E-05,0,0,0,0,0,0,0,0,0,0,0,0,0,0,0,0,0,0,0.74327494,4.23E-05,0,0,0,0,0,0,0,0,0,0,0,0,0,0,0.000950912,0,0,0,0,0,0,0,0,0,0,0,0,0
G160RPYN.04,0,0,0,0,0,0,0,0.567902761,0,0,0,0,0,0,0,0,2.06E-05,0,0,0,0,0,0,0,0,0,0,0,0,0,0,0,0,0,0,0,0,0,0,0,0,0.430696333,8.24E-05,0,0,0,0,0,0,0,0,0,0,0.000329625,2.06E-05,0,0,0.00065925,0,0,0,0,0,0,0,0,0,0,0,0,0.000288422
J160S1PM.04,0,0,0,0,0,0,0,0.199356643,2.10E-05,0,0,0,0,0,0,0,0.000126148,0,0,0,0,0,0,0,0,0,0,0,0,0,0,0,0,0,0,0,0,0,0,0,0,0.702163446,0.008956542,0,0,0,0,0,0,0,0,0,0,0,0.000147173,0,0,0.089229023,0,0,0,0,0,0,0,0,0,0,0,0,0
J160S8ML.04,0,0,0,0,0,0,0,0.007626146,0.00015724,0.000220136,0,0,0,0,0,0,0.00756325,0,0.080050946,0,0,0,0,0,0,0,0,0,0,0,0,0,0,9.43E-05,0,0.000125792,0.000896269,0,0,0,7.86E-05,0.261333082,0.008506691,0.000455996,0.002138466,0,0,0,0,0,0,0,0,0.000581788,0.002657358,0,0.000361652,0.627105052,0,0,0,0,0,0,3.14E-05,0,0,0,0,0,1.57E-05
D160RX79.04,0,0,0,0,0,0,0,0.003122348,0,0,0,0,0,0,0,0.000184947,0,0,0,0,0,0,0,0,0,0,0,0,0,0,0,0,0,0,0,0,0,0,0,0,0.001316391,0.045888727,0.00294828,0,0,0,0,0,0,0,0,0,0,0,0,0,0,0.946539307,0,0,0,0,0,0,0,0,0,0,0,0,0
E160S3SR.04,0,0,0,0,0,0,0,0.30904322,0,0,0,0,0,0,0,0,0.002257954,0,0.002736914,0,0,0,0,0,0,0,0,0,0,0,0,0,0,0,0,0,0,0,0,0,0,0.079165241,0.004835215,2.28E-05,0,0,0,0,0,0,0,0,0,0,0.001482495,0,0,0.599019272,0,0,0,0,0,0,0.000136846,0,0,0,0,0,0.001300034
H160RZ7Z.04,0,0,0,0,0,0,0,0.080753169,0,0,0,0,0,0,0,8.54E-05,0.007518877,0,0.001516592,0,0,0,0,0,0,0,0,0,0,0,0,0,0,0.000202924,0,0,0,0,0,0,0,0.374032105,0.009249073,0,0.000405848,0,0,0,0,0,0,0,0,0,0.003556514,0,0,0.522679454,0,0,0,0,0,0,0,0,0,0,0,0,0
C160SQS1.04,0,0,0,0,0,0,0,0.123715664,0,0,0,0,0.000434353,0,0,0.000209688,0.028817063,0,0.001333014,0,0,0,0,0,0,0,0,0,0,0,0,0,0,0,0,0,0,0,0,0,0,0.461222778,0.028517509,0.000209688,0.000434353,0,0,0,0,0,0,0,0,0.000898661,0.082242459,0.00058413,0.001497768,0.269433544,0,0,0,0,0,0,0.000149777,0,0,0,0,0,0.000299554
K160RYKN.04,0,0,0,0,0,0,0,0.141913082,0.000124452,0,0,0,0,0,0,0,0.00078405,0.000622262,0.002115691,0,0,0,0,0,0,0,0,0,0,0,0,0,0,0.015656113,0,0,0,0,0,0,0,0.437836022,0.00491587,0,0,0,0,0,0,0,0,0,0,0.002538829,0.000983174,0.000945838,0.000298686,0.390369873,0,0,0.000311131,0,0,0,0,0,0,0,0,0,0.000584926
E160TRC7.04,0,0,0,0,0,0,0,0.504218738,0,0,0,0,0,0,0,6.06E-05,0.002484284,0,0.001060365,0,0,0,0,0,0,0,0,0,0,0,0,0,0,0.000181777,0,0,0,0,0,0,0,0.336378096,0.003832462,0,0.000136333,0,0,0,0,0,0,0,0,0.000302961,0.004847383,0,0,0.146497008,0,0,0,0,0,0,0,0,0,0,0,0,0
C160SG19.04,0,0,0,0,0,0,0,0.446556325,0,0,0,0,0,0,0,1.64E-05,0.000654847,0,0.00027831,0,0,0,0,0,0,0,0,0,0,0,0,0,0,0,0,0,0,0,0,0,0,0.161665275,0.003421574,0,0.00027831,0,0,0,0,0,0,0,0,0,0.002226479,0,0,0.384640571,0,0,0,0,0,0,0,0,0,0,0,0,0.000261939
D160SDJN.04,0,0,0,0,0,0,0,0.357235838,0,0,0,0,0,0,0,0.000125975,0.007110564,0,0,0,0,0,0,0,0,0,0,0,0,0,0,0,0,0,0,0,0,0,0,0,0,0.234536624,0.00470305,0,0.005780832,0,0,0,0,0,0,0,0,0.001805635,0.183320969,0,0,0.205114567,0,0,0,0,0,0,0,0,0,0,0,0,0.000265946
B160RKKK.04,0,0,0,0,0,0,0,0.496821891,0,0,0,0,0,0,0,0,0.006852094,0,0,0,0,0,0,0.001517679,0,0,0,0,0,0,0,0,0,0,0,0,0,0,0,0,0,0.184104945,0.00898586,0.000180318,0.000315557,0,0,0,0,0,0,0,0,0.000255451,0.099670919,0,0,0.200483854,0,0,0,0,0,0,0,0,0,0,0,0,0.000811432
B160SMM7.04,0,0,0,0,0,0,0,0.108095506,0,0,0,0,0,0,0,0,0.000155421,0,0,0,0,0.000699396,0,0,0,0,0,0,0,0,0,0,0,0,0,0,0,0,0,0,0,0.156548093,0.001029666,0,0.000971383,0,0,0,0,0.000194277,0,0.000796534,0,0.000116566,0.047170361,0,0,0.684222796,0,0,0,0,0,0,0,0,0,0,0,0,0
H160SHB7.04,0,0,0,0,0,0,0,0.010225414,0,0,0,0,0,0,0,0,0.00075824,0,0.000151648,0,0,0,0,0,0,0,0,0,0,0,0,0,0,0,0,0,0,0,0,0,0,0.945005903,0.001245681,0,0.001505649,0,0,0,0,0,0,0,0,5.42E-05,0.000119152,0,7.58E-05,0.040793336,0,0,0,0,0,0,2.17E-05,0,0,0,0,0,4.33E-05
C160SH9B.04,0,0,0,0,0,0,0,0.38665982,0,0,0,0,0,0,0,1.77E-05,0.001345704,0,1.77E-05,0,0,0,0,0,0,0,0,0,0,0,0,0,0,0.000761385,0,0,0,0,0,0,0,0.164671719,0.003346554,0,0.000371839,0,0,0,0,0,0,0,0,0.000371839,0.385349529,0,5.31E-05,0.056997663,0,0,0,0,0,0,0,0,0,0,0,0,3.54E-05
K160T704.04,0,0,0,0,0,0.000390979,0,0.083083048,0,0,0,0,0,0,0,0.001030763,0.007499689,0.000319892,0,0,0,0,0,0,0,0,0,0,0,0,0,0,0,0,0,0,0,0,0,0,0,0.684764257,0.025857932,0,0.001315111,0,0,0,0,0,0,0,0,0.000693099,7.11E-05,0,0.000906361,0.193427998,0,0,0,0,0,0,0,0,0,0,0,0,0.000639784
D160W1Y1.04,0,0,0,0,0,0,0,0.022458735,0,0,0,0,0,0,0,0,0.014762034,0,0.013890142,0,0,0,0,0,0,0,0,0,0,0,0,0,0,0.011334596,0,0,0,0,0,0,0,0.286251165,0.040467815,0.00252548,0.015032621,0,0,0,0,0,0,0,0,0.009620877,0.239439584,0,0,0.341962058,0,0,0,0,0,0,0.002254893,0,0,0,0,0,0
G160SLQQ.04,0,0,0,0,0,0,0,0.230770551,0,0,0,0,0,0,0,0.000171692,0.002506696,0,0,0,0,0,0,0,0,0,0,0,0,0,0,0,0,0,0,0,0,0,0,0,0,0.709721173,0.004687178,0,0,0,0,0,0,0,0,0,0,0,0.002403681,0,0,0.049739029,0,0,0,0,0,0,0,0,0,0,0,0,0
E160S94M.04,0,0,0,0,0,0,0,0.150421152,0,0,0,0,0,0,0,0,0.140872033,0,0.002342237,0,0,0,0,0,0,0,0,0,0,0,0,0,0,0,0,0,0,0,0,0,0,0.586212333,0.078419891,0,0,0,0,0,0,0,0,0,0,0.001148597,0.00328814,0,0,0.035313725,0,0,0,0,0,0,0,0,0,0,0,0,0.001981893
D160S47N.04,0,0,0,0,0,0,0,0.017262639,0.000300357,0,0,0,0,0,0,0,0.032833792,0,0,0,0,0,0,0,0,0,0,0,0,0,0,0,0,0,0,0,0,0,0,0,0,0.818615827,0.074204053,0.001691486,0.023111701,0,0,0,0,0,0,0,0,3.16E-05,0.026684372,0,0.002545133,0.002719024,0,0,0,0,0,0,0,0,0,0,0,0,0
J160S48K.04,0,0,0,0,0,0,0,0.22387963,0,0,0,0,0,0,0,4.32E-05,0.008764355,0,0.000388567,0,0,0,0,0,0,0,0,0,0,0,0,0,0,0,0,0,0,0,0,0,2.16E-05,0.162118988,0.015499525,0.000107935,0.000172697,0,0,0,0,0,0,0,0,0.000323806,0.232492876,0,0.000604438,0.355560832,0,0,0,0,0,0,2.16E-05,0,0,0,0,0,0
H160S5NT.04,0,0,0,0,0,0,0,0.229533108,0,0,0,0,0,0,0,3.80E-05,0.000683813,0,3.80E-05,0,0,0,0,0,0,0,0,0,0,0,0,0,0,0.000265927,0,0,0,0,0,0,0,0.385480378,0.000493865,0,0.000265927,0,0,0,0,0,0,0,0,0,0.000721802,0,0,0.382479201,0,0,0,0,0,0,0,0,0,0,0,0,0
H160SCQV.04,0,0,0,0,0,0,0,0.310061075,0,0,0,0,0,0,0,0,0.002774022,0,0,0,0,0,0,0,0,0,0,0,0,0,0,0,0,0,0,0,0,0,0,0,0,0.553941909,0.003147,0,0,0,0,0,0,0,0,0,0,0,0.001095622,0,9.32E-05,0.128840505,0,0,0,0,0,0,4.66E-05,0,0,0,0,0,0
A160SCKJ.04,0,0,0,0,0,0,0,0.478392413,5.82E-05,0,0,0,0,0,0,0,0.001920028,0,0.000130911,0,0,0,0,0,0,0,0,0,0,0,0,0,0,0.000276368,0,0,0,0,0,0,0,0.110125238,0.004218243,0,0,0,0,0,0,0,0,0,0,4.36E-05,0.360601609,0,4.36E-05,0.04410246,0,0,0,0,0,0,2.91E-05,0,0,0,0,0,5.82E-05
G160RRF7.04,0,0,0,0,0,0,0,0.000565052,0,0,0,0,0,0,0,2.83E-05,0.000720441,0,0.000127137,0,0,0,8.48E-05,0,0,0,0,0,0,0,0,0,0,0,0,0,0,0,0,0,0,0.843042803,0.000678062,0,0,0,0,0,0,0,0,0,0,7.06E-05,0.000282526,0,0,0.154400339,0,0,0,0,0,0,0,0,0,0,0,0,0
J160TP14.04,0,0,0,0,0,0,0,0.522952514,0,0,0,0,0,0,0,3.04E-05,0.007904177,0,0.03081109,0,0,0,0.000228005,0,0,0,0,0,0,0,0,0,0,0,0,0,0,0,0,0,0,0.323584848,0.018331611,0,0.004712106,0,0,0,0,0,0,0,0,0.001094425,0,0,0,0.090350824,0,0,0,0,0,0,0,0,0,0,0,0,0
E160SDHH.04,0,0,0,0,0,9.04E-05,0,0.001762659,0,0,0,0,0,0,0,0,0.001657201,0,1.51E-05,0,0,0,0,0,0,0,0,0,0,0,0,0,0,0.01131416,0,0,0,0,0,0,0,0.655904907,0.000406767,0,0.000798469,0,0,0,0,0,0,0,0,0,0.293068382,0,0,0.034786146,0,0,0,0,0,0,0,0,0,0,0,0,0.000195851
F160RZ8W.04,0,0,0,0,0,0,0,0.000584915,0,0,0,0,0,0,0,0,0.000993427,0,0.000176403,0,0,0,0,0,0,0,0,0,0,0,0,0,0,1.86E-05,0,0,0,0,0,0,0,0.89641438,0.000269246,0,0.00014855,0,0,0,0,0,0,0,0,1.86E-05,0.019367178,0,0,0.081962343,0,0,0,0,0,0,1.86E-05,0,0,0,0,0,2.79E-05
K160SGWM.04,0,0,0,0,0,0,0,0.035245543,0,0,0,0,0,0,0,0,0.000753432,0,0.00022603,0,0,0,0,0,0,0,0,0,0,0,0,0,0,0.000135618,0,0,0,0,0,0,0,0.924732155,0.001717825,0,9.04E-05,0,0,0,0,0,0,0,0,1.51E-05,0.000256167,0,0,0.036767476,0,0,0,0,0,0,1.51E-05,0,0,0,0,0,4.52E-05
J160S9S8.04,0,0,0,0,0,0,0,0.077086291,0,0,0,0,0,0,0,1.56E-05,0.004742812,0,6.24E-05,0,0,0,0,0,0,0,0,0,0,0,0,0,0,0,0,0,0,0,0,0,0,0.904192084,0.001076493,0,0.002215392,0,0,0,0,0,0,0,0,0,0.002933055,0,6.24E-05,0.007597859,0,0,0,0,0,0,0,0,0,0,0,0,1.56E-05
F160SDG2.04,0,0,0,0,0,0,0,0.000299557,0,0,0,0,0,0,0,4.73E-05,0.000472985,0,0.000126129,0,0,0,0,0,0,0,0,0,0,0,0,0,0,0.004351459,0,0,0,0,0,0,0,0.979598594,6.31E-05,0,0,0,0,0,0,0,0,0,0,0,0.000299557,0,0,0.014646759,0,0,0,0,0,0,0,0,0,0,0,0,9.46E-05
B160SGBJ.04,0,0,0,0,0,0,0,0.346983158,0,0,0,0,0,0,0,0,0.003506583,0,1.69E-05,0,0,0,0,0,0,0,0,0,0,0,0,0,0,0,0,0,0,0,0,0,0,0.593084613,0.001129524,0,0.00035403,0,0,0,0,0,0,0,0,1.69E-05,0.01512214,0,3.37E-05,0.039752516,0,0,0,0,0,0,0,0,0,0,0,0,0
H160S4BC.04,0,0,0,0,0,0,0,0.032381794,0,0,0,0,0,0,0,2.85E-05,0,0,0,0,0,0,0,0,0,0,0,0,0,0,0,0,0,0,0,0,0,0,0,0,0,0.965636229,0,0,0,0,0,0,0,0,0,0,0,5.70E-05,4.28E-05,0,0,0.001782353,0,0,0,0,0,0,0,0,0,0,0,0,7.13E-05
E160RPQ1.04,0,0,0,0,0,0,0,0.000185867,0,0,0,0,0,0,0,0,0.001301071,0,8.45E-05,0,0,0,0,0,0,0,0,0,0,0,0,0,0,0,0,0,0,0,0,0,0,0.835068095,0.000861749,0.000135176,0.000270352,0,0,0,0,0,0,0,0,0.000101382,0.000658984,0,0.000118279,0.161214558,0,0,0,0,0,0,0,0,0,0,0,0,0
A160SZ4K.04,0,0,0,0,0,0,0,0.21182714,0,0,0,0,0,0,0,0,0.014012492,0,0.001505598,0,0,0,0,0,0,0,0,0,0,0,0,0,0,0,0,0,0,0,0,0,0,0.752187589,0.008422402,1.49E-05,0.000342859,0,0,0,0,0,0,0,0,0,0.011284528,0,0.000119255,0.000283231,0,0,0,0,0,0,0,0,0,0,0,0,0
D160SBS0.04,0,0,0,0,0,0,0,0.027203539,0.000618861,0,0,0,0,0,0,0,0.005201064,0,0.000171174,0,0,0,0,0,0,0,0,0,0,0,0,0,0,0,0,0,0,0,0,0,0,0.956126722,0.004095015,6.58E-05,0.000158007,0,0,0,0,0,0,0,0,0.000223843,0.00067153,0,0.000329181,0.005095726,0,0,0,0,0,0,2.63E-05,0,0,0,0,0,1.32E-05
B160S1RY.04,0,0,0,0,0,0,0,0.001839896,0,0,0,0,0,0,0,0,0.002634644,0,3.27E-05,0,0,0,0,0,0,0,0,0,0,0,0,0,0,3.27E-05,0,0,0,0,0,0,0,0.920546961,0.000228626,0,0.000152417,0,0,0,0,0,0,0,0,0,0.000413705,0,0.00010887,0.073998672,0,0,0,0,0,0,1.09E-05,0,0,0,0,0,0
A160TR31.04,0,0,0,0,0,0,0,0.043912416,0.0030077,0,0,0,0,0,0,0.007338787,0.016602502,0,0.000120308,0,0,0,0,0,0,0,0,0,0,0,0,0,0,0,0,0,0,0,0,0,0,0.260948027,0.077478345,0,0,0,0,0,0,0,0,0,0,0.012993263,0.553657363,0,0,0.001564004,0,0,0,0,0,0,0,0,0,0,0,0,0.022377286
F160S4JB.04,0,0,0,0,0,0,0,0.313841451,0,0,0,0,0,0,0,0.000110749,0,0,0,0,0,0,0,0,0,0,0,0,0,0,0,0,0,0,0,0,0,0,0,0,0,0.68425366,0,0,0,0,0,0,0,0,0,0,0,0,0.000487297,0,0,0.001306842,0,0,0,0,0,0,0,0,0,0,0,0,0
F160RZHC.04,0,0,0,0,0,0,0,0.697933227,0,0,0,0,0,0,0,0,2.41E-05,0,0,0,0,0,0,0,0,0,0,0,0,0,0,0,0,0,0,0,0,0,0,0,0,0.29850171,7.23E-05,0,0,0,0,0,0,0,0,0,0,2.41E-05,0.000168618,0,0,0.003131474,0,0,0,0,0,0,0,0,0,0,0,0,0.00014453
D160S7PL.04,0,0,0,0,0,0,0,0.456883371,0,0,0,0,0,0,0,6.12E-05,0,0,0,0,0,0,0,0,0,0,0,0,0,0,0,0,0,0,0,0,0,0,0,0,0,0.541557091,0,0,0,0,0,0,0,0,0,0,0,0,1.53E-05,0,0,0.0007339,0,0,0,0,0,0,0,0,0,0,0,0,0.00074919
E160RZK5.04,0.000613208,0,0.001619497,0,0,0,0,0.691352201,0,0,0,0,0,0,0,0,0.003018868,0,0,0,0,0,0,0,0,0,0,0,0,0,0,0,0,0.001761006,0,0,0,0,0,0,0,0.294779874,0.004984277,0,0,0,0,0,0,0,0,0,0,0,0.00172956,0,0,0.000141509,0,0,0,0,0,0,0,0,0,0,0,0,0
D160SH1Y.04,0,0,0,0,0,0,0,0.019478989,0.001561855,0,0,0,0,0,0,0,0.068574291,0,0.000677786,0,0,0,0,0,0,0,0,0,0,0,0,0,0,0,0,0,0,0,0,0,0,0.725142925,0.100430247,0.002239642,0.045205399,0,0,0,0,0,0,0,0,0,0.018506513,0,0.013319974,0.002829021,0,0,0,0,0,0,0.002033359,0,0,0,0,0,0
A160SD3M.04,0,0,0,0,0,0,0,0.713202344,0,0,0,0,0,0,0,0.008790072,0.000344709,0,0,0,0,0,0,0,0,0,0,0,0,0,0,0,0,0,0,0,0,0,0,0,0,0.242847294,0.000344709,0,0,0,0,0,0,0,0,0,0,0.017924853,0.000172354,0,0,0.000689417,0,0,0,0,0,0,0,0,0,0,0,0,0.015684247
A160RRV4.04,0,0,0,0,0,0,0,0.580755248,0,0,0,0,0,0,0,0.00018864,1.71E-05,0,0,0,0,0,0,0,0,0,0,0,0,0,0,0,0,0,0,0,0,0,0,0,0,0.339003979,0,0,0,0,0,0,0,0,0,0,0,0.000891755,0.000874606,0,0,0.076588009,0,0,0,0,0,0,0,0,0,0,0,0,0.001680615
J160T6XF.04,0,0,0,0,0,0,0,0.005069674,0,0,0,0,0,0,0,0,0.010399682,0.000328844,0.00105504,0,0,0,0,0,0,0,0,0,0,0,0,0,0,0,0,0,0,0,0,0,9.59E-05,0.866229122,0.055793815,0.000123316,0,0,0,0,0,0,0,0,0,0.000287738,0.060301714,0,0,0.000315142,0,0,0,0,0,0,0,0,0,0,0,0,0
A160S697.04,0,0,0,0,0,1.77E-05,0,0.059259522,0,0,0,0,0,0,0,0,0,0,0,0,0,0,0,0,0,0,0,0,0,0,0,0,0,0,0,0,0,0,0,0,0,0.93641393,0.00273069,0,0,0,0,0,0,0,0,0,0,0.000727002,0.000425562,0,0,1.77E-05,0,0,0,0,0,0,0,0,0,0,0,0,0.00040783
B160SRK1.04,0,0,0,0,0,0,0,0.970636354,0,0,0,0,0,0,0,0.00014873,0.000297461,0,0,0,0,0,0,0,0,0,0,0,0,0,0,0,0,0,0,0,0,0,0,0,0,0.025560395,0.001019866,0,0,0,0,0,0,0,0,0,0,2.12E-05,0.001763519,0,0,0.000552427,0,0,0,0,0,0,0,0,0,0,0,0,0
C160ST5W.04,0,0,0,0,0,0,0,0.558910329,0,0,0,0,0,0,0,0,7.57E-05,0,1.51E-05,0,0,0,0,0,0,0,0,0,0,0,0,0,0,1.51E-05,0,0,0,0,0,0,0,0.322784714,4.54E-05,0,0,0,0,0,0,0,0,0,0,1.51E-05,0.00010594,0,0,0.118017404,0,0,0,0,0,0,0,0,0,0,0,0,1.51E-05
H160RX6D.04,0,0,0,0,0,0,0,0.735445205,0.000108966,0,0,0,0,0,0,0,0.002023661,0,0.000280199,0,0,0,0,0,0,0,0,0,0,0,0,0,0,0,0,0,0,0,0,0,0,0.074564134,0.002693026,9.34E-05,0.000622665,0,0,0,0,0,0,0,0,0.000155666,0.183437111,0,0,0.000513699,0,0,0,0,0,0,4.67E-05,0,0,0,0,0,1.56E-05
K160TG8F.04,0,0,0,0,0,0,0,0.008721485,0,0,0,0,0,0,0,0,0.013818103,0,0,0,0,0,0,0,0,0,0,0,0,0,0,0,0,0.002316644,0,0,0,0,0,0,0,0.715461557,0.020631763,0,0,0,0,0,0,0,0,0,0,0.001580769,0.22866643,0,0,0.003870159,0,0,0,0,0,0,0,0,0,0,0,0,0.00493309
F160S51B.04,0,0,0,0,0,0,0,0.039659334,0.000424982,0,0,0,0,0,0,0,0.008057662,0,0.001121953,0,0,0,0,0,0,0,0,0,0,0,0,0,0,0,0,0,0,0,0,0,0,0.843912556,0.02405399,8.50E-05,0.007445687,0,0,0,0,0,0,0,0,0,0.073130929,0,0.001036956,0.000747969,0,0,0,0,0,0,0.000322986,0,0,0,0,0,0
F160S93Q.04,0,0,0,0,0,0,1.53E-05,0.053848038,0.000183677,0,0,0,0,0,0,1.53E-05,0.039704892,0,0.001714321,0,0,0,0,0,0,0,0,0,0,0,0,0,0,0,0,0,0,0,0,0,0,0.494122329,0.021245332,0.000229597,0.002096982,0,0,0,0,0,0,0,0,0.000244903,0.06843507,0,0.000887773,0.317026878,0,0.000137758,0,0,0,0,9.18E-05,0,0,0,0,0,0
C160SRJ0.04,0,0,0,0,0,0,0,0.255553424,0,0,0,0,0,0,0,0.001112603,0.01657395,0,0,0,0,0,0,0,0,0,0,0,0,0,0,0,0,0.002301937,0,0,0,0,0,0,0,0.333512373,0.030539037,0,0,0,0,0,0,0,0,0,0,0,0.34835987,0,0,0.004412047,0,0,0,0,0,0,0,0.003145981,0,0,0,0,0.004488778
J160SPM0.04,0,0,0,0,0,0,0.001177759,0.407297973,0,0,0,0,0,0,0,0,0.016034052,0.002851416,0.000661198,0,0,0,0,0,0,0,0,0,0,0,0,0,0,0,0,0,0.001177759,0,0,0,0.000268612,0.29962601,0.003739901,0,0.000392586,0,0,0,0,0,0,0,0,0.007149203,0.246068971,0,0,0.000661198,0,0,0,0,0,0,0.000144637,0,0,0,0,0,0.012748724
F160SJSB.04,0,0,0,0,0,0,0,0.406537974,0,0,0,0,0,0,0,0,0.00336762,0,0.009849232,0,0,0,0,0,0,0,0,0,0,0,0,0,0,0,0,0,0,0,0,0,0,0.538946034,0.001662674,0,0.00091588,0,0,0,0,0,0,0,0,0.000140905,0.038044244,0,0.000281809,0.000225447,0,0,0,0,0,0,0,0,0,0,0,0,2.82E-05
K160SJ1K.04,0,0,0,0,0,0,0,0.227996497,0.000357417,0,0,0,0,0,0,0,0.030970209,0,0.00021445,0,0,0,0,0,0,0,0,0,0,0,0,0,0,0,0,0,0,0,0,0,1.79E-05,0.649069821,0.037689655,0.001804957,0.014993656,0,0,0,0,0,0,0,0,0.000125096,0.035956181,0,0.00041103,0.000125096,0,0,0,0,0,0,0,0,0,0,0,0,0.000268063
J160SDXN.04,0,0,0,0,0,0,0,0.016069348,0.001083557,0,0,0,0,0,0,8.18E-05,0.018134238,0,0.001615113,0,0,0,0,0,0,0,0,0,0,0,0,0,0,0,0,0,0,0,0,0,0,0.870504774,0.044998262,0.001431112,0.01447468,0,0,0,0,0,0,0,0,6.13E-05,0.027824914,0,0.003189336,6.13E-05,0,0,0,0,0,0,0.000449778,0,0,0,0,0,2.04E-05
C160SW1W.04,0,0,0,0,0,0,0,0.280620215,0,0,0,0,0,0,0,7.68E-05,0.002727203,0,0,0,0,0,0,0,0,0,0,0,0,0,0,0,0,0,0,0,0,0,0,0,0,0.697536555,0.005633659,0,0,0,0,0,0,0,0,0,0,0.000166449,0.012611713,0,0,0.000627385,0,0,0,0,0,0,0,0,0,0,0,0,0
D160S202.04,0,0,0,0,0,0,0,0.126731598,0,0,0,0,0,0,0,0,0.000659656,0,6.47E-05,0,0,0,0,0,0,0,0,0,0,0,0,0,0,0,0,0,0,0,0,0,0,0.817339904,0.001099427,0,0,0,0,0,0,0,0,0,0,0,0.016258585,0,0.000155213,0.037665076,0,0,0,0,0,0,0,0,0,0,0,0,2.59E-05
J160S7B2.04,0,0,0,0,0,0,0.001208021,0.324701903,0,0,0,0.001080113,0,0,0,0.00021318,0.016016941,0,0.001378565,0,0,0,0,0,0,0,0,0,0,0,0,0,0,0,0,0,0,0,0,0,0,0.554382275,0.012790813,0,0,0,0,0,0,0,0,0,0,0.002885039,0.07279394,0,0,0.011199068,0.000795873,0,0,0,0,0,8.53E-05,0,0,0,0,0,0.000468996
K160T2LP.04,0,0,0,0,0,0,0.000505726,0.262161898,0,0,0,0,0,0,0,0.000146824,0.003164867,0,0.00331169,0,0,0,0,0,0,0,0,0,0,0,0,0,0,0,0,0,0,0,0,0,0,0.364856928,0.004975693,0,0.001011452,0,0,0,0,0,0,0,0,0,0.023818069,0,0,0.335394303,0,0,0,0,0,0,0.000277334,0,0,0,0,0,0.000375216
J160T67W.04,0,0,0,0,0,0,0,0.827989443,0,0,0,0,0,0,0,0.000204132,0.006051062,0,0.00016039,0,0,0,0,0,0,0,0,0,0,0,0,0,0,0,0,0,0,0.000218713,0,0,0,0.151451526,0.009944155,0,1.46E-05,0,0,0,0,0,0,0,0,0,0.000845691,0,0.002828689,5.83E-05,0,0,0,0,0,0,0,0,0,0,0,0,0.000233294
D160RXQ9.04,0,0,0,0,0,0,0,0.414149779,0,0,0,0,0,0,0,0,0,0,0,0,0,0,0,0,0,0,0,0,0,0,0,0,0,0,0,0,0,0,0,0,1.56E-05,0.578178466,0,0,0,0,0,0,0,0,0,0,0,0,0,0,0,0.00765613,0,0,0,0,0,0,0,0,0,0,0,0,0
D160SCLF.04,0,0,0,0,0,0,0,0.137456291,0,0,0,0,0,0,0,0,0,0,0,0,0,0,0,0,0,0,0,0,0,0,0,0,0,1.46E-05,0,0,0,0,0,0,0,0.856354884,1.46E-05,0,0,0,0,0,0,0,0,0,0,0,5.85E-05,0,0,0.00610104,0,0,0,0,0,0,0,0,0,0,0,0,0
A160S1FH.04,0,0,0,0,0,0,0,0.047860857,0,0,0,0,0,0,0,4.56E-05,0,0,0,0,0,0,0,0,0,0,0,0,0,0,0,0,0,0,0,0,0,0,0,0,4.56E-05,0.951759054,0,0,0,0,0,0,0,0,0,0,0,0.000273664,0,0,0,1.52E-05,0,0,0,0,0,0,0,0,0,0,0,0,0
F160S49G.04,0.000261521,0,0,0,0,0,0,0.000377753,0,0,0,0,0,0,0,0,0,0,0,0,0,0,0,0,0,0,0,0,0,0,0,0,0,0,0,0,0,0,0,0,0,0.966815831,0,0,0,0,0,0,0,0,0,0,0,0,0.005172314,0,0,0.027372581,0,0,0,0,0,0,0,0,0,0,0,0,0
K160QLXN.04,0,0,0,0,0,0,0,0.25386416,0,0,0,0,0,0,0,0,1.79E-05,0,0,0,0,0,0,0,0,0,0,0,0,0,0,0,0,0,0,0,0,0,0,0,0,0.697532298,1.79E-05,0,0,0,0,0,0,0,0,0,0,0.000142952,0.000589675,0,0,0.047835177,0,0,0,0,0,0,0,0,0,0,0,0,0
C160RMHN.04,0,0,0,0,0,0,0,0.804683377,0,0,0,0,0,0,0,0,0,0,0,0,0,0,0,0,0,0,0,0,0,0,0,0,0,0,0,0,0,0,0,0,0,0.18362467,0,0,0,0,0,0,0,0,0,0,0,0,0,0,0,0.011691953,0,0,0,0,0,0,0,0,0,0,0,0,0
B160RXS3.04,0,0,0,0,0,0,0,0.045783949,0,0,0,0,0,0,0,0,0,0,0,0,0,0,0,0,0,0,0,0,0,0,0,0,0,3.39E-05,0,0,0,0,0,0,0,0.935760244,0.002810701,0,0,0,0,0,0,0,0,0,0,0,0.015103285,0,0,6.77E-05,0,0,0,0,0,0,0,0,0,0,0,0,0.00044023
E160RST4.04,0,0,0,0,0,0,0,0.270060397,0,0,0,0,0,0,0,0,0.008135092,0,0.027610009,0,0,0,0,0,0,0,0,0,0,0,0,0,0,0,0,0,0,0,0,0,0,0.660298287,0.002218661,0,0,0,0,0,0,0,0,0,0,0,0.008135092,0,0,0.001109331,0,0,0,0,0,0,0,0,0,0,0,0,0.022433132
E160SBP9.04,0,0,0,0,0,0,0,0.439650253,0,0,0,0,0,0,0,0.000117477,0.000855906,0,0,0,0,0,0.000604169,0,0,0,0,0,0,0,0,0,0,0,0,0,0,0,0,0,0,0.558033766,0,0,0,0,0,0,0,0,0,0,0,1.68E-05,0,0,0,0.000721646,0,0,0,0,0,0,0,0,0,0,0,0,0
A160T09Y.04,1.89E-05,0,0,0,0,0,0,0.675729405,1.89E-05,0,0,0,0,0,0,0,0.001798663,0,0.004089592,0,0,0,0,0,0,0,0,0,0,0,0,0,0,0,0,0,0,0,0,0,0,0.292140788,0.002518129,0,0,0,0,0,0,0,0,0,0,9.47E-05,0.021867959,0,0,0.00172293,0,0,0,0,0,0,0,0,0,0,0,0,0
E160S7KZ.04,0,0,0,0,0,0,0,0.040048797,0,0,0,0,0,0,0,0,0,0,0,0,0,0,0,0,0,0,0,0,0,0,0,0,0,0,0,0,0,0,0,0,0,0.92518339,3.21E-05,0,0,0,0,0,0,0,0,0,0,0,0.01266473,0,0,0.022022825,0,0,0,0,0,0,0,0,0,0,0,0,4.82E-05
E160S6B4.04,0,0,0,0,0,0,0,0.007016172,0,0,0,0,0,0,0,6.90E-05,0,0,0,0,0,0,0,0,0,0,0,0,0,0,0,0,0,0,0,0,0,0,0,0,2.30E-05,0.864714407,0,0,0,0,0,0,0,0,0,0,0,0,0.000529088,0,0,0.127625313,0,0,0,0,0,0,0,0,0,0,0,0,2.30E-05
D160RZGG.04,0,0,0,0,0,0,0,0.005294531,0,0,0,0,0,0,0,0.000240661,0.002314043,0,0,0,0,0,0,0,0,0,0,0,0,0,0.000129586,0,0,0,0,0,0,0,0,0,0,0.96751083,0.017771854,0.000666445,0,0,0,0,0,0,0,0,0,0,0.000610907,0,0,0.005461143,0,0,0,0,0,0,0,0,0,0,0,0,0
G160PY41.04,0,0,0,0,0,0.000852134,0,0.009454634,0,0,0,0,0,0,0,0,0,0,0,0,0,0,0,0,0,0,0,0,0,0,0,0,0,0,0,0,0,0,0,0,0,0.976383704,0,0,0,0,0,0,0,0,0,0,0,0,0.000953579,0,0,0,0,0,0,0,0,0,0,0.008115566,0,0,0,0,0.004240383
A160TRBB.04,0,0,0,0,0,0,0.00058306,0.006789412,1.30E-05,0,0,0,0,0,0,0,0.026730069,0,0.00342062,0,0,0,0.000531233,0,0,0,0,0,0,0,0,0,0,0.003278094,0,0,0,0,0,0,0,0.169605722,0.038546755,0.00154187,0.003938895,0,0,0,0,0,0,0,0,0.001179077,0.194107205,0,0,0.548724394,0,0,0,0,0,0,0.000855155,0,0,0,0,0,0.000155483
C160S01Z.04,0,0,0,0,0,0,0,0.001592357,0,0,0,0,0,0,0,0.00046834,0,0,0,0,0,0,0,0,0,0,0,0,0,0,0,0,0,0,0,0,0,0,0,0,0,0.982484076,0,0,0,0,0,0,0,0,0,0,0,0.008461346,0.00256026,0,0,0,0,0,0,0,0,0,0,0,0,0,0,0,0.004433621
F160SB0X.04,0,0,0,0,0,0.000165941,0,0.171472822,0,0,0,0,0,0,0,0,0,0,3.69E-05,0,0,0,0,0,0,0,0,0,0,0,0,0,0,0,0,0,0,0,0,0,0,0.828047791,1.84E-05,0,0,0,0,0,0,0,0,0,0,0,0.000129066,0,0,0,0,0,0,0,0,0,0,0,0,0,0,0,0.000129066
J160SGHR.04,0,7.51E-05,0,0,0,0,0.000300576,0.44301838,0,0,0,0,0,0,0,7.51E-05,0.007694735,0,0.000510979,0,0,0,0,0,0,0,0,0,0,0,0,0,0,0,0,0,0,0,0,0,0.000225432,0.502742752,0.03794767,0,0,0,0,0,0,0,0,0,0,0.000931784,0.00578608,0,0,0.000255489,0,0,0,0,0,0,0,0,0,0,0,0,0.000435835
D160SYJ3.04,0,0,0,0,0,0,0,0.127167376,0.00081208,0,0,0,0,0,0,0,0.013256661,0,0,0,0,0,0,0,0,0,0,0,0,0,0,0,0,0.00105351,0,0,0,0,0,0,0,0.791317326,0.053750933,0.000219481,0,0,0,0,0,0,0,0,0,0.001668057,0.007879373,0,0,0.002611826,0,0,0,0,0,0,0,0,0,0,0,0,0.000263377
C160T2KS.04,2.57E-05,0,0,0,0,0,0,0.000925831,0.00041148,0,0,0,0,0,0,0,0.028417858,0,0.09980969,0,0,0,0,0,0,0,0,0,0,0,0,0,0,0,0,0,0,0,0,0,2.57E-05,0.669324144,0.094794774,0,7.72E-05,0,0,0,0,0,0,0,0,2.57E-05,0.091580084,0,0.013758873,0.000822961,0,0,0,0,0,0,0,0,0,0,0,0,0
F160SFWC.04,0,0,0,0,0,0,0,0.001461794,0,0,0,0,0,0,0,3.32E-05,0.002591362,0,0,0,0,0,0,0,0,0,0,0,0,0,0,0,0,0.000930233,0,0,0,0,0,0,0.000249169,0.974534884,0.005149502,0.000332226,0,0,0,0,0,0,0,0,0,0.000930233,0.001893688,0,0,0.011893688,0,0,0,0,0,0,0,0,0,0,0,0,0
J160SB7C.04,0,0,0,0,0,0,5.18E-05,0.048733751,0,0,0,0,0,0,0,0,0.002744834,0,0.004246724,0,0,0,0,0,0,0,0,0,0,0,0,0,0,0,0,0,0,0,0,0,0,0.80625615,0.020819307,0,0,0,0,0,0,0,0,0,0,0.006214719,0.106686001,0,0,0.003987778,0,0,0,0,0,0,0,0,0,0,0,0,0.000258947
B160SBKP.04,0,0,0,0,0,0,0,0.246978073,0,0,0,0,0,0,0,0,0,0,0,0,0,0,0,0,0,0,0,0,0,0,0,0,0,3.38E-05,0,0,0,0,0,0,0,0.752920492,0,0,0,0,0,0,0,0,0,0,0,3.38E-05,0,0,0,0,0,0,0,0,0,0,0,0,0,0,0,0,3.38E-05
E160S32H.04,0,0,0,0,0,0,0,0.219080538,0,0,0,0,0,0,0,0,0,0,0,0,0,0,0,0,0,0,0,0,0,0,0,0,0,0,0,0,0,0,0,0,0.00035887,0.138221517,0,0,0,0,0,0,0,0,0,0,0,0,0,0,0,0.642093533,0,0,0,0,0,0,0,0,0,0,0,0,0.000245542
E160SYK0.04,0,0,0,0,0,0,0,0.625949454,0,0,0,0,0,0,0,0,0.002946186,0,0,0,0,0,0,0,0,0,0,0,0,0,0,0,0,0.000207154,0,0,0,0,0,0,0,0.360976845,0.006905124,0.00165723,0,0,0,0,0,0,0,0,0,0.000322239,0.001035769,0,0,0,0,0,0,0,0,0,0,0,0,0,0,0,0
A160QMJ6.04,0,0,0,0,0,0,0,0.049761909,0,0,0,0,0,0,0,0.000949093,0,0.001325457,0.000900002,0,0,0,0,0,0,0,0,0,0,0,0,0,0,0.001538185,0,0,0,0,0,0,0,0.89131253,0.026901867,0,0,0,0,0,0,0,0,0,0,0.00343637,0.007821832,0,0,0.001325457,0,0,0,0,0,0,0,0.009981836,0,0,0,0,0.004745463
D160RXF8.04,0,0,0,0,0,0,0,0.002801003,0,0,0,0,0,0,0,0,0,0,0,0,0,0,0,0,0,0,0,0,0,0,0,0,0,0,0,0,0,0,0,0,0,0.915008361,0.081661093,0,0,0,0,0,0,0,0,0,0,0.000376254,0,0,0,0,0,0,0,0,0,0,0,0,0,0,0,0,0.000153289
H160S4D5.04,0,0,0,0,0,5.57E-05,0,0.632633747,0,0,0,0,0,0,0,0,0,0,0,0,0,0,0,0,0,0,0,0,0,0,0,0,0,0,0,0,0,0,0,0,0,0.354005456,0,0,0,0,0,0,0,0,0,0,0,0,0.00100206,0,0,0.011133998,0,0,0,0,0,0,0,0,0,0,0,0,0.00116907
B160T66Z.04,0,0,0,0,0,0,0,0.003792904,0,0,0,0,0.000204102,0,0,1.70E-05,0.096761574,0,0,0,0,0,0,0,0,0,0,0,0,0,0,0,0,0,0,0,0,0,0,0,0,0.743902439,0.095519951,0,0.000357179,0,0,0,0,0,0,0.001224615,0,0.002109059,0.002160084,0,0,0.053815015,0,0,0,0,0,0,0,0,0,0,0,0,0.000136068
F160SHKF.04,0,0,0,0,0,3.85E-05,0,0.013932723,0,0,0,0,0,0,0,0,0.001347086,0,0,0,0,0,0,0,0,0,0,0,0,0,0,0,0,0,0,0,0,0,0,0,3.85E-05,0.95781695,0.01843584,0,0.004118236,0,0,0,0,0,0,0,0,0,0.001962897,0,0,0.002309291,0,0,0,0,0,0,0,0,0,0,0,0,0
F160S1H9.04,0,0,0,0,0,0,0,0.186946532,0,0,0,0,0,0,0,1.24E-05,0,0,0,0,0,0,0,0,0,0,0,0,0,0,0,0,0,0,0,0,0,0,0,0,0,0.808780972,0.000856983,0,0,0,0,0,0,0,0,0,0,0,0.00011178,0,0,0.003191952,0,0,0,0,0,0,0,0,0,0,0,0,9.94E-05
J160RXWD.04,0,0,0,0,0,0,0,0.365451968,0,0,0,0,0,0,0,0,0.001167445,0,0,0,0,0,0,0,0,0,0,0,0,0,0,0,0,0,0,0,0,0,0,0,0,0.582846898,0,0,0,0,0,0,0,0,0,0,0,0.003585724,0.005170113,0,0,0.015426951,0,0,0,0,0,0,0,0,0,0,0,0,0.026350901
D160SW4L.04,0,0,0,0,0,0.007340876,0,0.000518179,0,0,0,0,0,0,0,0.003799983,0.004663615,0,0,0,0,0,0,0,0,0,0,0,0,0,0,0,0,0,0,0,0,0,0,0,0,0.258053372,0,0,0,0,0,0,0,0,0,0,0,0,0.714828569,0,0,0.010795405,0,0,0,0,0,0,0,0,0,0,0,0,0
F160STTT.04,0,0,0,0,0,0,0,0.652148093,0,0,0,0,0,0,0,0,0,0,0,0,0,0,0,0,0,0,0,0,0,0,0,0,0,0,0,0,0,0,0,0,0,0.062033392,0,0,0,0,0,0,0,0,0,0,0,0,0.284885299,0,0,0.000933216,0,0,0,0,0,0,0,0,0,0,0,0,0
G160SWN7.04,0,0,0,0,0,0,0,0.970734221,1.12E-05,0,0,0,0,0,0,0,0.000134452,0,6.72E-05,0,0,0,0,0,0,0,0,0,0,0,0,0,0,0,0,0,0,0,0,0,0,0.025254619,0.000123248,0,0,0,0,0,0,0,0,0,0,0,0.003428533,0,0,0.000246496,0,0,0,0,0,0,0,0,0,0,0,0,0
E160SYCX.04,0,0,0,0,0,0,0,0.733545121,0,0,0,0,0,0,0,1.65E-05,1.65E-05,0,3.31E-05,0,0,0,0,0,0,0,0,0,0,0,0,0,0,0,0,0,0,0,0,0,0,0.033654323,0,0,1.65E-05,0,0,0,0,0,0,0,0,0,0.003888282,0,0,0.228829544,0,0,0,0,0,0,0,0,0,0,0,0,0
B160S1L0.04,0,0,0,0,0,0,0,0.005495273,0.007264937,0,0,0,0,0,0,2.33E-05,0.723420109,0,0,0,0,0,0,0,0,0,0,0,0,0,0,0,0,0,0,0,0,0,0,0,0,0.113188656,0.002724352,0,0,0,0,0,0,0,0,0,0,6.99E-05,0.051646253,0,0,0.095911144,0,0,0,0,0,0,0,0,0,0,0,0,0.000256136
J160SMCV.04,0,0,0,0,0,0,0,0.00178472,0,0,0,0,0,0,0,0,0.001458481,0,0,0,0,0,0,0,0,0,0,0,0,0,0,0,0,0,0,0,0,0,0,0,0,0.981231649,0.00247558,0,0,0,0,0,0,0,0,0,0,0.00178472,0.000287858,0,0,0.010727513,0,0,0,0,0,0,0,0,0,0,0,0,0.000249477
K160T6Z7.04,0,0,0,0,0,0,0,0.02527027,0,0,0,0,0,0,0,0.001756757,0.098108108,0,0.011081081,0,0,0,0,0,0,0,0,0,0,0,0,0,0,0,0,0,0,0,0,0,0,0.802027027,0.011756757,0,0,0,0,0,0,0,0,0,0,0,0.04972973,0,0,0.00027027,0,0,0,0,0,0,0,0,0,0,0,0,0
D160SR33.04,0,0,0,0,0,0,0,0.41446102,0,0,0,0,0,0,0,0.003368624,0.015158807,0,0,0,0,0,0,0,0,0,0,0,0,0,0,0,0,0,0,0,0,0,0,0,0,0.478946102,0,0,0,0,0,0,0,0,0,0,0,0.058950914,0,0,0,0.00240616,0,0,0,0,0,0,0,0,0,0,0,0,0.026708373
A160SLTH.04,0,0,0,0,0,0,0,0.961595614,0,0,0,0,0,0,0,0.000144269,0,0,0,0,0,0,0,0,0,0,0,0,0,0,0,0,0,0,0,0,0,0,0,0,0,0.030440742,0.00083676,0.000245257,0,0,0,0,0,0,0,0,0,0,0.001702373,0,0.000548222,0.004328068,0,0,0,0,0,0,0,0,0,0,0,0,0.000158696
K160QGV7.04,0,0,0,0,0,0,0,0.0106147,0,0,0,0,0,0,0,0,4.47E-05,0,0,0,0,0,0,0,0,0,0,0,0,0,0,0,0,0,0,0,0,0,0,0,0,0.95828557,8.93E-05,0,0,0,0,0,0,0,0,0,0,7.44E-05,0.030682884,0,0,0.000163761,0,0,0,0,0,0,0,0,0,0,0,0,4.47E-05
F160SWYC.04,2.47E-05,0,0,0,0,0,0,0.929462323,0,0,0,0,0,0,0,0,0,0,0,0,0,0,0,0,0,0,0,0,0,0,0,0,0,0,0,0,0,0,0,0,0,0.067487466,0.001000272,0,0,0,0,0,0,0,0,0,0,1.23E-05,0.001975845,0,0,0,0,0,0,0,0,0,0,0,0,0,0,0,3.70E-05
J160SKFW.04,0,0,0,0,0,0,0,0.832969673,0,0,0,0,0,0,0,0,0,0,0,0,0,0,0,0,0,0,0,0,0,0,0,0,0,0,0,0,0,0,0,0,0,0.164247823,0.001721549,0,0,0,0,0,0,0,0,0,0,0,2.00E-05,0,0,0,0,0,0,0,0,0,0,0.000700631,0,0,0,0,0.000340306
C160QM25.04,0,0,0,0,0,0,0,0.488548463,0,0,0,0,0,0,0,0,0,0,0,0,0,0,0,0,0,0,0,0,0,0,0,0,0,0,0,0,0,0,0,0,0,0.509467277,0,0,0,0,0,0,0,0,0,0,0,0,0,0,0,0.00198426,0,0,0,0,0,0,0,0,0,0,0,0,0
F160QKDC.04,0,0,0,0,0,0,0,0.006042684,0,0,0,0,0,0,0,0.000128568,0,0,0,0,0,0,0,0,0,0,0,0,0,0,0,0,0,0,0,0,0,0,0,0,0,0.99366161,0,0,0,0,0,0,0,0,0,0,0,0.000154281,0,0,0,1.29E-05,0,0,0,0,0,0,0,0,0,0,0,0,0
G160SS4S.04,0,0,0,0,0,0.000558899,0,0.028460877,0,0,0,0,0,0,0,0,0,0,0,0,0,0,0,0,0,0,0,0,0,0,0,0,0,0.000802522,0,0,0,0,0,0,0,0.360676412,0.001762683,0,0,0,0,0,0,0,0,0,0,0,0.579206076,0,0,0.028532531,0,0,0,0,0,0,0,0,0,0,0,0,0
D160SKRQ.04,0,0,0,0,0,0,0,0.021144075,0.003264492,0,0,0,0,0,0,0,0,0,0,0,0,0,0,0,0,0,0,0,0,0,0,0,0,0,0,0,0,0,0,0,0.001161012,0.800114735,0.001557122,0,0,0,0,0,0,0,0,0,0,0.00394744,0.018630826,0,0,0.148882697,0,0,0,0,0,0,0,0,0,0,0,0,0.001297601
H160SX2C.04,0,0,0,0,0,0,0,0.853741243,0,0,0,0,0,0,0,0,0.004844239,0,0.001291797,0,0,0,0,0,0,0,0,0,0,0,0,0,0,0,0,0,0,0,0,0,0,0.102188602,0.006583197,4.97E-05,0,0,0,0,0,0,0,0,0,0.001366324,0.00253391,0,9.94E-05,0.02702837,0,0,0,0,0,0,0,0,0,0,0,0,0.000273265
H160SVJK.04,0,0,0,0,0,0,0,0.173509294,0,0,0,0,0,0,0,0.000211394,3.02E-05,0,6.04E-05,0,0,0,0,0,0,0,0,0,0,0,0,0,0,0,0,0,0,0,0,0,0,0.812387697,0.000196295,0,0,0,0,0,0,0,0,0,0,0.00072478,7.55E-05,0,0,0.012683649,0,0,0,0,0,0,0,0,0,0,0,0,0.000120797
A160QSGW.04,0,0,0,0,0,0,0,0.190273424,0.001005851,0,0,0,0,0,0,0,0.012841361,0,0.001240549,0,0,0,0,0,0,0,0,0,0,0,0,0,0,0,0,0,0,0,0,0,0,0.623543612,0.022849575,3.35E-05,0.001810531,0,0,0,0,0,0,0,0,0.000586746,0.062178337,0,0,0.08253005,0,0,0,0,0,0,0.000838209,5.03E-05,0,0,0,0,0.000217934
G160SV8H.04,0,0,0,0,0,0,0,0.527711853,0,0,0,0,0,0,0,0,0.001256457,0.000139606,0.000164989,0,0,0,0,0,0,0,0,0,0,0,0,0,0,0,0,0,0,0,0,0,0,0.379564174,0.002665211,0,0,0,0,0,0,0,0,0,0,0.000291904,0.034114706,0,0,0.053824578,0,0,0,0,0,0,0,0,0,0,0,0,0.000266521
B160SGGV.04,0,0,0,0,0,0,0,0.495562839,0,0,0,0,0,0,0,0,5.18E-05,0,6.48E-05,0,0,0,0,0,0,0,0,0,0,0,0,0,0,0,0,0,0,0,0,0,0,0.488385651,0.000246149,0,3.89E-05,0,0,0,0,0,0,0,0,0.000246149,0.001204835,0,0,0.014198914,0,0,0,0,0,0,0,0,0,0,0,0,0
G160R1L4.04,0,0,0,0,0,0,0,0.09734124,0.000602783,0,0,0,0,0,0,0,0.080495911,0,0.006809814,0,0,0,0,0,0,0,0,0,0,0,0,0,0,0.001107817,0,0,0,0,0,0,0,0.516128507,0.037111857,0,0.000781988,0,0,0,0,0,0,0,0,0.000733114,0.051399433,0,0,0.191880356,0,0,0,0,0,0,0,0.015607181,0,0,0,0,0
D160RQG1.04,0,0,0,0,0,0,0,0.018028315,0,0,0,0,0,0,0,0,0.004559034,0,0.021704117,0,0,0,0,0,0,0,0,0,0,0,0,0,0,0.000467593,0,0,0,0,0,0,0,0.903039356,0.016002078,0,0.002935446,0,0,0,0,0,0,0,0,0.001285881,0.024509677,0,0.001078062,0.00589687,0,0,0,0,0,0,0,0,0,0,0,0,0.000493571
H160SP4R.04,0,0,0,0,0,0,0,0.218324708,0,0,0,0,0,0,0,0,6.77E-05,0,1.13E-05,0,0,0,0,0,0,0,0,0,0,0,0,0,0,0,0,0,0,0,0,0,0,0.776691585,0.000202956,0,1.13E-05,0,0,0,0,0,0,0,0,0,0.002424201,0,0,0.002266346,0,0,0,0,0,0,0,0,0,0,0,0,0
J160S91X.04,0,0,0,0,0,0,0,0.001195931,0,0,0,0,0,0,0,1.34E-05,0,0,0,0,0,0,0,0,0,0,0,0,0,0,0,0,0,0,0,0,0,0,0,0,0,0.782528655,0.000349373,0,0,0,0,0,0,0,0,0,0,0.00047031,0.000147812,0,0,0.214662922,0,0,0,0,0,0,0,1.34E-05,0,0,0,0,0.000618122
E160S09J.04,0,0,0,0,0,0,0,0.081669482,0,0,0,0,0,0,0,0,0.001443689,0,0,0,0,0,0,0,0,0,0,0,0,0,0,0,0,0.000332048,0,0,0,0,0,0,0,0.91112651,0.003031747,0,0,0,0,0,0,0,0,0,0,0.001010582,0.00083734,0,0,0.000548602,0,0,0,0,0,0,0,0,0,0,0,0,0
K160SYFS.04,0,0,0,0,0,0,0,0.069200133,0,0,0,0,0,0,0,0.000165948,0.076833721,0,0,0,0,0,0,0,0,0,0,0,0,0,0,0,0,0.015765018,0,0,0,0,0,0,0,0.138566213,0.611848656,0,0,0,0,0,0,0,0,0,0,0.022568868,0.015101228,0.025058082,0,0,0,0,0,0,0,0,0,0,0,0,0,0,0.024892134
A160SPRY.04,0,0,0,0,0,0,0,0.824781321,0,0,0,0,0,0,0,0.004993457,0,0,0,0,0,0,0,0,0,0,0,0,0,0,0,0,0,0,0,0,0,0,0,0,0,0.114746195,0.037364832,0,0,0,0,0,0,0,0,0,0,0,0.01542806,0,0.002686135,0,0,0,0,0,0,0,0,0,0,0,0,0,0
A160RXDC.04,0,0,0,0,0,0,0,0.298731862,0,0,0,0,0,0,0,0,0.009901232,0,0.000597488,0,0,0,0,0,0,0,0,0,0,0,0,0,0,0,0,0,0,0,0,0,0,0.677990489,0.002231435,1.22E-05,0.000877942,0,0,0,0,0,0,0,0,0,0.008950128,0,0.000109743,0.000548714,0,0,0,0,0,0,4.88E-05,0,0,0,0,0,0
D160QX5Q.04,0,0,0,0,0,0,0,0.000290766,0,0,0,0,0,0,0,0,0,0,0,0,0,0,0,0,0,0,0,0,0,0,0,0,0,0,0,0,0,0,0,0,0,0.683682556,0,0,0,0,0,0,0,0,0,0,0,9.09E-05,0.008359533,0,0,0.307576281,0,0,0,0,0,0,0,0,0,0,0,0,0
C160WTF6.04,0,0,0,0,0,0,0,0.022388551,0,0,0,0,0,0,0,0,0.064429566,0,0.000499862,0,0,0,0,0,0,0,0,0,0,0,0,0,0,0,0,0,0,0,0,0,0,0.725075966,0.049460018,0,0.006563976,0,0,0,0,0,0,0,0,0.006208811,0.020546954,0,0.00061825,0.102563765,0,0,0,0,0,0,0.001197038,1.32E-05,0,0,0,0,0.000434091
J160TKZT.04,0,0,0,0,0,0,0,0.527658896,0,0,0,0,0,0,0,0,0.008627755,0,0,0,0,0,0,0,0,0,0,0,0,0,0,0,0,0.001752868,0,0,0,0,0,0,0,0.412128938,0.013499363,0,0.013544892,0,0,0,0,0,0,0,0,0,0.015457112,0,0.006783828,0,0,0,0,0,0,0,0,0,0,0,0,0,0.000546349
E160QV3W.04,0,0,0,0,0,0,0,0.083846257,0,0,0,0,0,0,0,6.69E-05,0,0,0,0,0,0,0,0,0,0,0,0,0,0,0,0,0,0,0,0,0,0,0,0,0.000618853,0.048789055,0.001722754,0,0,0,0,0,0,0,0,0,0,0.00086974,0.000351241,0.000167258,0,0.86356794,0,0,0,0,0,0,0,0,0,0,0,0,0
H160W54T.04,0,0,0,0,0,0,0,0.57911095,0,0,0,0,0,0,0,0,0.024087459,0,0.000777015,0,0,0,0,0,0,0,0,0,0,0,0,0,0,0.000234911,0,0,0,0,0,0,0,0.179761475,0.005710155,7.23E-05,0.005366823,0,0,0,0,0,0,0,0,0,0.180845681,0,0,0.022949042,0,0.000885435,0,0,0,0,0.000198771,0,0,0,0,0,0
H160TBM7.04,0,0,0,0,0,0,0,0.013717451,0.000505611,0,0,0,0,0,0,0,0.00553974,0,0.001582783,0,0,0,0,0,0,0,0,0,0,0,0,0,0,0,0,0,0,0,0,0,0,0.869706196,0.005671639,0,0,0,0,0,0,0,0,0,0,0.001648732,0.018564724,0,0,0.082722386,0,0,0,0,0,0,0,0,0,0,0,0,0.000340738
J160QY99.04,0,0,0,0,0,0,0,0.006571622,1.83E-05,0,0,0,0,0,0,0,0.000657162,0,0.000109527,0,0,0,0,0,0,0,0,0,0,0,0,0,0,0,0,0,0,0,0,0,0,0.986400394,0.001843705,5.48E-05,0,0,0,0,0,0,0,0,0,3.65E-05,0.000127782,0,3.65E-05,0.004107263,0,0,0,0,0,0,3.65E-05,0,0,0,0,0,0
F160T94Z.04,0,0,0,0,0,0,0,0.437798408,0,0,0,0,0,0,0,0,0.014865164,0,0.010753758,0,0,0,0,0,0,0,0,0,0,0,0,0,0,0.011858974,0,0,0.000950486,0,0,0,0,0.449458444,0.014964633,0,0.007305482,0,0,0,0,0,0,0,0,0.004619805,0.045800177,0.00122679,0,0,0,0,0,0,0,0,0.000143678,0,0,0,0,0,0.0002542
B160TWSZ.04,0,0,0,0,0,0,0,0.826615951,0.000299972,0,0,0,0,0,0,0,0.013990713,0,0.00010799,0,0,0,0,0,0,0,0,0,0,0,0,0,0,0,0,0,0,0,0,0,0,0.151594053,0.002963727,0.000227979,0.000815925,0,0,0,0,0,0,0,0,0,0.002699752,0,0.00043196,0.000143987,0,0,0,0,0,0,0.00010799,0,0,0,0,0,0
G160S0BF.04,0,0,0,0,0,0,0,0.018032173,0,0,0,0,0,0,0,0,0.071148524,0,0.003661208,0,0,0,0,0,0,0,0,0,0,0,0,0,0,0,0,0,0,0,0,0,0,0.795130881,0.103854359,0.003834179,0,0,0,0,0,0,0,0,0,0,0.000691882,0,0,0.001196379,0,0,0,0,0,0,0.001167551,0,0,0,0,0,0.001282864
J160VFK7.04,0,0,0,0,0,0,0,0.652243176,0,0,0,0,0,0,0,0.000166892,0.036518942,0,0.014823019,0,0,0,0,0,0,0,0,0,0,0,0,0,0,0,0,0,0,0,0,0,0,0.225880354,0.023562076,0.000212408,0.004779172,0,0,0,0,0,0,0,0,0,0.03903749,0,0.000788943,0.000182064,0,0.001410994,0,0,0,0,0.000394471,0,0,0,0,0,0
F160WS8Z.04,0,0,0,0,0,0,0,0.446028957,0,0,0,0,0,0,0,0,0.019191218,0,0.002329097,0,0,0,0,0,0,0,0,0,0,0,0,0,0,0,0,0,0,0,0,0,0,0.501123687,0.014015446,0.000517577,0.002356338,0,0,0,0,0,0,0,0,0,0.014287855,0,1.36E-05,5.45E-05,0,5.45E-05,0,0,0,0,2.72E-05,0,0,0,0,0,0
K160T942.04,0,0,0,0,0,0,0,0.046064699,0.002084376,0,0,0,0,0,0,0.000802485,0.091775054,0,0.004168751,0,0,0,0,0,0,0,0,0,0,0,0,0,0,0.000729531,0,0,0,0,0,0,0,0.703685176,0.076944722,0.000458563,0.008535518,0,0,0,0,0,0,0,0,0.008723112,0.046075121,0,0.004345923,0.003282891,0,0,0,0,0,0,0,0,0,0,0,0,0.002324079
C160SV9D.04,0,0,0,0,0,0,0,0.043353356,0,0,0,0,0,0,0,0,0.004113346,0,0.00052233,0,0,0,0.000489684,0,0,0,0,0,0,0,0,0,0,0,0,0,0,0,0,0,0.000391747,0.9148766,0.005761948,0,0.000146905,0,0,0,0,0,0,0,0,0,0.028515931,0,0,4.90E-05,0,0,0,0,0,0,0.000359102,0,0,0,0,0,0.001420084
C160QF2Z.04,0,0,0,0,0,0,0,0.040338714,0,0,0,0,0,0,0,0,6.90E-05,0,0,0,0,0,0,0,0,0,0,0,0,0,0,0,0,0,0,0,0,0,0,0,0,0.959523317,3.45E-05,0,0,0,0,0,0,0,0,0,0,0,3.45E-05,0,0,0,0,0,0,0,0,0,0,0,0,0,0,0,0
A160QT05.04,0,0,0,0,0,0,0,0.340603223,0.011393385,0,0,0,0,0,0,0,0,0,0,0,0,0,0,0,0,0,0,0,0,0,0,0,0,0,0,0,0,0,0,0,0,0.402142251,0.008609565,0,0,0,0,0,0,0,0,0,0,0,0,0,0,0.235020833,0,0,0,0,0,0,0.001382692,0,0,0,0,0,0.000848051
C160SLDT.04,0,0,0,0,0,0,0,0.676266367,0.000793546,0,0,0,0,0,0,0,0.000314112,0.000281047,0,0,0,0,0,0,0,0,0,0,0,0,0,0,0,0,0,0,0,0,0,0,0,0.316690914,0.004116519,0,0,0,0,0,0,0,0,0,0,0,0.000611692,0,0,0,0,0,0,0,0,0,0.000132258,0,0,0,0,0,0.000793546
E160SLFS.04,0,0,0,0,0,0,0,0.405261949,0,0,0,0,0,0,0,0,0,0,0,0,0,0,0,0,0,0,0,0,0,0,0,0,0,0,0,0,0,0,0,0,0,0.567463235,0.000942096,0,0,0,0,0,0,0,0,0,0,0,0.007123162,0,0,0.000367647,0,0,0,0,0,0,0,6.89E-05,0,0,0,0,0.018772978
E160QGQX.04,0,0,0,0,0,0,0,0.04401907,0,0,0,0,0,0,0,0,0,0,0,0,0,0,0,0,0,0,0,0,0,0,0,0,0,0,0,0,0,0,0,0,0,0.955764696,0,0,0,0,0,0,0,0,0,0,0,0,0,0,0,7.21E-05,0,0,0,0,0,0,0,0,0,0,0,0,0.000144156
K160SSTY.04,0,0,0,0,0,2.85E-05,0,0.714073905,0,0,0,0,0,0,0,0,0,0,0,0,0,0,0,0,0,0,0,0,0,0,0,0,0,0,0,0,0,0,0,0,0,0.285812044,7.13E-05,0,0,0,0,0,0,0,0,0,0,0,1.43E-05,0,0,0,0,0,0,0,0,0,0,0,0,0,0,0,0
E160V9QR.04,0,0,0,0,0,0,0,0.956944458,0,0,0,0,0,0,0,0,0.003370223,0,0.001240166,0,0,0,0,0,0,0,0,0,0,0,0,0,0,0,0,0,0,0,0,0,0,0.027009117,0.001704045,0.000530147,1.89E-05,0,0,0,0,0,0,0,0,0,0.009003039,0,0,0,0,0,0,0,0,0,0.000179871,0,0,0,0,0,0
K160ST0X.04,0,0,0,0,0,0,0,0.658542121,0,0,0,0,0,0,0,0,0.002314815,0,0,0,0,0,0,0,0,0,0,0,0,0,0,0,0,0,0,0,0,0,0,0,0,0.317886105,0.014978214,0,0,0,0,0,0,0,0,0,0,0.003540305,0.002677923,0,0,6.05E-05,0,0,0,0,0,0,0,0,0,0,0,0,0
A160W91L.04,0,0,0,0,0,0,0,0.813003809,0,0,0,0,0,0,0,0,0.00345469,0,0.000566924,0,0,0,0,0,0,0,0,0,0,0,0,0,0,0,0,0,0,0,0,0,0,0.099654531,0.000868102,0,0.000230313,0,0,0,0,0,0,0,0,0.000407476,0.06397378,0,0,0.017840376,0,0,0,0,0,0,0,0,0,0,0,0,0
G160TFPW.04,0,0,0,0,0,0,0,0.96540999,0,0,0,0,0,0,0,0,0.003235871,0,0,0,0,0,0,0,0,0,0,0,0,0,0,0,0,0,0,0,0,0,0,0,0.00084036,0.028369411,0.001168777,0,0,0,0,0,0,0,0,0,0,0,0.000859679,0,0,0,0,0,0,0,0,0,0,9.66E-06,0,0,0,0,0.000106252
K160T6C4.04,0,0,0,0,0,0,0,0.942650615,0,0,0,0,0,0,0,0,0.001120794,0,0,0,0,0,0,0,0,0,0,0,0,0,0,0,0,0,0,0,0,0,0,0,0,0.047211868,0,0,0,0,0,0,0,0,0,0,0,0,0.008273726,0,0,0.000742998,0,0,0,0,0,0,0,0,0,0,0,0,0
F160SLMG.04,0,0,0,0,0,0,0,0.227295422,0,0,0,0,0.00052424,0,0,0,0.000386939,0,0,0,0,0,0,0,0,0,0,0,0,0,0,0,0,0,0,0,0,0,0,0,0,0.770719956,0.000536722,0,0,0,0,0,0,0,0,0,0,0,0.000312048,0,0,0.000224674,0,0,0,0,0,0,0,0,0,0,0,0,0
E160RK6X.04,0,0,0,0,0,0,0,0.384041604,0,0,0,0,0,0,0,0,0.019093894,0,0.003473343,0,0,0,0,0,0,0,0,0,0,0,0,0,0,0,0,0,0,0,0,0,0,0.555393171,0.020650255,0.00053144,0.001916981,0,0,0,0,0,0,0,0,0.001594321,0.009698787,0,7.59E-05,0.001651261,0,0,0,0.0006643,0,0,0.00030368,0,0,0,0,0,0.000911041
A160SFD1.04,0,0,0,0,0,0,0,0.015990371,0,0,0,0,0,0,0,0,0.000171939,0,0,0,0,0,0,0,0,0,0,0,0,0,0,0,0,0,0,0,0,0,0,0,0,0.858321871,0.000343879,0,0,0,0,0,0,0,0,0,0,0,0.000343879,0,0.000171939,0.124656121,0,0,0,0,0,0,0,0,0,0,0,0,0
A160R9VB.04,0,0,0,0,0,0,0,0.189921722,0.000415851,0,0,0,0,0,0,0,0.001394325,0,7.34E-05,0,0,0,0,0,0,0,0,0,0,0,0,0,0,0,0,0,0,0,0,0,0,0.798850294,0.008977495,0,0,0,0,0,0,0,0,0,0,0.000318004,0,0,0,4.89E-05,0,0,0,0,0,0,0,0,0,0,0,0,0
E160Q54T.04,0,0,0,0,0,0,0,0.347207616,0,0,0,0,0,0,0,0,0,0,0,0,0,0,0,0,0,0,0,0,0,0,0,0,0,0,0,0,0,0,0,0,0,0.652737034,0,0,0,0,0,0,0,0,0,0,0,0,0,0,0,5.53E-05,0,0,0,0,0,0,0,0,0,0,0,0,0
G160QGRT.04,0,0,0,0,0,0,0,0.012516895,0,0,0,0,0,0,0,1.96E-05,0,0,0,0,0,0,0,0,0,0,0,0,0,0,0,0,0,0,0,0,0,0,0,0,0,0.986444928,0.000372177,0,0,0,0,0,0,0,0,0,0,0,0.000274236,0,0,0.000372177,0,0,0,0,0,0,0,0,0,0,0,0,0
E160QL6Y.04,0,0,0,0,0,0,0,0.002548326,0,0,0,0,0,0,0,0,0.008124149,0,0.005750068,0,0,0,0,0,0,0,0,0,0,0,0,0,0,0,0,0,0,0,0,0,0,0.982020147,0.001067247,0,0,0,0,0,0,0,0,0,0,0,0.000185135,0,0,0,0,0,0,0,0,0,0,0.000294038,0,0,0,0,1.09E-05
J160R9SX.04,0,0,0,0,0,0,0,0.724417963,0,0,0,0,0,0,0,0,0.001173277,0,0,0,0,0,0,0,0,0,0,0,0,0,0,0,0,0,0,0,0,0,0,0,0,0.258592528,0.002519095,0,1.15E-05,0,0,0,0,0,0,0,0,0.001046747,0.003301279,0,0,0.008937609,0,0,0,0,0,0,0,0,0,0,0,0,0
G160TBNH.04,0,0,0,0,0,0,0,0.021154856,0,0,0,0,0,0,0,0,0.056955381,0,0,0,0,0,0,0,0,0,0,0,0,0,0,0,0,0,0,0,0,0,0,0,0,0.26,0.024461942,0,0.005721785,0,0,0,0,0,0,0,0,0.009711286,0.610761155,0,0,0.003097113,0,0,0,0,0,0,0,0,0,0,0,0,0.008136483
E160Q7CG.04,0,0,0,0,0,0,0,0.046334444,0,0,0,0,0,0,0,9.86E-06,9.86E-06,0,0,0,0,0,0,0,0,0,0,0,0,0,0,0,0,0,0,0,0,0,0,0,0,0.953527568,0,0,0,0,0,0,0,0,0,0,0,4.93E-05,2.96E-05,0,0,0,0,0,0,0,0,0,0,0,0,0,0,0,3.94E-05
D160TL12.04,0,0,0,0,0,0,0,0.832135566,0,0,0,0,0,0,0,0,0.001311182,0,0.001626529,0,0,0,0,0,0,0,0,0,0,0,0,0,0,0,0,0,0,0,0,0,0,0.159051302,0.000431528,0,0.003186669,0,0,0,0,0,0,0,0,0,0.002257224,0,0,0,0,0,0,0,0,0,0,0,0,0,0,0,0
F160QC5P.04,0,0,0,0,0,0,0,0.027930996,0,0,0,0,0,0,0,0,0.000112568,0,0.000365847,0,0,0,0,0,0,0,0,0,0,0,0,0,0,0,0,0,0,0,0,0,0,0.890077109,0.000464344,0,0,0,0,0,0,0,0,0,0,0,0.081035065,0,0,1.41E-05,0,0,0,0,0,0,0,0,0,0,0,0,0
A160WS36.04,0,0,0,0,0,0,0,0.934064482,0,0,0,0,0,0,0,0,0.001202431,0,0,0,0,0,0,0,0,0,0,0,0,0,0,0,0,0,0,0,0,0,0,0,0,0.057980973,0.001360994,0,0.000290698,0,0,0,0,0,0,0,0,0,0.00467759,0,0,0.000422833,0,0,0,0,0,0,0,0,0,0,0,0,0
J160QF9J.04,0,0,0,0,0,0,0,0.005407631,0,0,0,0,0,0,0,0,0,0,0,0,0,0,0,0,0,0,0,0,0,0,0,0,0,0,0,0,0,0,0,0,0,0.993544524,0,0,0,0,0,0,0,0,0,0,0,0,0.000935576,0,0,3.74E-05,0,0,0,0,0,0,0,0,0,0,0,0,7.48E-05
G160SG60.04,0,0,0,0,0,0,0,0.006530777,0,0,0,0,0,0,0,0,0.001424112,0,0,0,0,0,0,0,0,0,0,0,0,0,0,0,0,0,0,0,0,0,0,0,0,0.980048046,0.000632939,0,0,0,0,0,0,0,0,0,0,0,0,0,0,0.011349742,0,0,0,0,0,0,0,1.44E-05,0,0,0,0,0
G160QC3W.04,0,0,0,0,0,4.81E-05,0,0.000304526,0,0,0,0,0,0,0,1.60E-05,1.60E-05,0,0,0,0,0,0,0,0,0,0,0,0,0,0,0,0,0,0,0,0,0,0,0,0,0.999535197,1.60E-05,0,0,0,0,0,0,0,0,0,0,0,0,0,0,1.60E-05,0,0,0,0,0,0,0,0,0,0,0,0,4.81E-05
E160QV2Z.04,0,0,0,0,0,0.000450194,0,0.000555239,0,0,0,0,0,0,0,0,0,0,0,0,0,0,0,0,0,0,0,0,0,0,0,0,0,0,0,0,0,0,0,0,0,0.964164591,0,0,0,0,0,0,0,0,0,0,0,0,0.00165071,0,0,0.032368919,0,0,0,0,0,0,0,0,0,0,0,0,0.000810348
J160QYMQ.04,0,0,0,0,0,0,0,0.001472135,0,0,0,0,0,0,0,0,0,0,0,0,0,0,0,0,0,0,0,0,0,0,0,0,0,0,0,0,0,0,0,0,0,0.839204346,0,0,0.001191728,0,0,0,0,0,0,0,0,0,0,0,0,0.158114266,0,0,0,0,0,0,0,1.75E-05,0,0,0,0,0
H160SST1.04,0,0,0,0,0,0.000100218,0,0.991544108,0,0,0,0,0,0,0,1.25E-05,0,0,0,0,0,0,0,0,0,0,0,0,0,0,0,0,0,0,0,0,0,0,0,0,0,0.00814271,1.25E-05,0,0,0,0,0,0,0,0,0,0,3.76E-05,3.76E-05,0,0,0,0,0,0,0,0,0,0,0,0,0,0,0,0.000112745
J160QSKL.04,0,0,0,0,0,0,0,0.024597365,0,0,0,0,0,0,0,0,0,0,0,0,0,0,0,0,0,0,0,0,0,0,0,0,0,0,0,0,0,0,0,0,0,0.957296242,4.88E-05,0,0,0,0,0,0,0,0,0,0,0,0,0,0,0.01795998,0,0,0,0,0,0,0,4.88E-05,0,0,0,0,4.88E-05
B160QF7G.04,0,0,0,0,0,0,0,0.101101158,0,0,0,0,0,0,0,0,7.13E-05,0,7.13E-05,0,0,0,0,0,0,0,0,0,0,0,0,0,0,0,0,0,0,0,0,0,0,0.893635534,0.004892452,0,0,0,0,0,0,0,0,0,0,0,2.85E-05,0,0,0.000199692,0,0,0,0,0,0,0,0,0,0,0,0,0
D160SKJH.04,0,0,0,0,0,0,0,0.01933412,0,0,0,0,0,0,0,0.001245248,0.004128982,0,0,0,0,0,0,0,0,0,0,0,0,0,0,0,0,0,0,0,0,0,0,0,0.005046533,0.925088478,0.029623804,0,0,0,0,0,0,0,0,0,0,0,0.015467296,0,0,6.55E-05,0,0,0,0,0,0,0,0,0,0,0,0,0
H160QX6M.04,0,0,0,0,0,0,0,0.120927695,0,0,0,0,0,0,0,0,0,0,0.000150478,0,0,0,0,0,0,0,0,0,0,0,0,0,0,0.001279061,0,0,0,0,0,0,0,0.507617937,0.005586487,0,0,0,0,0,0,0,0,0,0,0,0,0,0,0.364005718,0,0,0,0,0,0,0,0,0,0,0,0,0.000432624
D160QKH2.04,0,0,0,0,0,0,0,0.266663452,0,0,0,0,0,0,0,0,0,0,0,0,0,0,0,0,0,0,0,0,0,0,0,0,0,0,0,0,0,0,0,0,0,0.686114727,3.21E-05,0,0,0,0,0,0,0,0,0,0,0,0,0,0,0.047189675,0,0,0,0,0,0,0,0,0,0,0,0,0
E160QPH2.04,0,0,0,0,0,0,0,0.841100667,0,0,0,0,0,0,0,0,0,0,0,0,0,0,0,0,0,0,0,0,0,0,0,0,0,0,0,0,0,0,0,0,0,0.158437449,0,0,0,0,0,0,0,0,0,0,0,0,1.15E-05,0,0,0,0,0,0,0,0,0,0,0,0,0,0,0,0.000450336
H160QPF8.04,0,0,0,0,0,0,0,0.043247459,0,0,0,0,0,0,0,0,1.26E-05,0,0,0,0,0,0,0,0,0,0,0,0,0,0,0,0,0,0,0,0,0,0,0,0,0.953356144,2.52E-05,0,0,0,0,0,0,0,0,0,0,0.000628962,1.26E-05,0,0,0.00233974,0,0,0,0,0,0,0,0,0,0,0,0,0.000377377
D160S7K2.04,0,0,0,0,0,0,0,0.000371356,0,0,0,0,0,0,0,0,0,0,0,0,0,0,0,0,0,0,0,0,0,0,0,0,0,0,0,0,0,0,0,0,0,0.999551278,0,0,0,0,0,0,0,0,0,0,0,0,0,0,0,7.74E-05,0,0,0,0,0,0,0,0,0,0,0,0,0
G160QC2Z.04,0,0,0,0,0,0,0,0.006200482,0,0,0,0,0,0,0,0,0,0,2.65E-05,0,0,0,0,0,0,0,0,0,0,0,0,0,0,0,0,0,0,0,0,0,0,0.992527624,0.000132489,0,0,0,0,0,0,0,0,0,0,0,0.000582951,0,0,0.000503458,0,0,0,0,0,0,0,2.65E-05,0,0,0,0,0
D160Q69H.04,0,0,0,0,0,0,0,0.00792321,0,0,0,0,0,0,0,0.001817511,0.002073098,0,0,0,0,0,0,0,0,0,0,0,0,0,0,0,0,0,0,0,0,0,0,0,0,0.839973873,0.002953455,0,0,0,0,0,0,0,0,0,0,0.000851958,0.001647119,0,0,0.001306336,0,0,0,0,0,0,0,0.14145344,0,0,0,0,0
C160SBR3.04,0,0,0,0,0,0,0,0.000301341,0,0,0,0,0,0,0,0,0,0,0.001130029,0,0,0,0,0,0,0,0,0,0,0,0,0,0,0,0,0,0,0,0,0,0,0.508136206,0,0,0,0,0,0,0,0,0,0,0,0.000828688,0,0,0,0.489603737,0,0,0,0,0,0,0,0,0,0,0,0,0
E160VFH5.04,0,0,0,0,0,0,0,0.008053751,0,0,0,0,0,0,0,0,0.004716561,0,0.000504286,0,0,0,0,0,0,0,0,0,0,0,0,0,0,0.002669752,0,0,0,0,0,0,0,0.376049361,0.030880128,0,0.003218534,0,0,0,0,0,0,0,0,0.004612738,0.002565928,0,0,0.566654801,0,0,0,0,0,0,7.42E-05,0,0,0,0,0,0
C160VWLP.04,0,0,0,0,0,0,0,0.009865471,0,0,0,0,0,0,0,0,0,0,0,0,0,0,0,0,0,0,0,0,0,0,0,0,0,0,0,0,0,0,0,0,0,0.014582295,1.66E-05,0,0,0,0,0,0,0,0,0,0,0,1.66E-05,0,0,0.975519017,0,0,0,0,0,0,0,0,0,0,0,0,0
B160VTBY.04,0,0,0,0,0,0,0,0.011028016,0,0,0,0,0,0,0,0,0.01842405,0,0.004028197,0,0,0,0,0,0,0,0,0,0,0,0,0,0,0.052003368,0,0,0,0,0,0,0,0.605913526,0.05926733,0.000132072,0.005778152,0,0,0,0,0,0,0,0,0.000957522,0.010648309,0,0.000858468,0.230168557,0,0,0,0,0,0,0.000297162,0,0,0,0,0,0.00049527
J160T24S.04,0,0,0,0,0,0,0,0.053226704,0.000681502,0,0,0,0,0,0,0,0.081432545,0,0.001988873,0,0,0,8.34E-05,0,0,0,0,0,0,0,0,0,0,0,0,0,0,0,0,0,0,0.690333797,0.047538248,0.000361613,0.006662031,0,0,0,0,0,0,0,0,0.001043115,0.011070932,0,0.000417246,0.105159944,0,0,0,0,0,0,0,0,0,0,0,0,0
J160V0B8.04,0,0,0,0,0,0,0,0.032482329,0,0,0,0,0,0,0,0,0.004504695,0,0,0,0,0,0,0,0,0,0,0,0,0,0,0,0,0,0,0,0,0,0,0,0,0.206783416,0.001476949,0,0,0,0,0,0,0,0,0,0,0,0.231258572,0,0,0.523494039,0,0,0,0,0,0,0,0,0,0,0,0,0
A160TPLM.04,0,0,0,0,0,0,0,0.577501729,0.001080816,0,0,0,0,0,0,0,0.004135923,0,0.005649066,0.003372147,0,0,0,0,0,0,0,0,0,0,0,0,0,0,0,0,0,0,0,0,0,0.258704173,0.009525594,0.000374683,0.004770002,0,0,0,0,0,0,0,0,0.00260837,0.005663477,0,0,0.126614019,0,0,0,0,0,0,0,0,0,0,0,0,0
K160TWG2.04,0,0,0,0,0,0.000158182,0,0.237920621,0,0,0,0,0,0,0,0,0.035174001,0,0.000129422,0,0,0,0,0,0,0,0,0,0,0,0,0,0,0,0,0,0,0,0,0,0,0.60402646,0.036079954,0.000115042,0.000460167,0,0,0,0,0,0,0,0,0.001452401,0.040696002,0,0.00070463,0.042838654,0,0,0,0,0,0,0.000244464,0,0,0,0,0,0
F160W1W5.04,0,0,0,0,0,0,0,0.019673287,0,0,0,0,0,0,0,0,0.026008539,0,0.00392962,0,0,0,0,0,0,0,0,0,0,0,0,0,0,0.002632341,0,0,0,0,0,0,0,0.228509893,0.002518987,0,0.004219303,0,0,0,0,0,0,0,0,0.005113543,0.002443417,0,0,0.704951069,0,0,0,0,0,0,0,0,0,0,0,0,0
D160V9RN.04,0,0,0,0,0,0,0,0.01183514,0.000809043,0,0,0,0,0,0,0,0.01116479,0,0,0,0,0,0,0,0,0,0,0,0,0,0,0,0,0,0,0,0,0,0,0,0,0.330413074,0.027576801,0,0,0,0,0,0,0,0,0,0,0.000762812,0.194170269,0,0,0.422967569,0,0,0,0,0,0,0.000300502,0,0,0,0,0,0
K160VWML.04,0,0,0,0.00580375,0,0,0,0.004325176,0.006080119,0,0,0,0,0,0,0,0.02474885,0,0,0,0,0,0,0,0,0,0,0,0,0,0,0,0,0,0,0,0,0,0,0,0,0.462545083,0.093426562,0.00312297,0.009659099,0,0,0,0,0,0,0,0,0.000483646,0.016665055,0,0.003648072,0.369256705,0,0,0,0,0,0,0,0,0,0,0,0,0.000234914
A160WDDL.04,0,0,0,0,0,0,0,0.053257806,0,0,0,0,0.002574805,0,0,0,0.010312771,0,0,0,0,0,0,0,0,0,0,0,0,0,0,0,0,0,0,0,0,0,0,0,0,0.113833478,1.36E-05,0,2.71E-05,0,0,0,0,0,0,0,0,0.016194167,1.36E-05,0,0,0.803772767,0,0,0,0,0,0,0,0,0,0,0,0,0
B160V3GT.04,0,0,0,0,0,0.000210422,0.000450904,0.21198503,0,0,0,0,0,0,0,0,0.039514226,0,0.001187381,0,0,0,0,0,0,0,0,0,0,0,0,0,0,0,0,0,0,0,0,0,0,0.239054304,0.007259555,0,0.000631266,0,0,0,0,0,0,0,0,0.017900891,0.003712443,0,0,0.478093578,0,0,0,0,0,0,0,0,0,0,0,0,0
B160TXJD.04,0,0,0,0,0,0,0,0.065112566,0,0,0,0,0,0,0,0.000149023,0.000862207,0,0,0,0,0,0,0,0,0,0,0,0,0,0,0,0,0,0,0,0,0,0,0,0,0.416222258,0.006588962,0,1.06E-05,0,0,0,0,0,0,0,0,0.013082123,0.006439938,0,0,0.49151099,0,0,0,0,0,0,2.13E-05,0,0,0,0,0,0
G160VKLH.04,0,0,0,0,0,0,0,0.209057336,0,0,0,0,0,0,0,0,0.010375153,0,0.000385249,0,0,0,0,0,0,0,0,0,0,0,0,0,0,0,0,0,0,0,0,0,0,0.532932143,0.016711834,0.000823636,0.003839205,0,0,0,0,0,0,0,0,0.001647271,0.009365535,0,0.00095648,0.213826452,0,0,0,0,0,0,7.97E-05,0,0,0,0,0,0
F160TL64.04,0,0,0,0,0,0,0,0.409672998,0,0,0,0,0,0,0,0,0.003629783,0,2.14E-05,0,0,0,0,0,0,0,0,0,0,0,0,0,0,0,0,0,0,0,0,0,0,0.288262629,0.048825406,0,0.003897467,0,0,0,0,0,0,0,0,0.002130758,0.182399298,0,0.002837441,0.057937341,0,0,0,0,0,0,0,0,0,0,0,0,0.000385464
H160V4XM.04,0.002499448,0,0,0,0,0,0,0.000662837,0,0,0,0,0,0,0,0,0.001463765,0,0,0,0,0,0,0,0,0,0,0,0,0,0,0,0,0,0,0,0,0,0,0,0,0.076902894,0.004791759,0,0.002637539,0,0,0,0,0,0,0,0,0.002126602,0.006131242,0,0,0.902783915,0,0,0,0,0,0,0,0,0,0,0,0,0
B160TTH3.04,7.70E-05,0,0,0,0,0,0,0.453286504,0,0,0,0,0,0,0,0,0.004051327,0,0,0,0,0,0,0,0,0,0,0,0,0,0,0,0,0,0,0,0,0,0,0,0,0.226843508,0.014264368,0.001555833,0.000246469,0,0,0,0,0,0,0,0,0.00075481,0.236856293,0,0,0.061155013,0,0,0,0,0,0,0,0,0,0,0,0,0.000908853
G160W5XD.04,0,0,0,0,0,0,0,0.072838865,0,0,0,0,0,0,0,0,0.045783785,0,0.044632985,0,0,0,0,0,0,0,0,0,0,0,0,0,0,0,0,0,0,0,0,0,0,0.664553106,0.025881716,0,0.006837105,0,0,0,0,0,0,0,0,0.001692353,0.01908974,0,0,0.117201074,0,0,0,0,0,0,0.00148927,0,0,0,0,0,0
J160WDFZ.04,0,0,0,0,0,0,0,0.528158683,0,0,0,0,0,0,0,0,0.009595808,0,0.005658683,0,0,0,0,0,0,0,0,0,0,0,0,0,0,0.000613772,0,0,0,0,0,0,0,0.309550898,0.012799401,0,0.005553892,0,0,0,0,0,0,0,0,0.001601796,0.021706587,0,0,0.104760479,0,0,0,0,0,0,0,0,0,0,0,0,0
H160V9WK.04,0,0,0,0,0,0,0,0.020309934,0,0,0,0,0,0,0,0,0.030693423,0,0.006184389,0,0,0,0,0,0,0,0,0,0,0,0,0,0,0,0,0,0,0,0,0,0,0.63062201,0.047961151,0.001114047,0.00554167,0,0,0,0,0,0,0,0,0,0.066028708,0,0,0.191401842,0,0,0,0,0,0,0.000142827,0,0,0,0,0,0
C160VKKL.04,0,0,0,0,0,0,0,0.003411828,0,0,0,0,0,0,0,0,0.004058514,0,0,0,0,0,0,0,0,0,0,0,0,0,0,0,0,0,0,0,0,0,0,0,0,0.763647311,0.008206226,0,0.002229953,0,0,0,0,0,0,0,0,0.000847382,0.011439657,0,0,0.205400946,0,0,0,0,0,0,0,0,0,0,0,0,0.000758184
D160WLTV.04,0,0,0,0,0,0,0,0.851062373,0,0,0,0,0,0,0,0,0.001780608,0,0.002088791,0,0,0,0,0,0,0,0,0,0,0,0,0,0,0,0,0,0,0,0,0,0,0.072320099,0.003595459,0,0.000941668,0,0,0,0,0,0,0,0,0.003544096,0.00345849,0,0.000308182,0.060900235,0,0,0,0,0,0,0,0,0,0,0,0,0
C160V4F1.04,0,0,0,0,0,0,0,0.006473548,0,0,0,0,0,0,0,0,0.041153271,0,0,0,0,0,0,0,0,0,0,0,0,0,0,0,0,0,0,0,0,0,0,0,0,0.712634299,0.031456548,0.001563987,0.000815993,0,0,0,0,0,0,0,0,0.001074391,0,0,0,0.204827961,0,0,0,0,0,0,0,0,0,0,0,0,0
E160T6J6.04,0.008085764,0,0,0,0,0,0,0.372876351,0.000363405,0,0,0,0,0,0,0,0.002839102,0.000476969,0.055283002,0.002384846,0,0,0.000317979,0,0,0,0,0,0,0,0,0,0,0.001544472,0,0,0,0,0,0,0,0.372467521,0.007994912,0,0.00604161,0,0,0,0,0,0,0,0,0.093485963,0.02191787,0,0.000772236,0.047969474,0,0,0,0,0,0,0.004928682,0,0,0,0,0,0.000249841
A160W5PK.04,0,0,0,0,0,0,0,0.001333947,0,0,0,0,0,0,0,0,0.057089771,0,0.000524051,0,0,0,0,0,0,0,0,0,0,0,0,0,0,0,0,0,0,0,0,0,0,0.60577091,0.175398199,0.000539931,0.034428546,0,0,0,0,0,0,0,0,0,0.008337171,0,0.000778136,0.115799336,0,0,0,0,0,0,0,0,0,0,0,0,0
H160WB2F.04,0,0,0,0,0,0,0,0.733897319,0,0,0,0,0,0,0,0,0.004139898,0,0.002229176,0,0,0,0,0,0,0,0,0,0,0,0,0,0,0.000110767,0,0,0,0,0,0,0,0.218888458,0.004112206,0.000207687,0.000443066,0,0,0,0,0,0,0,0,0.001135357,0.011436642,0,0.000110767,0.022748671,0,0,0,0,0,0,0.000235379,0,0,0,0,0,0.000304608
H160V4YJ.04,0,0,0,0,0,0,0,0.003270926,0,0,0,0,0,0,0,0,0.003551291,0,0.000155758,0,0,0,0,0,0,0,0,0,0,0,0,0,0,0,0,0,0.000996854,0,0,0,0,0.719603751,0.012429519,0,0.007538706,0,0,0,0,0,0,0,0,0,0.001837949,0,0.004672752,0.245849039,0,0,0,0,0,0,0,9.35E-05,0,0,0,0,0
H160WDCP.04,0,0,0,0,0,0,0,0.003452272,0,0,0,0,0.00010979,0,0,0,0.000475755,0,0,0,0,0,0.000426959,0,0,0,0,0,0,0,0,0,0,0,0,0,0,0,0,0,0,0.906556877,0.00052455,0,0,0,0,0,0,0,0,0,0,0.000561147,0.000817322,0,0,0.087075328,0,0,0,0,0,0,0,0,0,0,0,0,0
H160V5DD.04,0,0,0,0,0,0,0,0.02761348,0.000149885,0,0,0,0,0,0,0,0.001994627,0,0.001199082,0,0,0,0,0,0,0,0,0,0,0,0,0,0,0.000472715,0,0,0,0,0,0,0,0.865172426,0.012094589,0.000864723,0.000760956,0,0,0,0,0,0,0,0,1.15E-05,0.005580344,0,0.000149885,0.083762812,0,0,0,0,0,0,0,0,0,0,0,0,0.000172945
E160WDH8.04,0.000223133,0,0,0,0,8.93E-06,0,0.083165984,8.93E-06,0,0,0,0,0,0,0,0.013254077,0,0.001722584,0,0,0,0,0,0,0,0,0,0,0,0,0,0,0.000392713,0,0,0,0,0,0,0,0.795664087,0.056140163,0.000321311,0.003114931,0,0,0,0,0,0,0,0,0,0.022215082,0,0,0.022027651,0,0.001017485,0,0,0,0,0.000696174,2.68E-05,0,0,0,0,0
K160VSFD.04,1.30E-05,0,0,0,0,0,0,0.026517376,0,0,0,0,0.000143549,0,0,0,0.003001475,0,0.006877292,0,0,0,0,0,0,0,0,0,0,0,0,0,0,0,0,0,0,0,0,0,0,0.822599799,0.005533153,0,0.002087982,0,0,0,0,0,0,0,0,0,0.002688277,0,0,0.130407548,0,0,0,0,0,0,0.000130499,0,0,0,0,0,0
G160W5NN.04,0,0,0,0,0,0,0,0.043207547,0,0,0,0,0,0,0,0,0.023207547,0,0.004743935,0,0,0,0.004097035,0,0,0,0,0,0,0,0,0,0,0,0,0,0,0,0,0,0,0.796927224,0.020080863,0.005579515,0.020404313,0,0,0,0,0,0,0,0,0.019811321,0.032991914,0,0,0.028948787,0,0,0,0,0,0,0,0,0,0,0,0,0
F160VHF2.04,0,0,0,0,0,0,0,0.35152948,0,0,0,0,0,0,0,0,0.001382833,0,0.000100367,0,0,0,0,0,0,0,0,0,0,0,0,0,0,1.12E-05,0,0,0,0,0,0,0,0.610531833,0.000546442,0,0.000312253,0,0,0,0,0,0,0,0,0,0.000379164,0,1.12E-05,0.035173021,0,2.23E-05,0,0,0,0,0,0,0,0,0,0,0
J160T628.04,0,0,0,0,0,0,0,0.001548573,0,0,0,0,0,0,0,0,0.000288107,0,3.60E-05,0,0,0,0,0,0,0,0,0,0,0,0,0,0,0,0,0,0,0,0,0,0,0.993139462,0.000342127,0,0,0,0,0,0,0,0,0,0,0.000198073,0.00010804,0,0,0.004303592,0,0,0,0,0,0,3.60E-05,0,0,0,0,0,0
F160S2J4.04,0,0,0,0,0,0,0,0.034014759,0,0,0,0,0.00019211,0,0,0,0,0,0.00057633,0,0,0,0,0,0,0,0,0,0,0,0,0,0,0,0,0,0,0,0,0,0,0.809302641,0.001751591,0,0,0,0,0,0,0,0,0,0,0.000101705,0.015436598,0,0,0.138624267,0,0,0,0,0,0,0,0,0,0,0,0,0
K160T32G.04,0,0,0,0,0,0,0,0.241941075,0,0,0,0,0,0,0,0,0.000945329,0,0,0,0,0,0,0,0,0,0,0,0,0,0,0,0,0.000126044,0,0,0,0,0,0,0,0.75142587,0.000630219,0,0.000204821,0,0,0,0,0,0,0,0,0.001748858,0.00100835,0,0,0.001638569,0,0,0,0,0,0,0,0,0,0,0,0,0.000330865
A160RPP4.04,0,0,0,0,0,0,0,0.144811109,0,0,0,0,0,0,0,0,0,0.000149321,7.47E-05,0,0,0,0,0,0,0,0,0,0,0,0,0,0,1.49E-05,0,0,0,0,0,0,0,0.852814693,0,0,0,0,0,0,0,0,0,0,0,0,0.000328505,0,0,0.001806779,0,0,0,0,0,0,0,0,0,0,0,0,0
J160WDZZ.04,9.61E-06,0,0,0,0,0,0,0.052403005,0,0,0,0,0,0,0,5.76E-05,0.003468552,0,0.032466035,0,0,0,0,0,0,0,0,0,0,0,0,0,0,0.002747939,0,0,0,0,0,0,0,0.830550164,0.009262284,0,0.00126828,0,0,0,0,0,0,0,0,0.033436461,0.015622898,0,0.00247891,0.016122523,0,0,0,0,0,0,0.00010569,0,0,0,0,0,0
C160SYZ5.04,0,0,0,0,0,0,0,0.010633511,0,0,0,0,0,0,0,0,0,0,0,0,0,0,0,0,0,0,0,0,0,0,0,0,0,0,0,0,0,0,0,0,0,0.511023457,0.002474654,0,3.00E-05,0,0,0,0,0,0,0,0,0.000719899,0.310576519,0,0,0.16421201,0,0,0,0,0,0,0,0,0,0,0,0,0.000329954
F160TPMJ.04,0,0,0,0,0,0,0,0.019375085,0,0,0,0,7.44E-05,0,0,0,0.028802143,0,0.009749563,0,0,0,0,0,0,0,0,0,0,0,0,0,0,0,0,0,0,0,0,0,0,0.8064104,0.006636153,0,0.026482591,0,0,0,0,0,0,0,0,0.000173656,0.034904923,0,0.000645009,0.066361528,0,0.000235676,0,0,0,0,0.000148848,0,0,0,0,0,0
G160WDVK.04,0,0,0,0,0,0,0,0.001604889,0,0,0,0,0,0,0,0,0.000185179,0,0.000285485,0,0,0,0,0,0,0,0,0,0,0,0,0,0,0,0,0,0,0,0,0,0,0.99091849,0.000385791,0,9.26E-05,0,0,0,0,0,0,0,0,0.00128854,0.000678991,0,0,0.004560044,0,0,0,0,0,0,0,0,0,0,0,0,0
E160V7FH.04,1.47E-05,0,0,0,0,0,0,0.006989011,0.001230769,0,0,0,0,0,0,0,0.001304029,0,0.00014652,0.001450549,0,0,0,0,0,0,0,0,0,0,0,0,0,0.000571429,0,0,0,0,0,0,0,0.971472527,0.011150183,0.0003663,0.000483516,0,0,0,0,0,0,0,0,0.000542125,0.004087912,0,0,0.000161172,0,0,0,0,0,0,2.93E-05,0,0,0,0,0,0
G160TMJ8.04,0,0,0,0,0,0,0,0.86122769,0,0,0,0,0,0,0,0,0.000392012,0,0.000622608,0,0,0,0,0,0,0,0,0,0,0,0,0,0,0,0,0,0,0,0,0,9.22E-05,0.091408015,0.00198312,0.000161417,0,0,0,0,0,0,0,0,0,0,0.002398192,0,0,0.041714707,0,0,0,0,0,0,0,0,0,0,0,0,0
C160VGC6.04,0,0,0,0,0,0,0,0.102483153,0,0,0,0,0,0,0,0,0.00105234,0,0.011520354,0,0,0,0,0,0,0,0,0,0,0,0,0,0,0,0,0,0,0,0,0,0,0.737764239,0.014935844,0,1.85E-05,0,0,0,0,0,0,0,0,0.001513893,0.018443644,0,0,0.112249608,0,0,0,0,0,0,0,0,0,0,0,0,1.85E-05
H160VX76.04,0,0,0,0,0,0,0,0.002502969,0,0,0,0,0,0,0,0,0.002968637,0,0.000442385,0,0,0,0,0,0,0,0,0,0,0,0,0,0,0,0,0,0,0,0,0,0,0.960371604,0.000395818,0,0.000325968,0,0,0,0,0,0,0,0,0,0.010873361,0,0.000244476,0.021828215,0,4.66E-05,0,0,0,0,0,0,0,0,0,0,0
D160TF2T.04,0,0,0,0,0,0,0,0.020914679,0,0,0,0,0,0,0,0,0.039045889,0,0.025979047,0,0,0,0,0,0,0,0,0,0,0,0,0,0,0,0,0,0,0,0,0,0,0.623767735,0.041926006,0.000850505,0.030463525,0,0,0,0,0,0,0,0,0.000753856,0.18606719,0,0.001507713,0.027796034,0,0,0,0,0,0,1.93E-05,0,0,0,0,0,0.000908493
G160TYG6.04,0,0,0,0,0,0,0,0.692885149,0,0,0,0,0,0,0,0,0.001046507,0,0,0,0,0,0,0,0,0,0,0,0,0,0,0,0,0.028576611,0,0,0,0,0,0,0,0.258905773,0.005079046,0,0.00097674,0,0,0,0,0,0,0,0,0.005888345,0.006488342,0,0,0.000153488,0,0,0,0,0,0,0,0,0,0,0,0,0
B160TX61.04,0,0,0,0,0,0.000109696,0,0.107477604,0,0,0,0,0,0,0,0,0.002474252,0,0.001145713,0,0,0,0,0,0,0,0,0,0,0,0,0,0,0,0,0,0,0,0,0,0,0.87327686,0.005277592,0,0,0,0,0,0,0,0,0,0,0.000694741,0.004144067,0,0,0.005399476,0,0,0,0,0,0,0,0,0,0,0,0,0
D160TC75.04,0,0,0,0,0,7.66E-05,0,0.774117407,0,0,0,0,0,0,0,0,0.006507011,0,0,0,0,0,0,0,0,0,0,0,0,0,0,0,0,0,0,0,0,0,0,0,0,0.148296056,0.029523967,0,0,0,0.003176952,0,0,0,0,0,0,0.038263776,0,0,0,3.83E-05,0,0,0,0,0,0,0,0,0,0,0,0,0
J160TJ4B.04,0,0,0,0,0,0,0,0.646403161,0,0,0,0,0,0,0,0,0.006540921,0,0,0,0,0,0,0,0,0,0,0,0,0,0,0,0,0,0,0,0,0,0,0,0,0.323975812,0.0112931,0,0,0,0,0,0,0,0,0,0,0.006754502,2.67E-05,0,0.001601858,0.00033372,0,0,0,0,0,0,0,0,0,0,0,0,0.003070228
G160VTZ3.04,0,0,0,0,0,2.08E-05,0,0.910576204,0.004032593,0,0,0,0,0,0,0,4.16E-05,0,0,0,0,0,0,0,0,0,0,0,0,0,0,0,0,0.006734847,0,0,0,0,0,0,0,0.053255176,0.003138771,0,0,0,0,0,0,0,0,0,0,0,0.008543278,0,0,0.013656772,0,0,0,0,0,0,0,0,0,0,0,0,0
J160WZMT.04,0,0,0,0,0,0,0.001333374,0.544016485,0,0,0,0,0,0,0,0,0.014788327,0,0.001833389,0.000318191,0.001545501,0,0.002469772,0,0,0,0,0,0,0,0,0,0,0.001848541,0,0,0,0,0,0,0,0.380708506,0.008091154,0,0.006242613,0,0,0,0,0,0,0,0,0.016955059,0.014015576,0,0,0.00583351,0,0,0,0,0,0,0,0,0,0,0,0,0
G160THGH.04,0,0,0,0,0,0,0,0.454024748,0.000242378,0,0,0,0,0,0,0,0.000982268,0,0.001007782,0,0,0,0.000165837,0,0,0,0,0,0,0,0,0,0,0,0,0,0,0,0,0,0,0.48989667,0.002308968,0.000178594,0.000484756,0,0,0,0,0,0,0,0,7.65E-05,0.003495344,0,0.000318918,0.046804439,0,0,0,0,0,0,1.28E-05,0,0,0,0,0,0
F160S44K.04,0,0,0,0,0,0,0,0.15370092,0,0,0,0,0,0,0,0,0.000349638,0,0.000716758,0,0,0,0,0,0,0,0,0,0,0,0,0,0,0,0,0,0,0,0,0,0,0.822471242,0.019317506,0,0.001083878,0,0,0,0,0,0,0,0,0.000349638,0.001992937,0,0,1.75E-05,0,0,0,0,0,0,0,0,0,0,0,0,0
K160WTHP.04,0,0,0,0,0,0,0,0.156187763,0,0,0,0,0,0,0,0,0.003894925,0,0,0,0,0,0,0,0,0,0,0,0,0,0,0,0,1.26E-05,0,0,0,0,0,0,0,0.760808733,0.013222578,0,0,0,0,0,0,0,0,0,0,0.003239469,0.050986966,0,0,0.011646961,0,0,0,0,0,0,0,0,0,0,0,0,0
J160TQGY.04,0,0,0,0,0,0,0,0.415784481,0,0,0,0,0,0,0,0,0.030544489,0,0,0,0,0,0,0,0,0,0,0,0,0,0,0,0,0,0,0,0,0,0,0,0,0.447239613,0.08028837,0,0.012066022,0,0,0,0,0,0,0,0,0.014039082,0,0,0,0,0,0,0,0,0,0,0,0,0,0,0,0,3.79E-05
E160TZNW.04,0,0,0,0,0,0,0,0.012190992,0,0,0,0,0,0,0,0,0.008088254,0,0,0,0,0,0,0,0,0,0,0,0,0,0,0,0,0,0,0,0,0,0,0,0,0.265870432,0.031337102,0,0.000833572,0,0,0,0,0,0,0,0,0.00134153,0.159082029,0,0.0007424,0.520513689,0,0,0,0,0,0,0,0,0,0,0,0,0
H160W610.04,2.13E-05,0,0,0,0,0,0,0.036490766,0,0,0,0,0,0,0,0,0.01721463,0,0.007417168,0,0,0,0,0,0,0,0,0,0,0,0,0,0,0.003952989,0,0,0,0,0,0,0,0.74084543,0.016449536,0,0.006120757,0,0,0,0,0,0,0,0,0.006758336,0.058678511,0,0,0.105221771,0,0,0,0,0,0,0.000573821,0.000255032,0,0,0,0,0
E160TYK3.04,0,0,0,0,0,0,0,0.01333971,0,0,0,0,0,0,0,0,0.005260913,0,0,0,0,0,0,0,0,0,0,0,0,0,0,0,0,0,0,0,0,0,0,0,0,0.942763336,0.009448961,0,0.001124569,0,0,0,0,0,0,0,0,0.005752104,0.005635769,0,1.29E-05,0.016661712,0,0,0,0,0,0,0,0,0,0,0,0,0
G160T158.04,0,0,0,0,0,0,0,0.008952823,0,0,0,0,0,0,0,0,0.030667213,0,0,0,0,0,0,0,0,0,0,0,0,0,0,0,0,0,0,0,0,0,0,0,0,0.603966556,0.019832779,6.07E-05,0,0,0,0,0,0,0,0,0,0,0.335821915,0,0,0.000698017,0,0,0,0,0,0,0,0,0,0,0,0,0
C160TXGG.04,0,0,0,0,0,0.000427922,0,0.363680128,0,0,0,0,0,0,0,0,0.018543283,0,0.000142641,0,0,0,0,0,0,0,0,0,0,0,0,0,0,0.00673977,0,0,0,0,0,0,0,0.535152001,0.050084693,0.000392262,0.001194615,0,0,0,0,0,0,0,0,0.00228225,0.011767852,0,0.000838014,0.007934385,0,0,0,0,0,0,0,0,0,0,0,0,0.000820184
K160TY18.04,0,0,0,0,0,0,0,0.098289638,0,0,0,0,0,0,0,2.50E-05,0.015131086,0,0.010861423,0,0,0,0,0,0,0,0,0,0,0,0,0,0,0,0,0,0,0,0,0,0,0.808377029,0.011872659,0,0.018464419,0,0,0,0,0,0,0,0,0.001111111,0.017578027,0,0,0.017278402,0,0.000411985,0,0,0,0,0.000599251,0,0,0,0,0,0
B160VRX9.04,0,0,0,0,0,0,0,0.020469799,0,0,0,0,0,0,0,0,0.039807047,0,8.39E-05,0,0,0,0,0,0,0,0,0,0,0,0,0,0,0,0,0,0,0,0,0,0,0.636912752,0.091526846,0,0.008431208,0,0,0,0,0,0,0,0,0,0.012709732,0,0,0.190058725,0,0,0,0,0,0,0,0,0,0,0,0,0
J160TMS4.04,0,0,0,0,0,0,0,0.831492857,0,0,0,0,0,0,0,0,0,0,0,0,0,0,0,0,0,0,0,0,0,0,0,0,0,0.002620545,0,0,0,0,0,0,0,0.156464824,0.004339135,0,0,0,0,0,0,0,0,0,0,0.002961825,0,0,0,0.002120813,0,0,0,0,0,0,0,0,0,0,0,0,0
H160T8W8.04,0,0,0,0,0,0,0,0.504502143,3.08E-05,0,0,0,0,0,0,0,0.000555059,0,0.000354621,0,0,0,0,0,0,0,0,0,0,0,0,0,0,0,0,0,0,0,0,0,0,0.257439329,0.004918437,0,0.000154183,0,0,0,0,0,0,0,0,4.63E-05,0.219587406,0,0.000107928,0.012242129,0,0,0,0,0,0,0,0,0,0,0,0,6.17E-05
C160WDRV.04,0,0,0,0,0,0,0,0.029921772,0,0,0,0,0,0,0,0,0.007917678,0,0.002603072,0,0,0,0,0,0,0,0,0,0,0,0,0,0,0,0,0,0,0,0,0,0,0.625238954,0.022749766,0,0.00104394,0,0,0,0,0,0,0,0,0.005138356,0.002657303,0,0,0.301969929,0,0,0,0,0,0,0.000759229,0,0,0,0,0,0
J160VFWN.04,3.07E-05,0,0,0,0,0,0,0.375975782,0,0,0,0,0,0,0,0,0.039338619,0,0.003088696,0,0,0,7.68E-05,0,0,0,0,0,0,0,0,0,0,0.000107567,0,0,0,0,0,0,0,0.285051325,0.046530211,0,0.026983834,0,0,0,0,0,0,0,0,0.003134796,0.009834655,0,0,0.209662548,0,0,0,0,0,0,0.0001844,0,0,0,0,0,0
H160TXB0.04,0,0,0,0,0,0,0,0.025525444,0,0,0,0,0,0,0,0,0.042632922,0,0.039835985,0,0,0,0,0,0,0,0,0,0,0,0,0,0,0.000108619,0,0,0,0,0,0,0,0.753951013,0.019198392,0,0,0,0,0,0,0,0,0,0,0,0.114620105,0,0,0.004127519,0,0,0,0,0,0,0,0,0,0,0,0,0
J160VL5R.04,0,0,0,0,0,0,0,0.779886288,0.000147678,0,0,0,0,0,0,0,0.004522632,0,0.008251495,3.69E-05,0,0,0,0,0,0,0,0,0,0,0,0,0,0,0,0,0,0,0,0,0,0.189064461,0.008491472,0,0.000387654,0,0,0,0,0,0,0,0,0.000479953,0.00858377,0,0,0.000129218,0,0,0,0,0,0,1.85E-05,0,0,0,0,0,0
B160V5WC.04,1.91E-05,0,0,0,0,0,0,0.006658145,1.91E-05,0,0,0,0,0,0,0,0.026975981,0,0.0010302,0,0,0,0,0,0,0,0,0,0,0,0,0,0,0,0,0,0,0,0,0,0,0.883358452,0.050136406,0.000133544,0.003930023,0,0,0,0,0,0,0,0,1.91E-05,0.024057081,0,0.003033367,0.000610489,0,1.91E-05,0,0,0,0,0,0,0,0,0,0,0
G160WZDZ.04,0,0,0,0,0,0,0,0.896110679,0,0,0,0,0,0,0,0,0.000966774,0,0.001011223,0.000211135,0,0,0,0,0,0,0,0,0,0,0,0,0,0,0,0,0,0,0,0,0,0.09313257,0.00213357,0.000200022,0.000244472,0,6.67E-05,0,0,0,0,0,0,0.000933437,0.003700411,0,0,0.000866763,0,0,0,0,0,0,0.000111123,0,0,0,0,0,0.000311146
J160TLV2.04,0,0,0,0,0,0,0,0.539280267,0,0,0,0,0,0,0,6.70E-05,0.000351989,0,0,0,0,0,0,0,0,0,0,0,0,0,0,0,0,0,0,0,0,0,0,0,0,0.452825129,0.001877273,0,0.000905114,0,0,0,0,0,0,0,0,0,0.004693183,0,0,0,0,0,0,0,0,0,0,0,0,0,0,0,0
H160W0PX.04,0,0,0,0,0,0,0,0.023548645,0,0,0,0,0,0,0,0,0.152961842,0,0,0,0,0,0,0,0,0,0,0,0,0,0,0,0,0,0,0,0,0,0,0,0,0.720146788,0.062889144,0,0.001652231,0,0,0,0,0,0,0,0,1.74E-05,0.02768792,0,0.005548019,0.004417545,0,0,0,0,0,0,0.001130474,0,0,0,0,0,0
H160VVL2.04,0,0,0,0,0,0,0,0.017993012,0,0,0,0,0,0,0,0,0.048854814,0,0.005706522,0,0,0,0,0,0,0,0,0,0,0,0,0,0,0.049495342,0,0,0,0,0,0,0,0.798583075,0.010423137,0,0.000329969,0,0,0,0,0,0,0,0,0.015081522,0.015100932,0,0,0.005493012,0,0,0,0,0,0,0.02173913,0,0,0,0,0,0.011199534
D160SZZ6.04,0,0,0,0,0,0,0,0.558641755,0,0,0,0,0,0,0,1.79E-05,0.00191126,0,0.001214633,0,0,0,0,0,0,0,0,0,0,0,0,0,0,0,0,0,0,0,0,0,0,0.431766219,0.005876679,0,0,0,0,0,0,0,0,0,0,0.000500143,0,0,0,7.14E-05,0,0,0,0,0,0,0,0,0,0,0,0,0
A160TX17.04,0,0,0,0,0,0,0,0.78351943,0,0,0,0,0,0,0,0,4.42E-05,0,0.00561235,0,0,0,0,0,0,0,0,0,0,0,0,0,0,0.000353534,0,0,0,0.000368264,0,0,0,0.181333412,0.000618684,0,0,0,0,0,0,0,0,0,0,0.000397726,0.00050084,0,0.00025042,0.026544501,0,0,0,0,0,0,4.42E-05,0,0,0,0,0,0.000412456
A160T6VM.04,0,0,0,0,0,0,0,0.698045575,0,0,0,0,0,0,0,0,0,0,0,0,0,0,0,0,0,0,0,0,0,0,0,0,0,0,0,0,0,0,0,0,0,0.301374072,1.71E-05,0,0,0,0,0,0,0,0,0,0,0,0.000546215,0,0,1.71E-05,0,0,0,0,0,0,0,0,0,0,0,0,0
J160TFL8.04,0,0,0,0,0,0,0,0.420687121,0,0,0,0,0,0,0,0,0,0,1.84E-05,0,0,0,0,0,0,0,0,0,0,0,0,0,0,0,0,0,0,0,0,0,0,0.571945618,0.003178394,0,0,0,0,0,0,0,0,0,0,0.000771633,0.001671872,0,0,5.51E-05,0,0,0,0,0,0,0,0,0,0,0,0,0.001671872
D160VSD3.04,0,0,0,0,0,0,0,0.970161896,0,0,0,0,0,0,0,0,0.001246584,0,3.20E-05,0,0,0,0,0,0,0,0,0,0,0,0,0,0,1.60E-05,0,0,0,0,0,0,0,0.018586885,0.002956641,4.79E-05,0.000239728,0,0,0,0,0,0,0,0,9.59E-05,0.000127855,0,0,0.006264883,0,0,0,0,0,0,1.60E-05,0,0,0,0,0,0.000207764
B160TXHF.04,0,0,0,0,0,0,0,0.271428721,0,0,0,0,0,0,0,0,0.003529128,0,0.001466107,0,0,0,0,0,0,0,0,0,0,0,0,0,0,0,0,0,0,0,0,0,0,0.713124797,0.004262182,0,0.000617859,0,0,0,0,0,0,0,0,0.002785603,0.002031605,0,0,0.000387471,0,0,0,0,0,0,0,0,0,0,0,0,0.000366527
B160TP5W.04,0,0,0,0,0,0,0,0.453394631,0.000144901,0,0,0,0,0,0,0,0.010986116,0,7.90E-05,0,0,0,0,0,0,0,0,0,0,0,0,0,0,0,0,0,0,0,0,0,0,0.525594752,0.009484417,5.27E-05,0,0,0,0,0,0,0,0,0,0.000263456,0,0,0,0,0,0,0,0,0,0,0,0,0,0,0,0,0
K160V4D4.04,0,0,0,0,0,0,0,0.937355165,0,0,0,0,0,0,0,0,7.62E-05,0,0,0,0,0,0,0,0,0,0,0,0,0,0,0,0,0,0,0,0,0,0,0,0,0.030537261,0.001051958,0.000228686,0,0,0,0,0,0,0,0,0,0.000411636,0.000350653,0,0,0.029790218,0,0,0,0,0,0,0.000198195,0,0,0,0,0,0
K160TCGB.04,0,0,0,0,0,0,0,0.816339278,0,0,0,0,0,0,0,0,0.000150771,0,0,0,0,0,0,0,0,0,0,0,0,0,0,0,0,0,0,0,0,0,0,0,0,0.058477643,0.000430775,0,0,0,0,0,0,0,0,0,0,2.15E-05,0.12449384,0,0,8.62E-05,0,0,0,0,0,0,0,0,0,0,0,0,0
E160T172.04,0,0,0,0,0,0,0.000391215,0.68990842,0,0,0,0,0,0,0,3.56E-05,0.000320085,0,0.000693518,0,0,0,0,0,0,0,0,0,0,0,0,0,0,0,0,0,0,0,0,0,0,0.301911621,0.001191429,0,0.000248955,0,0,0,0,0,0,0,0,0.00042678,0.004765715,0,0,8.89E-05,0,0,0,1.78E-05,0,0,0,0,0,0,0,0,0
C160QZXL.04,0,0,0,0,0,0,0,0.856157017,0,0,0,0,0,0,0,0,0.001989604,0,0,0,0,0,0,0,0,0,0,0,0,0,0,0,0,0,0,0,0,0,0,0,0,0.125094103,0.011364044,0,0,0,0,0,0,0,0,0,0,0.005251837,0,0,0,0.000143395,0,0,0,0,0,0,0,0,0,0,0,0,0
K160TD1B.04,0,0,0,0,0,0,0,0.691812636,0,0,0,0,0,0,0,0,0.000251833,7.00E-05,0,0,1.40E-05,0,0,0,0,0,0,0,0,0,0,0,0,0,0,0,0,0.000139907,0,0,0,0.28801276,0.015207902,0,0,0,0,0,0,0,0,0,0,0.003777492,0.000475684,0,8.39E-05,0,0,0,0,0,0,0,0,0,0,0,0,0,0.000153898
K160TY4J.04,0,0,0,0,0,0,0,0.270240783,0,0,0,0,0,0,0,0,0.006305026,0,0,0,0,0,0,0,0,0,0,0,0,0,0,0,0,0,0,0,0,0,0,0,0,0.712518712,0.005074468,0,0.00026641,0,0,0,0,0,0,0,0,0.004681197,0,0,0,0.000735798,0,0,0,0,0,0,0,0,0,0,0,0,0.000177606
B160TMT1.04,0,0,0,0,0,0,0,0.335432421,0,0,0,0,0,0,0,5.16E-05,0.001264614,0,0,0,0,0,0,0,0,0,0,0,0,0,0,0,0,0,0,0,0,0,0,0,0,0.660799546,0.000748445,0,0,0,0,0,0,0,0,0,0,0.000412935,0.000851679,0,0,2.58E-05,0,0,0,0,0,0,0,0,0,0,0,0,0.000412935
E160VJ0F.04,0,0,0,0,0,0,0,0.547752521,0,0,0,0,0,0,0,0,5.13E-05,0,0.006494616,0,0,0,0,0,0,0,0,0,0,0,0,0,0,5.13E-05,0,0,0,0,0,0,0,0.427670484,0.000717826,0,0,0,0,0,0,0,0,0,0,0.001145103,0.002717484,0,0,0.013399419,0,0,0,0,0,0,0,0,0,0,0,0,0
E160RYH7.04,0,0,0,0,0,0,0,0.006256412,0,0,0,0,0,0,0,0,0,0,1.68E-05,0,0,0,0,0,0,0,0,0,0,0,0,0,0,0,0,0,0,0,0,0,0,0.992297213,0.001210918,0,0,0,0,0,0,0,0,0,0,0,3.36E-05,0,0,0.000185001,0,0,0,0,0,0,0,0,0,0,0,0,0
F160T37P.04,0,0,0,0,0,0,0,0.379008959,0,0,0,0,0,0,0,0,2.92E-05,0,0,7.30E-05,0,0,0,0,0,0,0,0,0,0,0,0,0,0,0,0,0,0,0,0,0,0.613213879,0.007354014,0,0,0,0,0,0,0,0,0,0,0.000321009,0,0,0,0,0,0,0,0,0,0,0,0,0,0,0,0,0
H160RXJ3.04,0,0,0,0,0,0,0,0.71693366,0,0,0,0,0,0,0,0,0.000235582,0,0.000188466,0,0,0,0,0,0,0,0,0,0,0,0,0,0,0,0,0,0,0,0,0,0,0.282387863,0,0,0,0,0,0,0,0,0,0,0,0,0.000226159,0,0,2.83E-05,0,0,0,0,0,0,0,0,0,0,0,0,0
G160SZN6.04,0,0,0,0,0,0,0,0.03352096,0,0,0,0,0.000503696,0,0,0,0.002039968,0,0,0,0,0,0,0,0,0,0,0,0,0,0,0,0,0,0,0,0,0.000302218,0,0,0,0.936219511,0.007001373,0,0,0,0,0,0,0,0,0,0,0.00152368,0.018221198,0,0,0.000440734,0,0,0,0.000226663,0,0,0,0,0,0,0,0,0
J160RTZZ.04,0,0,0,0,0,0,0,0.153218422,0,0,0,0,0,0,0,0,0,0,1.01E-05,0,0,0,0,0,0,0,0,0,0,0,0,0,0,0,0,0,0,0,0,0,0,0.838218573,0.00013081,0,2.01E-05,0,0,0,0,0,0,0,0,0,0.000171059,0,0,0.0081907,0,0,0,0,0,0,0,0,0,0,0,0,4.02E-05
K160S0RP.04,0,0,0,0,0,0,0,0.011242433,0,0,0,0,0,0,0,0,0,0,0,0,0,0,0,0,0,0,0,0,0,0,0,0,0,0,0,0,0,0,0,0,0,0.988551662,0,0,0,0,0,0,0,0,0,0,0,0,4.12E-05,0,0,0.000164724,0,0,0,0,0,0,0,0,0,0,0,0,0
G160TPXS.04,0,0,0,0,0,0,0,0.020558288,0.005561951,0,0,0,0,0,0,0,0.01321711,0,0.017493234,0,0,0,0,0,0,0,0,0,0,0,0,0,0,0.000717671,0,0,0,0,0,0,0,0.504747096,0.013441383,0,0.011542544,0,0,0,0,0,0,0,0,0.004066803,0.12889673,0,0,0.279757188,0,0,0,0,0,0,0,0,0,0,0,0,0
J160V5NQ.04,0,0,0,0,0,0,0,0.019167519,0,0,0,0,0,0,0,0,0.036453004,0,0.00116942,0,0,0,0,0,0,0,0,0,0,0,0,0,0,0,0,0,0,0,0,0,0,0.84410174,0.069215027,0,0,0,0,0,0,0,0,0,0,0.002521561,0.024502997,0,0,0.000146177,0,0,0,0,0,0,0.002722555,0,0,0,0,0,0
D160TMTY.04,0,0,0,0,0,0,0,0.220227183,0,0,0,0,0,0,0,0,0.015460508,0,0.002986259,0,0,0,0,0,0,0,0,0,0,0,0,0,0,0,0,0,0,0,0,0,0,0.728382695,0.014439887,0,0.001152923,0,0,0,0,0,0,0,0,0.005745714,0.006747434,0,0,0.004573891,0,0,0,0,0,0,0.000283506,0,0,0,0,0,0
H160RWC7.04,0,0,0,0,0,0,0,0.920249844,0,0,0,0,0,0,0,0,0,0,0,0,0,0,0.004956306,0,0,0,0,0,0,0,0,0,0,0,0,0,0,0,0,0,0,0.054273003,0.002681043,0,0,0,0,0,0,0,0,0,0,1.45E-05,0.017491993,0,0,0.000333319,0,0,0,0,0,0,0,0,0,0,0,0,0
E160RL7N.04,0,0,0,0,0,0,0,0.975877328,0,0,0,0,0,0,0,0,1.54E-05,0,0,0,0,0,0,0,0,0,0,0,0,0,0,0,0,0,0,0,0,0,0,0,0,0.017838486,1.54E-05,0,0,0,0,0,0,0,0,0,0,0,0.006253457,0,0,0,0,0,0,0,0,0,0,0,0,0,0,0,0
E160TC8Z.04,0,0,0,0,0,0,0,0.177910375,0,0,0,0,0,0,0,0,0.000172512,0,0,0,0,0,0,0,0,0,0,0,0,0,0,0,0,0,0,0,0,0,0,0,0,0.819928154,0.000213103,0,8.12E-05,0,0,0,0,0,0,0,0,0,0.001684527,0,0,1.01E-05,0,0,0,0,0,0,0,0,0,0,0,0,0
K160T23W.04,0,0,0,0,0,0,0,0.000381855,6.06E-06,0,0,0,0,0,0,0,0.00030306,0,3.03E-05,0,0,0,0,0,0,0,0,0,0,0,0,0,0,0,0,0,0,0,0,0,0,0.998508946,0.000224264,0,3.64E-05,0,0,0,0,0,0,0,0,6.06E-06,1.82E-05,0,0,0.000472773,0,0,0,0,0,0,0,0,0,0,0,0,1.21E-05
K160RKN5.04,0,0,0,0,0,0,0,0.043152532,0,0,0,0,0,0,0,0,7.19E-05,0,0,0,0,0,0,0,0,0,0,0,0,0,0,0,0,0,0,0,0,0,0,0,0,0.884243332,8.39E-05,0,0,0,0,0,0,0,0,0,0,7.19E-05,0.060725202,0,0,0.011639197,0,0,0,0,0,0,0,0,0,0,0,0,1.20E-05
B160WJ6V.04,0,0,0,0,0,0,0,0.020511296,0.007233452,0,0,0,0,0,0,0,0.032414289,0,0.025787753,0.001189061,0,0,0,0,0,0,0,0,0,0,0,0,0,0,0,0,0,0,0,0,0,0.564940052,0.138339774,0.003369005,0,0,0,0,0,0,0,0,0,0.002700159,0.179374752,0,0,0.024140408,0,0,0,0,0,0,0,0,0,0,0,0,0
B160WCHZ.04,0,0,0,0,0,0,0,0.62271202,0,0,0,0,0,0,0,0,0.012812691,0.002898109,0,0,0,0,0,0,0,0,0,0,0,0,0,0,0,0,0,0,0,0,0,0,0,0.262888957,0.05235662,0,0,0,0,0,0,0,0,0,0,0.017960647,0.005109823,0,0,0.023261135,0,0,0,0,0,0,0,0,0,0,0,0,0
J160TYYM.04,0,0,0,0,0,0,0,0.438289153,0,0,0,0,0,0,0,0,0.012900619,0,0.001053406,0,0,0,0,0,0,0,0,0,0,0,0,0,0,0,0,0,0,0,0,0,0,0.284924746,0.022828612,0.00063493,0.001154418,0,0,0,0,0,0,0,0,0,0.012857328,0,0.000288604,0.224967171,0,0,0,0,0,0,0.000101012,0,0,0,0,0,0
D160V9NW.04,0,0,0,0,0,0,0,0.34892355,0,0,0,0,0,0,0,0,0.001795012,0,0.000680098,0,0,0,0,0,0,0,0,0,0,0,0,0,0,0.006745231,0,0,0,0,0,0,0,0.302342435,0.000769291,0,0,0,0,0,0,0,0,0,0,0.000267579,0.015497307,0,0,0.322979497,0,0,0,0,0,0,0,0,0,0,0,0,0
F160TG7J.04,0,0,0,0,0,0,0,0.173452577,0,0,0,0,0,0,0,0,0.000500118,0,0,0,0,0,0,0,0,0,0,0,0,0,0,0,0,0,0,0,0,0,0,0,0,0.163464933,0.003059543,0,0,0,0,0,0,0,0,0,0,0,0.001029654,0,0,0.658493175,0,0,0,0,0,0,0,0,0,0,0,0,0
C160W4CX.04,0,0,0,0,0,0,0.00047459,0.1973347,0,0,0,0,0.000740361,0,0,0,0.005486265,0,0.000360689,0,0,0,0,0,0,0,0,0,0,0,0,0,0,0.005960856,0,0,0,0,0,0,0,0.127076333,0.00267669,0,0.001385804,0,0,0,0,0,0,0,0,0.000949181,0.329517626,0,0,0.328036904,0,0,0,0,0,0,0,0,0,0,0,0,0
K160W0T4.04,0,0,0,0,0,0,0,0.457056279,0,0,0,0,0,0,0,0,0.014494076,0,0.000967489,0,0,0,0,0,0,0,0,0,0,0,0,0,0,0,0,0,0,0,0,0,0,0.32608021,0.014804403,0,0.000693671,0,0,0,0,0,0,0,0,0.025245979,0.014621858,0,0,0.145798726,0,0,0,0,0,0,0.000237309,0,0,0,0,0,0
J160TY25.04,0,0,0,0,0,0,0,0.034483262,0,0,0,0,0,0,0,0,0.024234638,0.000321182,0,0,0,0,0,0,0,0,0,0,0,0,0,0,0,0,0,0,0,0,0,0,0,0.485729302,0.043184373,0.000379579,0.005752077,0,0,0,0,0,0,0,0,0,0.049958392,0,0.000802955,0.354190694,0,0,0,0,0,0,0,0,0,0,0,0,0.000963546
G160V0S2.04,0,0,0,0,0,0,0,0.057983963,0,0,0,0,0,0,0,0,0.026882754,0,0.000814286,0,0,0,0,0,0,0,0,0,0,0,0,0,0,0,0,0,0,0,0,0,0,0.749878423,0.027583945,0.000339286,5.65E-05,0,0,0,0,0,0,0,0,0.000350595,0.047081576,0,0,0.088711958,0,0,0,0,0,0,0.000316667,0,0,0,0,0,0
C160T8LH.04,0,0,0,0,0,0,0,0.307738931,0,0,0,0,0,0,0,0,0.000952454,0,0,0,0,0,0,0,0,0,0,0,0,0,0,0,0,0,0,0,0,0,0,0,0,0.61429451,0.005483828,0,0.000596487,0,0,0,0,0,0,0,0,9.62E-06,0.005493448,0,0,0.065430721,0,0,0,0,0,0,0,0,0,0,0,0,0
E160T6RX.04,1.74E-05,0,0,0,0,0,0,0.555286198,0,0,0,0,0,0,0,0,0.00870278,0,0.007830758,0,0,0,0,0,0,0,0,0,0,0,0,0,0,0.000348809,0,0,0,0,0,0,0,0.096288674,0.007028498,5.23E-05,0.000627856,0,0,0,0,0,0,0,0,0.000366249,0.066570163,0,8.72E-05,0.256357041,0,0,0,0,0,0,0.000436011,0,0,0,0,0,0
D160VVXW.04,0,0,0,0,0,0,0,0.045050209,0,0,0,0,0,0,0,0,0.024584421,0,2.12E-05,0,0,0,0,0,0,0,0,0,0,0,0,0,0,0,0,0,0,0,0,0,0,0.402352292,0.034605015,0,0.000551982,0,0,0,0,0,0,0,0,0.006220411,0.215421523,0,0,0.270534785,0,0,0,0,0,0,0.000658132,0,0,0,0,0,0
E160W4JT.04,0.002914064,0,0,0,0,0,0,0.169881274,0,0,0,0,0,0,0,0,0.000562616,0,0.041258529,0,0,0,0,0,0,0,0,0,0,0,0,0,0,0,0,0,0,0,0,0,0,0.584890146,0.002957342,0.000216391,0.000230817,0,0,0,0,0,0,0,0,0.000346225,0.131378121,0,0,0.061916646,0,0,0,0,0,0,0.003447828,0,0,0,0,0,0
H160V6XZ.04,0,0,0,0,0,4.31E-05,0,0.854840099,0,0,0,0,0,0,0,0,0.002296607,0,0.000244014,0,0,0,0,0,0,0,0,0,0,0,0,0,0,0,0,0,0,0,0,0,0,0.086826089,0.015717403,0,5.74E-05,0,0,0,0,0,0,0,0,5.74E-05,0.00071769,0,0.000200953,0.038138026,0,0,0,0,0,0,0.00030143,0,0,0,0,0,0.000559798
J160W20W.04,0,0,0,0,0,0,0,0.114011248,0,0,0,0,0,0,0,0,0.020262089,0,0.011732099,0,0,0,0,0,0,0,0,0,0,0,0,0,0,0,0,0,0,0,0,0,0,0.573715793,0.000161451,0,0,0,0,0,0,0,0,0,0,0.093237898,0.048677448,0,0,0.123698302,0,0,0,0,0,0,5.38E-05,0,0,0,0,0,0.014449856
K160W2Z0.04,0,0,0,0,0,0,0,0.32705246,0,0,0,0,0,0,0,0,0.027475066,0,0,0,0,0,0,0,0,0,0,0,0,0,0,0,0,0,0,0,0,0,0,0,0,0.303409027,0.030551643,0.002152476,0,0,0,0,0,0,0,0,0,0.000957908,0.001329802,0,0,0.305617851,0,0,0,0,0,0,0,0,0,0,0,0,0.001453767
B160W4S8.04,0,0,0,0,0,0,0,0.13064847,0,0,0,0,0,0,0,0,0.009895451,0,0.000987351,0,0,0,0,0,0,0,0,0,0,0,0,0,0,0.001513938,0,0,0,0,0,0,0,0.483187608,0.03082729,0,0.005386548,0,0,0,0,0,0,0,0,0.003236317,0.263754347,0,0,0.07056268,0,0,0,0,0,0,0,0,0,0,0,0,0
F160V0CJ.04,0.019947591,0,0,0,0,0,0.0001847,0.193877198,0,0,0,0,0,0,0,0,0.012132476,0,0.033292161,0,0,0,0,0,0,0,0,0,0,0,0,0,0,0.000484837,0,0,0,0,0,0,0,0.462707932,0.099218488,0.000230875,0.011693814,0,0,0,0,0,0,0,0,0.000196244,0.10982719,0,0,0.055156014,0,0,0,0,0,0,0.001050481,0,0,0,0,0,0
J160WMY0.04,0,0,0,0,0,0,0,0.856715592,0,0,0,0,0,0,0,0,0.005411199,0,0,0,0,0,0,0,0,0,0,0,0,0,0,0,0,0,0,0,0,0,0,0,0,0.10258804,0.005929845,0,0,0,0,0,0,0,0,0,0,0.000414916,0,0,0,0.028940408,0,0,0,0,0,0,0,0,0,0,0,0,0
C160VXQD.04,0,0,0,0,0,0,7.69E-05,0.809957881,0,0,0,0,0.000122975,0,0,0,0.000461155,0.000660989,0.000568758,0,0,0,0,0,0,0,0,0,0,0,0,0,0,0,0,0,0,0,0,0.000292065,0,0.098779476,0.004796016,0,0,0,0,0,0,0,0,0,0,0.003981308,0.000445784,0,0,0.0796569,0,0,0,0,0,0,0,0,0,0,0,0,0.000199834
G160VJ7J.04,0,0,0,0,0,0,0,0.596894256,0,0,0,0,0,0,0,0,2.91E-05,0,0.002578408,0,0,0,0,0,0,0,0,0,0,0,0,0,0,0.009832913,0,0,0,0,0,0,0,0.206942765,0.027022303,0,0,0,0,0,0,0,0,0,0,0,1.46E-05,0,0,0.150378021,0,0,0,0,0,0,0,0,0,0,0,0,0.006307632
C160SWR8.04,2.13E-05,0,0,0,0,0,0,0.399409923,0.000223676,0,0,0,0,0,0,0,0.015018214,0,0.000671027,0,0,0,0,0,0,0,0,0,0,0,0,0,0,0,0,0,0,0,0,0,0,0.19929489,0.021856294,0.000138466,0.000692329,0,0,0,0,0,0,0,0,8.52E-05,0.31287945,0,0.000607119,0.048899729,0,0,0,0,0,0,0.000202373,0,0,0,0,0,0
F160SRH1.04,5.74E-05,0,0,0,0,0,0,0.020560126,0,0,0,0,0,0,0,0,0.021948393,0,0.0016751,1.15E-05,0,0,0,0,0,0,0,0,0,0,0,0,0,0,0,0,0,0,0,0,0,0.893860645,0.019366904,0.000791657,0.005461283,0,0,0,0,0,0,0,0,0.001434161,0.008834429,0,0.001101435,0.023084248,0,0.000539244,0.000229466,3.44E-05,0,0,0.001009649,0,0,0,0,0,0
H160WH7L.04,0.000622977,0,0,0,0,0,0,0.058979672,0,0,0,0,0,0,0,0,0.01413887,0,0.01068541,0,0,0,0,0,0,0,0,0,0,0,0,0,0,0.000297946,0,0,0,0,0,0,0,0.744037704,0.031392624,0,0.002722139,0,0,0,0,0,0,0,0,0,0.025704573,0,0,0.110524249,0,0.000826122,0,0,0,0,6.77E-05,0,0,0,0,0,0
C160TZK8.04,0,0,0,0,0,0,0,0.963405436,0.00010559,0,0,0,0,0,0,0,0.000724047,0,0.00122183,9.05E-05,0,0,0,0,0,0,0,0,0,0,0,0,0,0,0,0,0,0,0,0,0,0.01710562,0.002866021,0,0,0,0,0,0,0,0,0,0,0.001417926,0.00055812,0,0,0.012369144,0,0,0,0,0,0,0.000135759,0,0,0,0,0,0
F160T7WK.04,7.77E-05,0,0,0,0,0,0,0.496759454,3.11E-05,0,0,0,0,0,0,0,0.016505805,0,0.001087953,7.77E-05,0,0,0,0,0,0,0,0,0,0,0,0,0,0.000170964,0,0,0,0,0,0,0,0.39401004,0.028286784,7.77E-05,0.002331328,0,0,0,0,0,0,0,0,0.000777109,0.05878056,0,0.00035747,0.000466266,0,0,0,0,0,0,0.00013988,0,0,0,0,0,6.22E-05
B160SN73.04,0,0,0,0,0,0,0,0.820697288,0,0,0,0,0,0,0,0,0.000201238,0,0,0,0,0,0,0,0,0,0,0,0,0,0,0,0,0,0,0,0,0,0,0,0,0.172822861,0.005845953,0,0,0,0,0,0,0,0,0,0,0.000120743,0.000251547,0,0,1.01E-05,0,0,0,0,0,0,5.03E-05,0,0,0,0,0,0
D160SJHM.04,0,0,0,0,0,0,0,0.260412302,0,0,0,0,0,0,0,0,0.000255517,0,0,0,0,0,0,0,0,0,0,0,0,0,0,0,0,1.02E-05,0,0,0,0,0,0,0,0.624145297,0.00107317,0,0,0,0,0,0,0,0,0,0,0.000102207,0.108155068,0,0,0.005549821,0,0,0,0,0,0,0,0,0,0,0,0,0.000296399
J160SM6S.04,0,0,0,0,0,0,0,0.401683646,0,0,0,0,0,0,0,0,2.76E-05,0,0,0,0,0,0,0,0,0,0,0,0,0,0,0,0,0,0,0,0,0,0,0,0,0.597639025,0.00031793,0,2.76E-05,0,0,0,0,0,0,0,0,0.000110584,8.29E-05,0,0,0.000110584,0,0,0,0,0,0,0,0,0,0,0,0,0
D160TMKJ.04,0,0,0,0,0,0,0,0.000501795,0,0,0,0,0,0,0,0,0.000301077,0,5.58E-05,0,0,0,0,0,0,0,0,0,0,0,0,0,0,0,0,0,0,0,0,0,0,0.984522402,0.000546399,0,8.92E-05,0,0,0,0,0,0,0,0,0,0.004638819,0,0,0.009333393,0,0,0,0,0,0,1.12E-05,0,0,0,0,0,0
K160V3VK.04,1.46E-05,0,0,0,0,0,0,0.506013395,0,0,0,0,0,0,0,0,0.008139196,0,0.000334886,0,0,0,0,0,0,0,0,0,0,0,0,0,0,0,0,0,0,0,0,0,0,0.247553873,0.010177635,0.000378567,0.001368666,0,0,0,0,0,0,0,0,0.000422248,0.154047758,0,7.28E-05,0.07133081,0,0,0,0,0,0,0.000145603,0,0,0,0,0,0
C160WH8H.04,0,0,0,0,0,0,0,0.072044031,0,0,0,0,0,0,0,0,0.008416047,0,0.00491604,0,0,0,0,0,0,0,0,0,0,0,0,0,0,0.005437033,0,0,0,0,0,0,0,0.271477617,0.017633621,0,0,0,0,0,0,0,0,0,0,0.000574429,0.037939004,0,0,0.581562179,0,0,0,0,0,0,0,0,0,0,0,0,0
C160VH7K.04,0,0,0,0,0,0,0,0.06487554,0,0,0,0,0,0,0,0,0.001680904,0,0,0,0,0,0,0,0,0,0,0,0,0,0,0,0,0,0,0,0,0,0,0,0,0.922871314,0.000780748,7.35E-05,0.00033067,0,0,0,0,0,0,0,0,6.43E-05,0.001717645,0,0,0.007605401,0,0,0,0,0,0,0,0,0,0,0,0,0
A160VT6V.04,0,0,0,0,0,0,0,0.267286998,1.18E-05,0,0,0,0,0,0,0,0.011329332,0,0,0,0,0,0,0,0,0,0,0,0,0,0,0,0,0,0,0,0,0,0,0,0,0.563483326,0.032744966,0.000627434,0.000899717,0,0,0,0,0,0,0,0,0.005457494,0.035775592,0,0.001645535,0.079814374,0,0,0,0,0,0,0.000639273,0,0,0,0,0,0.000284121
B160SNMY.04,0,0,0,0,0,0,0,0.776682486,0,0,0,0,0,0,0,0,0.000997122,0,0,0,0,0,0,0,0,0,0,0,0,0,0,0,0,0.019828848,0,0,0,0,0,0,0,0.132238603,0.009365376,0,0,0,0,0,0,0,0,0,0,0.000820417,1.26E-05,0,0,0.060054526,0,0,0,0,0,0,0,0,0,0,0,0,0
E160X7ZB.04,0,0,0,0,0,0,0,0.483283018,0,0,0,0,0,0,0,0,0.01876252,0,0.019961629,0,0,0,0,0,0,0,0,0,0,0,0,0,0,1.41E-05,0,0,0,0,0,0,0,0.319484807,0.03023164,0,0.001283751,0,0,0,0,0,0,0,0,0.004542505,0.025392884,0,2.82E-05,0.097000818,0,0,0,0,0,0,1.41E-05,0,0,0,0,0,0
A160TVXG.04,0,0,0,0,0,0,0,0.016797986,2.74E-05,0,0,0,3.65E-05,0,0,0,0.002462246,0,4.56E-05,0,0,0,0,0,0,0,0,0,0,0,0,0,0,0,0,0,0,0,0,0,0,0.830396878,0.002279857,0,0.000200627,0,0,0,0,0,0,0,0,0,0.012356825,0,0,0.135396148,0,0,0,0,0,0,0,0,0,0,0,0,0
G160W0VF.04,2.13E-05,0,0,0,0,0,0.00017026,0.031157554,0,0,0,0,0,0,0,0,0.02100581,0,0.053206206,0.000319237,0,0,0,0,0,0,0,0,0,0,0,0,0,0.001936706,0,0,0,0,0,0,0,0.766552451,0.022261477,0,0.029093153,0,0,0,0,0,0,0,0,0.00342648,0.061144572,0,0.004171367,0.002809288,0,0.000468215,0,0,0,0,0.002255943,0,0,0,0,0,0
G160TDK8.04,0,0,0,0,0,0,0,0.153956079,0,0,0,0,0,0,0,0,0.003966287,0,0.000758261,0,0,0,0,0,0,0,0,0,0,0,0,0,0,0,0,0,0,0,0,0,0,0.632097757,0.012409227,0.001064481,0.001983143,0,0,0,0,0,0,0,0,0.003397591,0.189302692,0,0.000131237,0.000116655,0,0,0,0,0,0,0.000816588,0,0,0,0,0,0
H160V2JJ.04,0,0,0,0,0,0,0,0.023999799,0.000301095,0,0,0,0,0,0,0,0.024953268,0,0.001618387,0,0,0,0,0,0,0,0,0,0,0,0,0,0,0,0,0,0,0,0,0,0,0.697349107,0.064697838,0,0.000388915,0,0,0,0,0,0,0,0,0.001053833,0.184533741,0,0,0.000639827,0,0,0,0,0,0,0.000464188,0,0,0,0,0,0
D160W0FH.04,0,0,0,0,0,0,0,0.403810023,0,0,0,0,0,0,0,0,8.74E-05,0,0,0,0,0,0,0,0,0,0,0,0,0,0,0,0,0,0,0,0,0,0,0,0,0.272600166,0.02612837,0,0,0,0,0,0,0,0,0,0,0,0.257919343,0,0,0.039454712,0,0,0,0,0,0,0,0,0,0,0,0,0
A160SS7H.04,0,0,0,0,0,0,0,0.536119231,0,0,0,0,0,0,0,0,0,0,0,0,0,0,0,0,0,0,0,0,0,0,0,0,0,0,0,0,0,0,0,0,0,0.384485312,0,0,0,0,0,0,0,0,0,0,0,0,0.002608502,0,0,0.076786955,0,0,0,0,0,0,0,0,0,0,0,0,0
D160SSL7.04,0,0,0,0,0,0.001288192,0,0.029403304,0,0,0,0,0.003952124,0,0,0,0.032742599,0,0.014507798,0,0,0,0,0,0,0,0,0,0,0,0,0,0,0.004890128,0,0,0,0,0,0,0,0.769050865,0.052115512,0.000587816,0.013444727,0,0,0,0,0,0,0,0,0,0.042347762,0,0,0.032792626,0,0.000525282,0,0,0,0,0.002351264,0,0,0,0,0,0
D160TC82.04,0.000320595,0,0,0,0,0,0,0.051701291,0.000320595,0,0,0,0,0,0,0,0.087052236,8.55E-05,0.008078995,0.002073181,0,0,0,0,0,0,0,0,0,0,0,0,0,0,0,0,0,0,0,0,0,0.660340258,0.051722664,0.000683936,0.029516115,0,0,0,8.55E-05,0,0,0.000406087,0,0.001667094,0.102633154,0,0.000363341,0.000491579,0,0,0,0,0,0,0.002457895,0,0,0,0,0,0
K160TBG1.04,2.36E-05,0,0,0,0,0,0,0.030862016,0.001225057,0,0,0,0,0,0,0,0.088156996,0,9.42E-05,0,0,0,0,0,0,0,0,0,0,0,0,0,0,0,0,0,0,0,0,0,0,0.698777299,0.146276533,0.002355879,0.000164912,0,0,0,0,0,0,0,0,0.000164912,0.012792423,0,0.00233232,0.015949301,0,0,0,0,0,0,0.000824558,0,0,0,0,0,0
C160T53D.04,0,0.001872213,0,0,0,0,0.003211129,0.02116168,0.001667972,0,0,0,0.003857893,0,0,0,0.036491133,0.004969874,0.007159796,0.001316222,0,0,0.000714845,0,0,0,0,0,0,0,0,0,0,0.000567337,0,0,0,0,0,0,0,0.809340641,0.052002133,0.000374443,0.013332426,0,0,0.000714845,0,0,0,0,0,0.005639332,0.030953921,0.000192895,0.00100986,0.002462244,0,4.54E-05,0,0,0,0,0.000340402,0,0.000306362,0,0,0,0.000295015
D160V98N.04,0,0,0,0,0,0,0,0.24709616,0,0,0,0,0,0,0,0,0.000108809,0,0.00028109,0,0,0,0,0,0,0,0,0,0,0,0,0,0,0.000154146,0,0,0,0,0,0,0,0.738921884,0.000290157,0.000172281,0,0,0,0,0,0,0,0,0,0.001260371,0.000498708,0,0,0.011207326,0,0,0,0,0,0,9.07E-06,0,0,0,0,0,0
E160WX4S.04,0,0,0,0,0,0,4.31E-05,0.010795278,0.000146698,0,0,0,0,0,0,0,0.000388319,0,0.00012081,0,0,0,0,0,0,0,0,0,0,0,0,0,0,0,0,0,0,0,0,0,0,0.962686825,0.000345173,0,0.000103552,0,0,0,0,0,0,0,0,0.000750751,0.018587553,0,0,0.005902454,0,0,0,0,0,0,6.90E-05,0,0,0,0,0,6.04E-05
H160SX80.04,0,0,0,0,0,0,0,0.367244961,0,0,0,0,0,0,0,0,0,0,9.36E-05,0,0,0,0,0,0,0,0,0,0,0,0,0,0,0,0,0,0,0,0,0,0,0.628675163,0.001871503,0,0,0,0,0,0,0,0,0,0,2.81E-05,0.002021223,0,3.74E-05,0,0,0,0,0,0,0,2.81E-05,0,0,0,0,0,0
J160S707.04,0,0,0,0,0,0,0,0.318178602,0,0,0,0,0,0,0,0,0,0,0,0,0,0,0,0,0,0,0,0,0,0,0,0,0,0,0,0,0,0,7.08E-05,0,0,0.681432211,0.000283046,0,0,0,0,0,0,0,0,0,0,0,0,0,0,3.54E-05,0,0,0,0,0,0,0,0,0,0,0,0,0
D160W7Z2.04,0,0,0,0,0,0,0,0.04361571,0,0,0,0,0,0,0,0,1.31E-05,0,1.31E-05,0,0,0,0,0,0,0,0,0,0,0,0,0,0,0,0,0,0,0,0,0,0,0.948605609,0.002859616,0,0,0,0,0,0,0,0,0,0,0,0.004774772,0,0,0.000118058,0,0,0,0,0,0,0,0,0,0,0,0,0
C160V63R.04,4.10E-05,0,0,0,0,0,0,0.085123831,0.001189109,0,0,0,0,0,0,0,0.105318189,0,0.001332623,0,0,0,0,0,0,0,0,0,0,0,0,0,0,0,0,0,0,0,0,0,0,0.411267837,0.144046252,0.008979826,0.129612924,0,0,0,0,0,0,0,0,0,0.096153846,0,0.015806954,6.15E-05,0,0,0,0,0,0,0.001066098,0,0,0,0,0,0
A160WBC6.04,3.45E-05,0,0,0,0,0,1.15E-05,0.74857997,3.45E-05,0,0,0,0,0,0,0,0.008198229,0,0.00032195,0,0,0,0,0,0,0,0,0,0,0,0,0,0,0.000229964,0,0,0,0,0,0,0,0.201655743,0.019328504,9.20E-05,0.004564792,0,0,0,0,0,0,0,0,0.000137979,0.007565827,0,0.008244222,9.20E-05,0,0,0,0,0,0,0.000908359,0,0,0,0,0,0
B160W5LV.04,0,0,0,0,0,0,0,0.442473204,0,0,0,0,0,0,0,0,0.021297366,0,0.027931625,0,0,0,0,0,0,0,0,0,0,0,0,0,0,0,0,0.002201458,0,0,0,0,0,0.284585807,0.016814759,0,0.00177312,0,0,0,0,0,0,0,0,0.000826792,0.078017293,0,0.001045942,0.123022672,0,0,0,0,0,0,0,0,0,0,0,0,9.96E-06
G160W0DL.04,0,0,0,0,0,0,0,0.346735242,0,0,0,0,0,0,0,0,0.051415195,0,0,0,0,0,0,0,0,0,0,0,0,0,0,0,0,0,0,0,0,0,0,0,0,0.408008176,0.029935875,0,0.004813478,0,0,0,0,0,0,0,0,0.007830144,0.150915715,0,0,0.00032969,0,0,0,0,0,0,0,0,0,0,0,0,1.65E-05
A160T0P6.04,0,0.000529414,0,0,0,0,0,0.002782017,0,0,0,0,0,0,0,0,0,0,0,0,0,0,0,0,0,0,0,0,0,0,0,0,0,0,0,0,0,0,0,0,0,0.986411718,0.000653982,0,0,0,0,0,0,0,0,0,0,0.000539794,0,0,0,0.009083076,0,0,0,0,0,0,0,0,0,0,0,0,0
E160STQV.04,0,0,0,0,0,0,0,0.934217513,0,0,0,0,0,0,0,0,1.23E-05,0,0,0,0,0,0,0,0,0,0,0,0,0,0,0,0,0,0,0,0,0,0,0,0,0.062164265,1.23E-05,0,0,0,0,0,0,0,0,0,0,0,0.002741451,0,0,0.000852073,0,0,0,0,0,0,0,0,0,0,0,0,0
E160T87X.04,0,0,0,0,0,0,0,0.126853768,0,0,0,0,0,0,0,0,0.000110555,0,0,0,0,0,0,0,0,0,0,0,0,0,0,0,0,0,0,0,0,0,0,0,0,0.829429695,0.038915299,0,0,0,0,0,0,0,0,0,0,0,0.004611716,0,0,6.32E-05,0,0,0,0,0,0,0,0,0,0,0,0,1.58E-05
C160V7CP.04,0,0,0.000563892,0,0,0,0,0.016311598,0.000880221,0,0,0,0,0,0,0,0.016682942,0,0.002393101,0,0,0,0,0,0,0,0,0,0,0,0,0,0,0,0,0,0,0,0,0,0,0.533207718,0.030065054,0.000536385,0.001375346,0,0,0,0,0,0,0,0,8.25E-05,0.397364838,0,0,0.000151288,0,0,0,0,0,0,0.000385097,0,0,0,0,0,0
E160SWJM.04,0,0,0,0,0,0,0,0.98997841,0,0,0,0,0,0,0,0,0.000161119,0,0,0,0,0,0,0,0,0,0,0,0,0,0,0,0,0,0,0,0,0,0,0,0,0.006476976,0,0,0,0,0,0,0,0,0,0,0,0,0.003383495,0,0,0,0,0,0,0,0,0,0,0,0,0,0,0,0
H160SXKB.04,0,0,0,0,0,0,0,0.779888846,0,0,0,0,0,0,0,0,0,0,0,0,0,0,0,0,0,0,0,0,0,0,0,0,0,1.62E-05,0,0,0,0,0,0,0,0.215377407,0,0,0,0,0,0,0,0,0,0,0,0,0.004394468,0,0,0.000323123,0,0,0,0,0,0,0,0,0,0,0,0,0
E160SWFX.04,0,0,0,0,0,0,0,0.700746269,0,0,0,0,0,0,0,0,0,0,0,0,0,0,0,0,0,0,0,0,0,0,0,0,0,0,0,0,0,0,0,0,0,0.289528548,0,0,0,0,0,0,0,0,0,0,0,0.000438285,0.000817342,0,0,0.008386638,0,0,0,0,0,0,0,0,0,0,0,0,8.29E-05
E160V00P.04,0,0,0,0,0,0,0,0.037150079,0,0,0,0,0,0,0,0,0.009263675,0,0,0,0,0,0,0,0,0,0,0,0,0,0,0,0,0,0,0,0,0,0,0,0,0.921228957,0.017490104,0,0,0,0,0,0,0,0,0,0,0.000286137,0.014569126,0,0,1.19E-05,0,0,0,0,0,0,0,0,0,0,0,0,0
D160T83D.04,1.03E-05,0,0,0,0,0,0,0.280092497,0,0,0,0,0,0,0,0,0.050759797,0,0.00068134,5.16E-05,0,0,0,0,0,0,0,0,0,0,0,0,0,0,0,0,0,0,0,0,0,0.430596275,0.084878391,0,0.008114135,0,0,0,0,0,0,0,0,0.00462485,0.068753355,0,0.002797622,0.065191807,0,0,0,0,0,0,0.002859561,0,0,0,0.000485196,0,0.000103233
A160TCFC.04,0,0.001675042,0,0,0,0,0,0.018857307,0,0,0,0,0,0,0,0,0.057553392,0,0.005195247,0,0,0,0.001007642,0,0,0,0,0,0,0,0,0,0,0.00010469,0,0,0,0,0,0,0,0.82129397,0.048157454,0.000850607,0.007092755,0,0,0,0,0,0,0,0,0.000549623,0.036968698,0,0.000157035,0,0,0,0,0,0,0,0,0.000405674,0,0,0,0,0.000130863
K160VWKS.04,0,0,0,0,0,0,0,0.352846419,0,0,0,0,0.000652776,0,0,0,0.0105497,0,0.000515904,0.000400088,0,1.05E-05,0,0,0,0,0,0,0,0,0,0,0,0,0,0,0,0.000547489,0,0,0,0.51175523,0.011918424,0.000442203,0.001158151,0,0,0,0,0,0,0,0,0.001105508,0.002747976,0,0,0.105191674,0,0,0,0,0,0,0.00015793,0,0,0,0,0,0
K160SY5T.04,0,1.24E-05,0,0,0,0,0.00012418,0.479634413,0.000620902,0,0,0,0,0,0,0,0.006842341,0.001937214,0.000881681,0,0,0,0,0,0,0,0,0,0,0,0,0,0,0,0,0,0,0,0,0,0,0.481385357,0.014665706,0.000111762,0.000832009,0,0,0,0,0,0,0,0,0.00120455,0.009537055,0.001800616,1.24E-05,0.000223525,0,0,0,0,0,0,0.000173853,0,0,0,0,0,0
G160TYJ6.04,0,0,0,0,0,0,0,0.017112725,0,0,0,0,0,0,0,0,0.010148244,0,0.000198985,0,0,0,0,0,0,0,0,0,0,0,0,0,0,0,0,0,0,0,0,0,0,0.892150035,0.051039698,0,0,0,0,0,0,0,0,0,0,0.003482241,0.02537061,0,0,0.000198985,0,0,0,0,0,0,0.000298478,0,0,0,0,0,0
G160T165.04,0,0,0,0,0,8.58E-06,0,0.52821868,0,0,0,0,0,0,0,0,0.000634899,0,4.29E-05,8.58E-06,0,0,0,0,0,0,0,0,0,0,0,0,0,0,0,0,0,0,0,0,0,0.467508623,0.002479537,0,0,0,0,0,0,0,0,0,0,0.00090087,0.000171594,0,8.58E-06,8.58E-06,0,0,0,0,0,0,8.58E-06,0,0,0,0,0,0
K160TXRQ.04,0,0,0,0,0,0,7.42E-05,0.917975127,0,0,0,0,0,0,0,0,0.002864266,0,0.000148408,0,0,0,0,0,0,0,0,0,0,0,0,0,0,0,0,0,0,0,0,0,0,0.0708201,0.003101719,0,0.001068535,0,0,0,0,0,0,0,0,0.00038586,0.003250126,0,0,0.000237452,0,0,0,0,0,0,7.42E-05,0,0,0,0,0,0
B160T1TH.04,0,0,0,0,0,0.000287484,0,0.743943235,0,0,0,0,0,0,0,0,0.00077098,0,0,0,0,0,0,0,0,0,0,0,0,0,0,0,0,0,0,0,0,0,0,0,0,0.115254946,0.009604579,0,0.000209079,0,0,0,0,0,0,0,0,0.000457361,0.128335468,0,0.000287484,0.000731777,0,0,0,0,0,0,0,0,0,0,0,0,0.000117607
E160T47C.04,0,0,0,0,0,0,0,0.477734567,0.000477827,0,0,0,5.31E-05,0,0,0,0.006809042,0,0.000809652,0,0,0,0,0,0,0,0,0,0,0,0,0,0,0,0,0,0,0,0,0,0,0.418590143,0.022789716,0,0.000172549,0,0,0,0,0,0,0,0,0.000836198,0.067970959,0,0,0.003756255,0,0,0,0,0,0,0,0,0,0,0,0,0
A160W62T.04,0,3.09E-05,0,0,0,0,0,0.103177359,0,0,0,0,0,0,0,0,9.26E-05,0,1.54E-05,0,0,0,0,0,0,0,0,0,0,0,0,0,0,0,0,0,0,0,0,0,0,0.885547143,0.000532518,0,6.17E-05,0,0,0,0,0,0,0,0,0.000293271,3.86E-05,0,0,0.010202743,0,0,0,0,0,0,7.72E-06,0,0,0,0,0,0
G160TB6J.04,0,0,0,0,0,0,0,0.029301126,0,0,0,0,0,0,0,0,0.076992923,0,0.011616678,0,0,0,0,0,0,0,0,0,0,0,0,0,0,0,0,0,0,0,0,0,0,0.489154404,0.042820287,0,1.44E-05,0,0,0,0,0,0,0,0,0.011631091,0.089041984,0,0.00487151,0.229321303,0,0,0,0.005375957,0,0,0,0,0,0,0,0,0.009858323
J160T7Q5.04,0.000122206,0,0,0,0,0,0,0.810118676,0,0,0,0,0,0,0,0,0.012030524,0,0.000122206,0,0,0,0,0,0,0,0,0,0,0,0,0,0,0.000108628,0,0,0,0,0,0,0,0.148670668,0.01907775,8.15E-05,0.001900986,0,0,0,0,0,0,0,0,0.000814708,0.004901828,0,0.001059121,0.00052956,0,0,0,0,0,0,0.00044809,0,0,0,0,0,1.36E-05
A160WDQ1.04,0,0,0,0,0,0,0,0.732850034,0,0,0,0,0,0,0,0,0.016727907,0,1.10E-05,0,0,0,0,0,0,0,0,0,0,0,0,0,0,0,0,0,0,0,0,0,0,0.170423825,0.001599965,0,0.003365443,0,0,0,0,0,0,0,0,0,0.030951041,0,0,0.043342492,0,0,0,0,0,0,0,0,0,0,0,0,0.00072826
F160SS3T.04,0,0,0,0,0,0,4.50E-05,0.950137258,0,0,0,0,0,0,0,0,0.001053058,4.50E-05,0,0,0,0,0,0,0,0,0,0,0,0,0,0,0,3.60E-05,0,0,0,0,0,0,0,0.031123712,0.000693038,9.00E-06,0.00036002,0,0,0,0,0,0,0,0,3.60E-05,0.016326898,0,0,9.00E-06,0,0,0,0,0,0,0,0,0,0,0,0,0.000126007
C160SYY8.04,0,0,0,0,0,0,0,0.046023453,0,0,0,0,0,0,0,0,0,0,0,0,0,0,0,0,0,0,0,0,0,0,0,0,0,0,0,0,0,0,0,0,0,0.821038917,0.000184252,0,0,0,0,0,0,0,0,0,0,0,0,0,0,0.132753379,0,0,0,0,0,0,0,0,0,0,0,0,0
F160SXL7.04,0,0,0,0,0,0,0,0.800915894,0,0,0,0,0,0,0,0,0,0,0,0,0,0,0,0,0,0,0,0,0,0,0,0,0,0.005081181,0,0,0,0,0,0,0,0.188003715,0,0,0,0,0,0,0,0,0,0,0,5.34E-05,1.07E-05,0,0,0.001942805,0,0,0,0,0,0,0,0,0,0,0,0,0.003992357
G160TJ8P.04,0,0,0,0,0,0,0,0.006066992,0,0,0,0,0,0,0,0,0.002340284,0,0,0,0,0,0,0,0,0,0,0,0,0,0,0,0,0.000543478,0,0,0,0,0,0,0,0.15095386,0.009083851,0.000210736,0,0,0,0,0,0,0,0,0,0,0.829591837,0,0,0.001208962,0,0,0,0,0,0,0,0,0,0,0,0,0
C160SN59.04,0,0,0,0,0,0,0,0.36662767,0,0,0,0,0,0,0,0,0,0,0,0,0,0,0,0,0,0,0,0,0,0,0,0,0,0,0,0,0,0,0,0,0,0.630776944,0.002418427,0,0,0,0,0,0,0,0,0,0,0,0.000167127,0,0,9.83E-06,0,0,0,0,0,0,0,0,0,0,0,0,0
K160TF10.04,0,0,0,0,0,0,0,0.155960396,0,0,0,0,0,0,0,0,0.000701556,0,0.002625177,0,0,0,0,0,0,0,0,0,0,0,0,0,0,0,0,0,0,0,0,0,0,0.838200849,0.000780764,0,0,0,0,0,0,0,0,0,0,0.000237624,0.000113154,0.000316832,0,1.13E-05,0,0,0,0,0,0,0,0,0,0,0,0,0.001052334
K160SVPT.04,0,0,0,0,0,0,0,0.022262325,0,0,0,0,0,0,0,0,0.00300238,0,0.000902311,0,0,0,0,0,0,0,0,0,0,0,0,0,0,0,0,0,0,0,0,0,0,0.967460913,0.005461776,0,0.000391268,0,0,0,0,0,0,0,0,7.99E-06,9.58E-05,0,0.000311417,0.000103806,0,0,0,0,0,0,0,0,0,0,0,0,0
K160TL71.04,0,0,0,0,0,0,0,0.270518132,0,0,0,0,0,0,0,0,0.004652978,0,0.000285183,0,0,0,0,0,0,0,0,0,0,0,0,0,0,7.50E-05,0,0,0,0,0,0,0,0.663064361,0.006379083,0,0.003091979,0,0,0,0,0,0,0,0,0,0.007835014,0,0,0.044098223,0,0,0,0,0,0,0,0,0,0,0,0,0
H160T0LB.04,0,0,0,0,0,0,0,0.005323368,0,0,0,0,0,0,0,0,0,0,0,0,0,0,0,0,0,0,0,0,0,0,0,0,0,0,0,0,0,0,0,0,0,0.993959732,0,0,0,0,0,0,0,0,0,0,0,0,0.000305064,0,0,0,0,0,0,0,0,0,0,0,0,0,0,0,0.000411836
B160TYH9.04,0,0,0,0,0,0,0,0.087628566,0,0,0,0,0,0,0,0,0.002760184,0,0,0,0,0,0,0,0,0,0,0,0,0,0,0,0,0,0,0,0,0,0,0,0,0.83653902,0.050700215,0,0,0,0,0,0,0,0,0,0,0.02234296,2.91E-05,0,0,0,0,0,0,0,0,0,0,0,0,0,0,0,0
H160T4QV.04,1.19E-05,0,0,0,0,0,0,0.209750486,0,0,0,0,0,0,0,0,0.004008349,0,0.000343912,0,0,0,0,0,0,0,0,0,0,0,0,0,0,0.003213794,0,0,0,0,0,0,0,0.692863242,0.014420568,0,0.001292633,0,0,0,0,0,0,0,0,0.000343912,0.070418861,0,0.000545515,0.00278687,0,0,0,0,0,0,0,0,0,0,0,0,0
H160VYZZ.04,0,0,0,0,0,0,0,0.089867601,0,0,0,0,0,0.006089723,0,0,0.004563275,0,0.007294813,0,0,0.00626647,0,0,0,0,0,0,0,0,0,0,0,0.212095893,0,0,0,0,0,0,0,0.57659554,0.000208882,0,0,0,0,0,0,0,0,0,0,0.083906421,0.005382737,0,1.61E-05,0.007712578,0,0,0,0,0,0,0,0,0,0,0,0,0
F160WR6Z.04,0,0,0,0,0,0,0,0.510909442,0,0,0,0,0,0,0,0,0.01214842,0,1.61E-05,0,0,0,0,0,0,0,0,0,0,0,0,0,0,0,0,0,0,0,0,0,0,0.257192508,0.011601339,0,0.000160906,0,0,0,0,0,0,0,0,9.65E-05,0.199942074,0,0,0.003491665,0,0,0,0,0,0,0,0,0,0,0,0,0.004441012
F160SC25.04,0,0,0,0,0,0,0,0.062643587,0,0,0,0,0,0,0,0,0.000772855,0,8.47E-05,1.06E-05,0,0,0,0,0,0,0,0,0,0,0,0,0,0.000190567,0,0,0,0,0,0,0,0.933142766,0.001556297,0,0,0,0,0,0,0,0,0,0,0.000243502,0.001206924,0,0,0.000148219,0,0,0,0,0,0,0,0,0,0,0,0,0
G160VZKY.04,0,0,0,0,0,0,0,0.276950773,0,0,0,0,0,0,0,0,0.001906145,0,0,0,0,0,0,0,0,0,0,0,0,0,0,0,0,1.51E-05,0,0,0,0,0,0,0,0.687089649,0.003434087,0.000121025,1.51E-05,0,0,0,0,0,0,0,0,0.000711022,0.002314605,0,0,0.027230644,0,0,0,0,0,0,0.000211794,0,0,0,0,0,0
B160V2HM.04,0,0,0,0,0,0,0,0.071910014,0.000481443,0,0,0,0,0,0,0,0.051426821,0,0.001269258,0,0,0,0,0,0,0,0,0,0,0,0,0,0,0.000218838,0,0,0,0,0,0,0,0.654017857,0.025560224,0,4.38E-05,0,0,0,0,0,0,0,0,0,0.194152661,0,8.75E-05,0.000831583,0,0,0,0,0,0,0,0,0,0,0,0,0
A160WJ84.04,0,0,0,0,0,0,0,0.044053213,0,0,0,0,0,0,0,0,0.001164869,0,0,0,0,0,0,0,0,0,0,0,0,0,0,0,0,0,0,0,0,0,0,0,0,0.947011715,0.00398438,0,0.000714806,0,0,0,0,0,0,0,0,0.000820703,0.002051757,0,0,0.000198557,0,0,0,0,0,0,0,0,0,0,0,0,0
F160V1LF.04,0,0,0,0,0,0,0,0.077698025,0,0,0,0,0,0,0,0,0,0,0.000195371,0,0,0,0,0,0,0,0,0,0,0,0,0,0,0.000594606,0,0,0,0,0,0,0,0.888562327,0.001044808,0.000212359,9.34E-05,0,0,0,0,0,0,0,0,0.007475048,0.000288809,0,0,0.023835209,0,0,0,0,0,0,0,0,0,0,0,0,0
E160SCJM.04,0,0,0,0,0,0,0,0.003721307,0,0,0,0,0,0,0,0,2.46E-05,0,0,0,0,0,0,0,0,0,0,0,0,0,0,0,0,4.91E-05,0,0,0,0,0,0,0,0.995873402,8.60E-05,0,0,0,0,0,0,0,0,0,0,0,0.000245631,0,0,0,0,0,0,0,0,0,0,0,0,0,0,0,0
E160S5PQ.04,0,0,0,0,0,0,0,0.004467396,0,0,0,0,2.05E-05,0,0,0,2.05E-05,0,0,0,0,0,0,0,0,0,0,0,0,0,0,0,0,0,0,0,0,0,0,0,0,0.995102258,0.00030739,0,0,0,0,0,0,0,0,0,0,2.05E-05,6.15E-05,0,0,0,0,0,0,0,0,0,0,0,0,0,0,0,0
D160S5QM.04,0,0,0,0,0,0,0.000517081,0.410056092,0,0,0,0,0.000292263,0,0,0,0.004046717,0,0.046098852,0.000146131,0,0.000314745,0,0,0,0,0,0,0,0,0,0,0,0,0,0,0,0,0,0,0,0.517013073,0.012938254,0,0.000393431,0,0,0,0,0,0,0,0,0.002236935,0.001888468,0,0,0.00255168,0,0,0,0,0,0,0,0,0,0,0,0,0.001506278
A160SL0H.04,0,0,0,0,0,0,0,0.688489209,0,0,0,0,0,0,0,0,0.000479616,0,9.38E-05,0,0,0,0,0,0,0,0,0,0,0,0,0,0,5.21E-05,0,0,0,0,0,0,0,0.305953498,0.004566781,0,0,0,0,0,0,0,0,0,0,3.13E-05,0.000208529,0,0,0.000125117,0,0,0,0,0,0,0,0,0,0,0,0,0
G160T3KL.04,0,0,0,0,0,0,0,0.152916551,0,0,0,0,0,0,0,0,0.002922475,0,0,0,0,0,0,0,0,0,0,0,0,0,0,0,0,0.000375183,0,0,0,0,0,0,0,0.684708345,0.043057146,0,0,0,0,0,0,0,0,0,0,0.011838,0.007641878,0,0,0.096540421,0,0,0,0,0,0,0,0,0,0,0,0,0
G160TGDB.04,0,0,0,0,0,0,0,0.006851393,0,0,0,0,0,0,0,0,0.000800593,0,0.002452344,0,0,0,0,0,0,0,0,0,0,0,0,0,0,0,0,0,0,0,0,0,0,0.973521431,0.001677032,0,0.002266943,0,0,0,0,0,0,0,0,0,0.005570444,0,0,0.006842966,0,0,0,0,0,0,1.69E-05,0,0,0,0,0,0
J160SRFS.04,1.27E-05,0,0,0,0,0,0,0.000374365,0,0,0,0,0,0,0,0,0.001154822,0,1.90E-05,0,0,0,0,0,0,0,0,0,0,0,0,0,0,0,0,0,0,0,0,0,0,0.996852792,0.000628173,0,0.000640863,0,0,0,0,0,0,0,0,1.27E-05,0.000272843,0,0,2.54E-05,0,0,0,0,0,0,0,0,0,0,0,0,6.35E-06
C160S6ZB.04,0,0,0,0,0,0,0,0.539558541,0,0,0,0,0,0,0,0,0,0,0,0,0,0,0,0,0,0,0,0,0,0,0,0,0,0,0,0,0,0,0,0,0,0.460377075,2.15E-05,0,0,0,0,0,0,0,0,0,0,2.15E-05,1.07E-05,0,0,1.07E-05,0,0,0,0,0,0,0,0,0,0,0,0,0
D160SX0D.04,0,0,0,0,0,0,0,0.73637707,0,0,0,0,0,0,0,0,0.006619051,0,0.000277077,0,0,0,0,0,0,0,0,0,0,0,0,0,0,0.001693245,0,0,0,0,0,0,0,0.23985592,0.013191922,0,0,0,0,0,0,0,0,0,0,0.000877409,0.000369435,0,0,0.000738871,0,0,0,0,0,0,0,0,0,0,0,0,0
K160T215.04,0,0,0,0,0,0,0,0.976134162,0,0,0,0,0,0,0,0,0.00065542,0,0,0,0,0,0,0,0,0,0,0,0,0,0,0,0,0,0,0,0,0,0,0,0,0.02221304,0.000441696,0,8.55E-05,0,0,0,0,0,0,0,0,8.55E-05,0.000370455,0,0,1.42E-05,0,0,0,0,0,0,0,0,0,0,0,0,0
C160VTD7.04,0,0,0,0,0,0,0,0.73668365,0,0,0,0,0,0,0,0,0.008383511,0,0.000185271,0,0,0,0,0,0,0,0,0,0,0,0,0,0,0.000108075,0,0,0,0,0,0,0,0.231202717,0.008676857,0,0.000494056,0,0,0,0,0,0,0,0,0.000710205,0.011764706,0,0.00081828,0,0,0,0,0,0,0,0,0,0,0,0,0,0.000972673
A160SYWG.04,0,0,0,0,0,0,0,0.66443542,0,0,0,0,0,0,0,0,0,0,0,0,0,0,0,0,0,0,0,0,0,0,0,0,0,0,0,0,0,0,0,0,0,0.252501965,0.001716007,0,0,0,0,0,0,0,0,0,0,0,3.93E-05,0,0,0.081307309,0,0,0,0,0,0,0,0,0,0,0,0,0
G160SV7J.04,0,0,0,0,0,0,0,0.538694153,0,0,0,0,0,0,0,0,0,0,0.000102944,0,0,0,0,0,0,0,0,0,0,0,0,0,0,0,0,0,0,0,0,0,0,0.459144019,0,0,1.29E-05,0,0,0,0,0,0,0,0,0,0.000218756,0,0,0.001737183,0,0,0,0,0,0,0,0,0,0,0,0,9.01E-05
E160VWHL.04,0,0,0,0,0,0,0,0.017897893,0,0,0,0,0,0,0,0,0.001305055,0,0,0,0,0,0,0,0,0,0,0,0,0,0,0,0,0.000387788,0,0,0,0,0,0,0,0.957417931,3.73E-05,0,0.000290841,0,0,0,0,0,0,0,0,0.000395245,0.001894194,0,0,0.020269363,0,0,0,0,0,0.000104404,0,0,0,0,0,0,0
F160SS99.04,0,0,0,0,0,0,0,0.375057654,0,0,0,0,0,0,0,0,0,0,0.000193421,0,0,0,0,0,0,0,0,0,0,0,0,0,0,0,0,0,0,0,0,0,0,0.623246195,0,0,0,0,7.44E-05,0,0,0,0,0,0,0.000208299,0.001041496,0,0,0.000178542,0,0,0,0,0,0,0,0,0,0,0,0,0
G160VY6B.04,1.22E-05,0,0,0,0,0,0,0.828651617,0,0,0,0,0,0,0,0,0.000158633,2.44E-05,0.000109823,0.000122026,0,0,0,0,0,0,0,0,0,0,0,0,0,0,0,0,0,0,0,0,0,0.169273948,0.000500305,0,1.22E-05,0,0,0,0,0,0,0,0,0.000378279,0.000634533,0,0,0.000122026,0,0,0,0,0,0,0,0,0,0,0,0,0
E160VB80.04,0,0,0,0,0,0,0,0.001419026,0,0,0,0,0,0,0,0,0,0,0.002156473,0,0,0,0,0,0,0,0,0,0,0,0,0,0,0,0,0,0,0,0,0,0,0.165802588,0.009642674,0,0,0,0,0,0,0,0,0,0,0.001184384,0.819794856,0,0,0,0,0,0,0,0,0,0,0,0,0,0,0,0
K160VB73.04,0,0,0,0,0,0,0,0.01648939,0,0,0,0,0,0,0,0,0,0,0,0,0,0,0,0,0,0,0,0,0,0,0,0,0,0,0,0,0,0,0,0,0,0.062964349,0,0,0,0,0,0,0,0,0,0,0,0,0.920546261,0,0,0,0,0,0,0,0,0,0,0,0,0,0,0,0
C160SPL3.04,0,0,0,0,0,0,0.000790506,0.085622309,0,0,0,0,0,0,0,0,0.000914321,0,0,0,0,0,0,0,0,0,0,0,0,0,0,0,0,0,0,0,0,0,0,0,0,0.053021067,0.00219056,0,0,0,0,0,0,0,0,0,0,0.000323822,0.027924873,0,0,0.828964913,0,0,0,0,0,0,0,0,0,0,0,0,0.000247628
D160WGZB.04,0,0,0,0,0,0,0,0.088350403,0,0,0,0,0,0,0,0,0,0,0,0,0,0,0,0,0,0,0,0,0,0,0,0,0,0,0,0,0,0,0,0,0,0.816945793,0.006150093,0,0,0,0,0,0,0,0,0,0,0,0.000114361,0,0,0.08843935,0,0,0,0,0,0,0,0,0,0,0,0,0
G160T0HF.04,0,0,0,0,0,0,0,0.515773873,0,0,0,0,0,0,0,0,0.000544448,0,6.05E-05,0,0,0,0,0,0,0,0,0,0,0,0,0,0,0,0,0,0,0,0,0,0,0.458153111,0.001482109,0,0,0,0,0,0,0,0,0,0,0.000574695,0.02298781,0,0.000241977,0,0,0,0,0,0,0,3.02E-05,0,0,0,0,0,0.000151236
G160SR83.04,0,0,0,0,0,0,0,0.384825321,0,0,0,0,0,0,0,0,1.13E-05,0,0,0,0,0,0,0,0,0,0,0,0,0,0,0,0,0,0,0,0,0,0,0,0,0.615106732,5.66E-05,0,0,0,0,0,0,0,0,0,0,0,0,0,0,0,0,0,0,0,0,0,0,0,0,0,0,0,0
E160T9NN.04,0,0,0,0,0,0,0,0.067852223,0.000100787,0,0,0,0,0,0,0,0.003695533,0,0.000582326,0,0,0,0,0,0,0,0,0,0,0,0,0,0,0,0,0,0,0,0,0,0,0.899649484,0.021624467,0,0.000246369,0,0,0,0,0,0,0,0,1.12E-05,0.003706731,0,0.002340504,0.000190376,0,0,0,0,0,0,0,0,0,0,0,0,0
H160W3YD.04,0,0,0,0,0,0,0,0.008009958,0,0,0,0,0,0,0,0,0.024029875,0,0,0,0,0,0,0,0,0,0,0,0,0,0,0,0,0.003662211,0,0,0,0,0,0,0,0.169508037,0.012375746,0,0,0,0,0,0,0,0,0,0,0.005015244,0.757031264,0,0,0.020367664,0,0,0,0,0,0,0,0,0,0,0,0,0
A160VFYG.04,0,0,0,0,0,0,0,0.519736341,0.002237749,0,0,0,0,0,0,0,0.006439238,0,0,0,0,0,0,0,0,0,0,0,0,0,0,0,0,0,0,0,0,0,0,0,0,0.140445419,0.017764991,0.001628838,0,0,0,0,0,0,0,0,0,0,0.294195552,0,0,0.017551872,0,0,0,0,0,0,0,0,0,0,0,0,0
J160SQ13.04,0,0,0,0,0,0,0,0.259785178,0,0,0,0,0,0,0,0,0,0,1.74E-05,0,0,0,0,0,0,0,0,0,0,0,0,0,0,0,0,0,0,0,0,0,0,0.738807008,0,0,0,0,0,0,0,0,0,0,0,0,0.000243326,0,0,0.001147108,0,0,0,0,0,0,0,0,0,0,0,0,0
E160SMFN.04,0,0,0,0,0,0,0,0.444532228,0,0,0,0,0,0,0,0,0,0,0,0,0,0,0,0,0,0,0,0,0,0,0,0,0,0,0,0,0,0,0,0,0,0.555457512,0,0,0,0,0,0,0,0,0,0,0,1.03E-05,0,0,0,0,0,0,0,0,0,0,0,0,0,0,0,0,0
F160SNGB.04,0,0,0,0,0,0,0,0.468495399,0,0,0,0,0,0,0,0,2.34E-05,0,0,0,0,0,0,0,0,0,0,0,0,0,0,0,0,0,0,0,0,0,0,0,0,0.519570951,4.69E-05,0,0,0,0,0,0,0,0,0,0,0,0.002543813,0,0,0.009319501,0,0,0,0,0,0,0,0,0,0,0,0,0
D160STSX.04,0,0,0,0,0,0,0,0.541707968,0,0,0,0,0,0,0,0,0,0,0,0,0,0,0,0,0,0,0,0,0,0,0,0,0,0,0,0,0,0,0,0,0,0.45263693,2.54E-05,0,0,0,0,0,0,0,0,0,0,0,0.002630576,0,0,0.00299911,0,0,0,0,0,0,0,0,0,0,0,0,0
C160SKNW.04,0,0,0,0,0,0,0,0.030430365,0,0,0,0,0,0,0,0,0,0,0,0,0,0,0,0,0,0,0,0,0,0,0,0,0,0,0,0,0,0,0,0,0,0.969500749,0,0,0,0,0,0,0,0,0,0,0,5.17E-05,1.72E-05,0,0,0,0,0,0,0,0,0,0,0,0,0,0,0,0
A160SPVJ.04,0,0,0,0,0,0,0,0.519916197,0,0,0,0,0,0,0,0,0,0,0,0,0,0,0,0,0,0,0,0,0,0,0,0,0,0,0,0,0,0,0,0,0,0.472156122,0,0,0,0,0,0,0,0,0,0,0,2.59E-05,3.88E-05,0,0,0.007863018,0,0,0,0,0,0,0,0,0,0,0,0,0
D160SNK1.04,0,0,0,0,0,0,0,0.434956065,0,0,0,0,0,0,0,0,0,0,0,0,0,0,0,0,0,0,0,0,0,0,0,0,0,0,0,0,0,0,0,0,0,0.500795374,2.52E-05,0,0,0,0,0,0,0,0,0,0,0,6.31E-05,0,0,0.064160186,0,0,0,0,0,0,0,0,0,0,0,0,0
E160SNX9.04,0,0,0,0,0,0,0,0.398235898,0,0,0,0,0,0,0,0,1.68E-05,0,0,0,0,0,0,0,0,0,0,0,0,0,0,0,0,0,0,0,0,0,0,0,0,0.600097632,1.68E-05,0,0,0,0,0,0,0,0,0,0,0,0.001531806,0,0,0.000100998,0,0,0,0,0,0,0,0,0,0,0,0,0
B160SQ2J.04,0,0,0,0,0,0,9.67E-06,0.19131225,0,0,0,0,0,0,0,0,0,0,0,0,0,0,0,0,0,0,0,0,0,0,0,0,0,0,0,0,0,0,0,0,0,0.790917792,0,0,0,0,0,0,0,0,0,0,0,0.001073158,0.000618758,0,0,0.016068373,0,0,0,0,0,0,0,0,0,0,0,0,0
G160SS5P.04,0,0,0,0,0,0,0,0.742434752,0,0,0,0,0,0,0,0,0,0,0,0,0,0,0,0,0,0,0,0,0,0,0,0,0,0,0,0,0,0,0,0,0,0.257525614,0,0,0,0,0,0,0,0,0,0,0,0,3.96E-05,0,0,0,0,0,0,0,0,0,0,0,0,0,0,0,0
C160SLRM.04,0,0,0,0,0,0,0,0.801092667,0,0,0,0,0,0,0,0,0.018281152,0,0,0,0,0,0,0,0,0,0,0,0,0,0,0,0,8.41E-05,0,0,0,0,0,0,0,0.122588779,0.039504097,0,0.011767178,0,0,0,0,0,0,0,0,0.005127128,4.20E-05,0,0,0.001512923,0,0,0,0,0,0,0,0,0,0,0,0,0
J160TF03.04,0,0,0,0,0,0,0,0.020430824,0,0,0,0,0,0,0,0,0,0,0,0,0,0,0.00877193,0,0,0,0,0,0,0,0,0,0,0.000888297,0,0,0,0,0,0,0,0.923717522,0,0,0,0,0,0,0,0,0,0,0,0.032311792,0.000444148,0,0,0.013435487,0,0,0,0,0,0,0,0,0,0,0,0,0
B160WXG3.04,0.002498679,0,0,0,0,0,0,0.924895488,0,0,0,0,0,0,0,0,0,0,0.00246264,0,0,0,0,0,0,0,0,0,0,0,0,0,0,0,0,0,0,0,0,0,0,0.067596463,0,0,0,0,0,0,0,0,0,0,0,1.20E-05,2.40E-05,0,0,1.20E-05,0,0,0,0,0,0,0,0,0,0,0,0,0.002498679
A160S8JY.04,0,0,0,0,0,0,0,0.01469592,0,0,0,0,0,0,0,0,2.07E-05,0,2.76E-05,0,0,0,0,0,0,0,0,0,0,0,0,0,0,6.91E-06,0,0,0,0,0,0,0,0.979096678,3.46E-05,0,0,0,0,0,0,0,0,0,0,0,0.000801847,0,0,0.005315693,0,0,0,0,0,0,0,0,0,0,0,0,0
J160TK82.04,0,0,0,0,0,0,0,0.025901221,0,0,0,0,0,0,0,0,0.024481976,0,0.006599489,0,0,0,0,0,0,0,0,0,0,0,0,0,0,0,0,0,0,0,0,0,0,0.700184502,0.038177689,0,7.10E-05,0,0,0,0,0,0,0,0,0.006741414,0.181450468,0,0,0.016392279,0,0,0,0,0,0,0,0,0,0,0,0,0
J160WXF6.04,0,0,0,0,0,0,0,0.483919222,0,0,0,0,0,0,0,0,0.022438295,0,0,0,0,0,0,0,0,0,0,0,0,0,0,0,0,0,0,0,0,0,0,0,0,0.288612565,0.091529544,0,0.000186986,0,0,0,0,0,0,0,0,0.017857143,0.063855647,0,0,0.030198205,0,0,0,0,0,0,0.001402393,0,0,0,0,0,0
G160T4B4.04,0,0,0,0,0,0,0,0.932478237,0,0,0,0,0,0,0,0,0.000453788,0,0,0,0,0,0,0,0,0,0,0,0,0,0,0,0,1.85E-05,0,0,0,0,0,0,0,0.037969994,0.000305612,0,0,0,0,0,0,0,0,0,0,0,0.028755325,0,0,1.85E-05,0,0,0,0,0,0,0,0,0,0,0,0,0
J160T222.04,0,0,0,0,0,0,0,0.841313606,0,0,0,0,0,0,0,0,1.36E-05,0,0,0,0,0,0,0,0,0,0,0,0,0,0,0,0,0,0,0,0,0,0,0,0,0.120796025,0.000163791,0,0,0,0,0,0,0,0,0,0,4.09E-05,0.00017744,0,0,0.03749454,0,0,0,0,0,0,0,0,0,0,0,0,0
C160SMP3.04,0,0,0,0,0,0,0,0.007340123,0,0,0,0,0,0,0,0,1.84E-05,0,0,0,0,0,0,0,0,0,0,0,0,0,0,0,0,0,0,0,0,0,0,0,0,0.992439673,1.84E-05,0,0,0,0,0,0,0,0,0,0,0,0.000165153,0,0,1.84E-05,0,0,0,0,0,0,0,0,0,0,0,0,0
E160SJ5D.04,0,0,0,0,0,0,0.000575358,0.128003507,0,0,0,0,5.48E-05,0,0,0,0.005150826,0.000246582,0.001287707,0,0,0,0.000438368,0,0,0,0,0,0,0,0,0,0,0.002191841,0,0,0,0,0,0,0,0.587111976,0.004191896,0.000109592,0.001369901,0,0,0,0,0,0,0,0,0.005013836,0.002794597,0,0,0.261185238,0,0,0,0,0,0,5.48E-05,2.74E-05,0,0,0,0,0.000191786
E160T0R0.04,0,0,0,0,0,0,0,0.003269277,0.000478431,0,0,0,0,0,0,0,0.001395423,0,0.005741169,0,0,0,0,0,0,0,0,0,0,0,0,0,0,0.000159477,0,0,0,0,0,0.001076469,0,0.864325014,0.022406507,0,0.000199346,0,0,0,0,0,0,0,0,0.022366637,0.077266566,0,0,0.001315685,0,0,0,0,0,0,0,0,0,0,0,0,0
C160SXP0.04,0,0,0,0,0,0,0,0.252434368,0,0,0,0,0,0,0,0,0.01221957,0,0,0,0,0,0,0,0,0,0,0,0,0,0,0,0,0,0,0,0,0,0,0,0,0.376897375,0.009498807,0.000429594,0.000930788,0,0,0,0,0,0,0,0,0.000214797,0.000906921,0,0,0.34646778,0,0,0,0,0,0,0,0,0,0,0,0,0
G160TSNH.04,0,0,0,0,0,0,0,0.188074915,0,0,0,0,0,0,0,0,0.046200381,0,0.002403249,0,0,0,0,0,0,0,0,0,0,0,0,0,0,0,0,0,0,0,0,0,0,0.57657247,0.014212315,0.000372918,0.027968841,0,0,0,0,0,0,0,0,0,0.015745421,0,0.003066214,0.125383277,0,0,0,0,0,0,0,0,0,0,0,0,0
K160W0MQ.04,0,0,0,0,0,0,0.000410962,0.297870701,0,0,0,0,0,0,0,0,0.014075463,0,0.003133588,0,0,0,0,0,0,0,0,0,0,0,0,0,0,0.000154111,0,0,0,0,0,0,0,0.483933938,0.009965839,0,0.002029127,0,0,0,0,0,0,0,0,0.001823646,0.009760358,0,0.000410962,0.17640562,0,0,0,0,0,0,2.57E-05,0,0,0,0,0,0
D160SK8Q.04,0,0,0,0,0,0,0,0.597497367,0.000401224,0,0,0,0,0,0,0,0.005566979,0,0.014744972,0,0,0,0.000300918,0,0,0,0,0,0,0,0,0,0,0,0,0,0,0,0,0,0,0.190180049,0.010155976,0,0.000827524,0,0,0,0,0,0,0,0,0.003285019,0.016776167,0,0,0.159110286,0,0,0,0,0,0,0.001153518,0,0,0,0,0,0
A160T2XJ.04,0,0,0,0,0,0,0,0.471738295,0,0,0,0,0,0,0,0,0.000118312,0,0,0,0,0,0,0,0,0,0,0,0,0,0,0,0,0,0,0,0,0,0,0,0,0.133987991,2.96E-05,0,0,0,0,0,0,0,0,0,0,0,2.96E-05,0,0,0.394096247,0,0,0,0,0,0,0,0,0,0,0,0,0
K160TVYH.04,0,0,0,0,0,0,0,0.432607182,0,0,0,0,0,0,0,0,0,0,0,0,0,0,0,0,0,0,0,0,0,0,0,0,0,0.005272058,0,0,0,0,0,0,0,0.230544779,0.008587818,0,0.001691038,0,0,0,0,0,0,0,0,0,0,0,0,0.320766604,0,0,0,0,0,0,0,0,0,0,0,0,0.000530522
H160VWG9.04,0,0,0,0,0,0,0,0.077806576,0,0,0,0,0,0,0,0,0,0,0.035193373,0,0,0,0,0,0,0,0,0,0,0,0,0,0,0,0,0,0,0,0,0,0,0.216826752,0.001143467,0,0,0,0,0,0,0,0,0,0,0,0.007928038,0,0,0.661101794,0,0,0,0,0,0,0,0,0,0,0,0,0
J160STZ7.04,0,0,0,0,0,0,0,0.011655621,0,0,0,0,0,0,0,0,0.020462737,0,0.001976514,0,0,0,0,0,0,0,0,0,0,0,0,0,0,0,0,0,0,0,0,0,0,0.519881409,0.038396698,0,0,0,0,0,0,0,0,0,0,2.91E-05,0.000435996,0,0,0.407161958,0,0,0,0,0,0,0,0,0,0,0,0,0
D160TYWT.04,0,0,0,0,0,0,0,9.22E-05,0,0,0,0,0,0,0,0,0,0,0,0,0,0,0,0,0,0,0,0,0,0,0,0,0,0.002951213,0,0,0,0,0,0,0,0.151987457,0.00033816,0,0,0,0,0,0,0,0,0,0,0,0.004150143,0,0,0.840480802,0,0,0,0,0,0,0,0,0,0,0,0,0
G160SSZ3.04,0,0,0,0,0,0,0,0.60620634,0,0,0,0,0,0,0,0,0.000772282,0,0.001614772,0,0,0,0,0,0,0,0,0,0,0,0,0,0,0,0,0,0,0,0,0,0,0.21834521,0.005476182,0,0,0,0,0,0,0,0,0,0,0.000526556,3.51E-05,0,0.000702075,0.16632148,0,0,0,0,0,0,0,0,0,0,0,0,0
A160VBPZ.04,0,0,0,0,0,0,9.16E-05,0.12582478,0,0,0,0,0,0,0,0,3.05E-05,0,0.000336022,0,0,0,0,0,0,0,0,0,0,0,0,0,0,0,0,0,0,0,0,0,0,0.296248778,0,0,0,0,0,0,0,0,0,0,0,0.002107771,0.003085288,0,0,0.557612414,0,0,0,0,0,0,0.012218964,0,0,0,0,0,0.002443793
E160SLNC.04,0,0,0,0,0,0,0,0.028743245,0.000105966,0,0,0,0,0,0,0,0.005377768,0,0,0,0,0,0,0,0,0,0,0,0,0,0,0,0,0.011656247,0,0,0,0,0,0,0,0.79794956,0.005801632,0.000397372,0.000847727,0,0,0,0,0,0,0,0,0.001668963,0.005165837,0,2.65E-05,0.142259193,0,0,0,0,0,0,0,0,0,0,0,0,0
K160VBQW.04,0,0,0,0,0,0,0,0.002104617,0,0,0,0,0,0,0,0,0.00149077,0,0.000701539,0,0,0,0,0,0,0,0,0,0,0,0,0,0,0,0,0,0,0,0,0,0,0.871267593,0.000701539,0,0.003770772,0,0,0,0,0,0,0,0,0.000131539,0.000613847,0,0,0.119173938,0,0,0,0,0,0,0,0,0,0,0,0,4.38E-05
J160VTF4.04,0,0,0,0,0,0,0,0.002840045,0,0,0,0,0,0,0,0,0.007708693,0,0.004006492,0,0,0,0,0,0,0,0,0,0,0,0,0,0,0,0,0,0,0,0,0,0,0.025002536,0,0,0,0,0,0,0,0,0,0,0,0.001952531,0,0,0,0.958489705,0,0,0,0,0,0,0,0,0,0,0,0,0
F160SZDV.04,0,0,0,0,0,0,0,0.50911212,0,0,0,0,0,0,0,0,0.004414176,0,0.001576491,0,0,0,0,0,0,0,0,0,0,0,0,0,0,0.000630597,0,0,0,0,0,0,0,0.226131921,0.007409509,0,0.004382646,0,0,0,0,0,0,0,0,0.001261193,0.003436751,0,0,0.241644596,0,0,0,0,0,0,0,0,0,0,0,0,0
E160V5RF.04,0,0,0,0,0,0,0,0.360144131,0,0,0,0,0,0,0,0,0.002198608,0,0,0,0,0,0,0,0,0,0,0,0,0,0,0,0,6.11E-05,0,0,0,0,0,0,0,0.439690973,0.001557347,0,0.001160376,0,0,0,0,0,0,0,0,0.001343594,0.000427507,0,0,0.193416392,0,0,0,0,0,0,0,0,0,0,0,0,0
H160SS0K.04,0,0,0,0,0,0,0,0.133746404,0,0,0,0,0,0,0,0,0.016419562,0,0,0,0,0,0,0,0,0,0,0,0,0,0,0,0,0,0,0,0,0,0,0,0,0.352600133,0.005974773,0,0.00274397,0,0,0,0,0,0,0,0,0,8.85E-05,0,0.006550122,0.481876521,0,0,0,0,0,0,0,0,0,0,0,0,0
C160TB7F.04,0,0,0,0,0,0,0,0.064290933,0,0,0,0,0,0,0,0,0.001664096,0,0.000162351,0,0,0,0,0,0,0,0,0,0,0,0,0,0,0,0,0,0,0,0,0,0,0.886638526,0.001461158,0,0.000162351,0,0,0,0,0,0,0,0,0,0.001095868,0,0.000243526,0.044078253,0,0,0,0,0,0,0.000202939,0,0,0,0,0,0
A160SKXQ.04,0,0,0,0,0,0,0,0.241791909,0,0,0,0,0,0,0,0,0.005837937,0,0,0,0,0,0.000265361,0,0,0,0,0,0,0,0,0,0,0,0,0,0,0.000313608,0,0,0,0.107302246,0.006368658,0,0.000868453,0,0,0,0,0,0,0,0,0.000361856,0.108146576,0,0,0.528743396,0,0,0,0,0,0,0,0,0,0,0,0,0
E160V9MZ.04,0,0,0,0,0,0,0,0.202060101,0,0,0,0,0,0,0,0,0,0,0,0,0,0,0,0,0,0,0,0,0,0,0,0,0,0,0,0,0,0,0,0,0,0.09516575,0.003858892,0,0,0,0,0,0,0,0,0,0,0.001185014,0.002278873,0,0,0.695451369,0,0,0,0,0,0,0,0,0,0,0,0,0
A160SPB0.04,0.006246246,0,0,0,0,0,0,0.015855856,0,0,0,0,0,0,0,0,0.005105105,0,0,0,0,0,0,0,0,0,0,0,0,0,0,0,0,0,0,0,0,0,0,0,0,0.390510511,0.012192192,0,0,0,0,0,0,0,0,0,0,0,0,0,0,0.57009009,0,0,0,0,0,0,0,0,0,0,0,0,0
G160T1BP.04,0,0,0,0,0,0,0,0.088272807,0,0,0,0,0.004363295,0,0,0,0,0,0,0,0,0,0,0,0,0,0,0,0,0,0,0,0,0,0,0,0,0,0,0,0,0.057998255,6.71E-05,0,6.71E-05,0,0,0,0,0,0,0,0,0.002953615,0,0,0,0.846277774,0,0,0,0,0,0,0,0,0,0,0,0,0
K160T0Z4.04,0,0,0,0,0,0,0,0.720435584,0,0,0,0,0,0,0,0,0.00790648,0,0.008221769,0,0,0,0,0,0,0,0,0,0,0,0,0,0,0,0,0,0,0,0,0,0,0.116705471,0.003807722,0,0.001721964,0,0,0,0,0,0,0,0,2.43E-05,0,0,0,0.141176756,0,0,0,0,0,0,0,0,0,0,0,0,0
A160STCL.04,0,0,0,0,0,0,0,0.665380097,0,0,0,0,0,0,0,0,0,0,0,0,0,0,0,0,0,0,0,0,0,0,0,0,0,0,0,0,0,0,0,0,0,0.099429434,0.006628629,0,0,0,0,0,0,0,0,0,0,0,0,0,0,0.228561839,0,0,0,0,0,0,0,0,0,0,0,0,0
J160SKQT.04,0,0,0,0,0,0,0,0.293362743,0.001604171,0,0,0,0,0,0,0,0.023435933,0,0,0,0,0,0,0,0,0,0,0,0,0,0,0,0,0,0,0,0,0,0,0,0,0.287196711,0.013535191,0,0.005815119,0,0,0,0,0,0,0,0,0.000827151,0.282233808,0,0,0.091663325,0,0,0,0,0,0,0.000325847,0,0,0,0,0,0
B160TN52.04,0,0,0,0,0,0,0,0.701655942,0,0,0,0,0,0,0,0,0.000884389,0,0.00103687,0,0,0,0,0,0,0,0,0,0,0,0,0,0,0,0,0,0,0,0,0,0,0.18255009,0.000945381,0,0.000365954,0,0,0,0,0,0,0,0,0.000670916,0.000701412,0,0,0.111189046,0,0,0,0,0,0,0,0,0,0,0,0,0
K160TYXQ.04,0,0,0,0,0,0,0,0.326499112,0,0,0,0,0,0,0,0,0.000815447,0,0,0,0,0,0,0,0,0,0,0,0,0,0,0,0,0.000145616,0,0,0,0,0,0,0,0.183679413,0.000524216,0,2.91E-05,0,0,0,0,0,0,0,0,0.000524216,0.000145616,0,0,0.487637243,0,0,0,0,0,0,0,0,0,0,0,0,0
H160T71D.04,0,0,0,0,0,0.000782072,0,0.114964656,0,0,0,0,0,0,0,0,0.001864942,0,0.002436457,0,0,0,0,0,0,0,0,0,0,0,0,0,0,0,0,0,0,0,0,0,0,0.165769289,0.003278689,0,0.001413746,0,0,0,0,0,0,0,0,0.000150399,0.000601594,0,0,0.708738156,0,0,0,0,0,0,0,0,0,0,0,0,0
F160TCM2.04,0,0,0,0,0,0,0,0.605545787,0,0,0,0,0,0,0,0,0.00816989,0,0,0,0,0,0,0,0,0,0,0,0,0,0,0,0,0,0,0,0,0,0,0,0,0.2294603,0.015447045,0,0.008602732,0,0,0,0,0,0,0,0,0.001352631,0.003192209,0,0,0.128229406,0,0,0,0,0,0,0,0,0,0,0,0,0
J160SN66.04,0,0,0,0,0,0,0,0.599203849,0,0,0,0,0,0,0,0,0.010080761,0,0,0,0,0,0,0,0,0,0,0,0,0,0,0,0,0,0,0,0,0,0,0,0,0.326393264,0.017555416,0,2.86E-05,0,0,0,0,0,0,0,0,0.000887794,0.003522539,0,0.002892491,0.039435248,0,0,0,0,0,0,0,0,0,0,0,0,0
K160VDLY.04,0,0,0,0,0,0,0,0.601161277,0,0,0,0,0,0,0,0,0.00800881,0,0.017669436,0,0,0,0,0,0,0,0,0,0,0,0,0,0,0,0,0,0,0,0,0,0,0.163229553,0.009860847,0,0.014966463,0,0,0,0,0,0,0,0,0.01276404,0.02888177,0,0,0.143457804,0,0,0,0,0,0,0,0,0,0,0,0,0
H160TFN2.04,0,0,0,0,0,0,0,0.457001669,0,0,0,0,0,0,0,0,0.001411886,0.000930561,0,0,0,0,0,0,0,0,0,0,0,0,0,0,0,0,0,0,0,0,0,0,0,0.398921833,0.025446027,0,0.001861122,0,0,0,0,0,0,0,0,0,0,0,0,0.114426903,0,0,0,0,0,0,0,0,0,0,0,0,0
J160VGB9.04,0,0,0,0,0,0,0,0.012792823,0,0,0,0,0,0,0,0,0.002104447,0,0,0,0,0,0,0,0,0,0,0,0,0,0,0,0,0,0,0,0,0,0,0,0,0.463753669,0.022816636,0,0.000332281,0,0,0,0,0,0,0,0,0.166805117,0.032397408,0,0,0.298997619,0,0,0,0,0,0,0,0,0,0,0,0,0
C160SJDX.04,0,0,0,0,0,0,0,0.773747277,0,0,0,0,2.18E-05,0,0,0,0.016884532,0,2.18E-05,0,0,0,0,0,0,0,0,0,0,0,0,0,0,0.022592593,0,0,0,0,0,0,0,0.038801743,0.00043573,0,0,0,0,0,0,0,0,0,0,0,0.000718954,0,0,0.146775599,0,0,0,0,0,0,0,0,0,0,0,0,0
F160T1ZC.04,0,0,0,0,0,0,0,0.86140262,0,0,0,0,0,0,0,0,0.002207426,0,0.000361873,0,0,0,0,0,0,0,0,0,0,0,0,0,0,0,0,0,0,0,0,0,0,0.091553883,0.001121806,7.24E-05,0.000796121,0,0,0,0,0,0,0,0,0.000506622,0.005319534,0,0.000325686,0.03586162,0,0,0,0,0,0,0.000144749,0,0,0,0,0,0.000325686
A160SQ5Y.04,0,0,0,0,0,0,0,0.004706145,0,0,0,0,0,0,0,0,0.012066466,0,0,0,0,0,0,0,0,0,0,0,0,0,0,0,0,0,0,0,0,0,0,0,0,0.089952046,0.031314821,0,0,0,0,0,0,0,0,0,0,0.001583584,0,0,0,0.860376938,0,0,0,0,0,0,0,0,0,0,0,0,0
G160SWXG.04,0,0,0,0,0,0,0,0.069159888,0,0,0,0,0,0,0,0,0.033617984,0,0.002463969,0.000877578,0,0,0,0,0,0,0,0,0,0,0,0,0,0.002396463,0,0,0,0,0,0,0,0.774833766,0.016707733,0,0,0,0,0,0,0,0,0,0,0.001552638,0.015965167,0,0,0.082357309,0,0,0,0,0,0,6.75E-05,0,0,0,0,0,0
A160V3WG.04,0,0,0,0,0,0,0,0.790296947,0,0,0,0,0,0,0,0,0.001631117,0,0,0,0,0,0,0,0,0,0,0,0,0,0,0,0,0,0,0,0,0,0,0,0,0.143621916,0.002195734,0,0.002174822,0,0,0,0,0,0,0,0,0.002174822,0.001421999,0,0,0.056336261,0,0,0,0,0,0,0,0,0,0,0,0,0.000146382
C160T0ST.04,0,0,0,0,0,0,0,0.337630553,0,0,0,0,0,0,0,0,0.009192066,0.000313042,0.00054071,8.54E-05,0,0,0,0,0,0,0,0,0,0,0,0,0,0,0,0,0,0,0,0,0,0.602293748,0.013489285,0.000113834,0.002162839,0,0,0,0,0,0,0,0,0.000426876,0.000199209,0,0,0.033011753,0,0,0,0,0,0,0.000455335,0,0,0,0,0,8.54E-05
H160SSB6.04,0,0,0,0,0,0,0,0.735951924,0,0,0,0,0.000495632,0,0,0,0.000433678,0,0.00207546,0,0,0,0,0,0,0,0,0,0,0,0,0,0,0,0,0,0,0,0,0,0,0.211820829,0.004057989,0,0,0,0,0,0,0,0,0,0,0,0.001301035,0,0,0.043863453,0,0,0,0,0,0,0,0,0,0,0,0,0
J160SNFF.04,0,0,0,0,0,0,0,0.163484299,0,0,0,0,0,0,0,0,0.004134448,0,0,0,0,0,0,0,0,0,0,0,0,0,0,0,0,3.16E-05,0,0,0,0,0,0,0,0.807132713,0.003881963,0,0.001451791,0,0,0,0,0,0,0,0,0,0.002651097,0,0,0.017105886,0,0,0,0,0,0,0.000126243,0,0,0,0,0,0
C160SM22.04,0,0,0,0,0,0,0,0.043187619,0,0,0,0,0,0,0,0,0.004010858,0,0.006725277,0,0,0,0,0,0,0,0,0,0,0,0,0,0,0,0,0,0,0,0,0,0,0.269132601,0.00818377,0,0,0,0,0,0,0,0,0,0,0,0.007657092,0,0,0.661102783,0,0,0,0,0,0,0,0,0,0,0,0,0
E160T4XZ.04,0,0,0,0,0,0,0,0.157662689,0,0,0,0,0,0,0,0,0.003879842,0,0.00417377,0,0,0,0,0,0,0,0,0,0,0,0,0,0,0.00235142,0,0,0,0,0,0,0,0.703427194,0.013755805,0,0.008465111,0,0,0,0,0,0,0,0,0,0.030156957,0,0,0.076127212,0,0,0,0,0,0,0,0,0,0,0,0,0
B160SV5C.04,0,0,0,0,0,0,0,0.223762539,0.00014419,0,0,0,0,0,0,0,0.001235916,0,0.000123592,0,0,0,0,0,0,0,0,0,0,0,0,0,0,0.000102993,0,0,0,0,0,0,0,0.754444147,0.000762148,0,0.000782747,0,0,0,0,0,0,0,0,0,0.002327641,0,0,0.016314087,0,0,0,0,0,0,0,0,0,0,0,0,0
F160VWJH.04,0,0,0,0,0,0,0,0.006222732,0,0,0,0,0,0,0,0,0.000183697,0,4.59E-05,0,0,0,0,0,0,0,0,0,0,0,0,0,0,0,0,0,0,0,0,0,0,0.942755454,0.000160735,2.30E-05,4.59E-05,0,0,0,0,0,0,0,0,0,0.001423651,0,4.59E-05,0.049092997,0,0,0,0,0,0,0,0,0,0,0,0,0
K160TN6B.04,0,0,0,0,0,0,0,0.518710934,8.12E-05,0,0,0,0,0,0,0,0.09091647,0,0.004545824,0,0,0,8.12E-05,0,0,0,0,0,0,0,0,0,0,0,0,0,0,0,0,0,0,0.251643802,0.002678789,0,0.023459696,0,0,0,0,0,0,0,0,0.000162351,0.016235084,0,0.000405877,0.089942365,0,8.12E-05,0,0,0,0,0.000974105,0,0,0,0,0,8.12E-05
G160T88T.04,0,0,0,0,0,0,0,0.342265853,0.00011371,0,0,0,0,0,0,0,0.066406398,0,0.001629837,0,0,0,0,0,0,0,0,0,0,0,0,0,0,0.000758064,0,0,0,0,0,0,0,0.450479475,0.046999962,0,0.036121745,0,0,0,0,0,0,0,0,0,0.050941894,0,0.002046773,0.002198385,0,0,0,0,0,0,3.79E-05,0,0,0,0,0,0
F160T0K7.04,0,0,0,0,0,0,0,0.220731261,0,0,0,0,0,0,0,0,3.66E-05,0.002413163,0,0,0,0,0,0,0,0,0,0,0,0,0,0,0,0,0,0,0,0,0,0,0,0.774625229,0.000840951,0,0,0,0,0,0,0,0,0,0,0.000804388,0,0,0,0.000548446,0,0,0,0,0,0,0,0,0,0,0,0,0
F160QDNH.04,0,0,0,0,0,0,0,0.105783545,0,0,0,0,0,0,0,0,0.008679531,0,0,0,0,0,0,0,0,0,0,0,0,0,0,0,0,0,0,0,0,0,0,0,0,0.76627061,0.018286003,0,0,0,0,0,0,0,0,0,0,0,0.059043285,0,0.035813601,0.006123423,0,0,0,0,0,0,0,0,0,0,0,0,0
E160TDJC.04,0.000315477,0,0,0,0,0,0,0.51154647,0,0,0,0,0,0,0,0,0,0,0,0,0,0,0,0,0,0,0,0,0,0,0,0,0,0.001072623,0,0,0,0.000504764,0,0,0,0.480030286,0.000630955,0,0,0,0,0,0,0,0,0,0,0.001419648,0.00444823,0,0,3.15E-05,0,0,0,0,0,0,0,0,0,0,0,0,0
D160SKZL.04,0,0,0,0,0,0,0,0.895461823,0,0,0,0,0,0,0,0,0,0,0,0,0,0,0,0,0,0,0,0,0,0,0,0,0,0.002028944,0.003265332,0,0,0,0,0,0,0.098356238,0.000523087,0,0,0,0,0,0,0,0,0,0,0,0,0,0,0.000364576,0,0,0,0,0,0,0,0,0,0,0,0,0
H160T0GJ.04,0,0,0,0,0,0,0,0.84113971,0,0,0,0,0,0,0,0,0,0,0,0,0,0,0,0,0,0,0,0,0,0,0,0,0,0,0,0,0,0,0,0,0,0.151713897,0.004671452,0,0,0,0,0,0,0,0,0,0,0,3.09E-05,0,0,0.002444004,0,0,0,0,0,0,0,0,0,0,0,0,0
D160V3FX.04,0,0,0,0,0,0,0,0.165333709,0,0,0,0,0,0,0,0,0.003773585,0,0.010898338,0,0,0,0,0,0,0,0,0,0,0,0,0,0,0.000478738,0,0,0,0,0,0,0,0.807350042,0.002956914,0,0,0,0,0,0,0,0,0,0,0.000985638,0.007997747,0,0,0.000225289,0,0,0,0,0,0,0,0,0,0,0,0,0
D160TX6Y.04,0,0,0,0,0,0,0,0.282870673,0,0,0,0,0,0,0,0,0,0,0,0,0,0,0,0,0,0,0,0,0,0,0,0,0,0.003888654,0,0,0,0,0,0,0,0.710006545,0.001039541,0,0,0,0,0,0,0,0,0,0,0.002156085,0,0,0,3.85E-05,0,0,0,0,0,0,0,0,0,0,0,0,0
B160TZL5.04,0,0,0,0,0,0,0,0.156442877,0,0,0,0,0,0,0,0,0.028718982,0,0,0,0,0,0,0,0,0,0,0,0,0,0,0,0,0,0,0,0,0,0,0,0,0.371079481,0.012784986,0,0.012092203,0,0,0,0,0,0,0,0,0.003652853,0.032245875,0,0,0.382982743,0,0,0,0,0,0,0,0,0,0,0,0,0
C160SM92.04,0,0,0,0,0,0,0,0.002413802,0,0,0,0,0,0,0,0,0.008105293,0,0.003785858,0,0,0,0,0,0,0,0,0,0,0,0,0,0,0.000228676,0,0,0,0,0,0,0,0.974235841,0.006250476,0,0.000406535,0,0,0,0,0,0,0,0,0.00081307,2.54E-05,0,0.002896562,0.000838479,0,0,0,0,0,0,0,0,0,0,0,0,0
B160STBM.04,0,0,0,0,0,0,0,0.012467655,0,0,0,0,0,0,0,0,0.003352152,0,0.00952717,5.88E-05,0,0,0,0,0,0,0,0,0,0,0,0,0,0,0,0,0,0,0,0,0,0.859856504,0.022641731,0,0,0,0,0,0,0,0,0,0,0.027758175,0.064102564,0,0,0.000235239,0,0,0,0,0,0,0,0,0,0,0,0,0
E160T95W.04,0,0,0.005710295,0.001068113,0,0,0,0.363692384,0,0,0,0,0,0,0,0,0.014542766,0,0.000616219,0,0,0,0,0,0,0,0,0,0,0,0,0,0,0,0,0,0,0,0,0,0,0.522266042,0.012694109,8.22E-05,0.003697313,0,0,0.000205406,0,0,0,0,0,0.007024895,0.027483362,0,0,0.040300715,0,0,0,0,0,0,0.000534056,0,0,0,0,0,8.22E-05
J160VVBP.04,0,0,0,0,0,0,0,0.013425016,0.000625112,0,0,0,0,0,0,0,0.040929928,0,0.004107876,0,0,0,0,0,0,0,0,0,0,0,0,0,0,0,0,0,0,0,0,0,0,0.915877835,0.006727392,0,0,0,0,0,0,0,0,0,0,0.00375067,0.010358993,0,0,0.004197178,0,0,0,0,0,0,0,0,0,0,0,0,0
E160STS0.04,0,0,0,0,0,0,0,0.003176304,0,0,0,0,0,0,0,0,0.003444185,0,0.009681987,0,0,0,0,0,0,0,0,0,0,0,0,0,0,0.00030615,0,0,0,0,0,0,0,0.932034748,0.029237304,0,0.001071524,0,0,0,0,0,0,0,0,0.00118633,0.013585397,0,0.006276071,0,0,0,0,0,0,0,0,0,0,0,0,0,0
K160T3V0.04,3.30E-05,0,0,0,0,0,0.000891207,0.192962767,0.000132031,0,0,0,0.000264061,0,0,0,0.00521521,0.000330077,0.000594138,3.30E-05,0,0,0,0,0,0,0,0,0,0,0,0,0,0,0,0,0,0,0,0,0,0.611730922,0.006172432,0,0.0004291,0,0,0,0,0,0,0,0,0.003729865,0.172696065,0,0.002178505,0.001320306,0,0,0,0,0,0,0.000396092,0,0,0,0,0,0.000891207
A160SSR7.04,0,0,0,0,0,0,0,0.010315605,0,0,0,0,0,0,0,0,0.059731151,0,0.003126826,0,0,0,0,0,0,0,0,0,0,0,0,0,0,0,0,0,0,0,0,0,0,0.85829924,0.026125073,0.001373466,0.003769725,0,0,0,0,0,0,0,0,2.92E-05,0.033781414,0,0.000584454,0.00131502,0,0,0,0,0,0,0.001548802,0,0,0,0,0,0
A160VCTN.04,0,0,0,0,0,0,0,0.000450639,0,0,0,0,0,0,0,0,0.03144816,0,0.007628674,0,0,0,0,0,0,0,0,0,0,0,0,0,0,0.004602955,0,0,0,0,0,0,0,0.82109634,0.036018927,0,0,0,0,0,0,0,0,0,0,0.085717964,0.005021405,0,0.002253195,0.005761741,0,0,0,0,0,0,0,0,0,0,0,0,0
D160T9RQ.04,0,0,0,0,0,0,0,0.000195599,0,0,0,0,0,0,0,0,0.001108394,0,0.000130399,0,0,0,0,0,0,0,0,0,0,0,0,0,0,0,0,0,0,0,0,0,0,0.992273839,0.001173594,0,0.000684597,0,0,0,0,0,0,0,0,0.001369193,0.001336593,0,0,0.001727791,0,0,0,0,0,0,0,0,0,0,0,0,0
H160T497.04,0,0,0,0,0,0,0,0.115619473,0,0,0,0,0,0,0,0,0.033067503,0,0.011078114,0,0,0,0,0,0,0,0,0,0,0,0,0,0,0,0,0,0,0,0,0,0,0.747272181,0.011845574,0.000200207,0.037572158,0,0,0,0,0,0,0,0,0.001935333,0.033734859,0,0,0.006740298,0,0,0,0,0,0,0.000934299,0,0,0,0,0,0
E160T3MJ.04,0,0,0,0,0,0,0,0.151006901,0,0,0,0,0,0,0,0,0.05365426,0,0.002460686,0,0,0,0,0,0,0,0,0,0,0,0,0,0,0,0,0,0,0,0,0,0,0.656267677,0.064062677,0,0.050571332,0,0,0,0,0,0,0,0,0,0.021156239,0,0.000395972,0.000424256,0,0,0,0,0,0,0,0,0,0,0,0,0
E160THC7.04,0,0,0,0,0,0,0,0.001228124,0,0,0,0,0,0,0,0,0.009876164,0,0,0,0,0,0,0,0,0,0,0,0,0,0,0,0,0,0,0,0,0,0,0,0,0.175724081,0.019087094,0,0,0,0,0,0,0,0,0,0,0,0.023590216,0,0,0.77049432,0,0,0,0,0,0,0,0,0,0,0,0,0
H160TLGX.04,0,0,0,0,0,0,0,0.031803459,0.003652402,0,0,0,0,0,0,0,0.031045414,0,0.007683826,0,0,0,0,0,0,0,0,0,0,0,0,0,0,0,0,0,0,0,0,0,0,0.802115636,0.022534629,0,0.073427055,0,0,0,0,0,0,0,0,0.000895872,0.008372958,0,0,0.018227552,0,0,0,0,0,0,0.00020674,0,0,0,0,0,3.45E-05
E160V6VQ.04,0,0,0,0,0,0,0,0.431798267,0,0,0,0,0,0,0,0,0.025281537,0,0.00558206,0,0,0,0,0,0,0,0,0,0,0,0,0,0,0,0,0,0,0,0,0,0,0.469963976,0.024859637,0,0,0,0,0,0,0,0,0,0,0,0.002044592,0,0,0.040469932,0,0,0,0,0,0,0,0,0,0,0,0,0
K160TKMG.04,0,0,0,0,0,0,0,0.00769044,0,0,0,0,0,0,0,0,0.015380879,0,0.006111876,0,0,0,0,0,0,0,0,0,0,0,0,0,0,0,0,0,0,0,0,0,0,0.953654983,0.005990448,0,0,0,0,0,0,0,0,0,0,0.00141666,0.004533312,0,0,0.005221404,0,0,0,0,0,0,0,0,0,0,0,0,0
E160SWQC.04,0,0,0,0,0,0,0,0.004060325,0,0,0,0,0,0,0,0,0.017014695,0,0.001314772,0,0,0,0,0,0,0,0,0,0,0,0,0,0,0,0,0,0,0,0,0,0,0.939133797,0.024013921,0,0.000386698,0,0,0,0,0,0,0,0,0,0.012335654,0,0,0.001430781,0,0,0,0,0,0,0.000309358,0,0,0,0,0,0
F160T3LK.04,0,0,0,0,0,0,0,0.438872611,0,0,0,0,0,0,0,0,0.064266778,0,0.005106739,0,0,0,0,0,0,0,0,0,0,0,0,0,0,0,0,0,0,0,0,0,0,0.381861309,0.041635273,0,0.028798661,0,0,0,0,0,0,0,0,0,0.033570532,0,0.002902191,0.002985908,0,0,0,0,0,0,0,0,0,0,0,0,0
G160V14Z.04,0,0,0,0,0,0,0,0.01036,0,0,0,0,0,0,0,0,0.00516,0,0.00156,0,0,0,0,0,0,0,0,0,0,0,0,0,0,0,0,0,0,0,0,0,0,0.53256,0.00568,0.00072,0.0024,0,0,0,0,0,0,0,0,0,0.07312,0,0.00216,0.36628,0,0,0,0,0,0,0,0,0,0,0,0,0
C160ST4X.04,0,0,0,0,0,0,0,0.081112999,0,0,0,0,0,0,0,0,0.046202149,0,0.008583691,0,0,0,0,0,0,0,0,0,0,0,0,0,0,0.009966299,0,0,0,0,0,0,0,0.749488723,0.025491834,0.000489674,0.016792926,0,0,0,0,0,0,0,0,2.88E-05,0.029610853,0,0.002189129,0.029812484,0,0,0,0,0,0,0.000230435,0,0,0,0,0,0
B160V6RJ.04,0,0,0,0,0,0,0,0.405146926,0,0,0,0,0,0,0,0,0.008507814,0,0.002504073,0,0,0,0,0,0,0,0,0,0,0,0,0,0,0.001086104,0,0,0,0,0,0,0,0.221444518,0.002745429,0,3.02E-05,0,0,0,0,0,0,0,0,0,0.004253907,0,0,0.35428106,0,0,0,0,0,0,0,0,0,0,0,0,0
E160SLLK.04,0,0,0,0,0,0,0,0.004527413,0,0,0,0,0,0,0,0,0.033862565,0,0.008992806,0,0,0,0,0,0,0,0,0,0,0,0,0,0,0,0,0,0,0,0,0,0,0.865293972,0.014450509,0.001364426,0.013210122,0,0,0,0,0,0,0,0,0.001674522,0.037397668,0,0.018481766,0.000682213,0,0,0,0,0,0,6.20E-05,0,0,0,0,0,0
E160TZM2.04,0,0,0,0,0,0,0,0.651649767,0,0,0,0,0,0,0,0,0,0,0.001056908,0,0,0,0.000660567,0,0,0,0,0,0,0,0,0,0,0,0,0,0,0,0,0,0,0.090894078,0.001255078,0,0,0,0,0,0,0,0,0,0,0.000693596,0.000429369,0,0,0.253360637,0,0,0,0,0,0,0,0,0,0,0,0,0
K160TXSM.04,0,0,0,0,0,0,0,0.019886565,0,0,0,0,0,0,0,0,0.022722439,0,0,0,0,0,0,0,0,0,0,0,0,0,0,0,0,0,0,0,0,0,0,0,0,0.85976604,0.036370082,0,0.017901453,0,0,0,0,0,0,0,0,0,0.038248848,0,0.004785537,0.000319036,0,0,0,0,0,0,0,0,0,0,0,0,0
F160T77G.04,0,0,0,0,0,0,0,0.132265718,0,0,0,0,0.000757875,0,0,0,0.015915382,0,0,0,0,0,0,0,0,0,0,0,0,0,0,0,0,0,0,0,0,0,0,0,0,0.262686174,0.010709108,0,3.30E-05,0,0,0,0,0,0,0,0,0.00029656,0.076018189,0,0,0.501318044,0,0,0,0,0,0,0,0,0,0,0,0,0
G160T8KL.04,0,0,0,0,0,0,0,0.002509958,0,0,0,0,0,0,0,0,0.006056638,0,0.000818465,0,0,0,0,0,0,0,0,0,0,0,0,0,0,0,0,0,0,0,0,0,0,0.861106564,0.001527801,0,0.004419709,0,0,0,0,0,0,0,0,0,0.00330114,0,0,0.11993234,0,0,0,0,0,0,0.000327386,0,0,0,0,0,0
A160SZJV.04,0,0,0,0,0,0,0,0.00699966,6.80E-05,0,0,0,0,0,0,0,0.054298335,0,0.001698947,0,0,0,0,0,0,0,0,0,0,0,0,0,0,0,0,0,0,0,0,0,0,0.842541624,0.015018688,0.001155284,0.003737683,0,0,0,0,0,0,0,0,0,0.067278287,0,0.005640503,0.00095141,0,0,0,0,0,0,0.000611621,0,0,0,0,0,0
B160SVNX.04,0,0,0,0,0,0,0,0.005300136,0,0,0,0,0,0,0,0,0,0,0,0,0,0,0,0,0,0,0,0,0,0,0,0,0,0.000215703,0,0,0,0,0,0,0,0.987982251,0.006501911,0,0,0,0,0,0,0,0,0,0,0,0,0,0,0,0,0,0,0,0,0,0,0,0,0,0,0,0
H160SQFK.04,3.70E-05,0,0,0,0,0,0,0.166691312,0,0,0,0,0,0,0,0,0.001737523,0,0,0,0,0,0,0,0,0,0,0,0,0,0,0,0,0,0,0,0,0,0,0,0,0.830702403,0.000332717,0,0.000203327,0,0,0,0,0,0,0,0,0,0.000295749,0,0,0,0,0,0,0,0,0,0,0,0,0,0,0,0
H160T1KX.04,0,0,0,0,0,0,0,0.053065539,0,0,0,0,0.001849894,0,0,0,0.004915433,0,0.018710359,0,0,0,0.00269556,0,0,0,0,0,0,0,0,0,0,0,0,0,0,0,0,0,0,0.749841438,0.028858351,0,0,0,0,0,0.001955603,0,0,0,0,0.000158562,0.133668076,0,0,0.004281184,0,0,0,0,0,0,0,0,0,0,0,0,0
H160TK73.04,0,0,0,0,0,0,0,0.032191338,0,0,0,0,0,0,0,0,0.004007757,0,0.000129282,0,0,0,0,0,0,0,0,0,0,0,0,0,0,0,0,0,0,0,0,0,0,0.339625081,0.359017453,0,0,0,0,0,0,0,0,0,0,0.050161603,0.208791209,0,0.000129282,0.005946994,0,0,0,0,0,0,0,0,0,0,0,0,0
C160T0JB.04,0,0,0,0,0,0,0,0.007106543,0,0,0,0,0,0,0,0,0.012737113,0,0,0,0,0,0,0,0,0,0,0,0,0,0,0,0,0.002241294,0,0,0,0,0,0,0,0.925763953,0.022631608,0,0,0,0,0,0,0,0,0,0,0.007215875,0.018941672,0,0,0.003361942,0,0,0,0,0,0,0,0,0,0,0,0,0
F160SJLB.04,0,0,0,0,0,0,0,0.763733235,0,0,0,0,0,0,0,0,0.001417286,0,0,0,0,0,0,0,0,0,0,0,0,0,0,0,0,0.002020944,0,0,0,0,0,0,0,0.177843101,0.003018293,0,2.62E-05,0,0,0,0,0,0,0,0,0,0.051468465,0,0,0.000472429,0,0,0,0,0,0,0,0,0,0,0,0,0
B160SW2S.04,0,0,0,0,0,0,0,0.109215515,0,0,0,0,0,0,0,0,0.016258384,0,0,0,0,0,0.014654418,0,0,0,0,0,0,0,0,0,0,0.119349665,0,0,0,0,0,0,0,0.70501604,0.007655293,0,0,0,0,0,0,0,0,0,0,0,0.027850685,0,0,0,0,0,0,0,0,0,0,0,0,0,0,0,0
E160T9MR.04,0,0,0,0.010138297,0,0,0,0.010866174,0,0,0,0,0,0,0,0,0.009566393,0,0.006550899,0,0,0,0,0,0,0,0,0,0,0,0,0,0,0,0,0,0,0,0,0,0,0.888738692,0.002963502,0.001455755,0,0,0,0,0,0,0,0,0,0.056046584,0.009982323,0,0,0,0,0,0,0,0,0,0.002131642,0,0,0,0,0,0.001559738
F160SKKD.04,0,0,0,0,0,0,0,0.064869834,0.004136437,0,0,0,0,0,0,0,0.000656577,0,0,0.000820722,0,0,0,0,0,0,0,0,0,0,0,0,0,0.009487541,0,0,0,0,0,0,0,0.902235646,0.011325958,0.000787893,0,0,0,0,0,0,0,0,0,0.001181839,0.002101047,0,0.002330849,6.57E-05,0,0,0,0,0,0,0,0,0,0,0,0,0
K160T4P2.04,0,0,0,0,0,0,0,0.001241652,0,0,0,0,0,0,0,0,0.000234907,0,0,0,0,0,0,0,0,0,0,0,0,0,0,0,0,0,0,0,0,0,0,0,0,0.949931206,3.36E-05,0,0.000100675,0,0,0,0,0,0,0,0,0.003758515,6.71E-05,0,0,0.04463237,0,0,0,0,0,0,0,0,0,0,0,0,0
J160T9QG.04,0,0,0,0,0,0,0,0.02852349,0,0,0,0,0,0,0,0,0.054530201,0,0.000119847,0,0,0,0,0,0,0,0,0,0,0,0,0,0,0,0,0,0,0,0,0,0,0.65915628,0.024688399,0,0.05105465,0,0,0,0,0,0,0,0,0.01653883,0.162751678,0,0,0.002396932,0,0,0,0,0,0,0.000239693,0,0,0,0,0,0
D160SYQ3.04,0,0,0,0,0,0,0,0.039532425,0,0,0,0,0,0,0,0,0.001644737,0,5.87E-05,0,0,0,0,0,0,0,0,0,0,0,0,0,0,0,0,0,0,0,0,0,0,0.782366071,0.01662359,0,0.001585996,0,0,0,0,0,0,0,0,0,0.150199718,0,0.0078125,0.000176222,0,0,0,0,0,0,0,0,0,0,0,0,0
H160SPMX.04,0,0,0,0,0,0,0,0.025610833,0,0,0,0,0.000441566,0,0,0,0.002796585,0,0.013688549,0,0,0,0,0,0,0,0,0,0,0,0,0,0,0,0,0,0,0,0,0,0,0.947012069,0.003679717,0.00117751,0,0,0,0,0,0,0.002060642,0,0,0,0.000883132,0,0,0.002649397,0,0,0,0,0,0,0,0,0,0,0,0,0
H160SL96.04,0,0,0,0,0,0,0,0.044828756,0,0,0,0,0,0,0,0,0,0,0.00671414,0,0,0,0,0,0,0,0,0,0,0,0,0,0,0,0,0,0,0,0,0,0,0.9356392,0.002577145,0,0,0,0,0,0,0,0,0,0,0,0.01013903,0,0,0.000101729,0,0,0,0,0,0,0,0,0,0,0,0,0
J160SWMB.04,0,0,0,0,0,0,0,0.678769902,0,0,0,0,0,0,0,0,0.001466026,0,0,0,0,0,3.41E-05,0,0,0,0,0,0,0,0,0,0,0,0,0,0,0,0,0,0,0.313456752,0.00272749,0,0.001022809,0,0,0,0,0,0,0,0,0.000136374,0.001295558,0,0.001090996,0,0,0,0,0,0,0,0,0,0,0,0,0,0
G160SHHM.04,0,0,0,0,0,0,0,0.065012421,0,0,0,0,0,0,0,0,0.001383243,0,0.001947832,0,0,0,0,0,0,0,0,0,0,0,0,0,0,0.002258356,0,0,0,0,0,0,0,0.86269196,0.000903342,0,0.000225836,0,0,0,0,0,0,0,0,0.000762195,0.000112918,0,0,0.064673668,0,0,0,0,0,0,2.82E-05,0,0,0,0,0,0
D160TMMD.04,0,0,0,0,0,0,0,0.097774425,0,0,0,0,0.000301773,0,0,0,0.032591475,0,0.005582799,0.001810637,0,0,0,0,0,0,0,0,0,0,0,0,0,0,0,0,0,0,0,0,0,0.790607318,0.004300264,0,0,0,0,0,0,0,0,0,0,0.052772539,0.01075066,0,0,0.00350811,0,0,0,0,0,0,0,0,0,0,0,0,0
A160STXC.04,0,0,0,0,0,0,0,0.002000232,0,0,0,0,0,0,0,0,0.000318878,0,0,0,0,0,0,0,0,0,0,0,0,0,0,0,0,0,0,0,0,0,0,0,0,0.988317486,0.001884276,0,8.70E-05,0,0,0,0,0,0,0,0,0,0.006986317,0,0,0.000405844,0,0,0,0,0,0,0,0,0,0,0,0,0
H160TDGL.04,0,0,0,0,0,0,0,0.607965363,0,0,0,0,0,0,0,0,0.003746238,0,0.016643125,0,0,0,0,0,0,0,0,0,0,0,0,0,0,0,0,0,0,0,0,0,0,0.094699994,0.000245655,0,0.002794325,0,0,0,0,0,0,0,0,0.010071854,0.1653258,0,0,0.083676227,0,0,0,0,0,0,0,0,0,0,0.011330836,0,0.003500583
E160SPNT.04,0,0,0,0,0,0,0,0.109989269,0,0,0,0,0,0,0,0,0.001268169,0,0.001560823,0,0,0,0,0,0,0,0,0,0,0,0,0,0,0,0,0,0,0,0,0,0,0.878353331,0.005657985,0.000634084,0,0,0,0,0,0,0,0,0,0.001658375,9.76E-05,0,0,0.000780412,0,0,0,0,0,0,0,0,0,0,0,0,0
K160T76K.04,0,0,0,0,0,0,0,0.324811781,0,0,0,0,0,0,0,0,0,0,0,0,0,0,0,0,0,0,0,0,0,0,0,0,0,0,0,0,0,0,0,0,0,0.369818814,0,0,0,0,0,0,0,0,0,0,0,0.010920824,0.1058989,0,0,0.188549681,0,0,0,0,0,0,0,0,0,0,0,0,0
A160TDWN.04,0,0,0,0,0,0,0,0.438846671,0,0,0,0,0,0,0,0,0.002751978,0,0.003189793,0,0,0,0,0,0,0,0,0,0,0,0,0,0,0,0,0,0,0,0,0,0,0.058542077,0.000218907,0,0.000218907,0,0,0,0,0,0,0,0,0,0.003940332,0,3.13E-05,0.492260062,0,0,0,0,0,0,0,0,0,0,0,0,0
C160SHGQ.04,0,0,0,0,0,0,0,0.049722718,0,0,0,0,0.008506439,0,0,0,0.009305386,0,0.130134411,0.008882414,0,0,0,0,0,0,0,0,0,0,0,0,0,0,0,0,0,0,0,0,0,0.738603252,0.011984209,0,0,0,0,0,0,0,0,0,0,0,0.034824702,0,0,0.00803647,0,0,0,0,0,0,0,0,0,0,0,0,0
H160SXVM.04,0,0,0,0,0,0,0,0.711584768,0,0,0,0,0,0,0,0,0,0,0.001278278,0,0,0,0,0,0,0,0,0,0,0,0,0,0,0,0,0,0,0,0,0,0,0.099884063,0,0,0,0,0,0,0,0,0,0,0,0,0.183209965,0,0,0.004042926,0,0,0,0,0,0,0,0,0,0,0,0,0
K160TN45.04,0,0,0,0,0,0,0,0.008266121,0,0,0,0,0.000140444,0,0,0,0.003551222,0,0.000642029,0,0,0,0,0,0,0,0,0,0,0,0,0,0,0.00100317,0,0,0,0,0,0,0,0.964026323,0.000702219,0,0.001645199,0,0,0,0,0,0,0,0,0.003651539,0.001725452,0,0,0.014646282,0,0,0,0,0,0,0,0,0,0,0,0,0
G160T3J8.04,0,0,0,0,0,0,0,0.626921894,0,0,0,0,0,0,0,0,0.002921279,0,0.003075031,0,0,0,0,0,0,0,0,0,0,0.000768758,0,0,0,0,0,0,0,0,0,0,0,0.029135916,0,0,7.69E-05,0,0,0,0,0,0,0,0,0.005611931,0.330412054,0,0,0.001076261,0,0,0,0,0,0,0,0,0,0,0,0,0
C160SVRW.04,0,0,0,0,0,0,0,0.023125962,0,0,0,0,0,0,0,0,0.022202682,0,0,0,0,0,0,0,0,0,0,0,0,0,0,0,0,0,0,0,0,0,0,0,0,0.033633766,0.000967246,0,0,0,0,0,0,0,0,0,0,4.40E-05,0.900681468,0,0,0.019344911,0,0,0,0,0,0,0,0,0,0,0,0,0
F160V4LN.04,0,0,0,0,0,0,0,0.601471153,0,0,0,0,0,0,0,0,0.018718779,0,0.001976176,0,0,0,0,0,0,0,0,0,0,0,0,0,0,0,0,0,0,0,0,0,0,0.270955701,0.015644727,0,0.017785585,0,0,0,0,0,0,0,0,0,0.069660207,0,0,0.003787671,0,0,0,0,0,0,0,0,0,0,0,0,0
E160T1LT.04,3.39E-05,0,0,3.39E-05,0,0,0,0.938352909,0,0,0,0,0,0,0,0,0.000712879,0.000135787,0.000169733,0,0,0,0.000135787,0,0,0,0,0,0,0,0,0,0,0,0,0,0,0,0,0,0,0.055876163,0.000916559,0,0,0,0,0,0,0,0,0,0,0.002681784,0.000644986,0,3.39E-05,0.000271573,0,0,0,0,0,0,0,0,0,0,0,0,0
K160V0Y9.04,0,0,0,0,0,0,0,0.002419618,0,0,0,0,0,0,0,0,0.001861244,0,0.000372249,0,0,0,0,0,0,0,0,0,0,0,0,0,0,0,0,0,0,0,0,0,0,0.735889442,0.000255921,0,0.000511842,0,0,0,0,0,0,0,0,0.00020939,0.004420455,0,0,0.253850449,0,0,0,0,0,0,0,0,0,0,0,0,0.00020939
D160SWLF.04,0,0,0,0,0,0,0,0.091306247,0,0,0,0,0,0,0,0,0.004987622,0,0.00327654,0,0,0,0,0,0,0,0,0,0,0,0,0,0,0,0,0,0,0,0,0,0,0.167394787,0.021989224,0,0.010266492,0,0,0,0,0,0,0,0,0.690002912,7.28E-05,0,0,0.010703364,0,0,0,0,0,0,0,0,0,0,0,0,0
F160SV04.04,0,0,0,0,0,0,0,0.608317903,0,0,0,0,0,0,0,0,0,0,0,0,0,0,0.005982054,0,0,0,0,0,0,0,0,0,0,0,0,0,0,0,0,0,0,0.385130323,0,0,0,0,0,0,0,0,0,0,0,0,4.75E-05,0,0,0.000522243,0,0,0,0,0,0,0,0,0,0,0,0,0
F160QSZ8.04,0,0,0,0,0,0,0,0.001007557,0,0,0,0,0,0,0,0,0.000251889,0,0,0,0,0,0,0,0,0,0,0,0,0,0,0,0,0,0,0,0,0,0,0,0,0.990512175,0,0,0,0,0,0,0,0,0,0,0,0.008060453,0.000167926,0,0,0,0,0,0,0,0,0,0,0,0,0,0,0,0
G160QNB9.04,0,0,0,0,0,0,0,0.000125476,0,0,0,0,0,0,0,0,0,0,0,0,0,0,0,0,0,0,0,0,0,0,0,0,0,0,0,0,0,0,0,0,0,0.999874524,0,0,0,0,0,0,0,0,0,0,0,0,0,0,0,0,0,0,0,0,0,0,0,0,0,0,0,0,0
C160P4Y8.04,0,0,0,0,0,0,0,0.014693289,0.014332717,0,0,0,0,0,0,0,0.168747465,0,0,0.059584441,0,0,0,0,0,0,0,0,0,0,0,0,0,0,0,0,0,0,0,0,0,0.028259792,0.701536936,0,0,0,0,0,0,0,0,0,0,0.00752693,0.001757786,0,0,0,0,0,0,0,0,0,0,0,0,0,0,0,0.003560644
F160P2XB.04,0.000251876,0,0,0,0,0,0,0.000403002,0,0,0,0,0,0,0,0,0,0,0,0,0,0,0,0,0,0,0,0,0,0,0,0,0,0.001662385,0,0,0,0,0,0,0,0.982570148,0,0,0,0,0,0,0,0,0,0,0,0.006448038,0.00256914,0,0,0,0,0,0,0,0,0,0,0,0,0,0,0,0.006095411
B160P4PM.04,0,0,0,0,0,0,0,0.00072399,0,0,0,0,0,0,0,0,0,0,0,0,0,0,0,0,0,0,0,0,0,0,0,0,0,0,0,0,0,0,0,0,0,0.998722371,0,0,0,0,0,0,0,0,0,0,0,0,0,0,0,0,0,0,0,0,0,0,0,0,0,0,0,0,0.000553639
D160QVQ0.04,0,0,0,0.019593518,0,0,0.002258236,0.065356004,0,0,0,0,0,0,0,0,0.002391073,0,0,0,0,0,0,0,0,0,0,0,0,0,0,0,0,6.64E-05,0,0,0,0,0,0,0,0.861317747,0.007837407,0,6.64E-05,0,0,0,0,0,0,0,0,0.023379384,0.015010627,0,0,0.002723167,0,0,0,0,0,0,0,0,0,0,0,0,0
E160NVV7.04,0,0,0,0,0,0,0,0.126519556,0,0,0,0,0,0,0,0,0,0,0,0,0,0,0,0,0,0,0,0,0,0,0,0,0,0,0,0,0,0,0,0,0,0.872951903,6.61E-05,0,0,0,0,0,0,0,0,0,0,0,0.000396406,0,0,6.61E-05,0,0,0,0,0,0,0,0,0,0,0,0,0
C160PSD5.04,4.83E-05,0,0,0,0,0,0,0.857222155,0,0,0,0,0,0,0,0,2.41E-05,0,0,0,0,0,0,0,0,0,0,0,0,0,0,0,0,0,0,0,0,0,0,0,0,0.142512369,9.65E-05,0,0,0,0,0,0,0,0,0,0,7.24E-05,2.41E-05,0,0,0,0,0,0,0,0,0,0,0,0,0,0,0,0
D160R45Y.04,0,0,0,0,0,0,0,0.105503582,0,0,0,0,0,0,0,0,0,0,0,0,0,0,0,0,0,0,0,0,0,0,0,0,0,0,0,0,0,0,0,0,0,0.879790995,3.13E-05,0,0,0,0,0,0,0,0,0,0,0,0.000281593,0,0,0.014392541,0,0,0,0,0,0,0,0,0,0,0,0,0
C160PRDR.04,7.49E-05,0,0,0,0,0,0,0.829371223,0,0,0,0,0,0,0,0,7.49E-05,0,0,0,0,0,0,0,0,0,0,0,0,0,0,0,0,0,0,0,0,0,0,0,0,0.165210008,0.000374569,0,0,0,0,0,0,0,0,0,0,2.50E-05,4.99E-05,0,0,0.004819458,0,0,0,0,0,0,0,0,0,0,0,0,0
K160Q2KP.04,8.27E-05,0,0,0,0,0,0,0.883570986,0,0,0,0,0,0,0,0,8.27E-05,0,0.000785286,0,0,0,0,0,0,0,0,0,0,0,0,0,0,0,0,0,0,0,0,0,0,0.109774747,0.002066543,0,0,0,0,0,0,0,0,0,0,0.001115933,0.002066543,0,0,0.000123993,0,0,0,0,0,0,0.000330647,0,0,0,0,0,0
A160PXLS.04,0,0,0,0,0,0,0,0.123227341,0,0,0,0,0,0,0,0,0,0,0.003875628,0.00361138,0,0,0,0,0,0,0,0,0,0,0,0,0.000440412,0,0,0,0.025367744,0,0,0,0,0.808949176,0.000176165,0,0,0,0,0,0,0,0,0,0,0.007398925,0.026424734,0,0,0.000528495,0,0,0,0,0,0,0,0,0,0,0,0,0
H160R4DF.04,0,0,0,0,0,0,0,0.035372168,0.000291262,0,0,0,0,0,0,0,0.003721683,0,0,0,0,0,0,0,0,0,0,0,0,0,0,0,0,0,0,0,0,0.000711974,0,0,0,0.156666667,0.015566343,0.00038835,0.006957929,0,0,0,0,0,0,0,0,0,0.043883495,0,0,0.736407767,0,0,0,0,0,0,3.24E-05,0,0,0,0,0,0
E160PC2L.04,0,0,0,0,0,0,0,0.001698033,0.001358426,0,0,0,0.000113202,0,0,0,0.006848734,0,2.83E-05,0,0,0,0,0,0,0,0,0,0,0,0,0,0,0.000283006,0,0,0,0,0,0,0,0.243130041,0.011122117,0,0,0,0,0,0,0,0,0,0,0.00152823,0.000283006,0,0,0.733606905,0,0,0,0,0,0,0,0,0,0,0,0,0
E160PQHX.04,0,0,0,0,0,0,0,0.607127117,4.20E-05,0,0,0,0,0,0,0,0,0,6.30E-05,0,0,0,0,0,8.39E-05,0,0,0,0,0,0,0,0,0,0,0,0,0,0,0,0,0.286050075,0.001280195,0,0.000104934,0,0,0,0,0,0,0,0,4.20E-05,4.20E-05,0,2.10E-05,0.105143865,0,0,0,0,0,0,0,0,0,0,0,0,0
K160RD5V.04,0,0,0,0,0,0,0,0.037837193,0.000517228,0,0,0,0,0,0,0,0.167860269,0,0.00011936,0,0,0,0,0,0,0,0,0,0,0,0,0,0,0,0,0,0,0,0,0,0,0.105315509,0.05227978,0.000835522,0.050767884,0,0,0,0,0,0,0,0,0.002148484,0.004734622,0,0.002665712,0.553433596,0,0,0.005848651,0,0,0,0.000159147,0.015477043,0,0,0,0,0
E160R12R.04,0.000125846,0,0,0,0,0,0,0.004027057,0,0,0,0,0,0,0,0,0.003083215,0,0,3.15E-05,0,0,0,0,0,0,0,0,0,0,0,0,0,0,0,0,0,0,0,0,0,0.915211578,0.000566305,0,0.008966494,0,0,0,0,0,0,0,0,0.005725971,0.011451943,0,0,0.050715746,0,0,0,0,0,0,9.44E-05,0,0,0,0,0,0
G160R978.04,0,0,0,0,0,0,0,0.132629544,0,0,0,0,0,0,0,0,0.00494387,0,0.000148688,0,0,0,0,0,0,0,0,0,0,0,0,0,0,0,0,0,0,0,0,0,0,0.375845662,0.002750725,0.000223032,0.002044458,0,0,0,0,0,0,0,0,0.000594751,0.003494164,0,0,0.477325106,0,0,0,0,0,0,0,0,0,0,0,0,0
J160QPSG.04,6.06E-05,0,0,0,0,0,0,0.083704579,0,0,0,0,0,0,0,0,0.003970058,0,3.03E-05,0,0,0,0,0,0,0,0,0,0,0,0,0,0.000272752,0,0,0,0,0,0,0,0,0.833621238,0.000878868,3.03E-05,0.001848653,0,0,0,0,0,0,0,0,0.000909174,0.026184199,0,0,0.048428645,0,0,0,0,0,0,6.06E-05,0,0,0,0,0,0
G160QVS7.04,0,0,0,0,0,0,0,0.354287544,0,0,0,0,0,0,0,0,0.000320115,0,0.000160058,0,0,0,0,0,0,0,0,0,0,0,0,0,0,0,0,0,0,0,0,0,0,0.364811332,0.00372134,0.000320115,0.001880677,0,0,0,0,0,0,0,0,0.000760274,0.01780641,0,0,0.255932136,0,0,0,0,0,0,0,0,0,0,0,0,0
J160QJZ9.04,0,0,0,0,0,0,0,0.004505909,0,0,0,0,0,0,0,0,0.000141695,0,0,0,0,0,0,0,0,0,0,0,0,0,0,0,0,0,0,0,0,0,0,0,0,0.969478845,2.83E-05,0,2.83E-05,0,0,0,0,0,0,0,0,0.000340069,0.000226712,0,0,0.025250092,0,0,0,0,0,0,0,0,0,0,0,0,0
G160RS9W.04,0,0,0,0,0,0,0,0.052096605,0,0,0,0,0,0,0,0,0.011438602,0,0.009088593,0,0,0,0,0,0,0,0,0,0,0,0,0,0,0,0,0,0,0,0,0,0,0.043630907,0.00461508,0.000113253,0.001217475,0,0,0,0,0,0,0,0,0.001075908,0.009966307,0,0.000396387,0.790339477,0,0,0.000368074,0,0,0,0,0.075653331,0,0,0,0,0
C160PB6L.04,0,0,0,0,0,0,0,0.007202627,0,0,0,0,0,0,0,0,0,0,0,0,0,0,0,0,0,0,0,0,0,0,0,0,0,0,0,0,0,0,0,0,0,0.987536631,0.001871271,0,0,0,0,0,0,0,0,0,0,0,0.003248243,0,0,0.000141228,0,0,0,0,0,0,0,0,0,0,0,0,0
F160PP3N.04,3.37E-05,0,0,0,0,0,0,0.808793284,0,0,0,0,0,0,0,0,6.74E-05,0,0,0,0,0,0,0,0,0,0,0,0,0,0,0,0,0,0,0,0,0,0,0,0,0.187363026,0.00010115,0,6.74E-05,0,0,0,0,0,0,0,0,0,0.000168583,0,0,0.003405374,0,0,0,0,0,0,0,0,0,0,0,0,0
K160PLLL.04,0,0,0,0,0,0,0,7.08E-05,0,0,0,0,0,0,0,0,0,0,0,0,0,0,0,0,0,0,0,0,0,0,0,0,0,0.002904711,0,0,0,0,0,0,0,0.993659228,3.54E-05,0,3.54E-05,0,0,0,0,0,0,0,0,0.000283386,3.54E-05,0,0,0.002975558,0,0,0,0,0,0,0,0,0,0,0,0,0
H160P6JQ.04,0,0,0,0,0,0,0,0.005276947,0,0,0,0,0,0,0,0,0,0,0.000627329,0,0,0,0,0,0,0,0,0,0,0,0,0,0,0,0,0,0,0,0,0,0,0.992877966,0,0,0,0,0,0,0,0,0,0,0,0.000664231,0,0,0,0.000553526,0,0,0,0,0,0,0,0,0,0,0,0,0
F160Q31M.04,0,0,0,0,0,0,0,0.580842878,0,0,0,0,0,0,0,0,0,0,0,0,0,0,0,0,0,0,0,0,0,0,0,0,0,0,0,0,0,0,0,0,0,0.417032033,0,0,0,0,0,0,0,0,0,0,0,0.001632963,0.000290802,0,0,0.000201324,0,0,0,0,0,0,0,0,0,0,0,0,0
K160PTMM.04,4.14E-05,0,0,0,0,0,0,0.566346393,0.001780833,0,0,0,0,0,0,0,0.005632403,0,0,0,0,0,0,0,0,0,0,0,0,0,0,0,0,0,0,0,0,0,0,0,0,0.420069577,0.005508159,0,0,0,0,0,0,0,0,0,0,4.14E-05,4.14E-05,0,0,0.000496977,0,0,0,0,0,0,4.14E-05,0,0,0,0,0,0
G160RCQ5.04,0,0,0,0,0,0,0,0.060722318,0,0,0,0,0,0,0,0,0.000220488,0,0,0,0,0,0,0,0,0,0,0,0,0,0,0,0,0,0,0,0,0,0,0,0,0.932618953,0.001499316,0,0,0,0,0,0,0,0,0,0,0.004894827,0,0,0,4.41E-05,0,0,0,0,0,0,0,0,0,0,0,0,0
F160PPZQ.04,0,0,0,0,0,0,0.000722987,0.088168311,0.00115678,0,0,0,0,0,0,0,0.011242454,0,0.011387051,0,0,0,0.000253046,0,0,0,0,0,0,0,0,0,0,0,0,0,0,0,0,0,0,0.470737086,0.01547193,0,0.003542638,0,0,0,0,0,0,0,0,0.006543036,0.000108448,0,0,0.390593934,0,0,0,0,0,0,0,0,0,0,0,0,7.23E-05
K160Q4TM.04,0,0,0,0,0,0,0,0.329032055,0,0,0,0,0,0,0,0,0.000283948,0,0.001735235,0,0,0,0,0,0,0,0,0,0,0,0,0,0,0,0,0,0,0,0,0,0,0.635127461,0.023977789,0,0,0,0,0,0,0,0,0,0,0.008486875,0.000851843,0,0,0.000283948,0,0,0,0,0,0,0.000220848,0,0,0,0,0,0
F160NSXS.04,0,0,0,0,0,0,0,0.32499884,0,0,0,0,0,0,0,0,0,0,0,0,0,0,0,0,0,0,0,0,0,0,0,0,0,0,0,0,0,0,0,0,0,0.179848773,0,0,0,0,0,0,0,0,0,0,0,0,0.387530732,0,0,0.107621654,0,0,0,0,0,0,0,0,0,0,0,0,0
B160NQ9D.04,0,0,0,0,0,0,0,0.326795488,0,0,0,0,0,0,0,0,0,0,0,0,0,0,0,0,0,0,0,0,0,0,0,0,0,0,0,0,0,0,0,0,0,0.644758666,0,0,0,0,0,0,0,0,0,0,0,0,0.02044286,0,0,0.008002986,0,0,0,0,0,0,0,0,0,0,0,0,0
F160NSW1.04,0,0,0,0,0,0,0,0.054619462,0,0,0,0,0,0,0,0,0,0,0,0,0,0,0,0,0,0,0,0,0,0,0,0,0,0,0,0,0,0,0,0,0,0.831881863,0,0,0,0,0,0,0,0,0,0,0,0,0.113498675,0,0,0,0,0,0,0,0,0,0,0,0,0,0,0,0
J160NP5Z.04,0,0,0,0,0,0,0,0.013785567,0,0,0,0,0,0,0,0,0,0,0,0,0,0,0,0,0,0,0,0,0,0,0,0,0,0,0,0,0,0,0,0,0,0.966923045,0,0,0,0,0,0,0,0,0,0,0,0.000546379,0.016139201,0,0,0.002605808,0,0,0,0,0,0,0,0,0,0,0,0,0
B160NSS3.04,0,0,0,0,0,0,0,0.001632082,0,0,0,0,0,0,0,0,0,0,0,0,0,0,0,0,0,0,0,0,0,0,0,0,0,0,0,0,0,0,0,0,0,0.984378643,0,0,0,0,0,0,0,0,0,0,0,0.005828865,0.00816041,0,0,0,0,0,0,0,0,0,0,0,0,0,0,0,0
C160PHZT.04,0,0,0,0,0,0,0,0.016676985,0,0,0,0,0,0,0,0,0,0,3.87E-05,0,0,0,0,0,0,0,0,0,0,0,0,0,0,0,0,0,0,0,0,0,0,0.980575762,0.002437703,0,0,0,0,0,0,0,0,0,0,0,0.000270856,0,0,0,0,0,0,0,0,0,0,0,0,0,0,0,0
D160RFQ0.04,0,0,0,0,0,0,0,0.032233392,0,0,0,0,0,0,0,0,0,0,0.022399476,0,0,0,0,0,0,0,0,0,0,0,0,0,0,0,0,0,0,0,0,0,0,0.811516608,0.053267045,0,0,0,0,0,0,0,0,0,0,0.002458479,0.013876748,0,0,0.064248252,0,0,0,0,0,0,0,0,0,0,0,0,0
D160QGWD.04,0,0,0,0,0,0,0,0.842230335,0.00010332,0,0,0,0,0,0,0,0.003753961,0,0.00013776,0,0,0,0,0,0,0,0,0,0,0,0,0,0,0,0,0,0,0,0,0,0,0.115649539,0.006302521,0,0.00230748,0,0,0,0,0,0,0,0,0.028895165,0.0003444,0,0,0.0001722,0,0,0,0,0,0,0,0,0,0,0,0,0.00010332
B160R77N.04,0,0,0,0,0,0,0,0.033658456,0,0,0,0,0,0,0,0,0.052603736,0,0.080376922,0.000529013,0,0,0,0,0,0,0,0,0,0,0,0,0,0,0,0,0,0,0,0,0,0.741940817,0.01276244,0.001124153,0.034352786,0,0,0,0,0,0,0,0,0.001950736,0.038651017,0,0,0.001487849,0,0,0,0,0,0,0.000562076,0,0,0,0,0,0
E160QDWF.04,0.000541712,0,0,0,0,0,0,0.038693701,0.000541712,0,0,0,0,0,0,0,0.167388949,0,0.000773874,0,0,0,0,0,0,0,0,0,0,0,0,0,0,0,0,0,0,0,0,0,0,0.574369293,0.055796316,0.003482433,0.101067946,0,0,0,0,0,0,0,0,0,0.045116855,0,0.011298561,0.000928649,0,0,0,0,0,0,0,0,0,0,0,0,0
C160QJ2L.04,0,0,0,0,0,0,0,0.077841974,0.000780762,0,0,0,0,0,0,0,0.042707683,0,0.001717676,0,0,0,0,0,0,0,0,0,0,0,0,0,0,0.000546533,0,0,0,0,0,0,0,0.510384135,0.007651468,0,0.125546533,0,0,0,0,0,0,0,0,0.00554341,0.020299813,0,0,0.206980012,0,0,0,0,0,0,0,0,0,0,0,0,0
E160TQBG.04,0,0,0,0,0,0,0,0.813924968,0,0,0,0,0,0,0,0,0.003660553,0,0.0005017,0,0,0,7.43E-05,0,0,0,0,0,0,0,0,0,0,0,0,0,0,0,0,0,0,0.162922497,0.001486519,0,0.000520282,0,0,0,0,0,0,0,0,0.000167233,0.000761841,0,0,0.015757103,0,0,0,0,0,0,1.86E-05,0,0,0,0,0,0.000204396
C160RYGB.04,0,0,0,0,0,0,0,0.428796223,0,0,0,0,0,0,0,0,0.010228167,0,0.006294256,0,0,0,0,0,0,0,0,0,0,0,0,0,0,0,0,0,0,0,0,0,0,0.446018009,0.020368913,8.74E-05,0.012151412,0,0,0,0,0,0,0,0,0,0.059183495,0,0.00017484,0.016609844,0,0,0,0,0,0,8.74E-05,0,0,0,0,0,0
G160R76R.04,4.73E-05,0,0,0,0,0,0,0.037058072,0,0,0,0,0,0,0,0,0.000236642,0,0,0,0,0,0,0,0,0,0,0,0,0,0,0,0,0,0,0,0,0,0,0,0,0.929575465,0,0,0.00028397,0,0,0,0,0,0,0,0,0.000615268,0.002461072,0,0,0.029722183,0,0,0,0,0,0,0,0,0,0,0,0,0
D160R0C7.04,0,0,0,0,0,0,0.000235139,0.006160647,0.000282167,0,0,0,0,0,0,0,0.011474793,0,0.00174003,0.000893529,0,0,0,0,0,0,0,0,0,0,0,0,0,0,0,0,0,0,0,0,0,0.43881678,0.008465011,0,0.008512039,0,0,0,0,0,0,0,0,0.002727615,0.001034612,0,0,0.519422498,0,0,0,0,0,0,0.000235139,0,0,0,0,0,0
E160VKD7.04,0,0,0,0,0,0,0,0.118407283,0,0,0,0,0,0,0,0,0.001622018,0,0.000191852,0,0,0,0,0,0,0,0,0,0,0,0,0,0,0,0,0,0,0,0,0,0,0.766499233,0.000348821,0,0.000575555,0,0,0,0,0,0,0,0,0.00017441,0.000226734,0,0,0.111849449,0,0,0,0,0,0,0,0,0,0,0,0,0.000104646
A160TQ9K.04,0,0,0,0,0,0,0,0.299671794,6.70E-05,0,0,0,0,0,0,0,0.00245596,0,0.000111635,0,0,0,0,0,0,0,0,0,0,0,0,0,0,0.000223269,0,0,0,0,0,0,0,0.370403447,0.001183326,0,0.000312577,0,0,0,0,0,0,0,0,0.000267923,0.001629864,0,2.23E-05,0.323650896,0,0,0,0,0,0,0,0,0,0,0,0,0
C160RVDP.04,0,0,0,0,0,0,0,0.060458909,0,0,0,0,0,0,0,0,0.002261185,0,0.001112058,0,0,0,0,0,0,0,0,0,0,0,0,0,0,0,0,0,0,0,0,0,0,0.895392371,0.001742225,0.000481892,0.00400341,0,0,0,0,0,0,0,0,0.013085221,0.010342143,0,0.000148274,0.010786967,0,3.71E-05,0,0,0,0,0.000148274,0,0,0,0,0,0
B160Q3GH.04,0,0,0,0,0,0,0,0.152172855,0.001946567,0,0,0,0,0,0,0,0,0,0,0,0,0,0,0,0,0,0,0,0,0,0,0,0,0,0,0,0,0,0,0,0,0.841744124,0.001946567,0,0,0,0,0,0,0,0,0,0,0.000827291,0.00116794,0,0,0.000194657,0,0,0,0,0,0,0,0,0,0,0,0,0
C160RLJM.04,0,0,0,0,0,0,0,0.915703059,0,0,0,0,0,0,0,0,0.003579116,0,7.51E-05,0,0,0,0,0,0,0,0,0,0,0,0,0,0,0,0,0,0,0,0,0,0,0.075536867,0.000800921,0,0.001151324,0,0,0,0,0,0,0,0,0,0.002928368,0,0,0.00020023,0,2.50E-05,0,0,0,0,0,0,0,0,0,0,0
H160Q0LJ.04,4.07E-05,0,0,0,0,0,0,0.66400684,0,0,0,0,0,0,0,0,0.008997272,0,8.14E-05,0,0,0,0,0,0,0,0,0,0,0,0,0,0,0,0,0,0,0,0,0,0,0.155274193,0.006758132,4.07E-05,0.013475553,0,0,0,0,0,0,0,0,0.000814233,0.010137198,0,0,0.140373733,0,0,0,0,0,0,0,0,0,0,0,0,0
F160RCBH.04,0,0,0,0,0,0,0,0.053497942,0,0,0,0,0,0,0,0,0.03892158,0.002807584,0.000999962,0,0,0,0,0,0,0,0,0,0,0,0,0,0,0,0,0,0,0,0,0,0,0.813853313,0.015191723,0,0.049728857,0,0,0,0,0,0,0,0,3.85E-05,0.024229837,0,0,0,0,0,0,0,0,0,0.0001923,0.000538441,0,0,0,0,0
E160R8DD.04,0,0,0,0,0,0,0,0.054831892,0,0,0,0,0,0,0,0,0.032315082,0,0,0,0,0,0,0,0,0,0,0,0,0,0,0,0,0.001037464,0,0,0.002920269,0.001306436,0,0,0,0.239385207,0.023246878,0,0.026090298,0,0,0,0,0,0,0,0,0.001344861,0.004879923,0,0.000192123,0.611873199,0,0,0,0,0,0,0.000576369,0,0,0,0,0,0
A160PZ1F.04,0,0,0,0,0,0,0,0.470740647,0.000442366,0,0,0,0,0,0,0,0.004044489,0,0.002970172,0,0,0,0,0,0,0,0,0,0,0,0,0,0,0,0,0,0,0,0,0,0,0.512639029,0.00208544,0.000252781,0.001137513,0,0,0,0,0,0,0,0,0.003222952,0.000884732,0,6.32E-05,0.000758342,0,0,0,0,0,0,0,0,0,0,0,0,0.000758342
F160RZB4.04,0,0,0,0,0,0,0,0.917268019,0,0,0,0,0,0,0,0,0.00337465,0,0.000721623,0,0,0,0,0,0,0,0,0,0,0,0,0,0,0.006706851,0,0,0,0,0,0,0,0.066644028,0.002334663,0.000106121,0.000700399,0,0,0,0,0,0,0,0,0.000254691,0.000912641,0,0.000360812,0.000594278,0,0,0,0,0,0,2.12E-05,0,0,0,0,0,0
H160VKFJ.04,0,0,0,0,0,0,0,0.136612805,0,0,0,0,0,0,0,0,0.003869442,0,0.000967361,0,0,0,0.000250797,0,0,0,0,0,0,0,0,0,0,0.008240479,0,0,0,0,0,0,0,0.836910179,0.000752392,0,0.000680735,0,0,0,0,0,0,0,0,0.003403676,0.004872631,0,0,0.003439504,0,0,0,0,0,0,0,0,0,0,0,0,0
H160Q24W.04,0,0,0,0,0,0,0,0.681417521,0,0,0,0,0,0,0,0,0,0,0,0,0,0,0,0,0,0,0,0,0,0,0,0,0,4.50E-05,0,0,0,0,0,0,0,0.318042813,0.000134916,0,0,0,0,0,0,0,0,0,0,0.000269833,8.99E-05,0,0,0,0,0,0,0,0,0,0,0,0,0,0,0,0
E160PX8B.04,0,0,0,0,0,0,0,0.931733511,0,0,0,0,0,0,0,0,2.57E-05,0,2.57E-05,0,0,0,0,0,0,0,0,0,0,0,0,0,0,0,0,7.71E-05,0.000308317,0,0,0,0,0.067598469,0,0,0,0,0,0,0,0,0,0,0,0.000179851,0,0,0,5.14E-05,0,0,0,0,0,0,0,0,0,0,0,0,0
H160R33G.04,0,0,0,0,0,0,0,0.004912357,0,0,0,0,0,0,0,0,0,0,2.16E-05,0,0,0,0,0,0,0,0,0,0,0,0,0,0.000151482,0,0,0,0,0,0,0,0,0.974074876,0,0,0,0,0,0,0,0,0,0,0,0.012378273,0.000108202,0,0,0.00835317,0,0,0,0,0,0,0,0,0,0,0,0,0
K160RFXX.04,0,0,0,0,0,0,0,0.213969466,0,0,0,0,0,0,0,0,0,0,3.82E-05,0,0,0,0,0,0,0,0,0,0,0,0,0,0,0,0,0,0,0,0,0,0,0.785,3.82E-05,0,0,0,0,0,0,0,0,0,0,3.82E-05,0,0,0,0.000725191,0,0,0,0,0,0,0,0,0,0,0,0,0.00019084
E160PX6Q.04,0,0,0,0,0,0,0,0.796037936,0.001245011,0,0,0,0,0,0,0,0,0,0,0,0,0,0,0,0,0,0,0,0,0,0,0,0,0,0,0,0,0,0,0,0,0.201655132,0.001025303,0,0,0,0,0,0,0,0,0,0,0,3.66E-05,0,0,0,0,0,0,0,0,0,0,0,0,0,0,0,0
K160QVVY.04,0,0,0,0,0,0,0,0.896224175,0,0,0,0,0,0,0,0,0,0,0,0,0,0,0,0,0,0,0,0,0,0,0,0,0,6.78E-05,0,0,0,0,0,0,0,0.103063405,0.000169624,0,0,0,0,0,0,0,0,0,0,0,0,0,0,0.000441022,0,0,0,0,0,0,0,0,0,0,0,0,3.39E-05
B160QXKR.04,0,0,0,0,0,0,0,0.590783516,0,0,0,0,0,0,0,0,0,0,0,0,0,0,0,0,0,0,0,0,0,0,0,0,0,0,0,0,0,0,0,0,0,0.385427059,3.84E-05,0,0,0,0,0,0,0,0,0,0,0,0,0,0,0.023751055,0,0,0,0,0,0,0,0,0,0,0,0,0
E160PMFW.04,0,0,0,0,0,0,0,0.766317365,0,0,0,0,0,0,0,0,0,0,0,0,0,0,0,0,0,0,0,0,0,0,0,0,0,0,0,0,0,0,0,0,0,0.231661677,0.001122754,0,0,0,0,0,0,0,0,0,0,0.000449102,0.000449102,0,0,0,0,0,0,0,0,0,0,0,0,0,0,0,0
H160RN2R.04,0,0,0,0,0,0,0,0.646438953,0,0,0,0,0,0,0,0,0.002081131,0,3.30E-05,0,0,0,0,0,0,0,0,0,0,0,0,0,0,0,0,0,0,0,0,0,0,0.068842495,0.001057082,0,0.00069371,0,0,0,0,0,0,0,0,9.91E-05,0.007961152,0,0.000132135,0.272661205,0,0,0,0,0,0,0,0,0,0,0,0,0
H160Q8C5.04,0,0,0,0,0,0,0,0.016568653,0,0,0,0,0,0,0,0,0.019688059,0,0.001431859,0,0,0,0,0,0,0,0,0,0,0,0,0,0,0,0,0,0,0,0,0,0,0.126310407,0.004755817,0.000767067,0.372845819,0,0,0,0,0,0,0,0,0.005267195,0.118690872,0,0,0.333674252,0,0,0,0,0,0,0,0,0,0,0,0,0
F160P7HZ.04,0,0,0,0,0,0,0,0.005876714,0.003167591,0,0,0,0,0,0,0,0.006751969,0,0,0,0,0,0,0,0,0,0,0,0,0,0,0,0,0,0,0,0.004876422,0,0,0,0,0.788646689,0.009836202,0,0,0,0,0,0,0,0,0,0,0.000208394,0.009169341,0,8.34E-05,0.171341641,0,0,0,0,0,0,4.17E-05,0,0,0,0,0,0
J160PSLS.04,0,0,0,0,0,0,0,0.004470939,0,0,0,0,0,0,0,0,0,0,0,0,0,0,0,0,0,0,0,0,0,0,0.012454758,0,0,0,0,0,0,0,0,0,0,0.928252076,0,0,0,0,0,0,0,0,0,0,0,0,0,0,0,0.054822227,0,0,0,0,0,0,0,0,0,0,0,0,0
E160PZY1.04,0,0,0,0,0,0,0,0.443805046,0,0,0,0,0,0,0,0,0.002245693,0,0.000771957,0,0,0,0,0,0,0,0,0,0,0,0,0,0,0,0,0,0,0,0,0,0,0.54865083,0.001298291,0,3.51E-05,0,0,0,0,0,0,0,0,0.001789536,0.000982491,0,0.000105267,0.000315801,0,0,0,0,0,0,0,0,0,0,0,0,0
C160QTQ0.04,0,0,0,0,0,0,0,0.729489945,0,0,0,0,0,0,0,0,0.004140283,0,0.000104377,0,0,0,0,0,0,0,0,0,0,0,0,0,0,0.000278338,0,0,0,0,0,0,0,0.258959015,0.004870921,0,0.000173961,0,0,0,0,0,0,0,0,0.0004523,0.000939392,0,0.000382715,6.96E-05,0,0,0,0,0,0,0.000139169,0,0,0,0,0,0
C160P86J.04,0,0,0,0,0,0,0,0.004896598,0,0,0,0,0,0,0,0,0.034901287,0,0,0,0,0,0,0,0,0,0,0,0,0,0,0,0,0,0,0,0.00281294,0,0,0,0,0.924936188,0.017294369,0,0,0,0,0,0,0,0,0,0,5.21E-05,0.007709538,0,0,0.007032349,0,0,0,0,0,0,0,0.00036464,0,0,0,0,0
G160Q461.04,0,0,0,0,0,0,0,0.415469827,0,0,0,0,0,0,0,0,0.000225414,0,0.003187995,0,0,0,0,0,0,0,0,0,0,0,0,0,0,0,0,0,0,0,0,0,0,0.572905262,0.003638823,0,0,0,0,0,0,0,0,0,0,0.002511754,0.001738906,0,0,0.00032202,0,0,0,0,0,0,0,0,0,0,0,0,0
E160P8JG.06,0,0,0,0,0,0,0,0.089938085,0,0,0,0,0,0,0,0,0.005047096,0,0,0,0,0,0,0,0,0,0,0,0,0,0,0,0,0,0,0,0,0,0,0,0,0.728982658,0,0,0,0,0,0,0,0,0,0,0,0.075677103,0.010827783,0,0,0.089527275,0,0,0,0,0,0,0,0,0,0,0,0,0
J160PQ0M.04,0,0,0,0,0,0,0,0.150257915,0,0,0,0,0,0,0,0,0,0,0,0,0,0,0,0,0,0,0,0,0,0,0,0,0,0,0,0,0,0,0,0,0,0.805096051,0.015919602,0.022100676,0,0,0,0,0,0,0,0,0,0,0.006492351,0,0,0.000133404,0,0,0,0,0,0,0,0,0,0,0,0,0
E160R7TM.04,0,0,0,0,0,0,0,0.009557257,0.000690886,0,0,0,0,0,0,0,0,0,0,0,0,0,0,0,0,0,0,0,0,0,0,0,0,5.76E-05,0,0,0,0,0,0,0,0.848983822,0.000230295,0,0,0,0,0,0,0,0,0,0,0.000633312,0,0,0,0.139846854,0,0,0,0,0,0,0,0,0,0,0,0,0
H160PMQ8.04,0.000124657,0,0,0,0,0,0,0.471297681,0,0,0,0,0,0,0,0,0,0,0,0,0,0,0,0,0,0,0,0,0,0,0,0,9.35E-05,0,0,0,0,0,0,0,0,0.527923211,0,0,0,0,0,0,0,0,0,0,0,0,6.23E-05,0,0,0.000498629,0,0,0,0,0,0,0,0,0,0,0,0,0
A160Q2XF.04,9.07E-05,0,0,0,0,0,0,0.756897229,0,0,0,0,0,0,0,0,9.07E-05,0,0,0,0,0,0,0,0,0,0,0,0,0,0,0,0,0,0,0,0,0,0,0,0,0.242649503,0.000181307,0,0,0,0,0,0,0,0,0,0,0,0,0,0,9.07E-05,0,0,0,0,0,0,0,0,0,0,0,0,0
H160PYNW.04,0.000618279,0,0,0,0,0,0,0.257601519,0,0,0,0,0,0,0,0,0.000375384,0,0,0,0,0,0,0,0,0,0,0,0,0,0,0,0,0,0,0,0,0,0,0,0,0.741228167,6.62E-05,0,0,0,0,0,0,0,0,0,0,0,2.21E-05,0,0,0,0,0,0,0,0,0,0,0,0,0,0,0,8.83E-05
F160Q2HW.04,7.90E-05,0,0,0,0,0,0,0.795853899,0,0,0,0,0,0,0,0,0.001382034,0,0,0,0,0,0,0,0,0,0,0,0,0,0,0,0,0,0,0,0,0,0,0,0,0.133346496,0.022230997,0.001934847,0,0,0,0,0,0,0,0,0,0.0411846,0.0017769,0,0,0.002211254,0,0,0,0,0,0,0,0,0,0,0,0,0
B160QYQF.04,0,0,0,0,0,0,0,0.149038725,0,0,0,0,0,0,0,0,0,0,0,0,0,0,0,0,0,0,0,0,0,0,0,0,0,0,0,0,0,0,0,0,0,0.544777346,5.48E-05,0,0,0,0,0,0,0,0,0,0,0,5.48E-05,0,0,0.306074382,0,0,0,0,0,0,0,0,0,0,0,0,0
J160PTFM.04,0,0,0,0,0,0,0,0.845557718,0,0,0,0,0,0,0,0,0.000550924,0,0,0,0,0,0,0,0,0,0,0,0,0,0,0,0,0,0,0,0,0,0,0,0,0.148933044,0.001322217,0,0,0,0,0,0,0,0,0,0,0.001616043,0.000220369,0,0,0.000550924,0,0,0,0,0,0,0,0,0,0,0,0,0.00124876
B160PRFN.04,6.61E-05,0,0,0,0,0,0,0.766577372,3.31E-05,0,0,0,0,0,0,0,0,0,0,0,0,0,0,0,0,0,0,0,0,0,0,0,0,6.61E-05,0,0,0.000396865,0,0,0,0,0.232198962,0.00016536,0,0,0,0,0,0,0,0,0,0,0,0.00016536,0,9.92E-05,0.000231504,0,0,0,0,0,0,0,0,0,0,0,0,0
A160PSB7.04,0,0,0,0,0,0,0,0.062478171,0,0,0,0,0,0,0,0,0.000349257,0,0,0,0,0,0,0,0,0,0,0,0,0,0,0,0,0,0,0,0,0,0,0,0,0.936900927,0.000271644,0,0,0,0,0,0,0,0,0,0,0,0,0,0,0,0,0,0,0,0,0,0,0,0,0,0,0,0
A160PPPP.04,0,0,0,0,0,0,0,0.016839714,0,0,0,0,0,0,0,0,0,0,0,0,0,0,0,0,0,0,0,0,0,0,0,0,0,0,0,0,0,0,0,0,0,0.982673589,0.000324465,0,0,0,0,0,0,0,0,0,0,0,0,0,0,0.000129786,0,0,0,0,0,0,0,3.24E-05,0,0,0,0,0
E160PL5Y.04,0,0,0,0,0,0,0,0.001823403,0,0,0,0,0,0,0,0,0.001002872,0,0,0,0,0,0,0,0,0,0,0,0,0,0,0,0,0,0,0,0,0,0,0,0,0.936955828,0.001048457,0,0,0,0,0,0,0,0,0,0,0.001230797,0,0,0,0.057938642,0,0,0,0,0,0,0,0,0,0,0,0,0
G160PFQN.04,0,0,0,0,0,0,0,0.004351449,0,0,0,0,0,0,0,0,0.053050643,0,0,0,0,0,0,0,0,0,0,0,0,0,0,0,0,0,0,0,0,0,0,0,0,0.935376354,0,0,0,0,0,0,0,0,0.000740672,0,0,0.000601796,0.005879085,0,0,0,0,0,0,0,0,0,0,0,0,0,0,0,0
B160PGYC.04,0,0,0,0,0,0,0,0.016022025,0,0,0,0,0,0,0,0,0,0,0,0,0,0,0,0,0,0,0,0,0,0,0,0,0,0,0,0,0,0,0,0,0,0.979193934,0.001128312,0,0,0,0,0,0,0,0,0,0,0,0.003159272,0.000496457,0,0,0,0,0,0,0,0,0,0,0,0,0,0,0
C160PQRM.04,0,0,0,0,0,0,0,0.00012138,0,0,0,0,0,0,0,0,0,0,0,0,0,0,0,0,0,0,0,0,0,0,0,0,0,0,0,0,0,0,0,0,0,0.99987862,0,0,0,0,0,0,0,0,0,0,0,0,0,0,0,0,0,0,0,0,0,0,0,0,0,0,0,0,0
K160P4QF.04,0,0,0,0,0,0,0,0.012954196,0,0,0,0,0,0,0,0,0,0,0,0,0,0,0,0,0,0,0,0,0,0,0,0,0,0,0,0,0,0,0,0,0,0.986987714,0,0,0,0,0,0,0,0,0,0,0,0,0,0,0,0,0,0,0,0,0,0,0,0,0,0,0,0,5.81E-05
A160PNVS.04,0,0,0,0,0,0,0,0.000142782,0,0,0,0,0,0,0,0,0,0,0,0,0,0,0,0,0,0,0,0,0,0,0,0,0,0,0,0,0,0,0,0,0,0.999333682,0,0,0,0,0,0,0,0,0,0,0,0,0.000523535,0,0,0,0,0,0,0,0,0,0,0,0,0,0,0,0
F160PLMM.04,0,0,0,0,0,0,0,0.004925906,0,0,0,0,0,0,0,0,0.000697837,0,0,0,0,0,0,0,0,0,0,0,0,0,0,0,0,0,0,0,0,0,0,0,0,0.991872255,0.000246295,0,0,0,0,0,0,0,0,0,0,0,0.000246295,0,0,0.000574689,0,0,0,0,0,0,0.001436723,0,0,0,0,0,0
B160P5PJ.04,0,0,0,0,0,0,0,0.015277229,0,0,0,0,0,0,0,0,0.0001317,0,0,0,0,0,0,0,0,0,0,0,0,0,0,0,0,0,0,0,0,0,0,0,0,0.984591071,0,0,0,0,0,0,0,0,0,0,0,0,0,0,0,0,0,0,0,0,0,0,0,0,0,0,0,0,0
D160P6HX.04,0,0,0,0,0,0,0,0.000647207,0,0,0,0,0,0,0,0,0,0,0,0,0,0,0,0,0,0,0,0,0,0,0,0,0,0,0,0,0,0,0,0,0,0.999288072,0,0,0,0,0,0,0,0,0,0,0,0,6.47E-05,0,0,0,0,0,0,0,0,0,0,0,0,0,0,0,0
E160PFPV.04,0,0,0,0,0,0,0,0.012276786,0,0,0,0,0,0,0,0,0,0,0,0,0,0,0,0,0,0,0,0,0,0,0,0,0,0,0,0,0,0,0,0,0,0.756550854,4.85E-05,0,0,0,0,0,0,0,0,0,0,0,0,0,0,0,0,0,0,0,0,0,0,0.231123835,0,0,0,0,0
J160P2WJ.04,0,0,0,0,0,0,0,0.714412295,0,0,0,0,0,0,0,0,0,0,0,0,0,0,0,0,0,0,0,0,0,0,0,0,0,0,0,0,0,0,0,0,0,0.285465489,0,0,6.11E-05,0,0,0,0,0,0,0,0,0,0,0,0,6.11E-05,0,0,0,0,0,0,0,0,0,0,0,0,0
B160Q3PV.04,0,0,0,0,0,0,0,0.007997194,0,0,0,0,0,0,0,0,0,0,0,0,0,0,0,0,0,0,0,0,0,0,0,0,0,0,0,0,0,0,0,0,0,0.990038583,0.000491056,0,0,0,0,0,0,0,0,0,0,0.001262715,0.000210452,0,0,0,0,0,0,0,0,0,0,0,0,0,0,0,0
A160PT68.04,0,0,0,0,0,0,0,0.763977235,0.000937395,0,0,0,0,0,0,0,0,0,0,0,0,0,0,0,0,0,0,0,0,0,0,0,0,0,0,0,0,0,0,0,0,0.191697355,0.00167392,0,0,0,0,0,0,0,0,0,0,0.040910613,0.000803482,0,0,0,0,0,0,0,0,0,0,0,0,0,0,0,0
G160PLNF.04,0,0,0,0,0,0,0,0.953496214,0,3.07E-05,0,0,0,0,0,0,0,0,0,0,0,0,0,0,0,0,0,0,0,0,0,0,0,0,0,0,0,0,0,0,0,0.045676098,0,0,0,0,0,0,0,0,0,0,0,0,0.000797033,0,0,0,0,0,0,0,0,0,0,0,0,0,0,0,0
C160PMR2.04,0,0,0,0,0,0,0,0.851968449,0,0,0,0,0,0,0,0,3.46E-05,0,0,0,0,0,0,0,0,0,0,0,0,0,0,0,0,0,0,0,0,0,0,0,0,0.146716945,0,0,0,0,0,0,0,0,0,0,0,0,0.001280011,0,0,0,0,0,0,0,0,0,0,0,0,0,0,0,0
D160PK27.04,0,0,0,0,0,0,0,0.259844665,0,0,0,0,0,0,0,0,0.000953808,0,0.005859109,0,0,0,0,0,0,0,0,0,0,0,0,0,0,0,0,0,0,0,0,0,0,0.699868284,0.005086978,0,0,0,0,0,0,0,0,0,0,0.001498842,0.026888314,0,0,0,0,0,0,0,0,0,0,0,0,0,0,0,0
D160Q3DQ.04,0,0,0,0,0,0,0,0.54016877,0.004946697,0,0,0,0,0,0,0,0.008173954,0,0.000238076,0,0,0,0,0,0,0,0,0,0,0,0,0,0,0,0,0,0,0,0,0,0,0.419860858,0.013570352,0.001296193,0.005555115,0,0,0,0,0,0,0,0,0.000740682,0.004549903,0,0.000767135,0.000132265,0,0,0,0,0,0,0,0,0,0,0,0,0
C160PY5V.04,0,0,0,0,0,0,0,0.80857314,0,0,0,0,0,0,0,0,7.73E-05,0,0,0,0,0,0,0,0,0,0,0,0,0,0,0,0,0,0,0,0,0,0,0,0,0.190789092,0.000193263,0,0,0,0,0,0,0,0,0,0,0.000367199,0,0,0,0,0,0,0,0,0,0,0,0,0,0,0,0,0
C160R8H4.04,0,0,0,0,0,0,0,0.283278801,0.001033236,0,0,0,0,0,0,0,0,0,0.000516618,0,0,0,0,0,0,0,0,0,0,0,0,0,0,0,0,0,0,0,0,0,0,0.337523678,0.006027209,0,0,0,0,0,0,0,0,0,0,0.046840021,0.324608231,0,0,0.000172206,0,0,0,0,0,0,0,0,0,0,0,0,0
C160QXJV.04,0,0,0,0,0,0,0,0.000979638,0,0,0,0,0,0,0,0,0.033657547,0,0,0,0,0,0,0,0,0,0,0,0,0,0,0,0,0,0,0,0,0,0,0,0,0.823385347,0,0,0,0,0,0,0,0,0,0,0,0.000244909,0.141697572,0,0,3.50E-05,0,0,0,0,0,0,0,0,0,0,0,0,0
H160QYK0.04,0,0,0,0,0,0,0,0.000686454,0,0,0,0,0,0,0,0,0,0,0,0,0,0,0,0,0,0,0,0,0,0,0,0,0,0,0,0,0,0,0,0,0,0.977477772,0,0,0,0,0,0,0,0,0,0,0,0.019416841,0.000392259,0,0,3.27E-05,0,0,0,0,0,0,0,0,0,0,0,0,0.001993985
D160Q3NT.04,0,0,0,0,0,0,0,0.582142857,0,0,0,0,0,0,0,0,8.24E-05,0,0,0,0,0,0,0,0,0,0,0,0,0,0,0,0,0,0,0,0,0,0,0,0,0.095604396,0.00021978,0,0,0,0,0,0,0,0,0,0,0.000934066,0.001263736,0,0,0.319752747,0,0,0,0,0,0,0,0,0,0,0,0,0
F160Q7XC.04,0,0,0,0,0,0,0,0.817941475,0,0,0,0,0,0,0,0,0,0,0.001883239,0,0,0,0,0,0,0,0,0,0,0,0,0,0,0,0,0,0,0,0,0,0,0.177640156,0.000760539,0,0,0,0,0,0,0,0,0,0,0.000977836,0.000760539,0,0,3.62E-05,0,0,0,0,0,0,0,0,0,0,0,0,0
J160RFRT.04,0,0,0,0,0,0,0,0.20918747,0,0,0,0,0,0,0,0,0,0,0,0,0,0,0,0,0,0,0,0,0,0,0,0,0,0,0,0,0,0,0,0,0,0.392869224,3.38E-05,0,3.38E-05,0,0,0,0,0,0,0,0,0.000778026,0,0,0,0.397097625,0,0,0,0,0,0,0,0,0,0,0,0,0
D160R9F0.04,0,0,0,0,0,0,0,0.023736772,0,0,0,0,0,0,0,0,0,0,0,0,0,0,0,0,0,0,0,0,0,0,0,0,0,0,0,0,0,0,0,0,0,0.852772395,3.73E-05,0,0,0,0,0,0,0,0,0,0,0.056640334,0.000447161,0,0,0.066366075,0,0,0,0,0,0,0,0,0,0,0,0,0
C160QVT4.04,0,0,0,0,0,0,0,0.000362939,0,0,0,0,0,0,0,0,0,0,0,0,0,0,0,0,0,0,0,0,0,0,0,0,0,0,0,0,0,0,0,0,0,0.99580028,0,0,0,0,0,0,0,0,0,0,0,0.002436875,0.00129621,0,0,0.000103697,0,0,0,0,0,0,0,0,0,0,0,0,0
H160RCRZ.04,0,0,0,0,0,0,0,0.033751553,0,0,0,0,0,0,0,0,0,0,0,0,0,0,0,0,0,0,0,0,0,0,0,0,0,0.063975628,0,0,0,0,0,0,0,0.549845673,0.268849962,0,0,0,0,0,0,0,0,0,0,0,0.026135407,0,0,0.057441777,0,0,0,0,0,0,0,0,0,0,0,0,0
F160P04Z.04,0,0,0,0,0,0,0,0.109491733,0,0,0,0,0,0,0,0,0,0,0,0,0,0,0,0,0,0,0,0,0,0,0,0,0,0,0,0,0,0,0,0,0,0.890508267,0,0,0,0,0,0,0,0,0,0,0,0,0,0,0,0,0,0,0,0,0,0,0,0,0,0,0,0,0
B160NVWP.04,0,0,0,0,0,0,0,0.000814664,0,0,0,0,0,0,0,0,0,0,0.00203666,0,0,0,0,0,0,0,0,0,0,0,0,0,0,0,0,0,0,0,0,0,0,0.996852435,0,0,0,0,0,0,0,0,0,0,0,0,0.000296241,0,0,0,0,0,0,0,0,0,0,0,0,0,0,0,0
B160RX3Z.04,0,0,0,0,0,0,0,0.070565151,5.73E-05,0,0,0,0,0,0,0,0.004024519,0,0.006946235,0,0,0,0,0,0,0,0,0,0,0,0,0,0,0,0,0,0,0,0,0,0,0.754933975,0.004253674,0,0.015553837,0,0,0,0,0,0,0,0,0.001890522,0.008349804,0,0.001102804,0.131992782,0,0,0,0,0,0,0,0,0,0,0,0,0.000329409
G160SV6M.04,0,0,0,0,0,0,0,0.299580761,0.001280585,0,0,0,0,0,0,0,0.009086058,0,0.001067155,0,0,0,0,0,0,0,0,0,0,0,0,0,0,0.002515436,0,0,0,0,0,0,0,0.345956247,0.026724598,0.002119064,0.006372437,0,0,0,0,0,0,0,0,0.000640293,0.123103895,0,0.001036664,0.180196661,0,0,0,0,0,0,0.000320146,0,0,0,0,0,0
E160RW3H.04,0,0,0,0,0,0,0,0.499541578,0.000250049,0,0,0,0,0,0,0,0.001555858,0,0.000305615,0,0,0,0,0,0,0,0,0,0,0,0,0,0,0.000500097,0,0,0,0,0,0,0,0.191731726,0.011807852,5.56E-05,0.00113911,0,0,0,0,0,0,0,0,0.000111133,0.05259356,0,0.002055955,0.238129636,0,0,0,0,0,0,0.000194482,0,0,0,0,0,2.78E-05
C160RV0W.04,0,0,0,0,0,0,0,0.038755009,0,0,0,0,0,0,0,0,0.004281715,0,0,0,0,0,0,0,0,0,0,0,0,0,0,0,0,0,0,0,0,0,0,0,0,0.94686282,0.005105122,0,0,0,0,0,0,0,0,0,0,0.001262557,0.003732777,0,0,0,0,0,0,0,0,0,0,0,0,0,0,0,0
B160SL66.06,0,0,0,0,0,0,0,0.001408887,0,0,0,0,0,0,0,0,0.000845332,0,0.0002536,0,0,0,0,0,0.000197244,0,0,0,0,0,0,0,0,0,0,0,0,0,0,0,0,0.974583674,0.000338133,0,0.000394488,0,0,0,0,0,0,0,0,0.000788977,0.000591733,0,0.000338133,0.020231621,0,0,0,0,0,0,2.82E-05,0,0,0,0,0,0
D160PZ9K.04,0,0,0,0,0,0,0,0.111068762,0.001972961,0,0,0,0,0,0,0,0.002735242,0,0.00040356,0,0,0,0,0,0,0,0,0,0,0,0,0,0,0,0,0,0,0,0,0,0,0.861892698,0.016994373,0,8.97E-05,0,0,0,0,0,0,0,0,0.000896801,0.003407843,0,0,0.00053808,0,0,0,0,0,0,0,0,0,0,0,0,0
F160QB2X.04,0,0,0,0,0,0,0,0.646393038,7.33E-05,0,0,0,0,0,0,0,0.062483194,0,0.00017112,0,0,0,0,0,0,0,0,0,0,0,0,0,0,2.44E-05,0,0,0,0,0,0,0,0.270271592,0.006551446,0.002175667,0.000757817,0,0,0,0,0,0,0,0,0,0.00635588,0,0.004229105,0.000440022,0,0,0,0,0,0,7.33E-05,0,0,0,0,0,0
H160R7LQ.04,0,0,0,0,0,0,0,0.014232317,0,0,0,0,0,0,0,0,0,0,0.000527123,9.58E-05,0,0,0,0,0,0,0,0,0,0,0,0,0,0,0,0,0,0,0,0,0,0.984953038,0,0,0,0,0,0,0,0,0,0,0,0.000143761,0,0,0,4.79E-05,0,0,0,0,0,0,0,0,0,0,0,0,0
D160QVB2.04,0,0,0,0,0,0,0,0.320868347,0,0,0,0,0,0,0,0,0,0,0,0.000210084,0,0,0,0,0,0,0,0,0,0,0,0,0,0,0,0,0,0,0,0,0,0.678711485,0,0,0,0,0,0,0,0,0,0,0,0.000210084,0,0,0,0,0,0,0,0,0,0,0,0,0,0,0,0,0
K160QPKS.04,0,0,0,0,0,0,0,0.635477057,0,0,0,0,0,0,0,0,0,0,0,0,0,0,0,0,0,0,0,0,0,0,0,0,0,0,0,0,0,0,0,0,0,0.363938699,0.000584243,0,0,0,0,0,0,0,0,0,0,0,0,0,0,0,0,0,0,0,0,0,0,0,0,0,0,0,0
F160QS83.04,0,0,0,0,0,0,0,0.667921289,0,0,0,0,0,0,0,0,0,0,0,6.60E-05,0,0,0,0,0,0,0,0,0,0,0,0,0,0,0,0,0,0,0,0,0,0.331781564,9.90E-05,0,0,0,0,0,0,0,0,0,0,0,0,0,0,0.000132066,0,0,0,0,0,0,0,0,0,0,0,0,0
G160R29M.04,0,0,0,0,0,0,0,0.640123876,0,0,0,0,0,0,0,0,0,0,0,0,0,0,0,0,0,0,0,0,0,0,0,0,0,0,0,0,0,0,0,0,0,0.359621585,8.48E-05,0,0,0,0,0,0,0,0,0,0,0,0,0,0,0.000169693,0,0,0,0,0,0,0,0,0,0,0,0,0
A160QYLT.04,0,0,0,0,0,0,0,0.4857042,0,0,0,0,0,0,0,0,0,0,0,3.92E-05,0,0,0,0,0,0,0,0,0,0,0,0,0,0,0,0,0,0,0,0,0,0.513276072,0.000196102,0,0,0,0,0,0,0,0,0,0,0,0,0,0,0.000784406,0,0,0,0,0,0,0,0,0,0,0,0,0
H160RB1Z.04,0,0,0,0,0,0,0,0.009917875,0,0,0,0,0,0,0,0,0,0,0.00179509,0,0,0,0,0,0,0,0,0,0,0,0,0,0,0,0,0,0,0,0,0,0,0.988287035,0,0,0,0,0,0,0,0,0,0,0,0,0,0,0,0,0,0,0,0,0,0,0,0,0,0,0,0,0
D160R5YJ.04,0,0,0,0,0,0,0,0.361952648,0,0,0,0,0,0,0,0,0,0,0,0.000445519,0,0,0,0,0,0,0,0,0,0,0,0,0,0,0,0,0,0,0,0,0,0.63677444,0,0,0,0,0,0,0,0,0,0,0,0.000190937,0.000636456,0,0,0,0,0,0,0,0,0,0,0,0,0,0,0,0
F160S6DV.04,0,0,0,0,0,0,0,0.002924458,0,0,0,0,0,0,0,0,0.009329434,0,0,0,0,0,0,0,0,0,0,0,0,0,0,0,0,0,0,0,0,0.001256281,0,0,0,0.583758959,0.01754675,0,0,0,0,0,0,0,0,0,0,0,0.01202735,0,0,0.372538924,0,0,0,0,0,0,0.000514869,0,0,0,0,0,0.000102974
H160S1WG.04,0,0,0,0,0,0,0,0.002489568,0,0,0,0,0,0,0,0,0.010859256,0,0.000948407,0,0,0,0,0,0,0,0,0,0,0,0,0,0,0,0,0,0.000142261,0,0,0,0,0.88915497,0.004623483,0,0.002940061,0,0,0,0,0,0,0,0,2.37E-05,0.00573786,0,0,0.082748483,0,0,0,0,0,0,0,0,0,0,0,0,0.000331942
A160SFS7.04,0,0,0,0,0,0,0,0.000194922,0,0,0,0,0,0,0,0,0,0,0.000107207,0,0,0,0,0,0,0,0,0,0,0,0,0,0,0,0,0,0,0,0,0,0,0.985799912,1.95E-05,0,1.95E-05,0,0,0,0,0,0,0,0,2.92E-05,6.82E-05,0,0,0.013761513,0,0,0,0,0,0,0,0,0,0,0,0,0
K160RXMG.04,0,0,0,0,0,0,0,0.009096244,0,0,0,0,0,0,0,0,0.040982003,0,0.000342332,0,0,0,0,0,0,0,0,0,0,0,0,0,0,0,0,0,0,0,0,0,0,0.592771909,0.017410016,0,0.002640845,0,0,0,0,0,0,0,0,0.002396322,0.008607199,0,0,0.32575313,0,0,0,0,0,0,0,0,0,0,0,0,0
E160RRH1.04,0,0,0,0,0,0,0,0.487513396,0.002533043,0,0,0,0.001071672,0,0,0,0.00363719,0,0,0,0,0,0,0,0,0,0,0,0,0,0,0,0,0.001234047,0,0,0,0,0,0,0,0.202805832,0.00389699,0,0.000617023,0,0,0,0,0,0,0,0,0.001266522,0.003182541,0,0,0.292241743,0,0,0,0,0,0,0,0,0,0,0,0,0
F160RJ9G.06,0,0,0,0,0,0,0,0.010932795,0,0,0,0,0,0,0,0,0.00254319,0,0.004150954,0,0,0,0,0,0,0,0,0,0,0,0,0,0,0.00070157,0,0,0,0,0,0,0,0.448127686,0.001490836,0,0,0,0,0,0,0,0,0,0,0.002338566,0.016457657,0,0,0.511648981,0,0,0,0,0,0,0,0,0,0,0,0,0.001607764
D160QPQ3.04,0,0,0,0,0,0,0,0.547419193,3.13E-05,0,0,0,0,0,0,0,0.010930844,0,0.001096216,0,0,0,0,0,0,0,0,0,0,0,0,0,0,0,0,0,0,0,0,0,0,0.285955901,0.007548234,0.000219243,0.003038086,0,0,0,0,0,0,0,0,0.001096216,0.050457279,0,0.001722626,0.090202957,0,0,0,0,0,0,0.000219243,0,0,0,0,0,6.26E-05
E160RW1P.06,0,0,0,0,0,0,0,0.003136922,0,0,0,0,0,0,0,0,0.021930196,0,0.000197824,0,0,0,0,0,0,0,0,0,0,0,0,0,0,0.005482549,0,0,0,0,0,0,0,0.45327116,0.033969196,0,0.013621591,0,0,0,0,0,0,0,0,0.001299986,0.011954218,0,0.000876077,0.45426028,0,0,0,0,0,0,0,0,0,0,0,0,0
F160QXRV.04,0,0,0,0,0,0,0,0.385010222,0,0,0,0,0,0,0,0,0.00139197,0,0.000739484,0,0,0,0,0,0,0,0,0,0,0,0,0,0,0,0,0,0,0,0,0,0,0.325416504,0.002696942,0,0,0,0,0,0,0,0,0,0,0.003044935,0.017965114,0,0,0.26373483,0,0,0,0,0,0,0,0,0,0,0,0,0
C160R7Z3.06,0,0,0,0,0,0,0,0.010768029,0,0,0,0,0,0,0,0,0.012262645,0,0.021196372,0,0,0,0,0,0,0,0,0,0,0,0,0,0,0,0,0,0,0,0,0,0,0.843167227,0.025782126,0,0.000815245,0,0,0,0,0,0,0,0,0.000985088,0.007269269,0,0,0.077754,0,0,0,0,0,0,0,0,0,0,0,0,0
C160RHLK.04,0,0,0,0,0,0,0,0.012733987,0.000636699,0,0,0,0,0,0,0,0.005857634,0,0.000764039,0,0,0,0,0,0,0,0,0,0,0,0,0,0,0,0,0,0,0,0,0,0,0.460874825,0.017604737,0,0.001177894,0,0,0,0,0,0,0,0,0.002928817,0.047943461,0,0,0.448777537,0,0,0,0,0,0,0.000700369,0,0,0,0,0,0
G160S9Z3.06,0,0,0,0,0,0,0,0.00696224,0,0,0,0,0,0,0,0,0.001643862,0,0.06203162,0,0,0,0,0,0,0,0,0,0,0,0,0,0,0.044432626,0,0,0,0,0,0,0,0.718222695,0.000580187,0,0,0,0,0,0,0,0,0,0,0.002320747,0.000628536,0,0,0.163177489,0,0,0,0,0,0,0,0,0,0,0,0,0
K160S6FW.04,0,0,0,0,0,0,0,0.007447222,0.000356171,0,0,0,0,0,0,0,0.010426111,0,0.018941847,0,0,0,0,0,0,0,0,0,0,0,0,0,0,0.000129517,0,0,0,0,0,0,0,0.624692397,0.023863489,0.000777101,0.025385313,0,0,0,0,0,0,0,0,0.032379225,0.013631654,0,0.001845616,0.239476752,0,0,0,0,0,0,0,0,0,0,0,0,0.000647585
F160S2K1.04,0,0,0,0,0,0,0,0.003985634,0,0,0,0,0,0,0,0,0.004117029,0,0.000569376,0,0,0,0,0,0,0,0,0,0,0,0,0,0,0.003591451,0,0,0,0,0,0,0,0.562149615,0.018636125,0,2.19E-05,0,0,0,0,0,0,0,0,0.007817975,0.001007358,0,0,0.395716538,0,0,0,0,0,0,0,0,0,0.000547477,0,0,0.001839523
G160SC18.04,2.99E-05,0,0,0,0,0,0,0.00873676,0,0,0,0,0.000209443,0,0,0,0.004996709,0,0.002064508,0,0,0,0,0,0,0,0,0,0,0,0,0,0,0.000897612,0,0,0,0,0,0,0,0.442463048,0.002962121,0,0.011279995,0,0,0,0,0,0,0,0,0.004069176,0.048052181,0,0.000658249,0.472712585,0,0.000179522,0,0,0,0,0.000209443,0,0,0,0,0,0.000478727
J160SL7C.06,5.11E-05,0,0,0,0,0,0.000178685,0.011461391,5.11E-05,0,0,0,0,0,0,0,0.006943204,0,0.003446075,0,0,0,0,0,0,0,0,0,0,0,0,0,0,0,0,0,0,0,0,0,0,0.95252074,0.001659221,0,0.001991066,0,0,0,0,0,0,0,0,0.00421187,0.007887683,0,0,0.009393746,0,0,0,0,0,0,0,0,0,0,0,0,0.000204212
K160SB6G.04,0,0,0,0,0,0,0,0.904548844,0,0,0,0,0,0,0,0,0.002576097,0,0,0,0,0,0,0,0,0,0,0,0,0,0,0,0,0.000271168,0,0,0,0,0,0,0,0.060131517,0.001050776,0,0.001050776,0,0,0,0,0,0,0,0,0.000271168,0.000440648,0,0,0.029659006,0,0,0,0,0,0,0,0,0,0,0,0,0
F160QP3Z.04,0,0,0,0,0,0,0,0.030872011,0.000668073,0,0,0,0,0,0,0,0.019866385,0,0.000773558,0,0,0,0,0,0,0,0,0,0,0,0,0,0,0,0,0,0,0,0,0,0,0.587447257,0.035970464,0.000703235,0.008720113,0,0,0,0,0,0,0,0,0.001195499,0.209915612,0,0.001652602,0.099929677,0,0,0,0,0,0,0.002285513,0,0,0,0,0,0
J160SF0X.07,3.32E-05,0,0,0,0,0,0,0.286250415,0,0,0,0,0,0,0,0,0.003653271,0,0.003786118,0,0,0,0,0,0,0,0,0,0,0,0,0,0,0.000166058,0,0,0,0,0,0,0,0.688674859,0.000830289,0,0.00063102,0,0,0,0,0,0,0,0,0.000132846,0.001627366,0,0,0.013882431,0,0.000332116,0,0,0,0,0,0,0,0,0,0,0
K160S4L4.04,0.000118413,0,0,0,0,0,0,0.378641208,0,0,0,0,0,0,0,0,0.001657786,0,0.000414446,0,0,0,0,0,0,0,0,0,0,0,0,0,0,0.000103612,0,0,0,0,0,0,0,0.561012433,0.001598579,2.96E-05,0.001228538,0,0,0,0,0,0,0,0,0.000162818,0.022306098,0,0.000148017,0.032341622,0,0,0,0,0,0,4.44E-05,0,0,0,0,0,0.000192422
K160R7BC.06,0,0,0,0,0,0,0,0.010683412,0,0,0,0,0.000244658,0,0,0,0.035516229,0,0.030786169,0,0,0,0,0,0,0,0,0,0,0,0,0,0,0.000122329,0,0,0,0,0,0,0,0.803050073,0.036494862,0,0.018349372,0,0,0,0,0,0,0,0,0.001794161,0.044854021,0,0.000856304,0.01724841,0,0,0,0,0,0,0,0,0,0,0,0,0
H160QBDW.06,0,0,0,0,0,0,0,0.661438429,0,0,0,0,0,0,0,0,0,0,0,0,0,0,0,0,0,0,0,0,0,0,0,0,0,0,0,0,0,0,0,0,0,0.334580679,0.000238854,0,0,0,0,0,0,0,0,0,0,0.000185775,0,0,0,0.003556263,0,0,0,0,0,0,0,0,0,0,0,0,0
F160RJDK.04,0,0,0,0,0,0,0,0.017911201,0.000898713,0,0,0,0,0,0,0,0.039369955,0,0.019377523,0,0,0,0,0,0,0,0,0,0,0,0,0,0,0.001308653,0,0,0,0,0,0,0,0.634349773,0.035853935,0,0.003484485,0,0,0,0,0,0,0,0,0.002838042,0.0758861,0,0.000189203,0.168532417,0,0,0,0,0,0,0,0,0,0,0,0,0
G160S6RS.06,0,0,0,0,0,0,0,0.032981418,0,0,0,0,0,0,0,0,0.016248826,0,0.007370308,0,0,0,0,0,0,0,0,0,0,0,0,0,0,0,0,0,0,0,0,0,0,0.609202925,0.016590308,0,0.018895307,0,0,0,0,0,0,0,0,0.002134259,0.030875615,0,0,0.262371589,0,0,0,0,0,0,0,0.003329444,0,0,0,0,0
K160R6YC.04,0,0,0,0,0,0,0,0.024519627,0,0,0,0,0,0,0,0,0.006955087,0,0,0,0,0,0,0,0,0,0,0,0,0,0,0,0,0,0,0,0,0,0,0,0,0.517741365,0.005658376,0.002711305,0.005304727,0,0,0,0,0,0,0,0.000471531,0.005186844,0.052222091,0,0,0.379229046,0,0,0,0,0,0,0,0,0,0,0,0,0
A160QZM0.04,9.11E-05,0,0,0,0,0,0,0.000510437,0,0,0,0,0,0,0,0,0.002005287,0,0.000710965,0,0,0,0,0,0,0,0,0,0,0,0,0,0,0,0,0,0,0,0,0,0,0.962191231,0.00153131,9.11E-05,0.000911494,0,0,0,0,0,0,0,0,1.82E-05,0.008294595,0,0.000218759,0.023425394,0,0,0,0,0,0,0,0,0,0,0,0,0
K160S8KV.04,0,0,0,0,0,0.00121975,0,0.023321624,0.003464091,0.00107338,0,0,0,0,0,0,0.00121975,0.00287861,0.006635441,0.003756831,0,0,0,0,0,0,0,0,0,0,0,0,0,0,0,0,0,0,0,0,0,0.850068306,0.012685402,0,0,0,0,0,0,0,0,0,0,0.033860265,0.00258587,0,0,0.045862607,0,0,0,0,0,0,0,0,0,0,0,0,0.011368072
K160SJ0N.04,5.30E-05,0,0,0,0,0,0,0.001749828,0,0,0,0,0,0,0,0,0.025239938,0,0.002227053,0,0,0,0,0,0,0,0,0,0,0,0,0,0,0,0,0,0,0,0,0,0,0.343708574,0.012407869,0,0.130759849,0,0,0,0,0,0,0,0,0,0.063364972,0,0,0.419375365,0,0,0.000901426,0,0,0,0.00010605,0,0,0,0,0,0.00010605
A160T6SW.04,0,0,0,0,0,0,0,0.676925103,8.78E-05,0,0,0,0,0,0,0,0.009746246,0,0.000351216,0,0,0,0,0,0,0,0,0,0,0,0,0,0,0,0,0,0,0,0,0,0,0.270260778,0.010799895,0.000307314,0.000131706,0,0,0,0,0,0,0,0,0.003775573,0.00021951,0.000307314,0.000614628,0.026472912,0,0,0,0,0,0,0,0,0,0,0,0,0
K160S9X8.04,0,0,0,0,0,0,0,0.026534286,0.000174186,0,0,0,0,0,0,0,0.001799919,0,0,0,0,0,0,0,0,0,0,0,0,0,0,0,0,0,0,0,0,0,0,0,0,0.958195436,0.002206352,5.81E-05,0,0,0,0,0,0,0,0,0,0.002670847,0.007896418,0,0,0.000464495,0,0,0,0,0,0,0,0,0,0,0,0,0
D160SDRZ.04,0,0.000615117,0,0,0,0,0,0.25787893,0,0,0,0,0,0,0,0,0.009805695,0,0.000940768,0.004414372,0,0,0,0,0,0,0,0,0,0,0,0,0,0.003763071,0,0,0,0,0,0,0,0.420740312,0.009733329,0,0.011868148,0,0,0,0,0,0,0,0,0,0.280131707,0,0,0.00010855,0,0,0,0,0,0,0,0,0,0,0,0,0
C160S1XC.04,0,0,0,0,0,0,0,0.023436366,0,0,0,0,0,0,0,0,0.001160935,0,0,0,0,0,0,0,0,0,0,0,0,0,0,0,0,0,0,0,0,0,0,0,0,0.959077057,0.000507909,0,0.00043535,0,0,0,0,0,0,0,0,0.001015818,0.00043535,0,0,0.013931215,0,0,0,0,0,0,0,0,0,0,0,0,0
E160S89R.06,0,0,0,0,0,0,0.000183412,0.83448883,0,0,0,0,0,0,0,0,0.01067459,0.000220095,0.001210521,0,0,0,0,0,0,0,0,0,0,0,0,0,0,0,0,0,0,0,0,0,0,0.140567111,0.002200946,0,0.004548623,0,0,0,0,0,0,0,0,0.002604453,0.002457723,0,0,0.000843696,0,0,0,0,0,0,0,0,0,0,0,0,0
H160S1TN.04,0,0,0,0,0,0,0,0.840215967,0,0,0,0,0,0,0,0,0.000835856,0,0.000158135,4.52E-05,0,0,0,0,0,0,0,0,0,0,0,0,0,0.001355442,0,0,0,0,0,0,0,0.136899652,0.001694303,4.52E-05,0.000677721,0,0,0,0,0,0,0,0,0.000203316,0.012831519,0,0.000519586,0.00451814,0,0,0,0,0,0,0,0,0,0,0,0,0
K160RCDB.04,0,0,0,0,0,0,0,0.409700152,0,0,0,0,0,0,0,0,0.005167887,0,0,0,0,0,0,0,0,0,0,0,0,0,0,0,0,0,0,0,0,0,0,0,0,0.194058311,0.001271245,0,0,0,0,0,0,0,0,0,0,0.004228271,0.003205748,0,0,0.382368385,0,0,0,0,0,0,0,0,0,0,0,0,0
B160QF13.04,0,0,0,0,0,0,0,0.003059954,0,0,0,0,0,0,0,0,0.006048746,0,0,0,0,0,0,0,0,0,0,0,0,0,0,0,0,0,0,0,0,0,0,0,0,0.101191959,0.182814446,0.000320228,0.000106743,0,0,0,0,0,0,0,0,0.000177904,0.000498132,0,0,0.705781889,0,0,0,0,0,0,0,0,0,0,0,0,0
F160S2QX.04,0,0,0,0,0,0,0,0.641461615,0.000160406,0,0,0,0,0,0,0,0.002887299,0,0,0,0,0,0,0,0,0,0,0,0,0,0,0,0,0,0,0,0,0,0,0,0,0.136922139,0.009271438,0.000160406,0,0,0,0,0,0,0,0,0,0.000737865,0.00086619,0,9.62E-05,0.207308075,0,0,0,0,0,0,0,0,0,0,0,0,0.000128324
H160QNTG.04,0,0,0,0,0,0,0,0.207177545,0.000274371,0,0,0,2.74E-05,0,0,0,0.000411557,0.000301808,0,0,0,0,0,0,0,0,0,0,0,0,0,0,0,0,0,0,0,0,0,0,0,0.019727275,0.002633962,0,0.000877987,0,0,0,0,0,0,0,0,0.001618789,0,0,0,0.766949269,0,0,0,0,0,0,0,0,0,0,0,0,0
G160QXG4.04,0,0,0,0,0,0,0,0.686241262,0,0,0,0,0,0,0,0,0.000276836,0,0,0,0,0,0.000207627,0,0,0,0,0,0,0,0,0,0,0,0,0,0,0,0,0,0,0.017129213,0.001487992,0,0,0,0,0,0,0,0,0,0,0.001280365,6.92E-05,0,0,0.293307495,0,0,0,0,0,0,0,0,0,0,0,0,0
F160Q5W3.04,0,0,0,0,0,0,0,0.179070444,0,0,0,0,0,0,0,0,0.001309917,0,0.018047739,0,0,0,0,0,0,0,0,0,0,0,0,0,0,0,0,0,0,0,0,0,0,0.16893072,0.136182806,0,0,0,0,0,0,0,0,0,0,0.001115855,0.00053367,0,0,0.494808849,0,0,0,0,0,0,0,0,0,0,0,0,0
D160QYWR.04,0,0,0,0,0,0,0,0.479406026,0,0,0,0,0,0,0,0,0.000433557,0,0,0,0,0,0,0,0,0,0,0,0,0,0,0,0,0,0,0,0,0,0,0,0,0.311836115,0.002167787,0,0,0,0,0,0,0,0,0,0,0.000144519,0.00494978,0,0,0.201062215,0,0,0,0,0,0,0,0,0,0,0,0,0
K160Q0BC.04,0,0,0,0,0,0,0,0.009599531,0,0,0,0,0,0,0,0,0.000146558,0.000109918,0,0,0,0,0,0,0,0,0,0,0,0,0.00062287,0,0,0.000293115,0,0,0,0,0,0,0,0.776316272,0.059539076,0,0,0,0,0,0,0,0,0,0,0.000549591,0,3.66E-05,0,0.152786429,0,0,0,0,0,0,0,0,0,0,0,0,0
B160RHB0.04,0,0,0,0,0,0,0,0.649704505,0,0,0,0,0,0,0,0,0.014761941,0,0.000307007,0,0,0,0,0,0,0,0,0,0,0,0,0,0,0,0,0,0,0,0,0,0,0.175608259,0.0110011,0,2.56E-05,0,0,0,0,0,0,0,0,0.000946606,0.00012792,0,0.00012792,0.147235654,0,0,0,0,0,0,0.000153504,0,0,0,0,0,0
B160Q5GZ.04,0,0,0,0,0,0,0,0.51932421,0,0,0,0,4.46E-05,0,0,0,0,0,0,0,0,0,0,0,0,0,0,0,0,0,0,0,0,0,0,0,0,0,0,0,0,0.191681897,0.00142647,0,0.000980698,0,0,0,0,0,0,0,0,0.000222886,0.000222886,0,0,0.286096376,0,0,0,0,0,0,0,0,0,0,0,0,0
F160QYB6.04,0,0,0,0,0,0,0,0.721792101,7.86E-05,0,0,0,0,0,0,0,0,0,0,0,0,0,0,0,0,0,0,0,0,0,0,0,0,0,0,0,0,0,0,0,0,0.050304579,0.001061112,0,7.86E-05,0,0,0,0,0,0,0,0,0.000707408,7.86E-05,0,0,0.225898998,0,0,0,0,0,0,0,0,0,0,0,0,0
A160RBZ3.04,0,0,0,0,0,0,0,0.00401757,0,0,0,0,0,0,0,0,0.00401757,0,0,0,0,0,0,0,0,0,0,0,0,0,0,0,0,0,0,0,0,0,0,0,0,0.283265481,0.006213842,0,0.001714163,0,0,0,0,0,0,0,0,0,0.000321406,0,0.001232055,0.699217913,0,0,0,0,0,0,0,0,0,0,0,0,0
B160R72S.04,0,0,0,0,0,0,0,0.288030927,0.002108645,0,0,0,0,0,0,0,0.004367908,0,0.000702882,0,0,0,0.000301235,0,0,0,0,0,0,0,0,0,0,0.001305352,0,0,0,0.000753088,0,0,0,0.625966462,0.023596747,0,0.000100412,0,0,0,0,0,0,0,0,0.000251029,0.000401647,0,0,0.051561402,0,0,0,0,0,0,0.000552264,0,0,0,0,0,0
G160QD1K.04,0,0,0,0,0,0,0,0.710153881,2.81E-05,0,0,0,0,0,0,0,0.000140402,0,0.000533528,0,0,0,0,0,0,0,0,0,0,0,0,0,0,0,0,0,0,0,0,0,0,0.053465124,0.000336965,0,0,0,0,0,0,0,0,0,0,0.000196563,0.000112322,0,0,0.235033135,0,0,0,0,0,0,0,0,0,0,0,0,0
K160R2D1.04,0,0,0,0,0,0,0,0.006299118,0,0,0,0,0,0,0,0,0.005039294,0,0,0,0,0,0,0,0,0,0,0,0,0,0,0,0,0.00299958,0,0,0,0,0,0,0,0.510648509,0.006299118,0,0,0,0,0,0,0,0,0,0,0.001799748,0.000899874,0,0,0.466014758,0,0,0,0,0,0,0,0,0,0,0,0,0
F160R4SB.04,0,0,0,0,0,0,0,0.141667786,0,0,0,0,0,0,0,0,0.009399758,0,8.95E-05,0,0,0,0,0,0,0,0,0,0,0,0,0,0,0,0,0,0,0,0,0,0,0.248064097,0.013875834,0.000626651,0.001969473,0,0,0,0,0,0,0,0,0,0.305715948,0,0,0.278590931,0,0,0,0,0,0,0,0,0,0,0,0,0
A160RHBX.04,0,0,0,0,0,0,0,0.07027191,0.000417157,0,0,0,0,0,0,0,0.005157571,0,0.00068262,0,0,0,0,0,0,0,0,0,0,0,0,0,0,0,0,0,0,0,0,0,0,0.873260268,0.012969775,0,0.00102393,0,0,0,0,0,0,0,0,0.000530926,0.00091016,0,0,0.034775684,0,0,0,0,0,0,0,0,0,0,0,0,0
D160RGS6.04,0,0,0,0,0,0,0,0.334844534,0,0,0,0,0,0,0,0,0.00337011,0,0,0,0,0,0,0,0,0,0,0,0,0,0,0,0,0.002487462,0,0,0,0,0,0,0,0.203771314,0.000762287,0,0,0,0,0,0,0,0,0,0,0.002607823,0.337853561,0,0,0.114302909,0,0,0,0,0,0,0,0,0,0,0,0,0
A160QSHS.04,0,0,0,0,0,0,0.000463574,0.191527297,0,0,0,0,0,0,0,0,0.00071319,0,0,0,0,0,0,0,0,0,0,0,0,0,0,0,0,0,0,0,0,0,0,0,0,0.247940663,0.000998467,0,3.57E-05,0,0,0,0,0,0,0,0,0.003958207,0.069607389,0,0,0.484755554,0,0,0,0,0,0,0,0,0,0,0,0,0
J160R800.04,0,0,0,0,0,0,0,0.254469818,0,0,0,0,0,0,0,0,0.020623119,0,0.000177022,0,0,0,0,0,0,0,0,0,0,0,0,0,0,0.014279814,0,0,0,0,0,0,0,0.365580929,0.013955272,0,0.002920871,0,0,0,0,0,0,0,0,0.000177022,0.095533133,0,0,0.232283,0,0,0,0,0,0,0,0,0,0,0,0,0
K160RGBW.04,0,0,0,0,0,0,0,0.169634045,0,0,0,0,0,0,0,0,0.025265485,0,0.000473728,0,0,0,0,0,0,0,0,0,0,0,0,0,0,0,0,0,0,0,0,0,0,0.211756346,0.00825076,0,0.004105641,0,0,0,0,0,0,0,0,0,0.216019897,0,0.000868501,0.363625597,0,0,0,0,0,0,0,0,0,0,0,0,0
J160QWZG.04,0,0,0,0,0,0,0,0.006965699,0,0,0,0,0,0,0,0,0.012242744,0,0.001372032,0,0,0,0,0,0,0,0,0,0,0,0,0,0,0.003799472,0,0,0,0,0,0,0,0.605804749,0.004643799,0,0.001899736,0,0,0,0,0,0,0,0,0.007387863,0.002849604,0,0,0.353034301,0,0,0,0,0,0,0,0,0,0,0,0,0
J160QX26.04,0,0,0,0,0,0,0,0.601138003,8.01E-05,0,0,0,4.01E-05,0,0,0,0,0,0.001482609,0,0,0,0,0,0,0.000160282,0,0,0,0,0,0,0,0,0,0,0,0,0,0,0,0.115483251,0.000520917,0,0.000120212,0,0,0,0,0,0,0,0,0.000280494,0.100336592,0,0,0.180357429,0,0,0,0,0,0,0,0,0,0,0,0,0
H160QN9B.04,0,0,0,0,0,0,0,0.152649324,0.000123728,0,0,0,0,0,0,0,0.002752946,0,0.000525844,0,0,0,0,0,0,0,0,0,0,0,0,0,0.000247456,0.001020755,0,0,0,0,0,0,0,0.808005197,0.00312413,0,0,0,0,0,0,0,0,0,0,0.001732191,6.19E-05,0,0,0.029756565,0,0,0,0,0,0,0,0,0,0,0,0,0
H160QQYC.04,0,0,0,0,0,0,0,0.131118438,0.002586863,0,0,0,0,0,0,0,0.002739031,0,0.002688308,0.00035506,0,0,0,0,0,0,0,0,0,0,0,0,0,0,0,0,0,0,0,0,0,0.75181334,0.04057824,0,0.001065179,0,0,0,0,0,0,0,0,0.001318793,0,0,0,0.065280243,0,0,0,0,0,0,0.000456505,0,0,0,0,0,0
H160QMH9.04,0,0,0,0,0,0,0,0.703181063,0,0,0,0,0,0,0,0,0.000987309,0,0.000505695,0.001781973,0,0,0,0,0,0,0,0,0,0,0,0,0,0,0,0,0,0,0,0,0,0.177210008,0.004334529,0,0,0,0,0,0,0,0,0,0,0.001035471,0.000361211,0,0,0.11060274,0,0,0,0,0,0,0,0,0,0,0,0,0
J160S2NZ.04,0,0,0,0,0,0,0.001305681,0.153857833,0,0,0,0,0,0,0,0,0,0,3.04E-05,0.00091094,0,0,0,0,0,0,0,0,0,0,0,0,0,0,0,0,0,0,0,0,0,0.492332918,0.006892782,0,0,0,0,0,0,0,0,0,0,0.004159961,0.004038502,0,0,0.336471017,0,0,0,0,0,0,0,0,0,0,0,0,0
B160R1TD.04,0,0,0,0,0,0,0,0.168802294,0.000117021,0,0,0,0,0,0,0,0.025451992,0,0.036568954,0,0,0,0,0,0,0,0,0,0,0,0,0,0,0,0,0,0,0,0,0,0,0.628166871,0.018781815,0,0.017611608,0,0,0,0,0,0,0,0,0.003861682,0.004329764,0,0,0.096307998,0,0,0,0,0,0,0,0,0,0,0,0,0
E160R1RS.04,0,0,0,0,0,0,0,0.641563741,0,0,0,0,0,0,0,0,0.00397129,0,0,0,0,0,0,0,0,0,0,0,0,0,0,0,0,0,0,0,0,0,0,0,0,0.295223522,0.003461216,0,0.001785259,0,0,0,0,0,0,0,0,0.000182169,0.000327905,0,0.000400772,0.053084126,0,0,0,0,0,0,0,0,0,0,0,0,0
K160QSXD.04,0,0,0,0,0,0,0,0.276402828,0.001311588,0,0,0,0,0,0,0,0.110458485,0,0.003307482,0,0,0,0,0,0,0,0,0,0,0,0,0,0,0,0,0,0,0,0,0,0,0.399749088,0.008895985,0,0.005816606,0,0,0,0,0,0,0,0,0,0.046475821,0,0.000399179,0.147182938,0,0,0,0,0,0,0,0,0,0,0,0,0
E160S95J.04,0,0,0,0,0,0,0,0.067521945,0,0,0,0,0,0,0,0,0.070009595,0,0.000426454,0,0,0,0,0,0,0,0,0,0,0,0,0,0,0,0,0,0,0,0,0,0,0.817370909,0.019190447,0,0.023135151,0,0,0,0,0,0,0,0,0.002025658,0.000213227,0,0,0.000106614,0,0,0,0,0,0,0,0,0,0,0,0,0
F160Q5F5.06,0,0,0,0,0,0,0,0.269391803,0.003011606,0,0,0,0,0,0,0,0.065410607,0,0,0,0,0,0,0,0,0,0,0,0,0,0,0,0,0,0,0,0,0,0,0,0,0.591266343,0.047634788,0,0,0,0,0,0,0,0,0,0,0.000293815,0.006500661,0,0,0,0,0,0,0,0,0,0.016490378,0,0,0,0,0,0
K160SGDB.04,0,0,0,0,0,0,0,0.00854115,0,0,0,0,0,0,0,0,0.021300153,0,0.000210893,0,0,0,0,0,0,0,0,0,0,0,0,0,0,0,0,0,0,0,0,0,0,0.942162704,0.018505826,0.000316339,0.004955976,0,0,0,0,0,0,0,0,0.001950757,0.000896294,0,0.001159909,0,0,0,0,0,0,0,0,0,0,0,0,0,0
J160RQHX.04,0,0,0,0,0,0,0,0.951664801,0,0,0,0,0,0,0,0,3.50E-05,0,0,0,0,0,0,0,0,0,0,0,0,0,0,0,0,0,0,0,0,0.000174874,0,0,0,0.047320929,0,0.000139899,0,0,0,0,0,0,0,0,0,0.000629547,3.50E-05,0,0,0,0,0,0,0,0,0,0,0,0,0,0,0,0
F160Q8LV.04,0,0,0,0,0,0,0,0.287662338,0,0,0,0,0,0,0,0,0.004823748,0.000742115,0.007142857,0.001948052,0,0,0.001205937,0,0,0,0,0,0,0,0,0,0,0,0,0,0,0,0,0,0,0.678293135,0.010111317,0,0.001113173,0,0,0,0,0,0,0,0,0.006122449,0.000649351,0,0,0.000185529,0,0,0,0,0,0,0,0,0,0,0,0,0
K160QNQM.04,0,0,0,0,0,0,0,0.010053147,0,0,0,0,0,0,0,0,0,0,0.004610361,0,0,0,0,0,0,0,0,0,0,0,0,0,0,0,0,0,0,0,0,0,0,0.940961772,0.00080041,0,0,0,0,0,0,0,0,0,0,0.000992508,0.001056541,0,0,0.041525261,0,0,0,0,0,0,0,0,0,0,0,0,0
A160S2RT.04,0,0,0,0,0,0,0,0.026093903,0,0,0,0,0,0,0,0,0.003550191,0,0,0,0,0,0,0,0,0,0,0,0,0,0,0,0,0,0,0,0,0,0,0,0,0.910535191,0.012691932,0,0,0,0,0,0,0,0,0,0,0.038253306,0.008697968,0,0,0,0,0,0,0,0,0,0.00017751,0,0,0,0,0,0
H160QS76.04,0,0,0,0,0,0,0,0.021360957,0,0,0,0,0,0,0,0,0,0,0.000178603,0,0,0,0,0,0,0,0,0,0,0,0,0,0,0,0,0,0,0,0,0,0,0.962100375,0.000357207,0,7.14E-05,0,0,0,0,0,0,0,0,0.000178603,0.000357207,0,0,0.015395606,0,0,0,0,0,0,0,0,0,0,0,0,0
K160S50F.04,0,0,0,0,0,0,8.62E-05,0.013963411,0,0,0,0,0,0,0,0,0.004999246,0,0.004331243,0.000237033,0,0,0,0.0007111,0,0,0,0,0,0,0,0,0,0.000387873,0,0,0,0,0,0,8.62E-05,0.892559312,0.005537958,0,0.003146077,0,0,0,0,0,0,0,0,0.000775745,0.004395889,8.62E-05,0,0.067640658,0,0,0,0,0,0,0.000150839,0,0,0,0,0,0.000905036
K160SF7J.04,0,0,0,0,0,0,0,0.004856555,0,0,0,0,0,0,0,0,0.008973369,0,0.002412196,6.43E-05,0,0,0,0,0,0,0,0,0,0.000450277,0,0,0,0.004888717,0,0,0,0,0,0,0,0.753473562,0.017464299,0,0.005242506,0,0,0,0,0,0,0,0,0.00135083,0.010870964,0,0.002894635,0.184130966,0,0,0,0,0,0,0.000997041,0,0,0,0,0,0.001929757
G160QZK6.06,0,0,0,0,0,0,0,0.022841094,0,0,0,0,0,0,0,0,0.017765295,0,0.031334597,0.001691933,0,0,0,0,0,0,0,0,0,0,0,0,0,0,0,0,0,0,0,0,0,0.269389551,0.008628858,0,0.003925284,0,0,0,0,0,0,0,0,0.00101516,0.639381429,0,0,0.0040268,0,0,0,0,0,0,0,0,0,0,0,0,0
C160R5VT.04,0,0,0,0,0,0,0,0.616763832,0,0,0,0,0.00029333,0,0,0,0.009679903,0,0,0,0,0,0,0,0,0,0,0,0,0,0,0,0,0.042789572,0,0,0,0,0,0,0,0.168701646,0.006563268,0,0.005279947,0,0,0,0,0,0,0,0,0,0.022329777,0,0.004949951,0.122648774,0,0,0,0,0,0,0,0,0,0,0,0,0
J160SGTT.06,0,0,0,0,0,0,0,0.91248811,0,0,0,0,0,0,0,0,0.000951216,0,0.00033972,0,0,0,0,0,0,0,0,0,0,0,0,0,0,0.000135888,0,0,0,0,0,0,0,0.06583775,0.00152874,0,0.000713412,0,0,0,0,0,0,0,0,0.00016986,0.014641935,0,0.00016986,0.003023509,0,0,0,0,0,0,0,0,0,0,0,0,0
J160QXV6.04,0,0,0,0,0,0,0.000408372,0.704849413,0,0,0,0,0,0,0,0,0.033639612,0,0.000204186,0,0,0,0,0,0,0,0,0,0,0,0,0,0,0,0,0,0,0,0,0,0,0.07151608,0.002552323,0,0,0,0,0,0,0,0,0,0,0.000306279,0.000561511,0,0,0.185962226,0,0,0,0,0,0,0,0,0,0,0,0,0
C160Q00Q.04,0,0,0,0,0,0,0,0.007345957,0,0,0,0,0,0,0,0,0.029162181,0,0,0,0,0,0,0,0,0,0,0,0,0,0,0,0,0,0,0,0.000696599,0,0,0,0,0.946045216,0.013488696,0,0,0,0,0,0,0,0,0,0,0.000759927,0.000949908,0,0,0.000886581,0,0,0,0,0,0,0,0,0,0,0,0,0.000664936
F160SBV9.04,0,0,0,0,0,0,0,0.051749327,0.002114571,0,0,0,0,0,0,0,0.01987697,0,0.0029604,0,0,0,0,0,0,0,0,0,0,0,0,0,0,0.000922722,0,0,0,0,0,0,0,0.567320261,0.025297962,0.000307574,7.69E-05,0,0,0,0,0,0,0,0,0.002076125,0.321799308,0,0.00449827,0.000999616,0,0,0,0,0,0,0,0,0,0,0,0,0
F160SFXB.04,0,0,0,0,0,0,0,0.011125671,0,0,0,0,0,0,0,0,0.008042344,0,0.006192348,0,0,0,0,0,0,0,0,0,0,0,0,0,0,0.002929161,0,0,0,0,0,0,0,0.76248105,0.009404147,0,0.010663172,0,0,0,0,0,0,0.000513888,0,0.004290963,0.177162825,0,0.00064236,0.006089571,0,0.000102778,0,0,0,0,0,0,0,0,0,0,0.000359721
G160RC1T.04,0,0,0,0,0,0,0,0.012037645,0,0,0,0,0,0,0,0,0.00026264,0,0.000175093,0,0,0,0,0,0,0,0,0,0,0,0,0,0,0,0,0,0,0,0,0,0,0.424731889,0.00538411,0,0,0,0,0,0,0,0,0,0,0.009717663,0.315605165,0,0,0.231998249,0,0,0,0,0,0,0,0,0,0,0,0,8.75E-05
J160SH57.04,0,0,0,0,0,0,0,0.066430982,0,0,0,0,0,0,0,0,0.00359955,0,0,0,0,0,0,0,0,0,0,0,0,0,0,0,0,0,0,0,0,0,0,0,0,0.920906315,0.006234935,0,0,0,0,0,0,0,0,0,0,0,0.002828218,0,0,0,0,0,0,0,0,0,0,0,0,0,0,0,0
K160RQH0.04,0,0,0,0,0,0,0,0.460341509,0,0,0,0,0,0,0,0,4.09E-05,0,0,0,0,0,0,0,0,0,0,0,0,0,0,0,0,0,0,0,0,0.001023709,0,0,0,0.486507514,0.000327587,0,0,0,0,0,0,0,0,0,0,0,0.023299619,0,0,0.028459113,0,0,0,0,0,0,0,0,0,0,0,0,0
B160SCVS.04,0,0,0,0,0,0,0,0.203868628,0.000120895,0,0,0,0,0,0,0,0.003344751,0,0,0,0,0,0,0,0,0,0,0,0,0,0,0,0,0,0,0,0,0,0,0,0,0.742010881,0.001692525,0,0.000161193,0,0,0,0,0,0,0,0,4.03E-05,0.048639936,0,0,8.06E-05,0,0,0,0,0,0,4.03E-05,0,0,0,0,0,0
E160RK4Z.06,0,0,0,0,0,0.000713737,0,0.301581201,0,0,0,0,0,0,0,0,0.007356978,0,0.015976721,0,0,0,0,0,0,0,0,0,0,0,0,0,0.000878445,0.000274514,0,0,0,5.49E-05,0,0,0,0.550840013,0.010321731,0,0.019765016,0,0,0,0,0,0,0,0,0.006643241,0.006258922,0,0,0.079060064,0,0,0.000274514,0,0,0,0,0,0,0,0,0,0
A160RVZW.04,0,0,0,0,0,0,0,0.445687187,0,0,0,0,0,0,0,0,0.005547602,0,0.023487831,4.47E-05,0,0,0,0,0,0,0,0,0,0,0,0,0,0,0,0,0,0,0,0,0,0.102496421,0.010110952,0.000581603,0,0,0,0,0,0,0,0,0,0.003086972,0.406988189,0,0.001073729,0.000492126,0,0,0,0,0,0,0,0,0,0,0,0,0.000402649
K160QP4W.04,0,0,0,0,0,0,0,0.040377691,0.000991991,0,0,0,0,0,0,0,0.001469616,0,0.001028731,0,0,0,0,0,0,0,0,0,0,0,0,0,0,0,0,0,0,0,0,0,0,0.935336909,0.011169079,0,0.000183702,0,0,0,0,0,0,0,0,0.004335366,0.001249173,0,0.001432875,3.67E-05,0,0,0,0,0,0,0.002388126,0,0,0,0,0,0
J160QFRY.04,0,0,0,0,0,0,0,0.307961673,0.000885058,0,0,0,0,0,0,0,0.002077962,0,0.001154423,0,0,0,0,0,0,0,0,0,0,0,0,0,0,0,0,0,0,0,0,0.001770116,0,0.664986339,0.010081964,0,0,0,0,0,0,0,0,0,0,0.007157425,0.000654173,0,0,0.003078462,0,0,0,0,0,0,0.000192404,0,0,0,0,0,0
F160QKK9.04,0,0,0,0,0,0,0,0.87049776,0,0,0,0,0,0,0,0,0.000493879,0,0,0,0,0,0,0,0,0,0,0,0,0,0,0,0,0,0,0,0,0,0,0,0,0.128055879,7.06E-05,0,0,0,0,0,0,0,0,0,0,3.53E-05,0,0,0,0.00084665,0,0,0,0,0,0,0,0,0,0,0,0,0
A160QH76.04,0.000155933,0,0,0,0,0,0,0.405582411,0,0,0,0,0,0,0,0,0,0,0,0,0,0,0,0,0,0,0,0,0,0,0,0,0,0.00011695,0,0,0,0,0,0,0,0.593676906,0.00035085,0,0,0,0,0,0,0,0,0,0,0,0,0,0,0.00011695,0,0,0,0,0,0,0,0,0,0,0,0,0
B160QX4T.04,0,0,0,0,0,0,0,0.378121702,0,0,0,0,0,0,0,0,0,0,0,0,0,0,0,0,0,0,0,0,0,0,0,0,0,0,0,0,0,0,0,0,0,0.617774651,0,0,0,0,0,0,0,0,0,0,0,7.82E-05,0,0,0,0.004025482,0,0,0,0,0,0,0,0,0,0,0,0,0
A160QM32.04,0,0,0,0,0,0,0,0.493281702,0,0,0,0,0,0,0,0,0,0,0,0,0,0,0,0,0,0,0,0,0,0,0,0,0,0,0,0,0,0,0,0,0,0.50625175,0.000326584,0,0,0,0,0,0,0,0,0,0,0.000139965,0,0,0,0,0,0,0,0,0,0,0,0,0,0,0,0,0
C160R34C.04,0,0,0,0,0,0,0,0.165397536,0,0,0,0,0,0,0,0,0,0,0,0,0,0,0,0,0,0,0,0,0,0,0,0,0,0,0,0,0,0,0,0,0,0.834546473,0,0,0,0,0,0,0,0,0,0,0,0,0,0,0,5.60E-05,0,0,0,0,0,0,0,0,0,0,0,0,0
G160QDL9.04,0,0,0,0,0,0,0,0.787107695,0,0,0,0,0,0,0,0,0.001637206,0,8.32E-05,0,0,0,0,0,0,0,0,0,0,0,0,0,0,5.55E-05,0,0,0,0,0,0,0,0.180730915,0.02167217,0,0.000582734,0,0,0,0,0,0,0,0,0.000665982,0.007242556,0,0.000166496,5.55E-05,0,0,0,0,0,0,0,0,0,0,0,0,0
D160QCVX.04,0,0,0,0,0,0,0,0.67692582,0,0,0,0,3.57E-05,0,0,0,0.001783167,0,0,0.000499287,0,0,0,0,0,0,0,0,0,0,0,0,0,0.00139087,0,0,0,0,0,0,0,0.266761769,0.006134094,0,0,0,0,0,0,0,0,0,0,0.002389444,0.00064194,0,0,0.043437946,0,0,0,0,0,0,0,0,0,0,0,0,0
F160RHKN.04,0,0,0,0,0,0,0,0.345246174,0,0,0,0,0,0,0,0,0.079092211,0,0.00131946,0,0,0,0,0,0,0,0,0,0,0,0,0,0,0,0,0,0,0,0,0,0,0.477418382,0.011385056,0,0.008406846,0,0,0,0,0,0,0,0,0.000791676,0.066840081,0,0.000113097,0.009387017,0,0,0,0,0,0,0,0,0,0,0,0,0
F160R6Z8.04,0,0,0,0,0,0,0,0.101767068,0,0,0,0,0,0,0,0,0.001204819,0,0.001874163,0,0,0,0,0,0,0,0,0,0,0,0,0,0,0.005140562,0,0,0,0,0,0,0,0.55978581,0.002168675,0,0,0,0,0,0,0,0,0,0,0.000803213,0.008406961,0,0,0.318795181,0,0,0,0,0,0,0,0,0,0,0,0,5.35E-05
B160QPRH.04,0,0,0,0,0,0,0,0.804563898,0,0,0,0,0,0,0,0,0,0,0,0.000967874,0,0,0,0,0,0,0,0,0,0,0,0,0,0,0,0,0,0,0,0,0,0.193984291,0.000483937,0,0,0,0,0,0,0,0,0,0,0,0,0,0,0,0,0,0,0,0,0,0,0,0,0,0,0,0
E160Q7HZ.04,0,0,0,0.000501206,0,0,0,0.183598033,0.001065063,0,0,0,0,0,0,0,0.003007236,0,0.000595182,0,0,0,0,0,0,0,0,0,0,0,0,0,0,9.40E-05,0,0,0,0.000689158,0,0,0,0.793565768,0.009930144,0.000469881,0,0,0,0,0,0,0,0,0,0.004072299,0.001033737,0,0,0.000125302,0,0,0,0,0,0,0,0,0,0,0,0,0.001253015
B160R4GH.04,0,0,0,0,0,0,0,0.016766425,3.50E-05,0,0,0,0,0,0,0,0,0,0,0,0,0,0,0,0,0,0,0,0,0,0,0,0,0.000455039,0,0,0,0,0,0,0,0.879554762,7.00E-05,0,0,0,0,0,0,0,0,0,0,0.001155098,0.000420036,0,0,0.101543631,0,0,0,0,0,0,0,0,0,0,0,0,0
G160S3KR.04,0,0,0,0,0,0,0,0.004296351,0,0,0,0,0,0,0,0,0.001938204,0,0.001760535,6.46E-05,0,0,0,0.000613764,0,0,0,0,0,0,0,0,0,0.00075913,0,0,0,0,0,0,0,0.729620597,0.006266858,0,0.001889749,0,0,0,0,0,0,0,0,0.000629916,0.046000032,0,0,0.205821072,0,0,0,0,0,0,0,0,0,0,0,0,0.000339186
D160SGCF.04,0,0,0,0,0,0,0,0.102023544,0,0,0,0,0,0,0,0,0.045972147,0,0.000192352,0,0,0,0,0,0,0,0,0,0,0,0,0,0,0,0,0,0,0,0,0,0,0.79299069,0.027198584,0,0.020735554,0,0,0,0,0,0,0,0,0.00088482,0.000769408,0,0.009117489,0.000115411,0,0,0,0,0,0,0,0,0,0,0,0,0
G160S9T7.04,0,0,0,0,0,0,0,0.450389062,0,0,0,0,0,0,0,0,0.002373939,0,0,0,0,0,0,0,0,0,0,0,0,0,0,0,0,0.001582626,0,0,0,0,0,0,0,0.510528861,0.009188025,0,0,0,0,0,0,0,0,0,0,0.000571504,0.024530707,0,0,0.000835275,0,0,0,0,0,0,0,0,0,0,0,0,0
H160QYTY.06,0,0,0,0,0,0,0,0.705998408,0,0,0,0,0,0,0,0,0.000380741,0,0,0,0,0,0,0,0,0,0,0,0,0,0,0,0.000449967,0,0,0,0,0,0,0,0,0.262884635,0.000380741,0,3.46E-05,0,0,0,0,0,0,0,0,0.001834481,0.00048458,0,0,0.027551833,0,0,0,0,0,0,0,0,0,0,0,0,0
B160QHTR.04,0,0,0,0,0,0,0,0.171372732,0.002596115,0,0,0,0,0,0,0,0.002275246,0,0.001487661,0,0,0,0,0,0,0,0,0,0,0,0,0,0,0.000291698,0,0,0,0,0,0,0,0.795402835,0.009596873,0,0,0,0,0,0,0,0,0,0,0.00834257,0.004521323,0,0,0.004112946,0,0,0,0,0,0,0,0,0,0,0,0,0
C160S43N.04,0,0,0,0,0,0,0,0.585323851,0,0,0,0,0,0,0,0,0.016041075,0.00159454,0,0,0,0,0.001849667,0,0,0,0,0,0,0,0,0,0,0,0,0,0,0,0,0,0,0.356602991,0.007685684,0.000510253,0.001945339,0,0,0,0,0,0,0,0,0.001913448,0.023567306,0,0.002519374,0.000446471,0,0,0,0,0,0,0,0,0,0,0,0,0
K160QV95.04,0,0,0,0,0,0,0,0.010419141,0,0,0,0,0,0,0,0,0.002749024,0,0,0,0,0,0,0,0,0,0,0,0,0,0,0,0,0.049787884,0,0,0.023858816,0,0,0,0,0.775156966,0.012319701,0.092855931,0.000441201,0,0,0,0,0,0,0,0,0.01116579,0.020023757,0,0,0.00047514,0,0,0,0,0,0,0.000135754,0,0,0,0,0,0.000610894
B160S96F.04,0,0,0,0,0,0,0,0.010427837,0,0,0,0,0.000147913,0,0,0,0.000443738,0,0.000702585,0,0,0,0,0,0,0,0,0,0,0,0,0,0,0,0,0,0,0,0,0,0,0.982953075,0.00399364,0,0.000517694,0,0,0,0,0,0,0,0,0.000369781,0.000221869,0.000221869,0,0,0,0,0,0,0,0,0,0,0,0,0,0,0
K160S1Z5.04,0,0,0,0,0,0,0,0.000762486,0,0,0,0,0,0,0,0,0,0,0,0,0,0,0,0,0,0,0,0,0,0,0,0,0,0,0,0,0,0,0,0,0,0.99804613,0.000857796,0,0,0,0,0,0,0,0,0,0,0.000333587,0,0,0,0,0,0,0,0,0,0,0,0,0,0,0,0,0
E160SDVV.04,0,0,0,0,0,0,0,0.004063486,4.78E-05,0,0,0,0,0,0,0,0.007457692,0,0.000764891,0,0,0,0,0,0,0,0,0,0,0,0,0,0,4.78E-05,0,0,0,0,0,0,0,0.809063964,0.002485897,0,0,0,0,0,0,0,0,0,0,0.000382446,0.175016732,0,0.00066928,0,0,0,0,0,0,0,0,0,0,0,0,0,0
K160S6K3.04,0,0,0,0,0,0,0,0.797509586,0,0,0,0,0,0,0,0,0,0,0,0,0,0,0,0,0,0,0,0,0,0,0,0,0,0,0,0,0,0,0,0,0,0.200676205,4.12E-05,0,0,0,0,0,0,0,0,0,0,0.001360656,0.000123696,0,0,0.000288624,0,0,0,0,0,0,0,0,0,0,0,0,0
K160RV9Q.04,0,0,0,0,0,0,0,0.001371247,0,0,0,0,0,0,0,0,0.000216513,0,0.000577367,0,0,0,0,0,0,0,0,0,0,0,0,0,0,0,0,0,0,0,0,0,0,0.995020208,0.001371247,0,0,0,0,0,0,0,0,0,0,0.001371247,7.22E-05,0,0,0,0,0,0,0,0,0,0,0,0,0,0,0,0
H160RTMF.04,0,0,0,0,0,0,0,0.002930428,0,0,0,0,0,0,0,0,0.001965111,0,0,0,0,0,0,0,0,0,0,0,0,0,0,0,0,0,0,0,0,0,0,0,0,0.983348273,0.010997725,0,0,0,0,0,0,0,0,0,0,0,0.000758464,0,0,0,0,0,0,0,0,0,0,0,0,0,0,0,0
E160QCV0.04,0,0.000105697,0,0,0,0,0,0.569522249,0,0,0,0,0.000317091,0,0,0,0,0.00018497,0,0,0,0,0,0,0,0,0,0,0,0,0,0,0,7.93E-05,0,0,0,0,0,0,0,0.425245746,0.001453335,0,0.000396364,0,0,0,0,0,0,0.000158546,0,0.001479759,0.000792728,0,0,0.000264243,0,0,0,0,0,0,0,0,0,0,0,0,0
F160R7NX.04,0,0,0,0,0,0,0,0.316251416,0,0,0,0,0,0,0,0,0,0,0,0,0,0,0,0,0,0,0,0,0,0,0,0,0,0,0,0,0,0,0,0,0,0.683708138,0,0,0,0,0,0,0,0,0,0,0,4.04E-05,0,0,0,0,0,0,0,0,0,0,0,0,0,0,0,0,0
F160RFX0.04,0,0,0,0,0,0,0,0.000539039,0,0,0,0,0,0,0,0,0,0,0,0,0,0,0,0,0,0,0,0,0,0,0,0,0,0,0,0,0,0,0,0,0,0.994443753,4.15E-05,0,0,0,0,0,0,0,0,0,0,0.003068375,0.000290252,0,0,0.001617117,0,0,0,0,0,0,0,0,0,0,0,0,0
K160Q67P.04,0,0,0,0,0,0,0,0.172251565,0.006524344,0,0,0,8.88E-05,0,0,0,0.010163774,0,0.006968177,0.000754516,0,0,0,0,0,0,0,0,0,0,0,0,0,0.021836581,0,0,0,0,0,0,0,0.729128756,0.019750566,0,0.008388443,0,0,0,0,0,0,0,0,0.010829524,0.000932049,0,0.011228973,0,0,0,0,0,0,0,0.001153966,0,0,0,0,0,0
D160R9MD.04,0,0,0,0,0,0,0,0.860719424,0,0,0,0,0,0,0,0,0.004028777,0,0,0,0,0,0,0,0,0,0,0,0,0,0,0,0,0,0,0,0,0,0,0,0,0.134189264,0,0,0,0,0,0,0,0,0,0,0,2.21E-05,0.000199225,0,2.21E-05,0.000819037,0,0,0,0,0,0,0,0,0,0,0,0,0
K160QHRF.04,0,0,0,0,0,0,0,0.82289615,0,0,0,0,0,0,0,0,0.005931065,0,0,4.48E-05,0,0,0,0,0,0,0,0,0,0,0,0,0,0,0,0,0,0,0,0,0,0.168957028,0,0,0,0,0,0,0,0,0,0,0,0,0,0,0,0.002170994,0,0,0,0,0,0,0,0,0,0,0,0,0
J160RJMR.04,0,0,0,0,0,0,0,0.000246271,7.04E-05,0,0,0,0,0,0,0,0,0,0,0,0,0,0,0,0,0,0,0,0,0,0,0,0,0,0,0,0,0,0,0,0,0.955671264,0,0,0,0,0,0,0,0,0,0,0,0.001336898,0.000105545,0,0,0.042428933,0,0,0.000140726,0,0,0,0,0,0,0,0,0,0
G160RG9X.04,0,0,0,0,0,0,0,0.003647555,0,0,0,0,0,0,0,0,0.000417949,0,0.003191611,0,0,0,0,0,0,0,0,0,0,0,0,0,0,0.000303963,0,0,0,0,0,0,0,0.987575516,0.003267601,0,0,0,0,0,0,0,0,0,0,7.60E-05,0.001367833,0,0,0.000151981,0,0,0,0,0,0,0,0,0,0,0,0,0
A160R96C.04,0,0,0,0,0,0,0,0.131364458,0,0,0,0,0,0,0,0,0.011424479,0,0,0,0,0,0,0,0,0,0,0,0,0,0,0,0,0,0,0,0,0,0,0,0,0.831020018,0.010571906,0,0.000102309,0,0,0,0,0,0,0,0,0.006854687,0.004535689,0,0,6.82E-05,0,0,0,0,0,0,0,0,0,0,0,0,0.004058248
A160R9GT.04,0,0,0,0,0,0,0,0.21884575,0,0,0,0,0,0,0,0,0,0,0,0,0,0,0,0,0,0,0,0,0,0,0,0,0,0,0,0,0,0,0,0,0,0.780398741,0,0,0,0,0,0,0,0,0,0,0,0.000713536,4.20E-05,0,0,0,0,0,0,0,0,0,0,0,0,0,0,0,0
B160QV1J.04,0,0,0,0,0,0,0,0.663067393,0,0,0,0,0,0,0,0,0.000778526,0,0.000812375,0.000236943,0,0,0,0,0,0,0,0,0,0,0,0,0,0,0,0,0,0,0,0,0,0.265748231,0.001015469,0,0.000406188,0,0,0,0,0,0,0,0,0,0.010696273,0,0,0.057238601,0,0,0,0,0,0,0,0,0,0,0,0,0
A160R7Q5.04,0,0,0,0,0,0,0,0.022253352,0,0,0,0,4.00E-05,0,0,0,0,0,0,0,0,0,0,0,0,0,0,0,0,0,0,0,0,0,0,0,0,0,0,0,0,0.976666,0,0,0,0,0,0,0,0,0,0,0,0.00020012,0.000840504,0,0,0,0,0,0,0,0,0,0,0,0,0,0,0,0
E160QD8Q.04,0,0,0,0,0,0.000378565,0,0.20896778,0.000168251,0,0,0,0.000673004,0,0,0,0.00487928,0.000210314,0.002397577,0.000168251,0,0,0.000673004,0,0,0,0,0,0,0,0,0,0,0.001388071,0,0,0,0.00075713,0,0,0,0.749305964,0.016404475,0,0.003154707,0,0,0,0,0,0,0,0,0.00487928,0.001346008,0,0.001303945,0.00168251,0,0,0,0,0,0,0.001261883,0,0,0,0,0,0
C160RM7F.04,0,0,0,0,0,0,0,0.707050465,0,0,0,0,0,0,0,0,0,0,0,0,0,0,0,0,0,0,0,0,0,0,0,0,0,0,0,0,0,0,0,0,0,0.292246831,0,0,0,0,0,0,0,0,0,0,0,0.000468469,2.60E-05,0,0,0,0,0,0,0,0,0,0,0,0,0,0,0,0.000208209
C160RD81.04,0,0,0,0,0,0,0,0.012488258,0,0,0,0,0,0,0,0,0,0,0,0,0,0,0,0,0,0,0,0,0,0,0,0,0,0.000884124,0,0,0,0,0,0,0,0.986461845,5.53E-05,0,0,0,0,0,0,0,0,0,0,0,0.000110516,0,0,0,0,0,0,0,0,0,0,0,0,0,0,0,0
B160QSY9.04,0,0,0,0,0,0,0,0.109222035,0,0,0,0,0,0,0,0,0.006905018,0,0.007150529,0,0,0,0,0,0,0,0,0,0,0,0,0,0,0.000153445,0,0,0,0,0,0,0,0.835721958,0.002240295,0,0.005524014,0,0,0,0,0,0,0,0,0.000153445,0.000736535,0,0.000705846,0.03148688,0,0,0,0,0,0,0,0,0,0,0,0,0
A160Q5G2.04,0,0,0,0,0,0,0,0.727502546,0.000526667,0,0,0,0,0,0,0,0,0,0,3.51E-05,0,0,0,0,0,0,0,0,0,0,0,0,0,0,0,0,0,0.000210667,0,0,0,0.26737123,0.003265335,0,0,0,0,0,0,0,0,0,0,0.000877778,0.000210667,0,0,0,0,0,0,0,0,0,0,0,0,0,0,0,0
J160R8Z3.04,0,0,0,0,0,0,0,0.727898697,0.000638184,0,0,0,0,0,0,0,0.009438398,0,0.00916969,0.000369475,0,0,0,0,0,0,0,0,0,0,0,0,0,0,0,0,0,0,0,0,0,0.227999463,0.0079605,0,0.012662905,0,0,0,0,0,0,0,0,3.36E-05,0.002720677,0,0.000806127,0,0,0,0,0,0,0,0.000302297,0,0,0,0,0,0
G160R5R6.04,0,0,0,0,0,0,0,0.039195487,0,0,0,0,0,0,0,0,0,0,0.000294334,0,0,0,0,0,0,0,0,0,0,0,0,0,0,0,0,0,0,0,0,0,0,0.960412068,0,0,0,0,0,0,0,0,0,0,0,0,0,0,0,9.81E-05,0,0,0,0,0,0,0,0,0,0,0,0,0
B160RN1V.04,0,0,0,0,0,0,0,0.034465983,0.002170496,0,0,0,0,0,0,0,0.12667465,0,0.004079036,0,0,0,0,0,0,0,0,0,0,0,0,0,0,0,0,0,0,0,0,0,3.74E-05,0.472344884,0.058416286,0.007858693,0.28122895,0,0,0,0,0,0,0,0,0,3.74E-05,0,0.011338972,0,0,0,0,0,0,0,0.001347205,0,0,0,0,0,0
A160QK8H.04,0,0,0,0,0,0,0,0.010350711,0,0,0,0,0,0,0,0,0.002691943,0,0,3.79E-05,0,0,0,0,0,0,0,0,0,0,0,0,0,0.004739336,0,0,0,0.002654028,0,0,0,0.95749763,0.007545024,0,0,0,0,0,0,0,0,0,0,0.008379147,0.000379147,0,0,0.004246445,0,0,0,0,0,0,0,0,0,0,0,0,0.001478673
A160R2QT.04,0,0,0,0,0,0,0,0.527288105,0,0,0,0,0,0,0,0,0.001068376,0,0,4.45E-05,0,0,0,0,0,0,0,0,0,0,0,0,0,0,0,0,0,0,0,0,0,0.469729345,4.45E-05,0,0,0,0,0,0,0,0,0,0,0,0,0,0,0.001825142,0,0,0,0,0,0,0,0,0,0,0,0,0
H160RFYT.04,0,0,0,0,0,0,0,0.000903171,0,0,0,0,0,0,0,0,0,0.001521129,0,0,0,0,0,0,0,0,0,0,0,0,0,0,0,0,0,0,0,0,0,0,0,0.382326377,0.001473594,0,0,0,0,0,0,0,0,0,0,0.038170842,0.004230641,0,0,0.571374245,0,0,0,0,0,0,0,0,0,0,0,0,0
H160R66S.04,0,0,0,0,0,0,0,0.677511876,0,0,0,0,0,0,0,0,0.030533895,0,2.99E-05,0,0,0,0,0,0,0,0,0,0,0,0,0,0,0,0,0,0,0,0,0,0,0.256251681,0.003943712,0,0.002091363,0,0,0,0,0,0,0,0,0.000149383,0.028950435,0,0,0.000537779,0,0,0,0,0,0,0,0,0,0,0,0,0
B160QRHQ.04,0,0,0,0,0,0,0,0.00255164,0,0,0,0,0,0,0,0,0.007290401,0,0.028311057,0,0,0,0,0,0,0,0,0,0,0,0,0,0,0,0,0,0.020291616,0,0,0,0,0.911725395,0.017436209,0,0,0,0,0,0,0,0,0,0,0.00072904,0.010996355,0,0,0.000243013,0,0,0,0,0,0,0,0.000425273,0,0,0,0,0
J160RJ3H.04,0,0,0,0,0,0,0,0.82319485,0,0,0,0,0,0,0,0,0,0,0.005351465,0,0,0,0,0,0,0,0,0,0,0,0,0,0,0,0,0,0,0,0,0,0,0.108140948,0.000878985,0,0,0,0,0,0,0,0,0,0,0.060908456,0,0,0,0.001525297,0,0,0,0,0,0,0,0,0,0,0,0,0
F160QYT1.04,0,0,0,0,0,0,0,0.005845912,0,0,0,0,0,0,0,0,0.00084344,0,0.000116337,0,0,0,0,0,0,0,0,0,0,0,0,0,0,0,0,0,0,0,0,0,0,0.974173283,0.000116337,0,5.82E-05,0,0,0,0,0,0,0,0,5.82E-05,0.006427595,0,0,0.012302591,0,0,0,0,0,0,0,5.82E-05,0,0,0,0,0
B160QRBW.04,0,0,0,0,0,0,0,0.84100325,0.000198467,0,0,0,9.92E-05,0,0,0,0.000198467,0,0,0.001711777,0,0,0,0,0,0,0,0,0,0,0,0,0,0,0,0,0,0,0,0,0,0.152769853,0.002629686,0,0.000372125,0,0,0,0,0,0,0,0,0.000520975,9.92E-05,0,0.000124042,0.000272892,0,0,0,0,0,0,0,0,0,0,0,0,0
E160RFV6.04,0,0,0,0,0,0,0,0.725382345,0,0,0,0,0,0,0,0,0,0,0,0,0,0,0,0,0,0,0,0,0,0,0,0,0,0,0,0,0,0,0,0,0,0.273276093,0,0,0,0,0,0,0,0,0,0,0,0.000134156,0,0,0,0.001207405,0,0,0,0,0,0,0,0,0,0,0,0,0
A160R5ZF.04,0,0,0,0,0,0,0,0.01415499,0,0,0,0,0.00014298,0,0,0,0,0,0,0,0,0,0,0,0,0,0,0,0,0,0,0,0,0,0,0,0,0,0,0,0,0.919002002,0,0,0,0,0,0,0,0,0,0,0,0.04246497,0.024235059,0,0,0,0,0,0,0,0,0,0,0,0,0,0,0,0
F160Q9S4.04,0,0,0,0,0,0,0,0.599483204,0,0,0,0,0,0,0,0,3.49E-05,0,0,3.49E-05,0,0,0,0,0,0,0,0,0,0,0,0,0,0,0,0,0,0,0,0,0,0.399573993,6.98E-05,0,0,0,0,0,0,0,0,0,0,0.000209512,0.000558698,0,0,3.49E-05,0,0,0,0,0,0,0,0,0,0,0,0,0
F160R4ZW.04,0,0,0,0,0,0,0,0.025115531,0,0,0,0,0,0,0,0,0,0,0.00045208,0,0,0,0,0,0,0,0,0,0,0,0,0,0,0,0,0,0,0,0,0,0,0.962477396,0.006982118,0,0,0,0,0,0,0,0,0,0,0.004319871,0.000401849,0,0,0.000251155,0,0,0,0,0,0,0,0,0,0,0,0,0
F160QZMZ.04,0,0,0,0,0,0,0.000289053,0.740925796,0,0,0,0,0,0,0,0,0.00012388,0,0.0006194,4.13E-05,0,0,0,0,0,0,0,0,0,0,0,0,0,0.000206467,0,0,0,0,0,0,0,0.246231986,0.002725358,0,0,0,0,0,0,0,0,0,0,0.006276583,0.002518892,0,0,4.13E-05,0,0,0,0,0,0,0,0,0,0,0,0,0
J160RXK0.04,0,0,0,0,0,0,0,0.045313424,0.001404494,0,0,0,0,0,0,0,0.155381431,0,0.004730928,0,0,0,0,0,0,0,0,0,0,0,0,0,0,0,0,0,0,0,0,0,0,0.653607333,0.049970432,0.001404494,0.081978119,0,0,0,0,0,0,0,0,0,0.000369604,0,0.004065642,0.000517445,0,0,0,0,0,0,0.001256653,0,0,0,0,0,0
D160RHJR.04,0,0,0,0,0,0,0,0.841132075,0,0,0,0,0,0,0,0,0.005518868,0,9.43E-05,0,0,0,0,0,0,0,0,0,0,0,0,0,0,0,0,0,0,0,0,0,0,0.049150943,0.005990566,0,0.000283019,0,0,0,0,0,0,0,0,0,0.09759434,0,0.000141509,9.43E-05,0,0,0,0,0,0,0,0,0,0,0,0,0
D160QY4D.04,0,0,0,0,0,0,0,0.001452433,0,0,0,0,0,0,0,0,0,0,0,0,0,0,0,0,0,0,0,0,0,0,0,0,0,0.000145243,0,0,0,0,0,0,0,0.998402324,0,0,0,0,0,0,0,0,0,0,0,0,0,0,0,0,0,0,0,0,0,0,0,0,0,0,0,0,0
E160RGNZ.04,0,0,0,0,0,0,0,0.003893158,0,0,0,0,0,0,0,0,0.004874911,0,0,0,0,0,0,0,0,0,0,0,0,0,0,0,0,0,0,0,0,0,0,0,0,0.988117404,0.000744778,0,0,0,0,0,0,0,0,0,0,0.000304682,0.000203121,0,0,0.001861945,0,0,0,0,0,0,0,0,0,0,0,0,0
H160Q1XD.04,0,0,0,0,0,0,0,0.530378709,0,0,0,0,0,0,0,0,0,0,0,0,0,0,0,0,0,0,0,0,0,0,0,0,0,0,0,0,0,0,0,0,0,0.469509468,3.73E-05,0,0,0,0,0,0,0,0,0,0,0,0,0,0,7.45E-05,0,0,0,0,0,0,0,0,0,0,0,0,0
C160R7Y6.04,0,0,0,0,0,0,0,0.954242222,0,0,0,0,0,0,0,0,0.004093638,0,3.03E-05,0,0,0,0,0,0,0,0,0,0,0,0,0,0,0.000181939,0,0,0,0,0,0,0,0.03699436,0.002668446,0,0.000970344,0,0,0,0,0,0,0,0,0.000181939,0.000151616,0,0.000303232,0.000181939,0,0,0,0,0,0,0,0,0,0,0,0,0
D160QFTC.04,0,0,0,0,0,0,0,0.845752408,0,0,0,0,0,0,0,0,0.000215204,0,0,0.000215204,0,0,0,0,0,0,0,0,0,0,0,0,0,0.001667832,0,0,0,0,0,0,0,0.149889708,0.001936838,0,0,0,0,0,0,0,0,0,0,0.000107602,0,0,0,0.000215204,0,0,0,0,0,0,0,0,0,0,0,0,0
G160QN8F.04,0,0,0,0,0,0,0,0.85077706,0.000481364,0,0,0,0,0,0,0,0.002647504,0,0.000343832,0,0,0,0.000515747,0,0,0,0,0,0,0,0,0,0,0.001134644,0,0,0,0,0,0,0,0.135091459,0.00553569,0.000618897,0.001994224,0,0,0,0,0,0,0,0,0.000343832,3.44E-05,0,0,0.000206299,0,0,0,0,0,0,0.000275065,0,0,0,0,0,0
C160RHNC.04,0,0,0,0,0,0,0,0.000675604,0,0,0,0,0,0,0,0,0,0,0,0,0,0,0,0,0,0,0,0,0,0,0,0,0,0.085908331,0,0,0,0,0,0,0,0.888916545,0.013120933,0,0,0,0,0,0,0,0.001031184,0,0,7.11E-05,0.010276286,0,0,0,0,0,0,0,0,0,0,0,0,0,0,0,0
K160R04Q.04,0,0,0,0,0,0,0,0.690894407,0.000807591,0,0,0,5.05E-05,0,0,0,0.002927519,0,0.000807591,0.000353321,0,0,0,0,0,0,0,0,0,0,0,0,0,0.00045427,0,0,0,0,0,0,0,0.294013729,0.004593176,0,0.00136281,0,0,0,0,0,0,0,0,0.000605694,0.003129417,0,0,0,0,0,0,0,0,0,0,0,0,0,0,0,0
B160QBK7.04,0,0,0,0,0,0,0,0.615693396,0,0,0,0,0.000127433,0,0,0,0,0,0,0,0,0,0,0,0,0,0,0,0,0,0,0,0,0,0,0,0,0,0,0,0,0.381120775,0.001656631,0,0,0,0,0,0,0,0,0,0,3.19E-05,0.001369907,0,0,0,0,0,0,0,0,0,0,0,0,0,0,0,0
H160QF8C.04,0,0,0,0,0,0,0,0.690513495,0,0,0,0,0,0,0,0,2.96E-05,0,5.91E-05,0.000118249,0,0,0,0,0,0,0,0,0,0,0,0,0,0,0,0,0,0,0,0,0,0.138971827,0.000827741,0,0,0,0,0,0,0,0,0,0,0.000561681,0.000413871,0,0,0.168504449,0,0,0,0,0,0,0,0,0,0,0,0,0
G160QJVN.04,0,0,0,0,0,0,0.000167966,0.582403924,0,0,0,0,0.000806235,0,0,0,0,0,0,0.000134372,0,0,0,0,0,0,0,0,0,0,0,0,0,0,0,0,0,0,0,0,0,0.228097286,0.000772642,0,0.000134372,0,0,0,0,0,0,0,0,0.004803816,0.000100779,0,0,0.182578608,0,0,0,0,0,0,0,0,0,0,0,0,0
G160Q8KY.04,0,0,0,0,0,0,0,0.66122247,7.07E-05,0,0,0,3.54E-05,0,0,0,0.000600983,0,7.07E-05,0,0,0,0,0,0,0,0,0,0,0,0,0,0,0,0,0,0,0,0,0,0,0.216035635,0.000530279,0.000141408,0,0,0,0,0,0,0,0,0,0.000565631,0.002333227,0,0.000247463,0.118146145,0,0,0,0,0,0,0,0,0,0,0,0,0
E160QXY1.04,0,0,0,0,0,0,0,0.736306805,0,0,0,0,6.48E-05,0,0,0,0.00553882,0,0.01146633,0,0,0,0,0,0,0,0,0,0,0,0,0,0,0.001522366,0,0,0,0,0,0,0,0.231755903,0.003044732,0.000291517,0.002591261,0,0,0,0,0,0,0,0,0.003433421,0.00129563,0,0,0.002623652,0,0,0,0,0,0,6.48E-05,0,0,0,0,0,0
K160QYVV.04,0,0,0,0,0,0,0,0.024058873,0,0,0,0,0,0,0,0,0.002830456,0,7.08E-05,0,0,0,0,0,0,0,0,0,0,0,0,0,0,0,0,0,0,0,0,0,0,0.964265497,0.000353807,0.000212284,0,0,0,0,0,0,0,0,0,0.006368525,0.001769035,0,0,7.08E-05,0,0,0,0,0,0,0,0,0,0,0,0,0
J160RJ4D.04,0,0,0,0,0,0,0,1.87E-05,0,0,0,0,0,0,0,0,0,0,0,0,0,0,0,0,0,0,0,0,0,0,0,0,0,0,0,0,0,0,0,0,0,0.041165164,0,0,1.87E-05,0,0,0,0,0,0,0,0,0,0.00033589,0,0,0.958461625,0,0,0,0,0,0,0,0,0,0,0,0,0
E160QHHY.04,0,0,0,0,0,0,0,0.031572755,0.006471434,0,0,0,0,0,0,0,0.087658517,0,0.00065368,0,0,0,0,0,0,0,0,0,0,0,0,0,0,0,0,0,0,0,0,0,0.000392208,0.710550399,0.099555497,0.000392208,0.0353641,0,0,0,0,0,0,0,0,0,0.006013858,0,0.021244607,6.54E-05,0,0,0,0,0,0,6.54E-05,0,0,0,0,0,0
G160R4PY.04,0,0,0,0,0,0,0,0.034286323,0,0,0,0,0,0,0,0,0.001597189,0.006654954,0.02315924,0.001756908,0,0,0,0,0,0,0,0,0,0,0,0,0,0.000798594,0,0,0,0,0,0,0,0.282329766,0.000798594,0,0,0,0,0,0,0,0,0,0,0.626311026,0.009050737,0,0,0.013256668,0,0,0,0,0,0,0,0,0,0,0,0,0
F160Q5V6.04,0,0,0,0,0,0,0,0.579603739,0,0,0,0,0,0,0,0,0,0,0.00023432,0,0,0,0,0,0,0,0,0,0,0,0,0,0,0,0,0,0,0,0,0,0,0.364263584,2.60E-05,0,0,0,0,0,0,0,0,0,0,5.21E-05,2.60E-05,0,0,0.055794215,0,0,0,0,0,0,0,0,0,0,0,0,0
E160R3WR.04,0,0,0,0,0,0,0,0.111313326,0,0,0,0,0,0,0,0,0,0,0.00092854,7.43E-05,0,0,0,0,0,0,0,0,0,0,0,0,0,0,0,0,0,0,0,0,0,0.887349577,0,0,0,0,0,0,0,0,0,0,0,7.43E-05,0.000259991,0,0,0,0,0,0,0,0,0,0,0,0,0,0,0,0
K160RC6Y.04,0,0,0,0,0,0,0,0.011254466,0,0,0,0,0,0,7.94E-05,0,0,0,0,0,0,0,0,0,0,0,0,0,0,0,0,0,0,0,0,0,0,0,0,0,0,0.066018261,0.091822152,0,0,0,0,0,0,0,0,0,0,0.778860659,0.002262803,0,0,0.049702263,0,0,0,0,0,0,0,0,0,0,0,0,0
K160R4CJ.04,0,0,0,0,0,0,0,0.775217933,0,0,0,0,0,0,0,0,0,0,0.004497025,0,0,0,0,0,0,0,0,0,0,0,0,0,0,0.000207555,0,0,0,0,0,0,0,0.105022831,0.001037775,0,0,0,0,0,0,0,0,0,0,0.001176145,0.062889166,0,0,0.04995157,0,0,0,0,0,0,0,0,0,0,0,0,0
F160R9JP.04,0,0,0,0,0,0,0,0.013016084,0,0,0,0,0,0,0,0,0,0,0,0,0,0,0,0,0,0,0,0,0,0,0,0,0,0,0,0,0,0,0,0,0,0.984745482,0.000580335,0,0,0,0,0,0,0,0,0,0,0.001243575,0.000248715,0,0,0.00016581,0,0,0,0,0,0,0,0,0,0,0,0,0
J160R3VV.04,0,0,0,0,0,0,0,0.000916635,0,0,0,0,0,0,0,0,0,0,0,0,0,0,0,0,0,0,0,0,0,0,0,0,0,0,0,0,0,0,0,0,0,0.994307217,0,0,0,0,0,0,0,0,0,0,0,0.004583173,0.000192976,0,0,0,0,0,0,0,0,0,0,0,0,0,0,0,0
B160Q7Y8.04,0,0,0,0,0,0,0,0.071659407,0,0,0,0,0,0,0,0,0,0,0,0.000140509,0,0,0,0,0,0,0,0,0,0,0,0,0,0,0,0,0,0,0,0,0,0.926841834,0.000234181,0,0,0,0,0,0,0,0,0,0,9.37E-05,0.000140509,0,4.68E-05,0.000843052,0,0,0,0,0,0,0,0,0,0,0,0,0
D160RCSW.04,0,0,0,0,0,0,0,0.000149522,0,0,0,0,0,0,0,0,0,0,0,0,0,0,0,0,0,0,0,0,0,0,0,0,0,0,0,0,0,0,0,0,0,0.045504386,0.015051834,0,0,0,0,0,0,0,0,0,0,0,0.004136762,0,0,0.935107656,0,0,0,0,0,0,4.98E-05,0,0,0,0,0,0
G160RXZ5.04,0,0,0,0,0,0,0,0.06275199,0.000103381,0,0,0,0.000206761,0,0,0,0.02858472,0,0.000516903,0,0,0,0,0,0,0,0,0,0,0,0,0,0,0,0,0,0,0,0,0,0,0.889382818,0.012405665,0,0.002326062,0,0,0,0,0,0,0,0,0.000258451,0.000155071,0,0.002842965,0.000103381,0,0,0.000361832,0,0,0,0,0,0,0,0,0,0
K160R4QX.04,0,0,0,0,0,0,0,0.021458662,0,0,0,0,0,0,0,0,0,0,0,0,0,0,0,0,0,0,0,0,0,0,0,0,0,0.001579779,0,0,0,0,0,0,0,0.390863612,0.005002633,0,0,0,0,0,0,0,0,0,0,0.559636651,0.019220642,0,0,0.00223802,0,0,0,0,0,0,0,0,0,0,0,0,0
F160QC22.04,0,0,0,0,0,0,0,0.68769803,0,0,0,0,0,0,0,0,0,0,0,0.00082656,0,0,0,0,0,0,0,0,0,0,0,0,0,0,0,0,0,0,0,0,0,0.31085549,0,0,0,0,0,0,0,0,0,0.00041328,0,6.89E-05,0.00013776,0,0,0,0,0,0,0,0,0,0,0,0,0,0,0,0
D160QN57.04,0,0,0,0,0,0,0,0.510930351,0,0,0,0,0,0,0,0,0,0,0,0,0,0,0,0,0,0,0,0,0,0,0,0,0.000338926,0,0,0,0,0,0,0,0,0.174546687,0.034570412,0,0,0,0,0,0,0,0,0,0,0.279105236,0.000508388,0,0,0,0,0,0,0,0,0,0,0,0,0,0,0,0
G160RCR2.04,0,0,0,0,0,0,0,0.000272035,0,0,0,0,0,0,0,0,0,0,0,0,0,0,0,0,0,0,0,0,0,0,0,0,0,0,0,0,0,0,0,0,0,0.99265506,0,0,0,0,0,0,0,0,0,0,0,0.002652339,0.002448313,0,0,0.001972252,0,0,0,0,0,0,0,0,0,0,0,0,0
E160RFW3.04,0,0,0,0,0,0,0,0.00035926,0,0,0,0,0,0,0,0,0,0,0,0,0,0,0,0,0,0,0,0,0,0,0,0,0,0,0,0,0,0,0,0,0,0.995329621,0.003143524,0,0,0,0,0,0,0,0,0,0,0.00071852,0,0,0,0.000449075,0,0,0,0,0,0,0,0,0,0,0,0,0
J160RC5Z.04,0,0,0,0,0,0,0,0.006335255,0,0,0,0,0,0,0,0,0,0,0,0,0,0,0,0,0,0,0,0,0,0,0,0,0,0,0,0,0,0,0,0,0,0.992580332,0.000285372,0,0,0,0,0,0,0,0,0,0,0.000570744,0.000228297,0,0,0,0,0,0,0,0,0,0,0,0,0,0,0,0
E160SM3Y.04,0,0,0,0,0,0,0,0.009215438,0,0,0,0,0.000454335,0,0,0,0.004051158,0,0,0,0,0,0,0,0,0,0,0,0,0,0,0,0,0.00016659,0,0,0,0,0,0,0,0.862563512,0.021505213,0,0,0,0,0,0,0,0,0,0,0.000121156,0.002900175,0,0.001749192,0.097189935,0,0,0,0,0,0,0,0,0,0,0,0,8.33E-05
A160R6Q3.04,0.000724274,0,0,0,0,0,3.71E-05,0.698646164,0,0,0,0,0,0,0,0,0.00033428,3.71E-05,3.71E-05,0,0,0,0,0,0,0,0,0,0,0,0,0,0,0,0,0,0,0,0,0,0,0.020465393,0.000473564,0,0,0,0,0,0,0,0,0,0,5.57E-05,3.71E-05,0,0,0.279152042,0,0,0,0,0,0,0,0,0,0,0,0,0
F160QZL3.04,0,0,0,0,0,0,0,0.00878875,0.001765359,0,0,0,0,0,0,0,0.010980231,0,0.014762057,0,0,0,0,0,0,0,0,0,0,0,0,0,0,0,0,0,0,0,0,0,0,0.113340638,0.024159552,0,0.004147073,0,0,0,0,0,0,0,0,0.001057694,0.026198846,0,0,0.793917119,0,0,0,0,0,0,0.00088268,0,0,0,0,0,0
D160VM9R.04,0,0,0,0,0,0,0,0.068100166,0,0,0,0,0,0,0,0,0.038961476,0,0.001392683,0,0,0,0,0,0,0,0,0,0,0,0,0,0,0.002677718,0,0,0,0,0,0,0.000134559,0.594998453,0.025377774,0,0.019820499,0,0,0,0,0,0,0,0,0.001150477,0.027685456,0,0.002711358,0.216989383,0,0,0,0,0,0,0,0,0,0,0,0,0
K160QDKD.04,0,0,0,0,0,0,0,0.082134304,0,0,0,0,0,0,0,0,0.001850373,0,0,0,0,0,0,0,0,0,0,0,0,0,0,0,0,0.000278484,0,0,0,0,0,0,0,0.253965307,0.013410566,0.000457952,0.002357834,0,0,0,0,0,0,0,0,0.007209649,0.003830706,0,0,0.633904536,0,0,0,0,0,0,0.000389878,0,0,0,0,0,0.00021041
G160VK98.04,0,0,0,0,0,0,0,0.235853098,0,0,0,0,0,0,0,0,0.001285197,0,0,0,0,0,0,0,0,0,0,0,0,0,0,0,0,0,0,0,0,0,0,0,0,0.308057795,0.013436149,0,0,0,0,0,0,0,0,0,0,0.193402656,0.026794407,0,0,0.215757293,0,0,0,0,0,0,0,0,0,0,0,0,0.005413405
G160RJCL.04,0,0,0,0,0,0,0,0.006909749,0,0,0,0,0,0,0,0,0.022058487,0,0.00043544,0,0,0,0,0,0,0,0,0,0,0,0,0,0,0,0,0,0,0,0,0,0,0.742906907,0.048540129,0.000412522,0.000870881,0,0,0,0,0,0,0,0,0.002532429,0.032898657,0,0,0.142102489,0,0,0,0,0,0,0,0,0,0,0,0,0.00033231
F160RQXD.04,0,0,0,0,0,0,0,0.033036684,0,0,0,0,6.90E-05,0,0,0,0.006709094,0,0.000310447,0,0,0,0,0,0,0,0,0,0,0,0,0,0.000206964,0.006519377,0,0,0,0,0,0,0,0.513926976,0.011693486,0,0.000551905,0,0,0,0,0,0,0,0,0.00049154,0.017704075,0,0.000655387,0.408125075,0,0,0,0,0,0,0,0,0,0,0,0,0
K160R8J1.04,0,0,0,0,0,0,0,0.005674336,0,0,0,0,0,0,0,0,0.000187208,0,0,0,0,0,0,0,0,0,0,0,0,0,0,0,0,0,0,0,0,0,0,0,0,0.843423193,0.000471247,0,0.000193663,0,0,0,0,0,0,0,0,0,6.46E-05,0,0,0.149985798,0,0,0,0,0,0,0,0,0,0,0,0,0
H160Q09G.04,0,0,3.31E-05,0,0,0,0,0.627473437,0.000112542,0,0,0,0,0,0,0,0.000417067,0,0,0,0,0,0,0,0,0,0,0,0,0,0,0,0,0,0,0,0,0,0,0,0,0.368620701,0.000496508,0,0,0,0,0,0,0,0,0,0,1.32E-05,0.000556089,0,0,0.002277316,0,0,0,0,0,0,0,0,0,0,0,0,0
A160RW0S.04,0,0,0,0,0,0,0,0.003325952,0.000755898,0,0,0,0,0,0,0,0.023655168,0,0.00064029,0,0,0,0,0,0,0,0,0,0,0,0,0,0,0.002907985,0,0,0,0,0,0,0,0.455424237,0.045985291,0,0.003361524,0,0,0,0,0,0,0,0,0.00094265,0.037234657,0,0,0.425766347,0,0,0,0,0,0,0,0,0,0,0,0,0
D160QPP4.04,0,0,0,0,0,0,0,0.01025275,0.000459795,0,0,0,0,0,0,0,0.012997797,0,0.000905865,0,0,0,0,0,0,0,0,0,0,0,0,0,0,0.001303897,0,0,0,0,0,0,0,0.441513344,0.040763947,0.000981354,0.008777287,0,0,0,0,0,0,0,0,0,0.187788659,0,0.000542147,0.293623942,0,0,0,0,0,0,0,0,0,8.92E-05,0,0,0
D160RLKJ.04,0,0,0,0,0,0,0,0.054659843,0.001881334,0,0,0,0,0,0,0,0.160095483,0,0.000434932,0,0,0,0,0,0,0,0,0,0,0,0,0,0,0,0,0,0,0,0,0,0,0.411243501,0.086126677,0.002741084,0.0292416,0,0,0,0,0,0,0,0,0.00049562,0.025822831,0,0.004612304,0.211103918,0,0,0,0,0,0,0.011540874,0,0,0,0,0,0
H160R67P.04,0,0,0,0,0,0,0,0.715876607,1.35E-05,0,0,0,0,0,0,0,0.00213377,0,0.003034696,2.03E-05,0,0,6.77E-05,0,0,0,0,0,0,0,0,0,0,4.06E-05,0,0,2.71E-05,0,0,0,0,0.271219162,0.002980505,0.000176121,0.000690935,0,0,0,0,0,0,0,0,0.000277729,0.002276022,0,0.000392885,0.000270955,0,2.71E-05,0,0,0,0,0.000474171,0,0,0,0,0,0
J160R8Y6.04,0,0,8.78E-05,0,0,0,6.83E-05,0.677915038,1.95E-05,0,0,0,6.83E-05,0,0,0,0.001443016,0.000156002,0.000146252,0,0,0,4.88E-05,0,3.90E-05,0,0,0,0,0,0,0,0,0.000126751,0,0,0,0,0,0,0,0.285882823,0.018788452,0,0.001374765,0,0,0,0,0,0,5.85E-05,0,0.000653257,0.012645886,9.75E-05,0,0.000146252,0,0,0,0,0,0,4.88E-05,0,0,0,0,0,0.000185252
E160QTRS.04,0,0,0,0,0,0,1.86E-05,0.679978448,0,0,0,0,0,0,0,0,0.000362289,0,2.79E-05,0,0,0,0,0,0,0,0,0,0,0,0,0,0,0,0,0,0,0,0,0,0,0.317662031,0.000808182,0,0,0,0,0,0,0,0,0,0,0.000325131,0.000585235,5.57E-05,0,0.00016721,0,0,0,0,0,0,0,0,0,0,0,0,9.29E-06
E160R1XF.04,0,0,0,0,0,0,0.000534634,0.212525479,0,0,0,0,0,0,0,0,0.023624152,0,0.002856952,0,0,0,8.35E-05,0,0,0,0,0,0,0,0,0,0,1.67E-05,0,0,0,0,0,0,0,0.702334013,0.033347813,0,0.003976342,0,0,0,0,0,0,0,0,0.001361647,0.015888662,0,0.003274635,0.000175427,0,0,0,0,0,0,0,0,0,0,0,0,0
D160RNJS.04,0,0,0,0,0,0,0,0.535370419,0.000700603,0,0,0,0.000490422,0,0,0,0.010579098,0,0.006475569,0,0,0,0,0,0,0,0,0,0,0,0,0,0,0,0,0,0,0.000160138,0,0,0,0.423474188,0.016884521,0.000410353,0.000310267,0,0,0,0,0,0,0,0,0,0.004373761,0,0.000770663,0,0,0,0,0,0,0,0,0,0,0,0,0,0
K160Q66S.04,0,0,0,0,0,0,0,0.698047477,0,0,0,0,0,0,0,0,0.000256911,0,0.000339122,0,0,0,0,0,0,0,0,0,0,0,0,0,0,5.14E-05,0,0,0,0,0,0,0,0.300565204,0.000380228,0,0,0,0,0,0,0,0,0,0,0.000246634,2.06E-05,0,0,0,0,0,0,0,0,0,0,0,0,0,0,0,9.25E-05
H160Q5D8.04,0,0,0,0,0,0,0,0.019987327,0.001222806,0,0,0,0,0,0,0,0.010671765,0,0.001467368,0.005346999,0,0,0,0,0,0,0,0,0,0,0,0,0,0,0,0,0,0,0,0,0,0.933835055,0.018142001,0,0,0,0,0,0,0,0,0,0,0,0.008259502,0,0,0.000111164,0,0,0,0,0,0,0.000956012,0,0,0,0,0,0
H160PZSB.04,0,0,0,0,0,0.003297035,0,0.07880378,0,0,0,0,0,0,0,0,0.016601268,0,0.018040818,0,0,0,0,0,0,0,0,0,0,0,0,0,0,0.186003854,0,0,0,0,0,0,0,0.531612064,0.005874295,0,0,0,0,0,0,0,0,0,0,0.094847802,0.047876663,0,0,0.01704242,0,0,0,0,0,0,0,0,0,0,0,0,0
B160SHWG.04,0,0,0,0,0,0,0,0.595725692,0.000408252,0,0,0,0,0,0,0,0.003712249,0,0.000788022,0,0,0,0,0,0,0,0,0,0,0,0,0,0,0.001889354,0,0,0,0.000142414,0,0,0,0.215130024,0.00588643,9.49E-05,0.000218368,0,0,0,0,0,0,0,0,0.000949424,0.113684051,0,0,0.061370779,0,0,0,0,0,0,0,0,0,0,0,0,0
G160SLSL.04,0,0,0,0,0,0,0,0.499813785,0,0,0,0,0,0,0,0,0.000234492,0,0.002000083,0.000910382,0,0,0,0,0,0,0,0,0,0,0,0,0,0,0,0,0,0,0,0,0,0.08172752,0.00161386,0,0,0,0,0,0,0,0,0,0,0.004013959,0.369587707,0,0,0.039105066,0,0,0,0,0,0,0,0,0,0,0,0,0.000993145
A160RK60.04,0,0,0,0,0,0,0,0.031555342,0.001361525,0,0,0,0,0,0,0,0.008115756,0,0.008516205,0,0,0,0,0,0,0,0,0,0,0,0,0,0,0,0,0,0,0,0,0,0,0.891781017,0.021704309,0,0,0,0,0,0,0,0,0,0,8.90E-06,0.003337071,0,0,0.033619876,0,0,0,0,0,0,0,0,0,0,0,0,0
B160R5Q9.04,0,0,0,0,0,0,0,0.007715385,0,0,0,0,0,0,0,0,0,0,0,0,0,0,0,0,0,0,0,0,0,0,0,0,0,0,0,0,0,0,0,0,0,0.992182788,0,0,0,0,0,0,0,0,0,0,0,0,1.57E-05,0,0,8.62E-05,0,0,0,0,0,0,0,0,0,0,0,0,0
H160R79G.04,0,0,0,0,0,0,0,0.027258862,0.000644877,0,0,0,0,0,0,0,0.04288946,0,0,0,0,0,0,0,0,0,0,0,0,0,0,0,0,0,0,0,0,0,0,0,0,0.614957059,0.077252208,0,0.005517284,0,0,0,0,0,0,0,0,0,0.114204702,0,0,0.117275547,0,0,0,0,0,0,0,0,0,0,0,0,0
C160VQW6.04,0,0,0,0,0,0,0,0.825414474,0,0,0,0,0,0,0,0,0.012502162,0,0.00060946,0,0,0,0,0,0,0,0,0,0,0,0,0,0,0.000205899,0,0,0,0,0,0,0,0.155585205,0.002100166,0,0.00121892,0,0,0,0,0,0,0,0,0,0.001548357,0,0,0.000815358,0,0,0,0,0,0,0,0,0,0,0,0,0
D160RH93.04,0,0,0,0,0,0,0,0.035606887,0,0,0,0,0,0,0,0,0.045206702,0,0,0,0,0,0,0,0,0,0,0,0,0,0,0,0,0,0,0,0,0,0,0,0,0.82221341,0.051667162,0,3.30E-05,0,0,0,0,0,0,0,0,0.016489871,0.007484882,0,0,0.02129804,0,0,0,0,0,0,0,0,0,0,0,0,0
C160QXHY.04,0,0,0,0,0,0,0,0.961134632,0,0,0,0,0,0,0,0,0,0,0,0,0,0,0,0,0,0,0,0,0,0,0,0,0,0,0,0,0,0,0,0,0,0.036014677,7.06E-06,0,0,0,0,0,0,0,0,0,0,0,0.002787186,0,0,7.06E-06,0,0,0,0,0,0,0,0,0,0,0,0,4.94E-05
K160QT12.04,0,0,0,0,0,0.001177163,0,0.085283731,0.00063186,0,0,0,0,0,0,0,0.000779005,0,0.003713257,0,0,0,0,0,0,0,0,0,0,0,0,0,0,0,0,0,0,0,0,0,0,0.898616833,0.007495759,0,0,0,0,0,0,0,0,0,0,0.00106464,0.000389502,0,0,0.000103867,0,0,0,0,0,0,0,0,0,0,0,0,0.000744383
E160S20Z.04,0,0,0,0,0,0,0,0.028517515,0.004808295,0,0,0,0,0,0,0,0.00840668,0,0.002049951,0,0,0,0,0,0,0,0,0,0,0,0,0,0,0,0,0,0,0,0,0,0,0.605563078,0.034736327,0,0.00151082,0,0,0,0,0,0,0,0,0.001021841,0.309066175,0,0,0.00338524,0,0,0.000934076,0,0,0,0,0,0,0,0,0,0
G160R20R.04,0,8.31E-05,0,0,0,0,0,0.026695058,0,0,0,0,0,0,0,0,0,0,0,0,0,0,0,0,0,0,0,0,0,0,0,0,0,0,0,0,0,0,0,0,0,0.970661404,0,0,0,0,0,0,0,0,0,0,0,0.000311615,0.000597263,0,0,0.001038718,0,0,0,0,0,0,0,0,0,0,0,0,0.000612844
K160SNDJ.04,0,0,0,0,0,0,0,0.046518534,0,0,0,0,0,0,0,0,0.014743388,0,0.015599343,0,0,0,0,0,0,0,0,0,0,0,0,0,0,0,0,0,0,0,0,0,0,0.698843587,0.031548056,0,0,0,0,0,0,0,0,0,0,0.024682947,0.151626315,0,0.005013451,0.011424379,0,0,0,0,0,0,0,0,0,0,0,0,0
F160SPXB.04,0,0,0,0,0,0,0,0.122988764,0,0,0,0,0,0,0,0,0.014359551,0,0.001033708,0,0,0,0,0,0,0,0,0,0,0,0,0,0,0,0,0,0,0,0,0,0,0.834179775,0.020561798,0,0.001910112,0,0,0,0,0,0,0,0,0,0.002314607,0,0,0.002651685,0,0,0,0,0,0,0,0,0,0,0,0,0
A160QRJP.04,0,0,0,0,0,0,0,0.006249448,0,0,0,0,0,0,0,0,0.006072956,0,0.001869219,0,0,0,0,0,0,0,0,0,0,0,0,0,0,0,0,0,0,0,0,0,0,0.928536474,0.050661447,0.003594035,0,0,0,0,0,0,0,0,0,0,0.00120336,0,0,0.00077015,0,0,0,0,0,0,0,0,0,0,0,0,0.001042912
B160RP60.04,0.000401324,0.000200662,0,0,0,0,0,0.24194843,0,0,0,0,0,0,0,0,0.008377646,0,0.008929467,0,0,0,0,0,0,0,0,0,0,0,0,0,0,0,0,0,0,0,0,0,0,0.691883215,0.019464232,0,0.004113575,0,0,0,0,0,0,0,0,0.015099829,0.005668707,0.00045149,0,0.003461423,0,0,0,0,0,0,0,0,0,0,0,0,0
J160RNPG.04,0,0,0,0,0,0,0,0.012763189,0,0,0,0,0,0,0,0,0.001538605,0,0.00029946,0,0,0,0,0,0,0,0,0,0,0,0,0,0,0,0,0,0,0,0,0,0,0.877118163,0.000867401,0,0.000247829,0,0,0,0,0,0,0,0,0,0.107165354,0,0,0,0,0,0,0,0,0,0,0,0,0,0,0,0
F160S164.04,0,0,0,0,0,0,0,0.688480057,0,0,0,0,0,0,0,0,0.001246769,0,5.07E-05,4.05E-05,0,0,0,0,0,0,0,0,0,0,0,0,0,0.001013633,0,0,0,0,0,0,0,0.033956718,0.001966449,0,0,0,0,0,0,0,0,0,0,0.000162181,0.272941057,0,0,7.10E-05,0,0,0,0,0,0,7.10E-05,0,0,0,0,0,0
K160S171.04,0.001161539,0,0,0,0,0.000548142,0,0.379066201,0,0,0,0,0.000554667,0,0,0,0.012789977,0,0.004326405,7.18E-05,0,0,0.001448661,0,0,0,0,0,0,0,0,0,0,0,0,0,0,0,0,0,0,0.559724624,0.006212274,0,0.007876277,0.000228392,0,0,0,0,0,0.000430683,0,0.006956181,0.015158733,0.001102809,0,0.002342654,0,0,0,0,0,0,0,0,0,0,0,0,0
G160QYJ3.04,0,0,0,0,0,0,0,0.12831381,0,0,0,0,0,0,0,0,0.0175709,0,0,0,0,0,0,0,0,0,0,0,0,0,0,0,0,0,0,0,0,0,0,0,0,0.745221948,0.007860666,0,0,0,0,0,0,0,0,0,0,0,0.067740444,0,0,0.013563502,0,0,0,0,0,0,0,0,0,0,0,0,0.01972873
G160Q145.04,0,0,0,0,0,0,0,0.221870447,0,0,0,0,0,0,0,0,0.030987336,0,0,0,0,0,0,0,0,0,0,0,0,0,0,0,0,0,0,0,0,0,0,0,0,0.662305278,0.05599294,0,0,0,0,0,0,0,0,0,0,0.013742575,0.015101423,0,0,0,0,0,0,0,0,0,0,0,0,0,0,0,0
G160PLGW.04,0,0,0,0,0,0,0,0.294474694,0,0,0,0,0,0,0,0,0,0,0.007319468,0,0,0,0,0,0,0,0,0,0,0,0,0,0,0.019994644,0,0,0,0,0,0,0,0.584129251,0.033473177,0,0,0,0,0,0,0,0,0,0,0.031866464,8.93E-05,0,0,0,0,0,0,0,0,0,0,0,0,0,0,0,0.028653039
E160QHJV.04,0,0,0,0,0,0,7.29E-05,0.410365103,0,0,0,0,0,0,0,0,0.000173208,0,0.000100278,4.56E-05,0,0,0,0,2.73E-05,0,0,0,0,0,0,0,0,5.47E-05,0,0,0,0,0,0,0,0.587711382,0.000866038,9.12E-06,0,0,0,0,0,0,0,0,0,0.000364647,0.000145859,0,0,1.82E-05,0,0,0,0,0,0,0,0,0,0,0,0,4.56E-05
B160Q1B6.04,0,0,0,0,0,0,0,0.444114749,0,0,0,0,0,0,0,0,0.000158556,0,7.93E-05,0.000101929,0,0,0.00012458,0,0,0,0,0,0,0,0,0,0,5.66E-05,0,0,0,0,0,0,0,0.552951969,0.000702176,0,0,0,0,0,0,0,0,0,0,0.000724826,0.000520969,0,0,0.000192532,0,0,0,0,0,0,0,0,0,0,0,0,0.00027181
F160RNGG.04,0,0,0,0,0,0,0,0.00234688,0,0,0,0,0,0,0,0,0,0,0,0.000529431,0,0,0,0,0,0,0,0,0,0,0,0,0,0,0,0,0,0,0,0,0,0.410703985,0,0,0,0,0,0,0,0,0,0,0,0.000316078,0.002038704,0,0,0.584064922,0,0,0,0,0,0,0,0,0,0,0,0,0
C160RC50.04,0,0,0,0,0,0,0,2.69E-05,0,0,0,0,0,0,0,0,0,0,0,0,0,0,0,0,0,0,0,0,0,0,0,0,0,0,0,0,0,0,0,0,0,0.998886974,0,0,0,0,0,0,0,0,0,0,0,0,0.000664225,0,0,0.000305185,0,0,0,0,0,0,0,0,0,0,0,0,0.000116688
K160QV53.04,0,0,0,0,0,0,0,0.000530795,0,0,0,0,0,0,0,0,8.70E-06,0,0,0,0,0,0,0,0,0,0,0,0,0,0,0,0,0,0,0,0,0,0,0,0,0.985346583,0,0,0,0,0,0,0,0,0,0,0,0,8.70E-06,0,0,0.014105219,0,0,0,0,0,0,0,0,0,0,0,0,0
J160QS0R.04,0,0,0,0,0,0,0,0.000199998,0,0,0,0,0,0,0,0,0,0,0,0,0,0,0,0,0,0,0,0,0,0,0,0,0,0,0,0,0,0,0,0,0,0.997500025,0,0,0,0,0,0,0,0,0,0,0,0,1.00E-05,0,0,0.002289977,0,0,0,0,0,0,0,0,0,0,0,0,0