SampleID,k__Bacteria|Other|Other|Other|Other,k__Bacteria|p__Actinobacteria|Other|Other|Other,k__Bacteria|p__Actinobacteria|c__Actinobacteria|Other|Other,k__Bacteria|p__Actinobacteria|c__Actinobacteria|o__Actinomycetales|Other,k__Bacteria|p__Actinobacteria|c__Actinobacteria|o__Actinomycetales|f__Actinomycetaceae,k__Bacteria|p__Actinobacteria|c__Actinobacteria|o__Actinomycetales|f__Brevibacteriaceae,k__Bacteria|p__Actinobacteria|c__Actinobacteria|o__Actinomycetales|f__Corynebacteriaceae,k__Bacteria|p__Actinobacteria|c__Actinobacteria|o__Actinomycetales|f__Dermabacteraceae,k__Bacteria|p__Actinobacteria|c__Actinobacteria|o__Actinomycetales|f__Dermacoccaceae,k__Bacteria|p__Actinobacteria|c__Actinobacteria|o__Actinomycetales|f__Dietziaceae,k__Bacteria|p__Actinobacteria|c__Actinobacteria|o__Actinomycetales|f__Geodermatophilaceae,k__Bacteria|p__Actinobacteria|c__Actinobacteria|o__Actinomycetales|f__Gordoniaceae,k__Bacteria|p__Actinobacteria|c__Actinobacteria|o__Actinomycetales|f__Intrasporangiaceae,k__Bacteria|p__Actinobacteria|c__Actinobacteria|o__Actinomycetales|f__Microbacteriaceae,k__Bacteria|p__Actinobacteria|c__Actinobacteria|o__Actinomycetales|f__Micrococcaceae,k__Bacteria|p__Actinobacteria|c__Actinobacteria|o__Actinomycetales|f__Mycobacteriaceae,k__Bacteria|p__Actinobacteria|c__Actinobacteria|o__Actinomycetales|f__Nocardiaceae,k__Bacteria|p__Actinobacteria|c__Actinobacteria|o__Actinomycetales|f__Nocardioidaceae,k__Bacteria|p__Actinobacteria|c__Actinobacteria|o__Actinomycetales|f__Promicromonosporaceae,k__Bacteria|p__Actinobacteria|c__Actinobacteria|o__Actinomycetales|f__Propionibacteriaceae,k__Bacteria|p__Actinobacteria|c__Actinobacteria|o__Actinomycetales|f__Sanguibacteraceae,k__Bacteria|p__Actinobacteria|c__Actinobacteria|o__Actinomycetales|f__Streptomycetaceae,k__Bacteria|p__Actinobacteria|c__Actinobacteria|o__Bifidobacteriales|f__Bifidobacteriaceae,k__Bacteria|p__Actinobacteria|c__Coriobacteriia|o__Coriobacteriales|f__Coriobacteriaceae,k__Bacteria|p__Actinobacteria|c__Thermoleophilia|o__Gaiellales|f__Gaiellaceae,k__Bacteria|p__Bacteroidetes|Other|Other|Other,k__Bacteria|p__Bacteroidetes|c__|o__|f__,k__Bacteria|p__Bacteroidetes|c__Bacteroidia|o__Bacteroidales|Other,k__Bacteria|p__Bacteroidetes|c__Bacteroidia|o__Bacteroidales|f__Bacteroidaceae,k__Bacteria|p__Bacteroidetes|c__Bacteroidia|o__Bacteroidales|f__Porphyromonadaceae,k__Bacteria|p__Bacteroidetes|c__Bacteroidia|o__Bacteroidales|f__Prevotellaceae,k__Bacteria|p__Bacteroidetes|c__Bacteroidia|o__Bacteroidales|f__Rikenellaceae,k__Bacteria|p__Bacteroidetes|c__Bacteroidia|o__Bacteroidales|f__S24-7,k__Bacteria|p__Bacteroidetes|c__Bacteroidia|o__Bacteroidales|f__[Barnesiellaceae],k__Bacteria|p__Bacteroidetes|c__Bacteroidia|o__Bacteroidales|f__[Odoribacteraceae],k__Bacteria|p__Bacteroidetes|c__Bacteroidia|o__Bacteroidales|f__[Paraprevotellaceae],k__Bacteria|p__Bacteroidetes|c__Cytophagia|o__Cytophagales|f__Cyclobacteriaceae,k__Bacteria|p__Bacteroidetes|c__Flavobacteriia|o__Flavobacteriales|f__Flavobacteriaceae,k__Bacteria|p__Bacteroidetes|c__Flavobacteriia|o__Flavobacteriales|f__[Weeksellaceae],k__Bacteria|p__Cyanobacteria|c__4C0d-2|o__YS2|f__,k__Bacteria|p__Cyanobacteria|c__Chloroplast|o__Streptophyta|f__,k__Bacteria|p__Cyanobacteria|c__Nostocophycideae|o__Stigonematales|f__Rivulariaceae,k__Bacteria|p__Firmicutes|Other|Other|Other,k__Bacteria|p__Firmicutes|c__Bacilli|Other|Other,k__Bacteria|p__Firmicutes|c__Bacilli|o__Bacillales|f__Alicyclobacillaceae,k__Bacteria|p__Firmicutes|c__Bacilli|o__Bacillales|f__Bacillaceae,k__Bacteria|p__Firmicutes|c__Bacilli|o__Bacillales|f__Paenibacillaceae,k__Bacteria|p__Firmicutes|c__Bacilli|o__Bacillales|f__Planococcaceae,k__Bacteria|p__Firmicutes|c__Bacilli|o__Bacillales|f__Staphylococcaceae,k__Bacteria|p__Firmicutes|c__Bacilli|o__Bacillales|f__Thermoactinomycetaceae,k__Bacteria|p__Firmicutes|c__Bacilli|o__Bacillales|f__[Exiguobacteraceae],k__Bacteria|p__Firmicutes|c__Bacilli|o__Bacillales|f__[Thermicanaceae],k__Bacteria|p__Firmicutes|c__Bacilli|o__Gemellales|f__,k__Bacteria|p__Firmicutes|c__Bacilli|o__Gemellales|f__Gemellaceae,k__Bacteria|p__Firmicutes|c__Bacilli|o__Lactobacillales|Other,k__Bacteria|p__Firmicutes|c__Bacilli|o__Lactobacillales|f__Aerococcaceae,k__Bacteria|p__Firmicutes|c__Bacilli|o__Lactobacillales|f__Carnobacteriaceae,k__Bacteria|p__Firmicutes|c__Bacilli|o__Lactobacillales|f__Enterococcaceae,k__Bacteria|p__Firmicutes|c__Bacilli|o__Lactobacillales|f__Lactobacillaceae,k__Bacteria|p__Firmicutes|c__Bacilli|o__Lactobacillales|f__Leuconostocaceae,k__Bacteria|p__Firmicutes|c__Bacilli|o__Lactobacillales|f__Streptococcaceae,k__Bacteria|p__Firmicutes|c__Bacilli|o__Turicibacterales|f__Turicibacteraceae,k__Bacteria|p__Firmicutes|c__Clostridia|o__Clostridiales|Other,k__Bacteria|p__Firmicutes|c__Clostridia|o__Clostridiales|f__,k__Bacteria|p__Firmicutes|c__Clostridia|o__Clostridiales|f__Christensenellaceae,k__Bacteria|p__Firmicutes|c__Clostridia|o__Clostridiales|f__Clostridiaceae,k__Bacteria|p__Firmicutes|c__Clostridia|o__Clostridiales|f__Eubacteriaceae,k__Bacteria|p__Firmicutes|c__Clostridia|o__Clostridiales|f__Lachnospiraceae,k__Bacteria|p__Firmicutes|c__Clostridia|o__Clostridiales|f__Peptococcaceae,k__Bacteria|p__Firmicutes|c__Clostridia|o__Clostridiales|f__Peptostreptococcaceae,k__Bacteria|p__Firmicutes|c__Clostridia|o__Clostridiales|f__Ruminococcaceae,k__Bacteria|p__Firmicutes|c__Clostridia|o__Clostridiales|f__Veillonellaceae,k__Bacteria|p__Firmicutes|c__Clostridia|o__Clostridiales|f__[Mogibacteriaceae],k__Bacteria|p__Firmicutes|c__Clostridia|o__Clostridiales|f__[Tissierellaceae],k__Bacteria|p__Firmicutes|c__Erysipelotrichi|o__Erysipelotrichales|f__Erysipelotrichaceae,k__Bacteria|p__Fusobacteria|c__Fusobacteriia|o__Fusobacteriales|f__Fusobacteriaceae,k__Bacteria|p__Fusobacteria|c__Fusobacteriia|o__Fusobacteriales|f__Leptotrichiaceae,k__Bacteria|p__Gemmatimonadetes|c__Gemm-1|o__|f__,k__Bacteria|p__Lentisphaerae|c__[Lentisphaeria]|o__Victivallales|f__Victivallaceae,k__Bacteria|p__Proteobacteria|c__Alphaproteobacteria|o__Caulobacterales|f__Caulobacteraceae,k__Bacteria|p__Proteobacteria|c__Alphaproteobacteria|o__RF32|f__,k__Bacteria|p__Proteobacteria|c__Alphaproteobacteria|o__Rhizobiales|Other,k__Bacteria|p__Proteobacteria|c__Alphaproteobacteria|o__Rhizobiales|f__Aurantimonadaceae,k__Bacteria|p__Proteobacteria|c__Alphaproteobacteria|o__Rhizobiales|f__Beijerinckiaceae,k__Bacteria|p__Proteobacteria|c__Alphaproteobacteria|o__Rhizobiales|f__Bradyrhizobiaceae,k__Bacteria|p__Proteobacteria|c__Alphaproteobacteria|o__Rhizobiales|f__Brucellaceae,k__Bacteria|p__Proteobacteria|c__Alphaproteobacteria|o__Rhizobiales|f__Hyphomicrobiaceae,k__Bacteria|p__Proteobacteria|c__Alphaproteobacteria|o__Rhizobiales|f__Methylobacteriaceae,k__Bacteria|p__Proteobacteria|c__Alphaproteobacteria|o__Rhizobiales|f__Phyllobacteriaceae,k__Bacteria|p__Proteobacteria|c__Alphaproteobacteria|o__Rhizobiales|f__Rhizobiaceae,k__Bacteria|p__Proteobacteria|c__Alphaproteobacteria|o__Rhodobacterales|f__Rhodobacteraceae,k__Bacteria|p__Proteobacteria|c__Alphaproteobacteria|o__Sphingomonadales|f__Sphingomonadaceae,k__Bacteria|p__Proteobacteria|c__Betaproteobacteria|Other|Other,k__Bacteria|p__Proteobacteria|c__Betaproteobacteria|o__Burkholderiales|Other,k__Bacteria|p__Proteobacteria|c__Betaproteobacteria|o__Burkholderiales|f__Alcaligenaceae,k__Bacteria|p__Proteobacteria|c__Betaproteobacteria|o__Burkholderiales|f__Burkholderiaceae,k__Bacteria|p__Proteobacteria|c__Betaproteobacteria|o__Burkholderiales|f__Comamonadaceae,k__Bacteria|p__Proteobacteria|c__Betaproteobacteria|o__Burkholderiales|f__Oxalobacteraceae,k__Bacteria|p__Proteobacteria|c__Betaproteobacteria|o__Neisseriales|f__Neisseriaceae,k__Bacteria|p__Proteobacteria|c__Betaproteobacteria|o__Rhodocyclales|f__Rhodocyclaceae,k__Bacteria|p__Proteobacteria|c__Deltaproteobacteria|o__Bdellovibrionales|f__Bacteriovoracaceae,k__Bacteria|p__Proteobacteria|c__Deltaproteobacteria|o__Desulfovibrionales|f__Desulfovibrionaceae,k__Bacteria|p__Proteobacteria|c__Epsilonproteobacteria|o__Campylobacterales|f__Campylobacteraceae,k__Bacteria|p__Proteobacteria|c__Epsilonproteobacteria|o__Campylobacterales|f__Helicobacteraceae,k__Bacteria|p__Proteobacteria|c__Gammaproteobacteria|o__Aeromonadales|f__Aeromonadaceae,k__Bacteria|p__Proteobacteria|c__Gammaproteobacteria|o__Alteromonadales|f__Shewanellaceae,k__Bacteria|p__Proteobacteria|c__Gammaproteobacteria|o__Enterobacteriales|f__Enterobacteriaceae,k__Bacteria|p__Proteobacteria|c__Gammaproteobacteria|o__Oceanospirillales|f__Halomonadaceae,k__Bacteria|p__Proteobacteria|c__Gammaproteobacteria|o__Pasteurellales|f__Pasteurellaceae,k__Bacteria|p__Proteobacteria|c__Gammaproteobacteria|o__Pseudomonadales|f__Moraxellaceae,k__Bacteria|p__Proteobacteria|c__Gammaproteobacteria|o__Pseudomonadales|f__Pseudomonadaceae,k__Bacteria|p__Proteobacteria|c__Gammaproteobacteria|o__Xanthomonadales|f__Xanthomonadaceae,k__Bacteria|p__Spirochaetes|c__[Brachyspirae]|o__[Brachyspirales]|f__Brachyspiraceae,k__Bacteria|p__Synergistetes|c__Synergistia|o__Synergistales|f__Dethiosulfovibrionaceae,k__Bacteria|p__TM7|c__TM7-3|Other|Other,k__Bacteria|p__TM7|c__TM7-3|o__|f__,k__Bacteria|p__TM7|c__TM7-3|o__CW040|f__,k__Bacteria|p__TM7|c__TM7-3|o__EW055|f__,k__Bacteria|p__Tenericutes|c__Mollicutes|o__Mycoplasmatales|f__Mycoplasmataceae,k__Bacteria|p__Tenericutes|c__RF3|o__ML615J-28|f__,k__Bacteria|p__Verrucomicrobia|c__Verrucomicrobiae|o__Verrucomicrobiales|f__Verrucomicrobiaceae,k__Bacteria|p__WPS-2|c__|o__|f__,k__Bacteria|p__[Thermi]|c__Deinococci|o__Deinococcales|f__Deinococcaceae,k__Bacteria|p__[Thermi]|c__Deinococci|o__Thermales|f__Thermaceae
J160TKZ0.03,0,0,0,0.007161304,0.008084538,0,0,0,0,0,0,0,0,0,0,0,0,0,0,0,0,0,0.039886218,0.038189463,0,0,0,0,0,0.039262411,0.093957806,0,0,0,0,0,0,0,0,0,0,0,0,0,0,0,0,0,0,0,0,0,0,0,0,0,0,0,0,0,0.017828403,6.24E-05,0.008196824,0.000274475,0.0010979,0.002832084,7.49E-05,0.124237396,0,0.000848377,0.048195326,0.229486108,0.000474093,0.320212593,0.000436665,0.000224571,0,0,0,0,0,0,0,0,0,0,0,0,0,0,0,0,0,0,0,0,0,0,0,0,0,0,0.009157486,0,0,0,0.00558931,0,0,0,0,0,0,0,0,0,0,0,0,0,0.004229411,0,0,0
D160TL08.03,4.34E-05,0,0,0.008760371,0.002635351,0,1.45E-05,0,0,0,0,0,0,0,0,0,0,0,0,0,0,0,0.034809806,0.020286413,0,0,0,0,0.000333039,0.014697152,0.299011019,0,0,0,0,0,0,0,0,0,0,0,0,0,0,0,0,0,2.90E-05,0,0,0,0,0,0,1.45E-05,1.45E-05,1.45E-05,0,0,0.085518599,1.45E-05,0.006284299,0.000680558,0.000188239,0.000709518,5.79E-05,0.06388555,0,0.015768668,0.020851132,0.071632325,0.000390959,0.327927484,8.69E-05,0.002128553,0,0,0,0,0,0,0,0,0,0,0,0,0,0,0,0,0,0,0.00906445,0,0,0,0,0,0,0,0.008847251,0,0,0,0.004242626,0,0.001042557,0,0,0,0,0,0,0,0,0,0,0,1.45E-05,0,0,0
G160QY9R.03,0,0,0,0.002295246,0.000399173,0,0,0,0,0,0,0,0,0,2.85E-05,0,0,0,0,0.000142562,0,0,0.054187754,0.024805759,0,0,0,0,0,0.008225818,0.006144415,0.082799914,0,0,0,0,0,0,0,0,0,0,0,0,0,0,0,0,4.28E-05,0,0,0,0,0,0,0,4.28E-05,0.000285124,0.000128306,0,0.001411362,0,0.008197306,0,0,0.00265165,0,0.286905695,0.004091525,1.43E-05,0.008339867,0.041214627,0,0.079820372,0,0.005673961,0,0,0,0,0,0,0,0,0,0,0,0,0,0,0,0,0,0,0.003122104,0,0,0,0,0,0,0,0.001026445,0,0,0,0.375621926,0,0,0,0,0,0,0,0,0,0,0,0,0,0.002380783,0,0,0
A160T94J.03,0.000156846,0,0,0.015151278,0.000846966,0,0,0,0,0,0,0,0,0,1.57E-05,0,0,0,0,0,0,0,0.001772354,0.03031824,0,0,0,0,0,0.000470537,0,0,0,0,0,0,0,0,0,0,0,0,0,1.57E-05,0,0,0,0,1.57E-05,0,0,0,0,0,0,0,0,0.014288627,0,0,0.007010995,1.57E-05,0.039823078,0,0.000203899,0.002117415,4.71E-05,0.336198378,0,0.000580328,0.111156422,0.209357404,0.000360745,0.136549712,0.001442979,0,0,0,0,0,0,0,0,0,0,0,0,0,0,0,0,0,0,0,0,0,0,0,0,0,0,0,0.014382734,0,0,0,0.068463071,0,0,0,0,0,0,0,0,0,0,0,0,0,0.009238201,0,0,0
C160SYJK.03,1.33E-05,0,0,0.017150834,0.006395001,0,0,0,0,0,0,0,0,0,0,0,0,0,0,0,0,0,0.02444991,0.004267766,0,0,0,0,0,0.000292495,0.000691351,0,0,0,0,0,0,0,0,0,0,0,0,0,0,0,0,0,0.000186133,0,0,0,0,0,0,3.99E-05,0,9.31E-05,0,0,0.000358971,0,0.008469055,0,0.000478628,0.004613441,0,0.172212989,0,0.049670943,0.031802167,0.326557203,0.000119657,0.340184804,0.00061158,0,0,0,0,0,0,0,0,0,0,0,0,0,0,0,0,0,0,0,0,0,0,0,0,0,0,0,2.66E-05,0,0,0,0.011314233,0,0,0,0,0,0,0,0,0,0,0,0,0,0,0,0,0
D160RXDT.03,0,0,0,0.000286244,0.000309144,0,0,0,0,0,0,0,0,0,0,0,0,0,0,2.29E-05,0,0,0.03831093,0.053997115,0,0,0,0,0.200130527,0.001339623,0.000251895,0.049279809,0,0,0,0,0,0,0,0.000698436,0,0,0,0,0,0,0,0,0,0,0,0,0,3.43E-05,0,0,2.29E-05,2.29E-05,0,0,0.000343493,0,0.000217546,0.003663926,0.001133527,0.000171747,1.14E-05,0.358881586,1.14E-05,2.29E-05,0.084922943,0.001167877,0.00149992,0.009033868,0.000389292,1.14E-05,0,0,0,0,0,0,0,0,0,0,0,0,0,0,0,0,0,0,0.006560718,0,0,0,0,0,0,0.003858572,0.000240445,0,0,0,0.177242437,0,0,0,0,0,0,0,0,4.58E-05,0,0,0,0,0.005862282,0,0,0
K160TL2F.03,0,0,0,0.001406591,0.0280457,0,0,0,0,0,0,0,0,0,0,0,0,0,0,2.87E-05,0,0,0.034561947,0.002353887,0,0,0,0,5.74E-05,0.007922838,0.026294638,0,0,0,0,0,0,0,0,0,0,0,0,0,0,0,0,0,5.74E-05,0,0,0,0,0,0,0,0,0.00014353,0,0,0.044666437,0,0.000947296,0,0.000401883,0.000660237,0.000114824,0.182828109,0,0.016046618,0.010075784,0.222298771,0,0.399414399,0.000200942,0,0,0,0,0,0,0,0,0,0,0,0,0,0,0,0,0,0,0,0,0,0,0,0,0,0,2.87E-05,0.003416006,0,0,0,0.016706855,0,0,0,0,0,0,0,0,0,0,0,0,0,0.001320473,0,0,0
C160SW2B.03,1.61E-05,0,0,0.002576241,0.012108331,0,0.000627959,0,0,0,0,0,0,0,6.44E-05,0,0,0,0,0.000112711,0,0,0.000193218,0.012156635,0,0,0,0,0.021543812,0.029707275,0.202057772,0.005973658,0,0,0,0,0,0,0,1.61E-05,0,0,0,8.05E-05,0,0,0,0,0.001594049,0,0,0,0,0,0,3.22E-05,0,0.000386436,0,0,0.032557241,0,0.001513541,0.003091489,1.61E-05,1.61E-05,0,0.083518501,0,0.004105883,0.017148102,0.098734422,0.00310759,0.341899333,0,0.026036132,0,0,0,0,0,0,0,0,0,0,0,0,0,0,0,0,0,0,0.005683831,0,0,0,0,0,0,0.003896564,0.072183042,0,0,0,0.01701929,0,0.000225421,0,0,0,0,0,0,0,0,0,0,0,0,0,0,0
B160T2L7.03,0.00017061,0,0,0,0,0,1.14E-05,0,0,0,0,0,0,0,2.27E-05,0,0,0,0,1.14E-05,0,0,0.006642402,0.0991697,0,0,0,0,0,0.002149682,0,0,0,0,0,0,0,0,0,0,0,0,5.69E-05,3.41E-05,0,0,0,0,0.000250227,0,0,0,0,0,0,0,0,0.005698362,0,0,0.007017743,0,0.026353503,0,0.000216106,0.003537307,0,0.111146497,0,0.015059145,0.03283667,0.395848499,0.000386715,0.130880346,0.000909918,0,0,0,0,0,0,0,0,0,0,0,0,0,0,0,3.41E-05,0,0,0,0,0,0,0,0,0,0,0,0.000284349,0,0,0,0.160043221,0,0.000932666,0.000295723,0,0,0,0,0,0,0,0,0,0,0,0,0,0
B160SZ50.03,0,0,0,0.000193058,0.000206848,0,0,0,0,0,0,0,0,0,1.38E-05,0,0,0,0,5.52E-05,0,0,0.00215122,0.036253568,0,0,0,0,0.119075527,0.004412758,0.00743274,0.037687715,0,0,0,0,0,0,0,0.002413227,0,0,0,0,0,0,0,0,8.27E-05,0,0,0,0,0,0,0,0,5.52E-05,1.38E-05,0,0.002537336,0,0.003240619,0.000165478,9.65E-05,0.000537805,0,0.267289049,0,0.003447467,0.075237531,0.41786064,0.001296248,0.005653847,8.27E-05,0.002358068,0,0,0,0,0,0,0,0,0,0,0,0,0,0,0,0,0,0,0.005640057,0,0,0,0,0,0,0.001282458,0.00103424,0,0,0,0.002040901,0,1.38E-05,0,0,0,0,0,0,0,0,0,0,0,0.000137899,0,0,0
K160SJSS.03,0,0,0,0.000832797,0.002254103,0,0.00101046,0,0,0,0,0,0,0,0,0,0,0,0,1.11E-05,0,0,0.000388638,0.009771481,0,0,0,0,0.084001421,0.007095427,0.003830865,0.044537964,0,0,0,0,0,0,0,0.000177663,0,0,0,4.44E-05,0,0,0,0,0.000910524,0,0,0,0,0,0,0,1.11E-05,0,0,0,0.011603633,0,0.00536321,0.000655133,2.22E-05,7.77E-05,0,0.138532945,0,0,0.061649159,0.324191077,0.00106598,0.160685336,0.000144351,0.0019654,0,0,0,0,0,0,0,0,0,0,0,0,0,0,0,0,0,0,0.011437074,0,0,0,0,0,0,0.004497102,0.016156255,0,0,0,0.061316041,0,0.045148682,0,0,0,0,0,0,0,0,0,0,0,0.000610718,0,0,0
D160TBMP.03,0,0,0,0.001434418,0.000784149,0,3.83E-05,0,0,0,0,0,0,0,0,0,0,0,0,0.000248633,0,0,0.000191256,0.017232146,0,0,0,0,0.096507669,0.002734958,0.02712007,0.024633745,0,0,0,0,0,0,0,0.000210381,0,0,0,0,0,0,0,0,0,0,0,0,0,0,0,0,0,0.000210381,3.83E-05,0,0.057261982,0,0.000765023,0.014898826,9.56E-05,0.000133879,0.000133879,0.212580806,0,0.058925908,0.053915006,0.07569904,0.003251348,0.145201392,1.91E-05,0.117928317,0,0,0,0,0,0,0,0,0,0,0,0,0,0,0,0,0,0,0.010117431,0,0,0,0,0,0,0.008855143,0.010748575,0,0,0,0.000229507,0,0.01206824,0,0,0,0,0.045691007,0,0,0,0,0,0,9.56E-05,0,0,0
E160SYKG.03,1.34E-05,0,0,0.007831502,0.002739689,0,5.35E-05,0,0,0,0,0,0,0,0,0,0,0,0,2.67E-05,0,0,0.080239489,0.005532836,0,0,0,0,0,0.062692112,0.030069762,0,0,0,0,0,0,0,0,0,0,0,0,1.34E-05,0,0,0,0,1.34E-05,0,0,0,0,0,0,0,0,6.68E-05,0,0,0.01506161,1.34E-05,0.006789084,0,0.030256863,0.032141234,0,0.26490792,0,0.051746719,0.029548553,0.043995403,0,0.301633122,0.008820463,0,0,0,0,0,0,0,0,0,0,0,0,0,0,0,0,0,0,0,0,0,0,0,0,0,0,0.000601395,0.001710635,0,0,0,0.023481143,0,0,0,0,0,0,0,0,0,0,0,0,0,0,0,0,0
C160QYN5.03,0.000931428,0,0,0,0,0,0,0,0,0,0,0,0,0,0,0,0,0,0,0.00050698,0,0,0.000117902,0.001367666,0,0,0,0,0,0,1.18E-05,0,0,0,0,0,0,0,0,0,0,0,0.000129693,0.000141483,0,0,0,0,1.18E-05,0,0,0,0,0,0,0,0,0.014112903,0,0,0,0,0.034899076,0,0,0.0237691,0,0,0,0,0,0.200233447,0,0.440447557,0,1.18E-05,0,0,0,0,0,0,0,0,0,0,0,0,0,0,0,0,0,0,0,0,1.18E-05,0,0,0,0,0,0.008418223,0,0,0,0.264042162,0,0.010587625,0,1.18E-05,0,0,0,0,0,0,0,0.000235805,0,0,0,0,0
G160SRKH.03,0.000150568,0,0,0.002303696,0.000451705,0,0,0,0,0,0,0,0,0,0,0,0,0,0,7.53E-05,0,0,0.151727772,0.025988105,0,0,0,0,0,0.031935557,0.001159377,0,0,0,0,0,0,0,0,0,0,0,0,0,0,0,0,0,3.01E-05,0,0,0,0,1.51E-05,0,0,0,0.003628698,0,0,0.002168185,0,0.030309418,0,0,0.013505985,0,0.405796883,0,0.011322743,0.020733268,0.154483174,0,0.09204246,0.001099149,1.51E-05,0,0,0,0,0,0,0,0,0,0,0,0,0,0,0,0,0,0,0,0,0,0,0,0,0,0.003658812,0.000767899,0,0,0,0.046631032,0,0,0,0,0,0,0,0,0,0,0,0,0,0,0,0,0
C160QX72.03,0.000164553,0,0,0,0.024861159,0,0.000123414,0,0,0,0,0,0,1.37E-05,0,0,0,0,0,0.000479945,0,0,0,0,0,0,0,0,0,0,6.86E-05,0,0,0,0,0,0,0,0,0,1.37E-05,0,0,0.00015084,0,0,0.000123414,0,0.000521083,0,0,0,1.37E-05,0,0,0,0,0.083291052,0.000191978,0,8.23E-05,0,0,0,0,0.062859102,0,0,0,0,0,0.454809736,0,0.085265684,0,0,0,0,0,0,0,0,0,0,0,0,0,0,0,0,0,0,0,0,0,0,0,0,0,0,0,0,0,0,0,0,0.286732945,0,6.86E-05,0,0.000164553,0,0,0,0,0,0,0,0,0,0,0,0,0
C160SRJG.03,3.36E-05,0,0,0.00815751,0.001997415,0,0,0,0,0,0,0,0,0,0,0,0,0,0,1.68E-05,0,0,0.010943821,0.00547191,0,0,0,0,0,0.00046998,0,0,0,0,0,0,0,0,0,0,0,0,0,0,0,0,0,0,0,0,0,0,0,0,0,0,0,0.002970945,0,0,0.000990315,0,0.032915387,0,1.68E-05,0.00876177,0,0.111519546,0,0.059838528,0.014485456,0.450945835,0,0.161807409,0.000386055,0,0,0,0,0,0,0,0,0,0,0,0,0,0,0,0,0,0,0,0,0,0,0,0,0,0,0,0,0,0,0,0.128237407,0,3.36E-05,0,0,0,0,0,0,0,0,0,0,0,0,0,0,0
C160W558.03,8.14E-05,0,0,0.004751005,0.00029503,0,0.002248334,0,0,0,0,0,0,5.09E-05,3.05E-05,0,0,0,0,0,0,0,0.000142428,0.015779033,0,0,0,0,0.096291775,2.03E-05,0.133445241,0.000478153,0,0,0,0,0,0,0,0,0,0,0,0.000223816,0,0,0,0,0.000773183,0,0,0,0,0.000172949,0,1.02E-05,8.14E-05,0.027112264,0,2.03E-05,0.000925785,0,0.028648456,0,0,0.004639097,0.005381759,0.126649372,0,0.0552317,0.015982502,0.015433135,3.05E-05,0.323424386,0.000213643,3.05E-05,0,0,0,0,0,0,0,0,0,0,0,0,0,0,0,0,0,0,0.008362582,0,0,0,0,0,0,0,0.000132255,0,0,0,0.122040796,0,0.010234498,0,0.000620581,0,0,0,0,0,0,0,1.02E-05,0,0,0,0,0
B160QGVP.03,0.010555213,0,0,2.94E-05,1.47E-05,0,0,0,0,0,0,0,0,0,1.47E-05,0,0,0,0,0,0,0,0.530080155,0.002466308,0,0,0,0,0,8.81E-05,0.000176165,0,0,0,0,0,0,0,0,0,0,0,0,8.81E-05,0,0,0,0,2.94E-05,0,0,0,0,0,7.34E-05,2.94E-05,0,0.001482721,0.017704571,0,0.001321237,0,0,0,0,0.006063008,0,8.81E-05,0,1.47E-05,0,0.277445022,0,0.000278928,0,0.005842802,0,0,0,0,0,0,0,0,0,0,0,0,0,0,0,0,0,0,0,0,0,0,0,0,0,0,0,0,0,0,0.146084735,0,2.94E-05,0,0,0,0,0,0,0,0,0,0,0,0,0,0,0
B160S0BW.03,0.000464416,0,0,0.006558115,0.025205117,0,0,0,0,0,0,0,0,0,0,0,0,0,0,0.000154805,0,0,0.027625709,0.010780078,0,0,0,0,0,0.000365903,0.007768411,0,0,0,0,0,0,0,0,0,0,0,0,2.81E-05,0,0,0.001562126,0,7.04E-05,0,0,0,0,2.81E-05,2.81E-05,0,1.41E-05,0.044218022,0,0,0.000858466,0,0.031369182,0,0,0.007247703,0,0.275539356,0,0,0.093755717,0.024684408,1.41E-05,0.238653475,0,0.001224369,0,0,0,0,0,0,0,0,0,0,0,0,0,0,0,0,0,0,0,0,0,0,0,0,0,0.001477687,0,0,0,0,0.200303981,0,0,0,0,0,0,0,0,0,0,0,0,0,0,0,0,0
E160R9VS.03,4.12E-05,0,0,0.038476975,0.043786982,0,0,0,0,0,0,0,0,0,0,0,0,0,0,0.000226396,0,0,0.033383072,0.002233085,0,0,0,0,0,0.000216105,0,0,0,0,0,0,0,0,0,0,0,0,3.09E-05,0,0,0,0.000102907,0,2.06E-05,0,0,0,0,0,0,0,1.03E-05,0.010774376,0,0,1.03E-05,0,0.023637767,0,0,0.061620787,0,0.002675585,0,0,0.007965012,0.264378698,0,0.478775405,0,0,0,0,0,0,0,0,0,0,0,0,0,0,0,0,0,0,0,0,0,0,0,0,0,0,0,0.000267559,0,0,0,0,0.031314639,0,5.15E-05,0,0,0,0,0,0,0,0,0,0,0,0,0,0,0
H160QC64.03,0.004620314,0,0,0,0,0,0,0.000195362,0,0,0,0,0,0,0,0,0,0,0,0.000175826,0,0,0.37607205,0.004620314,0,0,0,0,0,0,0.008635005,0,0,0,0,0,0,0,0,0,0,0,0,3.91E-05,0,0,0,0,0.000742376,0,0,0,9.77E-06,0.001416375,0,0,0,0.005255241,4.88E-05,0,0.0040733,0,0,0,0,0.073065427,0,9.77E-06,0,9.77E-06,0,0.16346924,0,9.77E-06,0,0.006720456,0,0,0,0,0,0,0,0,0,0,0,0,0,0,0,0,0,0,0,0,0,0,0,0,0,0,9.77E-06,0,0,0,0.345517417,0,0.005284545,0,0,0,0,0,0,0,0,0,0,0,0,0,0,0
J160QX65.03,0.00033997,0,0,0,0,0,0,0,0,0,0,0,0,0,0,0,0,0,0,3.19E-05,0,0,0,0.009731636,0,0,0,0,0,0,3.19E-05,0,0,0,0,0,0,0,0,0,0,0,0,0.000669316,0,0,0,0,0,0,0,0,0,0,0,0,0,0.033688885,0,0,2.12E-05,0,0.000382466,0,0,0.002921616,0,0,0,0,0,0.33560334,0,0.158128466,0,0,0,0,0,0,0,0,0,0,0,0,0,0,0,0,0,0,0,0,0,0,0,0,0,0,0,0,0.002815375,0,0,0,0.454486539,0,0.000966789,0,0.000180609,0,0,0,0,0,0,0,0,0,0,0,0,0
J160T95F.03,8.91E-05,0,0,1.27E-05,3.82E-05,0,0,0,0,0,0,0,0,0,1.27E-05,0,0,0,0,2.55E-05,0,0,0.058204224,0.013647185,0,0,0,0,0,0.000381917,6.37E-05,0,0,0,0,0,0,0,0,0,0,0,0,1.27E-05,0,0,0,0,0.000127306,0,0,0,0,0,0,0,0,0.012870619,0,0,0.019808787,0,0.027943629,0.005919721,1.27E-05,0.00393375,0,0.163053303,0,0.01965602,0.050133035,0.471528052,0,0.047395959,0.00066199,0,0,0,0,0,0,0,0,0,0,0,0,0,0,0,2.55E-05,0,0,0,0,0,0,0,0,0,0,0.000305534,0,0,7.64E-05,0,0.094422732,0,0,2.55E-05,0,0,0,0,0,0,0,0,0,0,0.00961159,0,0,0
A160QF7X.03,0.012462887,0,0,0,0.000246441,0,1.17E-05,0,0,0,0,0,0,0,3.52E-05,0,0,0,0,0,0,0,0.326170889,0.012650652,0,0,0,0,0,0,0.001267412,0,0,0,0,0,0,0,0,0,0,0,0,1.17E-05,0,0,0,0,0.000105618,0,0,0,0,4.69E-05,0,0.000152559,0,0.0009975,0.007686621,0,0.003062913,0,0,0,0,0.003262413,0,1.17E-05,0,0,0,0.355790783,0,0,0,0.001678148,0,0,0,0,0,0,0,0,0,0,0,0,0,0,0,0,0,0,0,0,0,0,0,0,0,0,0,0,0,0,0.274136575,0,0.000211235,0,0,0,0,0,0,0,0,0,0,0,0,0,0,0
K160QMJN.03,0.000170529,0,0,0,0.000331584,0,0.000151581,0,0,0,0,0,0,0,9.47E-05,0,0,0,0,3.79E-05,0,0,0.008469598,0.000341058,0,0,0,0,0,0,0.143566326,0,0,0,0,0,0,0,0,0,0,0,0,6.63E-05,0,0,0,0,0.000502113,0,0,0,0,0,0,0,0,0.003211626,5.68E-05,0,0.001781079,0,0,0,0,0.000293689,0,9.47E-06,0,0,0,0.496153628,0,3.79E-05,0,0.011207534,0,0,0,0,0,0,0,0,0,0,0,0,0,0,0,0,0,0,0,0,0,0,0,0,0,0,0,0,0,0,0.330560661,0,0.002955833,0,0,0,0,0,0,0,0,0,0,0,0,0,0,0
C160QL7D.03,0.00042324,0,0,0,0,0,0.000628447,0.000448891,0,0,0,0,0,0,1.28E-05,0,0,0,0,8.98E-05,0,0,0.055752212,0.006835963,0,0,0,0,0,1.28E-05,0.045081442,0,0,0,0,0,0,0,0,0,0,0,0,1.28E-05,0,0,0,0,0.000461716,0,0,0,0,0,0,0,0,0.001885341,0.002334231,0,0.000500192,0,0,0,0,0.024663332,0,3.85E-05,0,1.28E-05,1.28E-05,0.63683468,0,0.058676414,0,0.012120046,0,0,0,0,0,0,0,0,0,0,0,0,0,0,0,0,0,0,0,0,0,0,0,0,0,0,0.000718225,0,0,0,0.141836604,0,0.010606644,0,0,0,0,0,0,0,0,0,0,0,0,0,0,0
G160T2M4.03,1.32E-05,0,0,3.96E-05,0.000237589,0,0,0,0,0,0,0,0,0,0,0,0,0,0,0,0,0,0.074233445,0.042752868,0,0,0,0,0,0.00199311,0.000237589,0,0,0,0,0,0,0,0,0,0,0,0,0,0,0,0,0,0,0,0,0,0,0,0,0,0,0.00133314,0,0,0.004553794,0,0.010269136,0,0.000475179,0.002059107,0,0.29314555,0,0.010189939,0.029936247,0.482636185,0,0.013001412,0.00065997,6.60E-05,0,0,0,0,0,0,0,0,0,0,0,0,0,0,0,0,0,0,0,0,0,0,0,0,0,0.000263988,0,0,1.32E-05,0,0.030833806,0,2.64E-05,0.000910759,0,0,0,0,0,0,1.32E-05,0,0,0,0.000105595,0,0,0
C160VFKP.03,6.11E-05,0,0,0.01861503,0.002002109,0,0.00177286,0.001528328,0,0,0,0,0,0,0,0,0,0,0,0,0,0,0.001467194,0.008635051,0,0,0,0,0.034647186,0,0.025874585,7.64E-05,0,0,0,0,0,0,0,0,0,0,0,4.58E-05,0,0,0,0,0,0,0,0,0,0,0,0,0,0.019944675,0,0,0.000122266,0,0.031942046,0,0,0.000519631,0.001665877,0.066375266,0,0.054225062,0.004050068,0.395149088,0.000259816,0.219987468,0.000229249,0.000519631,0,0,0,0,0,0,0,0,0,0,0,0,0,0,0,0,0,0,0.010728859,0,0,0,3.06E-05,0,0,0,3.06E-05,0,0,0,0.098989775,0,0.000504348,0,0,0,0,0,0,0,0,0,0,0,0,0,0,0
H160WS9F.03,1.30E-05,0,0,0.007472499,0.080609256,0,0.006756493,0,0,0,0,0,0,0,1.30E-05,0,0,0,0,2.60E-05,0,0,0.003436829,0.035357678,0,0,0,0,0.049847035,1.30E-05,0.091974224,9.11E-05,0,0,0,0,0,0,0,0,0,0,0,1.30E-05,0,0,0,0,0.000156219,0,0,0,0,3.91E-05,0,0,0,0.001835579,0.00045564,0,0.001991798,0,0.026309966,0,0,0.011768535,0.0010675,0.05856929,0,0.058621363,0.003358719,0.084488707,6.51E-05,0.428523075,0.000130183,0,0,0,0,0,0,0,0,0,0,0,0,0,0,0,0,0,0,0,0.001861616,0,0,0,0,0,0,0,0,0,0,0,0.045095359,0,0,0,3.91E-05,0,0,0,0,0,0,0,0,0,0,0,0,0
K160SYDC.03,2.51E-05,0,0,0,0.012075207,0,0,0,0,0,0,0,0,0,0,0,0,0,0,0.002805857,0,0,0.000375784,0.038730851,0,0,3.76E-05,0,2.51E-05,0,0.139603923,1.25E-05,0,0,0,0,0,0,0,0,0,0,0,5.01E-05,0,0,0,0,0.000638834,0,0,0,0,0,0,0,0,0.021570027,0,0,0.007766212,0,1.25E-05,0,0,0.00975787,0,8.77E-05,0,0,0,0.296694349,0,0.217353726,0,0,0,0,0,0,0,0,0,0,0,0,0,0,0,0,0,0,0,0,0,0,0,0,0.000313154,0,0,0,0,0,0,0,0.251988526,0,7.52E-05,0,0,0,0,0,0,0,0,0,0,0,0,0,0,0
E160W921.03,2.99E-05,0,0,0.019704102,7.47E-06,0,0.000119555,0,0,0,0,0,0,0,0,0,0,0,0,7.47E-06,0,0,0,0.037981021,0,0,0,0,0.038122992,0,0.261697676,0.00010461,0,0,0,0,0,0,0,0,0,0,0,7.47E-06,0,0,0,0,7.47E-06,0,0,0,0,0,0,7.47E-06,0,0.004363745,0,7.47E-06,0.000231637,0,0.019838601,0,0,0.00062019,0.001180602,0.098199208,0,0.076918479,0.007531944,0.081551222,0,0.259478443,0.000112082,0,0,0,0,0,0,0,0,0,0,0,0,0,0,0,0,0,0,0,0.005992677,0,0,0,0,0,0,0,0,0,0,0,0.080796533,0,0.005185683,0,0.000186804,7.47E-06,0,0,0,0,0,0,0,0,0,0,0,0
J160Q2CZ.03,0.000102785,0,0,0,0,0.000822284,0,0,0,0,0,0,0,0,0,0,0,0,0,0,0,0,0.007708912,0,0,0,0,0,0,0,0,0,0,0,0,0,0,0,0,0,0,0,0,0,0,0,0,0,0.028985507,0,0,0,0,0,0,0,0,0.000308356,0.000102785,0,0.008120053,0,0,0,0,0.000411142,0,0.002877994,0,0,0,0.350190153,0,0.000308356,0,0.000205571,0,0,0,0,0,0,0,0,0,0,0,0,0,0,0,0,0,0,0,0,0.001747353,0,0,0,0,0,0,0,0,0,0.128070716,0,0,0,0.000205571,0,0,0,0,0,0,0,0.46983246,0,0,0,0,0
K160WS3N.03,0,0,0,0.001976339,0.003403695,0,0.00096072,0,0,0,0,0,0,0,0,0,0,0,0,0,0,0,0.019681041,0.009332711,0,0,0,0,0.205703933,0,0.025390464,0.001152864,0,0,0,0,0,0,0,0,2.74E-05,0,0,2.74E-05,0,0,0,0,2.74E-05,0,0,0,0,8.23E-05,0,0,0.000109797,0.000878373,0.000274492,2.74E-05,0.002223381,0,0.052812165,0,0.000494085,2.74E-05,0.008262194,0.455848042,0,0.011995279,0.026982515,0.006670144,2.74E-05,0.118003898,0.000466636,0,0,0,0,0,0,0,0,0,0,0,0,0,0,0,0,0,0,0,0.025610057,0,0,0,0,0,0,0,2.74E-05,0,0,0,0.020916253,0,5.49E-05,0,0.000192144,0,0,0,0,0.000219593,0.000109797,0,0,0,0,0,0,0
A160Q1FC.03,0,0,0,1.64E-05,0,0,0,0,0,0,0,0,0,0,0.000507722,0,0,0,0,6.55E-05,0,0,6.55E-05,0,0,0,0,0,1.64E-05,0,1.64E-05,0,0,0,0,0,0,0,0,0,0,0,0,0.001588679,0,0,0,0,0.06598752,0,0,0,0.000212916,0,0,0,0,0.006764171,0,0,4.91E-05,0,0,0,0,0.000507722,0,4.91E-05,0,1.64E-05,1.64E-05,0.155657828,0,4.91E-05,0,0,0,0,0,0,0,0,0.000163781,0,0,0,0,0,0,0,0,0,0,0,0,0,0,0,0,0,0,0,0,0,0,0,0.764760797,0,0,0,0,0,0,0,0,0,0,0,0.003488543,0,0,0,0,0
E160QT0M.03,0.000177378,0,0,0,9.85E-06,0,0,0,0,0,0,0,0,0,0,0,0,0,0,0.049675792,0,0,1.97E-05,0,0,0,0,0,0,0,0,0,0,0,0,0,0,0,0,0,0,0,0,8.87E-05,0,0,0,0,0.000502572,0,0,0,0,1.97E-05,0,0,0,0.025818404,0,0,9.85E-06,0,0,0,0,0.00312383,0,0,0,0,0,0.301080037,0,0.438705926,0,0,0,0,0,0,0,0,0,0,0,0,0,0,0,0,0,0,0,0,0,0,0,0,0,0,0,0,0,0,0,0,0.180157275,0,0.000591261,0,1.97E-05,0,0,0,0,0,0,0,0,0,0,0,0,0
C160R1LL.03,0,0,0,0.000992217,7.23E-05,0,1.03E-05,0,0,0,0,0,0,0,0,0,0,0,0,0,0,0,0.170795738,0.008836935,0,0,0,0,0.126300993,0.005271154,0.069196821,0.002025777,0.00086819,0,0,0,0,0,0,0,0,0,0,1.03E-05,0,0,0,0,1.03E-05,0,0,0,0,0,0,0,0,0,0,0,0.001167922,0,0.000599465,2.07E-05,0,2.07E-05,0.002170475,0.228633737,0,0.007327938,0.014335473,0.200510578,0,0.051223218,0.000124027,0.061744855,0,0,0,0,0,0,0,0,0,0,0,0,0,0,0,0,0,0,0.01497628,0,0,0,0,0,0,0.002025777,0.00234618,0,0,0,0.028278193,0,0,0,0,0,0,0,0,0,0,0,0,0,0.000103356,0,0,0
K160RQGH.03,4.62E-05,0,0,0.005261943,0.000911609,0,2.31E-05,0,0,0,0,0,0,0,0,0,0,0,0,1.15E-05,0,0,0.105296561,0.0163051,0,0,0,0,0.011897069,0.006196631,0.165093469,0.000426956,0.003657974,0,0,0,0,0,0,0,0,0,0,0,0,0,0,0,0.000242326,0,0,0,0,0,0,0,0,0,0,0,0.001892453,0,0.002446342,0.00053081,9.23E-05,0,0.00034618,0.041322409,0,0.035564274,0.009958458,0.051430879,0.013697207,0.489383799,2.31E-05,0.014735749,0,0,0,0,0,0,0,0,0,0,0,0,0,0,0,0,0,0,0.009969998,0,0,0,1.15E-05,0,0,0.003323333,0.00407339,0,0,0,0.005827371,0,0,0,0,0,0,0,0,0,0,0,0,0,0,0,0,0
F160QPHJ.03,0.000101177,0,0,0,0,0,0,1.26E-05,0,0,0,0,0,0,0,0,0,0,0,0.023119048,0,0,0,0,0,0,0,0,0,3.79E-05,0,0,0,0,0,0,0,0,0,0,0,0,0,0.000101177,0,0,0,0,0.000556476,0,0,0,0,5.06E-05,0,0,0,0.039383323,0,0,0.004540338,0,0,0,0,0.000126472,0,7.59E-05,0.000126472,0,2.53E-05,0.011698643,1.26E-05,0.025812898,1.26E-05,0,0,0,0,0,0,0,0,0,0,0,0,0,0,0,0,0,0,0,0,0,0,0,0,0,0,0,0,0,0,0,0.894206326,0,0,0,0,0,0,0,0,0,0,0,0,0,0,0,0,0
J160QGRC.03,0.00010696,0,0,8.91E-06,8.91E-06,0,0,8.91E-06,0,0,0,0,0,0,0,0,0,0,0,0.035876318,0,0,8.02E-05,0,0,0,0,0,3.57E-05,0,8.91E-06,8.91E-06,0,0,0,0,0,0,0,0,0,0,0,0.000231748,0,0,0,0,0.001221132,0,0,0,1.78E-05,0,0,0,0,0.013548324,0,0,0.009679921,0,1.78E-05,0,0,0,0,5.35E-05,0,8.91E-06,8.91E-06,0.69674038,0,0.00087351,0,0,0,0,0,0,0,0,0,0,0,0,0,0,0,0,0,0,0,0,8.91E-06,0,0,0,0,0,0,0,0,0,0,0,0.241445392,0,0,0,0,0,0,0,0,0,0,0,0,0,0,0,0,0
B160QM2M.03,0.000120875,0,0,0,0,0,2.79E-05,0,0,0,0,0,0,0,0,0,0,0,0,0.000120875,0,0,0,0,0,0,0,0,0,0,3.72E-05,0,0,0,0,0,0,0,0,0,0,0,0,0.00019526,0,0,0,0,0.00024175,0,0,0,0,0,0,0,0,0.014625891,0,0,0,0,0,0,0,0,0,9.30E-06,0,0,0,0.511869009,0,9.30E-06,0,0,0,0,0,0,0,0,0,0,0,0,0,0,0,0,0,0,0,0,0,0,0,0,0,0,0,0,0.000753145,0,0,0,0.46990674,0,0.001366819,0,0.000576481,0.000139471,0,0,0,0,0,0,0,0,0,0,0,0
H160QSL1.03,0.000904686,0,0,0,0,0,0,0,0,0,0,0,0,0,1.04E-05,0,0,0,0,0.000135183,0,0,0,0,0,0,0,0,0,0,0,0,0,0,0,0,0,0,0,0,0,0,0,0.000831895,0,0,0,0,0.000436745,0,0,0,0,0,0,0,0,0.143408273,0,0,5.20E-05,0,0,0,0,0,0,0,0,0,0,0.575099307,0,0,0,0,0,0,0,0,0,0,0,0,0,0,0,0,0,0,0,0,0,0,0,0,0,0,0,0,0,0,0.001653391,0,0,0,0.275502776,0,0.001632594,0,0.000311961,2.08E-05,0,0,0,0,0,0,0,0,0,0,0,0
D160Q7CX.03,0.000132745,0,0,0,0,0,1.11E-05,0.000597352,0,0,0,0,0,0,0,0,0,0,0,1.11E-05,0,0,0.000232303,0.000940276,0,0,0,0,0,0,5.53E-05,0,0,0,0,0,0,0,0,0,0,0,0,0.001515503,0,0,0,0,0.03448047,0,0,0,0.000353986,0,0,0,0,0.01972367,0,0,0.233852144,0,0,0,0,0.005752276,0,1.11E-05,0,1.11E-05,0,0.316010133,1.11E-05,0.000176993,0,0,0,0,0,0,0,0,0,0,0,0,0,0,0,0,0,0,0,0,0,0,0,0,0,0,0,0,0,0,0,0,0.385468866,0,0.000652662,0,0,0,0,0,0,0,0,0,0,0,0,0,0,0
J160QKDT.03,1.00E-05,0,0,0,0,0,0,0,0,0,0,0,0,0,0,0,0,0,0,0.000672056,0,0,0,0,0,0,0,0,0,0,0,0,0,0,0,0,0,0,0,0,0,0,0,5.02E-05,0,0,0,0,0.002758441,0,0,0,5.02E-05,0,0,0,0,0.001484543,0,0,5.02E-05,0,0,0,0,0,0,0,0,0,0,0.471593075,0,1.00E-05,0,0,0,0,0,0,0,0,0,0,0,0,0,0,0,0,0,0,0,0,0,0,0,0,0,0,0,0,0,0,0,0,0.522248079,0,7.02E-05,0.000832548,0.000100307,7.02E-05,0,0,0,0,0,0,0,0,0,0,0,0
J160QV3F.03,0.000230791,0,0,8.24E-06,8.24E-06,0,0,0,0,0,0,0,0,0,0,0,0,0,0,0.000585219,0,0,8.24E-06,0,0,0,0,0,0,0,6.59E-05,0,0,0,0,0,0,0,0,0,0,0,0,0.000280246,0,0,0,0,0.000560492,0,0,0,8.24E-06,0,0,0,0,0.042366595,0,0,0,0,0,0,0,0,0,8.24E-06,0,0,0,0.594030761,0,0.000148366,0,8.24E-06,0,0,0,0,0,0,0,0,0,0,0,0,0,0,0,0,0,0,0,0,0,0,0,0,0,0,0.000585219,0,0,0,0.353357182,0,0.007632581,0,9.89E-05,0,0,0,0,0,0,0,0,0,0,0,0,8.24E-06
B160QSHB.03,0,0,0,0.007770886,0,0,2.83E-05,0,0,0,0,0,0,0,0,0,0,0,0,0.00012716,0,0,0.014383204,0.007064442,0,0,0,0,0,0.089449963,0.166734956,0,0,0,0,0,0,0,0,0,0,0,1.41E-05,1.41E-05,0,0,0,0,0.000268449,0,0,0,0,0,0,0,0,0.001158568,1.41E-05,0,8.48E-05,0,2.83E-05,0,0,0,0.000409738,0.01467991,0,0,0.001794368,0.490682001,1.41E-05,0.10290066,0.000155418,0.052714865,0,0,0,0,0,0,0,0,0,0,0,0,0,0,0,0,0,0,0,0,0,0,0,0,0,0.003758283,0.00012716,0,0.000536898,0,0.042810518,0,0.002260621,0,0,0,0,0,0,0,0,0,0,0,1.41E-05,0,0,0
A160Q97M.03,2.71E-05,0,0,0,4.07E-05,0,0,0.000718488,0,0,0,0,0,0,0,0,0,0,0,4.07E-05,0,0,0.000271128,0.006222379,0,0,0,0,0,4.07E-05,0.010763767,0,0,0,0,0,0,0,0,0,0,0,0,9.49E-05,0,0,0,0,2.71E-05,0,0,0,0,0,0,0,0,0.003578885,1.36E-05,0,0.000216902,0,2.71E-05,0,0,0.026082477,0,0.000325353,0,0,1.36E-05,0.20358973,1.36E-05,0.000203346,0,0.020456579,0,0,0,0,0,0,0,0,0,0,0,0,0,0,0,0,0,0,0,0,0,0,0,0,0,1.36E-05,0.000122007,0,0,0,0.723761625,0,0.00333487,0,0,0,0,0,0,0,0,0,0,0,0,0,0,0
E160QPFQ.03,0.000533948,0,0,0,0,0,0,0,0,0,0,0,0,0,0,0,0,0,0,0.000946545,0,0,0.000315515,2.43E-05,0,0,0,0,0,0.000206298,7.28E-05,0,0,0,0,0,0,0,0,0,0,0,0,0.007171895,0,0,0,0,0.160621322,0,0,0,0.002560524,0,0,0,0,0.048613555,0,0,0,0,0.000121352,0,0,0,0,0.000424732,0,0,0.000279109,0.108330805,0,0.000570354,0,1.21E-05,0,0,0,0,0,0,0,0,0,0,0,0,0,0,0,0,0,0,3.64E-05,0,0,1.21E-05,0,0,0,0,0.026988654,0,0,0,0.640774225,0,0.000995085,0,0.000376191,0,0,0,0,0,0,0,0,0,0,0,0,1.21E-05
G160Q69Y.03,0,0,0,0,8.35E-06,0,0,0,0,0,0,0,0,0,0,0,0,0,0,0,0,0,0,0,0,0,0,0,0,0,0,0,0,0,0,0,0,0,0,0,0,0,0,0.025802733,0,0,0,0,0.441244278,0,0,0,0.010224197,0,0,0,0,3.34E-05,0,0,0.000150356,0,0,0,0,0,0,8.35E-06,0,0,0,0,0,8.35E-06,0,0,0,0,0,0,0,0,0,0,0,0,0,0,0,0,0,0,0,0,0,0,0,0,0,0,0,0,0,0,0,0,0.519955561,0,9.19E-05,0,5.85E-05,0.002414047,0,0,0,0,0,0,0,0,0,0,0,0
K160QLY3.03,0.000394016,0,0,0,0,0,0,0.000668633,0,0,0,0,0,0,0,0,0,0,0,0.049478825,0,0,0,0,0,0,0,0,0,0,1.19E-05,0,0,0,0,0,0,0,0,0,0,0,0.000680573,0.000131339,0,0,0,0,0.000250737,0,0,0,1.19E-05,0,0,0,0,0.028775089,0,0,0.00366554,0,1.19E-05,0,0,0.004525211,0,3.58E-05,0.061156018,0,2.39E-05,0.214583358,0,0.386111542,0,0,0,0,0,0,0,0,0,0,0,0,0,0,0,0,0,0,0,0,0,0,0,0,0,0,0,0,0,0,0,0,0.248982126,0,0.000370136,0,7.16E-05,5.97E-05,0,0,0,0,0,0,0,0,0,0,0,0
E160QV4B.03,0.000566666,0,0,0,0,0,0,0,0,0,0,0,0,0,0,0,0,0,0,0.104168906,0,0,0,0,0,0,0,0,0,0,0,0,0,0,0,0,0,0,0,0,0,0,0,0.000312643,0,0,0,0,0.000332184,0,0,0,0,0,0,0,0,0.043945952,0,0,9.77E-06,0,0,0,0,0.003419538,0,0,2.93E-05,0,0,0.214395279,0,0.333854406,0,0,0,0,0,0,0,0,0,0,0,0,0,0,0,0,0,0,0,0,0,0,0,0,0,0,0,0,0,0,0,0,0.298349829,0,0.000605747,0,9.77E-06,0,0,0,0,0,0,0,0,0,0,0,0,0
D160TFQB.03,0.000359219,0,0,0.001104267,0.004350545,0,0,0.001343746,0,0,0,0,0,0,0,0,0,0,0,0,0,0,0.023708474,0.000199566,0,0,0,0,0,7.98E-05,0.049226348,0,0,0,0,0,0,0,0,0,0,0,2.66E-05,0,0,0,0,0,1.33E-05,0,0,0,0,0.000106435,0,0,0,0.015765736,0,0,0.000745047,0,0.062810159,0,0,0,0,0.044489975,0,1.33E-05,0.00011974,0.2475154,0,0.059963014,0,1.33E-05,0,0,0,0,0,0,0,0,0,0,0,0,0,0,0,0,0,0,0,0,0,0,0,0,0,0,0,0,0,0,0.487806501,0,0,0,0,0,0,0,0,0.00023948,0,0,0,0,0,0,0,0
D160SJDG.03,7.96E-05,0,0,9.95E-06,0.002408823,0,0,1.99E-05,0,0,0,0,0,0,0,0,0,0,0,0,0,0,4.98E-05,9.95E-06,0,0,0,0,0,0,0.203844163,0,0,0,0,0,0,0,0,0,0,0,0,0.000119446,0,0,0,0,0.000139353,0,0,0,0,0,0,0,0,0.131450072,0,0,3.98E-05,0,0,0,0,0,0,0.000109492,0,2.99E-05,2.99E-05,0.036092531,9.95E-06,0.000487737,0,0,0,0,0,0,0,0,0,0,0,0,0,0,0,0,0,0,0,0,0,0,0,0,0,0,0,0,9.95E-06,0,0,0,0.625049769,0,0,0,0,0,0,0,0,0,0,0,9.95E-06,0,0,0,0,0
G160QKHJ.03,0.000675971,0,0,0,0,0,0,0.000212069,0,0,0,0,0,0,0,0,0,0,0,0.039749758,0,0,0,0,0,0,0,0,0,0,0,0,0,0,0,0,0,0,0,0,0,0,0.000583191,0.001245908,0,0,0,0,0.001285671,0,0,0,3.98E-05,0,0,0,0,0.070539584,0,0,0.002584596,0,0,0,0,0.015640118,0,0,0.016435378,0,0,0.492213077,0,0.016700465,0,0,0,0,0,0,0,0,0,0,0,0,0,0,0,0,0,0,0,0,0,0,0,0,0,0,0,0,0,0,0,0,0.342067942,0,0,0,0,2.65E-05,0,0,0,0,0,0,0,0,0,0,0,0
B160SZ8D.03,0.001002777,0,0,0,0.009626658,0,0,0,0,0,0,0,0,0,0,0,0,0,0,0.023048442,0,0,0.005414995,0.017941993,0,0,0,0,6.17E-05,0,0.040759025,0,0,0,0,0,0,0,0,0,0,0,0.000293119,0.000123419,0,0,0,0,0.000539957,0,0,0,0,0,0,0,0,0.013128664,0,0,4.63E-05,0,0,1.54E-05,0,0.007636532,0,0.000107991,0,4.63E-05,3.09E-05,0.367864857,0,0.359333539,0,0.000323974,0,0,0,0,0,0,0,0,0,0,0,0,0,0,0,0,0,0,1.54E-05,0,0,0,0.004412218,0,0,0,0,0,0,0,0.148164147,0,0,0,0,0,0,6.17E-05,0,0,0,0,0,0,0,0,0,0
K160SHMP.03,0.003029018,0,0,0,0,0,1.21E-05,0,0,0,0,0,0,0,0,0,0,0,0,6.06E-05,0,0,0.000145393,1.21E-05,0,0,0,0,0,0,0,0,0,0,0,0,0,0,0,0,0,0,0,0.00712425,0,0,0,0,0.000169625,0,0,0,0,0,0,0,0,0.214963349,0,0,6.06E-05,0,1.21E-05,0,0,0,0,0.000121161,0,0,2.42E-05,0.022753983,0,0.000205973,0,0,0,0,0,0,0,0,0,0,0,0,0,0,0,0,0,0,0,0,0,0,0,0,0,0,0,0,0,0,0,0,0.751305507,0,0,0,0,0,0,0,0,0,0,0,0,0,0,0,0,0
H160STV8.03,0,0,0,0,0.003572687,0,0,0,0,0,0,0,0,0,0,0,0,0,0,0.005350643,0,0,0,0.024958486,0,0,0,0,0,0,0.076317952,0,0,0,0,0,0,0,0,0,0.000100639,0,0,3.35E-05,0,0,0,0,0.000872205,0,0,0,0,0,0,0,0,0.031952901,8.39E-05,0,0,0,0,0,0,0,0,0,0,0,0,0.637883896,0,0.013099851,0,0,0,0,0,0,0,0,0,0,0,0,0,0,0,0,0,0,0,0,0,0,0,0,0,0,0,0,0,0,0,0,0.205706235,0,6.71E-05,0,0,0,0,0,0,0,0,0,0,0,0,0,0,0
E160SWNP.03,1.05E-05,0,0,0,0.000220971,0,0,0,0,0,0,0,0,0,0,0,0,0,0,0.018845688,0,0,0.000915452,0.042100279,0,0,0,0,0,0,0.01548903,0,0,0,0,0,0,0,0,0,0,0,0,2.10E-05,0,0,0,0,2.10E-05,0,0,0,0,0,0,0,0,0.001525754,1.05E-05,0,1.05E-05,0,0,0,0,0.004945546,0,1.05E-05,0,0,0,0.719419161,0,0.123628137,0,0.001662545,0,0,0,0,0,0,0,0,0,0,0,0,0,0,0,0,0,0,0,0,0,0,0.00082075,0,0,0,2.10E-05,0,0,0,0.070195191,0,0.000126269,0,0,0,0,0,0,0,0,0,0,0,0,0,0,0
C160SMD9.03,0,0,0,0,0.002575933,0,0,0,0,0,0,0,0,0,0,0,0,0,0,0.00180005,0,0,0,0,0,0,0,0,0,0,0.004386328,0,0,0,0,0,0,0,0,0,0,0,0,4.14E-05,0,0,0,0,0,0,0,0,0,0,0,0,0,0.095837127,0,0,2.07E-05,0,0,0,0,0,0,0,0,0,0,0.640103865,0,2.07E-05,0,0,0,0,0,0,0,0,0,0,0,0,0,0,0,0,0,0,0,0,0,0,0.000765538,0,0,0,0,0,0,0,0,0,0.254448399,0,0,0,0,0,0,0,0,0,0,0,0,0,0,0,0,0
F160TWTF.03,0,0,0,0,0.001905297,0,0.00406047,0,0,0,0,0,0,0,0,0,0,0.000124938,0,3.12E-05,0,0,3.12E-05,0.012431284,0,0,0,0,0.000156172,3.12E-05,0.007777361,0.000124938,0,0,0,0,0,0,0,0,0.003904298,0,0,0.000124938,0,0,0,0,0.003217141,0,0,0,0,0.004310345,0,0,0,0.401517991,0.000312344,0,0.001186907,0,0.025268616,0,0,0.022426287,0,0.002686157,0,0,0.000156172,0.102261369,0,0.053910545,0,0,0,0,0,0,0,0,0,0,0,0,0,0.001030735,0,0,0,0,0,0,0,0,0,0,0,0,0,0,3.12E-05,0,0,0,0.350637181,0,0.000343578,0,0,0,0,0,0,0,0,0,0,0,0,0,0,0
K160SW51.03,0,0,0,0.003944258,0.009106596,0,0,0,0,0,0,0,0,0,7.25E-05,0,0,0,0,2.90E-05,0,0,0.109960702,0.007772509,0,0,0,0,0.009077595,0.027131277,0.137570511,0,0,0,0,0,0,0,0,0,0,0,0,0,0,0,0,0,5.80E-05,0,0,0,0,0,0,0,0,0.000116008,0,0,0.003799249,0,0.000188512,0.000217514,0,0.012108293,0,0.029813953,0,0.008352547,0.067139398,0.270283204,0.000638042,0.200852656,4.35E-05,0.002233146,0,0,0,0,0,0,0,0,0,0,0,0,0,0,0,0,0,0,0.005568365,0,0,0,0,0,0,0.000406027,0.00533635,0,0,0,0.088180276,0,0,0,0,0,0,0,0,0,0,0,0,0,0,0,0,0
G160S7KJ.03,0,0,0,0,0,0,0,0,0,0,0,0,0,0,0,0,0,0,0,0,0,0,3.46E-05,0,0,0,0,0,0,5.76E-05,0.223742608,0,0,0,0,0,0,0,0,0,0,0,0,0.033638051,0,0,0,0,0.742285036,0,0,0,0,0,0,0,0,0,0,0,6.92E-05,0,0,0,0,0,0,0,0,0,1.15E-05,5.76E-05,0,2.31E-05,0,0,0,0,0,0,0,0,0,0,0,0,0,0,0,0,0,0,0,0,0,0,0,0,0,0,0,0,0,0,0,0,8.07E-05,0,0,0,0,0,0,0,0,0,0,0,0,0,0,0,0,0
G160TL1J.03,0,0,0,0.024975353,0.035721328,0,0,0,0,0,0,0,0,0,0,0,0,0,0,0,0,0,0.000591522,0.000197174,0,0,0,0,0,0.195563589,0.052678278,0,0,0,0,0,0,0,0,0,0,0,0,0,0,0,0,0,0.000197174,0,0,0,0,0,0,0,0,0,0,0,0.031646402,0,0.001051594,0,0,3.29E-05,0,0.001577391,0,0.011731844,0.000394348,0.054518567,0,0.535261255,3.29E-05,0.000197174,0,0,0,0,0,0,0,0,0,0,0,0,0,0,0,0,0,0,0.004863621,0,0,0,0,0,0,0,0.048471903,0,0,0,0.000295761,0,0,0,0,0,0,0,0,0,0,0,0,0,0,0,0,0
F160QF3F.03,0.000105617,0,0,2.11E-05,0,0,0,0,0,0,0,0,0,0,0,0,0,0,0,0.014522296,0,0,3.17E-05,2.11E-05,0,0,0,0,0,0,4.22E-05,0,0,0,0,0,0,0,0,0,0,0,0,0.001130099,0,0,0,0,0.023626455,0,0,0,0.000327412,0,0,0,0,0.015219366,0,0,0,0,0,0,0,0,0,0,0,0,0,0.595488055,0,0.000591453,0,0,0,0,0,0,0,0,0,0,0,0,0,0,0,0,0,0,0,0,0,0,0,0,0,0,0,0,0,0,0,0,0.34887307,0,0,0,0,0,0,0,0,0,0,0,0,0,0,0,0,0
C160QF9Z.03,0.000285256,0,0,0,1.19E-05,0,2.38E-05,0,0,0,0,0,0,0,0,0,0,0,0,0.098021038,0,0,0,0,0,0,0,0,0,0,0,0,0,0,0,0,0,0,0,0,0,0,0,0.003589469,0,0,0,0,0.047411898,0,0,0,0.000618054,0,0,0,0,0.087953884,0,0,0,0,0,0,0,0,0,0,0,0,0,0.454769121,0,0,0,0,0,0,0,0,0,0,0,0,0,0,0,0,0,0,0,0,0,0,0,0,0,0,0,0,0,0,0,0,0,0,0.307315624,0,0,0,0,0,0,0,0,0,0,0,0,0,0,0,0,0
B160T0BD.03,1.65E-05,0,0,8.25E-05,0.00320132,0,8.25E-05,0.001254125,0,0,0,0,0,0,0,0,0,0,0,0.008135314,0,0,0.017458746,0.000957096,0,0,0,0,0.000148515,0,0.101732673,0,0,0,0,0,0,0,0,0,0,0,0,0,0,0,0,0,0.000363036,0,0,0,0,0,0,0,0,0.020940594,0,0,0.00130363,0,0,0,0,0.00029703,0,0.000132013,0,0,0,0.601633663,0,0.187937294,0,0,0,0,0,0,0,0,0,0,0,0,0,0,0,0,0,0,0,0,0,0,0.000115512,0,0.000676568,0,0,0,0,0,0,0,0.053151815,0,0.000214521,0,0,0,0,0,0,0,0,0,0,0,0,0,0,0.000165017
B160ST6B.03,0,0,0,0,0,0,4.04E-05,0,0,0,0,0,0,0,0,0,0,0,0,0.014947079,0,0,0.000343379,0.012604024,0,0,0,0,0,0,0.001232124,0,0,0,0,0,0,0,0,0,0,0,0,2.02E-05,0,0,0,0,0.000403975,0,0,0,0,0,0,0,0,0.073786055,0,0,8.08E-05,0,0,0,0,0,0,6.06E-05,0,0,0,0.261210309,0,0.053365113,0,0,0,0,0,0,0,0,0,0,0,0,0,0,0,0,0,0,0,0,0,0,0,0,4.04E-05,0,0,0,0,0,0,0,0.581380787,0,0.00048477,0,0,0,0,0,0,0,0,0,0,0,0,0,0,0
B160PY4H.03,0,0,0,0,0,0,0,0,0,0,0,0,0,0,0,0,0,0,0,0,0,0,0,2.14E-05,0,0,0,0,0,0,0,0,0,0,0,0,0,0,0,0,0,0,0,0.005767581,0,0,0,0,0.316112779,0,0,0,0,0.000128645,0,0,0,0.676886792,0,0,0,0,0,0,0,0,0,0,0,0,0,0.000300172,0,0.000139365,0,0,0,0,0,0,0,0,0,0,0,0,0,0,0,0,0,0,0,0,0,0,0,0,0,0,0,0,0,0,0,0,0.000557461,0,0,0,0,0,0,0,0,0,0,0,8.58E-05,0,0,0,0,0
B160QC3F.03,0,0,0,0,0,0,0,0,0,0,0,0,0,0,0,0,0,0,0,0.000119019,0,0,0.000185141,5.29E-05,0,0,0,0,0,2.64E-05,0,0,0,0,0,0,0,0,0,0,0,0,0,0.04235764,0,0,0,0,0.956240578,0,0,0,0,0,0,0,0,7.93E-05,0,0,1.32E-05,0,1.32E-05,0,0,0,0,0.000119019,0,0,3.97E-05,2.64E-05,0,0.000277712,0,0,0,0,0,0,0,0,0,0,0,0,0,0,0,0,0,0,0,0,0,0,0,5.29E-05,0,0,0,0,0,0,0,0,0.000383507,0,0,0,0,0,0,0,0,0,0,0,0,0,0,0,0,1.32E-05
A160S92C.03,9.64E-06,0,0,0,0,0,9.64E-06,0,0,0,0,0,0,0,0,0,0,0,0,9.64E-06,0,0,8.68E-05,0,0,0,0,0,0,0,0.002043925,0,0,0,0,0,0,0,0,0,0,0,0,0.007144097,0,0,0,0,0.091051079,0,0,0,0.003403328,0,0,0,0,0.06528991,0,0,0,0,0,0,0,0,0,0,0,0,9.64E-06,0,0,2.89E-05,0,0,0,0,0,0,0,0,0,0,0,0,0,0,0,0,0,0,0,0,0,0,0,0,0,0,0,0,0,0,0,0,0.830913403,0,0,0,0,0,0,0,0,0,0,0,0,0,0,0,0,0
G160QC4B.03,2.47E-05,0,0,0,0,0,0.000123721,0,0,0,0,0,0,0,0,0,0,0,0,6.19E-05,0,0,0,0,0,0,0,0,0,0,0,0,0,0,0,0,0,0,0,0,0,0,0,0.02152746,0,0,0,0,0.383473344,0,0,0,0.000160837,0,0,0,0,0.403602757,0,0,2.47E-05,0,0,0,0,0,0,0,0,0,0,0,0,0,0,0,0,0,0,0,0,0,0,0,0,0,0,0,0,0,0,0,0,0,0,0,0,0,0,0,0,0,0,0,0,0,0.191000532,0,0,0,0,0,0,0,0,0,0,0,0,0,0,0,0,0
H160SFDH.03,9.85E-06,0,0,0,0.002009239,0,0,0,0,0,0,0,0,0,9.85E-06,0,0,0,0,0,0,0,1.97E-05,0,0,0,0,0,0,0,0.003880588,0,0,0,0,0,0,0,0,0,0,0,0,0.007101279,0,0,0,0,0.014222257,0,0,0,0.000275778,0,0,0,0,0.321547114,0,0,0,0,0,0,0,0,0,0,0,0,0,4.92E-05,0,0,0,0,0,0,0,0,0,0,0,0,0,0,0,0,0,0,0,0,0,0,0,0,0,0,0,0,0,0,0,0,0,0,0.650875102,0,0,0,0,0,0,0,0,0,0,0,0,0,0,0,0,0
C160SDQY.03,0.000326477,0,0,0.002611818,0.002381364,0,0,0,0,0,0,0,0,0,0,0,0,0,0,0,0,0,0.463444144,0.004973978,0,0,0,1.92E-05,0.105317739,0.014883524,0.000307273,0.014365002,0,0,0.001517159,0,0,0,0,0,0,0,0,0,0,0,0,0,0.000172841,0,0,0,0,0,0,0,0,0,0.020068752,0,0.008296365,0,9.60E-05,0,0.001555568,0,0,0.051506597,1.92E-05,0,0.057479211,0.111885695,0,0.097501488,7.68E-05,0,0,0,0.001325114,0,0.025350003,0,0,0,0,0,0,0,0,0,0,0,0,0,0,0,0,0,0,0,0,0.003187955,0.001939659,0,0,0,0.009391024,0,0,0,0,0,0,0,0,0,0,0,0,0,0,0,0,0
D160V0BQ.03,0.000107848,0,0,0.004236896,0.003713062,0,0,0,0,0,0,0,0,3.08E-05,1.54E-05,0,0,0,0,0,0,0,0.057359874,0.004699103,0,3.08E-05,0,0,0.236958062,0.008997627,1.54E-05,0.00198749,0,0,0.004575848,0,0,0,0,0,0,0,0,0,0,0,0,0,0,0,0,0,0,0,0,0,1.54E-05,3.08E-05,0,0,0.0062552,0,0.037762302,7.70E-05,3.08E-05,0.008627862,0,0.278202323,0,6.16E-05,0.063769143,0.119418852,0,0.145857086,0.000308138,0,0,0,0,0,0,0,0,0,0,0,0,0,0,0,0,0,0,0,0,0,0,0,0,0,0,0.006886883,0.006671186,0,0,0,0.003266262,0,3.08E-05,0,0,0,0,0,0,0,0,0,0,0,0,0,0,0
D160TL6L.03,6.43E-05,0,0,0.005388831,0.000761964,0,0,0,0,0,0,0,0,0,0,0,0,0,0,0,0,0,0.152971201,0.005765223,0,0,0,0,0.284387078,0.009418979,9.18E-06,0.001973763,0,0,0.003644576,0,0,0,0,0,0,0,0,0,0,0,0,0,0,0,0,0,0,0,0,0,2.75E-05,0,0.000165245,0,0.003185561,0,0.00725243,0,5.51E-05,0.004525884,0,0.137337165,0.000670161,1.84E-05,0.04625949,0.114358894,0,0.157588888,0.000660981,0,0,0,0,0,0,0,0,0,0,0,0,0,0,0,0,0,0,0,0,0,0,0,0,0,0,0.00849177,0.008684556,0,0,0,0.04625031,0,7.34E-05,0,0,0,0,0,0,9.18E-06,0,0,0,0,0,0,0,0
F160T8C2.03,8.23E-06,0,8.23E-06,0.00010694,0.000238559,0,0,0,0,0,0,0,0,0,0,0,0,0,0,0,0,0,0.662767454,0.001464261,0,0,0,0,0.033562844,0.003019011,0,0.002780451,0,0,0.002360916,0,0,0,0,0,0,0,8.23E-06,0,0,0,0,0,4.94E-05,0,0,0,0,0,0,0,0,0.003611296,0.000304369,0,0.004203582,0,0.015670887,0,0.000296143,0.000468893,0,0.108667934,8.23E-06,8.23E-06,0.039567961,0.050122159,0,0.042841983,0.000296143,0,0,0,4.94E-05,0,0,0,0,0,0,0,0,0,0,0,0,0,0,0,0,0,0,0,0,0,0,0.00228688,0.002015416,0,0,0,0.023206074,0,0,0,0,0,0,0,0,0,0,0,0,0,0,0,0,0
H160WTFN.03,0,0,0,0.001456469,0.000824055,0,0.001820586,0,0,0,0,0,0,0,0,0,0,0,0,0,0,0,0.066192675,0.007933922,0,0,0,0,0.007799774,0.00787643,0.322454533,0.001245664,0,0.001858914,0.002184703,0.001264828,0,0,0,0,0,0,0,0,0,0,0,0,0.000306625,0,0,0,0,0,1.92E-05,0,0,0,0,0,0.000996531,0,0.000651578,0.000114984,0,0.019106571,0.000440773,0.068607348,0.002108047,1.92E-05,0.003257891,0.370556333,3.83E-05,0.070657902,5.75E-05,0.008068071,0,0,0,0,0.000306625,0,0,0,0,0,0,0,0,0,0,0,1.92E-05,0,0.007512313,0,0,0,0,0,0,0.001169008,0.022441118,0,0,0,0.000574922,0,0,0,0,0,0,0,0,0,0,0,0,0,5.75E-05,0,0,0
K160WTJ4.03,3.14E-05,0,0,0.011742543,4.71E-05,0,0.00877551,0,0,0,0,0,0,0,0,0,0,0,0,0,0,0,0.053422292,0.022684458,0,0,0,0,0.016467818,0.003579278,0.103500785,0.000298273,0,0.001412873,0.000675039,3.14E-05,0,0,0,0,0,0,1.57E-05,0,0,0,0,0,0.000486656,0,0,0,0,0,0,0,0,0,6.28E-05,0,0.021318681,0,0.000769231,0.000769231,0,7.85E-05,0.000251177,0.031130298,1.57E-05,0.000392465,0.002464678,0.427299843,4.71E-05,0.216342229,3.14E-05,0.002747253,0,0,0,0,4.71E-05,0,0,0,0,0,0,0,0,0,0,0,0,0,0.002182104,0,0,0,0,0,0,0.001648352,0.058383046,0,0,0,0.010737834,0,4.71E-05,0,0,0,0,6.28E-05,0,0,0,0,0,0,0,0,0,0
C160SRSL.03,9.25E-06,0,6.48E-05,0.000555278,0.000971736,0,9.25E-06,0,0,0,0,0,0,0,0,0,0,0,0,0,0,0,0.633720177,0.002147075,0,0,0,9.25E-06,0.051150351,0.005830418,9.25E-06,0.003553779,0,0,0.002239621,0,0,0,0,0,0,0,0,0,0,0,0,0,8.33E-05,0,0,0,0,0,0,0,0,2.78E-05,0.012863938,0,0.002221112,0,0,0,0.000212857,0,0,0.030531031,0.00024062,4.63E-05,0.052297925,0.164390027,9.25E-06,0.015732874,0.000249875,9.25E-06,0,0,0.004025765,0,0.004423714,0,0,0,0,0,0,0,0,0,0,0,0,0,9.25E-06,0,0,0,0,0,0,0.001304903,0.000712607,0,0,0,0.010180095,0,0.000148074,0,0,0,0,0,0,0,9.25E-06,0,0,0,0,0,0,0
E160V9S3.03,0.000244762,0,0,0.000832191,0.000783239,0,0,0,0,0,0,0,0,0,0,0,0,0,0,2.45E-05,0,0,0.075141962,0.004185432,0,0,0,0,0.156672215,0.008664578,0.000146857,0.00141962,0,0,0.002986098,0,0,0,0,0,0,0,0,0,0,0,0,0,0,0,0,0,0,0,0,0,0,0,4.90E-05,0,0.00090562,0,0.057910711,2.45E-05,2.45E-05,0.000979048,0,0.220090072,0,0.000220286,0.113153515,0.28228412,0,0.062610143,0.000220286,0,0,0,0,0,0,0,0,0,0,0,0,0,0,0,0,0,0,0,4.90E-05,0,0,0,0,0,0,0.001688858,0.006633053,0,0,0,0.001468573,0,0.000587429,0,0,0,0,0,0,0,0,0,0,0,0,0,0,0
E160T48S.03,1.58E-05,0,0,0.012353891,0.003975419,0,0,0,0,0,0,0,0,0,0,0,0,0,0,4.75E-05,0,0,0.127308435,0.001425449,0,0,0,6.34E-05,0.039009788,0.061769457,0.000411796,0.000158383,0,0,0.000395958,0,0,0,0,0,0,0,0,0,0,0,0,0,3.17E-05,0,0,0,0,0,0,0,0,0.000316766,0.000586018,0,0.087997719,0,0,0,1.58E-05,9.50E-05,0,0.005812664,0.015632424,0,0.002043144,0.114115113,0,0.452817638,3.17E-05,3.17E-05,0,0,1.58E-05,0,0,0,0,0,0,0,0,0,0,0,0,0,0,0,0,0,0,0,0.000221737,0,0,0.002882575,0.064097691,0,0,0,0.006319491,0,0,0,0,0,0,0,0,0,0,0,0,0,0,0,0,0
A160TTHK.03,2.57E-05,0,0,0.00989819,0.000796997,0,0,0,0,0,0,0,0,0,0,0,0,0,0,0,0,0,0.086307075,0.018767997,0,0,0,0,0.05442719,0.002416701,2.57E-05,0.001028383,0,0,0.000539901,0,0,0,0,0,0,0,2.57E-05,0,0,0,0,0,0.000102838,0,0,0,0,0,0,0,0,0,7.71E-05,0,0.005296174,0,0.00866413,0,0,0.003625051,0,0.113173591,5.14E-05,0.000334225,0.04396339,0.481232003,0,0.155285891,0.000179967,0,0,0,0,0,0,0,0,0,0,0,0,0,0,0,0,0,0,0,0,0,0,0,0,0,0,0.002442411,0.002930893,0,0,0,0.008355615,0,2.57E-05,0,0,0,0,0,0,0,0,0,0,0,0,0,0,0
C160S70P.03,1.21E-05,0,0,0.0231975,0.001502084,0,1.21E-05,8.48E-05,0,0,0,0,0,0,0,0,0,0,0,0,0,0,0.109967051,0.007510418,0,0,0,0.000121136,0.077599574,0.059647253,2.42E-05,0.002495397,0,0,8.48E-05,0,0,0,0,0,0,0,0,0,0,0,0,0,3.63E-05,0,0,0,0,0,0,0,0,2.42E-05,0.001683787,0,0.01906677,0,0,0,0,0,0,0.021865006,3.63E-05,0,0.008103983,0.121814129,0,0.504869658,0.000690474,0,0,0,0,0,0.000751042,0,0,0,0,0,0,0,0,0,0,0,0,0,0,0,0,0,0,0,0,0.007437736,0.016777304,0,0,0,0.014584747,0,0,0,0,0,0,0,0,0,0,0,0,0,0,0,0,0
G160SZZN.03,0.000223555,0,0,0.006874325,0.00519766,0,0,0,0,0,0,0,0,0,0,0,0,0,0,0.000111778,0,0,0.184787064,0.003670032,0,0,0,0,0.031577182,0.020138604,0,9.31E-05,0,0,5.59E-05,0,0,0,0,0,0,0,0,1.86E-05,0,0,0,0,1.86E-05,0,0,0,0,0,0,0,0,0.00519766,0.003204292,0,0.030589813,0,1.86E-05,0,3.73E-05,0.000409851,0,0.031148702,0.00521629,1.86E-05,0.004284809,0.434777749,0,0.194847051,0.000316703,0,0,0,0,0,0,0,0,0,0,0,0,0,0,0,0,0,0,0,0,0,0,0,0,0,0,0.00380044,0.008644137,0,0,0,0.024535191,0,0.000130407,3.73E-05,0,0,0,1.86E-05,0,0,0,0,0,0,0,0,0,0
E160SKS5.03,0,0,0,0.020043418,0.005628238,0,0.003216136,0,0,0,0,0,0,0.000137834,0,0,0,0,0,0.004870149,0,0,0.000126348,3.45E-05,0,0,0,0,0.005972824,2.30E-05,0.166297194,0,0,0,0,0,0,0,0,0,0,0,0,2.30E-05,0,0,0,0,0.000287155,0,0,0,0,0,0,0,1.15E-05,0,0,0,0.281308508,0,3.45E-05,0,0,0.217640505,0,0.001010786,0,1.15E-05,0.000551338,0.013657091,0,0.13508919,0,1.15E-05,0,0,0,0,0,0,0,0,0,0,0,0,0,0,0,0,0,0,1.15E-05,0,0,0,0,0,0,0,0,0,0,0,0.143979509,0,0,0,2.30E-05,0,0,0,0,0,0,0,0,0,0,0,0,0
C160SSVD.03,0.000777867,0,0,0,0.000197369,0,2.32E-05,0,0,0,0,0,0,1.16E-05,1.16E-05,0,0,0,0,0,0,0,1.16E-05,0,0,0,0,0,0,0,2.32E-05,0,0,0,0,0,0,0,0,0,0,0,0,9.29E-05,0,0,0,0,3.48E-05,0,0,0,0,0,0,0,0,0.013107636,0,0,0.007476809,0,0.06292594,0,0,0.438438229,0,0.033494712,0,0,0,0.225592978,0,0.090418307,0,0,0,0,0,0,0,0,0,0,0,0,0,1.16E-05,0,0,0,0,0,0,0,0,0,0,0,0,0,0,2.32E-05,0,0,0,0.126594917,0,0.000731427,0,0,0,0,0,0,0,0,0,0,0,0,0,0,0
J160TD1S.03,3.75E-05,0,0,0.005215368,0.005665616,0,0,0,0,0,0,0,0,0,1.88E-05,0,0,0,0,0.000206363,0,0,0.122561159,0.00941768,0,0,0,0,3.75E-05,0.021761969,0.105264145,0,0,0,0,0,0,0,0,0,0,0,0.000131322,1.88E-05,0,0,0,0,9.38E-05,0,0,0,0,0,0.001069338,0,0,0.008404623,0,0,0.000656611,0,0.011237431,0,0,0.015739907,0,0.026339487,0,0.04834534,0.002757767,0.405354195,0.015477262,0.179611286,1.88E-05,0,0,0,0,0,0,0,0,0,0,0,0,0,0,0,0,0,0,0,0,0,0,0,0,0,0,0,0.005778178,0,0,0,0.007410326,0,0,0,0,0,0,0,0,0,0,0,0,0,0.001369503,0,0,0
A160SSTH.03,0.001081571,0,0,1.16E-05,0,0,0.000337264,0.011118089,0,0,0,0,0,0,0,0,0,0,0,0,0,0,1.16E-05,8.14E-05,0,0,0,0,0,0,0,0,0,0,0,0,0,0,0,0,0,0,0.000255856,0,0,0,0,0,0,0,0,0,0,0,0,0,0,0.000162817,0.000267485,0,0.00697788,0,0.079896727,0,0,0.027167213,0,0.021736097,0,0,0,0.205521829,0,0.541297421,0,0,0,0,0,0,0,0,0,0,0,0,0,0,0,0,0,0,0,0,0,0,1.16E-05,0,0,0,0,0,0,0,0,0,0.103982044,0,8.14E-05,0,0,0,0,0,0,0,0,0,0,0,0,0,0,0
G160TMTH.03,3.04E-05,0,0,0.002952771,0.001674252,0,3.04E-05,0,0,0,0,0,0,1.52E-05,0,0,0,0,0,0,0,0,0.206724403,0.001141535,0,0,0,0,0,0,0.123072708,0,0,0,0,0,0,0,0,0,0,0,0.000410953,0,0,0,0,0,0,0,0,0,0,1.52E-05,0.001719913,0,0,0.017138248,0,0,0.002450495,0,0.01073043,0,0,0.014916059,0,0.028842788,0,0.041095265,0.002115645,0.419293466,0.010441241,0.085356387,0,0,0,0,0,0,0,0,0,0,0,0,0,0,0,0,0,0,0,0,0,0,3.04E-05,0,0,0,0,0,0,0,0,0,0.029786457,0,0,0,0,0,0,0,0,0,0,0,0,0,1.52E-05,0,0,0
F160SYRG.03,0.000579601,0,0,0,9.40E-05,0,0.001394176,0.003681251,0,0,0,0,0,0,3.13E-05,0,0,0,0,1.57E-05,0,0,0.123940661,0.000266303,0,0,0,0,0,1.57E-05,0,0,0,0,0,0,0,0,0,0,0,0,9.40E-05,1.57E-05,0,0,0,0,3.13E-05,0,0,0,0,0,0.000140984,0,0,0.012813885,0,0,0.009618246,0,0.071463258,0,0,0.028134154,0,0.058069771,0,4.70E-05,0.000861569,0.275733509,0,0.378181932,6.27E-05,0,0,0,0,0,0,0,0,0,0,0,0,0,0,0,0,0,0,0,0,0,0,0,0,0,0,0,3.13E-05,0,0,0,0.034682081,0,0,0,0,0,0,0,0,0,0,0,0,0,0,0,0,0
K160VTCD.03,4.15E-05,0,0,0.001992239,0.00033204,0,0,0,0,0,0,0,0,0,0.000124515,0,0,0,0,0,0,0,0.097744205,0.02029593,0,2.08E-05,0,0,0.149666923,0.02112603,0.076535165,0,0,0,0,0,0,0,0,0,0,0,0.000103762,0,0,0,0,0,0,0,0,0,0,0,0,0,0,0,0,0,0.00367319,0,0.018448959,0,0,0.015896404,0.000705584,0.15356839,0,0.00994044,0.005789943,0.246788553,0,0.120302156,0.000830099,4.15E-05,0,0,0,0,0,0,0,0,0,0,0,0,0,0,0,0.000269782,0,0,0.030858945,0,0,0,0,0,0,0.002075249,6.23E-05,0,0,0,0.018469712,0,0,0,0,0,0,0.004192002,0,0,0,0,0,0,0,0,0,0.000103762
D160V4YZ.03,3.16E-05,0,0,0.004061251,0.003097296,0,0,0,0,0,0,0,0,0,0,0,0,0,0,0,0,0,0.192111376,0.001801489,0,0,0,0,3.16E-05,0,0.044515731,0,0,0,0,0,0,0,0,0,0,0,0.000300248,0,0,0,0,0,0,0,0,0,0,0,0.001517043,0,0,0.013084496,0,0,9.48E-05,0,0.007948673,0,0,0.015360061,0,0.064537539,0,0.040849544,0.001690871,0.506629162,0.00979757,0.071142997,0.000158025,0,0,0,0,0,0,0,0,0,0,0,0,0,0,0,0,0,0,0,0,0,0,0,0,0,0,0,0,0,0,0,0.0212228,0,0,0,0,0,0,1.58E-05,0,0,0,0,0,0,0,0,0,0
J160T3SN.03,9.02E-05,0,0,0.001340828,0.001044299,0,0,0,0,0,0,0,0,1.29E-05,0,0,0,0,0,1.29E-05,0,0,0.200556959,0.003493889,0,0,0,0,0,0.005956372,0.040637409,0,0,0,0,0,0,0,0,0,0,0,0.000257852,0,0,0,0,0,0,0,0,0,0,0,0.001315043,0,1.29E-05,0.009037698,0,0,0.004821825,0,0.004602651,0,0,0.012222165,0,0.030336238,0,0.010094889,0.004422155,0.622286112,0.004112733,0.035029137,3.87E-05,0,0,0,0,0,0,0,0,0,0,0,0,0,0,0,0,0,0,0,0,0,0,0,0,0,0,0,0.002127276,0,0,0,0.005582487,0,0,0,0,0,0,0,0,0,0,0,0,0,0.000554381,0,0,0
D160TD2P.03,0,0,0,0.004413731,0.000676557,0,0,0,0,0,0,0,0,0,0,0,0,1.61E-05,0,0,0,0,8.05E-05,0.010889351,0,0,0,0,0,0,0.108990158,0,0,0,0,0,0,0,0,0,0,0,0.000225519,0,0,0,0,0,0,0,0,0,0,0,0.001804153,0,0,0.018138179,0,0,0.000418821,0,0.007812626,0,0,0.002077997,0,0.014417114,0,0.026160215,0.001272572,0.602715894,0.016430677,0.157315678,0,0,0,0,0,0,0,0,0,0,0,0,0,0,0,0,0,0,0,0,0,0,0,0,0,0,0,0,0,0,0,0,0.023357335,0,0.001127595,3.22E-05,0,0,0,0,0,0,0,0,0,0,0.001626959,0,0,0
J160WDD4.03,0,0,0,0.0018988,0.006764475,0,0,0,0,0,0,0,0,4.45E-05,0,0,0,0,0,0,0,0,0.060717094,0.003471244,0,0,0,0,2.97E-05,4.45E-05,0.326400736,0,0,0,0,0,0,0,0,0,0,0,1.48E-05,0,0,0,0,0,1.48E-05,0,0,0,0,0,0.000207681,0,0,0.000979069,0,0,0.000178012,1.48E-05,0.011318628,0,0,0.001379597,0,0.038450698,1.48E-05,0.000222516,2.97E-05,0.26455623,1.48E-05,0.246102268,0.000163178,0,0,0,0,0,0,0,0,0,0,0,0,0,0,0,0,0,0,0,0,0,0,0,0,0,0,0,0.009508834,0,0,0,0.027458427,0,0,0,0,0,0,0,0,0,0,0,0,0,0,0,0,0
H160VGCN.03,3.16E-05,0,0,0.014205353,0.001738141,0,0,0,0,0,0,0,0,0,3.16E-05,0,0,0,0,0,0,0,0.000837468,0.002069968,0,0,0,0,9.48E-05,0.070647537,0.061988433,0,0,0,0,0,0,0,0,0,0,0,0,0,0,0,0,0,0,0,0,0,0,0,3.16E-05,0,1.58E-05,0.004756186,0,0,0.000553045,0,0.022959264,0,0.00012641,0.004629776,1.58E-05,0.246247195,0,0.045333881,0.048573144,0.031965996,0.001185096,0.426397623,0.000252821,1.58E-05,0,0,0,0,0,0,0,0,0,0,0,0,0,0,0,0,0,0,3.16E-05,0,0,0,0,0,0,1.58E-05,0,0,0,0,0.015185033,0,4.74E-05,0,0,0,0,0,0,0,0,0,0,0,0,0,0,1.58E-05
A160TG7Z.03,0.000141456,0,0,0.002216145,0.000612976,0,0,0,0,0,0,0,0,0,3.14E-05,0,0,0,0,1.57E-05,0,0,0.123302527,0.003725009,0,0,0,0,0.000110021,0.008990318,0.000298629,0,3.14E-05,0,0,0,0,0,0,0,0,0,3.14E-05,0,0,0,0,0,1.57E-05,0,0,0,0,0,0.000785867,0,1.57E-05,0.005862568,1.57E-05,0,0.00756004,4.72E-05,0.033603672,0,0,0.024629071,0,0.529249969,3.14E-05,0.000801584,0.00762291,0.03349365,7.86E-05,0.185543191,0.000172891,1.57E-05,0,0,0,0,0,0,0,0,0,0,0,0,0,0,0,0,0,0,6.29E-05,0,0,0,0,0,0,0,3.14E-05,0,0,0,0.029375707,0,0.001351691,0,0.000125739,0,0,0,0,0,0,0,0,0,0,0,0,0
G160V9R6.03,0.0003051,0,0,0.009632428,0.001351155,0,8.72E-05,0.000188871,0,0,0,0,0,0,0,0,0,0,0,0,0,0,0.000188871,0.041464478,0,0,0,0,0.029783525,0,0.157780038,0.000363214,0,0,0,0,0,0,0,0,0,0,0,2.91E-05,0,0,0,0,0,0,0,0,0,0,0,0,1.45E-05,0.037614412,0,0,5.81E-05,0,0.053116374,0,0,0.029042569,0.003312509,0.082100828,0,0.029580125,0.003646666,0.299041116,0,0.147610054,0.001423798,0.007656545,0,0,0,0,0,0,0,0,0,0,0,0,0,0,0,0,0,0,0,0,0,0,0.001423798,0,0,0,0.000493971,0,0,0,0.060206305,0,0.002484382,0,0,0,0,0,0,0,0,0,0,0,0,0,0,0
B160V5P5.03,0.000520118,0,0,0.000603337,0.001227479,0,0,0,0,0,0,0,0,0,0,0,0,0,0,0,0,0,0.078204968,0.006366246,0,0,0,0,0.000270461,0.026609246,0.008072234,0,0,0,0,0,0,0,0,0,0,0,0.000166438,2.08E-05,0,0,0,0,0,0,0,0,0,0,0.000228852,0,0,0.022926809,0,0,0.002350934,6.24E-05,0.084113511,0,0,0.011713061,0,0.056817709,0,0.000457704,0.02667166,0.222860234,0,0.342841093,0.000957017,0,0,0,0,0,0,0,0,0,0,0,0,0,0,0,0,0,0,0,0,0,0,0,0,0,0,0,4.16E-05,0,0,0,0.095264844,0,0.010631215,0,0,0,0,0,0,0,0,0,0,0,0,0,0,0
E160VWM4.03,4.23E-05,0,2.82E-05,0.00015494,0.00366223,0,0,0,0,0,0,0,0,0,0,0,0,0,0,0,0,0,0.278963307,0.000112684,0,0,0,0,0.000140855,0.004253821,0.016043383,0,0,0,0,0,0,0,0,0,0,0,8.45E-05,0,0,0,0,0,0,0,0,0,0,0,0.000662018,0,0,0.003605888,2.82E-05,0,0.00212691,0,0.005535601,0,0,0.018282978,0,0.146320163,0,0.034115079,0.000605676,0.292950208,8.45E-05,0.070455666,0.000183111,1.41E-05,0,0,0,0,0,0,0,0,0,0,0,0,0,0,0,0,0,0,0,0,0,0,0,0,0,0,0.003281921,0,0,0,0.118177336,0,7.04E-05,0,0,0,0,0,0,1.41E-05,0,0,0,0,0,0,0,0
C160V4Y2.03,0,0,0,0.00583844,0.006904904,0,0,0,0,0,0,0,0,0,0,0,0,0,0,0,0,0,0.143828064,0.000524194,0,0,0,0,0.000216908,0.016430779,0.049328489,0,0,0,0,0,0,0,0,0,0,0,1.81E-05,0,0,0,0,0,0.00012653,0,0,0,0,0,0.000994162,0,0,0.007429098,0,0,0.018401027,0,0.016973049,0,0,0.009489724,0,0.057263706,0,0.061891076,0.003199393,0.401749724,0.016521158,0.160638432,0.000307286,1.81E-05,0,0,0,0,0,0,0,0,0,0,0,0,0,0,0,0,0,0,3.62E-05,0,0,0,0,0,0,0,0.004067025,0,0,0,0.017678,0,0.000108454,0,0,0,0,1.81E-05,0,0,0,0,0,0,0,0,0,0
A160TWGJ.03,2.69E-05,0,0,0.001411177,0.001330538,0,0,0,0,0,0,0,0,0,2.69E-05,0,0,0,0,0,0,0,0.04928366,0.007459076,0,0,0,0,0,0.002150364,5.38E-05,0,0,0,0,0,0,0,0,0,0,0,0,0,0,0,0,0,0.000215036,0,0,0,0,0,0,0,2.69E-05,0.000833266,0,0,0.016289009,1.34E-05,0.063838938,0,0,0.023546488,0,0.567655834,0,0.004757681,0.020710695,0.01200172,0,0.17788888,0.001330538,9.41E-05,0,0,0,0,0,0,0,0,0,0,0,0,0,0,0,0,0,0,0,0,0,0,0,0,0,0,1.34E-05,0,0,0,0.048947666,0,8.06E-05,1.34E-05,0,0,0,0,0,0,0,0,0,0,0,0,0,0
B160TXGX.03,1.43E-05,0,0,0.001729164,0.003787013,0,0,0,0,0,0,0,0,0,0,0,0,0,0,0,0,0,0.21996113,0.002400823,0,0,0,0,0,0.010517892,0.031982394,0,0,0,0,0,0,0,0,0,0,0,0.000185778,0,0,0,0,0,1.43E-05,0,0,0,0,0,0.001500514,0,7.15E-05,0.015505316,0,0,0.001586258,0,0.006416486,0,0,0.011746885,0,0.055318967,0,0.011961244,0.0207071,0.486438207,0.010360695,0.085129187,0.000100034,0,0,0,0,0,0,0,0,0,0,0,0,0,0,0,0,0,0,0,0,0,0,0,0,0,0,0,0.004815937,0,0,0,0.0162913,0,0.000214359,0,0,0,0,0,0,1.43E-05,0,0,0,0,0.001228993,0,0,0
F160T384.03,0.000300608,0,0,0.009911232,0.002157307,0,0.000150304,0,0,0,0,0,0,0,1.77E-05,0,0,0,0,0,0,0,0.165767789,0.003456995,0,0,0,0,0.286011105,0,0.014712123,0,0,0,0,0,0,0,0,0,0,0,8.84E-06,0,0,0,0,0,4.42E-05,0,0,0,0,0,0.00018567,0,0,0.003333215,0.00099908,0,0.001953954,0,0.002342976,0,0,0.072658792,0,0.067645707,0,0.069467039,8.84E-06,0.159198614,0,0.107653133,0.000106097,0,0,0,0,0,0,0,0,0,0,0,0,8.84E-06,0,0,0,0,0,0,0,0,0,0,0,0,0,0,0.02888492,0,0,0,0.003006083,0,8.84E-06,0,0,0,0,0,0,0,0,0,0,0,0,0,0,0
F160WLV9.03,5.69E-05,0,0,0.005346377,0.000872104,0,0,0,0,0,0,0,0,0,0,0,0,0,0,0,0,0,0.085352444,0.003071323,0,0,0,0,0.085959125,0.018920866,0.098054829,0,0,0,0,0,0,0,0,0,0,0,3.79E-05,0,0,0,0,0,1.90E-05,0,0,0,0,0,0,0,1.90E-05,0.00062564,0,0,0.000549805,7.58E-05,0.016077048,0.000341258,0,0.013024684,0.000682516,0.088461684,1.90E-05,0.111382854,0.00919501,0.116558602,0,0.275262579,0.00062564,0,0,0,0,0,0,0,0,0,0,0,0,0,0,0,0,0,0,0,0.023679521,0,0,0,0,0,0,0.005043036,0,0,0,0,0.027319607,0,0.000113753,0,0,0,0,0.01325219,0,0,0,0,0,0,0,0,0,0
E160TPM2.03,0.000250028,0,0,0.001791866,0.000166685,0,0,0,0,0,0,0,0,0,2.78E-05,0,0,0,0,2.78E-05,0,0,0.026266807,0.00515335,0,0,0,0,0.000222247,0.00707023,0,0,0,0,0,0,0,0,0,0,0,0,1.39E-05,0,0,0,0,0,2.78E-05,0,0,0,0,0,0,0,2.78E-05,0.003694855,0,0,0.001069563,0,0.100205578,0,0,0.099191577,0,0.270668963,0,0.001250139,0.004958884,0.382986999,0,0.012181909,0.000472275,0.000194466,0,0,0,0,0,0,0,0,0,0,0,0,0,0,0,0,0,0,0,0,4.17E-05,0,0,0,0,0,2.78E-05,0,0,0,0.075911212,0,0.0060979,0,0,0,0,0,0,0,0,0,0,0,0,0,0,0
F160SX2T.03,0.000952492,0,0,0.001943861,0.000213825,0,0,0.000155509,0,0,0,0,0,0,3.89E-05,0,0,0,0,0.001166317,0,0,0.008339165,1.94E-05,0,0,0,0,0,0.010594044,0,0,0,0,0,0,0,0,0,0,0,0,7.78E-05,0,0,0,0,0,3.89E-05,0,0,0,0,0,0.0019633,0,0,0.015842469,0,0,0.07637431,0,0.098884224,0,0,0.003537828,0,0.047935619,0,0,0.004684706,0.496345541,0,0.050676464,0.000116632,0,0,0,0,0,0,0,0,0,0,0,0,0,0,0,0,0,0,0,0,0,0,0,0,0,0,0,0,0,0.000330456,0,0.164586735,0,0.012576783,0,0,0,0,0,0,0,0,0,0,0,0.002604774,0,0,0
G160TXHW.03,2.82E-05,0,0,0.003811998,0.001256547,0,0,0,0,0,0,0,0,0,1.41E-05,0,0,0,0,0,0,0,0.16723376,0.004052013,0,0,0,0,0,0,0.047395841,0,0,0,0,0,0,0,0,0,0,0,0.000240015,0,0,0,0,0,5.65E-05,0,0,0,0,0,0.00189188,0,1.41E-05,0.01298903,0,0,0.000310607,0,0.012551356,0,0,0.011125386,0,0.090259639,0,0.030072428,0.009120558,0.492453656,0.010744187,0.076861173,0.000127067,0,0,0,0,0,0,0,0,0,0,0,0,0,0,0,0,0,0,0,0,0,0,0,0,0,0,0,0,0,0,0,0.027276963,0,0.000112948,0,0,0,0,0,0,0,0,0,0,0,0,0,0,0
E160V5WT.03,7.62E-05,0,0,0.001005914,0,0,0,0,0,0,0,0,0,0,0,0,0,0,0,0,0,0,0.010379199,0.001280254,0,0,0,0,0.05566055,0,0.075992197,0,0,0,0,0,0,0,0,0,0,0,0,4.57E-05,0,0,0,0,0.00082302,0,0,0,0,0,6.10E-05,0,6.10E-05,0.002834847,0,0,0.000228617,4.57E-05,0.023166494,0,0,0.029049564,0,0.428915442,0,0.007452905,0.040678534,0.032844602,0,0.137230994,0.002972017,1.52E-05,0,0,0,0,0,0,0,0,0,0,0,0,0,0,0,0,0,0,0,0,0,0,0,0,0,0,0,0,0,0,0.144348595,0,0.004831433,0,0,0,0,0,0,0,0,0,0,0,0,0,0,0
F160VTZK.03,6.93E-05,0,0,0.002125104,0.000646771,0,0,0,0,0,0,0,0,0,0.000184792,0,0,0,0,0.000369583,0,0,0.014298254,0.00487388,0,0,0,0,0.008962395,0.01813268,0.044280699,0,0,0,0,0,0,0,0,0,0,0,0,0,0,0,0,0,4.62E-05,0,0,0,0,0,0,0,0,0,0,0,0.003580338,0,0.007322369,0,0,0.053889864,0,0.282892913,0,0.004435,0.162755243,0.080291971,9.24E-05,0.297768641,0.00043888,0,0,0,0,0,0,0,0,0,0,0,0,0,0,0,0,0.000207891,0,0,0.008477317,0,0,0,0,0,0,0,0,0,0,0,0.003395547,0,0.000461979,0,0,0,0,0,0,0,0,0,0,0,0,0,0,0
D160VFHM.03,1.70E-05,0,0,0.019513023,0.000441164,0,0.000220582,0,0,0,0,0,0,0,0,0,0,0,0,0,0,0,0.101925851,0.004106219,0,1.70E-05,0,0,0.049478239,0.012861627,0.063205226,0,0,0,0,0,0,0,0,0,0,0,3.39E-05,0,0,0,0,0,0.000169678,0,0,0,0,0,0,0,0,0.000373293,0,0,0.000559939,0,0.009196572,0,1.70E-05,0.000356325,0.002290659,0.068804615,0,0.073063545,0.015237126,0.222567235,8.48E-05,0.330313057,0.00196827,0,0,0,0,0,0,0,0,0,0,0,0,0,0,0,0,0,0,0,0.012148978,0,0,0,3.39E-05,0,0,0.003342666,0,0,0,0,0.006838042,0,0.000169678,0,0,0,0,0.000542971,0,0,0,0,0,0,0.000101807,0,0,0
A160TMSL.03,2.42E-05,0,0,0.001487663,0.001560232,0,0,0,0,0,0,0,0,0,0,0,0,0,0,0,0,0,0.235970005,0.002685051,0,0,0,0,2.42E-05,0.002261732,0.028350266,0,0,0,0,0,0,0,0,0,0,0,0.000181422,0,0,0,0,0,1.21E-05,0,0,0,0,1.21E-05,0.000568457,0,2.42E-05,0.005672472,0,0,0.002322206,0,0.007498791,0,0,0.00243106,0,0.044291243,0,0.025278181,0.000580552,0.556676343,0.004716981,0.069061442,0,0,0,0,0,0,0,0,0,0,0,0,0,0,0,0,0,0,0,0,0,0,0,0,0,0,0,0,0.000798258,0,0,0,0.006325593,0,0.001088534,0,0,0,0,0,0,0,0,0,0,0,9.68E-05,0,0,0
H160TJ4S.03,0.000562332,0,0,0.026011477,0.013741096,0,0,0,0,0,0,0,0,0,0,0,0,0,0,0.000360469,0,0,0.070868299,0.007166133,0,2.88E-05,0,0,0.075237189,0.000245119,0.097023964,0,0,0,0,0,0,0,0,0,0,0,0.00011535,0,0,0,0,0,0,0,0,0,0,0,5.77E-05,0,0,0.002033048,0,0,0.000317213,0,0.006560544,0,0,0.000288376,0,0.046284281,0,0.074487412,1.44E-05,0.149306457,0,0.397179687,1.44E-05,0,0,0,0,0,0,0,0,0,0,0,0,0,0,0,0,0,0,0,0,0,0,0,0,0,0,0,0.016639271,0,0,0,0.015456931,0,0,0,0,0,0,0,0,0,0,0,0,0,0,0,0,0
G160WDGF.03,0,0,0,0.000857711,0.002828622,0,0,0,0,0,0,0,0,0,0,0,0,0,0,0,0,0,0.077759731,0.00089421,0,0,0,0,3.65E-05,0.023121704,0.286439039,0,0,0,0,0,0,0,0,0,0,0,0,0,0,0,0,0,0.000145993,0,0,0,0,0,9.12E-05,0,0,0.000529226,0.000145993,0,0.011113747,0.000565724,0.005255762,0,0,0.02452689,0,0.075405588,0,0.01702648,0.016989981,0.139186452,3.65E-05,0.282113984,0.000164243,0.002737376,0,0,0,0,0,0,0,0,0,0,0,0,0,0,0,0,0,0,0,0,7.30E-05,0,0,0,0,0,0.007372666,0,0,0,0.023723926,0,0.000638721,0.00021899,0,0,0,0,0,0,0,0,0,0,0,0,0,0
A160VFX3.03,1.06E-05,0,0,1.06E-05,3.18E-05,0,0,0,0,0,0,0,0,0,0,0,0,0,0,0,0,0,0.00737698,0.003630111,0,0,0,0,0.178491063,9.55E-05,0.025283403,0,0,0,0,0,0,0,0,0,0,0,0,0,0,0,0,0,0,0,0,0,0,0,2.12E-05,0,4.25E-05,0.005339023,0,0,0.009075277,0.000647476,0.013140577,0,0,0.023309133,0,0.351536959,0,0.006464145,0.228346707,0.001761984,0,0.045896489,0.001666454,0,0,0,0,0,0,0,0,0,0,0,0,0,0,0,0,0,0,0,7.43E-05,0,0,0,0,0,0,1.06E-05,1.06E-05,0,0,0,0.09209018,0,0.001984885,0,0.003577039,0,0,0,0,0,0,0,0,0,7.43E-05,0,0,0
A160WB2W.03,3.45E-05,0,0,0.006244502,6.90E-05,0,0,0,0,0,0,0,0,0,0,0,0,0,0,0,0,0,0.168981042,0.012575253,0,0,0,0,0.03958876,0.007176002,0.066205517,0,0,0,0,0,0,0,0,0,0,0,5.18E-05,0,0,0,0,0,0,0,0,0,0,0,0,0,1.73E-05,0.0001035,0,0,0.00012075,0,0.010971003,0,0,0.00177675,0.00136275,0.031964258,1.73E-05,0.037691259,0.004053751,0.482206621,5.18E-05,0.087371272,8.63E-05,1.73E-05,0,0,0,0,0,0,0,0,0,0,0,0,0,0,0,0,0,0,0.025064256,0,0,0,0,0,0,0.002639251,8.63E-05,0,0,0,0.009798002,0,0,0,0,0,0,0.003674251,0,0,0,0,0,0,0,0,0,0
A160VL66.03,7.63E-05,0,0,1.91E-05,0.000457552,0,1.91E-05,0,0,0,0,0,0,0,0,0,0,0,0,0,0,0,0.000228776,3.81E-05,0,0,0,0,0.343907879,0.019674756,1.91E-05,0,0,0,0,0,0,0,0,0,0,0,0,0,0,0,0,0,0,0,0,0,0,1.91E-05,0,0,3.81E-05,0.000114388,0,0,0.002287762,5.72E-05,0.037519303,0,0,0.000152517,1.91E-05,0.141860332,0,0.010504642,0.00427049,0.293214878,0,0.000190647,0.000476617,0.096600766,0,0,0,0,0,0,0,0,0,0,0,1.91E-05,0,0,0,0,0,0,1.91E-05,0,0,0,0,0,0,0,0.000552876,0,0.000648199,0,0.044592302,0,0.001372657,0,0.000571941,0,0,0.000419423,0,3.81E-05,0,0,0,0,0,0,0,0
C160VVLJ.03,0,0,0,0.000134169,0.000523258,0,0,0,0,0,0,0,0,0,0,0,0,0,0,0.000483008,0,0,0.165483745,0.003555472,0,0,0,0,0.001945447,0.000724511,0.000979432,0,0,0,0,0,0,0,0,0,0,0,0,0,0,0,0,0,0,0,0,0,0,0,0.000174419,0,0,0.416352488,0,0,0.006627937,0.000362256,0.006319348,0,0,0.013336374,0,0.207357815,0,0.009995572,0.081064763,0.002817544,0,0.040344545,5.37E-05,0,0,0,0,0,0,0,0,0,0,0,0,0,0,0,0,0,0,0,8.05E-05,0,1.34E-05,0,0,0,0,0,0.000134169,0,0,0,0.041028806,0,0,0,0.000107335,0,0,0,0,0,0,0,0,0,0,0,0,0
A160T15Q.03,0.000143742,0,0,0.000574968,0.000339754,0,1.31E-05,1.31E-05,0,0,0,0,0,0,1.31E-05,0,0,0,0,1.31E-05,0,0,0.14197789,0,0,0,0,0,0.014191255,0.00287484,0,1.31E-05,0,0,0,0,0,0,0,0,0,0,3.92E-05,0,0,0,0,0,0,0,0,0,0,3.92E-05,0,0,0,0.00077098,0.000431226,0,0.012401014,1.31E-05,0.000196012,0,0,0.006664402,0,0.066578679,0,9.15E-05,0.000470428,0.692797219,0,0.036588872,7.84E-05,0,0,0,0,0,0,0,0,0,0,0,0,0,0,0,0,0,0,0,2.61E-05,0,0,0,0,0,0,0,1.31E-05,0,0,0,0.022358414,0,0.000274417,0,0,0,0,0,0,0,0,0,0,0,0,0,0,0
D160WDF1.03,0,0,1.44E-05,0.000606524,0.012289341,0,0,0,0,0,0,0,0,1.44E-05,0,0,0,0,0,0,0,0,0.104235563,0.003047063,0,0,0,0,1.44E-05,0.015755195,0.34001473,0,0,0,0,0,0,0,0,0,0,0,4.33E-05,0,0,0,0,0,4.33E-05,0,0,0,0,0,0.000447673,0,0,0.001963984,7.22E-05,0,0.005776424,0,0.000476555,0,0,0.003595824,1.44E-05,0.046153624,0,0.048132049,0.001819573,0.229468425,1.44E-05,0.169133681,0.000144411,7.22E-05,0,0,0,0,0,0,0,0,0,0,0,0,0,0,0,0,0,0,2.89E-05,0,0,0,0,0,0,0,0.005213222,0,0,0,0.011379554,0,0,0,0,0,0,0,0,0,0,0,0,0,0,0,0,1.44E-05
E160SS57.03,2.82E-05,0,0,0.045945069,0.009028199,0,0.007278985,0,0,0,0,0,0,1.41E-05,1.41E-05,0,0,0,0,0.01283697,0,0,2.82E-05,0,0,0,0,0,0.044294601,0,0.254411827,0,0,0,0,0,0,0,0,0,0,0,1.41E-05,0,0,0,0,0,0.000677115,0,0,0,0,0,0,0,0,0.001227271,0.001297804,0,0.316565335,0,0,0,0,0.014402799,0,0.00139655,0,0,0,0.022443538,0,0.191059262,0,0,0,0,0,0,0,0,0,0,0,0,0,1.41E-05,0,0,0,0,0,0,0,0,0,0,0,0,0,0,1.41E-05,0,0,0,0.07699361,0,0,0,0,1.41E-05,0,0,0,0,0,0,0,0,0,0,0,0
F160V4FH.03,3.84E-05,0,0,0.012242466,0.000711101,0,1.92E-05,0,0,0,0,0,0,0,0,0,0,0,0,0,0,0,0.090156058,0.006092405,0,1.92E-05,0,0,0.120944803,0.065863315,0.010781827,0,0,0,0,0,0,0,0,0,0,0,1.92E-05,0,0,0,0,0,3.84E-05,0,0,0,0,0,0,0,0,0.003766913,0,0,0.002037208,3.84E-05,0.044414975,0,5.77E-05,0.000326722,0.002075646,0.201549047,1.92E-05,0.062461562,0.020871771,0.068784594,0,0.189345018,0.002978936,5.77E-05,0,0,0,0,0,0,0,0,0,0,0,0,0,0,0,0,0,0,0.056446033,0,0,0,0,0,0,0.011243081,1.92E-05,0,0,0,0.026291513,0,5.77E-05,0,0,0,0,5.77E-05,0,0,0,0,0,0,0.00017297,0,0,0
B160V3H8.03,0.000632009,0,0,0.000812582,0.013615269,0,0,0,0,0,0,0,0,0,0,0,0,0,0,0.003792051,0,0,0.181548963,0.003196157,0,0,0,0,0.085519782,1.81E-05,1.81E-05,0,0,0,0,0.000216689,0,0,0,0,0,0,1.81E-05,0,0,0,0,0,0,0,0,0,0,0,0.000126402,0,0,0.002618321,0,0,0.008432799,0,0,0,0,7.22E-05,0,0.001083443,0,0,7.22E-05,0.520016613,0,0.094385959,0,0,0,0,0,0,0,0,0,0,0,0,0,0,0,0,0,0,0,0,0,0,0,0,0,0,0,0,0,0,0,0,0.083533469,0,0.000270861,0,0,0,0,0,0,0,0,0,0,0,0,0,0,0
B160WF0F.03,1.56E-05,0,0,0.002208948,0.004028996,0,0,0.000388899,0,0,0,0,0,0,3.11E-05,0,0,0,0,0,0,0,0.155590816,0.013564806,0,0,0,0,0.005802377,0,0,0.001571153,0,0,0,0,0,0,0,0,0,0,3.11E-05,0,0,0,0,0,7.78E-05,0,0,0,0,0,1.56E-05,0,1.56E-05,1.56E-05,0,0,0.054352561,0.000186672,0.020129426,3.11E-05,0,0.008384668,0,0.296263456,0,0.001088918,0.299312426,0.078293199,0,0.0379099,0.000326675,0,0,0,0,0,0.001711157,0,0,0,0,0,0,0,0,0,0,0,0,0,0.012102545,0,0,0,0,0,0,0,0,0,0,0,0.003951216,0,0.002551179,0,0,0,0,0,0,0,0,0,0,0,4.67E-05,0,0,0
E160V4DL.03,0.000507786,0,0,0.003987061,0.059674265,0,0,0,0,0,0,0,0,0,0,0,0,0,0,0.000112841,0,0,0.08559016,0.029921763,0,0,0,0,0.005660874,0.034679907,0.091175807,0,0,0,0,0,0,0,0,0,0,0,0,0,0,0,0,0,5.64E-05,0,0,0,0,0,0,0,0,0.000376138,0.00024449,0,0.013221244,0,7.52E-05,0.000488979,0,0.000150455,0,0.027608516,0.005660874,0.037707816,7.52E-05,0.220097044,0,0.253159558,0.000112841,0.01566614,0,0,0,0,0,0,0,0,0,0,0,0,0,0,0,0,0,0,0,0,0,0,0,0,0,1.88E-05,0.097551343,0,0,0,0.012224479,0,5.64E-05,0,0,0,0,0.004137516,0,0,0,0,0,0,0,0,0,0
H160TXJV.03,0.000349241,0,0,0.008084935,0.036443327,0,0,0,0,0,0,0,0,0,0,0,0,0,0,6.98E-05,0,0,0.11965006,0.003352716,0,0,0,0,0.038032375,0.000122234,0,0,0,0,0,0,0,0,0,0,0,0,8.73E-05,0,0,0,0,0,6.98E-05,0,0,0,0,0,0.000104772,0,0,0.005360854,0,0,0.106431278,0,0.000715945,0,0,0.000314317,0,1.75E-05,0,3.49E-05,0,0.545584717,0,0.117799081,0,0.004575061,0,0,0,0,0,0,0,0,0,0,0,0,0,0,0,0,0,0,0,0,0,0,0,0,0,0,0,0,0,0,0.011070948,0,0.00169382,0,0,0,0,0,0,3.49E-05,0,0,0,0,0,0,0,0
G160SV9V.03,0.000146546,0,0,0.004396392,0.006643436,0,0.00094441,0,0,0,0,0,0,0,0,0,0,0,0,0.000130263,0,0,0.079232748,0,0,0,0,0,0.041391214,0.001872537,3.26E-05,0,0,0,0,0,0,0,0,0,0,0,8.14E-05,1.63E-05,0,0,0,0,0,0,0,0,0,0,0,0,0,0.00866252,0.001432898,0,0.12638812,0,1.63E-05,0,0,0.000846712,0.000521054,0.004363826,1.63E-05,0,0.000179112,0.610854203,0,0.100905331,1.63E-05,0,0,0,0,0,0,0,0,0,0,0,0,0,0,0,0,0,0,0,0,0,0,0,0,0,0,0,0,0,0,0,0.003679943,0,0.005454782,0,0.00177484,0,0,0,0,0,0,0,0,0,0,0,0,0
E160VHFJ.03,0.000798836,0,0,0.006775841,0.025391572,0,0,0,0,0,0,0,0,1.43E-05,0,0,0,0,0,0,0,0,0.071510085,0.000385153,0,0,0,0,0.029556931,0,0,0,0,0,0,5.71E-05,0,0,0,0,0,0,0.000242504,0,0,0,0,0,9.99E-05,0,0,0,0,0,8.56E-05,0,0,0.001312373,0.001426493,0,0.177726741,0,0,0,0,0,0,0.000884426,0,0,5.71E-05,0.512110924,0,0.166528772,5.71E-05,0.000114119,0,0,0,0,0,0,0,0,0,0,0,4.28E-05,0,0,0,0,0,0,0,0,0,0,0,0,0,0,0,0,0,0,0.00393712,0,0.000884426,0,0,0,0,0,0,0,0,0,0,0,0,0,0,0
D160SV8Y.03,7.16E-05,0,0,0.002540569,0.050829263,0,1.79E-05,0,0,0,0,0,0,0,0,0,0,0,0,3.58E-05,0,0,0.094555669,0.02263253,0,0,0,0,0.001699676,0.002075394,0.097275151,0,0,0,0,0,0,0,0,0,0,0,0,0,0,0,0,0,0.000107348,0,0,0,0,0,0,0,0,0.000125239,0.003739288,0,0.000161022,0,3.58E-05,0,0,0.000590414,0,0.03057628,0,0.150841787,0.001538654,0.12892491,0.0061904,0.376916609,1.79E-05,0.000876675,0,0,0,0,0,0,0,0,0,0,0,0,0,0,0,0,0,0,0.021040202,0,0,0,0,0,0,0,0.005421072,0,0,0,0.001162936,0,0,0,0,0,0,0,0,0,0,0,0,0,0,0,0,0
C160T257.03,0.000241072,0,0,0.004909105,0.000558849,0,0,6.57E-05,0,0,0,0,0,0,0,0,0,0,0,0.001917619,0,0,0.043590221,0,0,0,0,0,1.10E-05,0.000197241,3.29E-05,0,0,0,0,0,0,0,0,0,0,0,1.10E-05,0,0,0,0,0,8.77E-05,0,0,0,0,0,0.000120536,0,0,0.003846196,0,0,0.001336854,0,0.046055731,0,0,0.002728498,0,0.051775715,0,3.29E-05,0.001928577,0.769710385,0,0.004514623,0.001117698,0.001808041,0,0,0,0,0,0,0,0,0,0,0,0,0,0,0,0,0,0,0,0,0,0,0,0,0,0,3.29E-05,0,0,0,0.059862589,0,0.002772329,0,0,0,0,0,0,0,0,0,0,0,0.000734174,0,0,0
J160TMVD.03,0.000428435,0,0,0.005522056,0.02181847,0,0,0,0,0,0,0,0,0,0,0,0,0,0,0.003871787,0,0,0.396017137,0.005490321,0,0,0,0,0.024008251,0,0,0,0,0,0,0,0,0,0,0,0,0,6.35E-05,0,0,0,0,0,7.93E-05,0,0,0,0,0,0.000222152,0,0,0.007711838,0,0,0.04592193,0,0,0,0,0.000349096,0,0,0,0,0,0.401301174,0,0.056791495,0,0,0,0,0,0,0,0,0,0,0,0,0,0,0,0,0,0,0,0,0,0,0,0,0,0,0,0,0,0,0,0,0.030133291,0,0.000269756,0,0,0,0,0,0,0,0,0,0,0,0,0,0,0
E160TD0W.03,0.00034653,0,0,0.012009443,0.009388807,0,0,0.004862254,0,0,0,0,0,0,0,0,0,0,0,0.000108291,0,0,0.284360651,0.008804037,0,0,0,0,0.14324699,0,0,0,0,0,0,0,0,0,0,0,0,0,5.41E-05,0,0,0,0,0,1.08E-05,0,0,0,0,0,0.000173265,0,0,0.00818678,0,0,0.131443299,0,0,0,0,0.007547865,0,0.001007104,0,0,0,0.092902625,0,0.238911028,0,0,0,0,0,0,0,0,0,0,0,0,0,0,0,0,0,0,0,0,0,0,0,0,0,0,0,0,0,0,0,0,0.056516937,0,0.00011912,0,0,0,0,0,0,0,0,0,0,0,0,0,0,0
E160SGZP.03,0.000662018,0,0,0.00942272,0.031225174,0,8.83E-05,0,0,0,0,0,0,0,0,0,0,0,0,0.00048548,0,0,0.199841116,0.008738635,0,0,0,2.21E-05,0.008186954,0.006090564,0.104753288,0,0,0,0,0,0,0,0,0,0,0,4.41E-05,0,0,0,0,0,4.41E-05,0,0,0,0,0,0,0,0,0.000573749,0.033365699,0,0.000662018,0,0.000706152,0,0,0.00668638,0,0.073660517,0,0,0.00048548,0.341998411,0,0.142069026,0,0,0,0,0,0,0,0,0,0,0,0,0,0,0,0,0,0,0,0,0.021559714,0,0,0,0,0,0,0,0.003552829,0,0,0,0.00507547,0,0,0,0,0,0,0,0,0,0,0,0,0,0,0,0,0
C160TC7M.03,9.22E-05,0,0,0.06176617,0.00324406,0,0.007999558,0,0,0,0,0,0,0,0,0,0,0,0,0.006672442,0,0,0.002248724,0.006082613,0,0,0,0,0.008681548,3.69E-05,0.520929718,0,0,0,0,0,0,0,0,0,0,0,0,0.000165889,0,0,0,0,0.002359317,0,0,0,0,0,9.22E-05,0,0,0.001585166,0,0,0.000313347,0,0.000110593,0,0,0.000645126,0,0.004313126,0,0.063425064,0,0.091939616,0,0.196247212,0,0,0,0,0,0,0,0,0,0,0,0,0,9.22E-05,0,0,0,0,0,0,0,0,0,0,0,0,0,0,0.010414171,0,0,0,0.010432603,0,0,0,7.37E-05,0,0,1.84E-05,0,0,0,0,0,0,0,0,0,1.84E-05
D160THGY.03,0.000563853,0,0,0.00070843,0.018404731,0,0,0,0,0,0,0,0,0,1.45E-05,0,0,0,0,2.89E-05,0,0,0.241285584,0.037315483,0,0,0,0,0.022163749,0.010062602,0.023783018,0,0,0,0,0,0,0,0,0,0,0,4.34E-05,1.45E-05,0,0,0,0,0.000433733,0,0,0,0,0,2.89E-05,0,0,0.000477106,8.67E-05,0,0.011132476,0,0.000101204,0.000346986,0,0.039426316,0,0.161724522,0.001951798,0.030896237,0.000216866,0.139835471,1.45E-05,0.129874073,0.00013012,0.040048,0,0,0,0,0,0,0,0,0,0,0,0,0,0,0,0,0,0,0,0,0,0,0,0,0,0,0.035840791,0,0,0,0.052655168,0,0,0,0,0,0,0.00039036,0,0,0,0,0,0,0,0,0,0
G160SH1H.03,0.000341248,0,0,0,2.84E-05,0,8.53E-05,0.001009527,0,0,0,0,0,4.27E-05,4.27E-05,0,0,0,0,0,0,0,0.050732262,0,0,0,0,0,0,5.69E-05,0,0,0,0,0,0,0,0,0,0,0,0,0.000127968,1.42E-05,0,0,0,0,0.000483435,0,0,0,0,0,0,0,0,0,0,0,0.033712498,0,0.069244988,0,0,0.022223802,0,0.124598322,0,8.53E-05,0.001592493,0.306753875,0,0.346893218,0,0,0,0,0,0,0,0,0,0,0,0,0,0,0,0,0,0,0,0,0,0,0,0,0,0,0,0,0,0,0,0,0.041674961,0,0.000184843,0,0,0,0,7.11E-05,0,0,0,0,0,0,0,0,0,0
J160VWN1.03,0,0,0,0.005231612,0.011457876,0,0,0,0,0,0,0,0,5.17E-05,2.58E-05,0,0,0,0,0,0,0,0.192781667,0.0016922,0,0,0,0,0,0.017399953,0.06173302,0,0,0,0,9.04E-05,0,0,0,0,0,0,2.58E-05,0,0,0,0,0,0,0,0,0,0,1.29E-05,0.000555455,0,6.46E-05,0.002557677,1.29E-05,0,0.000658796,0,0.008370579,0,0,0.000155011,0,0.068153047,1.29E-05,0.04246002,0.00269977,0.417314698,0.010721575,0.107047821,0.00063296,0.000129176,0,0,0,0,0,0,0,0,0,0,0,0,0,0,0,0,0,0,2.58E-05,0,0,0,0,0,0,0,0.002079727,0,0,0,0.044811016,0,0.001033405,0,0,0,0,0,0,0,0,0,0,0,0,0,0,0
F160TX1P.03,0.000273159,0,0,0.00380602,0.024274762,0,0,0,0,0,0,0,0,0,0,0,0,0,0,0.000218527,0,0,0.085025404,0.012182908,0,0,0,0,0.003095806,0.015151239,0.317902865,7.28E-05,0,0,0,0,0,0,0,0,0,0,1.82E-05,0,0,0,0,0,1.82E-05,0,0,0,0,0,0.00029137,3.64E-05,0,0.00437055,0.000109264,0,0.002567698,0,7.28E-05,0.000109264,0,5.46E-05,0,0.019102945,0.002549487,0.031249431,0.000327791,0.228306594,0,0.218800648,0.000163896,0.000655582,0,0,0,0,0,0,0,0,0,0,0,0,0,0,0,0,0,0,0,0,0,0,0,0,0,1.82E-05,0.021688853,0,0,0,0.007484566,0,0,0,0,0,0,0,0,0,0,0,0,0,0,0,0,0
E160T6W2.03,0,0,0,0.006066664,0.035538244,0,0,0,0,0,0,0,0,0,0,0,0,0,0,1.72E-05,0,0,0.055185964,0.022612113,0,0,0,0,0.001378787,0.023663438,0.356743994,0,0,0,0,0,0,0,0,0,0,0,0,0,0,0,0,0,0,0,0,0,0,0,0,0,0,6.89E-05,0.000827272,0,0.000189583,0,0,0.000327462,0,0,0,0.007910792,0.006652649,0.029299231,1.72E-05,0.028247906,0,0.184654097,0,0.009013822,0,0,0,0,0,0,0,0,0,0,0,0,0,0,0,0,0,0,0,0,0,0,0,0,0,0,0.04413843,0,0,0,0.001396022,0,0,0,0,0,0,0.186050119,0,0,0,0,0,0,0,0,0,0
J160VJ0W.03,0.000441569,0,0,0.00453457,0.033525246,0,0,0,0,0,0,0,0,0,0,0,0,0,0,0.000169834,0,0,0.012482804,0.020397072,0,0,0,0,0.000441569,0.010580663,0.413562949,0,0,0,0,0,0,0,0,0,0,0,3.40E-05,0,0,0,0,0,3.40E-05,0,0,0,0,0,1.70E-05,0,0,0.000152851,5.10E-05,0,0.002734329,0,0,0.001256772,0,0,0,0.001834208,0.002683378,0.066676857,0.000118884,0.109441076,0,0.295664136,0,0.002598461,0,0,0,0,0,0,0,0,0,0,0,0,0,0,0,1.70E-05,0,0,0,0,0,0,0,0,0,3.40E-05,0.020142321,0,0,0,0.000305701,0,0,0,0,0,0,6.79E-05,0,0,0,0,0,0,0,0,0,0
E160T5P3.03,3.81E-05,0,0,0.003786365,0.002321289,0,0.002949179,0,0,0,0,0,0,0,0,0,0,0,0,0.000475674,0,0,0.544589684,0,0,0,0,0,0.041650018,0,0.091805088,0,0,0,0,0,0,0,0,0,0,0,0,0,0,0,0,0,0.000589836,0,0,0,0,0,0,0,0,0.000285404,0.001141618,0,0.050916148,0,0.000152216,0.00043762,0,0.014707841,0,0.060258386,0,0,0,0.063074376,0,0.025058508,0.002873071,0,0,0,0,0,0,0,0,0,0,0,0,0,0,0,0,0,0,0,0,0,0,0,0,0,0,0,0.001712427,0,0,0,0.091158171,0,0,0,0,0,0,1.90E-05,0,0,0,0,0,0,0,0,0,0
A160TPMZ.03,6.77E-05,0,0,0.00665211,0.012694866,0,5.08E-05,0,0,0,0,0,0,0,0,0,0,0,0,1.69E-05,0,0,0.001066369,0.029384384,0,0,0,3.39E-05,0.012559454,0.192471098,0.062374109,0.000152338,0,0.003165253,0.00067706,0.001286413,0,0,0,0,0,0,5.08E-05,0,0,0,0,0,0.00033853,0,0,0,0,0,0,0,0,0.000135412,0,0,0.029722913,0,0.000643207,1.69E-05,0,0.00028775,1.69E-05,0.030620017,0.018822255,0.015893972,0.016943415,0.077134007,0.016215576,0.359332419,0.000118485,0.000541648,0,0,0,0,0,0,0,0,0,0,0,0,0,0,0,0,0,0,0.006821375,0,0,0,0,0,0,0,0.071125104,0,0,0,0.03229574,0,5.08E-05,0,0,0,0,0,0,0,0,0,0,0,0.000220044,0,0,0
E160VSFV.03,6.98E-05,0,0,0.005650769,0.031207125,0,0,0,0,0,0,0,0,0,0,0,0,0,0,0,0,0,0.011952654,0.074901751,0,0,0,0,0.001767319,0.123479757,0.2216357,0,0,0,0,0,0,0,0,0,0,0,2.33E-05,0,0,0,0,0,0,0,0,0,0,0,2.33E-05,0,0,4.65E-05,9.30E-05,0,0.014650141,0,2.33E-05,0.000162779,0,0,0,0.003139316,0.004022975,0.037927586,6.98E-05,0.078692184,6.98E-05,0.320768318,0,0.015580308,0,0,0,0,0,0,0,0,0,0,0,0,0,0,0,0,0,0,0,0,0,0,0,0,0,0.000930168,0.043578355,0,0,0,0.005394972,0,0,0,0,0,0,0.004139246,0,0,0,0,0,0,0,0,0,0
D160TBNY.03,0,0,0,0.000164621,0.005911404,0,1.50E-05,0,0,0,0,0,0,0,0,0,0,0,0,0,0,0,0.003247531,0.046198743,0,0,0,0,0.176788387,0.031667166,0.012601018,0.044073631,0,0,0,0,0,0,0,0.000374139,0,0,0,0,0,0,0,0,0,0,0,0,0,0,0,0,1.50E-05,5.99E-05,0,0,0.00013469,0,0.00206525,0.009832386,0.014501646,0.001646214,0.000194553,0.250224484,4.49E-05,0,0.094163424,0.143475007,0.004429811,0.020128704,0.000284346,0,0,0,0,0,0,0,0,0,0,0,0,0,0,0,0,0,0,0,0.010655492,0,0,0,0,0,0,0.00866507,0.014980545,0,0,0,0.027671356,0,0.000194553,0,0,0,0,0.075276863,0,0,0,0,0,0.000314277,0,0,0,0
E160T6CL.03,0.000148001,0,0,0,0,0,0,0,0,0,0,0,0,0,0,0,0,0,0,0,0,0,0.01037749,0,0,0,0,0,0,0,0.173283187,0,0,0,0,0,0,0,0,0,0,0,0,0.001506129,0,0,0,0,0.020276153,0,0,0,8.71E-06,0,0,0,0,0.209369341,0,0,0,0,0,0,0,0,0,0,0,0,0,0.094590124,0,0.08918373,0,0,0,0,0,0,0,0,0,0,0,0,0,0,0,0,0,0,0,0,0,0,0,0,0,0,0,0,0,0,0,0,0.401187491,0,0,0,0,0,0,0,0,0,0,0,6.96E-05,0,0,0,0,0
K160SVK0.03,0,0,0,0.000125089,0,0,0.000178699,0,0,0,0,0,0,0,0,0,0,0,0,0,0,0,0.826286633,0,0,0,0,0,0,0,0.001036455,0,0,0,0,0,0,0,0,0,0,0,0,5.36E-05,0,0,0,0,0.009238742,0,0,0,0,0.000125089,0,3.57E-05,0,0.000553967,0,0,0.043942102,0,0,0,0,0,0,0.000214439,0,0,1.79E-05,0.039492495,0,0.000268049,0,0,0,0,0,0,0,0,0,0,0,0,0,0.000232309,0,0,0,0,0,0,0,0,0,0,0,0,0,0,0,0,0,0,0.027197999,0,0.050982845,0,0,1.79E-05,0,0,0,0,0,0,0,0,0,0,0,0
G160SG6G.03,0,0,0,0,0.000865718,0,0.000274831,0,0,0,0,0,0,0,0,0,0,0,0,6.87E-05,0,0,2.75E-05,2.75E-05,0,0,0,0,0,2.75E-05,0.001071841,0,0,0,0,0,0,0,0,0,4.12E-05,0,0,8.24E-05,0,0,0,0,0.002226131,0,0,0,0,0,0,0,0,0.09731765,0,0,1.37E-05,0,0,0,0,0,0,1.37E-05,0,0,0,0.120746991,0,9.62E-05,0,0,0,0,0,0,0,0,0,0,0,0,0,0,0,0,0,0,0,0,0,0,0,0,0,0,0,0,1.37E-05,0,0,0,0.777084593,0,0,0,0,0,0,0,0,0,0,0,0,0,0,0,0,0
C160TY1Q.03,0,0,0,0.000215008,0.004622662,0,0,0,0,0,0,0,0,0,0,0,0,0,0,0,0,0,0.03151652,0.001773812,0,0,0,0,0.017093098,0.026445926,0.458718555,0.000591271,0,0.003888053,0.001594639,0.011932918,0,0,0,0,0,0,1.79E-05,0,0,0,0,0,0,0,0,0,0,0,0,0,5.38E-05,7.17E-05,0,0,0.002418835,0.000125421,0.009854512,0.000268759,0,0.001970902,0,0.162402351,0.003063857,0.001469218,0.118934996,0.018401061,0.010624955,0.082795815,0.000304594,1.79E-05,0,0,0,0,0,0,0,0,0,0,0,0,0,0,0,0,0,0,0.008994481,0,0,0,0,0,0,0,0.018705655,0,0,0,0.000913782,0,0.00019709,0,0,0,0,0,0,0,0,0,0,0,0,0,0,0
J160T7PQ.03,1.62E-05,0,0,0.002958771,0.010234438,0,3.23E-05,0,0,0,0,0,0,0,0,0,0,0,0,0,0,0,0.231560226,0.023654002,0,0,0,0,0.009506871,0.028278092,0.032126112,0,0,0,0,0,0,0,0,0,0,0,1.62E-05,0,0,0,0,0,6.47E-05,0,0,0,0,1.62E-05,1.62E-05,0,1.62E-05,0.00025869,0.00367017,0,0.003718674,0,0.003540825,0,0,0.003217462,0.000194018,0.212255457,0.004397736,0.05178658,0.082554568,0.04017785,0.008100243,0.175780113,0.001099434,0.00960388,0,0,0,0,0,0,0,0,0,0,0,0,0,0,0,0,0,0,0.022473727,0,0,0,0,0,0,0,0.033290218,0,0,0,0.005092967,0,0.000274859,0,0,0,0,0,0,0,0,0,0,0,1.62E-05,0,0,0
C160VSDK.03,6.01E-05,0,0,0.002243859,0.015266258,0,0,0,0,0,0,0,0,0,2.00E-05,0,0,0,0,6.01E-05,0,0,0.051188043,0.031273791,0,0,0,0,0.002744721,0.038806748,0.075830428,0.000300517,0,0,0,0,0,0,0,0,0,0,0,0,0,0,0,0,0.000260448,0,0,0,0,0,0,0,0,0.000140241,4.01E-05,0,0.004327443,0,0.000100172,0.000100172,0,0.000380655,0,0.03243579,2.00E-05,0.00647113,0.022839284,0.518451737,0.000100172,0.167147494,0,0.000761309,0,0,0,0,0,0,0,0,0,0,0,0,0,0,0,0,0,0,0.002063549,0,0,0,0,0,0,0.000380655,0.024522178,0,0,0,0.000981689,0,0,0,0,0,0,0.000681172,0,0,0,0,0,0,0,0,0,0
F160TGDS.03,0,0,0,0.005775631,0.019388084,0,0,0,0,0,0,0,0,0,0,0,0,0,0,0,0,0,0.050241546,0.009747719,0,0,0,0,0.010005368,0.10389694,0.050026838,0,0,0,0,0,0,0,0,0,0,0,0,0,0,0,0,0,2.15E-05,0,0,0,0,2.15E-05,2.15E-05,0,2.15E-05,6.44E-05,2.15E-05,0,0.00057971,0,0.001460011,0,0,0.000150295,0.000128824,0.077831455,0.012238325,0.100912507,0.049447128,0.025356951,0.003542673,0.362984434,0.000171766,0.035748792,0,0,0,0,0,0,0,0,0,0,0,0,0,0,0,0,0,0,0.017949544,0,0,0,0,0,0,0,0.023038111,0,0,0,0.039098229,0,0.000107354,0,0,0,0,0,0,0,0,0,0,0,0,0,0,0
H160WDHQ.03,0,0,0,0.012122856,0.009577265,0,0,0,0,0,0,0,0,0,0,0,0,0,0,0,0,0,0.032195468,0.000521638,0,0,0,0,2.09E-05,0.01813212,0.312460877,0,0,0,0,0,0,0,0,0,0,0,0,0,0,0,0,0,0.000208655,0,0,0,0,0,2.09E-05,0,2.09E-05,0.000751158,0,0,0.017401828,0,0.000396445,0,0,0.000166924,0,0.011371698,0,0.069169136,0.001272796,0.210991946,0,0.248904561,6.26E-05,6.26E-05,0,0,0,0,0,0,0,0,0,0,0,0,0,0,0,0,0,0,0,0,0,0,0,0,0,0,0.009931978,0,0,0,0.044109669,0,0.000125193,0,0,0,0,0,0,0,0,0,0,0,0,0,0,0
B160T3TK.03,0,0,0,0,2.42E-05,0,1.21E-05,0,0,0,0,0,0,0,3.63E-05,0,0,0,0,0,0,0,6.06E-05,0.000835675,0,0,0,0,2.42E-05,0,0.037169363,0,0,0,0,0,0,0,0,0,0,0,0.001816684,0,0,0,0,0,9.69E-05,0,0,0,0,1.21E-05,0.013370797,0,0,0.077996318,0,0,0.052465846,0,2.42E-05,0,0,3.63E-05,0,0.07831121,0,0,0,0.725898653,0.00088412,0.009943319,0,0,0,0,0,0,0,0,0,0,0,0,0,0,0,0,0,0,0,0,0,0,0,0,0,0,0,0,1.21E-05,0,0,0,6.06E-05,0,0.000908342,0,0,0,0,0,0,0,0,0,0,0,0,0,0,0
B160SKGB.03,0,0,0,0.019604555,0.069529927,0,6.71E-05,0,0,0,0,0,0,0,8.39E-05,0,0,0,0,0.0004528,0,0,0.618222677,0.021767932,0,0,0,0,0.025742508,0.008066545,0.000218015,0,0,0,0,0,0,0,0,0,0,0,0,1.68E-05,0,0,0,0,0.001073303,0,0,0,0,0,0,0,0,0.000704355,0,0,0.06090996,0,3.35E-05,0.000771437,0,0,0,0.081621359,0.000117393,0.00692616,0.000150933,0.0087709,0,0.058293783,5.03E-05,5.03E-05,0,0,0,0,0,0,0,0,0,0,0,0,0,0,0,0,0,0,0,0,0,0,0,0,0,0.000838518,0.000150933,0,0,0,0.015512586,0,0,0,0,0,0,0.000251555,0,0,0,0,0,0,0,0,0,0
H160WZN8.03,4.56E-05,0,0,0.001992456,0.001688264,0,0,0,0,0,0,0,0,0,0,0,0,0,0,0,0,0,0.172735292,0.027757498,0,0,0,0,0.12704569,0.018221087,0.004654134,0.003619882,0,0,0,0,0,0,0,0,0,0,0,0,0,0,0,0,4.56E-05,0,0,0,0,0,3.04E-05,0,6.08E-05,0.002129342,0,0,0.013384438,0,0.010509825,0.002296648,0.000152096,0.006205512,0.000532336,0.270563363,0,0.009156172,0.145601387,0.077219079,0.000197725,0.040837744,0.000258563,0,0,0,0,0,0,0,0,0,0,0,0,0,0,0,0,0,0,0,0.021308633,0,0,0,0,0,0,0.001992456,1.52E-05,0,0,0,0.039286366,0,0.000319401,0,0,0,0,0,0,0,0,0,0,0,0.000136886,0,0,0
A160TMJQ.03,0,0,0,0.002464016,0.003425584,0,0.003605878,0,0,0,0,0,0,0,1.50E-05,0,0,0,0,0,0,0,0.028771898,7.51E-05,0,0,0,0,0.135656119,1.50E-05,0.126731572,0,0,0,0,0,0,0,0,0,0,0,0,1.50E-05,0,0,0,0,0.00043571,0,0,0,0,0,0,0,0,0.001427327,4.51E-05,0,0.182006671,0,7.51E-05,0.00043571,0,0.067129421,0,0.000510833,0,0,0.002689384,0.004913008,0,0.045524204,0.013507016,0,0,0,0,0,0,0,0,0,0,0,0,0,0,0,0,0,0,0,0,0,0,0,0,0,0,0,0,0,0,0,0.380510232,0,1.50E-05,0,0,0,0,0,0,0,0,0,0,0,0,0,0,0
D160TYGN.03,4.91E-05,0,0,0.011437641,0.0090323,0,0,0,0,0,0,0,0,0,0,0,0,0,0,0,0,0,0.017050103,0.006888765,0,0,0,0,0.012255784,0,0.218755113,0,0,0,0,0,0,0,0,0,0,0,1.64E-05,0,0,0,0,0,0,0,0,0,0,0,0.000163629,0,0,0.023562522,0.000163629,0,0.054570148,6.55E-05,0.025133357,0,0,0.002258075,0,0.164594037,0,0.001521746,0.001767189,0.167817521,0,0.233187158,0.001636286,0,0,0,0,0,0,0,0,0,0,0,0,0,0,0,0,0,0,0,0,0,0,0,0,0,0,0,0,0,0,0,0.046846876,0,0.001227215,0,0,0,0,0,0,0,0,0,0,0,0,0,0,0
E160S8KD.03,6.21E-05,0,0,0.012891516,0.023037185,0,0.000186159,0,0,0,0,0,0,0,4.65E-05,0,0,0,0,0.000961822,0,0,0.42507873,7.76E-05,0,0,0,0,0.016940476,0.001349653,0.03878314,1.55E-05,0,0,0,0,0,0,0,0,0,0,9.31E-05,0,0,0,0,0,0.000155133,0,0,0,0,0,0,3.10E-05,1.55E-05,0.000899769,0.05497898,0,0.009571679,0,0.000201672,0,0,0.071066226,0,0.075937388,0,0,0.006593134,0.124835172,0,0.124261181,0,0,0,0,0,0,0,0,0,0,0,0,0,0,0,0,0,0,0,0,0,0,3.10E-05,0,0,0,0,0,0.002389041,0,0,0,0.00943206,0,4.65E-05,3.10E-05,0,0,0,0,0,0,0,0,0,0,0,0,0,0
A160TP6B.03,3.76E-05,0,0,0.011933893,0.001750555,0,0,0,0,0,0,0,0,0,0,0,0,0,0,0,0,0,0.191845801,0.015209125,0,1.88E-05,0,0,0.033222904,0.029119452,0.043199187,0,0,0,0,0,0,0,0,0,0,0,5.65E-05,0,0,0,0,0,0,0,0,0,0,0,0,0,0,0.000282348,1.88E-05,0,0.003181117,0,0.012366826,0,0,0,0.006625758,0.011820954,0,0.022681926,0.005308135,0.078699695,0,0.181323646,0.00035764,0,0,0,0,0,0,0,0,0,0,0,0,0,0,0,0,0,0,0,0.014889131,0,0,0,0,0,0,0.007830441,0,0,0,0,0.025919512,0,0,0,0,0,0,0.302017844,0,0,0,0,0,0,0.000282348,0,0,0
B160TY4Z.03,2.00E-05,0,2.00E-05,0.01846554,0.000320096,0,2.00E-05,0,0,0,0,0,0,0,0,0,0,0,0,2.00E-05,0,0,0.051455437,0.025627688,0,2.00E-05,0,0,0.030209063,0.012183655,0.04903471,0,0,0,0,0,0,0,0,0,0,0,2.00E-05,0,0,0,0,0,0,0,0,0,0,0,0,0,0,0.000280084,0,0,0.001240372,0,0.010623187,0,0,8.00E-05,0.000920276,0.028648595,0,0.056777033,0.006241873,0.434350305,8.00E-05,0.232489747,0.000240072,0,0,0,0,0,0,0,0,0,0,0,0,0,0,0,0,0,0,0,0.014504351,0,0,0,0,0,0,0.003260978,0,0,0,0,0.005841753,0,4.00E-05,0,0,0,0,0.016945084,0,0,0,0,0,0,2.00E-05,0,0,0
K160SMMP.03,0,0,0,0.008974467,0.026459931,0,0,0,0,0,0,0,0,0,0,0,0,0,0,1.40E-05,0,0,0.001292099,0.004283588,0,0,0,0,0.012583916,0.042976321,0.094056347,0,0.001952192,0,0,0,0,0,0,0,0,0,0,1.40E-05,0,0,0,0,0.001067386,0,0,0,0,5.62E-05,0,0,0,1.40E-05,0.00077245,0,0.005828488,0,0.00015449,0.000238757,0,0.000421336,0,0.011685065,0.009437937,0.01901632,0.004733013,0.040279767,0.023243729,0.670880031,0,0.004957726,0,0,0,0,0,0,0,0,0,0,0,0,0,0,0,0,0,0,0.005013904,0,0,0,2.81E-05,0,0,0.000589871,0.007963259,0,0,0,0.001011208,0,0,0,0,0,0,0,0,0,0,0,0,0,0,0,0,0
F160T17J.03,0,0,0,0.011371796,0.042995941,0,0,0,0,0,0,0,0,0,0,0,0,0,0,0.000131889,0,0,0.04125207,0.030100089,0,0,0,0,0.001992995,0.045091517,0.182769384,1.47E-05,0,0,0,0,0,0,0,0,0,0,0,0.000102581,0,0,0,0,0.002417972,0,0,0,0,0,0,0,0,0,0,0,0,0,0,0.000952534,1.47E-05,4.40E-05,0,0.004704055,0.01446387,0.050953267,0.000219816,0.02056009,1.47E-05,0.316285409,5.86E-05,0.024399537,0,0,0,0,0,0,0,0,0,0,0,0,0,0,0,0,0,0,0,0,0,0,0,0,0,1.47E-05,0.060625156,0,0,0,0.003238617,0,1.47E-05,0,0,0,0,0.145180908,0,0,0,0,0,1.47E-05,0,0,0,0
J160T7M4.03,1.77E-05,0,0,0.018918775,0.040656749,0,0.000726963,0,0,0,0,0,0,0,0,0,0,0,0,0.021915282,0,0,0.152662281,0.142165641,0,1.77E-05,0,0,0.004237664,0.008067519,0.16051703,0,0,0,0,0,0,0,0,0,0,0,0,1.77E-05,0,0,0,0,0.000159577,0,0,0,0,0,0,1.77E-05,0,0,3.55E-05,0,0.035284314,0,0,0,0,0,0.000177308,0.007588787,0,0.039114169,0,0.052359084,0,0.276884342,0.001737619,0,0,0,0,0,0,0,0,0,0,0,0,0,0,0,0,0,0,0,0,0,0,0,0,0,0,0,0,0,0,0,0.003102892,0,0,0,0,0,0,0.033617617,0,0,0,0,0,0,0,0,0,0
F160SGH9.03,0,0,0,0.010699111,0.093578827,0,1.71E-05,0,0,0,0,0,0,0.000273024,1.71E-05,0,0,0,0,5.12E-05,0,0,0.003088579,0.063989898,0,0,0,0,0.003173899,0.021807757,0.143013156,0,0.001689333,0,0,0,0,0,0,0,0,0,0,6.83E-05,0,0,0,0,0.002525468,0,0,0,0,0.000324215,0,0,0,0,0.000324215,0,0.002952067,0,0,0.000290088,0,0.00133099,0,0.004521953,1.71E-05,0.014879784,0.008122451,0.046789414,0.000955582,0.563640087,0,0.000221832,0,0,0,0,0.000204768,0,0,0,0,0,0,0,0,0,0,0,0,0,0.004624337,0,0,0,0,0,0,3.41E-05,0.006211286,0,0,0,0.000136512,0,0.000119448,6.83E-05,0,0.00017064,6.83E-05,0,0,0,0,0,0,0,0,0,0,0
J160SPMG.03,0,0,0,0.000263578,0.000164737,0,4.94E-05,0,0,0,0,0,0,0,0,0,0,0,0,0,0,0,0.003442993,0.013755498,0,0,0,0,0.127407212,0.014414444,0.0128165,0.033968667,0,0,0,0,0,0,0,0.000131789,0,0,0,0,0,0,0,0,1.65E-05,0,0,0,0,0,0,0,0,0,0,0,0.00067542,0,0.001235524,0.001812102,0,0.000329473,0,0.238900878,0,0,0.04760885,0.406800323,0.000576578,0.06755844,0.000115316,0.002174522,0,0,0,0,0,0,0,0,0,0,0,0,0,0,0,0,0,0,0.007133091,0,0,0,0,0,0,0.002306311,0.011861028,0,0,0,0.004480833,0,0,0,0,0,0,0,0,0,0,0,0,0,0,0,0,0
F160ST1C.03,0,0,0,0,5.62E-05,0,0.000112388,0,0,0,0,0,0,0,9.37E-05,0,0,0,0,0.000262239,0,0,0.003783728,0.001264365,0,0,0,0,0,0,0,0,0,0,0,0,0,0,0,0,0,0,0,0,0,0,0,0,0,0,0,0,0,0,0,0,4.68E-05,0.005085555,0,0,0.326384011,0,0,0,0,0.030204265,0,0.200678074,0,0,0.009562343,0.002135371,0,0.181693874,0.00282843,0,0,0,0,0,0,0,0,0,0,0,0,0,0,0,0,0,0,0,0,0,0,0,0,0,0,0,0,0,0,0,0.234338269,0,0.001470409,0,0,0,0,0,0,0,0,0,0,0,0,0,0,0
A160TQHD.03,0,0,0,0.002371222,4.05E-05,0,0.000113301,0,0,0,0,0,0,0,1.62E-05,0,0,0,0,0,0,0,0.080662,0.002379315,0,0,0,0,0.032031724,0.041306195,0.14356007,0.001918019,0,0,0.002079877,0,0,0,0,0,0,0,0,0,0,0,0,0,6.47E-05,0,0,0,0,0,0.000178044,0,8.09E-06,0.002986283,0,0,0.003690365,0,0.015522195,0,0,0,0,0.212414519,0,0.000801198,0.006425768,0.412301218,0,0.018200947,0.000105208,1.62E-05,0,0,0,0,8.09E-06,0,0,0,0,0,0,0,0,0,0,0,0,0,0.011419091,0,0,0,0,0,0,0.003067212,0.000979242,0,0,0,0.003682272,0,8.09E-06,0,0,0,0,0,0,0,0,0,0,0,0.00164286,0,0,0
H160TXBG.03,0,0,0,0,0.001442375,0,0.003613692,0,0,0,0,0,0,0,0,0,0,0,0,0,0,0,0.064131396,0.008049382,0,0,0,0,0.050607193,0.010112133,0.001550941,0,0,0,0,0,0,0,0,0,0,0,0,0,0,0,0,0,1.55E-05,0,0,0,0,0,0,0,1.55E-05,0.000666904,1.55E-05,0,0.013570731,0,0.003179428,0,0,0.000279169,0.000232641,0.059773252,0,0.000496301,0.100392388,0.626828171,0,0.036416086,0.000108566,0,0,0,0,0,0,0,0,0,0,0,0,0,0,0,0,0,0,0,0,0,0,0,0,0,0,0,0.006482932,0,0,0,0.011275338,0,0.000744452,0,0,0,0,0,0,0,0,0,0,0,0,0,0,0
E160VRXR.03,0,0,0,0.001731578,0.000467251,0,5.50E-05,0,0,0,0,0,0,0,0,0,0,0,0,0,0,0,0.178943463,0.006775142,0,0,0,0,0.019171041,0.004823681,0.168842591,0.003655553,0,0,0.002652338,0,0,0,0,0,0,0,0,0,0,0,0,0,0,0,0,0,0,0,0,0,2.75E-05,0.000178655,0,0,0.001717835,0,0.011186543,1.37E-05,0,2.75E-05,0.002968419,0.07076107,0.001951461,0.001827777,0.007613446,0.423796828,1.37E-05,0.068699667,0.000137427,0,0,0,0,0,0.000632163,0,0,0,0,0,0,0,0,0,0,0,0,0,0.011818707,0,0,0,0,0,0,0.002075145,0.003366957,0,0,0,0.003724267,0,9.62E-05,0,0,0,0,0,0,2.75E-05,0,0,0,0,0.000219883,0,0,0
A160TZPB.03,0,0,0,0.000132088,0,0,0,0,0,0,0,0,0,0,1.32E-05,0,0,0,0,0,0,0,0.065225144,0.005455242,0,0,0,0,0.021913429,0.006525156,0.126765028,0.000805738,0,0,0.000686859,0,0,0,0,0,0,0,0,0,0,0,0,0,1.32E-05,0,0,0,0,0,7.93E-05,0,0,0.001519014,0,0,0.00055477,0,0.013182401,0,0,1.32E-05,0.000858573,0.09522237,0,0.000515144,0.005759045,0.57113609,0,0.050325597,0.000132088,0,0,0,0,0,0.000237759,0,0,0,0,0,0,0,0,0,0,0,0,0,0.028531047,0,0,0,0,0,0,0.001413344,0.00055477,0,0,0,0.002285126,0,2.64E-05,0,0,0,0,0,0,0,0,0,0,0,0.000118879,0,0,0
H160W0QC.03,0,0,0,0.009550405,0.002978684,0,0.000372335,0,0,0,0,0,0,0,0,0,0,0,0,0,0,0,0.122982407,0.007279159,0,0,0,0,0.014893419,0.011281765,0.087759471,0.001768594,0,0,0.001656893,0,0,0,0,0,0,0,0,0,0,0,0,0,0,0,0,0,0,0,0,0,0,1.86E-05,0,0,0.003034534,0,0.005957368,0.000186168,0,7.45E-05,0.001247324,0.026566136,0.005566415,0.01789072,0.001954761,0.483738248,7.45E-05,0.152676161,3.72E-05,3.72E-05,0,0,0,0,0.000297868,0,0,0,0,0,0,0,0,0,0,0,0,0,0.008284464,0,0,0,0,0,0,0.002271246,0.022395979,0,0,0,0.006850973,0,0,0,0,0,0,0,0,1.86E-05,0,0,0,0,0.000297868,0,0,0
B160TF38.03,0,0,0,0,7.75E-05,0,3.88E-05,0,0,0,0,0,0,0,0,0,0,0,0,0,0,0,0.172922278,0.021741237,0,0,0,0,0.013118375,0.004573023,5.81E-05,0,0,0,0,0,0,0,0,0,0,0,0,1.94E-05,0,0,0,0,0,0,0,0,0,0,0,0,0,1.94E-05,0,0,0.00716957,1.94E-05,0.000116263,0,0,0.000232527,0.000116263,0.08555041,0,0.000213149,0.000542562,0.68056659,0,0.005832542,3.88E-05,3.88E-05,0,0,0,0,0,0,0,0,0,0,0,0,0,0,0,0,0,0,0,0,0,0,1.94E-05,0,0,0,0,0,0,0,0.004611777,0,0.00236402,0,0,0,0,0,0,0,0,0,0,0,0,0,0,0
K160T24B.03,0.000258676,0,0,0.00688475,0.01631646,0,0,0,0,0,0,0,0,0,0,0,0,0,0,1.99E-05,0,0,0.237643266,0.007223018,0,0,0,1.99E-05,0.017390958,0.049327443,0.0264844,0,0,0,0,0,0,0,0,0,0,0,0,0,0,0,0,0,0.000457657,0,0,0,0,0,0.000198981,0,1.99E-05,0.001353072,0.102554919,0,0.001353072,0,0.003482171,0,0,0.000258676,0.000218879,0.045109042,0.011600605,0.07786135,0.003641356,0.091173193,0.012535817,0.224550302,0.000198981,0.007561286,0,0,0,0,0,0,0,0,0,0,0,0,0,0,0,0,0,0,0.009769978,0,0,0,0,0,0,0,0.040413085,0,0,0,0.004118911,0,0,0,0,0,0,0,0,0,0,0,0,0,0,0,0,0
E160TPY7.03,0,0,0,0.000483292,0.00081124,0,0.026529274,0.001156448,0,0,0,0,0,0,0,0,0,0,0,0,0,0,0.044894366,0.006645264,0,0,0,0,0.033209058,0.006817868,0.001484397,0,0,0,0,0,0,0,0,0,0,0,0,0,0,0,0,0,1.73E-05,0,0,0,0,0,0,0,0,0.006921431,0,0,0.056096382,0,0.000586854,0,0,3.45E-05,0,0.025372825,0,0.003521127,0.003607429,0.671844794,0,0.071061171,8.63E-05,5.18E-05,0,0,0,0,0,0,0,0,0,0,0,0,0,0,0,0,0,0,0,0,0,0,0,0,0,0,0.001829605,0,0,0,0.017519332,0,0.019417978,0,0,0,0,0,0,0,0,0,0,0,0,0,0,0
K160SC2M.03,1.76E-05,0,0,0.001386938,0.000702247,0,1.76E-05,0,0,0,0,0,0,0,0,0,0,0,0,0.002563202,0,0,0.311025281,0.000245787,0,0,1.76E-05,0,0.047366573,0.002422753,0.000351124,0,0,0,0,0,0,0,0,0,0,0,0,0,0,0,0,0,0.000105337,0,0,0,0,1.76E-05,0,0,0,0.017240169,3.51E-05,0,0.015607444,0,0,0,0,0.04650632,0,0.008286517,1.76E-05,0.000491573,0.000175562,0.287482444,3.51E-05,0.0765625,0,0,0,0,0,0,0,0,0,0,0,0,0,0,0,0,0,0,0,0,7.02E-05,0,0,0,0,0,0,0,0.000140449,0,0,0,0.166976826,0,0.013606039,0,0.000456461,0,0,7.02E-05,0,0,0,0,0,0,0,0,0,0
B160V5DV.03,0,0,0,3.53E-05,0.00163998,0,0.000299781,0,0,0,0,0,0,0,0,0,0,0,0,0,0,0,0.186675601,0.005413698,0,0,0,0,0.023277139,0.002204275,0.00483177,0,0,0,0,0,0,0,0,0,0,0,0,0,0,0,0,0,3.53E-05,0,0,0,0,0,0,0,0,7.05E-05,0,0,0.012202864,1.76E-05,0.000916978,0,0,0.000246879,0.000123439,0.036767299,0,0.000105805,0.100338577,0.611818438,3.53E-05,0.00559004,0.000105805,0,0,0,0,0,0,0,0,0,0,0,0,0,0,0,0,0,0,0,0,0,0,0,0,0,0,0,0.000299781,0,0,0,0.006401213,0,0.00054666,0,0,0,0,0,0,0,0,0,0,0,0,0,0,0
J160T32X.03,1.27E-05,0,0,0.005209591,0.000336717,0,0,0,0,0,0,0,0,0,1.27E-05,0,0,0,0,3.18E-05,0,0,0.894130951,0.000355777,0,0,0,0,0.025310987,0,0,0,0,0,0,0,0,0,0,0,0,0,0,0,0,0,0,0,0.000832264,0,0,0,0,0,0,0,0,0.005076174,0,0,0.020406348,0,1.27E-05,0,0,0.004752163,0,9.53E-05,0,0,0,0.004758516,0,0.031765797,0,0,0,0,0,0,0,0,0,0,0,0,0,0,0,0,0,0,0,0,0,0,0,0,0,0,0,0,0,0,0,0,0.005038055,0,0.001861476,0,0,0,0,0,0,0,0,0,0,0,0,0,0,0
K160SCK2.03,8.49E-06,0,0,0.020107546,0.001809424,0,0.002166212,0,0,0,0,0,0,0,5.95E-05,0,0,0,0,0.001758455,0,0,4.25E-05,0,0,0,0,0,0.019249556,0.000101939,0.590382018,0,0,0,0,0,0,0,0,0,0,0,0,0,0,0,0,0,0.000424747,0,0,0,8.49E-06,0,0,0,0,0.001010899,0,0,0.072283527,0,0,0,0,0.0405379,0,0,0,8.49E-06,0,0.006090879,0,0.0447429,0,0,0,0,0,0,0,0,0,0,0,0,0,0,0,0,0,0,0,0,0,0,0,0,0,0,0,0,0,0,0,0,0.199164097,0,4.25E-05,0,0,0,0,0,0,0,0,0,0,0,0,0,0,0
G160TX6H.03,1.39E-05,0,0,0.007435357,0.005104872,0,0.002136278,0,0,0,0,0,0,0,0,0,0,0,0,0.000152591,0,0,0.017242814,0,0,0,0,0,0.038577849,0,0.12033903,0,0,0,0,0,0,0,0,0,0,0,0,0,0,0,0,0,0.000180335,0,0,0,0,0,0,0,1.39E-05,0.001151371,1.39E-05,0,0.377607924,0,0,0.000513262,0,0.001692376,0,0,0,0,0.001248474,0.015314615,0,0.205637554,0.009127733,0,0,0,0,0,0,0,0,0,0,0,0,0,0,0,0,0,0,0,0,0,0,0,0,0,0,0,0,0,0,0,0.196495949,0,0,0,0,0,0,0,0,0,0,0,0,0,0,0,0,0
G160TCLM.03,2.05E-05,0,0,0.018078528,0.019370584,0,0.005691199,0,0,0,0,0,0,0,0,0,0,0,0,0.0027892,0,0,0.347337442,0,0,0,0,0,0.03853608,0,0.130989858,0,0,0,0,0,0,0,0,0,0,0,0,0,0,0,0,0,0.000533229,0,0,0,0,1.03E-05,0,2.05E-05,2.05E-05,0.000215343,0.018191327,0,0.061106041,0,3.08E-05,0.0006973,0,0.000112799,0,0.085839683,0,0,0,0.025123309,0,0.100903414,0.001281801,0,0,0,0,0,0,0,0,0,0,0,0,0,0,0,0,0,0,0,0,0,0,0,0,0,0,0,0.006378244,0,0,0,0.136722075,0,0,0,0,0,0,0,0,0,0,0,0,0,0,0,0,0
D160TFLQ.03,0,0,0,0.057575977,0.003928373,0,0.00055431,0,0,0,0,0,0,0,0,0,0,0,0,0.001156822,0,0,0.267972911,0.111030776,0,0,0,0,0.000144603,0.00265105,0.034126238,0,0,0,0,0,0,0,0,0,0,0,0,0,0,0,0,0,9.64E-05,0,0,0,0,0,0,0.000289205,0,0,0.012146627,0,0.086400116,0,0.000216904,0,0,0,0.002892054,0.003518666,0,0.069939508,0.000265105,0.012797339,0,0.163352855,0,2.41E-05,0,0,0,0,0,0,0,0,0,0,0,0,0,0,0,0,0,0,0,0,0,0,0,0,0,0.001373726,0,0,0,0,0.001205023,0,0,0,0,0,0,0.166341311,0,0,0,0,0,0,0,0,0,0
B160SDP4.03,0,0,0,4.48E-05,1.12E-05,0,2.24E-05,0,0,0,0,0,0,0,0,0,0,0,0,0.003057351,0,0,0.000481561,1.12E-05,0,0,0,0,0.000380769,1.12E-05,0.000358371,0,0,0,0,0,0,0,0,0,0,0,0,0,0,0,0,0,0,0,0,0,0,0,0,0,0,0.005700335,0,0,0.064529134,0,0,0,0,0.174593753,0,1.12E-05,0,0,0,0.000828732,0,0.057003349,3.36E-05,0,0,0,0,0,0,0,0,0,0,0,0,0,0,0,0,0,0,0,0,0,0,0,0,0,0,0,0,0,0,0,0.692921058,0,0,0,0,0,0,0,0,0,0,0,0,0,0,0,0,0
F160T0XH.03,0,0,0,0,0,0,0.003481764,0,0,0,0,0,0,0,0,0,0,0,0,0,0,0,1.33E-05,0,0,0,0,0,0,0,0,0,0,0,0,0,0,0,0,0,0,0,0,0.002067714,0,0,0,0,0.032723246,0,0,0,2.67E-05,0,0,0,0,0,0,0,2.67E-05,0,0,0,0,0,0,1.33E-05,0,0,0,0,0,0,0,0,0,0,0,0,0,0,0,0,0,0,0,0,0,0,0,0,0,0,0,0,0,0,0,0,0,0,0,0,0,0,0.961647235,0,0,0,0,0,0,0,0,0,0,0,0,0,0,0,0,0
G160T5B1.03,1.49E-05,0,0,1.49E-05,1.49E-05,0,0,0,0,0,0,0,0,0,0,0,0,0,0,0,0,0,7.43E-05,0.001531029,0,0,0,0,0.041858045,5.95E-05,0.44780379,0,0,0,0,0,0,0,0,0,0,0,0,0,0,0,0,0,1.49E-05,0,0,0,0,0,0,0,0,0.015845411,0,0,0.000133779,0,0.010865849,0,0,0.001828317,0,0.085975474,0,8.92E-05,0.001560758,0.317354143,0,1.49E-05,4.46E-05,0,0,0,0,0,0,0,0,0,0,0,0,0,0,0.000133779,0,0,0,0,1.49E-05,0,0,0,0,0,0,0,0,0,0,0,0.07475288,0,0,0,0,0,0,0,0,0,0,0,0,0,0,0,0,0
A160T6SC.03,0,0,0,0.000353732,0.000185288,0,3.37E-05,0,0,0,0,0,0,0,0,0,0,0,0,0,0,0,0.173749726,0.030791517,0,0,0,0,0.015951623,0.003166742,0,0,0,0,0,0,0,0,0,0,0,0,0,0,0,0,0,0,0,0,0,0,0,0,0,0,1.68E-05,0.000791686,0,0,0.056950831,0,6.74E-05,0,0,0.002408746,6.74E-05,0.106490138,0,0.000218977,0.000471642,0.429649469,0,0.054542086,3.37E-05,1.68E-05,0,0,0,0,0,0,0,0,0,0,0,0,0,0,0,0,0,0,0,0,0,0,0,0,0,0,0,0,0,0,0.117321071,0,0.006720906,0,0,0,0,0,0,0,0,0,0,0,0,0,0,0
B160SYZM.03,1.60E-05,0,0,0.01372983,0.00269464,0,0.00166811,0,0,0,0,0,0,0,0,0,0,0,0,0.008934013,0,0,0.087222917,4.81E-05,0,0,0,0,0.033410323,1.60E-05,0.3512174,0,0,0,0,0,0,0,0,0,0,0,1.60E-05,0,0,0,0,0,0.000641581,0,0,0,0,0,0,0,0,1.60E-05,0.000272672,0,0.172809803,0,0,0,0,0.045167292,0,0.003496616,0,0,0,0.030635486,0,0.142527187,0.001732268,0,0,0,0,0,0,0,0,0,0,0,0,0,0,0,0,0,0,0,0,0,0,0,0,0,0,0,0.027924807,0,0,0,0.075770699,0,0,0,0,0,0,0,0,0,0,0,0,0,0,0,0,3.21E-05
B160TC9F.03,6.81E-05,0,0,0,1.13E-05,0,1.13E-05,0,0,0,0,0,0,0,0,0,0,0,0,2.27E-05,0,0,0.001202591,0.021374358,0,0,0,0,0.112998196,0.000192868,0.157040264,0,0,0,0,0,0,0,0,0,0,0,0.000124797,0,0,0,0,0,0,0,0,0,0,0,0.000192868,0,1.13E-05,0.004935162,0,0,0.001259317,0,0.042544502,0,0,0.004492699,0,0.109401768,0,5.67E-05,0.007771462,0.409198688,0,2.27E-05,0.000102107,0,0,0,0,0,0,0,0,0,0,0,0,0,0,0,0,0,0,0,0,0,0,0,0,0,0,0,1.13E-05,0,0,0,0.126839341,0,9.08E-05,0,1.13E-05,0,0,1.13E-05,0,0,0,0,0,0,0,0,0,0
C160S8VB.03,0,0,0,0,0,0,0.000453475,0,0,0,0,0,0,5.23E-05,0,0,0,0,0,0,0,0,0.000156972,1.74E-05,0,0,8.72E-05,0,2.62E-05,0,0.000148252,8.72E-06,0,0,0,0,0,0,0,0,0,0,0,0.005258568,0,0,0,0,0.083831865,0,0,0,0.000627889,0,0,0,0,8.72E-06,0,0,0,0,6.10E-05,0,0,0.015095491,0,0.000165693,0,0,0,0.001090085,0,0.000122089,0,0,0,0,0,0,0,0,0,0,0,0,0,8.72E-06,0,0,0,0,0,0,3.49E-05,0,0,0,0,0,0,0,0,0,0,0,0.892700794,0,0,0,8.72E-06,0,0,0,0,0,0,0,0,0,0,0,0,3.49E-05
B160S6ZS.03,0,0,0,0,0,0,1.23E-05,0,0,0,0,0,0,0,1.23E-05,0,0,0,0,0.000698521,0,0,1.23E-05,0,0,0,0,0,0,0,0,0,0,0,0,0,0,0,0,0,0,0,0,4.90E-05,0,0,0,0,0.000404407,0,0,0,0,0,0,0,0,0.002524479,0,0,0.005784243,0,0,0,0,0.702957072,0,1.23E-05,0,0,0,0.000428916,0,0.003664171,0,0,0,0,0,0,0,0,0,0,0,0,0,0,0,0,0,0,0,0,0,0,0,0,0,0,0,0,0,0,0,0,0.283427899,0,1.23E-05,0,0,0,0,0,0,0,0,0,0,0,0,0,0,0
B160TLVJ.03,0,0,0,0,0,0,1.38E-05,0,0,0,0,0,0,1.38E-05,0,0,0,0,0,0,0,0,0.00024844,0.004030255,0,0,0,0,0.031717551,0,0.161596643,0,0,0,0,0,0,0,0,0,0,0,0,0,0,0,0,0,0.002139347,0,0,0,0,0,1.38E-05,0,0,0.003050295,0.000317452,0,0.116587534,0,0.004858389,0,0,0.001670071,0,0.201954397,0,2.76E-05,0.003602385,0.025630762,0,0.284243361,0.004899796,0,0,0,0,0,0,0,0,0,0,0,0,0,0,0,0,0,0,0,0,0,0,0,0,0,0,0,0,0,0,0,0.150817093,0,0.002567217,0,0,0,0,0,0,0,0,0,0,0,0,0,0,0
D160SZNN.03,3.37E-05,0,0,0,0,0,0,0,0,0,0,0,0,0,0,0,0,0,0,0,0,0,3.37E-05,0,0,0,0,0,0.014836146,0.002997541,0.115944226,0,0,0,0,0,0,0,0,0,0,0,0,0,0,0,0,0,0,0,0,0,0,0,0,0,3.37E-05,1.68E-05,0,0,1.68E-05,0,0,0,0,0,0,0.047438618,0,0,0,0.455828365,0,0,0,0,0,0,0,0,0,0,0,0,0,0,0,0,0,0,0,0,0,0,0,0,0,0,0,0,0,0,0,0,0,0,0.362820383,0,0,0,0,0,0,0,0,0,0,0,0,0,0,0,0,0
B160SBRK.03,0,0,0,1.43E-05,0.00411057,0,0,0,0,0,0,0,0,0,0,0,0,0,0,0,0,0,0,0,0,0,0,0,0,1.43E-05,0.00011458,0,0,0,0,0,0,0,0,0,0,0,0,0.000830708,0,0,0,0,0.013391578,0,0,0,4.30E-05,0,0,0,0,0.257519335,1.43E-05,0,0,0,0,0,0,0,0,0,0,0,0,1.43E-05,0,0,0,0,0,0,0,0,0,0,0,0,0,0,0,0,0,0,0,0,0,0,0,0,0,0,0,0,0,0,0,0,0,0,0.72393297,0,0,0,0,0,0,0,0,0,0,0,0,0,0,0,0,0
B160SD4Z.03,0,0,0,0,0.004465622,0,0,0,0,0,0,0,0,0,0,0,0,0,0,0,0,0,0.00027536,0,0,0,0,0,5.99E-05,0,0.249619883,0,0,0,0,0,0,0,0,0,0,0,0,9.58E-05,0,0,0,0,0.002071187,0,0,0,0,0,0,0,0,0.158810923,0,0,0.000371137,0,0,0,0,1.20E-05,0,7.18E-05,0,1.20E-05,1.20E-05,0.002154992,0,0.000323249,0,0,0,0,0,0,0,0,0,0,0,0,0,0,0,0,0,0,0,0,0,0,0,0,0,0,0,0,0,0,0,0,0.581584398,0,1.20E-05,0,0,0,0,0,0,0,0,0,4.79E-05,0,0,0,0,0
C160SR3K.03,0,0,0,0,1.70E-05,0,0,0,0,0,0,0,0,0,0,0,0,0,0,0,0,0,0,0,0,0,0,0,0,0,0,0,0,0,0,0,0,0,0,0,0,0,0,1.70E-05,0,0,0,0,0.0003402,0,0,0,0,0,6.80E-05,0,0,0.060793686,0,0,0,0,0,0,0,1.70E-05,0,0,0,0,0,0.164707683,0,0.001037609,0,0,0,0,0,0,0,0,0,0,0,0,0,0,0,0,0,0,0,0,0,0,0,0,0,0,0,0,0,0,0,0,0.773001752,0,0,0,0,0,0,0,0,0,0,0,0,0,0,0,0,0
B160SKT2.03,0,0,0,0,0,0,0,0,0,0,0,0,0,0,0,0,0,0,0,0,0,0,3.88E-05,0,0,0,0,0,0,0,0.000407514,0,0,0,0,0,0,0,0,0,0,0,0,0,0,0,0,0,5.82E-05,0,0,0,0,0,0,0,0,0.039858729,0,0,0.005491733,0,0,0,0,0,0,0,0,0,0,0.066793449,0,0,0,0,0,0,0,0,0,0,0,0,0,0,0,0,0,0,0,0,0,0,0,0,5.82E-05,0,0,0,0,0,0,0,0,0,0.887293332,0,0,0,0,0,0,0,0,0,0,0,0,0,0,0,0,0
C160SNZQ.03,0,0,0,0,0.000654805,0,0,0,0,0,0,0,0,0,0,0,0,0,0,0.000453326,0,0,0,0,0,0,0,0,0,0,0.023333711,0,0,0,0,0,0,0,0,0,0,0,0,0,0,0,0,0,0,0,0,0,0,0,0,0,0,0.033369851,0.000251848,0,0.00609472,0,0,0,0,0,0,0.038482364,0,0,0,0.215078136,0,0.001095539,0,0,0,0,0,0,0,0,0,0,0,0,0,0,0,0,0,0,0,0,0,0,0,0,0,0,0,0,0,0,0,0,0.677206503,0,0.003979197,0,0,0,0,0,0,0,0,0,0,0,0,0,0,0
J160SWYT.03,0,0,0,0.006651125,0.021616155,0,0,0,0,0,0,0,0,0,0,0,0,0,0,0.000205705,0,0,0.08944734,0.028627263,0,0,0,0,0.001079951,0.006342567,0.405547175,0,0,0,0,0,0,0,0,0,0,0,0,3.43E-05,0,0,0,0,0,0,0,0,0,0,0,0,0,0,0.002348464,0,0,0,1.71E-05,0.000719967,0,0,0,0.002091333,0.0171935,0.021684723,6.86E-05,0.022644679,0,0.234743555,0,0.016439248,0,0,0,0,0,0,0,0,0,0,0,0,0,0,0,0,0,0,0,0,0,0,0,0,0,1.71E-05,0.07365949,0,0,0,0.006479704,0,0,0,0,0,0,0.042340922,0,0,0,0,0,0,0,0,0,0
E160SPSD.03,0,0,0,0,0,0,7.02E-05,0,0,0,0,0,0,0,0,0,0,0,0,0,0,0,0.000112352,0,0,0,0,0,0.000280879,0,0,0,0,0,0,0,0,0,0,0,0,0,0,0,0,0,0,0,0.000266835,0,0,0,0,0,0,0,0,0.047257917,0.00053367,0,0.162685205,0,0,0,0,0,0,0,0,0,0,0.162095358,0,1.40E-05,0,0,0,0,0,0,0,0,0,0,0,0,0,0,0,0,0,0,0,0,0,0,0,0,0,0,0,0,1.40E-05,0,0,0,0.626669475,0,0,0,0,0,0,0,0,0,0,0,0,0,0,0,0,0
B160RJN6.03,0,0,0,0,0,0,0,0,0,0,0,0,0,0,0,0,0,0,0,0,0,0,3.80E-05,0,0,0,0,0,0,0,0,0,0,0,0,0,0,0,0,0,0,0,0,0.00064656,0,0,0,0,0.000456395,0,0,0,0,0,0.000608527,0,0,0.064732058,0,0,0.000152132,0,0,0,0,0.093522991,0,0,0,0,0,0.150420264,0,3.80E-05,0,0,0,0,0,0,0,0,0,0,0,0,0,0,0,0,0,0,0,0,0.000114099,0,3.80E-05,0,0.001483285,0,0,0,0,0,0,0,0.687711558,0,0,3.80E-05,0,0,0,0,0,0,0,0,0,0,0,0,0,0
J160Q98J.03,0,0,0,0,0,0,0.053047345,0,0,0,0,0,0,5.23E-05,5.23E-05,0,0,0,0,0,0,0,0.000156945,0,0,0,0,0,0,0,0,0,0,0,0,0,0,0,0,0,0,0,0,0.000523149,0,0,0,0,0.022129218,0,0,0,0,0,0,0,0,0,0,0,0.11022757,0,0,0,0,0.439602406,0,5.23E-05,0,0,0,5.23E-05,0,0.00010463,0,0,0,0,0,0,0,0,0,0,0,0,0,0,0,0,0,0,0,0,0,0,0,5.23E-05,0,0,0,0,0,0,0,0,0.373894847,0,0,5.23E-05,0,0,0,0,0,0,0,0,0,0,0,0,0,0
E160QC2J.03,0.001399018,0,0,0,0,0,0.00056556,0,0,0,0,0,0,0,8.93E-05,0,0,0,0,2.98E-05,0,0,2.98E-05,0,0,0,0,0,2.98E-05,0,0,0,0,0,0,0,0,0,0,0,0,0,0,0.001041822,0,0,0,0,0.050453937,0,0,0,0.000297663,0,0,0,0,0,0.000238131,0,0.0060128,0,0,0,0,0.256883465,0,0,0,0,0,5.95E-05,0,0.01729424,0,0,0,0,0,0,0,0,0,0,0,0,0,0,0,0,0,0,0,0,0,0,0,0,0,0,0,0,0,0,0,0,0.665575234,0,0,0,0,0,0,0,0,0,0,0,0,0,0,0,0,0
A160QP5B.03,8.19E-05,0,0,0.00065504,0.011545075,0,0,0,0,0,0,0,0,0,4.09E-05,0,0,0,0,0.00016376,0,0,0.460329157,0.001924179,0,0,0,0,0.101367395,0.00053222,0.106894293,0,0,0,0,0,0,0,0,0,0,0,0,8.19E-05,0,0,0,0,4.09E-05,0,0,0,0,8.19E-05,0,0,0,0.010930975,0,0,0.004134938,0,0,0,0,0.052812577,0,0,0,0,8.19E-05,0.016867273,0.0002047,0.038974863,0,0,0,0,0,0,0,0,0,0,0,0,0,0,0,0.0002047,0,0,0,0,0,0,0,8.19E-05,0,0,0,0,0,0,0,0,0.189019897,0,0.002906739,0,0,4.09E-05,0,0,0,0,0,0,0,0,0,0,0,0
A160QF1K.03,6.40E-05,0,0,0.000127934,0.00115141,0,0,0,0,0,0,0,0,0,0,0,0,0,0,0,0,0,0.630972942,0.013497089,0,0,0,0,0,0.019637945,0.003518199,0,0,0,0,0,0,0,0,0,0,0,0.000639672,0,0,0.000255869,0,0,6.40E-05,0,0,0,0,0,0.003390264,0,0,0.021365061,0.000767607,0,0.027314015,0,0.038700186,0,0,0.014264696,0.022772341,0.052517111,0,0.012153777,0,0.055779441,0,0.019957782,0.001727116,0,0,0,0,0,0,0,0,0,0,0,0,0,0,0,0,0,0,0,0,0,0,0,0,0,0,0,0.000191902,0,0,0,0.025714834,0,0,0,0,0,0,0,0,0,0,0,0,0,0.033454871,0,0,0
C160QXGL.03,0,0,0,0,3.76E-05,0,0,0,0,0,0,0,0,0,0,0,0,0,0,0,0,0,0.011238067,0.012703901,0,0,0,0,0.16605277,0.008005713,0,0,0,0,0,0,0,0,0,0,0,0,0,3.76E-05,0,0,0,0,0.001202736,0,0,0,3.76E-05,0,0.000714125,0,0,0.013418026,0.000563783,0,0.049161843,0,0.020859956,0.002067203,0.000488612,0.007705029,0,0.485980606,0,0.015410058,0.04450124,0.049875968,0,0.013981809,0.018717583,0,0,0,0,0,0,0,0,0,0,0,0,0,0,0,0,0,0,0,0,0,0,0,0,0,0,0,0,0,0,0,0.077238217,0,0,0,0,0,0,0,0,0,0,0,0,0,0,0,0,0
A160RHNT.03,0,0,0,0,0.000261292,0,0,0,0,0,0,0,0,0,0.000186637,0,0,0,0,3.73E-05,0,0,0.364837626,0.000634565,0,0,0,0,0,0,0,0,0,0,0,0,0,0,0,0,0,0,0,7.47E-05,0,0,0,0,0.000223964,0,0,0,0,0,0,0,0,0.053938037,0,0,0.003508772,0,0.008697275,0,0,0.016797312,0,0.045203434,0,0,0.005039194,0.015304218,0,0.299925345,3.73E-05,0,0,0,0,0,0,0,0,0,0,0,0,0,0,0,0,0,0,0,0,0,0,0,0,0,0,0,0,0,0,0,0.18529302,0,0,0,0,0,0,0,0,0,0,0,0,0,0,0,0,0
A160QD95.03,0,0,0,0.000128189,0.000961415,0,0,0,0,0,0,0,0,0,0.00044866,0,0,0,0,0,0,0,0.048583515,0.039674401,0,0,0,0,0.081271632,0.030765287,0.000640943,0,0,0,0,0,0,0,0,0,0,0,0,0,0,0,0,0,0,0,0,0,0,0,0.000256377,0,0,0.000961415,0,0,0.128445071,0,0.00589668,0.000320472,0,0.054352006,0,0.248878349,0.00147417,6.41E-05,0.008909114,0.053839251,0.000256377,0.23106012,0.002115113,0,0,0,0,0,0,0,0,0,0,0,0,0,0,0,0,0,0,0,0,0,0,0,0,0,0,0.000384566,6.41E-05,0,0,0,0.058774516,0,0.001281887,6.41E-05,0,0,0,0,0,0,0,0,0,0,0.000128189,0,0,0
J160QPRY.03,0.000644621,0,0,0,0,0,0.000451234,0,0,0,0,0,0,0,0,0,0,0,0,0,0,0,0,0,0,0,0,0,0,0,0,0,0,0,0,0,0,0,0,0,0,0,0,0.008186682,0,0,0,0,6.45E-05,0,0,0,0,0,0.009798234,0,0,0.245084768,0.000515697,0,0.005801586,0,0,0,0,0.489718301,0,0.015084123,0,0,0,0.063817443,0,0.031586411,0,0,0,0,0,0,0,0,0,0,0,0,0,0,0,0,0,0,0,0,0,0,0,0,0,0,0,0,0,0,0,0,0.129246438,0,0,0,0,0,0,0,0,0,0,0,0,0,0,0,0,0
G160T3MZ.03,0,0,0,0.000212956,0.001575876,0,0,0,0,0,0,0,0,0,8.52E-05,0,0,0,0,0,0,0,0.118574045,0.001788833,0,0,0,0,0,0.011329273,0.052898335,0,0,0,0,0,0,0,0,0,0,0,0,0,0,0,0,0,0,0,0,0,0,0,0,0,0,0.000298139,0,0,0.001533285,0,0.012095915,0,0,0.042846799,0,0.49405852,0,0,0.006772009,0.050470633,0.000298139,0.164274458,0.006899783,0,0,0,0,0,0,0,0,0,0,0,0,0,0,0,0,0,0,0,0,0,0,0,0,0,0,0,4.26E-05,0,0,0,0.029387964,0,4.26E-05,0,0,0,0,0,0,0,0,0,0,0,0.004514673,0,0,0
H160QFSD.03,6.77E-05,0,0,0.000474158,0.019914651,0,0,0,0,0,0,0,0,0,0,0,0,0,0,0.000203211,0,0,0.419426946,0.001557949,0,0,0,0,0.127616338,6.77E-05,0.148276096,0,0,0,0,0,0,0,0,0,0,0,0,0,0,0,0,0,0,0,0,0,0,0,0,0,0,0.005351216,0,0,0.000812843,0,0,0,0,0.024859446,0,0,6.77E-05,0,0.000474158,0.017882544,0,0.095373569,0,0,0,0,0,0,0,0,0,0,0,0,0,0,0,0,0,0,0,0,0,0,0,0,0,0,0,0,0,0,0,0,0.137302716,0,0.000270948,0,0,0,0,0,0,0,0,0,0,0,0,0,0,0
K160R4SS.03,0,0,0,0.000122952,0.000122952,0,6.15E-05,0,0,0,0,0,0,0,3.07E-05,0,0,0,0,6.15E-05,0,0,0.051209541,0.004672179,0,0,0,0,0,0,0.020809639,0,0,0,0,0,0,0,0,0,0,0,0,0,0,0,0,0,6.15E-05,0,0,0,0,0,6.15E-05,0,0,0.000706974,0,0,0.050502567,0,0.011373067,0,0,0.02529739,0,0.448098853,0,0,0.005225463,0.115421265,0,0.081732395,0.013739895,0.010881259,0,0,0,0,0,0,0,0,0,0,0,0,0,0,0,0,0,0,0.021055544,0,0,0,0,0,0,0,9.22E-05,0,0,0,0.137614115,0,0.001045093,0,0,0,0,0,0,0,0,0,0,0,0,0,0,0
B160PSDM.03,0,0,0,0,0.000139127,0,0.000139127,0,0,0,0,0,0,0,9.28E-05,0,0,0,0,0.003292677,0,0,0,0.006492603,0,0,0,0,0,0,0,0,0,0,0,0,0,0,0,0,0,0,0,0.000185503,0,0,0,0,0,0,0,0,0,0,0.00032463,0,0,0.008208505,0,0,0.004637574,0,0.062839123,0,0,0.266103974,0,0.017344525,0,0,0.000278254,0.161804944,0,0.29323378,0,0,0,0,0,0,0,0,0,0,0,0,0,0,0,0,0,0,0,0,0,0,0,0,0,0,0,0,0.002782544,0,0,0,0.172100357,0,0,0,0,0,0,0,0,0,0,0,0,0,0,0,0,0
B160QN8W.03,0,0,0,0.004053821,0.003363809,0,0,0,0,0,0,0,0,0,0,0,0,0,0,0,0,0,0.226151458,0.038899431,0,0,0,0,0.108073141,0.015784026,8.63E-05,0,0,0,0,0,0,0,0,0,0,0,0,0,0,0,0,0,0,0,0,0,0,8.63E-05,0.000172503,0,0,0.000862515,0,0,0.004485078,0,0.004398827,0.000603761,0,0.029929274,0,0.179661894,0.020355356,0,0.032171813,0.092806624,0.000431258,0.222960152,0.000690012,0,0,0,0,0,0,0,0,0,0,0,0,0,0,0,0,0,0,0,0,0,0,0,0,0,0,0.000345006,0,0,0,0,0.013541487,0,0,0,0,0,0,0,0,8.63E-05,0,0,0,0,0,0,0,0
F160Q14M.03,3.39E-05,0,0,0.005260657,0.000543036,0,0.001120011,0,0,0,0,0,0,0,0,0,0,0,0,0.000135759,0,0,0.050739886,0.062856367,0,0,0,0,0,0,0.343266359,0,0,0,0,0,0,0,0,0,0,0,0,3.39E-05,0,0,0,0,6.79E-05,0,0,0,0,0,0.003427912,0,3.39E-05,0.010724952,0,0,0.000814553,0,0.032005159,0,0,0.054371436,0,0.001696986,0,0,0.008213413,0.126696986,6.79E-05,0.262489818,0.003495791,0,0,0,0,0,0,0,0,0,0,0,0,0,0,0,0,0,0,0,0,0,0,0,0,0,0,0,0.004310345,0,3.39E-05,0,0.027559055,0,0,0,0,0,0,0,0,0,0,0,0,0,0,0,0,0
C160QS7N.03,0,0,0,0,0.005736365,0,0,0,0,0,0,0,0,0,8.92E-05,0,0,0,0,0.002764155,0,0,0.208946352,0.002318324,0,0,0,0,0,0,0,0,0,0,0,0,0,0,0,0,0,0,0,8.92E-05,0,0,0,0,0.000118888,0,0,0,2.97E-05,0.000237777,0,0,0,0.002348046,0,0,0.003269431,0,0.000118888,0,0,0.055134492,0,0.140674692,0,0,0,0.000772775,0,0.000297221,0.303462624,0,0,0,0,0,0,0,0,0,0,0,0,0,0,0,0,0,0,0,0,0,0,0,0.000208055,0,0,0,0,0,0,0,0.272611086,0,0.000772775,0,0,0,0,0,0,0,0,0,0,0,0,0,0,0
A160RK6G.03,0,0,0,0.001672552,0.005141547,0,0,0,0,0,0,0,0,0,6.19E-05,0,0,0,0,0,0,0,0.362510066,0.014743232,0,0,0,0,0,0.008238865,0.020813975,0,0,0,0,0,0,0,0,0,0,0,0,6.19E-05,0,0,0,0,0,0,0,0,0,0,0,0,0,0.006070743,0,0,0.001053088,0,0.022734312,0,0,0.033884656,0,0.229387351,0,0,0.012513164,0.230192653,6.19E-05,0.018026389,0,0,0,0,0,0,0,0,0,0,0,0,0,0,0,0,0,0,0,0,0,0,6.19E-05,0,0,0,0,0,0,0,0,0,0.032645729,0,0,0,0,0.000123893,0,0,0,0,0,0,0,0,0,0,0,0
F160Q2L4.03,0,0,0,0,0.000809334,0,0,0,0,0,0,0,0,0,0.000337223,0,0,0,0,0,0,0,0.302724759,0.052707898,0,0,0,0,0.128515546,0.00387806,3.37E-05,0,0,0,0,0,0,0,0,0,0,0,0,0,0,0,0,0,3.37E-05,0,0,0,0,0,0.000101167,0,3.37E-05,0.001450057,0,0,0.120489647,0,0.000843057,0,0,0.007587509,0,0.1269306,0,0,0.018075133,0.021110137,0,0.017569299,6.74E-05,0,0,0,0,0,0,0,0,0,0,0,0,0,0,0,0,0,0,0,0,0,0,0,0,0,0,0.000236056,0,0,0,0,0.193565792,0,0,0,0,0,0,0,0,0,0,0,0,0,0.002900115,0,0,0
H160R1TV.03,0,0,0,0,9.91E-05,0,4.95E-05,0,0,0,0,0,0,4.95E-05,0.000445854,0,0,0,0,0,0,0,0.237095016,0.005102546,0,0,0,0,0,0,0,0,0,0,0,0,0,0,0,0,0,0,0.001238482,0,0,0,0,0,0.000148618,0,0,0,0,0,0.002823739,0,0,0.015753493,0,0,0.012582978,0,0.003913603,0,0,0.075349252,0.000941246,0.385415635,0,0.000792629,0.03462796,0.17725156,0,0.013425146,0.011839889,0,0,0,0,0,0,0,0,0,0,0,0,0,0,0,0,0,0,0,0,0,0,0,0,0,0,0,0,0,0,0,0.019617557,0,0.001436639,0,0,0,0,0,0,0,0,0,0,0,0,0,0,0
G160QCWC.03,5.18E-05,0,0,0.000724563,0.011748266,0,0,0,0,0,0,0,0,0,0,0,0,0,0,0,0,0,0.193458234,0.012886865,0,0,0,0,0,0.00300176,0.134665149,0,0,0,0,0,0,0,0,0,0,0,0,0,0,0,0,0,0,0,0,0,0,0,0.002535969,0,0,0.007711417,0,0,0.003053514,0,0.003260532,0,0,0.054549219,0,0.099523859,0,0,0.001345616,0.047096574,0.000258772,0.381171721,0.00843598,0,0,0,0,0,0,0,0,0,0,0,0,0,0,5.18E-05,0,0,0,0,0.004088604,0,0,0,0,0,0,0.002173688,0.013507918,0,0,0,0.014698271,0,0,0,0,0,0,0,0,0,0,0,0,0,0,0,0,0
E160QSXV.03,0,0,0,0.007847616,0.000331589,0,0,0,0,0,0,0,0,0,0.000405276,0,0,0,0,0,0,0,0.285682706,0.013447793,0,0,0,0,0,0,0,0,0,0,0,0,0,0,0,0,0,0,0.004126446,7.37E-05,0,0,0,0,0,0,0,0,0,0,0.004200133,0,7.37E-05,0.042738192,0,0,0.031943114,0,0.008952914,0,0,0.013447793,0.000294746,0.179131973,0,3.68E-05,0,0.350121583,0,0.024537617,0.00574755,0,0,0,0,0,0,0,0,0,0,0,0,0,0,0,0,0,0,0,0,0,0,0,0,0,0,0,0,0,0,0,0.0268219,0,0,3.68E-05,0,0,0,0,0,0,0,0,0,0,0,0,0,0
A160QYW9.03,0.00089163,0,0,0,0.01764684,0,0,0,0,0,0,0,0,0,0.00148605,0,0,0,0,0,0,0,0.031652859,0,0,0,0,0,0,0,0,0,0,0,0,0,0,0,0,0,0,0,0,0.000260059,0,3.72E-05,0,0,3.72E-05,0,0,0,0,0,0.000668722,0,0,0.038042873,0,0,0.004978267,0,0.001003084,0,0,0.094327005,0,0.04662481,0,0,0.011628339,0.143775309,0.001374596,0.52944236,0,0,0,0,0,0,0,0,0,0,0,0,0,0,0,0,0,0,0,0,0,0,0,0,0,0,0,0,0,0,7.43E-05,0,0.076048594,0,0,0,0,0,0,0,0,0,0,0,0,0,0,0,0,0
F160RM7W.03,0,0,0,0,0,0,0,0,0,0,0,0,0,0,0.000390498,0,0,0,0,0,0,0,0.030458835,0.010933941,0,0,0,0,0.178782948,0,0.000130166,0,0,0,0,0,0,0,0,0,0,0,0,0,0,0,0,0,0.000130166,0,0,0,0,0,0,0,0,0.008200456,0.000130166,0,0.035340059,0,0.000260332,0,0,0.124829157,0,0.000520664,0,6.51E-05,0,0.292547999,0,0.159192971,6.51E-05,0,0,0,0,0,0,0,0,0,0,0,0,0,0,0,0,0,0,0,0,0,0,0,0,0,0,0,0.000455581,0,0,0,0.157565897,0,0,0,0,0,0,0,0,0,0,0,0,0,0,0,0,0
K160PTN2.03,0,0,0,0.000583942,0.00540146,0,0,0,0,0,0,0,0,0,0,0,0,0,0,0,0,0,0.052262774,0.009489051,0,0,0,0,0.069489051,0.070510949,0.00540146,0,0,0,0,0,0,0,0,0,0,0,0,0,0,0,0,0,0,0,0,0,0,0,0.000291971,0,0,0.001021898,0,0,0.04919708,0,0.000291971,0,0,0.015912409,0,0.091970803,0,0,0.000145985,0.047883212,0,0.48540146,0.001605839,0,0,0,0,0,0,0,0,0,0,0,0,0,0,0,0,0,0,0,0,0,0,0,0,0,0,0,0.000291971,0,0,0,0.092846715,0,0,0,0,0,0,0,0,0,0,0,0,0,0,0,0,0
E160QSYR.03,0,0,0,0.01907205,0.000613429,0,0,0,0,0,0,0,0,0,5.58E-05,0,0,0,0,0,0,0,0.10673656,0.016952933,0,0,0,0,0,0.000167299,0,0,0,0,0,0,0,0,0,0,0,0,0.000334597,0,0,0,0,0,0.000334597,0,0,0,0,5.58E-05,0.000669195,0,0,0.00384787,0,0,0.246319429,0,0.005353558,0,0,0.003178675,0.002565246,0.055487397,0,0.108967209,0.001282623,0.200144992,0,0.222005354,0.001171091,0,0,0,0,0,0,0,0,0,0,0,0,0,0,0,0,0,0,0,0,0,0,0,0,0,0,0,0,0,0,0,0.004684363,0,0,0,0,0,0,0,0,0,0,0,0,0,0,0,0,0
H160R7YN.03,0.000222916,0,0,0.00916741,0.008944494,0,0,0,0,0,0,0,0,2.79E-05,0.00025078,0,0,0,0,0.000390103,0,0,0,5.57E-05,0,0,0,0,0,0,0,0,0,0,0,0,0,0,0,0,0,0,0,2.79E-05,0,2.79E-05,0,0,0.000167187,0,0,0,0,0,0.000111458,0,2.79E-05,0.007941373,0,0,0.004068212,0,0.00629737,0,0,0.03318658,0,0.079107222,0,2.79E-05,0.00785778,0.119705751,0.000139322,0.682790905,0.002563531,0,0,0,0,0,0,0,0,0,0,0,0,0,0,0,0,0,0,0,0,0,0,0,0,0,0,0,2.79E-05,0,2.79E-05,0,0.036530317,0,0.000278645,0,0,0,0,0,0,2.79E-05,0,0,0,0,0,0,0,0
B160SNDZ.03,0,0,0,0.002086811,0.000208681,0,0.014899833,0,0,0,0,0,0,0,0,0,0,0,0,0,0,0,0.015734558,0,0,0,0,0,0,0.001627713,0,0,0,0,0,0,0,0,0,0,0,0,0,0,0,0,0,0,8.35E-05,0,0,0,0,0,0,0,0,0.009307179,0,0,0.00033389,0,8.35E-05,0.009808013,0,0.006886477,0,0.105509182,0,0,0.007220367,0.017320534,0,0.359348915,0.004590985,0.001252087,0,0,0,0,0,0,0,0,0,0,0,0,0,0,0,0,0,0,0,0,0,0,0,0,0,0,0,0,0,0,0.443656093,0,0,0,0,4.17E-05,0,0,0,0,0,0,0,0,0,0,0,0
B160Q677.03,0.000421186,0,0,0,0.002263873,0,0,0,0,0,0,0,0,0,0.000157945,0,0,0,0,0.000105296,0,0,0,0.013846478,0,0,0,0,0,0.05191113,0,0,0,0,0,0,0,0,0,0,0,0,0,0,0,0,0,0,0,0,0,0,0,0,0.006001895,0,0,0.002474466,0,0,0.035379594,0,0.069864168,0,0,0.050647573,0,0.183110456,0,0.000157945,0.016952722,0.156049279,0,0.342318627,0,0,0,0,0,0,0,0,0,0,0,0,0,0,0,0,0,0,0,0,0,0,0,0,0,0,0,0,0.030588607,0,0,0,0.037748763,0,0,0,0,0,0,0,0,0,0,0,0,0,0,0,0,0
D160R2DH.03,4.26E-05,0,0,0.000298113,0.000681402,0,0,0,0,0,0,0,0,0,8.52E-05,0,0,0,0,0.001107278,0,0,0.25488693,0.007154721,0,0,0,0,0,4.26E-05,0.000127763,0,0,0,0,0,0,0,0,0,0,0,0,8.52E-05,0,0,0,0,8.52E-05,0,0,0,0,0,0,0,0,0.029002172,0.002086794,0,0.006856607,0,0.009071164,0,0,0.02418977,0,0.294152719,0,0,0.013883565,0.112601678,0,0.098888463,0.012989225,0,0,0,0,0,0,0,0,0,0,0,0,0,0,0,0,0,0,0,0,0,8.52E-05,4.26E-05,0,0,0,0,0,0,0,0,0.131510583,0,4.26E-05,0,0,0,0,0,0,0,0,0,0,0,0,0,0,0
B160RJ3Y.03,0,0,0,0,0,0,0,0,0,0,0,0,0,0,9.66E-05,0,0,0,0,0,0,0,0.095203594,0.00043472,0,0,0,0,0.092160556,0,0,0,0,0,0,0,0,0,0,0,0,0,0,0,0,0,0,0,4.83E-05,0,0,0,0,0,0,0,0,0.000144907,0.000241511,0,0.164275709,0,0,0,0,0.098150027,0,0.000869439,0,0,0,0.321644206,0,0.058397334,0,0,0,0,0,0,0,0,0,0,0,0,0,0,0,0,0,0,0,0,0,0,0,0,0,0,0,0,0,0,0,0,0.168333092,0,0,0,0,0,0,0,0,0,0,0,0,0,0,0,0,0
A160QHK9.03,0.000349203,0,0,0.000640205,0,0,0,0,0,0,0,0,0,0,0.000174601,0,0,0,0,0,0,0,0.010068677,0.019613549,0,0,0,0,0,0.058840647,0,0,0,0,0,0,0,0,0,0,0,0,0,0,0,0,0,0,5.82E-05,0,0,0,0,0,0.008148062,0,5.82E-05,0.004597835,0,0,0.0263648,0,0.06052846,0,0,0.027296007,0,0.176405541,0,0.000465604,0.01711093,0.144337097,0,0.364858573,0.012222093,0,0,0,0,0,0,0,0,0,0,0,0,0,0,0,0,0,0,0,0,0,0,0,0,0,0,0,0.02496799,0,0,0,0.042893726,0,0,0,0,0,0,0,0,0,0,0,0,0,0,0,0,0
J160Q1BN.03,0.00011554,0,0,0,0.002137493,0,0,0,0,0,0,0,0,0,0,0,0,0,0,0.000519931,0,0,0,0.004563836,0,0,0,0,0,0.012940497,0,0,0,0,0,0,0,0,0,0,0,0,0,0.00034662,0,0,0,0,0,0,0,0,0,0,0.007279029,0,0,0.004332756,0.001039861,0,0.037261698,0,0.085326401,0,0,0.087521664,0,0.226516464,0,0,0.015886771,0.118139804,0,0.343905257,0,0,0,0,0,0,0,0,0,0,0,0,0,0,0,0,0,0,0,0,0,0,0,0,0,0,0,0,0.020508377,0,0,0,0.031658001,0,0,0,0,0,0,0,0,0,0,0,0,0,0,0,0,0
J160R1XW.03,6.51E-05,0,0,0.006378547,0.00351471,0,0,0,0,0,0,0,0,0,0,0,0,0,0,0,0,0,0.004165582,0.01659724,0,0,0,0,6.51E-05,0.002017704,0.08793283,0,0,0,0,0,0,0,0,0,0,0,0,0,0,0,0,0,6.51E-05,0,0,0,0,0,0.002733663,0,0,0.004751367,0,0,0.000585785,0,0.049531372,0.000130174,0,0.058187972,0,0.179640719,0,0.001106483,0.011129914,0.162587868,0,0.381541265,0.008591513,0.000650872,0,0,0,0,0,0,0,0,0,0,0,0,0,0,0,0,0,0,0,0,0,0,0,0,0,0,0.004881541,0,0,0,0.012496746,0,0.000585785,0,6.51E-05,0,0,0,0,0,0,0,0,0,0,0,0,0
K160Q684.03,0,0,0,0,0.003077765,0,0,0,0,0,0,0,0,0,0.000547158,0,0,0,0,0,0,0,0.205868272,0.075029068,0,0,0,0,0.127214281,0.007249846,0.001162711,0,0,0,0,0,0,0,0,0,0,0,0,0,0,0,0,0,6.84E-05,0,0,0,0,0,0.000752343,0,0.00013679,0.001709869,0,0,0.100198345,0,0.001094316,0,0,0.017098694,0,0.120238014,0,0,0.023049039,0.083920388,0.000205184,0.1335066,0.000615553,0,0,0,0,0,0,0,0,0,0,0,0,0,0,0,0,0,0,0,0,0,0,0,0,0,0,0.000341974,0,0,0,0,0.096847001,0,0,0,0,0,0,0,0,0,0,0,0,0,6.84E-05,0,0,0
H160QWZX.03,0,0,0,0.003383618,0.000422952,0,0,0,0,0,0,0,0,0,0,0,0,0,0,4.70E-05,0,0,0.098500869,0.003477607,0,0,0,0,0,0.058978335,0.03026458,0,0,0,0,0,0,0,0,0,0,0,0,0,0,0,0,0,4.70E-05,0,0,0,0,0,0.000892899,0,0,0.002020772,0,0,0,0,0.016824099,4.70E-05,0,0.013299497,9.40E-05,0.020912637,0.001738804,0,0.000516942,0.127261619,0.000422952,0.542177734,0.001832793,9.40E-05,0,0,0,0,0,0,0,0,0,0,0,0,0,0,0,0,0,0,0,0,0,0,0,0,0,0,0.000939894,0,0,0,0.075802434,0,0,0,0,0,0,0,0,0,0,0,0,0,0,0,0,0
G160S95Z.03,0.000219408,0,0,0,0.044602558,0,6.27E-05,0.001097041,0,0,0,0,0,0,0,0,0,0,0,0,0,0,0.065352307,0,0,0.000188064,0,0,3.13E-05,0.163991976,3.13E-05,0,0,0,0,0,0,0,0,0,0,0,0,0,0,0,0,0,0.000376128,0,0,0,0,0,0,0,0,0.003510532,0,0,0.000125376,0,0.018681043,0,0,0.01197342,0,0.042283099,0,9.40E-05,0.011095787,0.072937563,0,0.535888917,0.005579238,0,0,0,0,0,0,0,0,0,0,0,0,0,0,0,0,0,0,0,0,0,0,0,0.000626881,0,0,0,0,0,0,0,0.01990346,0,0,0,0,0,0,0,0,0,0,0,0,0,0.001347793,0,0,0
J160SGDS.03,0,0,0,0.006579208,0.007847489,0,0.000158535,0,0,0,0,0,0,0,3.96E-05,0,0,0,0,0,0,0,0.085727874,0.002417661,0,0.000356704,0,0,3.96E-05,0.225872934,0.000118901,0,0,0,0,0,0,0,0,0,0,0,0,0,0,0,0,0,0.000198169,0,0,0,0,0,0,3.96E-05,0,0.002457295,0,0,0.000356704,0,0.006698109,0,0,0.001268281,0,0.056319607,0,0,0.01434743,0.037017954,0,0.490269906,0.003923745,0,0,0,0,0,0,0,0,0,0,0,0,0,0,0,0,0,0,0,0,0,0,3.96E-05,0,0,0,0,7.93E-05,0,0,0,0.03456066,0,0,0,0,0,0,0,0,0,0,0,0,0,0.023265031,0,0,0
C160QYTH.03,0,0,0,0.002680593,0.005730924,0,0,0,0,9.24E-05,0,0,9.24E-05,0,0.000369737,0,0,0,0,0,0,0,0.167306004,0.017285206,0,0,0,0,0.091879651,0.012432407,0.025049683,0,0,0,0,0,0,0,0,0,0,0,0,0,0,0,0,0,4.62E-05,0,0,0,0,0,0.000369737,0,0,0.002033554,0,0,0.00097056,0,0.00434441,0,0,0.001155428,0,0.084669779,0,4.62E-05,0.001062994,0.035633406,0.001062994,0.492397282,0.004159542,0,0,0,0,0,0,0,0,0,0,0,0,0,0,0,4.62E-05,0,0,0,0.002957896,0,0,0,0,0,0,0.003327633,0.00402089,0,0,0,0.034940149,0,0,4.62E-05,0,0,0,0,0,0,0,0,0,0,0.003789805,0,0,0
D160QSJ7.03,0,0,0,0.001889725,0.000396233,0,0,0,0,0,0,0,0,0,0,0,0,0,0,0,0,0,0,0.083300314,0,0,0,0,0,0,0.539455637,0,0,0,0,0,0,0,0,0,0,0,0,0,0,0,0,0,9.14E-05,0,0,0,0,0,0.000975342,0,0,0.001767808,0,0,0.01965924,0,0.004206163,0,0,0.003322259,0,0.034076016,0,0,0.002377396,0.093785242,0.001706849,0.176049255,0.002438355,0.000121918,0,0,0,0,0,0,0,0,0,0,0,0,0,0,0,0,0,0,0.013959584,0,0,0,0,0,0,0,0.003139382,0,0,0,0.017281843,0,0,0,0,0,0,0,0,0,0,0,0,0,0,0,0,0
H160R1S7.03,0,0,0,0.000345523,0.000460697,0,5.76E-05,0,0,0,0,0,0,0,0.000172761,0,0,0,0,0,0,0,0.107112007,0.009847394,0,0,0,0,0,0,0,0,0,0,0,0,0,0,0,0,0,0,0.000230348,0,0,0,0,0,0,0,0,0,0,0,0.002649007,0,5.76E-05,0.017160956,0,0,0.033688454,0,0.00575871,0,0,0.187561186,0.001151742,0.227699395,0,0,0.019406853,0.203627987,0,0.087935502,0.008062194,0,0,0,0,0,0,0,0,0,0,0,0,0,0,0,0,0,0,0,5.76E-05,0,0,0,0,0,0,0,5.76E-05,0,0,0,0.086898935,0,0,0,0,0,0,0,0,0,0,0,0,0,0,0,0,0
J160PRF6.03,0,0,0,0.007580378,0,0,4.36E-05,0.001394093,0,0,0,0,0,0,8.71E-05,0,0,0,0,0.002091139,0,0,0.281650257,0.000261392,0,0,0,0,0,0,0,0,0,0,0,0,0,0,0,0,0,0,0,0,0,0,0,0,0.000174262,0,0,0,0,0,0,0,0,0.001306962,0.005924893,0,0.268537074,0,8.71E-05,0,0,4.36E-05,0,0.000784177,0,0,0,0.017818245,0,0.266576632,0,0,0,0,0,0,0,0,0,0,0,0,0,0,0,0,0,0,0,0,0,0,0,0,0,0,0,0,0,0,0,0,0.145551974,0,0,4.36E-05,0,0,0,0,0,0,0,0,0,0,0,0,0,4.36E-05
D160R677.03,0,0,0,0.005347819,0.00602156,0,0,0,0,0,0,0,0,0,0,0,0,0,0,0,0,0,0.049351524,0.010021897,0,0,0,0,0.01343271,0.006189995,0.106577396,0,0,0,0,0,0,0,0,0,0,0,0,0,0,0,0,0,0,0,0,0,0,0,0,0,0,0.000210544,0,0,8.42E-05,0,0.002231767,0,0,0.001179047,0,0.039708607,0,0,0.002231767,0.073648307,0.000842176,0.65664477,0.003073943,0,0,0,0,0,0,0,0,0,0,0,0,0,0,0,0,0,0,0,0.001305373,0,0,0,0,0,0,0.002526529,0.012548425,0,0,0,0.006695301,0,0,0,0,0,0,0,0,0,0,0,0,0,0.000126326,0,0,0
J160S6KK.03,0,0,0,0.000148876,0.000446628,0,0,0,0,0,0,0,0,0,0.000223314,0,0,0,0,0,0,0,0.403602799,0.021438142,0,0,0,0,0.048310258,0,0,0,0,0,0,0,0,0,0,0,0,0,0,0,0,0,0,0,0.000297752,0,0,0,0,0,3.72E-05,0,3.72E-05,0.011835641,0.000186095,0,0.06379336,0,0.014031562,0.000260533,0,0.000521066,0.001637636,0.316361471,0.002009826,0,0.028360875,0.008672026,0,0.019577192,0.011314575,3.72E-05,0,0,0,0,0,0,0,0,0,0,0,0,0,0,0,0,0,0,0.000446628,0,0,3.72E-05,0,0,0,0,0,0,7.44E-05,0,0.040233735,0,0,3.72E-05,0,0,0,0,0,0,0,0,0,0,0.006029477,0,0,0
A160SHWX.03,0,0,0,0.000111976,0.000391915,0,0,0,0,0,0,0,0,0,0.000559879,0,0,0,0,0,0,0,0.169475393,0.000111976,0,0,0,0,0,0.074575892,0.001623649,0,0,0,0,0,0,0,0.000391915,0,0,0,0,0,0,0,0,0,0,0,0,0,0,0,0,0,5.60E-05,0.000503891,5.60E-05,0,0.031969095,0,0.027602038,0,0,0.010525726,0,0.279883545,0,0.000167964,0.21611332,0.089300711,0,0.00268742,0.009293992,5.60E-05,0,0,0,0,0,0,0,0,0,0,0,0,0,0,0,0,0,0,0.015116735,0,0,0,0,0,0,0,0.000895807,0,0,0,0.05615587,0,0,0,0,0,0,0,0,0,0,0,0,0,0.012373327,0,0,0
A160RJ4V.03,0,0,0,0,0,0,0,0,0,0,0,0,0,0,0,0,0,0,0,0,0,0,0,0,0,0,0,0,5.08E-05,0,0,0,0,0,0,0,0,0,0,0,0,0,0,0,0,0,0,0,0.001270519,0,0,0,0,0,0.001778726,0,5.08E-05,0.016008538,0,0,0.000457387,0,0,0,0,0,0,0,0,0,0,0.194389389,0,0,0,0,0,0,0,0,0,0,0,0,0,0,0,0,0,0,0,0,0,0,0,0,0,0,0,0,0,0,0,0,0,0,0.785942979,0,0,0,5.08E-05,0,0,0,0,0,0,0,0,0,0,0,0,0
A160R2B2.03,0,0,0,0,0,0,9.79E-05,0,0,0,0,0,0,0,0,0,0,0,0,0,0,0,6.52E-05,0,0,0,0,0,3.26E-05,3.26E-05,0,0,0,0,0,0,0,0,0,0,0,0,0,0.000652422,0,0,0,0,0.000521938,0,0,0,3.26E-05,0,6.52E-05,0,0,0.208775077,0,0,0.001663676,0,0,0,0,0.024596314,0,0.000163106,0,0,3.26E-05,0.250008155,0,0.006458979,0,3.26E-05,0,0,0,0,0,0,0,0,0,0,0,0,0,0,0,0,0,0,0,0,0,6.52E-05,0,0,0,0,0,0,0,0,0.506671016,0,0,0,3.26E-05,0,0,0,0,0,0,0,0,0,0,0,0,0
H160Q0BT.03,0,0,0,0.009660597,0.000128238,0,0,0.000170984,0,0,0,0,0,0,0,0,0,0,0,4.27E-05,0,0,0.178892024,0.001795332,0,0,0,0,0,0.058647516,0.020774558,0,0,0,0,0,0,0,0,0,0,0,0,0,0,0,0,0,0,0,0,0,0,0,0,0,0,0.000128238,0.002692998,0,0.034795247,0,4.27E-05,0,0,0,0,0.093485509,0,0.04920065,0,0.195349235,0,0.347567752,0.005385996,0,0,0,0,0,0,0,0,0,0,0,0,0,0,0,0,0,0,0,0,0,0,0,0,0,0,0,0,0,0,0,0.001154142,0,8.55E-05,0,0,0,0,0,0,0,0,0,0,0,0,0,0,0
F160R3X6.03,0,0,0,0,0.000536176,0,3.15E-05,0.000441557,0,0,0,0,0,0,0.000662335,0,0,0,0,3.15E-05,0,0,0.001923926,0,0,0,0,0,0,0,9.46E-05,0,0,0,0,0,0,0,0,0,0,0,0,0.000599256,0,0,0,0,0.009777329,0,0,0,3.15E-05,0,0.002491642,0,0,0.209644862,0,0,0.107582161,0,0.055383839,0,0,0.0138775,0,0,0,0,0,0.23200656,0,0.180407494,0,0.001009273,0,0,0,0,0,0,0,0,0,0,0,0,0,0,0,0,0,0,0,0,3.15E-05,0,0,0,0,0,0,0,0,0,0.183403772,0,0,0,0,3.15E-05,0,0,0,0,0,0,0,0,0,0,0,0
B160P4Q0.03,0,0,0,0,0,0,0.00019537,0.000341897,0,0,0,0,0,0,0,0,0,0,0,0.004053922,0,0,0.000146527,0,0,0,0,0,9.77E-05,4.88E-05,0,0,0,0,0,0,0,0,0,0,0,0,0,0.000244212,0,0,0,0,0.039757742,0,0,0,0.000244212,0,0.000146527,0,0,0.048207483,0,0,0.201523884,0,4.88E-05,0,0,0.001367588,0,4.88E-05,0,0,0,0.269219498,0,0.251440852,0,0,0.011868712,0,0,0,0,0,0,0,0,0,0,0,0,0,0,0,0,0,4.88E-05,0,0,0,0,0,0,0,0,0,0,0,4.88E-05,0,0.170850835,0,0,0,0,0,0,0,0,0,0,0,0,0,0,4.88E-05
H160RLKZ.03,6.18E-05,0,0,0.000123663,0.000247326,0,0,0,0,0,0,0,0,0,0,0,0,0,0,0,0,0,0.350831633,0.057997898,0,0,0,0,0.110925617,0.006183145,0,0,0,0,0,0,0,0,0,0,0,0,0,0,0,0,0,0,0,0,0,0,0,0,0.000370989,0,0,0.001236629,0,0,0.000185494,0,0.013850244,0.007234279,0,0.00086564,0,0.146911519,0.000556483,0.004884684,0.01836394,0.249551722,0,0.013602918,0.001854943,0,0,0,0,0,0,0,0,0,0,0,0,0,0,0,0,0,0,0,0,0,0,0,0,0,0,0.000185494,6.18E-05,0,0,0,0.013417424,0,0.000247326,0,0,0,0,0,0,0.000185494,6.18E-05,0,0,0,0,0,0,0
E160P61B.03,0,0,0,0,0,0,0,0,0,0,0,0,0,0,0,0,0,0,0,0.272749259,0,0,0.145897575,0,0,0,0,0,0,6.05E-05,0,0,0,0,0,0,0,0,0,0,0,0,0,0.000483705,0,0,0,0,0.029687406,0,0,0,0.000181389,0,0,0,0,0.135195598,0,0,0.084346091,0,0,0,0,0.00441381,0,0.000362779,0,0,6.05E-05,0.294697382,0,6.05E-05,6.05E-05,0,0,0,0,0,0,0,0,0,0,0,0,0,0,0,0,0,0,0,0.000120926,0,0,0,0,0,0,0,0.001209263,0,0,0,6.05E-05,0,0.030171111,0,6.05E-05,0,0,0,0,0,0,0,0,0,0,0,0,0.000120926
E160R7M5.03,3.45E-05,0,0,0,0.000138122,0,0,0.000138122,0,0,0,0,0,0,0.00089779,0,0,0,0,0,0,0,0.001346685,0,0,0,0,0,0,0,0,0,0,0,0,0,0,0,0,0,0,0,0,0.001104972,0,0,0,0,0.012948895,0,0,0,3.45E-05,0,0.009323204,0,0,0.205041436,0,0,0.030490331,0,0.322651934,0,0,0.058252762,0,0,0,0,0,0.121650552,0,0.033667127,0,6.91E-05,0,0,0,0,0,0,0,0,0,0,0,0,0,0,0,0,0,0,0,0,0,0,0,0,0,0,0,0,0,0,0.202209945,0,0,0,0,0,0,0,0,0,0,0,0,0,0,0,0,0
J160R80G.03,0,0,0,0.014322492,0.009246166,0,0,0,0,0,0,0,0,0,3.63E-05,0,0,0,0,0,0,0,0.198955727,0.001087784,0,0,0,0,0.024185068,0,0.331266543,0,0,0,0,0,0,0,0,0,0,0,0,0,0,0,0,0,3.63E-05,0,0,0,0,0.000108778,0,0,0,0.000145038,0,0,0.069219334,0,0,0,0,0.016788136,0,0.116755502,0,0.026251858,0.000398854,0.052648754,0,0.126328003,0.000652671,0,0,0,0,0,0,0,0,0,0,0,0,0,0,0,0,0,0,0,0,0,0,0,7.25E-05,0,0,0,0,0,0,0,0.011095399,0,0.000398854,0,0,0,0,0,0,0,0,0,0,0,0,0,0,0
D160R5RN.03,0,0,0,0,0.005062602,0,0,0.000544366,0,0,0,0,0,0,0.000598802,0,0,0,0,5.44E-05,0,0,0.000435493,0,0,0,0,0,0,0,0,0,0,0,0,0,0,0,0,0,0,0,0,0.000108873,0,0,0,0,0.000870985,0,0,0,0,0,0.001741971,0,0,0.066031573,0,0,0.01290147,0,0.044311377,0,0,0.137234622,0,0,0,0,0,0.300653239,0,0.334784976,0,0.001796407,0,0,0,0,0,0,0,0,0,0,0,0,0,0,0,0,0,0,0,0,0,0,0,0,0,0,0,0,0,0,0.092868808,0,0,0,0,0,0,0,0,0,0,0,0,0,0,0,0,0
H160QTS7.03,6.68E-05,0,0,6.68E-05,0.000334024,0,0,0,0,0,0,0,0,0,0.000133609,0,0,0,0,0,0,0,0.026387868,0.003874674,0,0,0,0,0,0.002271361,6.68E-05,0,0,0,0,0,0,0,0,0,0,0,0,0,0,0,0,0,0,0,0,0,0,0,0.018838934,0,0,0.009820295,0,0,0.034337631,0,0.029728105,0.005678402,0,0.006546864,0,0.538045294,0,0.000400828,0.041886566,0.128265081,0,0.063397689,0.016166745,0,0,0,0,0,0,0,0,0,0,0,0,0,0,0,0,0,0,0,0,0,0,0,0,0,0,0,0.00734852,0,0,0,0.066270292,0,6.68E-05,0,0,0,0,0,0,0,0,0,0,0,0,0,0,0
E160Q0MY.03,0,0,0,0,0,0.001204456,0.002810398,0,0.0007026,0,0,0,0,0.004215598,0.012747165,0,0.027501756,0,0.014152364,0.020174646,0.001806685,0.001806685,0.000100371,0,0,0,0,0,0,0.002609656,0.013550136,0,0,0,0,0,0,0,0.008130081,0,0.000401485,0,0,0,0.002509284,0.00511894,0,0,0.013249021,0,0,0,0,0.041955234,0,0.010538994,0,0.003011141,0.000100371,0,0.075278531,0,0.000100371,0,0,0.004516712,0,0.014353106,0,0,0.001204456,0.013048279,0,0.007025996,0,0,0,0,0,0.0532972,0,0.003713741,0,0.001104085,0.00441634,0.003814112,0,0,0,0.030512898,0.011040851,0.000602228,0,0,0.060825053,0.002107799,0.142326608,0.127170531,0.045066747,0.000501857,0,0,0,0,0.004817826,0,0.042657834,0,0,0.059720968,0.025393958,0.07015959,0,0,0,0,0,0,0,0,0,0.004516712,0,0.002308542
D160QHRW.03,0,0,0,0.005546254,0.011249477,0,0,0,0,0,0,0,0,0,0.000313939,0,0,0,0,0,0,0,0.283957723,0.001203432,0,0,0,0,0,0,0,0,0,0,0,0,0,0,0,0,0,0,0,0,0,0,0,0,0,0,0,0,0,0,0.000104646,0,0,0.003714943,0.013604018,0,0.005912516,0,0,0,0,0.00099414,0.000261616,0.006278778,0,0,0,0.211647133,0,0.383214734,0.008633319,0,0,0,0,0,0,0,0,0,0,0,0,0,0,0,0,0,0,0,0,0,0,0,0,0,0,0,0,0,0,0,0.063206362,0,0.000156969,0,0,0,0,0,0,0,0,0,0,0,0,0,0,0
B160R737.03,0,0,0,0.000673898,0.001668699,0,6.42E-05,0,0,0,0,0,0,0,0.000352994,0,0,0,0,0,0,0,0.205859701,0.001219434,0,0,0,0,0.000128361,0,0.277196586,0,0,0,0,0,0,0,0,0,0,0,0,0,0,0,0,0,0.000256723,0,0,0,0,0,0.000417175,0,0,0.0026635,3.21E-05,0,0.197355754,0,0,0.000224633,0,0.000802259,3.21E-05,0.000128361,0,6.42E-05,0,0.015628008,0,0.280469803,6.42E-05,0.000320904,0,0,0,3.21E-05,0,0,0,0,0,0,0,0,0,0,0,0,0,0,0,0,0,0,0,0,0,0,0,0,0,0,0.014344394,0,0,0,0,0,0,0,0,0,0,0,0,0,0,0,0,0
J160RMG0.03,4.77E-05,0,0,0.000143055,0.031424348,0,0.001096753,0,0,0,0,0,0,0,0,0,0,0,0,4.77E-05,0,0,0.163130037,0.006294407,0,0,0,0,0.011301321,0.000619904,0.259358161,0,0,0,0,0,0,0,0,0,0,0,0,4.77E-05,0,0,0,0,0.001382862,0,0,0,0,0,9.54E-05,0.000238424,0,0.006723571,0.0025273,0,0.000619904,0,0.003290258,0,0,0.002002766,4.77E-05,0.028420199,0,4.77E-05,0.001096753,0.103428544,0,0.282008488,0.00019074,0,0,0,0,0,0,0,0,0,4.77E-05,0,0,0,0,0,0,0,0,4.77E-05,4.77E-05,0,9.54E-05,0,0,0,0,0,4.77E-05,0,0,0,0.092985551,0,0,0.000953698,0,0,0,0,0,0,0,0,0,0,0.000143055,0,0,0
B160QFTT.03,0.000102987,0,0,0.017250257,0.001184346,0,0,0,0,0,0,0,0,0,5.15E-05,0,0,0,0,0,0,0,0.009474768,0.003759011,0,0,0,0,0.050205973,0.083419156,0.048352214,0,0,0,0,0,0,0,0,0,0,0,0,0,0,0,5.15E-05,0,0,0,0,0,0,0,0.003398558,0,0,0.003810505,0.000411946,0,0.005355304,0,0.000102987,0,0,0.00015448,5.15E-05,0.151184346,0.000566426,0.029969104,0.018589083,0.054788877,0,0.471369722,0.007209063,0,0,0,0,0,0,0,0,0,0,0,0,0,0,0,0,0,0,0,0,0,0,0,0,0,0,0.004325438,0.009217302,0,0,0,0.010762101,0,0,0,0,0,0,0,0,0,0,0,0,0,0.014881565,0,0,0
D160R96T.03,0.000458833,0,0,0.002396125,0.000254907,0,0,0,0,0,0,0,0,0,0.000713739,0,0,0,0,0,0,0,0.37216416,0.004690288,0,0,0,0,0.241243946,0.091052766,0.02013765,0,0,0,0,0,0,0,0,0,0,0,0,0,0,0,0,0,0,0,0,0,0,0,0.007953097,0,5.10E-05,0.021106296,0,0,0.032016314,0,0.015192455,0,0,0.006423655,0,0.066836605,0,0.000152944,0.042161611,0.023757329,0.000458833,0.039714504,0.008768799,0,0,0,0,0,0,0,0,0,0,0,0,0,0,0,0,0,0,0,0,0,0,0,0,0,0,0,0.000152944,0,0,0,0.002141218,0,0,0,0,0,0,0,0,0,0,0,0,0,0,0,0,0
K160QV1Z.03,0,0,0,0.002080714,0.008843036,0,0,0,0,0,0,0,0,0,0.001343795,0,0,0,0,0,0,0,0.665395119,0.002340804,0,0,0,0,0,0,0.000130045,0,0,0,0,0,0,0,0,0,0,0,0,0,0,0,0,0,0.000346786,0,0,0,0,0,0.000650223,0,0,0.000997009,0.000390134,0,0.002167411,0,0.003207768,0,0,8.67E-05,0.000260089,0.022887858,0,0,0.001560536,0.098833933,0,0.141358533,0.000173393,0,0,0,0,0,0,0,0,0,0,0,0,0,0,0,0,0,0,0,0,0,0,0,0,0,0,0,0,0,0,0,0.04642594,0,0.000520179,0,0,0,0,0,0,0,0,0,0,0,0,0,0,0
H160P6K3.03,0,0,0,0,0,0,4.89E-05,0.000342148,0,0,0,0,0,0,0.000146635,0,0,0,0,0.004105773,0,0,0.003959138,4.89E-05,0,0,0,0,0.000244391,4.89E-05,0.000195513,0,0,0,0,0,0,0,0,0,0,0,0,0.000928687,0,0.000146635,0,0,0.007282858,0,0,0,0,0,0,0,0,0.031575346,0,0,0.170145168,0,0.000684295,0,0,0.236326311,0,0.002590547,4.89E-05,0,0.000146635,0.281978591,0,0.189745344,9.78E-05,4.89E-05,0.000879808,0,0,0,0,0,0,0,0,0,0,0,0,0,0,0,0,0,0,0,0,0,0,0,0,0,4.89E-05,0,0,0,0.002150643,0,0.065936752,4.89E-05,4.89E-05,0,0,0,0,0,0,0,0,0,0,0,0,0
F160Q7YQ.03,4.65E-05,0,0,0.002046416,0,0,4.65E-05,0,0,0,0,0,0,0,0.000744151,0,0,0,0,9.30E-05,0,0,0.546346682,0,0,0,0,0,0,0,0,0,0,0,0,0,0,0,0,0,0,0,0,4.65E-05,0,0,0,0,0.000558114,0,0,0,0,0,0,0,0,0.046742012,0,0,0.081205525,0,0,0,0,0.006557835,0,0,0,0,0,0.120319985,0,0.025487187,0.036742477,0,0,0,0,0,0,0,0,0,0,0,0,0,0,0,0,0,0,0,0,0,0,0,0,0,0,0,0,0,0,0,0.130924143,0,0.002046416,4.65E-05,0,0,0,0,0,0,0,0,0,0,0,0,0,0
B160Q1XV.03,0,0,0,8.54E-05,0.00025629,0,0.00034172,0,0,0,0,0,0,0,0.001153304,0,0,0,0,0.002178463,0,0,0.619409679,0.001452309,0,0,0,0,0,0.003118192,8.54E-05,0,0,0,0,0,0,0,0,0,0,0,0,4.27E-05,0,0,0,0,0.01144761,0,0,0,0,0.00017086,0,0,0,0.000128145,0.0468156,0,0.027294861,0,0,0,0,0.054803298,0,0.000128145,0,0,8.54E-05,0.1161847,0,0.077185938,0,0,0,0,0,0,0,0,0,0,0,0,0,0,0,0,0,0,0,0,0,0,0,0,0,0,0,0,0.000982444,0,0,0,0.035923284,0,0.000555295,0.000128145,0,4.27E-05,0,0,0,0,0,0,0,0,0,0,0,0
A160R34T.03,3.99E-05,0,0,0,0,0,0.000518465,0,0,0,0,0,0,0,0.000119646,0,0,0,0,3.99E-05,0,0,0,0,0,0,0,0,0,0,0,0,0,0,0,0,0,0,0,0,0,0,0,3.99E-05,0,0,0,0,0.002353035,0,0,0,0,0,7.98E-05,0,0,0.193866156,0,0,0.000757757,0,0,0,0,0.002073861,0,0,0,0,0,0.095876206,0,0.087820053,0,0.001794688,0,0,0,0,0,0,0,0,0,0,0,0,0,0,3.99E-05,3.99E-05,0,0,3.99E-05,0,0,0,0,0,0,0,0,0,0,0,0.614501077,0,0,0,0,0,0,0,0,0,0,0,0,0,0,0,0,0
D160QJW3.03,0,0,0,0.000814747,0.005499542,0,0,0,0,0,0,0,0,0,6.79E-05,0,0,0,0,0.000101843,0,0,0.029025359,0.027463761,0,0,0,0,0.010116441,0.000339478,0.263978002,0,0,0,0,0,0,0,0,0,0,0,0,0,0,0,0,0,0,0,0,0,0,0,0,0,0,0.000746851,0,0,0.002376345,0,0,0.00030553,0,0.002376345,0,0,0,0,0,0.121227552,0,0.341548698,0.000101843,0,0,0,0,0,0,0,0,0,0,0,0,0,0,0,0,0,0,0,0.002036867,0,0,0,0,0,0,0,0.000237635,0,0,0,0.191635265,0,0,0,0,0,0,0,0,0,0,0,0,0,0,0,0,0
D160Q9SL.03,0.00025822,0,0,0.01200723,0.00077466,0,0.000301257,0,0,0,0,0,0,0,0,0,0,0,0,0.005508693,0,0,0.24664314,0.00154932,0,0,0,0,0,0.00877948,0.136598382,0,0,0,0,0,0,0,0,0,0,0,0,0,0,0,0,0,0.000473403,0,0,0,0,0,0,0,0,0.01962472,0.00994147,0,0.004475813,0,0,0,0,0.00025822,0,4.30E-05,0.00296953,0,0.000215183,0.081640558,0,0.453348253,0,0,0,0,0,0,0,0,0,0,0,0,0,0,0,0,0,0,0,0,0,0,4.30E-05,0,0,0,0,0,0,0,0,0,0.014503357,0,0,4.30E-05,0,0,0,0,0,0,0,0,0,0,0,0,0,0
K160QHJD.03,0,0,0,0.006698899,0.000174754,0,0,0,0,0,0,0,0,5.83E-05,0.000174754,0,0,0,0,0.001106775,0,0,5.83E-05,0.002854314,0,0,0,0,0,0,0.180287761,0,0,0,0,0,0,0,0,0,0,0,0,0,0,0,0,0,0.000174754,0,0,0,0,0,0.024931555,0,0,0.011941516,0,0,0.211859964,0,0.022659754,0,0,0.020737461,0,0.261897827,0,0,0.005184365,0.084347877,0.000291256,0.035416788,0.035242034,0.000349508,0,0,0,0,0,0,0,0,0,0,0,0,0,0,0,0,0,0,0.052018407,0,0,0,0,0,0,0,0.004194093,0,0,0,0.036931322,0,0.000349508,5.83E-05,0,0,0,0,0,0,0,0,0,0,0,0,0,0
K160R055.03,0.000217136,0,0,0.008685456,0.000217136,0,0,0,0,0,0,0,0,0,8.69E-05,0,0,0,0,0,0,0,0.012507057,0.0023885,0,0,0,0,0.039084553,0.012072784,0.268424024,0,0,0,0,0,0,0,0,0,0,0,0,0,0,0,0,0,4.34E-05,0,0,0,0,0,0.004125592,0,0,0.01789204,0,0,0.003343901,0,0.005080992,0,0,4.34E-05,0,0.145047119,0,0.046814609,0.003170192,0.019542276,0,0.384678855,0.002345073,0,0,0,0,0,0,0,0,0,0,0,0,0,0,0,0,0,0,0,0,0,0,0,0,0,0,0.000998827,0.001085682,0,0,0,0.022104486,0,0,0,0,0,0,0,0,0,0,0,0,0,0,0,0,0
E160Q8M9.03,5.13E-05,0,0,0.00636681,5.13E-05,0,0,0,0,0,0,0,0,0,0,0,0,0,0,5.13E-05,0,0,5.13E-05,0.000872869,0,0,0,0,0.00010269,0,0.295594578,0,0,0,0,0,0,0,0,0,0,0,0,0,0,0,0,0,0,0,0,0,0,0,0.026083385,0,0,0.008626001,0,0,0.002823988,0,0.051037174,0,0,0.00010269,0,0.319367427,0,0,0.016019717,0.173700965,0,0.016892586,0.022283837,0.000410762,0,0,0,0,0,0,0,0,0,0,0,0,0,0,0,0,0,0,0.001180941,0,0,0,0,0,0,0,0.007188334,0,0,0,0.051037174,0,0.00010269,0,0,0,0,0,0,0,0,0,0,0,0,0,0,0
G160S96W.03,0.000170184,0,0,0.016337645,0.005445882,0,0.000170184,0,0,0,0,0,0,0,0,0,0,0,0,0,0,0,0.011288859,0.01316088,0,5.67E-05,0,0,0,0.041354663,0.000510551,0,0,0,0,0,0,0,0,0,0,0,0,0,0,0,0,0,0.000226912,0,0,0,0,0,0,0,0,0.006069889,0,0,0.000340368,0,0.027229408,0,0,0.000850919,0,0.045665986,0,0,0.010551396,0.219707284,0,0.576355798,0.002552757,0,0,0,0,0,0,0,0,0,0,0,0,0,0,0,0,0,0,0,0,0,0,0,0,0,0,0,0,0,0,0,0.012366689,0,0,0,0,0,0,0,0,0,0,0,0,0,0.009587021,0,0,0
E160R7QM.03,0,0,0,0,0,2.48E-05,0.002726416,0,0,0,0,0,0,0,0.001140138,0,0,0,0,0.115748773,0,0,0,0,0,0,0,0,0,0,0,0,0,0,0,0,0,0,0,0,0,0,0,0.005304119,0,0,0,0,0.350071878,0,0,0,0.00265206,0,0,0.000917067,0,0.102091905,0,0,0.167178902,0,0,0,0,0,0,0,0,0,0,0,0,0.252094384,0,0,0,0,0,0,0,0,0,0,0,0,0,0,0,0,0,0,0,0,0,0,0,0,0,0,0,0,0,0,0,0,2.48E-05,0,0,2.48E-05,0,0,0,0,0,0,0,0,0,0,0,0,0,0
E160P2XQ.03,0,0,0,0,0,0,0,0,0,0,0,0,0,0,0,0,0,0,0,0.057690327,0,0,0,0,0,0,0,0,0,0,0,0,0,0,0,0,0,0,0,0,0,0,0,0.000103018,0,0,0,0,0.007365818,0,0,0,0,0,0,0,0,0.057793345,0,0,0.876789945,0,0,0,0,0,0,0,0,0,0,0,0,5.15E-05,0,0,0,0,0,0,0,0,0,0,0,0,0,0,0,0.000154528,0,0,0,0,0,0,0,0,0,0,0,0,0,0,0,0,0,0,0,0,0,0,0,0,0,0,0,0,0,0,0,0,0,5.15E-05
J160P1F4.03,0,0,0,0,0,8.11E-05,0,0,0,0,0,0,0,0,0,0,0,0,0,0,0,0,0,0,0,0,0,0,0,0,0,0,0,0,0,0,0,0,0.000162186,0,0,0,0,0.00425739,0,4.05E-05,0,0,0.233467137,0,0,0,0.002027328,0,0,0,0,0.20212464,4.05E-05,0,0.55747476,0,0,0,0,0,0,0,0,0,0,0,0,0,0,0,0,0,0,0,0,0,0,0,0,0,0,0,0,0,0,0,0,0,0,0,0,0,0,0,0,0,0,0,0,0,0,0,0,0.000202733,0,0.00012164,0,0,0,0,0,0,0,0,0,0,0,0
F160QY4V.03,0.001012379,0,0,0,0,0,0,0,0,0,0,0,0,0,4.60E-05,0,0,0,0,0,0,4.60E-05,0.33965303,0.001334499,0,0,0,0,0,0,0,0,0,0,0,0,0,0,0,0,0,0,0,4.60E-05,0,0,0,0,0.001196447,0,0,0,0,0,0,0,0,0.131931342,0.000184069,0,0.007132668,0,0,0,0,0.000506189,0,0,0,0,0,9.20E-05,0,0,0,0,0,0,0,0,0,0,0,0,0,0,0,0,0,4.60E-05,0,0,0,0,0,0,0,9.20E-05,0,0,0,0,0,0,0,0,0.516635222,0,0,0,0,4.60E-05,0,0,0,0,0,0,0,0,0,0,0,0
G160Q09X.03,3.56E-05,0,0,0.008150626,0.005979499,0,3.56E-05,0,0,0,0,0,0,0,0.000605068,0,0,0,0,0.000960991,0,0,0.219283884,0.000925399,0,7.12E-05,0,0,3.56E-05,0.021497722,0,0,0,0,0,0,0,0,0,0,0,0,0,0,0,0,0,0,0.000177961,0,0,0,0,0.000142369,0,3.56E-05,0,0.001494875,0.000391515,0,0.089265376,0,0,0,0,0.003523633,0,0.13621156,0,0,0,0.019362187,0,0.387742027,0.009752278,0,0,0,0,0,0,0,0,0,0,0,0,0,0,0,0,0,0,0,0,0,7.12E-05,0.000249146,0,0,0,0,0.000960991,0,0,0,0.093038155,0,0,0,0,0,0,0,0,0,0,0,0,0,0,0,0,0
B160PRG3.03,5.82E-05,0,0,0.017506107,0,0,5.82E-05,0.00011632,0,0,0,0,0,0,0,0,0,0,0,0,0,0,0.254565546,0.001279516,0,0,0,0,5.82E-05,0,0,0,0,0,0,0,0,0,0,0,0,0,0,5.82E-05,0,0,0,0,0.00011632,0,0,0,0,0,0,0,0,0.016168431,0.001453996,0,0.05251832,0,0.000290799,0,0,0.005815982,0,0.002035594,0,0.081307433,0,0.069384669,0,0.320402466,0,0,0.036815168,0,0,0,0,0,0,0,0,0,0,0,0,0.000290799,0,0,0,0,0,0,0,0,0,0,0,0,0,0,0,0,0.018669303,0,0.120856113,0,0,0.000174479,0,0,0,0,0,0,0,0,0,0,0,0
C160R9K4.03,0.000369853,0,0,0,0.000246569,0,0.005917646,0,0,0,0,0,0,0,8.22E-05,0,0,0,0,0.018821402,0,0,0,0,0,0,0,0,0,0,0,0,0,0,0,0,0,0,0,0,0,0,0,0.001150653,0,0,0,0,0.176912961,0,0,0,0.000328758,0,0,0,0,0.060121641,0,0,0.229062217,0,0,0,0,0,0,0,0,0,0,4.11E-05,0,0.23124024,0,0,0,0,0,0,0,0,0,0,0,0,0,0,0,0,0,0,0,0,0,0,0,0,0,0,0,0,0,0,0,0,0.2739377,0,0,0,0.001767075,0,0,0,0,0,0,0,0,0,0,0,0,0
E160PX75.03,6.04E-05,0,0,0.000846279,0.00205525,0,0,0,0,0,0,0,0,0,0,0,0,0,0,0.001994801,0,0,0.621048177,0.001269419,0,0,0,0,0.165810313,0,0.012210603,0,0,0,0,0,0,0,6.04E-05,0,0,0,0,0.000120897,0,0,0,0,0.005923956,0,0,0,0,0.000120897,0,0,6.04E-05,0,0,0,0.03366983,0,6.04E-05,0.000181346,0,0.008160551,0,0.006407544,0,0,0,0.003868706,0,0.023333132,0,0,0,0,0,0,0,0,0,0,0,0,0,0,0,0,0,0,0,0,0,0,0,0,0,0,0,0,0,0,0,0,0.112736505,0,0,0,0,0,0,0,0,0,0,0,0,0,0,0,0,0
K160RGBC.03,0,0,0,0,0,0,0.000717602,0,0,0.000126636,0,0,0,0,0.042676235,0,0,0,0,0.002574926,0,0,0.000337695,0,0.000295483,0,0,0,0,0,0.000802026,0,0,0,0,0,0,0,0,0,0.003503588,0,0,0.002068383,0,0,0,0,0.186872098,0,0,0,0,0.014689743,0,0,0,0,0,0,0.502954833,0,0,0,0,0,0,0,0,0,0,0.002321655,0,4.22E-05,0,0,0,0,0,0,0,0,0,0,4.22E-05,0,0,0,0,0,0,0,0,0,0.000126636,0,0.00021106,0.00021106,0,0,0,0,0,0,0,0,0.001350781,0,0.236850992,0.000717602,0.00021106,4.22E-05,0,0,0,0.000253271,0,0,0,0,0,0,0,0
B160PW46.03,0,0,0,0,0,0,0,0,0,0,0,0,0,0.000308674,0,0,0,0,0,0.000308674,0,0,0,0,0,0,0,0,0,0,0,0,0,0,0,0,0,0,0,0,0,0,0,0.008128408,0,0.547792983,0,0,0.422471448,0,0,0,0,0,0,0,0,0,0,0,0.01903488,0,0,0,0,0,0,0,0,0,0,0,0,0,0,0,0,0,0,0.000926021,0,0,0,0,0,0,0,0,0,0,0,0,0,0,0,0,0,0,0,0,0,0,0,0,0,0,0,0,0,0.000926021,0,0,0,0,0,0,0,0,0,0,0,0,0,0.000102891
D160R4RC.03,0,0,0,0,0,0,1.98E-05,0,0,0,0,0,0,0,0,0,0,0,0,0,0,0,0,0,0,0,0,0,0,0,0,0,0,0,0,0,0,0,0,0,0,0,0,0.010319673,0,0.000415159,0,0,0.976988316,0,0,0,0.000138386,0,0,0,0,0,0,0,0.01196054,0,0,0,0,3.95E-05,0,0,0,0,0,0,0,0,0,0,0,0,0,1.98E-05,0,0,0,0,0,0,0,0,0,0,0,0,0,0,0,0,9.88E-05,0,0,0,0,0,0,0,0,0,0,0,0,0,0,0,0,0,0,0,0,0,0,0,0,0,0,0
D160PMQN.03,0.000147037,0,0,0.00106602,0.011946773,0,0.00260991,0.006028525,0,0,0,0,0,0,7.35E-05,0,0,0,0,3.68E-05,0,0,0,0.021210116,0,0,0,0,0.158653139,0.018820762,0,0,0,0,0,0,0,0,0,0,0,0,0,0,0,0,0,0,0.000404352,0,0,0,3.68E-05,0,0.005366858,0,7.35E-05,0.008711954,0,0,0.040729305,0,0,0,0,0.003234818,0,0.03731069,0,0.001617409,0,0.031061609,0,0.618401706,0,0,0,0,0,0,0,0,0,0,0,0,0,0,0,7.35E-05,0,0,0,0,0,0,0.000110278,0,0.000367593,0,0,0,0.000330834,0,0,0,0.027642994,0,0.003859727,0,7.35E-05,0,0,0,0,0,0,0,0,0,0,0,0,0
F160QMHR.03,0,0,0,0.003758583,0.010552945,0,0,0,0,0,0,0,0,0,0,0,0,0,0,7.23E-05,0,0,0.084712685,0.01452837,0,0,0,0,0.000361402,0.003035779,0.201084207,0,0,0,0,0,0,0,0,0,0,0,0,7.23E-05,0,0,0,0,0,0,0,0,0,0,0.000433683,0,0,0.001301048,0,0,0.000433683,0,0.001156487,0,0,0.015829418,0,0.065992049,0,0,0,0.073726057,0.001445609,0.471991326,0.006360679,0,0,0,0,0,0,0,0,0,0,0,0,0,0,0,0,0,0,0,0.000505963,0,0,0,0,0,0,0.001951572,0.015395735,0,0,0,0.012793639,0,0,0,0,0,0,0,0,0,0,0,0,0,0.012504518,0,0,0
B160QX2N.03,0,0,0,0.001390226,0.003796385,0,0,0,0,0,0,0,0,0,0,0,0,0,0,0,0,0,0.137044166,0.004705379,0,0,0,0,0.001443696,0.000320821,0.205913806,0,0,0,0,0,0,0,0,0,0,0,0,0,0,0,0,0,0,0,0,0,0,0,0,0,0,0.00010694,0.001657577,0,0.042455352,0,0,0.000481232,0,0,0,0.003796385,0.000641643,0.00010694,0,0.297454818,0,0.293818843,0,0,0,0,0,0,0,0,0,0,0,0,0,0,0,0,0,0,0,0,0.003689445,0,0,0,0,0,0,0,0.000427762,0,0,0,0.000641643,0,0.00010694,0,0,0,0,0,0,0,0,0,0,0,0,0,0,0
D160RHL3.03,0,0,0,0,0.001533109,0,5.90E-05,0,0,0,0,0,0,0,0,0,0,0,0,0,0,0,0.491125656,0.060970576,0,0,0,0,0.112152839,0.010731765,0.001061383,0,0,0,0,0,0,0,0,0,0,0,0,0,0,0,0,0,0,0,0,0,0,0,0.001710006,0,0,0.003243116,0,0,0.000294829,0,0.002712424,0,0,0.001356212,0,0.143876408,0,0,0.02464768,0.028834247,5.90E-05,0.099652102,0.003478979,0,0,0,0,0,0,0,0,0,0,0,0,0,0,0,0,0,0,0,0.000943452,0,0,0,0,0,0,0.001474144,0.001061383,0,0,0,0.008962793,0,5.90E-05,0,0,0,0,0,0,0,0,0,0,0,0,0,0,0
K160R3NV.03,0.000242402,0,0,0.006272157,0.000181802,0,0,0,0,0,0,0,0,0,3.03E-05,0,0,0,0,0,0,0,0.172105566,0.019634579,0,0,0,0,0.187437506,0.031603188,0.129776081,0,0,0,0,0,0,0,0,0,0,0,0,3.03E-05,0,3.03E-05,0,0,3.03E-05,0,0,0,0,0.001030209,0.008514377,0,0,0.019422477,0,0,0.121049602,0,0.013938127,0,0,0.007211466,0,0,0,9.09E-05,0.042996091,0.051995273,0,0.179680635,0.003363331,0,0,0,0,0,0,0,0,0,0,0,0,0,0,0,0,0,0,0,0,0,0,0,0,0,0,0,0,0,0,0,0.00324213,0,3.03E-05,0,6.06E-05,0,0,0,0,0,0,0,0,0,0,0,0,0
G160QYX6.03,0,0,0,0.004034509,0.007206293,0,0,0,0,0,0,0,0,0,0,0,0,0,0,0,0,0,0.331920832,0.003019538,0,0,0,0,0.028825171,0,0.284141081,0,0,0,0,0,0,0,0,0,0,0,0,0,0,0,0,0,0.000202994,0,0,0,0,0,0,0,0,0,0,0,0.029637148,0,0,0,0,0,0,0.108424258,0,0.043364628,0,0.026363867,0,0.12364882,0.000126871,0,0,0,0,0,0,0,0,0,0,0,0,0,0,0,0,0,0,0,0,0,0,2.54E-05,0,0,0,0,0,0,0,0,0.00885562,0,0.000202994,0,0,0,0,0,0,0,0,0,0,0,0,0,0,0
A160R2R8.03,0,0,0,0.007352941,0.021742568,0,3.95E-05,0,0,0,0,0,0,0,0,0,0,0,0,0,0,0,0.138598988,0.002688172,0,3.95E-05,0,0,0,0.037753004,0.119425996,0,0,0,0,0,0,0,0,0,0,0,0,0,0,0,0,0,0.000158128,0,0,0,0,0,0.00102783,0,0,0.00122549,0.000276724,0,0,0,0,0,0,0,0.00019766,0.004664769,0,0,7.91E-05,0.047201139,0,0.614247312,0.000158128,0,0,0,0,0,0,0,0,0,0,0,0,0,0,0,0,0,0,0,0,0,0,0,0,0,0,0,0,0,0,0,0.003004428,0,0.000118596,0,0,0,0,0,0,0,0,0,0,0,0,0,0,0
G160QN9S.03,0,0,0,0.00488113,0.013035489,0,0,0,0,0,0,0,0,0,0.000172275,0,0,0,0,5.74E-05,0,0,0.19564718,0,0,0,0,0,0.032732284,0,0.070288274,0,0,0,0,0,0,0,0,0,0,0,0,0,0,0,0,0,0,0,0,0,0,0,0,0,0,0.000516826,0,0,0.208395544,0,0,0,0,0,0,0.133742965,0,0.046743999,0,0.024290801,0,0.26180085,0.000861376,0,0,0,0,0,0,0,0,0,0,0,0,0,0,0,0,0,0,0,0,0,0,0,0,0,0,0,0,0,0,0,0.006833582,0,0,0,0,0,0,0,0,0,0,0,0,0,0,0,0,0
A160QRCB.03,3.16E-05,0,0,0.001297181,0.00066441,0,3.16E-05,0,0,0,0,0,0,0,0.000158193,0,0,0,0,0,0,0,0.012339039,0.001202265,0,0,0,0,0.136425475,0.022241908,0.050653336,0,0,0,0,0,0,0,0,0,0,0,0,0,0,0,0,0,0,0,0,0,0,0,0.007213592,0,9.49E-05,0.007118676,0.000126554,0,0.004555953,0,0.020217041,0,0,0.000126554,0,0.337235423,9.49E-05,0.004018097,0.021134559,0.025089379,0.002910748,0.296484956,0.005220363,0,0,0,0,0,0,0,0,0,0,0,0,0,0,0,3.16E-05,0,0,0,0,0,0,0,0,0,0,0.00329041,0.003258772,0,0,0,0.01736957,0,0,0,0,0,0,0,0,0,0,0,0,0,0.019362799,0,0,0
J160PYPB.03,0,0,0,0.008227067,0.002982312,0,0,0,0,0,0,0,0,0,0,0,0,0,0,0.00061703,0,0,0,0.009461127,0,0,0,0,0,0.002262443,0.342040313,0,0,0,0,0,0,0,0,0,0,0,0,0,0,0,0,0,0.000102838,0,0,0,0,0,0,0,0,0.002673797,0.000514192,0,0.000411353,0,0.008844097,0,0,0.047716989,0,0.039798437,0,0,0,0.047922666,0.000822707,0.448580831,0.001028383,0,0,0,0,0,0,0,0,0,0,0,0,0,0,0,0,0,0,0,0.006067462,0,0,0,0,0,0,0.00061703,0.00308515,0,0,0,0.026223776,0,0,0,0,0,0,0,0,0,0,0,0,0,0,0,0,0
B160R4CZ.03,0,0,0,0.001301841,0.001450623,0,0.000557932,0,0,0,0,0,0,0,0,0,0,0,0,0,0,0,0.017891017,0.006657988,0,0,0,0,7.44E-05,0,0.173144876,0,0,0,0,0,0,0,0,0,0,0,0,0,0,0,0,0,0.000446346,0,0,0,0,0,0,0,0,0.000595127,0.000706714,0,0.317426074,0,0,0.000632323,0,0,0,0.000223173,0,0.122670634,0,0.04630835,0,0.30303143,3.72E-05,0,0,0,0,3.72E-05,0,0,0,0,0,0,0,0,0,0,0,0,0,0,0.006546401,0,0,0,0,0,0,0,0,0,0,0,0.000260368,0,0,0,0,0,0,0,0,0,0,0,0,0,0,0,0,0
B160S8L9.03,0,0,0,0.01143799,0.006643025,0,9.99E-05,0,0,0,0,0,0,0,4.99E-05,0,0,0,0,0.003046801,0,0,0.392537835,0.043004845,0,0,0,0,0.047100544,0,0.143799011,0,0,0,0,0,0,0,0,0,0,0,0,0,0,0,0,0,0.000299685,0,0,0,0,0,0,0,0,0,0.001048899,0,0.055991209,0,0.00674292,0.000499476,0,0.009539983,0,0.000249738,0,0,0,0.061385545,0,0.197842266,0,0,0,0,0,0,0,0,0,0,0,0,0,0,0,0,0,0,0,0,0.011188252,0,0,0,0,0,0,0,0,0,0,0,0.007492133,0,0,0,0,0,0,0,0,0,0,0,0,0,0,0,0,0
F160QQYT.03,0,0,0,0.003692433,0.008561574,0,0.000121729,4.06E-05,0,0,0,0,0,0,4.06E-05,0,0,0,0,0.000689795,0,0,0.208805031,0.000243457,0,8.12E-05,0,0,0.001014405,0.093446947,0.038669101,0,0,0,0,0,0,0,0,0,0,0,0,0,0,0,0,0,0.00052749,0,0,0,0,0,0,0,0,0,8.12E-05,0,0.002921485,0,0.000202881,0,0,0,0,0.000162305,0,0,0.000162305,0.186975046,0,0.44155001,0,0,0,0,0,0,0,0,0,0,0,0,0,0,0,0,0,0,0,0,0,0,0,0,0,0,0,0.000892676,0.010346926,0,0,0,0.000770947,0,0,0,0,0,0,0,0,0,0,0,0,0,0,0,0,0
J160QXYH.03,0,0,0,0.006677287,0.004236857,0,0,0,0,0,0,0,0,0,3.39E-05,0,0,0,0,0,0,0,0.014608684,0.007999187,0,0,0,0,0.001932007,0.001626953,0.253940277,0,0,0,0,0,0,0,0,0,0,0,0,0,0,0,0,0,0,0,0,0,0,0,0.000169474,0,0,0.000101685,0,0,0.031861167,0,0.000813477,3.39E-05,0,0.000203369,0,0.011693726,0.013896892,0.095346236,0.002948853,0.059248212,0.000982951,0.483408467,3.39E-05,0,0,0,0,0,0,0,0,0,0,0,0,0,0,0,0,0,0,0,0,0,0,0,0,0,0,0,0.005321493,0,0,0,0.002847168,0,3.39E-05,0,0,0,0,0,0,0,0,0,0,0,0,0,0,0
K160RHCC.03,0,0,0,0.006517938,0.003921361,0,5.30E-05,0,0,0,0,0,0,0,0,0,0,0,0,0,0,0,0.002066663,0.000529914,0,0,0,0,0.000264957,0,0.460388957,0,0,0,0,0,0,0,0,0,0,0,0,0,0,0,0,0,0.001377775,0,0,0,0,0,0,0,0,0.000317948,0,0,0.056647766,0,0,0.000688888,0,0,0,0.000105983,0,0.007206825,0,0.146892057,0,0.289968735,0,0.014943564,0,0,0,0,0,0,0,0,0,0,0,0,0,0,0,0,0,0,0,0,0,0,0,0,0,0,0,0,0,0,0.008107678,0,0,0,0,0,0,0,0,0,0,0,0,0,0,0,0,0
K160QBKP.03,0,0,0,0.005044228,0.005263543,0,0,0,0,0,0,0,0,0,0,0,0,0,0,0.000438629,0,0,0.348453834,0.001973828,0,0,0,0,0.119745595,0,0.215659039,0,0,0,0,0,0,0,0,0,0,0,0,0,0,0,0,0,0.000109657,0,0,0,0,0,0,0,0,0.003509028,0.006433219,0,0.003143505,0,0,7.31E-05,0,0,0.002595219,0.088968492,0,0,7.31E-05,0.011148476,0,0.150815118,0.005263543,0,0,0,0,0,0,0,0,0,0,0,0,0,0,0,0,0,0,0,0,0,0,0,0,0,0,0,0,0,0,0,0.031288837,0,0,0,0,0,0,0,0,0,0,0,0,0,0,0,0,0
G160QNTX.03,0,0,0,0.000420698,0.003901021,0,0,0,0,0,0,0,0,0,3.82E-05,0,0,0,0,0,0,0,0.745553983,0.00317436,0,0,0,0,0.066546831,3.82E-05,0.01376831,0,0,0,0,0,0,0,0,0,0,0,0,0,0,0,0,0,7.65E-05,0,0,0,0,0,0,0,0,0.004665927,0.001912265,0,0.003059624,0,0,3.82E-05,0,0.000267717,0.006425211,0.079970934,0,0,0.002371209,0.000803151,0,0.029028187,0.00871993,0,0,0,0,0,0,0,0,0,0,0,0,0,0,0,0,0,0,0,0,0,0,0,0,0,0,0,0,0,0,0,0.029219413,0,0,0,0,0,0,0,0,0,0,0,0,0,0,0,0,0
E160QYBN.03,0.000124668,0,0,4.16E-05,0.000374003,0,0,0,0,0,0,0,0,0,0.000124668,0,0,0,0,0,0,0,0.718417553,0.000664894,0,0,0,0,0.032704455,0,0.016996343,0,0,0,0,0,0,0,0,0,0,0,0,0,0,0,0,0,0.000124668,0,0,0,0,0,0,0,0,0.003158245,0.000457114,0,0.007521609,0,0,8.31E-05,0,0.000623338,0.001786902,0.059757314,0,0,0.00731383,0.002576463,0,0.038522274,0.000831117,4.16E-05,0,0,0,0,0,0,0,0,0,0,0,0,0,0,0,0,0,0,0,0,0,4.16E-05,0,0,0,0,0,0,0,0,0.107712766,0,0,0,0,0,0,0,0,0,0,0,0,0,0,0,0,0
C160QD20.03,0,0,0,0.00656629,0.008866583,0,0,0,0,0,0,0,0,0,4.18E-05,0,0,0,0,0.000752823,0,0,0.114889168,0.00476788,0,4.18E-05,0,0,0.013801757,0.068214136,0.144081974,0,0,0,0,0,0,0,0,0,0,0,0,0,0,0,0,0,0,0,0,0,0,0,0,0,0,0,0,0,0.001171058,0,0,0,0,0,0,0.005353409,0,0,0.001212882,0.346256796,0,0.280342953,0.000376412,0,0,0,0,0,0,0,0,0,0,0,0,0,0,0,0,0,0,0,0,0,0,0,0,0,0,0.001923881,0.000376412,0,0,0,0.000961941,0,0,0,0,0,0,0,0,0,0,0,0,0,0,0,0,0
H160PGYR.03,0,0,0,0,0,3.32E-05,0,0,0,0,0,0,0,0,0,9.96E-05,0,0,0,0,0,0,3.32E-05,0,0,0,0,0,0,0,0,0,0,0,0,0,0.000132802,0,0,0,0,0.000132802,0,0,0,0,0,0,9.96E-05,0,0,0,0,0,3.32E-05,0,0,0.995883134,0,0,9.96E-05,0,0,0,0,0,0,0,0,0,0,0,0,0,0,0,0,0,0,9.96E-05,0,0,0,0,0,0,0,0,0,6.64E-05,0,0,0,0,0.000763612,0,0.001626826,0,0,0,0,0,0,0,0,0,6.64E-05,0,3.32E-05,0.000431607,0,0.000365206,0,0,0,0,0,0,0,0,0,0,0,0
G160PY5D.03,0.000384714,0,0,0,0.000128238,0,0,0,0,0,0,0,0,0,0,0,0,0,0,0.003141831,0,0,0.094960246,0.006988972,0,0,0,0,0.001346499,0,0.449217748,0,0,0,0,0,0,0,0,0,0.000192357,0,0,0,0,0,0,0,0.000128238,0,0,0,0,0,0,0,0,0.056168248,0,0,0.001090023,0,0.000128238,0,0,0.005706591,0,0,0,0,0,0.023467556,0,0.316234932,0,0,0,0,0,0,0,0,0,0,0,0,0,0,0,0,0,0,0,0,0,0,0,0,0,0,0,0,0,0,0,0,0.040651449,0,6.41E-05,0,0,0,0,0,0,0,0,0,0,0,0,0,0,0
C160R7PC.03,0,0,0,0,0,0,0.006909276,0,0,0,0,0,0,0,0,0,0,0,3.93E-05,7.85E-05,0,0,0,0,0,0,0,0,0,0,3.93E-05,0,0,0,0,0,0,0,0,0,0,0,0,0.000274801,0,0,0,0,0.017155419,0,0,0,3.93E-05,0,0,0,0,0,0,0,0.045224355,0,0,0,0,0.080712912,0,3.93E-05,0,0,0,0,0,0.003336866,0,0,0,0,0,0,0,0,0,0,0,0,0,0,0,0,0,0,0,0,3.93E-05,0,7.85E-05,0,0,0,0,0,0,0,0,0,0.845836768,0,0,7.85E-05,0.000117772,0,0,0,0,0,0,0,0,0,0,0,0,0
E160T3M0.03,0,0,0,0.007783816,0.011749156,0,0.000146864,7.34E-05,0,0,0,0,0,0,0.000146864,0,0,0,0,0,0,0,0.036642679,0.001174916,0,0,0,0,0.000514026,0.001835806,0.195476575,0,0,0,0,0,0,0,0,0,0,0,0,0,0,0,0,0,0.001101483,0,0,0,0,0,0,0,0,0.000146864,0,0,0.000293729,0,0.004846527,0,0,0.000220297,0,0.02180937,0,0,0.001101483,0.03634895,0,0.67117051,0.000367161,0,0,0,0,0,0,0,0,0,0,0,0,0,0,0,0,0,0,0,0,0,0,0,0,0,0,0,0,0,0,0,0.007049493,0,0,0,0,0,0,0,0,0,0,0,0,0,0,0,0,0
E160S9TP.03,8.83E-05,0,0,0,0.000353232,0,0,0,0,0,0,0,0,0,0.000397386,0,0,0,0,0,0,0,0.103143765,0.001412928,0,0,0,0,0.061020841,0,0,0,0,0,0,0,0,0,0,0,0,0,0,0,0,8.83E-05,0,0,8.83E-05,0,0,0,0,0,0.001412928,0,0,0.007020487,0.001633698,0,0.021017308,0,0.012054045,0,0,0.010111268,0.000353232,0.678691275,0,0.00176616,0.00044154,0.006269869,0,0.024505475,0.001677852,0,0,0,0,0,0,0,0,0,0,0,0,0,0,4.42E-05,0,0,0,0,0.043182621,0,0,0,0,0,0,0,0,0,0,0,0.023225009,0,0,0,0,0,0,0,0,0,0,0,0,0,0,0,0,0
K160R145.03,0,0,0,0.007997926,0.012033917,0,3.70E-05,0,0,0,0,0,0,0,0,0,0,0,0,3.70E-05,0,0,0.019772652,0.001221905,0,0,0,0,0.001814344,0.022549709,0.273743844,0,0,0,0,0,0,0,0,0,0,0,0,0,0,0,0,0,3.70E-05,0,0,0,0,0,0,0,0,7.41E-05,0.000222165,0,3.70E-05,0,0.000222165,0,0,0,0,0,0.000481357,0,0.00014811,0.20705743,0,0.441070833,3.70E-05,0,0,0,0,0,0,0,0,0,0,0,0,0,0,0,0,0,0,0,0,0,0,0,0,0,0,0.002925168,0.007775762,0,0,0,0.000703521,0,0,0,0,0,0,0,0,0,0,0,0,0,0,0,0,0
J160QRJ5.03,0,0,0,0,3.24E-05,0,0,0,0,0,0,0,0,0,0,0,0,0,3.24E-05,6.48E-05,0,0,3.24E-05,0,0,0,0,0,0.99377916,0.004600829,6.48E-05,0,0,0,0,0,0,0,0,0,0,0,0,0,0,0,0,0,3.24E-05,0,0,0,0,0,0,0,0,0,0,0,0.000648004,0,0,0,0,0,0,0,0,0,0,3.24E-05,0,3.24E-05,0,0,0,0,0,3.24E-05,0,0,0,0,0,0,0,0,0,0,0,0,0,0,0.000162001,0,0.000291602,3.24E-05,0,0,0,0,0,0,0,0,3.24E-05,0,0,3.24E-05,0,6.48E-05,0,0,0,0,0,0,0,0,0,0,0,0
A160PB7V.03,0,0,0,0,0,0,0.000233934,0,0,0,0,0,0,0,0,0,0,0.001203088,0,0.000334191,0,0,0.000133676,0,0,0,0,0,0.746282124,0.240751262,0.000100257,0,0,0,0,0,0,0,0,0,0,0,0,0,0,0,0,0.000501287,0.001203088,0,0,0,0,3.34E-05,0,0.000601544,0,0,0,0,6.68E-05,0,0,0,0,0.000100257,0,0,0,0,0,0.000300772,0,0.000200515,0,0,0,0,0,3.34E-05,0,0,0,0,0,3.34E-05,0,0,0,0,3.34E-05,0,0,0,0.001203088,0,0.002840624,0,0,0,0,0,0,0,0,0,0.000100257,3.34E-05,0,0.002807205,6.68E-05,0.000802059,0,0,0,0,0,0,0,0,0,0,0,0
J160PQJC.03,0,0,0,0,0,0,0.002639155,0,0,0,0,0,0,0,0,0,0,0,0,0,0,0,0.427903071,0.001559501,0,0,0,0,0.106226008,0.000479846,0,0,0,0,0,0,0,0,0,0,0,0,0,0,0,0,0,0,0.000659789,0,0,0,0,0,0,0,0,0,0.133577255,0,0.006477927,0,0,0,0,0,0,0.000119962,0,0,0.002339251,0.025071977,0,0.000119962,0,0,0,0,0,0,0,0,0,0,0,0,0,0,0,0,0,0,0,0,0,0,0,0,0,0,0,0.000419866,0,0,0,0,0.29240643,0,0,0,0,0,0,0,0,0,0,0,0,0,0,0,0,0
F160R9MV.03,0,0,0,0.012619669,0.087768628,0,0.000334739,0,0,0,0,0,0,0,0,0,0,0,0,0.000133896,0,0,0.206935797,0.001338957,0,0,0,0,0,3.35E-05,0.102731472,0,0,0,0,0,0,0,0,0,0,0,0,0,0,0,0,0,0,0,0,0,0,0,0.003079601,0,0,0.006761733,0,0,0.001205061,0,0,0,0,0,0,0.018578028,0,0,0.00016737,0.001673696,0,0.54820245,0,0,0,0,0,0,0,0,0,0,0,0,0,0,0,0,0,0,0,0,0,0,0,0,0,0,0,0,0,0,0,0,0.008435429,0,0,0,0,0,0,0,0,0,0,0,0,0,0,0,0,0
D160QZNF.03,7.82E-05,0,0,0.000312622,0.02586948,0,7.82E-05,0,0,0,0,0,0,0,0,0,0,0,0,0.002383744,0,0,0.250449394,0.001641266,0,0,0,0,0.041187964,0,0.440523642,0,0,0,0,0,0,0,0,0,0,0,0,0,0,0,0,0,7.82E-05,0,0,0,0,0,0,0,0,0.027159047,0,0,0.000234467,0,0,0,0,0.000937866,0,0,0,0,0.000117233,0.041930442,0,0.122938648,0,0,0,0,0,0,0,0,0,0,0,0,0,0,0,0,3.91E-05,0,0,0,0,0,0,0,0,0,0,0,7.82E-05,0,0,0,0.043767097,0,0.000195389,0,0,0,0,0,0,0,0,0,0,0,0,0,0,0
C160R50B.03,4.08E-05,0,0,0,0,0,0,0,0,0,0,0,0,0,0,0,0,0,0,4.08E-05,0,0,0.330899449,0.007995105,0,0,0,0,0.179808281,0,8.16E-05,0,0,0,0,0,0,0,0,0,0,0,0,0,0,0.000163165,0,0,0.000285539,0,0,0,0,0,0.000693453,0,0,0.044177034,0.000652662,0,0.001957985,0,0.005506833,0,0,4.08E-05,0.037976749,0.012563736,0,0,0.000815827,0.027615745,0,0.141994697,0,0,0,0,0,0,0,0,0,0,0,0,0,0,0,0,0,0,0,0,0.015908627,0,0,0,0,0,0,0,0,0,0,0,0.190740363,0,0,0,4.08E-05,0,0,0,0,0,0,0,0,0,0,0,0,0
F160RGPF.03,0.001015784,0,0,0,0,0,3.91E-05,0,0,0,0,0,0,0,0,0,0,0,0,0,0,0,0.241131427,0.003047351,0,0,0,0,0.098452883,0,0,0,0,0,0,0,0,0,0,0,0,0,3.91E-05,0.000664166,0,0,0,0,7.81E-05,0,0,0,0,0,0.000859509,0,0,0.078527895,0.000117206,0,0.00195343,0,0.005508673,0,0,0.029809345,0.011994062,0.029262385,0,3.91E-05,0.000390686,0.031176746,0,0.401859666,0,0,0,0,0,0,0,0,0,0,0,0,0,0,0,0,0,0,0,0,0.008790436,0,0,0,0,0,0,0,0,0,0,0,0.055243007,0,0,0,0,0,0,0,0,0,0,0,0,0,0,0,0,0
F160P2W3.03,0,0,0,0,0,0,0.00198089,0,0,0,0,0,0,0,0,0,5.83E-05,0,0,0.010778373,0,0,0,0,0,0,0,0,0,0,0,0,0,0,0,0,0,0,0,0,0,0,0,0.006117455,0,0,0,0,0.350792356,0,0,0,0.000466092,0.000174784,0,0,0,0.143964111,0,0,0.000291307,0,0,0,0,0,0,0,0,0,0,0.484852016,0,0,0,0,0,0,0,0,0,0,0,0,0,0,0,0,0,0,0,0,0,0,0,0,0.000116523,0,0,0,0,0,0,0,0,0,0,0,0,5.83E-05,0.000349569,0,0,0,0,0,0,0,0,0,0,0,0,0
D160Q8LD.03,0,0,0,0.001781638,0.004899504,0,5.57E-05,0,0,0,0,0,0,0,0,0,0,0,0,0,0,0,0.263459718,0,0,0,0,0,0.26869328,0,0.012972552,0,0,0,0,0,0,0,0,0,0,0,0,0,0,0,0,0,5.57E-05,0,0,0,0,0.000111352,0,0,0,0.000167029,0,0,0.013752018,0,0,0.000222705,0,0.046211235,0,0,0,0,0,0.010021714,0,0.107566394,0.227325873,0,0,0,0,0,0,0,0,0,0,0,0,0,0,0,0,0,0,0,0,0,0,0,0,0,0,0,5.57E-05,0,0,0,0.042647959,0,0,0,0,0,0,0,0,0,0,0,0,0,0,0,0,0
J160QX58.03,0,0,0,0,0,0,0,0,0,0,0,0,0,0,0,0,0,0,0,0,0,0,0,0,0,0,0,0,0,0,3.80E-05,0,0,0,0,0,0,0,0,0,3.80E-05,0,0,0,0,0,0,0,0.00011399,0,0,0,0,0,0,0,0,0.194505662,0,0,0,0,0,0,0,0,0,0,0,0,0,0,0,0.099551638,0,0,0,0,0,0,0,0,0,0,0,0,0,0,0,0,0,0,0,0,0,0,0,0,0,0,0,0,0,0,0,0,0.705752717,0,0,0,0,0,0,0,0,0,0,0,0,0,0,0,0,0
J160QK9X.03,0,0,0,0,0.000280073,0,0.003150819,0,0,0,0,0,0,0,0.035849321,0,0,0,0.00196051,0.00273071,0,0,0,0,0,0,0,0,0,0,7.00E-05,0,0,0,0,0,0,0,0,0,0,0,0,0.001050273,0.000210055,0,0,0,0.044951687,0,0,0,0,0.653409887,0,0,0,0,0,0,0.220137236,0,0,0,0,0,0,7.00E-05,0,0,0.001540401,0,0,0.02107548,0,0,0,0,0,0.000560146,0,0,0,0,0,0,0,0,0,0,0,0,0,0,0,0,0.002170564,0.002380619,0,0,0,0,0,0,0,0,0.001330346,0,0,0.006021566,0,0,0,0,0,0,0,0,0,0,0,0,0,0.001050273
G160QVBJ.03,0,0,0,0,0,0,0,0,0,0,0,0,0,0,0,0,0,0,0,0,0,0,0,2.82E-05,0,0,0,0,0,0,5.63E-05,0,0,0,0,0,0,0,0,0,2.82E-05,0,0,0,0,0,0,0,0.000619526,0,0,0,0,0,0,0,0,0.243361212,0,0,2.82E-05,0,2.82E-05,0,0,0,0,0,0,0,0,0,0,2.82E-05,0,0,0,0,0,0,0,0,0,0,0,0,0,0,0,0,0,0,0,0,0,0,2.82E-05,5.63E-05,0,0,0,0,0,0,0,0,0.755737659,0,0,0,0,0,0,0,0,0,0,0,0,0,0,0,0,0
K160QS8K.03,2.79E-05,0,0,0,0,0,0,0,0,0,0,0,0,0,0,0,0,0,0,0,0,0,2.79E-05,0,0,0,0,0,0,0,0,0,0,0,0,0,0,0,0,0,0,0,0,0,0,0,0,0,0.000502344,0,0,0,2.79E-05,0,0,0,0,0.165020094,0,0,0,0,2.79E-05,0,0,0,0,0,0,0,0,0,0,2.79E-05,0,0,0,0,0,0,0,0,0,0,0,0,0,0,0,0,0,0,0,0,0,0,2.79E-05,2.79E-05,0,0,0,0,0,0,0,0,0.834254298,0,0,0,0,2.79E-05,0,0,0,0,0,0,0,0,0,0,0,0
J160QPL7.03,0,0,0,0,0,0,0.000115687,0,0,0,0,0,0,0,0,0,0,0,0,0.000115687,0,0,0,0,0,0,0,0,3.86E-05,0,3.86E-05,0,0,0,0,0,0,0,0,0,0,0,0,7.71E-05,0,0,0,0,0.001465371,0,0,0,0,0,3.86E-05,0,0,0.398580904,0,0,0,0,0,0,0,0,0,3.86E-05,0,0,0,0,0,3.86E-05,3.86E-05,0,0,0,0,0,0,0,0,0,0,0,0,0,0,0,0,0,0,0,0,0,0,3.86E-05,0,0,0,0,0,0,0,0,0.599336727,0,0,0,3.86E-05,0,0,0,0,0,0,0,0,0,0,0,0,0
D160QYM8.03,2.81E-05,0,0,0,0,0,2.81E-05,0,0,0,0,0,0,0,0.00019679,0,0,0,0,0,0,0,0,0,0,0,0,0,0,0,0,0,0,0,0,0,0,0,0,0,0,0,0,5.62E-05,0,0,0,0,0.005369543,0,0,0,0.000168677,0,0,0,0,0.283264457,0,0,0.001180737,0,0,0,0,0,0,0,0,0,0,0,0,0,0,0,0,0,0,0,0,0,0,0,0,0,0,0,0,0,0,0,0,0,0,0,2.81E-05,0,0,0,0,0,0,0,0,0,0.709679233,0,0,0,0,0,0,0,0,0,0,0,0,0,0,0,0,0
J160QKKR.03,0,0,0,0,0,0,0.000645812,8.07E-05,0,0,0,0,0,0,0,0,0,0,0,0.189465187,0,0,4.04E-05,0,0,0,0,0,0,0,0,0,0,0,0,0,0,0,0,0,0,0,0,0.002986882,0,0,0,0,0.11778002,0,0,0,0.002502523,0,8.07E-05,0,0,0.626155399,0,0,0,0,0,0,0,4.04E-05,0,0,0,0,0,0.024621594,0,0.013844601,0,0,0,0,0,0,0,0,0,0,0,0,0,0,0,0,0,0,0,0,0,0,0,0,0,0,0,0,0,0,0,0,0.021755802,0,0,0,0,0,0,0,0,0,0,0,0,0,0,0,0,0
H160R5ZW.03,0,0,0,0,0,0,0.015717424,0,0,0,0,0,0,4.23E-05,0,0,0,0,0.000507014,0,0,0,0,0,0,0,0,0,0,0,0,0,0,0,0,0,0,0,4.23E-05,0,0,0,0,0.007478452,0,0,0,0,0.545842488,0,0,0,0.000633767,0,0,0.000169005,0,0.425680243,0,0,0.000253507,0,0,0,0,0,0,0,0,0,0,0,0,0,0,0,0,0,0,4.23E-05,0,0,0,0,0,0,0,4.23E-05,0,0,0,0,0,0,0,0,0.000253507,0.00147879,0,0,0,0,0,0,0,0,0.000169005,0,0,0.000126753,0.001521041,0,0,0,0,0,0,0,0,0,0,0,0,0
E160Q7FK.03,0,0,0,0,0,2.67E-05,0.691684492,0,0,0,0,0,0,0,0,0,5.35E-05,0,0,0,0,0,0.000106952,0,0,0,0,0,5.35E-05,0,8.02E-05,0,0,0,0,0,0,0,0,0,0,0,0,0.003636364,0,0,0,0,0.30328877,0,0,0,0,0,0,0,0,0,0,0,0,0,0,0,0,0,0,0.00013369,0,0,0,5.35E-05,0,8.02E-05,0,0,0,0,0,5.35E-05,0,0,0,0,0,2.67E-05,0,0,0,2.67E-05,2.67E-05,0,0,0,0.000294118,0,2.67E-05,0,0,0,0,0,0,0,0,0,0.000160428,0,0,2.67E-05,2.67E-05,0.00013369,0,0,0,0,0,0,0,0,0,0,0,0
B160P19Y.03,0,0,0,0,0,0,0.000139072,0,0,0,0,0,0,0,0,0,0,0,0,6.95E-05,0,0,0,0,0,0,0,0,0,0,0,0,0,0,0,0,0,0,0,0,0,0,0,0.015576107,0,0.057923649,0,0,0.900702316,0,0,0,0.000139072,0,0,6.95E-05,0,0.023711842,0,0,0.001182115,0,0,0,0,0,0,0.000139072,0,0,0,0,0,0,6.95E-05,0,0,0,0,0,0,0,0,0,0,0,0,0,0,0,0,0,0,0,0,0,0,0,0,0,0,0,0,0,0,0,0.000208609,0,0,6.95E-05,0,0,0,0,0,0,0,0,0,0,0,0,0,0
H160R5YZ.03,0,0,0,0,0,0,0.213296756,0,0,0,0,0,0,0,6.45E-05,0,0,0,9.68E-05,0,0,0,0,0,0,0,0,0,0,3.23E-05,0,0,0,0,0,0,0,0,0,0,0,0,0,0.009843473,0,0,0,0,0.775601097,0,0,0,0,0,0,0,0,0,0,0,0.0006132,0,0,0,0,0,0,0,0,0,0,6.45E-05,0,3.23E-05,0,0,0,0,0,0,0,0,0,0,0,6.45E-05,0,0,0,0,0,0,0,0,0,0,6.45E-05,0.000161368,0,0,0,0,0,0,0,0,6.45E-05,0,0,0,0,0,0,0,0,0,0,0,0,0,0,0,0,0
K160QK8Y.03,0,0,0,0,0,0,0.003751407,0,0,0,0,0,0,0,0,0,0,0,0,0,0,0,0,0,0,0,0,0,0.36701263,0,0,0,0,0,0,0,0,0,0,0,0,0,0,0.003001125,0,0.007377767,0,0,0.128798299,0,0,0,0.000437664,0,0,0,0,0.454482931,0,0,0.034575466,0,0,0,0,0,0,0,0,0,0,0,0,6.25E-05,0,0,0,0,0,6.25E-05,0,0,0,0,0,0,0,0,0,0,0,0,0,0,0,0,0,0,0,0,0,0,0,0,0,0,0.00018757,0,0,0,0,0,0,0,0,0,0,0,0,0,0,0,0,0.000250094
G160PSQM.03,0,0,0,0,0,0,0.013662921,0,0,0,0,0,0,0.000179775,0,0,0,0,0,0,0,0,0,0,0,0,0,0,0,0,0,0,0,0,0,0,0,0,0,0,0,0,0,0.000629213,0,0,0,0,0.069483146,0,0,0,0.000539326,0,0,0,0,0.914696629,0,0,0,0,0,0,0,0,0,0,0,0,0,0,0,0.000179775,0,0,0,0,0,0,0,0,0,0,0,0,0,0,0,0,0,0,0,0,0,0,0.000179775,0,0,0,0,0,0,0,0,0,0,0,0,0.000179775,0.000179775,0,0,0,0,0,0,0,0,0,0,0,0,8.99E-05
F160QZ1V.03,0,0,0,0,0,0,0,0,0,3.74E-05,0,0,0,0,0,0,0,0,0,0,0,0,0,0,0,0,0,0,3.74E-05,0,0,0,0,0,0,0,0,0,0,0,0,0,0,0.007061461,0,0,0,0,0.414384457,0,0,0,0.001942836,0,0,0,0,0.576424435,0,0,0,0,0,0,0,0,0,0,0,0,0,0,0,3.74E-05,0,0,0,0,0,0,0,0,0,0,0,0,0,0,0,0,0,0,0,0,0,0,0,0,0,0,0,0,0,0,0,0,0,0,0,0,7.47E-05,0,0,0,0,0,0,0,0,0,0,0,0,0
K160QM3J.03,0,0,0,0,0,0,0,4.39E-05,0,0,0,0,0,0,0,0,0,0,0,0.001712254,0,0,0,0,0,0,0,0,0,0,0,0,0,0,0,0,0,0,0,0,0,0,0,8.78E-05,0,0,0,0,0.00311718,0,0,0,4.39E-05,0,0,0,0,0.337357861,0,0,0,0,0,0,0,0,0,4.39E-05,0,0,0,0,0,4.39E-05,0,0,0,0,0,0,0,0,0,0,0,0,0,0,0,0,0,0,0,0,4.39E-05,0,0,0,0,0,0,0,0,0,0,0,0.657505378,0,0,0,0,0,0,0,0,0,0,0,0,0,0,0,0,0
B160R3W9.03,0,0,0,0,0,0,0.033494932,0,0,0,0,0,0,0,0,0,0,0,0,3.67E-05,0,0,0,0,0,0,0,0,0,0,0,0,0,0,0,0,0,0,0,0,0,0,0,0.003893051,0,0,0,0,0.962024387,0,0,0,0,0,0,0,0,0.000183634,0,0,0,0,0,0,0,0,0,0,0,0,0,0,0,0,0,0,0,0,0,0,0,0,0,0,0,0,0,0,0,0,0,0,0,0,0,0,3.67E-05,0,0,0,0,0,0,0,0,0,0.000330542,0,0,0,0,0,0,0,0,0,0,0,0,0,0,0,0,0
B160V9X0.03,5.91E-05,0,0,0.011107172,0.011709796,0,0.000118161,0,0,0,0,0,0,0,0,0,0,0,0,0,0,0,0.089637244,0.009051164,0,0,0,0,0.086695025,0.043247076,0.019130332,0.002930403,0,0,0.001075269,0,0,0,0,0.001606995,0,0,0,0,0,0,0,0,1.18E-05,0,0,0,0,0,0,0,1.18E-05,0,0,0,0.002918587,2.36E-05,0.018834929,3.54E-05,7.09E-05,0.001370672,0,0.114722911,0,0.000129978,0.067765568,0.091870495,0,0.400413565,0.000224507,0,0,0,0,0,0,0,0,0,0,0,0,0,0,0,0,0,0,0,0,0,0,0,0,0,0,0.008625783,0.00952381,0,0,0,0.006936075,0,0.000141794,0,0,0,0,0,0,0,0,0,0,0,0,0,0,0
C160SRHH.03,2.71E-05,0,0,0.000203029,0.010300348,0,0,0,0,0,0,0,0,0,4.06E-05,0,0,0,0,0,0,0,0.077787252,0.053762131,0,0,0,0,0.054398289,0.026826924,0.009325808,0.01138317,0,0,0.001732516,0,0,0,0,0,0,0,0,0,0,0,0,0,2.71E-05,0,0,0,0,0,0,0,0.000135353,0.000419594,0,0,0.013020939,9.47E-05,0.010584589,0.001732516,0,0.006212693,0.000812117,0.268255709,0,0.022563311,0.091336067,0.105020235,0.000433129,0.195354692,0.000473735,0.000730905,0,0,0,0,0.000243635,0,0,0,0,0,0,0,0,0,0,0,0,0,0.00679471,0,0,0,0,0,0,0.00169191,0.008608438,0,0,0,0.019517873,0,0,0,0,0,0,0,0,1.35E-05,0.000135353,0,0,0,0,0,0,0
H160TMKZ.03,0,0,0,0.006729666,0.030692306,0,0.000613217,0,0,0,0,0,0,0,0,0,0,0,0,4.72E-05,0,0,0.013459331,0.006761113,0,0,0,0,0.000330194,0.017248699,0.095205899,0.000157235,0,0,0.000235853,0,0,0,0,0,0,0,0,0,0,0,0,0,0,0,0,0,0,0,1.57E-05,0.000550323,0.000110065,1.57E-05,0,0,0.02726458,0,0.000157235,0.000235853,0,0,0,0.005078696,0.000550323,0.032374723,0.000283023,0.541753801,0.004402585,0.204075536,4.72E-05,0.001603799,0,0,0,0,0,0,0,0,0,0,0,0,0,0,0,0,0,0,0.001053476,0,0,0,0,0,0,0.000361641,0.005581849,0,0,0,0.002987468,0,0,0,0,0,0,0,0,0,0,0,0,0,1.57E-05,0,0,0
C160SLF8.03,0,0,0,0.039201735,0.006542299,0,0,0,0,0,0,0,0,0,0,0,0,0,0,5.21E-05,0,0,0.37716269,0.005414317,0,0,0,0,0.023739696,0.015913232,0,0.002273319,0,0,0.000347072,0,0,0,0,0,0,0,0,0,0,0,0,0,0,0,0,0,0,0,0,0,0,0.000138829,0.010446855,0,0.037691974,0,0,0,0.001093275,0.000138829,0,0.015548807,0.008364425,0,0.023947939,0.108477223,0,0.297093275,3.47E-05,0,0,0,0,0,0.001856833,0,0,0,0,0,0,0,0,0,0,0,0,0,0,0,0,0,0,0,0,0.006993492,0.01056833,0,0,0,0.006958785,0,0,0,0,0,0,0,0,0,0,0,0,0,0,0,0,0
J160WR7F.03,0,0,0,0.002354801,0.007591351,0.000164671,0.00973208,0,0,0,0,0,0,0,0.000131737,0,0,0,0,0.00057635,0,0,0.064337115,0.003309895,0,0,0,0,0.032374397,0.013799463,0.006833863,0.001580845,0,0,0.000247007,0,0,0,0,0,0,0,0,0,0,6.59E-05,0,0,0.00219013,0,0,0,0,0,1.65E-05,0,0.000675153,0.000642218,0,0,0.023943221,0,0.014540484,0.000609284,0,0.023449207,0,0.270966786,8.23E-05,0.000312876,0.266685329,0.080903058,0.006191645,0.136331451,0.000247007,0,0,0,0,0,0,0,0,0,0,0,0,0,0,0,0,0,0,0,0.007097337,0,0,0,0,0,0,0.001449108,0.018393795,0,0,0,0.00195959,0,1.65E-05,0,0,0,0,0,0,0,0,0,0,0,6.59E-05,0,0,0.000131737
J160TS0Q.03,3.78E-05,0,0,0.002455115,0.000428071,0,0,0,0,0,0,1.26E-05,0,0,2.52E-05,0,0,0,0,1.26E-05,0,0,1.26E-05,0.134603279,0,0,0,0,0,0.001586382,0.0461184,0,0,0,0,0,0,0,0,0,0,0,0,3.78E-05,0,0,0,0,2.52E-05,0,0,0,0,2.52E-05,0,0,3.78E-05,0.012892504,0,0,0.004003727,0,0.031778007,0,0,0.086080125,0,0.520899957,1.26E-05,0.000528794,0.022033087,0.026741873,2.52E-05,0.044494246,1.26E-05,2.52E-05,0,0,0,0,0,0,0,0,0,0,0,0,0,0,0,0,0,0,0.043361116,0,0,0,0,0,0,0,0.00414222,0,0,0,0.017412434,0,0.000125903,0,0,0,0,0,0,1.26E-05,0,0,0,0,0,0,0,0
H160S90K.03,0,0,0,0.002215398,0.067898122,0,1.53E-05,0.002490413,0,0,0,0,0,0,1.53E-05,0,0,0,0,4.58E-05,0,0,9.17E-05,0.000611144,0,0,0,0,7.64E-05,4.58E-05,4.58E-05,0,0,0,0,0,0,0,0,0,0,0,0,0,0,0,0,0,0.000504194,0,0,0,0,0,0,0,0,0.013536844,3.06E-05,0,0.016699516,0,0.024124918,0,0,0.075644375,0,0.000458358,1.53E-05,0,1.53E-05,0.451788361,0,0.076011062,0,0,0,0,0,0,0,0,0,0,0,0,0,0,0,0,0,0,0,0,0,0,0,0,0,0,0,0,1.53E-05,0,0,0,0.267604773,0,0,0,0,0,0,0,0,0,0,0,0,0,0,0,0,0
H160TF0K.03,0,0,0,9.41E-06,0.007896025,0,0,0,0,0,0,0,0,0,7.53E-05,0,0,0,0,0.000291748,0,0,0.089096145,0.003039828,0,0,0,0,9.41E-06,9.41E-06,9.41E-06,0,0,0,0,0,0,0,0,0,0,0,0,0,0,0,0.001759901,0,9.41E-06,0,0,0,0,0,0.00221164,0,0,0.024695076,0,0,0.026614968,0,0.039818928,0,0,0.048844301,0,0.058095543,0,0,0.009439467,0.420907996,0,0.022106987,0,0,0,0,0,0,0,0,0,0,0,0,0,0,0,0,0,0,0,0,9.41E-06,0,0,0,0,0,0,0,0,0,0,0,0.245049691,0,0,0,0,0,0,0,0,0,0,0,0,0,0,0,0,0
A160T6WZ.03,1.26E-05,0,0,0.010589064,0.00022637,0,0,0,0,0,0,0,0,0,0,0,0,0,0,0.000301826,0,0,0.001068967,0.027252377,0,0,0,0,0,0.014965542,0.097992857,0,0,0,0,0,0,0,0,0,0,0,0,2.52E-05,0,0,0,0,0,0,0,0,0,0,0,0,0,0.106934453,0,0,0.001257609,0,0.095968107,0,0,0.144914231,0,0.220622265,0.00028925,0.000905478,0.022863323,0.028962724,0.000188641,0.046179385,0,0,0,0,0,0,0,0,0,0,0,0,0,0,0,0,0,0,0,0,0.067546154,0,0,0,0,0,0,0,0.02358016,0,0,0,0.087353489,0,0,0,0,0,0,0,0,0,0,0,0,0,0,0,0,0
J160TPZ4.03,6.76E-05,0,0,0.004153195,0.000202925,0,0,0,0,0,0,0,0,0,0,0,0,0,0,0,0,0,0.140193996,0.003016816,0,0,0,0,0.074838675,0.038082225,0.007629973,0,0,0,0,0,0,0,0,0,0,0,0,0,0,0,0,0,0,0,0,0,0,0,0.000135283,0,0,0.003571477,0,0,0.002056305,0,0.010484449,0,0,0.000825228,0,0.035931222,0,0.065747643,0.000392321,0.319471313,0.034321352,0.197134701,0.000175868,0,0,0,0,0,0,0,0,0,0,0,0,0,0,0,0,0,0,0,0.014028869,0,0,0,0,0,0,0.010335638,0.002651551,0,0,0,0.034104899,0,0.000446435,0,0,0,0,0,0,0,0,0,0,0,0,0,0,0
C160V2J2.03,3.46E-05,0,0,0.008707888,0.004878724,0,0,0,0,0,0,0,0,0,0,0,0,0,0,1.15E-05,0,0,0.125589657,0.001903048,0,0,0,0,0.333102661,0.000565148,0.017911722,0,0,0,0,0,0,0,0,0,0,0,0,0,0,0,3.46E-05,0,0,0,0,0,0,0,0.000899623,0,0,0.003725361,0,0,0.01431323,0,0.003979101,0,0,0.001695443,0.000196072,0.16771046,0,0,0.010760873,0.057829602,0,0.228734877,0.000103803,0,0,0,0,0,0,0,0,0,0,0,0,0,0,0,0,0,0,0,0,0,0,0,0,0,0,0,0,0,0,0,0.017311973,0,0,0,0,0,0,0,0,0,0,0,0,0,0,0,0,0
B160TK8J.03,5.83E-05,0,0,0,0.000568281,0,0,0,0,0,0,0,0,0,1.46E-05,0,0,0,0,2.91E-05,0,0,2.91E-05,0.060281518,0,0,0,0,0.000101999,0,0.000641138,0,0,0,0,0,0,0,0,0,0,0,0,2.91E-05,0,0,0,0,4.37E-05,0,0,0,0,0,0,0,0.000160284,0.040901673,0,0,0.005813953,0,0.011569622,0,0,0.098968351,0,0.443288454,0,0.000262284,0.019685843,0.230051874,0,0.001092848,0,0,5.83E-05,0,0,0,0,0,0,0,0,0,0,0,0,0,0,0,0,0,0.02309553,0,0,0,0,0,0,0,0,0,4.37E-05,0,0.062204931,0,0.001005421,0,0,0,0,0,0,0,0,0,0,0,0,0,0,0
A160TQW2.03,2.36E-05,0,0,0.000259385,0.000365497,0,0,0,0,0,0,0,0,0,1.18E-05,0,0,0,0,1.18E-05,0,0,0.235250424,0.1673505,0,0,0,0,0,4.72E-05,0.000554141,0,2.36E-05,0,0,0,0,0,0,0,0,0,1.18E-05,0,0,0.000672043,0,0,1.18E-05,0,0,0,0,0,0.001768534,0,1.18E-05,0.003678551,0,0,0.003242313,0,0.087200528,0,0,0.010363611,0,0.156090832,2.36E-05,9.43E-05,0.011495473,0.193465855,1.18E-05,0.032069421,0.000106112,0,0,0,0,0,0,0,0,0,0,0,0,0,0,0,0,0,0,0,0,0,0,0,0,0,0,0,4.72E-05,0,0,0,0.095724863,0,0,0,0,0,0,1.18E-05,0,0,0,0,0,0,0,0,0,0
D160S815.03,0,0,0,0.003081883,0.00482558,0,0.000111515,0,0,0,0,0,0,0,0,0,0,0,0,1.01E-05,0,0,0.09046948,0.000811022,0,0,0,0,0.014142192,0.017893168,0.448018572,0,0,0,0,0,0,0,0,0,0,0,0,0,0,0,0,0,1.01E-05,0,0,0,0,0,7.10E-05,0,0,0.000162204,0,0,0.003375878,0,0.005707566,0,0,0.000567715,0,0.026469724,0,0,0.003021056,0.26412952,0,0.113259192,0.000212893,0,0,0,0,0,0,0,0,0,0,0,0,0,0,0,0,0,0,0,0,0,0,0,0,0,0,0,0,0,0,0,0.003436705,0,0.000192618,0,0,0,0,0,0,2.03E-05,0,0,0,0,0,0,0,0
C160TQV5.03,1.43E-05,0,0,0.011829754,0.004571886,0,5.71E-05,0,0,0,0,0,0,0,0.00010001,0,0,0,0,0.000157159,0,0,0.143514351,0.003757519,0,0,0,0,4.29E-05,0.003171746,0.219893418,0,0,0,0,0,0,0,0,0,0,0,0,2.86E-05,0,0.000214307,2.86E-05,0,0.00130013,0,0,0,0,0,0.000928664,0,1.43E-05,0.00660066,0,0,0.022630835,0,0.010586773,0,0,0.024288143,0,0.054891203,0,0,0.014887203,0.182846856,0,0.254196848,0.000828654,0,0,0,0,0,0,0,0,0,0,0,0,0,0,0,0,0,0,0,0,0,0,0,0,0,0,0,0,0,0,0,0.038618148,0,0,0,0,0,0,0,0,0,0,0,0,0,0,0,0,0
J160T21M.03,3.53E-05,0,0,0.008786788,0.029748041,0,0.011151105,0,0,0,0,0,0,0,5.29E-05,0,0,0,0,0.000688122,0,0,0.09444915,0.00531089,0,0,0,0,0.092543581,0.052138471,0.07048839,0.002911285,0,0,0,0,0,0,0,0,0,0,0,0,0,0,0,0,0,0,0,0,0,0,0,0,0,3.53E-05,0,0,0.056196626,0,0.004216953,0,0,0.004499259,0,0.161479286,0,0.061154633,0.005469687,0.139265297,1.76E-05,0.162590867,0.000635189,0,0,0,0,0,0,0,0,0,0,0,0,0,0,0,0,0,0,0,0,0,0,0,0,0,0,0,0.016691368,0,0,0,0.017308914,0,0.001305667,0,0,0,0,0,0,0,0,0,0,0,0.000829275,0,0,0
K160SS7Y.03,3.34E-05,0,0,5.02E-05,0.000117063,0,0.00061876,0.001689048,0,0,0,0,0,0,0,0,0,0,0,0.010033948,0,0,0.142967038,0,0,0,0,0,1.67E-05,0,0.000418081,0,0,0,0,0,0,0,0,0,0,0,0,5.02E-05,0,0,0,0,0.002274362,0,0,0,0,0,0,0,0,0.028881048,6.69E-05,0,0,0,0,0,0,0.034650568,0,0.000167232,0,0,0,0.390287138,0,0.202451628,0,0,0,0,0,0,0,0,0,0,0,0,0,0,0,0,0,0,0,0,0,0,0,0,0,0,0,0,1.67E-05,0,0,0,0.18520996,0,0,0,0,0,0,0,0,0,0,0,0,0,0,0,0,0
K160TF1G.03,0,0,0,4.38E-05,0.046548652,0,0,0,0,0,0,0,0,0,0.000160664,0,0,0,0,0.002409955,0,0,0.319647708,0.002161657,0,0,0,0,0,0,1.46E-05,0,0,0,0,0,0,0,0,0,0,0,0,0,0,0.001431367,0,0,1.46E-05,0,0,0,0,0,0.00406041,0,0,0.021309847,0.001007799,0,0.013860894,0,0.13557094,0,0,0.011903719,0,0.30691146,0,0,0.011699238,0.040107499,0,0.019527941,0,0,0,0,0,0,0,0,0,0,0,0,0,0,0,0,0,0,0,0,0,0,0,0,0,0,0,0,0,0,0,0,0.061607221,0,0,0,0,0,0,0,0,0,0,0,0,0,0,0,0,0
A160SVQ8.03,4.05E-05,0,0,0.015577207,0.004760265,0,0,0,0,0,0,0,0,0,0.000141795,0,0,0,0,0.00182308,0,0,0.00028359,0.01008771,0,0,0,0,0.000182308,0.010128223,0.07211295,0,0,0,0,0,0,0,0,0,0,0,0,0,0,0,0.000182308,0,2.03E-05,0,0,0,0,0,0,0,0,0.007393603,0,0,0.004719752,0,0.030769542,0,0,0.060992161,0,0.089695546,0.016671056,0.002977698,0.011262584,0.031964673,0.009500273,0.445256953,0,0,0,0,0,0,0,0,0,0,0,0,0,0,0,0,0,0,0,0,0.001235643,0,0,0,0,0,0,0,0.007575911,0,0,0,0.164603885,0,4.05E-05,0,0,0,0,0,0,0,0,0,0,0,0,0,0,0
K160SWRQ.03,7.34E-05,0,0,0.00249584,0.00162719,0,0.000440442,0,0,0,0,0,0,0,0,0,0,0,0,0.000256925,0,0,0.048986982,0.004404424,0,0,0,0,0.000342566,0.003034159,0.017116081,0,0,0,0,0,0,0,0,0,0,0,0,0,0,0,0.000183518,0,0,0,0,0,0,0,0.00037927,0,1.22E-05,0.01464471,0,0,0.001272389,0,0.030769795,0,0,0.007328472,0,0.447868748,0,8.56E-05,0.008686503,0.155329353,3.67E-05,0.185169326,0.002642654,0.001663894,0,0,0,0,0,0,0,0,0,0,0,0,0,0,0,0,0,0,1.22E-05,0,0,0,0,0,0,0,7.34E-05,0,0,0,0.063998728,0,1.22E-05,0,0,0,0,0,0,1.22E-05,0,0,0,0,0.001039933,0,0,0
A160TDKQ.03,0,0,0,0.048264605,0.000525668,0,0,0,0,0,0,0,0,0,0,0,0,0,0,0.001341836,0,0,0.000166,0.008300018,0,0,0,0,0.000401168,0.007387016,0.222717149,0,0,0,0,0,0,0,0,0,0,0,0,2.77E-05,0,0,0,0,0,0,0,0,0,0,0,0,0,0.073399826,0,0,0.000498001,0,0.074990662,0,0,0.004675677,0,0.055098286,0.000235167,0.006460181,0.005298178,0.093707203,1.38E-05,0.290611296,0,9.68E-05,0,0,0,0,0,0,0,0,0,0,0,0,0,0,0,0,0,0,0.033573573,0,0,0,0,0,0,0,0.038595084,0,0,0,0.033615073,0,0,0,0,0,0,0,0,0,0,0,0,0,0,0,0,0
B160W5P3.03,7.18E-05,0,0,0.016646735,4.78E-05,0,0,0,0,0,0,0,0,0,0,0,0,0,0,0,0,0,0.154436738,0.004077972,0,0,0,0,0,0,0,0,0,0,0,0,0,0,0,0,0,0,0,0,0,0,0,0,7.18E-05,0,0,0,0,0,0.000884956,0,0.00116001,0.005979431,0.00052619,0,0.000143506,0,0.018225305,0,0,0.008729969,0,0.075711552,0,3.59E-05,0,0.409854102,0,0.214781153,0.000490313,3.59E-05,0,0,0,0,0,0,0,0,0,0,0,0,0,0,0,0,0,0,0,0,0,0,0,0,0,0,3.59E-05,0,0,0,0.087634537,0,0.00041856,0,0,0,0,0,0,0,0,0,0,0,0,0,0,0
F160RV0F.03,0,0,0,0.00710386,0.048647954,0,6.42E-05,0.000269767,0,0,0,0,0,0,5.14E-05,2.57E-05,0,0,0,1.28E-05,0,0,0.033695163,0,0,0,0,0,1.28E-05,1.28E-05,0,0,0,0,0,0,0,0,0,0,0,0,0,0,0,0,0,0,3.85E-05,0,0,0,1.28E-05,0,0,0,0,0.014952791,0.011163209,0,0.001926906,0,0,0,0,0.063690667,0,1.28E-05,0,0,0,0.598497013,0,0.084796711,0,0,0,0,0,0,0,0,0,0,0,0,0,0,0,0,0,0,0,0,0,0,0,0,0,0,0,0,0,0,0,0,0.13485773,0,0.000154152,0,0,0,0,0,0,0,0,0,0,0,0,0,0,0
C160SRG7.03,1.44E-05,0,0,0.000705229,0.00516688,0,5.76E-05,0,0,0,0,0,0,1.44E-05,0,0,0,0,0,1.44E-05,0,0,0.182380795,0.026870655,0,0,0,0,0.137318116,0.001827838,0.057440163,0,0,0,0,0,0,0,1.44E-05,0,0,0,0,0,0,0,0,0,4.32E-05,0,0,0,0,0,0,0,1.44E-05,0.002504282,0,0,0.011384407,0,0.009801241,0.000676444,0,0.005094918,0.000158317,0.275470992,0.000345418,0.020135001,0.011053382,0.036686288,0.000604482,0.158561333,0.000187102,4.32E-05,0,0,0,0,0,0,0,0,0,0,0,0,0,0,0,0,0.00047495,0,0.026136642,0,0,0,0,0,0,0.002921662,0.010189836,0,0,0,0.015658957,0,1.44E-05,1.44E-05,0,0,0,0,0,0,0,0,0,0,0,0,0,0
D160T7X0.03,2.66E-05,0,0,0.002961605,0.016534523,0,3.98E-05,0,0,0,0,0,0,0,0,0,0,0,0,7.97E-05,0,0,0.021063256,0.011195665,0,0,0,0,0.00411703,0.095528374,0.038646958,0.002085076,0,0,0,0,0,0,0,0,0,0,0,0,0,0,0,0,0.000159369,0,0,0,0,0,0,0,0,0.000146088,0,0,0.00088981,0,0.001726496,0,0,0.00054451,2.66E-05,0.090402008,0.022723349,0.000265615,0.026800537,0.03742513,0.039337557,0.517935642,0.000517949,0.000411703,0,0,0,0,0,0,0,0,0,0,0,0,0,0,0,0,0,0,0,0,0,0,0,0,0,0.000863248,0.026827098,0,0,0,0.040692192,0,0,0,0,0,0,0,0,0,0,0,0,0,2.66E-05,0,0,0
B160T0HW.03,0,0,0,0.021775605,0.00690974,0,0,0,0,0,0,0,0,0,0,0,0,0,0,0.000739685,0,0,0,0.02630392,0,0,0,0,0,0.019484385,0.153728193,0,0,0,0,0,0,0,0,0,0,0,0,0,0,0,0,0,5.41E-05,0,0,0,0,0,5.41E-05,0,0,0.029839975,0,0,0.003788631,0,0.092298255,0,0,0.041205867,0,0.1331433,0.013115878,0.011113316,0.019755002,0.048458388,0.019412221,0.2287972,0,1.80E-05,0,0,0,0,0,0,0,0,0,0,0,0,0,0,0,0,0,0,0.025726605,0,0,0,0,0,0,0,0.006278302,0,0,0,0.097999242,0,0,0,0,0,0,0,0,0,0,0,0,0,0,0,0,0
D160V2JZ.03,0,0,0,0.02341035,0.005859858,0,0,0,0,0,0,0,0,0,0,0,0,0,0,0,0,0,0.17077923,0.04114987,0,0,0,0,0,7.27E-05,0.00049438,0,0,0,0,0,0,0,0,0,0,0,0,0,0,0,0,0,2.91E-05,0,0,0,0,0,0.000450758,0,2.91E-05,0.001134166,0,0,0.000581624,0,0.039361377,0,0,0.005801695,0.000436218,0.087258081,0,5.82E-05,0.017332383,0.04459599,1.45E-05,0.526907362,0.000116325,0,0,0,0,0,0,0,0,0,0,0,0,0,0,0,0,0,0,0,0,0,0,0,0,0,0,0,0.000101784,0,0,0,0.03401044,0,1.45E-05,0,0,0,0,0,0,0,0,0,0,0,0,0,0,0
F160T6JN.03,0,0,0,0.027474257,0.000494627,0,0,0,0,0,0,0.000464649,0,0,1.50E-05,0,0,0,0,0.002173359,0,0,0.093964057,0,0,0,0,0,0,0.000839366,0,0,0,0,0,0,0,0,0,0,0,0,0,0,0,0,0,0,0,0,0,0,0,0,0.000359728,0,1.50E-05,0.002218325,0,0,0.013714645,0,0.056627246,0,0,0.025210966,0,0.413148073,0,3.00E-05,0.00978761,0.173613921,0,0.122082827,0.001079185,0,0,0,0,0,0,0,0,0,0,0,0,0,0,0,0,0,0,0,0,0,0,0,0,0,0,0,0.000179864,0,0,0,0.046374987,0,0.00376216,0,0,0,0,0,0,0,0,0,0,0,0.006370191,0,0,0
F160SX0V.03,0,0,0,0.002535807,0.047008002,0,0.02006983,0,0,0,0,0,0,0,0,0,0,0,0,0.002701463,0,0,0.001197818,0.106720526,0,0,0,0,0.029728834,0.025855038,0.193434936,0.00180947,0,0,0,0,0,0,0,0,0,0,0,2.55E-05,0,0,0,0,0.001733014,0,0,0,0,0,0,0,0,0,0.00014017,0,0.053366634,0,0.000152913,0,0,0.001248789,0,0.068122738,0,0.061165197,0.010563739,0.190363933,0,0.12402518,0.00115959,0,0,0,0,0,0,0,0,0,0,0,0,0,0,0,0,0,0,0,0,0,0,0,0,0,0,0,0.01075488,0,0,0,0.032685152,0,0,0,0,0,0,0,0,0,0,0,0,0,0.013430858,0,0,0
D160TCFT.03,0,0,0,0.002735955,0.012235326,0,0,1.70E-05,0,0,0,0,0,0,0,0,0,0,0,8.50E-05,0,0,0.061431533,0.067073378,0,0,0,0,0.039934745,0.000781701,0.105903545,0,0,0.000849675,0,0,0,0,0,0,0,0,0,0,0,0,0,0,0,0,0,0,0,0,0,0,0,0.000152942,1.70E-05,0,0,0,0.004401319,0.004622234,0,0.002243143,0,0.077728308,0,0.000305883,0.004282364,0.507324202,0,0.001104578,8.50E-05,0,0,0,0,0,0,0,0,0,0,0,0,0,0,0,0,0,0,0,0.001733338,0,0,0,0,0,0,8.50E-05,1.70E-05,0,0,0,0.104832954,0,1.70E-05,0,0,0,0,0,0,0,0,0,0,0,0,0,0,0
B160VKL1.03,4.72E-05,0,0,0.000377234,0.00155609,0,0,0,0,0,0,0,0,0,0,0.000259348,0,0,0,0,0,0,0.299641628,0.001013816,0,0,0,0,0,0.003866648,0.007073136,0,0,0,0,0,0,0,0,0,0,0,0,0,0,0,0,0,0,0,0,0,0,0,0.002640638,0,4.72E-05,0.003913802,2.36E-05,0,0.010138162,0,0.006318668,0,0,0.022162494,0,0.174164191,0,0.014051964,0.006931674,0.353538926,0.008605649,0.070141934,0.001178856,0,0,0,0,0,0,0,0,0,0,0,0,0,0,0,0,0,0,0,0,0,0,0,0,0,0,0,0.002098364,0,0,0,0.010067431,0,0.000141463,0,0,0,0,0,0,0,0,0,0,0,0,0,0,0
D160VKLY.03,0,0,0,0.002319197,0.000536413,0,0,0,0,0,0,0,0,0,0,0,0,0,0,0,0,0,0.329468005,0.003218478,0,0,0,0,0,0,0.072778619,0,0,0,0,0,0,0,0,0,0,0,0,1.58E-05,0,0,0,0,0,0,0,0,0,0,0.004149312,0,1.58E-05,0.010049855,0,0,0.001372586,0,0.008440616,0,0,0.008440616,0,0.119320333,0,0.026016029,0.010538937,0.300328159,0.010128739,0.063675375,0.002050991,0,0,0,0,0,0,0,0,0,0,0,0,0,0,0,0,0,0,0,0,0,0,0,0,0,0,0,0,0,0,0,0.027136186,0,0,0,0,0,0,0,0,0,0,0,0,0,0,0,0,0
C160W5XV.03,0,0,0,0.005229271,0.041790589,0,0,0.001852033,0,0,0,0,0,0,0,0,0,0,0,0,0,0,0.088004271,0.035548147,0,0,0,0,0.004640978,0,0.117538757,0,0,0,0,0,0,0,0,0,0,0,0,0,0,0,0,0,0.000392195,0,0,0,0,0,0,0,0,0.000599187,0.000163415,0,0.177119761,0,0,0,0,0.000141626,0,0.007037727,0,0,0.018683749,0.37009075,0,0.113791112,3.27E-05,7.63E-05,0,0,0,0,0,0,0,0,0,0,0,0,0,0,0,0,0,0,0,0,0,0,0,0,0,0,0.000119837,0,0,0,0.013824885,0,0.003322766,0,0,0,0,0,0,0,0,0,0,0,0,0,0,0
H160T7QM.03,0,0,0,0.003094933,0.003755358,0,0.032166582,0,0,0,0,0,0,0,0,0,0,0,0,1.29E-05,0,0,0.065472722,0.017209899,0,0,0,0,0.194838325,0.014697694,0.011641609,0.004558227,0,0,0,0,0,0,0,0,0,0,0,1.29E-05,0,0,0,0,0.000116546,0,0,0,0,0,1.29E-05,0,0,3.88E-05,0.000310788,0,0.032671613,0,0.00554239,0,0,0.000893516,0,0.084573249,0,0.029965166,0.005645986,0.279929555,0,0.050943372,0.000233091,0,0,0,0,0,0,0,0,0,0,0,0,0,0,0,0,0,0,0,0,0,0,0,0,0,0,0,0.002861842,0,0,0,0.154397006,0,0.000466182,0,0,0,0,0,0,0,0,0,0,0,0.003936651,0,0,0
B160TQ93.03,1.45E-05,0,0,0.010307183,0.002424366,0,0.00030486,0,0,0,0,0,0,0,4.36E-05,0,0,0,0,5.81E-05,0,0,0.140671273,0.025608269,0,1.45E-05,0,0,0.052711805,0.013631613,0.019467511,0.001495267,0,0,0.001422682,0,0,0,0,0,0,0,1.45E-05,0,0,0,0,0,0,0,0,0,0,0,4.36E-05,0,0,0.004732594,0,0,0.000609721,0,0.036684862,0,8.71E-05,0.00010162,0,0.181987109,0.007636026,0.05079554,0.01993206,0.126096046,0.002134022,0.199175425,0.001567853,0,0,0,0,0,0.000725858,0,0,0,0,0,0,0,0,0,0,0,0,0,2.90E-05,0,0,0,0,0,0,0.004587422,2.90E-05,0,0,0,0.094143778,0,0.000653272,0,0,0,0,0,0,0,0,0,0,0,5.81E-05,0,0,0
D160S2JL.03,1.50E-05,0,0,0.0140524,0.034613596,0,1.50E-05,0,0,0,0,0,0,0,0,0,0,0,0,0.007933532,0,0,0.225003374,0,0,0,0,0,3.00E-05,0,0.186370521,0,0,0,0,0,0,0,0,0,0,0,1.50E-05,0,0,0,0,0,0.000194964,0,0,0,0,0,0,0,0,0.001694686,0.018851512,0,0.00080985,0,0,0,0,0.158130746,0,0.06924219,0,0,0.004904093,0.14929738,0,0.117383284,0,0,0,0,0,0,0,0,0,0,0,0,0,0,0,0,0,0,0,0,0,0,0,0,0,0,0,0,0.005503982,0,0,0,0.005743937,0,0,0.000194964,0,0,0,0,0,0,0,0,0,0,0,0,0,0
B160TJ94.03,1.35E-05,0,0,0.010901212,0.000352089,0,0,0,0,0,0,0,0,0,0,0,0,0,0,0,0,0,0.154282619,0.003588598,0,0,0,0,0.035195342,0.065028099,0.012296025,0.003561514,0,0,0,0,0,0,0,0,0,0,0,1.35E-05,0,0,0,0,1.35E-05,0,0,0,0,0,0.000297921,0,0,0.001665651,5.42E-05,0,0.015654411,0,0.004049022,0,0,0.000785429,0.000487508,0.045107996,0,0,0.003399011,0.457512357,0,0.153944072,0.000121877,0,0,0,0,0,0,0,0,0,0,0,0,0,0,0,0,0,0,0,0.007150112,0,0,0,0,0,0,0,0.005213623,0,0,0,0.019148216,0,0.000162503,0,0,0,0,0,0,0,0,0,0,0,0,0,0,0
H160SY68.03,0.000167983,0,0,3.73E-05,0.000821248,0,0.000205312,0,0,0,0,0,0,0,0,0.000522612,0,0,0,3.73E-05,0,0,0.055004946,0.03669485,0,0,0,0,0.249155421,0.000111988,0.005114135,0,0,0,0,0,0,0,0,0,0,0,0,0,0,0,0,0,5.60E-05,0,0,0,0,0,0.000130653,0,0,0.000466618,0,0,0.003378315,0,0.012038748,0.003061015,0,0.114153461,0.000223977,0.406256416,0,0.001325196,0.012505366,0.035220337,0,0.032569946,0.000503948,0,0,0,0,0,0,0,0,0,0,0,0,0,0,0,0,0,0.000485283,0,0.024656102,0,0,0,0,0,0,0.002295761,3.73E-05,0,0,0,0.002389085,0,0.0003173,0,0,0,0,0,0,0,1.87E-05,0,0,0,3.73E-05,0,0,0
K160S7JK.03,0,0,0,0,0.003666492,0,0.000619018,0,0,0,0,0,0,0,0,0,0,0,0,0.004440265,0,0,0.02499881,0.00036903,0,0,0,0,0.00124994,0.035962573,0.284510261,0,0,0,0,0,0,0,0,0,0,0,0,1.19E-05,0,0,0,0,3.57E-05,0,0,0,0,0,0,0,0,0.00059521,0,0,0.000809485,0,0.002892719,0.000214276,0,0.000476168,0.000619018,0.022272749,0,0,0.000773773,0.262785105,1.19E-05,0.264035046,0,0.013939812,0,0,0,0,0,0,0,0,0,0,0,0,0,0,0,0,0,0,0,0,0,0,0,0,0,0,0.068199133,0,0,0,0.006452074,0,4.76E-05,0,0,0,0,1.19E-05,0,0,0,0,0,0,0,0,0,0
B160W0VW.03,5.23E-05,0,0,0.000718982,0.00184321,0,0,0,0,0,0,0,0,0,1.31E-05,0,0,0,0,0,0,0,0.024236245,0.01921644,0,0,0,0,0.136515157,0.001594834,0.045256677,0,0,0,0,0,0,0,0,0,1.31E-05,0,0,0,0,0,0,0,0,0,0,0,0,2.61E-05,0,0,0.000130724,0.00852321,0,0,0.003895578,0,0.005425049,0.001607906,0,0.001934716,0,0.354157679,0,0.016928768,0.007477417,0.047622783,0.000209159,0.017922271,0.001856282,0.004640705,0,0,0,0,0,0,0,0,0,0,0,0,0,0,0,0,0,0,0.009843523,0,0,0,1.31E-05,0,0,0,0.001398748,0,0,0,0.28576284,0,0.001111155,0,0,0,0,0,0,0,5.23E-05,0,0,0,0,0,0,0
A160V3W0.03,0,0,0,0.000543418,0.001568502,0,1.24E-05,0,0,0,0,0,0,0,0,0,0,0,0,0,0,0,0.235065272,0.004100335,0,0,0,0,0.100211192,0.006483963,0.000815127,0,0,0,0,0,0,0,0,0,0,0,0,0,0,0,0,0,0,0,0,0,0,0,0.000839828,0,0,0.008632934,0,0,0.07915375,0,0.005323025,9.88E-05,4.94E-05,0.002519483,0.000148205,0.186799886,0.003631019,0.000543418,0.17442478,0.02770196,0.000506367,0.106336993,0.005137769,0,0,0,0,0,0,0,0,0,0,0,0,0,0,0,0,0,0,0,0.013820104,0,0,0,0,0,0,0,0.023243464,0,0,0,0.011695834,0,0.000592819,0,0,0,0,0,0,0,0,0,0,0,0,0,0,0
C160VX7N.03,0,0,0,0.023716255,0.042983815,0,4.55E-05,0.004995293,0,0,0,0,0,0,0.000151833,0,0,0,0,0.000288482,0,0,0.078831496,0.009778021,0,0,0,0,0.100756126,0.026418876,0.001579059,0,0,0,0,0,0,0,0,0,0,0,0,0,0,0,0,0,0.000242932,0,0,0,0,0,0.000303665,0,0,0.000926179,0.002019374,0,0.290577268,0,0.008897392,0,0,0.000561781,0,0.034131973,0,1.52E-05,0.026221493,0.19707874,0,0.114056664,0.000136649,0.000227749,0,0,0,0,0,0,0,0,0,0,0,0,0,0,0,0,0,0,0,0,0,0,0,0,0,0,6.07E-05,0,0,0,0.021879081,0,0.013118338,0,0,0,0,0,0,0,0,0,0,0,0,0,0,0
E160T4R9.03,6.48E-05,0.000375589,0,0.000621665,0.000310833,0,0.016357561,0,0,0,0,0,0,0,0,0,0,0,0,0,0,0,0.273985909,0.066414547,0,0,0,0,0.006125991,0.031484743,0.282559706,0.000647568,0,0,0,0,0,0,0,0,0,0,0,5.18E-05,0,0,0,0,0.002706833,0,0,0,0,0,2.59E-05,0,5.18E-05,0.000246076,0,0,0.001942703,1.30E-05,0.005582034,0.001903849,0,0.000880692,0,0.130730974,0,0.000790033,0.021732373,0.016292804,2.59E-05,0.129358131,6.48E-05,9.07E-05,0,0,0,0,0,0,0,0,0,0,0,0,0,0,0,0,2.59E-05,0,0.006631094,0,0,0,0,0,0,0.001113817,1.30E-05,0,0,0,0.000634616,0,0.000142465,0,0,0,0,0,0,0,0,0,0,0,0,0,0,0
H160V646.03,0.000171659,0,0,0.00035558,6.13E-05,0,0,0,0,0,0,0,0,0,0,0,0,0,0,0,0,0,0.431636769,0.006915409,0,0,0,0,0.034172419,0.002758807,0.022291158,0,0,0,0,0,0,0,0,0,0,0,0,0,0,0,0,0,0,0,0,0,0,0,0.000404625,0,0,0.000564023,2.45E-05,0,0.022462817,0,0.018404306,6.13E-05,0,0.000662114,3.68E-05,0.069938816,1.23E-05,0.072464657,0.014345795,0.045465135,0.003249261,0.169059676,0.000588545,0,0,0,0,0,0.003224739,0,0,0,0,0,0,0,0,0,0,0,0,0,0.03130326,0,0,0,0,0,0,0.005456307,0.001054477,0,0,0,0.042436578,0,9.81E-05,0,0,0,0,0,0,0,0,0,0,0,0.000318795,0,0,0
G160S450.03,0,0,0,0.001335418,0.000184499,0,4.39E-05,0,0,0,0,0,0,0,0,0.000175713,0,0,0,0.003874471,0,0,0.222865527,0,0,0,0,0,0.043717383,0.02325561,1.76E-05,0,0,0,0,0,0,0,0,0,0,0,0,0,0,0,0,0,8.79E-06,0,0,0,0,0,0,0,0,0.017931507,0,0,0.004006255,0,0,0,0,0.096211629,0,0,0,0,0.006123596,0.383440811,0,0.00882079,0,0,0,0,0,0,0,0,0,0,0,0,0,0,0,0,0,0,0,0,0,0,0,0,0,0,0,0,3.51E-05,0,0,0,0.187002513,0,1.76E-05,0,0.000931279,0,0,0,0,0,0,0,0,0,0,0,0,0
D160THHV.03,1.72E-05,0,0,0.015575094,0.002472782,0,6.87E-05,0,0,0,0,0,0,0,0,0,0,0,0,0,0,0,0.092918226,0.021636844,0,1.72E-05,0,0,0.080485627,0.077394649,0.03927259,0.002644503,0,0,0.004018271,0,0,0,0,0,0,0,0,0,0,0,0,0,1.72E-05,0,0,0,0,0,1.72E-05,0,0,0.001648521,0,0,0.000223237,0,0.045093931,1.72E-05,0.000206065,0.000240409,0,0.168097675,0.013016451,0.04524848,0.017395336,0.015849847,0.009187073,0.285331593,0.001047498,0,0,0,0,0,0.000120205,0,0,0,0,0,0,0,0,0,0,0,0,0,3.43E-05,0,0,0,0,0,0,0.001734382,0.000240409,0,0,0,0.057234605,0,0,0,0,0,0,0,0,0,0,0,0,0,0.0014768,0,0,0
G160W0FY.03,1.02E-05,0,0,0.005463193,2.05E-05,0,0,0,0,0,0,0,0,0,2.05E-05,0,0,0,0,0,0,0,0.214007503,0.023082758,0,0,0,0,0.268393432,2.05E-05,7.17E-05,0,0,0,0,0,0,0,0,0,0,0,1.02E-05,0,0,0,0,0,0,0,0,0,0,0,0.001219737,0,0,0.00290072,0,0,0.001229987,0,0.028976446,0,0,2.05E-05,0,0.218322708,0,0,0.010075644,0.171070704,1.02E-05,0.001445235,0.000358746,0,0,0,0,0,0,0,0,0,0,0,0,0,0,0,0,0,0,0,0,0,0,0,0,0,0,0,1.02E-05,0,0,0,0.053196941,0,4.10E-05,0,2.05E-05,0,0,0,0,0,0,0,0,0,0,0,0,0
F160T83V.03,0,1.26E-05,0,0.007252958,0.003002094,0,0.000441484,0,0,0,0,0,0,0,0,0,0,0,0,3.78E-05,0,0,0.101226065,0.026955776,0,0,0,0,0.004793259,0.005714069,0.394005903,0.002144353,0,0,0,0,0,0,0,0,0,0,0,0,0,0,0,0,0.000428871,0,0,0,0,0,1.26E-05,0,0,0.001501047,2.52E-05,0,0.002623679,0,0.001185701,0.000946038,0,0.000239663,0,0.029478544,0,2.52E-05,0.009864023,0.020510104,0.001942531,0.374996847,1.26E-05,0.000239663,0,0,0,0,0,0,0,0,0,0,0,0,0,0,0,0,0,0,0.008451273,0,0,0,0,0,0,0.000895583,0.00049194,0,0,0,0.000479326,0,3.78E-05,0,0,2.52E-05,0,0,0,0,0,0,0,0,0,0,0,0
J160TCGS.03,1.04E-05,0,0,0.006100168,0.006016747,0,0.00017727,0,0,0,0,0,0,0,2.09E-05,0,0,0,0,0,0,0,0.10133578,0.01368106,0,0,0,0,0.010292078,0.071429316,0.054870228,0,0,0,0,0,0,0,0,0,0,0,0,0,0,0,0,0,0.000125132,0,0,0,0,0,0.000406678,0,1.04E-05,0.004077206,0,0,0.000187697,0,0.015485042,0.000260691,0.000135559,7.30E-05,1.04E-05,0.07114777,0.006600694,7.30E-05,0.028394457,0.056444801,0.000198125,0.359659642,0.00172056,0,0,0,0,0,0,0,0,0,0,0,0,0,0,0,0,0,0,0,0.005411944,0,0,0,0,0,0,0,0.086038436,0,0,0,0.099604793,0,0,0,0,0,0,0,0,0,0,0,0,0,0,0,0,0
D160TL7H.03,0,2.55E-05,0,7.64E-05,0.000712822,0,2.55E-05,0,0,0,0,0,0,0,1.27E-05,0,0,0,0,6.36E-05,0,0,0.158628327,0.046078843,0,0,0,0,0.111022008,0.001247438,0.011850664,0,0,0,0,0,0,0,0,0,0,0,0,0,0,0,0,0,3.82E-05,0,0,0,0,0,0,0,0,2.55E-05,0,0,0.017629613,0.000152748,0.02502514,0.002176653,8.91E-05,0.001502018,0,0.264660582,0,0.041903744,0.125189343,0.022899403,0.000483701,0.079466911,0.00049643,0.000114561,0,0,0,0,0,0,0,0,0,0,0,0,0,0,0,0,0,0,0.036646682,0,0,0,0,0,0,0,0.045162358,0,0,0,0.006262649,0,2.55E-05,0,1.27E-05,0,0,0,0,0,0,0,0,0,0.000292766,0,0,0
K160SLMX.03,0,0,0,2.79E-05,3.72E-05,0,4.64E-05,0,0,0,0,0,0,0,0,0,0,0,0,0.000603786,0,0,0.000529474,0.003566983,0,0,0,0,1.86E-05,0,8.36E-05,0,0,0,0,0,0,0,0,0,0,0,0,0,0,0,0,0,1.86E-05,0,0,0,0,0,0,0,0,0.030142865,1.86E-05,0,0.169989039,0,0,0,0,0.049361844,0,0.269465138,0,0,0.002470879,0.00142122,0,0.023203968,0.007542683,0,0,0,0,0,0,0,0,0,0,0,0,0,0,0,0,0,0,0,0,0,0,0,0,0,0,0,9.29E-06,0,0,0,0.441442027,0,0,0,0,0,0,0,0,0,0,0,0,0,0,0,0,0
J160TL8R.03,0,2.66E-05,0,0.000239158,0.001089498,0,0,0,0,0,0,0,0,0,5.31E-05,0,0,0,0,0,0,0,0.268481611,0.012449511,0,1.33E-05,0,0,0.016103316,0.005753082,0.002856611,0.001288797,0,0,0,0,0,0,0,0,0,0,0,0,0,0,0,0,1.33E-05,0,0,0,0,0,0,0,0,2.66E-05,0.000132866,0,0.059723108,0.000332164,0.012117347,5.31E-05,0,0.018481611,0,0.385615965,0,0.012688669,0.167357568,0.009207589,7.97E-05,0.018561331,0.000558036,0.000146152,0,0,0,0,0,0,0,0,0,0,0,0,0,0,0,0,0,0,0.000730761,0,0,0,0,0,0,0,0.002962904,0,0,0,0.002471301,0,0.000345451,0,0,0,0,0,0,0,2.66E-05,0,0,0,1.33E-05,0,0,0
C160VT79.03,0,0,0,1.17E-05,0.007052467,0,0.000619869,1.17E-05,0,0,0,0,0,0,0,0,0,0,0,0,0,0,0.011847676,0.030034385,0,0,0,0,0.00323969,0.006713293,0.271315291,0.013777455,0,0,0,0,0,0,0,0.001052607,0,0,0,0,0,0,0,0,0.000619869,0,0,0,0,0,0.000198826,1.17E-05,0,0.001368389,0,0,0.000736825,0.000315782,0.011988024,0.002584735,0.014572759,0.012654675,4.68E-05,0.219585507,0.00018713,0.003146125,0.064770415,0.029227386,0.020911792,0.23470796,0.000537999,0,0,0,0,0,0.000467825,0,0,0,0,0,0,0,0,0,0,0,0,0,0.004233819,0,0,0,0,0,0,0.001508737,0.02734439,0,0,0,0.00249117,0,0,0,0,0,0,0,0,2.34E-05,0,0,0,0,8.19E-05,0,0,0
E160TQS7.03,0.000104238,0,0,0.000148911,0.000670102,0,0.000223367,0,0,0,0,0,0,0,0,0,0,0,0,0,0,0,0.098579385,0.000565864,0,0,0,0,0.017646008,0.013595616,0.032164875,0.000416952,0,0,0,0,0,0,0,0,0,0,0,0,0,0,0,0,0.006641451,0,0,0,0,0,0.003037794,1.49E-05,4.47E-05,0.00610537,1.49E-05,0,0.017363076,0,0.001578461,0,0,0.000416952,0.000148911,0.290213539,0,0.000223367,0.002695297,0.307665962,0,0.076927659,0.000580755,0,0,0,0,0,0,0,0,0,0,0,0,0,0,0,0,0,0,0,0.012553236,0,0,0,0,0,0,0,0.005435268,0,0,0,0.104193347,0,1.49E-05,0,0,0,0,0,0,1.49E-05,0,0,0,0,0,0,0,0
J160VTDP.03,0,0,0,0.004482724,0.044059132,0,1.26E-05,0,0,0,0,0,0,0,5.04E-05,0,0,0,0,3.78E-05,0,0,0.005918203,0.001599174,0,0,0,0,0.004369397,0.022375844,0.344036466,0,0,0,0,0,0,0,0,0,0,0,0,0,0,0,0,0,7.56E-05,0,0,0,0,0.000768107,0,0,3.78E-05,0,0,0,0.013070414,0,6.30E-05,0,0,0.000402941,0,0.022300292,0.005452302,0.006207817,0.011559383,0.057305833,1.26E-05,0.307948021,0,0.00707666,0.000818475,0,0,0,0,0,0,0,0,0,0,0,0,0,0,0,0,0,0.008877304,0,0,0,0,0,0,0,0.13037675,0,0,0,0.000491085,0,0.000214063,0,0,0,0,0,0,0,0,0,0,0,0,0,0,0
K160SLTY.03,0,0,0,0.00058712,0.000599352,0,0.00014678,0.000856217,0,0,0,0,0,0,0.000195707,1.22E-05,0,0,0,0.014103113,0,0,0.030040976,0,0,0,0,0,0,0,0,0,0,0,0,0,0,0,0,0,0,0,0,0,0,0,0,0,0.000452572,0,0,0,0,0,0.008990276,0,0,0.033306831,0,0,0.038615375,0,0.000391413,0,0,0.059017797,0,0.210152284,0,0,0.003327014,0.359696655,0,0.181909363,0,0,0,0,0,0,0,0,0,0,0,0,0,0,0,0,0,0,0,0,0,0,0,0,0,0,0,0,0,0,0.000183475,0,0.056461379,0,0.000758363,0.000171243,0,0,0,0,0,0,0,1.22E-05,0,0,0,0,0,1.22E-05
J160TX8N.03,2.42E-05,0,0,4.85E-05,0.00906969,0,0.001292209,0,0,0,0.000258442,0,0,0.000242289,0,0.001041843,0,0,0,0.000799554,0,0,0.003674719,0,0,0,0,0,0.055621512,0,0.035333834,0,0,0,0,0,0,0,0,0,0,0,0,0.000185755,0,0,0,0,0.025868405,0,0,0,0,3.23E-05,0.008528578,0,0,0.037780954,0.002107916,0,0.036068778,0,0,0,0,0.000129221,0,0.584546798,0,0.00021806,0.002560189,0.006137992,0,0.031869099,0.000912622,0,0,0,0,0,0,0,0,0,0,0,0,0,0,0,0,0,0,0,0.003755482,0,0,0,0,0,0,0,0.00080763,0,0,0,0.151034978,0,3.23E-05,0,0,0,0,0,0,0,1.62E-05,0,0,0,0,0,0,0
H160X7TT.03,2.24E-05,0,0,3.36E-05,4.48E-05,0,0,0,0,0,0,0,0,0,0,0,0,0,0,0,0,0,0.081951973,0.069004525,0,0,0,0,0.234106895,1.12E-05,0.000123202,0,0,0,0,0,0,0,0,0,0,0,0,0,0,0,0,0,0,0,0,0,0,0,0,0,1.12E-05,0.000134403,0,0,0.004020877,1.12E-05,0.038752744,0,0,0.012947449,3.36E-05,0.236279737,0,5.60E-05,0.021437212,0.280173379,0.000112002,0.001120022,0.000772815,4.48E-05,0,0,0,0,0,0,0,0,0,0,0,0,0,0,0,0,0,0,0,0,0,0,0,0,0,0.002520048,0,0,0.000380807,0,0.015209892,0,0.000683213,0,0,0,0,0,0,0,0,0,0,0,0,0,0,0
F160V6YF.03,1.96E-05,0,0,0.005420267,0.005459544,0,3.93E-05,0,0,0,0,0,0,0,0,0,0,0,0,0,0,0,0.163707777,0.025569521,0,0,0,0,0.043047918,0.04577769,0.064434407,0.004438335,0,0.010506677,0.002808327,0,0,0,0,0,0,0,0,0,0,0,0,0,0,0,0,0,0,0,1.96E-05,0,0,0.000746269,0,0,0.000333857,0,0.043126473,0,0.00043205,5.89E-05,0,0.170620581,0.015298507,0.029281225,0.032305577,0.136567164,0.005302435,0.158523174,0.000451689,1.96E-05,0,0,0,0,0.003672427,0,0,0,0,0,0,0,0,0,0,0,1.96E-05,0,0.015043205,0,0,0,0,0,0,0.002062058,0,0,0,0,0.012234878,0,0,0,0,0,0,0,0,0,0,0,0,0,0.002651218,0,0,0
D160VZLD.03,1.05E-05,0,0,0.00437449,0.007650125,0,1.05E-05,0,0,0,0,0,0,0,0,0,0,0,0,1.05E-05,0,0,0.234987546,0.00384076,0,0,0,0,0.00932457,0.000146514,0.085961864,0,0,0,0,0,0,0,0,0,0,0,0,0,0,0,0,0,6.28E-05,0,0,0,0,0,0,0,1.05E-05,0.002846558,0.000868619,0,0.041097181,0,0,0,1.05E-05,1.05E-05,0,0.022228269,0,0,0.001527932,0.324915754,0,0.221340813,0.000146514,3.14E-05,0,0,0,0,0,0,0,0,0,0,0,0,0,0,0,0,0,0,0.023651548,0,0,0,0,0,0,0,0.009638529,0,0,0,0.005274504,0,0,0,0,0,0,0,0,0,2.09E-05,0,0,0,0,0,0,0
E160SV7Z.03,3.47E-05,0,0,0,0,0,0,0,0,0,0,0,0,0,0,0,0,0,0,0.000242822,0,0,0.104760473,0,0,0,0,0,0,0,0,0,0,0,0,0,0,0,0,0,0,0,0,2.31E-05,0,0,0,0,0.0006244,0,0,0,1.16E-05,0,0,0,0,0.019263902,0,0,0.004995201,0,0,1.16E-05,0,0.111016038,0,0.090584277,0,0.046656568,0,0.150607634,0,0.100898442,0,0,0,0,0,0,0,0,0,0,0,0,0,0,0,0,0,0,0,0,0,0,0,0,0,0,0,0,0,0,0,0,0.37010742,0,0,0.000104067,5.78E-05,0,0,0,0,0,0,0,0,0,0,0,0,0
H160WH8Y.03,0,0,0,0.002655472,0.003393715,0,3.31E-05,0,0,0,0,0,0,0,0,0,0,0,0,0,0,0,0.012076337,0.022709242,0,0,0,0,0.028714355,0.012594209,0.121600776,0,0,0,0,0,0,0,0,0,0,0,0,0,0,0,0,0,4.41E-05,0,0,0,0,0,0,0,0,0.000617039,0,0,0.024009432,0,0.004065847,0,0,1.10E-05,1.10E-05,0.05712019,0,0,0.002291859,0.455440963,0,0.085173432,0.000473798,0.033441315,0,0,0,0,0,0,0,0,0,0,0,0,0,0,0,0,0,0,0,0,0,0,0,0,0,0.003261492,0.000253427,0,0,0,0.129886729,0,0.000110186,0,1.10E-05,0,0,0,0,0,0,0,0,0,0,0,0,0
C160X7VQ.03,1.34E-05,0,0,0.000361891,0.000656766,0,0,0,0,0,0,0,0,0,0,0,0,0,0,0,0,0,0.057071628,0.021592859,0,0,0,0,0.129972657,0,0.052367038,0,0,0,0,0,0,0,0,0,0,0,0,1.34E-05,0,0,0,0,0,0,0,0,0,0,0,0,1.34E-05,0.00091143,0,0,0.001434163,0,0.034406498,0,0,0.033575488,8.04E-05,0.254972657,0,0.019207056,0.011513511,0.272450676,0,0.096222925,0.000187647,0.00727804,0,0,0,0,0,0,0,0,0,0,0,0,0,0,0,0,0,0,0,0,0,0,0,0,0,0,0.003739545,0,0,0,0.000777397,0,0.001179498,0,0,0,0,0,0,0,0,0,0,0,0,0,0,0
A160WXGK.03,0,0,0,0.005350757,0.000967976,0,0,0,0,0,0,0,0,0,0,0,0,0,0,0,0,0,0.103237342,0.020878707,0,0,0,0,0.149350649,0.000107553,0.006722056,0,0,4.03E-05,0,0,0,0,0,0,0,0,0,0,0,0,0,0,0,0,0,0,0,0,1.34E-05,0,6.72E-05,0.001357855,0,0,0.00280982,0.000161329,0.028071308,0,0,0.000403323,9.41E-05,0.249038746,2.69E-05,0.002702267,0.013134898,0.174060929,2.69E-05,0.222190853,0.0004571,0.004261784,0,0,0,0,1.34E-05,0,0,0,0,0,0,0,0,0,0,0,0,0,2.69E-05,0,0,0,0,0,0,0,0.008053024,0,0,0,0.004799548,0,0.001559517,0,0,0,0,0,0,0,0,0,0,0,1.34E-05,0,0,0
J160T88C.03,2.82E-05,0,0,0.013382407,0.002594692,0,1.41E-05,0,0,0,0,0,0,0,0,0,0,0,0,2.82E-05,0,0,0.068787545,0.027413487,0,1.41E-05,0,0,0.131102462,0.06775813,0.02388809,0.008898102,0,0,0.017683391,0,0,0,0,0,0,0,0,0,0,0,0,0,0,0,0,0,0,0,7.05E-05,0,0,0.003892038,0,0,0.00026793,0,0.030670954,4.23E-05,0.000380743,0.000606368,0,0.11305243,0.0053304,0.049665792,0.029613334,0.04298164,0.008954508,0.237639958,0.000690978,0,0,0,0,0,0,0,0,0,0,0,0,0,0,0,0,0,0,0,0,0,0,0,0,0,0,0.010759512,0,0,0,0,0.101221198,0,0,0,0,0,0,0,0,0,0,0,0,0,0.002566489,0,0,0
B160WXFN.03,0,0,0,0.00040956,0.00798187,0,0,0,0,0,0,0,0,0,0,0,0,0,0,0,0,0,0.116879335,0.059859475,0,0,0,0,0.218814278,0.00027304,0.01002967,0,0,0,0,0,0,0,0,0,0,0,0,0,0,0,0,0,0,0,0,0,0,1.82E-05,2.73E-05,0,4.55E-05,0.000127419,0,0,0.002748603,1.82E-05,0.020450698,0,0,0.000609789,9.10E-06,0.179651237,0,4.55E-05,0.012942097,0.218341009,0,0.137102499,0.001064856,0.002766806,0,0,0,0,0,0,0,0,0,0,0,0,0,0,0,0,0,0,9.10E-06,0,0,0,0,0,0,0.001419808,0,0,4.55E-05,0,0.007035331,0,0.001274187,0,0,0,0,0,0,0,0,0,0,0,0,0,0,0
J160SS9R.03,0.000112229,0,0,0,5.10E-05,0,0,0,0,0,0,0,0,0,0,0,0,0,0,0.000153039,0,0,0.152957741,0,0,0,0,0,0,0,1.02E-05,0,0,0,0,0,0,0,0,0,0,0,0,0,0,0,0,0,0.000377497,0,0,0,0,0,0,0,0,0.012508417,0,0,0.011365723,0,0,0,0,0.025526966,0,0.033893117,0,0.011202481,0,0.588875059,0,0.023435428,0,0,0,0,0,0,0,0,0,0,0,0,0,0,0,0,0,0,0,0,0,0,0,0,0,0,0,0,0,0,0,0,0.139398453,0,0,0,0.000132634,0,0,0,0,0,0,0,0,0,0,0,0,0
F160WH81.03,3.69E-05,0,0,1.84E-05,3.69E-05,0,0,0,0,0,0,0,0,0,0,0,0,0,0,0,0,0,0.244434608,0.055902912,0,0,0,0,0.130397093,0,0.000129106,0,0,0,0,0,0,0,0,0,0,0,0,0,0,0,0,0,0,0,0,0,0,0,1.84E-05,0,3.69E-05,0.000461093,0,0,0.002895664,0,0.04146148,0,0,0.000258212,1.84E-05,0.274534757,0,7.38E-05,0.012006861,0.229532083,0,0.001051292,0.000184437,0,0,0,0,0,0,0,0,0,0,0,0,0,0,0,0,0,0,0,0,0,0,0,0,0,0,0,3.69E-05,0,0,0,0.006455302,0,0,1.84E-05,0,0,0,0,0,0,0,0,0,0,0,0,0,0
G160VVYB.03,3.45E-05,0,0,0.000759022,0.000563516,0,0,0,0,0,0,0,0,0,5.75E-05,0,0,0,0,4.60E-05,0,0,0.172482002,0.014950434,0,1.15E-05,0,0,0.057283161,0.034593003,0.019378062,0,0,0,0,0,0,0,0,0,0,0,0,1.15E-05,0,0,0,0,1.15E-05,0,0,0,0,0,0,0,2.30E-05,0.00069002,0.000460013,0,0.008832256,0,0.005290153,0.000908526,0,0.000747522,9.20E-05,0.142868643,0.000977528,0.034431999,0.278009062,0.112967776,0,0.072026589,0.000310509,0.00033351,0,0,0,0,0,0,0,0,0,0,0,0,0,0,0,0,0,0,0.030763392,0,0,0,0,0,0,0,0.001679049,0,0,0,0.007981231,0,0.000414012,0,0,0,0,0,0,0,1.15E-05,0,0,0,0,0,0,0
G160SKJY.03,0,0,0,4.29E-05,0.000526011,0,0,0,0,0,0,0,0,0,0,0,0,0,0,0,0,0,0.16305258,0,0,0,0,0,0.050980097,0.001556562,0,0,0,0,0,0,0,0,0,0,0,0,0,0,0,0,0,0,2.15E-05,0,0,0,0,0,0,0,0,0.000150289,0,0,0.009951263,0,0,0,0,0,0,1.07E-05,0,0,0.001470683,0.747611482,0,0.013236147,0,0,0,0,0,0,0,0,0,0,0,0,0,0,0,0,0,0,0,0,0,0,0,0,0,0,0,0,1.07E-05,0,0,0,0.011379007,0,0,0,0,0,0,0,0,0,0,0,0,0,0,0,0,0
G160S7QY.03,0,0,0,0,0.016212602,0,0.011254109,0,0,0,0,0,0,0,2.23E-05,0,0,0,0,0,0,0,5.57E-05,0.000245139,0,0,0,0,0,0,2.23E-05,0,0,0,0,0,0,0,0,0,0,0,1.11E-05,0.00012257,0,0,0,0,0.006262187,0,0,0,5.57E-05,0,0,0,0,0.116842164,0.003855368,0,0.014362917,0,0,0,0,0.051980612,0,1.11E-05,0,1.11E-05,0,0.379374896,1.11E-05,0.000724274,0,0,0,0,0,0,0,0,0,0,0,0,0,0,0,0,0,0,0,0,0,0,0,0,0,0,0,0,0,0,0,0,0.398072316,0,0.000490278,0,0,0,0,0,0,0,0,0,0,0,0,0,0,0
E160VJ7Z.03,3.51E-05,0,0,0.010456507,0.014503433,0,0.000163748,0,0,0,0,0,0,0,0,0,0,0,0,0,0,0,0.093383394,0.031463092,0,0,0,0,0.037252769,0.05160415,0.13150169,0.002900687,0,0.000456156,0.00200007,0,0,0,0,0,0,0,0,0,0,0,0,0,0,0,0,0,0,0,3.51E-05,0,0,0.010748915,0,0,0.000152052,0,0.019731686,0,0.000116963,0,0,0.095102752,0.027930805,0.066095886,0.032258442,0.005766284,0.033989497,0.297565996,0.000456156,0,0,0,0,0,0.003789607,0,0,0,0,0,0,0,0,0,0,0,0,0,0.017216978,0,0,0,0,0,0,0.003228183,0,0,0,0,0.009497409,0,0.000116963,0,0,0,0,0,0,0,0,0,0,0,0.000479549,0,0,0
F160TQN9.03,0,0,0,0.001164271,0.031508095,0,0.000145534,0,0,0,0,0,0,0,0,0,0,0,0,0,0,0,0.06458068,0.029161361,0,0,0,0,0.00052756,0.047971621,0.052956158,3.64E-05,0.002910679,0,0,0,0,0,0,0,0,0,0,0,0,0,0,0,0.00030926,0,0,0,0,0,0,0,0,5.46E-05,0,0,0,0,0.000163726,0.002055667,0,0.003383664,0,0.039730762,0.014935419,0.021375296,0.005184646,0.035182827,0.029907222,0.583736584,9.10E-05,0,0,0,0,0,0,0,0,0,0,0,0,0,0,0,0,0,0,0,0.00125523,0,0,0,0,0,0,0,0.028433691,0,0,0,0,0,0,0,0,0,0,0.00323813,0,0,0,0,0,0,0,0,0,0
G160TC8J.03,1.01E-05,2.03E-05,0,0.000921818,0.009998177,0,0.001408051,0,0,0,0,0,0,5.06E-05,0,0,0,0,0,0,0,0,0.09896878,0.032172451,0,0,0,0,0.049139974,0.001539739,0.194949249,0,0,0.001276363,0,0,0,0,0,0,0.000101299,0,0,0,0,0,0,0,3.04E-05,0,0,0,0,0,4.05E-05,0.000121558,0,8.10E-05,0,0,0.000121558,0.000293766,0.001276363,0.00224883,0,0.000476104,0,0.055683867,0,0.000790129,0.00298831,0.191272108,0.000526753,0.284173099,0.000131688,0,0,0,0,0,0,0,0,0,0,0,0,0,0,0,0,0,0,0,0.003515063,0,0,0,0,0,0,0.00148909,0.000293766,0,0,0,0.063889058,0,0,0,0,0,0,0,0,0,0,0,0,0,0,0,0,0
F160VH80.03,2.04E-05,0,0,0.004119086,0.000387439,0,6.12E-05,0,0,0,0,0,0,0,0,0,0,0,0,0,0,0,0.015069331,0.001284666,0,0,0,0,0.000795269,0.017516313,0.381494698,0,0,0,0,0,0,0,0,0,0,0,0,0,0,0,0,0,3.06E-05,0,0,0,0,0,1.02E-05,0,0,0.000152936,0,0,0.017832382,0,9.18E-05,5.10E-05,0,1.02E-05,0,0.002324633,0,0.048562398,0.009043638,0.070564845,0.048552202,0.345157015,1.02E-05,0,0,0,0,0,0.000101958,0,0,0,0,0,0,0,0,0,0,0,0,0,0.000479201,0,0,0,0,0,0,0.000978793,0.034798124,0,0,0,0.000499592,0,0,0,0,0,0,0,0,0,0,0,0,0,0,0,0,0
C160WX6J.03,0,0,0,0.00673048,0.009668292,0,0,0,0,0,0,0,0,0,0,0,0,0,0,1.20E-05,0,0,0.0033833,0.010270303,0,0,0,0,8.43E-05,0.025934622,0.496273554,1.20E-05,0,2.41E-05,4.82E-05,0,0,0,0,0,0,0,0,0,0,0,0,0,1.20E-05,0,0,0,0,0,0,0,0,0.000108362,1.20E-05,0,0.081114924,0,4.82E-05,0,0,0,0,0.023069051,0.027957378,0.029679128,0.000228764,0.023105171,0,0.252712058,0,0.000108362,0,0,0,0,0,0,0,0,0,0,0,0,0,0,0,0,0,0,0.001252182,0,0,0,0,0,0,4.82E-05,0.006465595,0,0,0,0.001637469,0,0,0,0,0,0,0,0,0,0,0,0,0,0,0,0,0
J160WJ8L.03,0,0,0,0.002530335,0.015629229,0,0.000717909,0,0,0,0,0,0,0,0,0,0,0,0,0,0,0,0.000376608,0.055879203,0,0,0,0,0.061610705,0.003930845,0.198025162,0,0,0,0,0,0,0,0,0,0,0,0,1.18E-05,0,0,0,0,0.001953654,0,0,0,0,0,0,2.35E-05,0,0,0,1.18E-05,0.00974473,0,1.18E-05,0.000529605,0,2.35E-05,0,0.062010851,0.015087856,0.109180995,0.003318857,0.050418388,8.24E-05,0.373253775,0,0.005496122,0,0,0,0,0,0,0,0,0,0,0,0,0,0,0,3.53E-05,0,0,0.000564912,0,0,0,0,0,0,0,0.015723381,0,0,0,0.013734421,0,0,0,0,0,0,0,0,0,0,0,0,0,0,0,0,8.24E-05
K160W4K8.03,0,0,0,0.000155346,0.002835062,0,0,0,0,0,0,0,0,0,0,0,0,0,0,0.000854402,0,0,0.025942755,0.010835372,0,0,0,0,0.080469144,0.008194493,0.089945241,0,0,0,0,0,0,0,0,0,0,0,0,0,0,0,0,0,0,0,0,0,0,0,0.000582547,0,0,0.017592916,0.002369024,0,0.120082333,0,0.001436949,0,0,0.000155346,0,0.100120393,0,0.044506583,0.127966135,0.121363936,0.00066022,0.234572216,3.88E-05,0,0,0,0,0,0,0,0,0,0,0,0,0,0,0,0,0,0,0,0.006058488,0,0,0,0,0,0,0,0.002446697,0,0,0,0.00066022,0,3.88E-05,0,0,0,0,0,0,0,0,0,0,0,0.000116509,0,0,0
H160TQ4P.03,1.58E-05,0,0,0.001567696,0.004164687,0,0,0,0,0,0,1.58E-05,0,1.58E-05,0.000110847,0,0,0,0,0,0,0,0.036785432,0.017292162,0,1.58E-05,0,0,0.012747427,0.075692795,0.003372922,0,0,0,0,0,0,0,0,0,0,0,0,0,0,0,0,0,0,0,0,0,0,0,0.002977039,0,4.75E-05,0.010071259,1.58E-05,0,0.032810768,0,0.028551069,0.00125099,0,0.001551861,0.000253365,0.306429137,0.003008709,0.000411718,0.116294537,0.025225653,0.000158353,0.289073634,0.000380048,1.58E-05,0,0,0,0,0,0,0,0,0,0,0,0,0,0,0,0,0,0,0.007315914,0,0,0,0,0,0,0,0.008329375,0,0,0,0.013871734,0,0.000158353,0,0,0,0,0,0,0,0,0,0,0,0,0,0,0
H160W61G.03,0,0,0,0.020662108,0.003205339,0,0.003945033,0,0,0,0,0,0,0,0,0,0,0,0,0,0,0,0.091968571,0.030458939,0,0,0,0,0.017440331,0.030278125,0.08029785,0.001775265,0,0,0.001923203,0,0,0,0,0,0,0,0,0,0,0,0,0,0.000263002,0,0,0,0,0,0,0,0,8.22E-05,0,0,0.005588796,0,0.023966073,0.000443816,0,1.64E-05,0.00146295,0.066638175,0.031543823,0.009007824,0.003156026,0.089207048,0.000230127,0.410003945,3.29E-05,0,0,0,0,0,0,0,0,0,0,0,0,0,0,0,0,0,1.64E-05,0,0.014843185,0,0,0,0,0,0,0.002202643,0.055246893,0,0,0,0.004092971,0,0,0,0,0,0,0,0,0,0,0,0,0,0,0,0,0
D160WDS9.03,0,0,0,0.009158646,0.000853772,0,0.001319466,0,0,0,0,0,0,0,0,0,0,0,0,0,0,0,0.088054952,0.008537721,0,0,0,0,0.002328469,0.007063024,0.053011487,0.001591121,0,0,0.002173238,0,0,0,0,0,0,0,0,0,0,0,0,0,0.000194039,0,0,0,0,0,0.000310463,0,0,0.000698541,3.88E-05,0,0.009313878,3.88E-05,0.012185657,3.88E-05,0,7.76E-05,0.000853772,0.022819,0.0044629,0.001823968,0.002056815,0.678942875,0,0.076955914,0,0,0,0,0,0,0,0,0,0,0,0,0,0,0,0,0,0,0,0,0.003647935,0,0,0,0,0,0,0.001474697,0.007722757,0,0,0,0.002250854,0,0,0,0,0,0,0,0,0,0,0,0,0,0,0,0,0
F160T1V2.03,0,0,0,0.004831086,0.001063885,0,0,0,0,0,0,0,0,0,0,0,0,0,0,1.74E-05,0,0,0.008598287,0.012487573,0,0,0,0,0.018347664,0.132898477,0.059141567,0,0,0,0,0,0,0,0,0,0,0,0,0,0,0,0,0,0,0,0,0,0,0,0.001342937,0,0,0.010638854,0,0,0.000313933,0,0.019306905,8.72E-05,0,8.72E-05,8.72E-05,0.123672323,0.011441129,3.49E-05,0.078465912,0.040200917,0.000104644,0.377679334,0.000418578,0,0,0,0,0,0,0,0,0,0,0,0,0,0,0,0,0,0,0,0.012505014,0,0,0,0,0,0,3.49E-05,0.071681462,0,0,0,0.014353733,0,0,3.49E-05,0,0,0,0,0,0,0,0,0,0,0.000122085,0,0,0
H160T8LY.03,0,0,0,0.001205842,0.011008887,0,0.00053593,0,0,0,0,0,0,0,0,0,0,0,0,0,0,0,0.004097629,0.006486981,0,0,0,0,0.0144701,0.095350811,0.058606136,0.006163191,0.001283998,0,0.002590326,0,0,0,0,0,0,0,0,1.12E-05,0,0,0,0,0.003505873,0,0,0,0,0,0,0,0,0.0027913,0,0,0.000870886,1.12E-05,0.00586173,0.001429146,1.12E-05,0.000100487,0,0.082577821,0.007357867,0.009121969,0.006006878,0.020365325,0.022687687,0.531452369,0.000156313,0,0,0,0,0,0.001150016,0,0,0,0,0,0,0,0,0,0,0,4.47E-05,0,0.007201554,0,0,0,0,0,0,0.00111652,0.085771069,0,0,0,0.008429726,0,0,2.23E-05,0,0,0,0.000145148,0,0,0,0,0,0,0,0,0,0
K160SRTH.03,1.63E-05,0.000325807,0,0.000863389,0.025722477,0,0.001140325,0,0,0,0,0,0,0,0,0,0,0,0,0,0,0,0.220522595,0.077330336,0,0,0,0,0.005245496,0.023539569,0.059117714,0.004251784,0.000114033,0,0,0,0,0,0,0,0,0,0,1.63E-05,0,0,0,0,0.000342098,0,0,0,0,0,0.000276936,0,1.63E-05,0.000276936,0,0,0.007884534,3.26E-05,0.001726778,0.004398397,0,0.001400971,0,0.133776431,0,0.002101456,0.006988564,0.02176392,0.00408888,0.37897892,0,1.63E-05,0,0,0,0,0,0,0,0,0,0,0,0,0,0,0,0,1.63E-05,0,0.004430978,0,0,0,0,0,0,0.001466132,0.010947121,0,0,0,0.000863389,0,0,0,0,0,0,0,0,0,0,0,0,0,0,0,0,0
J160WMYG.03,0,0,0,0.002740029,5.54E-05,0,0.000622734,0,0,0,0,0,0,0,1.38E-05,0,0,0,0,0,0,0,0.014696521,0.021629626,0,1.38E-05,0,0,0.009742327,0.037876062,0.196008967,0.001577593,0,0.000788796,0.001065567,0,0,0,0,0,0,0,0,0,0,0,0,0,0.000553541,0,0,0,0,0,1.38E-05,0,0,0.000927182,0,0,0.000581218,0,0.052517229,0.000138385,4.15E-05,0.000290609,0,0.105740223,0,0.000290609,0.013451053,0.345783399,0.000138385,0.10143644,0.000152224,0.000304448,0,0,0,0,0.00037364,0,0,0,0,0,0,0,0,0,0,0,0.000110708,0,0.046967978,0,0,0,0,0,0,0.005549251,0,0,0,0,0.037447068,0,0.000359802,0,0,0,0,0,0,0,0,0,0,0,0,0,0,0
D160WN1K.03,4.16E-05,1.39E-05,0,0.002205607,0.01656286,1.39E-05,0,0,0,0,0,0,0,0,0,0,0,0,0,0,0,0,0.098572598,0.061826354,0,0,0,0,0.02190348,0.043376937,0.090207937,0.003939575,0,0.001123611,0.006408745,0,0,0,0,0,0,0,0,0,0,0,0,0,0,0,0,0,0,0,4.16E-05,0,0,0.00581226,0,0,0.010167987,0,0.03233503,6.94E-05,0.000443896,1.39E-05,0,0.075101611,0,5.55E-05,0.023318398,0.308937563,0.004272496,0.135471431,0.000221948,0,0,0,0,0,8.32E-05,0,0,0,0,0,0,0,0,0,0,0,2.77E-05,0,0.017617112,0,0,0,0,0,0,0.010598011,0,0,0,0,0.029172273,0,2.77E-05,1.39E-05,0,0,0,0,0,0,0,0,0,0,0,0,0,0
G160RYHP.03,0,0,0,0,0.011952811,0,0.001456575,0,0,0,0,0,0,0,5.56E-05,0,0,0,0,0.016333656,0,0,4.45E-05,0,0,0,0,0,0.100470329,0.005136929,0,0,0,0,0,0,0,0,0,0,0,0,0,0,0,0,0,0,0.000211259,0,0,0,0,0,0,0,0,0.021770795,0,0,0.33729166,0,0,0,0,0.172476289,0,7.78E-05,0,0,0,1.11E-05,0,0.108464814,0,0,0,0,0,0,0,0,0,0,0,0,0,0,0,3.34E-05,0,0,0,0,0,0,0,0,0,0,0,0,0,0,0,0,0.22405684,0,0.000155665,0,0,0,0,0,0,0,0,0,0,0,0,0,0,0
E160ST39.03,0,0,0,0,0,0,0.032718178,0,0,0,0,0,0,0,0,0,0,0,0,0,0,0,0.000247865,0.000157732,0,0,0,0,4.51E-05,3.38E-05,3.38E-05,0,0,0,1.13E-05,0,0,0,0.000146466,0,1.13E-05,0,0,0.003458843,0,0.014950765,0,0,0.237882782,0,0,0,0.000135199,0,0,0.000214065,0,0.097332071,3.38E-05,0,0.605590482,0,4.51E-05,0,0,0,0,0.000540796,0,0,2.25E-05,0.002219518,0,9.01E-05,0,0,0,0,0,0,0,0,0,0,0,0,0,0,0,0,0,0,0,0,1.13E-05,0,0,0,0,0,0,1.13E-05,1.13E-05,0,0.000236598,0,0.003334911,0,0,0.000394331,7.89E-05,0,0,0,0,0,0,0,0,0,0,0,0,0
K160TQT4.03,0,0,0,0.005328597,0.012584558,0,0,0,0,0,0,0,0,0,0,0,0,0,0,1.26E-05,0,0,0.166660368,0.001713213,0,0,0,0,0.009158132,1.26E-05,0.299119459,0,0,0,0,0,0,0,0,0,0,0,0,0,0,0,0,0,0.000163763,0,0,0,0,0,0,0,0,0.002532028,0,0,0.322751723,0,1.26E-05,0,0,0,0,0.067193228,0,0,5.04E-05,0.005441971,0,0.042578386,0.001927365,0,0,0,0,0,0,0,0,0,0,0,0,0,0,0,0,0,0,0,0.005681317,0,0,0,0,0,0,0,0,0,0,0,0.057065115,0,1.26E-05,0,0,0,0,0,0,0,0,0,0,0,0,0,0,0
D160WDW0.03,0,0,0,0.012306976,0.01829028,0,0,0.00460392,0,0,0,0,0,0,0,0,0,0,0,0.000107485,0,0,0.056411451,0.001486869,0,0,0,0,0.023306223,0,0.021425245,0,0,0,0,0,0,0,0,0,0,0,0,1.79E-05,0,0,0,0,7.17E-05,0,0,0,0,0,7.17E-05,0,0,0.000322454,0.002078034,0,0.224391817,0,0.004156068,5.37E-05,0,0.000232883,0,0.027856401,0,1.79E-05,0.056733904,0.328436817,0,0.156551181,3.58E-05,0.000107485,0,0,0,0,0,0,0,0,0,0,0,0,0,0,0,0,0,0,1.79E-05,0,0,0,0,0,0,0,3.58E-05,0,0,0,0.017251263,0,0.043620795,0,0,0,0,0,0,0,0,0,0,0,0,0,0,0
C160WGZS.03,0,0,0,0.002931856,0.004253733,0,0.000271154,0,0,0,0,0,0,0,0,0,0,0,0,6.78E-05,0,0,0.08022777,0.014540648,0,0,0,0,0.001728608,0.000321996,0.174097988,0,0,0,0,0,0,0,0,0,0,0,0,0,0,0,0,0,0.000423679,0,0,0,0,0,0.000135577,0,0,0.000559256,5.08E-05,0,0.231667429,0,0.000152524,1.69E-05,0,0.000101683,0,0.021709289,0.000813463,1.69E-05,0.000627044,0.133984104,0,0.31004796,0.000169471,6.78E-05,0,0,0,0,0,0,0,0,0,0,0,0,0,0,0,0,0,0,0.008270205,0,0,0,0,0,0,0,0.008880302,0,0,0,0.003863948,0,0,0,0,0,0,0,0,0,0,0,0,0,0,0,0,0
B160W5Q0.03,2.25E-05,0,0,0.002251669,0.002262927,0,0,0,0,0,0,0,0,0,2.25E-05,0,0,0,0,2.25E-05,0,0,0.189928284,0.004874863,0,0,0,0,0,0.002105311,0.034473053,0,0,0,0,0,0,0,0,0,0,0,0,0,0,0,0,0,2.25E-05,0,0,0,0,0,0.000112583,0,2.25E-05,0.000461592,4.50E-05,0,0.004244396,0,0.008184817,0,0,0.010200061,0,0.103633068,0,0.023574975,0.002499353,0.550454274,0,0.049851953,0.000371525,6.76E-05,0,0,0,0,0,0,0,0,0,0,0,0,0,0,0,0,0,0,0,0,0,0,0,0,0,0,0.003118562,0,0,0,0.007126533,0,4.50E-05,0,0,0,0,0,0,0,0,0,0,0,0,0,0,0
G160TJZK.03,5.17E-05,0,0,0.000490918,0.00046508,0,0.00023254,0,0,0,0,0,0,0,0,0,0,0,0,0.000193783,0,0,0.009081983,0.002971346,0,0.000193783,0,0,0.035023125,0.13213446,0.00654988,0.022943958,0,0,0,0,0,0,0,0,0,0,0,0,0,0,0,0,0.003203886,0,0,0,0,0,0,1.29E-05,0,0.001007674,0,0,0.001149782,0,0.046572617,0.004314911,1.29E-05,0.000710539,0.001059349,0.337144407,0,5.17E-05,0.019946774,0.023111903,0,0.20626308,0.001395241,7.75E-05,0,0,0,0,0,0,0,0,0,0,0,0,0,0,0,0,0,0,0.029054595,0,0,0,0,0,0,0,0.03296902,0,0,0,0.080756014,0,0.000439242,0.000103351,5.17E-05,0.000258378,0,0,0,0,0,0,0,0,0,0,0,0
A160T4HL.03,4.22E-05,0,0,4.22E-05,0.00021076,0,2.81E-05,0,0,0,0,0,0,0,0,0,0,0,0,0,0,0,0.194124011,0.001629877,0,0,0,0,0.007545208,0.006266597,7.03E-05,8.43E-05,0,0,0,0,0,0,0,0,0,0,0,0,0,0,0,0,0,0,0,0,0,0,0,0,1.41E-05,7.03E-05,0.000112405,0,0.009175085,0,0,0,0,7.03E-05,0.000238861,0.073808152,0,0,0.001124053,0.670062244,0,0.003358109,0.00021076,0,0,0,0,0,0,0,0,0,0,0,0,0,0,0,0,0,0,0,4.22E-05,0,0,0,0,0,0,0,1.41E-05,0,0,0,0.031642101,0,0,1.41E-05,0,0,0,0,0,0,0,0,0,0,0,0,0,0
K160SS48.03,0,0,0,0.010197967,0.012572684,0,0.000388388,0,0,0,0,0,0,0,0,0,0,0,0,0.000610324,0,0,0.000388388,0.012661459,0,0,0,0,0.002163878,0.033945137,0.416385548,0.000676905,0,0,0,0,0,0,0,0,0,0,0,0,0,0,0,0,7.77E-05,0,0,0,0,0,0,0,0,7.77E-05,2.22E-05,0,0.094456034,0,0.000388388,0,0,2.22E-05,0.00055484,0.002474588,0.00524879,0.042678326,0.000998713,0.022748458,1.11E-05,0.274712593,2.22E-05,0.004327755,0,0,0,0,0,0,0,0,0,0,0,0,0,0,0,0,0,0,0.001331617,0,0,0,0,0,0,1.11E-05,0.049391895,0,0,0,0.010453194,0,0,0,0,0,0,0,0,0,0,0,0,0,0,0,0,0
F160T16M.03,2.05E-05,0,0,1.03E-05,0.002410949,0,1.03E-05,0,0,0,0,0,0,0,0.000184668,0,0,0,0,0,0,0,0.790462902,7.18E-05,0,0,0,0,0.011982928,4.10E-05,6.16E-05,0,0,0,0,0,0,0,0,0,0,0,0,0,0,0,0,0,0.002349393,0,0,0,1.03E-05,2.05E-05,0,2.05E-05,3.08E-05,0.007458552,0,0,0.033260834,0,2.05E-05,0,0,1.03E-05,0,0.042422439,0,2.05E-05,0.000666858,0.000420634,1.03E-05,0.005601609,0.000913083,0,0,0,0,0,0,0,0,0,0,0,0,0,0,0,0,0,0,0,0,0,0,0,0,0,0,0,3.08E-05,0,0,0,0.100387804,0,0.001077232,0,0,0,0,1.03E-05,0,0,0,0,0,0,0,0,0,0
D160TBGH.03,2.99E-05,0,0,0.007936666,2.99E-05,0,0,0,0,0,0,0,0,0,0,0,0,0,0,0,0,0,0.011282613,0.007379008,0,0,0,0,0.047082255,0.02177853,0.001165107,0.004809799,0,0,0,0,0,0,0,0,0,0,0,9.96E-06,0,0,0,0,3.98E-05,0,0,0,0,0,0.001424019,0,0,0.011451902,0,0,0.00671181,0,0.007120096,0,0,0.00010954,0.000617407,0.073551085,0,0,0.006084445,0.643796057,0,0.099004182,0.000278829,0,0,0,0,0,0,0,0,0,0,0,0,0,0,0,0,0,0,0,0.018731328,0,0,0,0,0,0,0,0.002668791,0,0,0,0.026887074,0,0,1.99E-05,0,0,0,0,0,0,0,0,0,0,0,0,0,0
F160QH0G.03,0,0,0,9.63E-05,0.035224518,0,0,0,0,0,0,0,0,0,0,0,0,0,0,8.75E-06,0,0,0.094524228,0.001916564,0,0,0,0,0,0.001872807,0.002730447,0,0,0,0,0,0,0,0,0,0,0,0,0,0,0,0,0,4.38E-05,0,0,0,0,0,0,0,0,0.00079638,0.00012252,0,0.002266621,0,0,0,0,0.00012252,0,0.055029011,3.50E-05,0,0.001067675,0.76574164,0,0.01911313,0,0,0,0,0,0,0,0,0,0,0,0,0,0,0,8.75E-06,0,0,0,0,0,0,0,0,0,0,0,0.000446323,0,0,0,0,0.018535535,0,0,0.000297549,0,0,0,0,0,0,0,0,0,0,0,0,0,0
K160SWK2.03,0,0,0,1.12E-05,2.23E-05,0,0,0,0,0,0,0,0,0,0,0,0,0,0,0.007743536,0,0,0.062395244,2.23E-05,0,0,0,0,0,0.000122913,0.000715132,1.12E-05,0,0,0,0,0,0,0,0,0,0,0,0,0,0,0,0,6.70E-05,0,0,0,0,0,0,0,0,0.049075916,0,0,0.000245827,0,0,0,0,0.013162894,0,0.004693052,0,1.12E-05,1.12E-05,0.184861555,0,0.024158044,0,1.12E-05,0,0,0,0,0,0,0,0,0,0,0,0,0,0,0,0,0,0,1.12E-05,0,0,0,0,0,0,0,0.000178783,0,0,0,0.652468322,0,0,0,0,0,0,0,0,0,0,0,0,0,0,0,0,0
H160SR9G.03,7.85E-05,0,0,0,0.000533769,0,1.57E-05,0,0,0,0,0,0,0,1.57E-05,0,0,0,0,0.005369085,0,0,0.049452102,0.000926246,0,0,0,0,0,0,9.42E-05,0,0,0,0,0,0,0,0,0,0,0,0,0,0,0,0,0,0.000408176,0,0,0,0,0,0,0,0,0.006530817,0,0,9.42E-05,0,0.000439574,0,0,0.038792427,0,0.021178059,0,0.058840152,3.14E-05,0.227919244,0,0.148199316,0,0,0,0,0,0,0,0,0,0,0,0,0,0,0,0,0,0,0,0,0,0,0,0,0,0,0,0,3.14E-05,0,0,0,0.440987158,0,0,0,6.28E-05,0,0,0,0,0,0,0,0,0,0,0,0,0
K160TGYL.03,4.02E-05,0,0,0.002305754,0.004584696,0,0.000254705,0,0,0,0,0,0,0,5.36E-05,0,0,0,0,2.68E-05,0,0,0.476821814,0.00099201,0,0,0,0,0.001568449,0.014987399,0.06303287,1.34E-05,0,0,0,0,0,0,0,0,0,0,0,1.34E-05,0,0,0,0,0.004732157,0,0,0,1.34E-05,0,0,0,2.68E-05,0.01107298,0,0,0.006662556,0,0,0,0,0.007238994,0,0.001166282,8.04E-05,0.018700735,5.36E-05,0.049721165,0.001193093,0.280403775,5.36E-05,0,0,0,0,0,0,0,0,0,0,0,0,0,0,0,0,0,0,0,0,0,0,0,1.34E-05,0,0,0,0.021636549,0,0,0,0.031301946,0,0.00123331,0,0,0,0,0,0,0,0,0,0,0,0,0,0,0
H160STTC.03,0,0,0,4.98E-05,0,0,0.002289241,0.000978733,0,0,0,0,0,0,0,0,0,0,0,0.067068113,0,0,0.014067217,1.66E-05,0,0,0,0,3.32E-05,3.32E-05,0.00038154,0,0,0,0,0,0,0,0,0,0,0,0,0,0,0,0,0,0.000564016,0,0,0,1.66E-05,0,0,0,0,0.009920042,0,0,8.29E-05,0,3.32E-05,0,0,0.010384526,0,0.001609104,0,0,3.32E-05,0.493182044,0,0.221542086,0,0,0,0,0,0,0,0,0,0,0,0,0,0,0,0,0,0,0,0,0,0,0,0,0,0,0,0,3.32E-05,0,0,0,0.177681563,0,0,0,0,0,0,0,0,0,0,0,0,0,0,0,0,0
K160SP56.03,0,0,0,0.006340891,0.049769669,0,9.03E-05,0,0,0,0,0,0,0,0,3.61E-05,0,0,0,0.000126457,0,0,0.286640773,0.004082739,0,0,0,0,0.002059435,0.000126457,0.053183994,0,0,0,0,0,0,0,0,0,0,0,1.81E-05,0,0,0,0,0,9.03E-05,0,0,0,0,1.81E-05,0,0,0,0.002023304,0.000162587,0,0.002583326,1.81E-05,0.000144522,0,0,0.100605185,0,0.03813567,0,0.035263301,0.000289043,0.244115256,0,0.120693704,0.001354891,0.002782043,0,0,0,0,0,0,0,0,0,0,0,0,0,0,0,0,0,0,0.020829193,0,0,0,0.000144522,0,0,0,0.011724325,0,0,0,0.015716737,0,0.000794869,0,0,0,0,0,0,3.61E-05,0,0,0,0,0,0,0,0
G160T53V.03,0,0,0,0.000591107,0.011559428,0,0,0,0,0,0,0,0,0,0,0,0,0,0,0,0,0,0.277437222,0.010990214,0,0,0,0,0.003962607,0.000711518,0.22874751,0,0,4.38E-05,0,0,0,0,0,0,0,0,0,0,0,0,0,0,0,0,0,0,0,0,0,0,0,0.002156446,0,0,1.09E-05,0,0.000415964,0.0027585,0,1.09E-05,0,0.011745517,0,0,0.000437857,0.192098868,0.000875714,0.175569762,0.000207982,0,0,0,0,0,0,0,0,0,0,0,0,0,0,0,0,0,0,0,0.001773321,0,0,0,0,0,0,0.000240821,0.021060928,0,0,0,0.056593034,0,0,0,0,0,0,0,0,0,0,0,0,0,0,0,0,0
E160SWGC.03,0,0,0,0,1.21E-05,0,0.000859564,0.001598063,0,0,0,0,0,0,0,0,0,0,0,0.10248184,0,0,0.019661017,1.21E-05,0,0,0,0,0,1.21E-05,8.47E-05,0,0,0,0,0,0,0,0,0,0,0,1.21E-05,0,0,0,0,0,0.00035109,0,0,0,0,0,0,0,0,0.016355932,0,0,0.000447942,0,0,0,0,0.031670702,0,3.63E-05,0,0,0,0.549564165,0,0.166041162,0,0,0,0,0,0,0,0,0,0,0,0,0,0,0,0,0,0,0,0,0,0,0,0,0,0,0,0,0,0,0,0,0.110799031,0,0,0,0,0,0,0,0,0,0,0,0,0,0,0,0,0
D160S0S4.03,0,0,0,0,0,0,0.00048039,0,0,0,0,0,0,0,0,0,0,0,0,0,0,0,1.50E-05,0,0,0,0,0,0.003130043,0.000240195,3.00E-05,0,0,0,0,0,0,0,0,0,0,0,0,0,0,0,0,0,0.000375305,0,0,0,7.51E-06,0,0,0,0,0.084818915,0.001140927,0,0.000517921,0,7.51E-06,0,0,0.000668043,0,0.017286545,0,0,7.51E-06,3.75E-05,0,3.75E-05,0,0,0,0,0,0,0,0,0,0,0,0,0,0,0,0,0,0,0,0,0,0,7.51E-06,0,0,0,0,0,7.51E-06,0,0,0,0.891184087,0,0,0,0,0,0,0,0,0,0,0,0,0,0,0,0,0
J160RPPL.03,0,0,0,0,0.045838545,0,0.002126431,0,0,0,0,0,0,0,0,0.000134706,0,0,0,0.007659001,0,0,0.00015395,1.92E-05,0,0,0,0,0.049735399,0.00718753,8.66E-05,0,0,0,9.62E-06,0,0,0,0,0,0,0,0,9.62E-06,0,0,0,0,0.000817858,0,0,0,9.62E-06,3.85E-05,0,0,0,0.004512653,0,0,0.213836236,0,9.62E-06,0,0,0.086673723,0,5.77E-05,0,0,1.92E-05,0.000644665,0,0.052920235,0,0,0,0,0,0,0,0,0,0,0,0,0,0,0,0,0,0,0,0,0,0,0,0,0,0,0,0,0,0,0,0,0.527124026,0,0.000375253,0,0,0,0,0,0,0,0,0,0,0,0,0,0,0
D160RBPT.03,0,0,0,0,0,0,0.000856101,0,0,0,0,0,0,0,0,0,0,0,0,9.31E-05,0,0,3.72E-05,0,0,0,0,0,1.86E-05,0,0,0,0,0,0,0,0,0,0,0,0,0,0,0.000111665,0,0,0,0,0.060485372,0,0,0,0.000595548,0,0,0,0,0.000372218,0,0,0,0,0,0,0,0,0,0.000651381,0,0,0,3.72E-05,0,3.72E-05,0,1.86E-05,0,0,0,0,0,0,0,0,0,0,0,0,0,0,0,0,0,0,0,0,0,0,0,0,0,0,0,0,0,0,0.936667163,0,0,0,0,0,0,0,0,0,0,0,0,0,0,0,0,1.86E-05
G160RXJK.03,0,0,0,0,0,0,0.002244678,0,0,0,0,0,0,0,0,0,0,0,0,0.008852608,0,0,4.20E-05,0,0,0,0,0,2.52E-05,0,0,0,0,0,0,0,0,0,0,0,0,0,0,0,0,0,0,0,1.68E-05,0,0,0,0,0,0,0,0,0.027440562,0,0,0.057974913,0,8.41E-06,0,0,0.019294145,0,0.002051317,0,0,8.41E-06,1.68E-05,0,0.071468205,0,0,0,0,0,0,0,0,0,0,0,0,0,0,0,0,0,0,0,0,0,0,0,0,0,0,0,0,0,0,0,0,0.810555873,0,0,0,0,0,0,0,0,0,0,0,0,0,0,0,0,0
A160SXLP.03,2.45E-05,0,0,0,0.001198879,0,0.000110101,0.000415938,0,0,0,0,0,0,0,0,0,0,0,0.008954895,0,0,0.090417528,6.12E-05,0,0,0,0,0.000489339,0,0,0,0,0,0,0,0,0,0,0,0,0,1.22E-05,2.45E-05,0,0,0,0,0.001480249,0,0,0,0,0,0,0,0,0.077401123,0,0,0.011634024,0,0.011597323,0,0,0.009211798,0,0.025152001,0,0,0,0.525879892,0,0.06396878,0,0,0,0,0,0,0,0,0,0,0,0,0,0,0,0,0,0,0,0,7.34E-05,0,0,0,0,0,0,1.22E-05,0,0,0,0,0.171880161,0,0,0,0,0,0,0,0,0,0,0,0,0,0,0,0,0
H160TY2M.03,2.55E-05,0,0,0.001085263,0.001532137,0,0.002898292,0,0,0,0,0,0,0,3.83E-05,0,0,0,0,0.000191517,0,0,0.006779704,0.00040857,0,0,0,0,0,0,0.048211231,0,0,0,0,0,0,0,0,0,0,0,0,0,0,0,0,0,0,0,0,0,0,0,6.38E-05,0,1.28E-05,0.000587319,0,0,0.047011057,0,0.023773652,1.28E-05,0,0.118370317,0,0.232080386,0.000395802,0.001481065,0.001238477,0.422307908,0,0.004060162,0.000306427,0.007239345,1.28E-05,0,0,0,0,0,0,0,0,0,0,0,0,0,0,0,0,0,6.38E-05,0,0,0,0,0,0,0,0.005796583,0,0,0,0.073478716,0,0.000446873,0,0,0,0,0,0,2.55E-05,0,0,0,0,6.38E-05,0,0,0
E160SYWX.03,0,0,0,0,0.023871324,0,0.000833933,0.000906902,0,0,0,0,0,0,0,0,0,0,0,0.019076211,0,0,0.057353723,5.21E-05,0,0,0,0,1.04E-05,7.30E-05,0.000323149,0,0,0,0,0,0,0,0,0,0,0,0,1.04E-05,0,0,0,0,0.000844357,0,0,0,0,0,0,0,1.04E-05,0.012425598,0,0,0.081923466,0,0.010090586,0,0,0.002407981,0,0.006890369,0,0,3.13E-05,0.44796781,0,0.272591759,0,0,0,0,0,0,0,0,0,0,0,0,0,0,0,0,0,0,0,0,0,0,0,0,0,0,0,0,0,0,0,0,0.062294774,0,0,0,1.04E-05,0,0,0,0,0,0,0,0,0,0,0,0,0
F160VBPJ.03,2.11E-05,0,0,0.000200886,0.000158594,0,4.23E-05,0,0,0,0,0,0,0,0,0,0,0,0,1.06E-05,0,0,0.05368943,0.015753693,0,2.11E-05,0,0,0.021283344,0.00742221,0.018132606,0.000475783,0,0,0.000105729,0,0,0,0,0,0,0,0,0,0,1.06E-05,0,0,1.06E-05,0,0,0,0,0,1.06E-05,0,2.11E-05,0.00200886,0,0,0.001173597,0,0.012021442,1.06E-05,0,0.000190313,0.00082469,0.105401719,0.00028547,0.000581512,0.011640816,0.723813451,0,0.010816126,0.000253751,0,0,0,0,0,0,0,0,0,0,0,0,0,0,0,0,0,7.40E-05,0,0.010594094,0,0,0,0,0,0,0.001120732,0.000380626,0,0,0,0.001215889,0,0,0,0,0,0,0,0,7.40E-05,5.29E-05,0,0,0,9.52E-05,0,0,0
D160X7ZS.03,1.12E-05,0,0,0.003489347,0.002572275,0,0,0,0,0,0,0,0,0,0,0,0,0,0,0,0,0,0.044567466,0.03638092,0,0,0,0,0.078085332,0.000190125,0.045350333,0,0,0,0,0,0,0,0,0,0,0,0,2.24E-05,0,0,0,0,0.000369066,0,0,0,0,0,3.36E-05,0,0,0.041693228,0.003109098,0,0.003041995,0,0.0082872,0,0,0.001465079,4.47E-05,0.119051613,0,0.025499077,0.012167981,0.193647598,0.00023486,0.328535481,0.000391433,0.010266734,0,0,0,0,0,0,0,0,0,0,0,0,0,0,0,0,0,0,8.95E-05,0,0,0,0,0,0,0,0.020287424,0,0,0,0.010702902,0,0.010333837,3.36E-05,1.12E-05,0,0,0,0,0,0,0,0,0,3.36E-05,0,0,0
F160SPVZ.03,0,0,0,0,1.23E-05,0,0.028436426,0.000380461,0,0,0,0,0,0,0,0,0,0.000147275,0,0.004405989,0,0,0.231676485,1.23E-05,0,0,0,0,0.00012273,2.45E-05,0.000270005,0,0,0,0,0,0,0,0,0,0,0,0,0.00041728,0,0,0,0,0.192881689,0,0,0,0.000981836,0,0,0,0,0.171931762,0,0,0.000392734,0,1.23E-05,0,0,0.001840943,0,0.000196367,0,0.000147275,1.23E-05,0.020753559,0,0.036573392,0,0,0,0,0,0,0,0,0,0,0,0,0,0,0,0,0,0,0,0,1.23E-05,0,0,0,0,0,0,0,1.23E-05,0,0,0,0.308333333,0,0,1.23E-05,0,0,0,0,0,0,0,0,0,0,0,0,0,0
H160SX8G.03,0,0,0,0,0.00040363,0,0,1.09E-05,0,0,0,0,0,0,3.27E-05,0,0,0,0,0.00020727,0,0,0.642077933,0.002672688,0,0,0,0,0.007483528,0,0.00040363,0,0,0,0,0,0,0,0,0,0,0,0,3.27E-05,0,0,0,0,0.001079984,0,0,0,0,0,1.09E-05,0,1.09E-05,0.011738011,0.000261814,0,0.008563512,0,4.36E-05,0,0,0.223905834,0,0.011803465,0,0,0.000239997,0.00459266,0,0.003730855,0.000141816,0,0,0,0,0,0,0,0,0,0,0,0,0,0,0,0,0,0,0,3.27E-05,0,0,0,0,0,0,1.09E-05,0,0,0,0,0.080453375,0,5.45E-05,0,0,0,0,0,0,0,0,0,0,0,0,0,0,0
J160SS64.03,0,0,0,0,4.50E-05,0,0.000371316,0.00045008,0,0,0,0,0,0,0,0,0,0,0,0.078257739,0,0,0.011364531,7.88E-05,0,0,0,0,3.38E-05,1.13E-05,0.00016878,0,0,0,0,0,0,0,0,0,0,0,3.38E-05,1.13E-05,0,0,0,0,0.00022504,0,0,0,0,0,0,0,0,0.013626186,0,0,2.25E-05,0,0,0,0,0.004703341,0,6.75E-05,0,1.13E-05,0,0.651761502,0,0.107647992,0,0,0,0,0,0,0,0,0,0,0,0,0,0,0,0,0,0,0,0,0,0,0,0,0,0,0,0,0,0,0,0,0.131097184,0,0,0,0,0,0,0,0,0,0,0,0,0,1.13E-05,0,0,0
H160STR9.03,0,0,0,0,0,0,0.000821911,0.001752605,0,0,0,0,0,0,0,0,0,0,0,0.012933014,0,0,0.025575942,0,0,0,0,0,0,0,0,0,0,0,0,0,0,0,0,0,0,0,2.42E-05,0,0,0,0,0,9.67E-05,0,0,0,0,0,0,0,0,0.01472188,0,0,3.63E-05,0,0,0,0,0.005028163,0,0.001293301,0,0,0,0.638093166,0,0.186416709,0,0,0,0,0,0,0,0,0,0,0,0,0,0,0,0,0,0,0,0,0,0,0,0,0,0,0,0,0,0,0,0,0.113206179,0,0,0,0,0,0,0,0,0,0,0,0,0,0,0,0,0
F160SR8K.03,0,0,0,0,0,0,0.001115204,0.006420871,0,0,0,0,0,0,0,0,0,0,0,0.081055051,0,0,0.000658984,0,0,0,0,0,0,0,0,0,0,0,0,0,0,0,0,0,0,0,0,5.07E-05,0,0,0,0,0.004308743,0,0,0,1.69E-05,0,0,0,0,0.057838532,0,0,0.000473117,0,0,0,0,0.126524957,0,3.38E-05,0,0,0,0.309908418,0,0.101804603,0,0,0,0,0,0,0,0,0,0,0,0,0,0,0,0,0,0,0,0,0,0,0,0,0,0,0,0,0,0,0,0,0.309773242,0,0,0,0,0,0,0,0,0,0,0,0,0,0,0,0,1.69E-05
G160SXKS.03,0,0,0,0,1.43E-05,0,0.000842929,0.000914364,0,0,0,0,0,0,0,0,0,0,0,0.115209875,0,0,0.025516473,0,0,0,0,0,0,0,1.43E-05,0,0,0,0,0,0,0,0,0,0,0,1.43E-05,4.29E-05,0,0,0,0,0.00228591,0,0,0,1.43E-05,0,0,0,0,0.020901792,0,0,0.00298597,0,0,0,0,0.006171958,0,1.43E-05,0,0,0,0.596879733,0,0.052061605,0,0,0,0,0,0,0,0,0,0,0,0,0,0,0,0,0,0,0,0,0,0,0,0,0,0,0,0,0,0,0,0,0.176115096,0,0,0,0,0,0,0,0,0,0,0,0,0,0,0,0,0
D160T62Q.03,0,0,0,0.047545819,0.00880737,0,9.79E-05,0.002768031,0,0,0,0,0,0,0,0,0,0,0,0.001230236,0,0,0.229425005,0.001733514,0,0,0,0,0.086298248,1.40E-05,0,0,0,0,0,0,0,0,0,0,0,0,0,0,0,0,0,0,0.000251639,0,0,0,0,1.40E-05,0,0,0,0.00287987,0,0,0.165368861,0,0,0,0,4.19E-05,0,8.39E-05,0,0,0,0.080901987,0,0.356586655,0,0,0,0,0,0,0,0,0,0,0,0,0,0,0,0,0,0,0,0,0,0,0,0,0,0,0,0,0,0,0,0,0.004753184,0,0.011114062,0,0,0,0,0,0,0,8.39E-05,0,0,0,0,0,0,0
J160RC1C.03,0,0,0,0.026420595,0.047895463,0,0.007965224,0,0,0,0,0,0,0,0,0,0,0,0,0.008954369,0,0,2.60E-05,0,0,0,0,0,0,0,0,0,0,0,0,0,0,0,0,0,0,0,0,0,0,0,0,0,0.002420803,0,0,0,5.21E-05,0,0,0,0,0.04544863,5.21E-05,0,0.400369628,0,0,0,0,0,0,0,0,0,0,0.328994976,0,0.112033735,0,0,0,0,0,0,0,0,0,0,0,0,0,0,0,0,0,0,0,0,0,0,0,0,0,0,0,0,0,0,0,0,5.21E-05,0,0.019314366,0,0,0,0,0,0,0,0,0,0,0,0,0,0,0
K160W1WM.03,2.41E-05,0,0,0.001472008,0.0003861,0,0,0,0,0,0,0,0,0,0,0,0,0,0,0,0,0,0.244666988,0.004753861,0,0,0,0,0.029512548,0.017639961,0.137717181,0,0,0,0,0,0,0,0,0,0,0,0,0,0,0,0,0,2.41E-05,0,0,0,0,0,0,0,0,7.24E-05,0,0,0.005236486,0,0.012668919,0,0,0.000120656,0.001544402,0.079005792,0,0.043774131,0.002027027,0.241240347,0,0.087910232,0.000723938,0,0,0,0,0,0,0,0,0,0,0,0,0,0,0,0,0,0,0,0.015033784,0,0,0,0,0,0,0.000989382,0,0,0,0,0.04601834,0,0,0,0,0,0,0.027437259,0,0,0,0,0,0,0,0,0,0
H160SSLP.03,0,0,0,0.000113119,0.000596444,0,0,0,0,0,0,0,0,0,0,0,0,0,0,0,0,0,0.275166336,0.006992791,0,0,0,0,0.035899756,0.011466121,0.010664007,0,0,0,0,0,0,0,0,0,0,0,0,0,0,0,0,0,0,0,0,0,0,0,0.000133686,0,0,0.00038049,0,0,0.000113119,0,0.0056148,0.001367708,3.09E-05,0.002581163,0,0.079409315,0,2.06E-05,0.003660932,0.525446562,0.000411341,0.026387503,0.000493609,0,0,0,0,0,0,0,0,0,0,0,0,0,0,0,0,0,0,0,0,0,0,0,0,0,0,0,0.00207727,0,0,0,0.010910811,0,6.17E-05,0,0,0,0,0,0,0,0,0,0,0,0,0,0,0
G160WX57.03,4.97E-05,0.000434907,0,6.21E-05,0.000372777,0,2.49E-05,0,0,0,0,0,0,0,0,0,0,0,0,0,0,0,0.408352697,0.073312872,0,0,0,0,0.022925805,0.001453832,0.014227668,0,0,0,0,0,0,0,0,0,0,0,0,1.24E-05,0,0,0,0,0.000186389,0,0,0,0,0,7.46E-05,0,3.73E-05,0.000285796,0.001317147,0,0.004199958,0,0.000633721,0,0,0.001143184,0,0.061458553,0.002012998,1.24E-05,0.029300297,0.325919207,0,0.036072418,3.73E-05,0,0,0,0,0,0,0,0,0,0,0,0,0,0,0,0,0,0,0,0.01330815,0,0,0,0,0,0,0,0.000484611,0,0,0,0.002236664,0,0,0,0,0,0,0,0,0,2.49E-05,0,0,0,0,0,0,2.49E-05
K160SYYQ.03,0,0,0,0,0,0,5.63E-05,0.00011254,0,0,0,0,0,0,2.81E-05,0,0,0,0,0.069521425,0,0,0.042061728,5.63E-05,0,0,0,0,9.85E-05,0,1.41E-05,0,0,0,0,0,0,0,0,0,0,0,0,1.41E-05,0,0,0,0,0.000872183,0,0,0,1.41E-05,0,0,0,0,0.016951298,0,0,0.0239991,0,0.020707312,0,0,0.010311454,0,0.00211012,0,0,1.41E-05,0.503376192,0,0.095475902,0,0,0,0,0,0,0,0,0,0,0,0,0,0,0,0,0,0,0,0,0,0,0,0,0,0,0,0,0,0,0,0,0.214205329,0,0,0,0,0,0,0,0,0,0,0,0,0,0,0,0,0
E160VFYX.03,2.69E-05,1.35E-05,0,0.009991517,0.00040397,0,0.000875268,0,0,0,0,0,0,0,0,0,0,0,0,1.35E-05,0,0,0.163998223,0.025436624,0,0,0,0,0.008954661,0.028197083,0.313884438,0,0,0,0,0,0,0,0,0,0,0,0,0,0,0,0,0,0.000242382,0,0,0,0,0,0,0,0,4.04E-05,0,0,0.003797315,0,0.001158046,0.000148122,0,8.08E-05,5.39E-05,0.038202066,0.003474139,0.002760459,0.018811521,0.042726526,0,0.290656181,0.000175054,0.000269313,0,0,0,0,0,0,0,0,0,0,0,0,0,0,0,0,0,0,0,0,0,0,0,0,0,0,0.024655616,0,0,0,0.02095256,0,0,0,0,0,0,0,0,0,0,0,0,0,0,0,0,0
B160SKWS.03,0,0,0,1.12E-05,7.85E-05,0,0,0,0,0,0,0,0,0,0,0,0,0,0,0,0,0,0.000717972,0.000246803,0,0,0,0,0.000908683,5.61E-05,0.000190711,0,0,0,0,0,0,0,0,0,0,0,0,0.013293695,0,0,0,0,0.979459278,0,0,0,0,0,0,0,0,0,0,0,0.000157056,0,0.000123401,0,0,0.000258021,0,0.00145838,0,2.24E-05,0.000224366,0.002030514,0,0.000538479,0,2.24E-05,0,0,0,0,0,0,0,0,0,0,0,0,0,0,0,0,0,0,3.37E-05,0,0,0,0,0,0,1.12E-05,0,0,0,0,0.000157056,0,0,0,0,0,0,0,0,0,0,0,0,0,0,0,0,0
G160T0LS.03,0.00013423,0,0,0,0.010375978,0,0.000416113,0,0,0,0,0,0,0,0.000201345,0,0,0,0,0.01083236,0,0,0.335118592,5.37E-05,0,0,0,0,1.34E-05,0,0,0,0,0,0,0,0,0,0,0,0,0,0,2.68E-05,0,0,0,0,0.001530222,0,0,0,0,0,0,0,0,0.03464476,0,0,0.022483523,0,0.017517014,0,0,0.021020416,0,0.003396019,0,0,4.03E-05,0.273909717,0,0.043060981,0,0,0,0,0,0,0,0,0,0,0,0,0,0,0,0,0,0,0,0,1.34E-05,0,0,0,0,0,0,0,1.34E-05,0,0,0,0.225130539,0,0,6.71E-05,0,0,0,0,0,0,0,0,0,0,0,0,0,0
B160T22J.03,4.11E-05,0,0,0.02854943,0.037275434,0,0.015460425,2.05E-05,0,0,0,0,0,0,0.000246381,0,0,0,0,0.002155836,0,0,0.261390001,0,0,0,0,0,0.015768402,3.08E-05,0,0,0,0,0,0,0,0,0,0,0,0,0,2.05E-05,0,0,0,0,0.001755467,0,0,0,0,0,0,0,0,0.028795812,0,0,0.223457551,0,0,0,0,0,0,0.114156657,0,0,0.000451699,0.009044246,0,0.007206652,0.010840776,0,0,0,0,0,0,0,0,0,0,0,0,0,0,0,0,0,0,0,0.010686788,0,0,0,0,0,0,0,0,0,0,0,0.232491531,0,0.000153988,0,0,0,0,0,0,0,0,0,0,0,0,0,0,0
K160T0PN.03,8.58E-05,0,0,1.72E-05,1.72E-05,0,0.000463416,1.72E-05,0,0,0,0,0,0,5.15E-05,0,0,0,0,0.037279234,0,0,0.273363884,3.43E-05,0,0,0,0,0,8.58E-05,0.000343271,0,0,0,0,0,0,0,0,0,0,0,0,0,0,0,0,0,0.00029178,0,0,0,0,0,0,0,0,0.038291883,0,0,0.110842215,0,0.035940477,0,0,0.014606182,0,0.000686542,0,0.000154472,0,0.352041604,0,0.036747164,0,0,0,0,0,0,0,0,0,0,0,0,0,0,0,0,0,0,0,0,0,0,0,0,0,0,0,0,6.87E-05,0,0,0,0.098570276,0,0,0,0,0,0,0,0,0,0,0,0,0,0,0,0,0
E160S5Q5.03,0,0,0,0.01404796,0.009216178,0,0.00035791,0,0,0,0,0,0,0,0.000536865,0.000626342,0,0,0,0.012526843,0,0,0,0,0,0,0,0,0.0365068,0.002684324,8.95E-05,0,0,0,0,0,0,0,0,0,0,0,0,0.000626342,0,0,0,0,0.01440587,0,0,0,0,0,0,0,0,0.002057981,0,0,0.498747316,0,0,0,0,0.046975662,0,0,0,0,0,0.020132427,0,0.082945598,0,0,0,0,0,0,0,0,0,0,0,0,0,0,0,0,0,0,0,0,0,0,0,0,0,0,0,0,0,0,0,0,0.257247674,0,0.000268432,0,0,0,0,0,0,0,0,0,0,0,0,0,0,0
J160SKQ7.03,0,0,0,0,9.53E-06,0,0.004689913,0,0,0,0,0,0,0,0,0,0,0,0,0,0,0,2.86E-05,0,0,0,0,0,6.67E-05,0,0,0,0,0,0,0,0,0,0,0,0,0,0,0.003860599,0,0,0,0.000314567,0.989686005,0,0,0,0,0,0,0,0.0003241,0,0,0,0,0,1.91E-05,0,0,0,0,7.63E-05,0,0,9.53E-06,1.91E-05,0,0.000114388,0,0,0,0,0,0,0,0,0,0,0,0,0,0,0,0,0,0,0,0,0,0,0,0,0,0,0,0,0,0,0,0,9.53E-06,0,0,0,0.000581473,0,0,0,0,0,0,0.000190647,0,0,0,0,0,0
C160S87T.03,0,0,0,2.33E-05,1.16E-05,0,0.020981951,0,0,0,0,0,0,0,0,0,0,0,0,0,0,0,0.000232745,2.33E-05,0,0,0,0,2.33E-05,0,0.000453853,0,0,0,0,0,0,0,0,0,0,0,0,0.006423759,0,0,0,0,0.692869861,0,0,0,0,0,0,0,0,0,0,0,0.278700353,0,0,0,0,0,0,5.82E-05,0,0,0,3.49E-05,0,5.82E-05,0,0,0,0,0,0,0,0,0,0,0,0,0,0,0,0,0,0,0,0,0,0,0,0,0,0,0,0,0,0,0,0,0.000104735,0,0,0,0,0,0,0,0,0,0,0,0,0,0,0,0,0
A160SZ0L.03,0,0,0,0,0,0,0.026179724,0,0,0,0,0,0,0,0,0,0,0,0,0,0,0,0,3.27E-05,0,0,0,0,0.000163623,0,0,0,0,0,0,0,0,0,0,0,0,0,0,0.007679386,0,0.019994764,0,0,0.369363178,0,0,0,0.000338155,0,0,5.45E-05,0,0.140159696,0,0,0.10805681,0,0,0,0,0,0,0.000229073,0,0,1.09E-05,0.000927199,0,1.09E-05,0,0,0,0,0,0,0,0,0,0,0,0,0,0,0,0,0,0,0,0,0,0,0,0,0,0,0,0,0,0,0,0,0.000807208,0,0.325992102,0,0,0,0,0,0,0,0,0,0,0,0,0,0,0
D160RWCP.03,0,0,0,1.53E-05,1.53E-05,0,1.53E-05,0,0,0,0,0,0,0,0,0.001023917,0,0,0,0,0,0,4.58E-05,0,0,0,0,0,7.64E-05,3.06E-05,0,0,0,0,0,0,0,0,0,0,0,0,0,0,0,0,0,0,0,0,0,0,0,1.53E-05,0,0,0,0,0,0,0.084878123,0,1.53E-05,0,0,0,0,3.06E-05,0,0,1.53E-05,7.64E-05,0,3.06E-05,0,0,0,0,0,0,0,0,0,0,0,0,0,0,0,0,0,0,0,0,0,0,0,0,4.58E-05,0,0,0,0,0,0,0,0.906181707,0,0.007473065,0,1.53E-05,0,0,0,0,0,0,0,0,0,0,0,0,0
C160S3QG.03,0,0,0,0.000233832,0.006213255,0,0.000116916,0,0,0,0,0,0,0,0,0,0,0,0,8.35E-05,0,0,0.075811732,0.010121593,0,6.68E-05,0,0,0.052144575,0.003758017,0.046332175,0.000467664,0,0.005778995,0.00355759,0,0,0,0,0,0,0,0,0,0,0,0,0,0.000150321,0,0,0,0,3.34E-05,0.000300641,0,0,0.000167023,0,0,1.67E-05,0,0.000501069,1.67E-05,0,1.67E-05,0,0.037814003,0,0,5.01E-05,0.650103554,0,0.07325628,0.000300641,0,0,0,0,0,0,0,0,0,0,0,0,0,0,0,0,0,0,0,0.005127606,0,0,0,0,0,0,0.003256948,0,0,0,0,0.02339992,0,0,0,0,0,0,0,0,0,0,0,0,0,0.00080171,0,0,0
A160R6PN.03,0,0,0,0.018987042,0.026294607,0,0.000157831,0,0,0,0,0,0,0,0,0,0,0,0,0.000157831,0,0,0.07585347,0.008649126,0,0,0,0,0.001294212,0.061917013,0.148865986,0.000536625,0,0,0.006297448,0,0,0,0,0,0,0,0,0,0,0,0,0,0.000505058,0,0,0,0,0,0,0,0,0,0.001515175,0,1.58E-05,0,7.89E-05,0,0,0,0,0.000599757,0.014899225,0.004845405,0.000157831,0.244448303,0,0.349074323,0,0,0,0,0,0,0,0,0,0,0,0,0,0,0,0,0,0,0,0,0.003267097,0,0,0,0,0,0,0,0.031455673,0,0,0,0.000126265,0,0,0,0,0,0,0,0,0,0,0,0,0,0,0,0,0
A160SBCP.03,0,0,0,0.000293335,0.011214405,0,0.000406156,0,0,0,0,0,0,0,0,0,0,0,0,2.26E-05,0,0,0.075048513,0.062863848,0,9.03E-05,0,0,0.030326278,0.004918995,0.181664335,0,0,0.000496412,0.000473848,0,0,0,0,0,0,0,0,0,0,0,0,0,0,0,0,0,0,0,0.000203078,0,0,0.000406156,0,0,0,0,0.001579494,0,0,0.000135385,0,0.024391895,0.000180514,0.006160025,0.00166975,0.496795884,0,0.074236202,0.000112821,0,0,0,0,0,0,0,0,0,0,0,0,0,0,0,0,0,0,0,0.002933345,0,0,0,0,0,0,0.001173338,0.010199016,0,0,0,0.00952209,0,0,0,0,0,0,0,0,0,0,0,0,0,0.002482061,0,0,0
A160RSFM.03,0,0,0,0,0.000214124,0,4.28E-05,0,0,0,0,0,0,0,0,0,0,0,0,0,0,0,0.270566571,0.033231981,0,2.14E-05,0,0,0.022397328,0.000192711,0,0.057684896,0,0,2.14E-05,0,0,0,0,0,0,0,0,2.14E-05,0,0,0,0,8.56E-05,0,0,0,0,0,0,0,0,0.001199092,0,0.002912081,0.033167744,0.000235536,0.081923686,0.019613721,0.000299773,0.006423708,0.004882018,0.282685966,0,0.003661513,0.081623913,0.033531755,6.42E-05,0.016573166,0.001584515,0,0,0,0,0,0.004111173,0,0,0,0,0,0,0,0,0,0,0,0,0,0.004068348,0,0,0,0,0,0,0,0.000278361,0,0,0,0.036529485,0,0,0,0,0,0,0,0,0,0,0,0,0,0.000149887,0,0,0
G160RPX1.03,0,0,0,0,0.000235977,0,0,0.009039753,0,0,0,0,0,0,0,0,0,0,0,3.63E-05,0,0,0.002323471,0.003231076,0,0,0,0,0,0,0,0,0,0,0,0,0,0,0,0,0,0,1.82E-05,0,0,0,0,0,0.00059902,0,0,0,0,0,0,0,0,0.126211654,0.000181521,0,0.002613905,0,0,0,0,0.132909784,0,0,0,0.043129425,0,0.302740969,0,0.020584498,0,0,0,0,0,0,0,0,0,0,0,0,0,0,0,0,0,0,0,0,0,0,1.82E-05,0,0,0,0,0,7.26E-05,0,0,0,0.355981122,0,7.26E-05,0,0,0,0,0,0,0,0,0,0,0,0,0,0,0
C160RSVH.03,0,0,0,0,0.128334936,0,0,0,0,0,0,0,0,0,0,0,0,0,0,0,0,0,0.000255378,0.000736089,0,0,0,0,0,0,0,0,0,0,0,0,0,0,0,0,0,0,0,0,0,0,0,0,0.000120178,0,0,0,0,0,0,0,0,0.167437808,0.000165245,0,0.000495734,0,0.000555823,0,0,0.157372912,0,0,0,0.030465088,0,0.266404278,0,0.026003485,0,1.50E-05,0,0,0,0,0,0,0,0,0,0,0,0,0,0,0,0,0,0,0,0,3.00E-05,0,7.51E-05,0,0,0,0.000330489,0,0,0,0.22120238,0,0,0,0,0,0,0,0,0,0,0,0,0,0,0,0,0
B160S0Q8.03,6.98E-05,0,0,1.74E-05,0.015319654,0,0.000331519,0,0,0,0,0,0,0,0.00031407,0,0,0,0,0.001919319,0,0,0.030656756,0.003611809,0,0,0,0,6.98E-05,1.74E-05,6.98E-05,1.74E-05,0,0,0,0,0,0,0,0,0,0,0,0.000331519,0,0,0,0,0.00434464,0,0,0,0,3.49E-05,0.001552903,0,0,0.018425461,8.72E-05,0,0.013382887,0,0.030586963,0,0,0.009509352,0.038334031,0.179072446,0,0.002477666,0.017727527,0.084153406,0,0.257851759,0,0.033169319,0,0,0,0,0,0,0,0,0,0,0,0,0,0,0,0,0,0,1.74E-05,0,0,0,0.000174484,0,0,0,0.001012004,0,0,0,0.255321748,0,0,1.74E-05,0,0,0,0,0,0,0,0,0,0,0,0,0,0
G160SB0G.03,0,0,0,0,0.000190273,0,0.000380546,0,0,0,0,0,0,0,0,0,0,0,0,9.51E-05,0,0,5.71E-05,0,0,0,0,0,0,0,0,0,0,0,0,0,0,0,0,0,0,0,0,1.90E-05,0,0,0,0,0.000875257,0,0,0,0,0,0,0,0,0.028826395,0,0,0.00049471,0,0.092415709,0,0,0.056244767,0,0.115134333,0,0,0,0.47064084,0,0.102614354,0,0,0,0,0,0,0,0,0,0,0,0,0,0,0,0,0,0,0,0,0,0,0,0,0,0,0,0,0,0,0,0,0.132011569,0,0,0,0,0,0,0,0,0,0,0,0,0,0,0,0,0
H160TYZ2.03,2.22E-05,0,0,0.004515526,0.000266928,0,0,0,0,0,0,0,0,0,0,0,0,0,0,2.22E-05,0,0,0.086328855,0.011277694,0,0,0,0,0.06339532,0.000266928,0.133041196,0,0,0,0,0,0,0,0,0,0,0,0,0,0,0,0,0,0.000289172,0,0,0,0,0,0.000244684,0,0,0.000400391,0,0,0.021331969,0,0.010743838,0,0,0.016349319,0,0.03040751,0,0.049270398,0.002469081,0.275513836,0.014236142,0.193055432,0.000667319,0,0,0,0,0,0,0,0,0,0,0,0,0,0,0,0,0,0,0,0.00638402,0,0,0,0,0,0,0.005138358,0,0,0,0,0.074361598,0,0,0,0,0,0,0,0,0,0,0,0,0,0,0,0,0
G160SBM1.03,0,0,0,0,0.00265677,0,0.000405614,0.012513182,0,0,0,0,0,0,0,0,0,0,0,0.000466456,0,0,0,0,0,0,0,0,0,0,0,0,0,0,0,0,0,0,0,0,0,0,0,4.06E-05,0,0,0,0,0.000324491,0,0,0,0,0,0,0,0,0.037133934,0,0,0.007889186,0,0.030603553,0,0,0.065425489,0,0.074470674,0,0,0,0.255009329,0,0.40758092,0,0,0,0,0,0,0,0,0,0,0,0,0,0,0,0,0,0,0,0,0,0,0,0,0,0,0,0,0,0,0,0,0.105418999,0,0,0,6.08E-05,0,0,0,0,0,0,0,0,0,0,0,0,0
D160V0SJ.03,0,0,0,0.003352753,0.002439875,0,0.000215771,0,0,0,0,0.000780096,0,0.000132782,0.000481336,0,0,0,0,0.000813292,0,0,0.000514531,0.028597985,0,0,0,0,0.007634981,0.000547727,0.001975137,0,0,0,0,0,0,0,0,0,0,0,0,1.66E-05,0,0,0,0,0.000132782,0,0,0,0,3.32E-05,3.32E-05,0.001228236,0.00044814,0.010506398,0.000381749,0,0.032896812,0,0.027319956,0,0,0.100582582,0,0.557337051,0,0.000282162,0.025842753,0.098458066,1.66E-05,0.022324022,0.003817491,0,0,0,0,0,0,0,0,0,0,0,0,0,0,0,0,0,0,0,0.049544391,0,0,0,0.000165978,0,0,0,0.001244834,0,0,0,0.006854886,0,0.01304586,0,0,0,0,0,0,0,0,0,0,0,0,0,0,0
J160SQ7G.03,4.02E-05,0,0,0.005142628,0.00174769,0,0,0,0,0,0,0,0,0,0,0,0,0,0,0.000200884,0,0,0.107814383,0.02032945,0,0,0,0,0.000140619,0.001727601,0.02531137,0,0,0,0,0,0,0,0,0,0,0,0,2.01E-05,0,0,0.000482121,0,0,0,0,0,0,2.01E-05,0.00012053,0,4.02E-05,0.005885898,0,0,0.005202893,0,0.032804339,0,0,0.046042587,0,0.345218963,0,2.01E-05,0.006669345,0.212153475,2.01E-05,0.049176376,0.002611491,0.009642427,0,0,0,0,0,0,0,0,0,0,0,0,0,0,0,0,0,0,2.01E-05,0,0,0,0,0,0,0,4.02E-05,0,0,0,0.121293692,0,0,0,6.03E-05,0,0,0,0,0,0,0,0,0,0,0,0,0
A160S7N7.03,0,0,0,0,0.010805971,0,0.000650075,0,0,0,0,0,0,0,0,0,0,0,0,0.000441561,0,0,4.91E-05,0,0,0,0,0,6.13E-05,0,1.23E-05,0,0,0,0,0,0,0,0,0,0,0,0,4.91E-05,0,0,0,0,0.002330459,0,0,0,0,0,0,0,0,0.03824406,1.23E-05,0,1.23E-05,0,0.020630696,0,0,0.001888898,0,0.007751843,0,1.23E-05,4.91E-05,0.411092985,0,0.065510432,0,0,0,0,0,0,0,0,0,0,0,0,0,0,0,0,0,0,0,0,0,0,0,0,0,0,0,0,0,0,0,0,0.440383177,0,1.23E-05,0,0,0,0,0,0,0,0,0,0,0,0,0,0,0
J160R98M.03,1.41E-05,0,0,0,1.41E-05,0,0.000969918,4.22E-05,0,0,0,0,0,0,0,0,0,0,0,0,0,0,0.15726736,0.00223503,0,0,0,0,0,0,1.41E-05,0,0,0,0,0,0,0,0,0,0,0,0,9.84E-05,0,0,0,0,0.000140568,0,0,0,0,0,0.004737138,0,0,0.014014619,1.41E-05,0,0.060500422,0,0.005931965,0,0,0.012805735,0,0.095276919,0,4.22E-05,0.012693281,0.144053978,0,0.367191453,8.43E-05,0,0,0,0,0,0,0,0,0,0,0,0,0,0,0,0,0,0,0,0,0,0,0,0,0,0,0,2.81E-05,0,0,0,0.12180208,0,0,2.81E-05,0,0,0,0,0,0,0,0,0,0,0,0,0,0
D160TYKK.03,1.71E-05,0,0,0.000102647,0.000393479,0,0.00015397,0,0,0,0,0,0,0,0,0,0,0,0,0,0,0,0.352967341,0.022941509,0,1.71E-05,0,0,0.078096933,0.008451234,0.001419944,0.002959643,0,0,0,0,0,0,0,0,0,0,0,5.13E-05,0,0,0,0,8.55E-05,0,0,0,0,0,0.002412194,0,0,0.001847638,0,0,0.000513233,0,0.008810497,0,0,0.001488375,0,0.226301473,3.42E-05,0.001214651,0.0057311,0.269002446,5.13E-05,0.008314372,0.000393479,0,0,0,0,0,0,0,0,0,0,0,0,0,0,0,0,0,0,0,0,0,0,0,0,0,0,0,0.000342155,0,0,0,0.005816639,0,6.84E-05,0,0,0,0,0,0,0,0,0,0,0,0,0,0,0
K160SL0Y.03,0,0,0,0.008021717,0.011620814,0,3.05E-05,0,0,0,0,0,0,0,1.53E-05,0,0,0,0,0.001662295,0,0,0,0.003309339,0,0,0,0,1.53E-05,0.02815226,0.145214421,0,0,0,0,0,0,0,0,0,0,0,0,0,0,0,0,0,0,0,0,0,0,0,0.004209114,0,0,0.008402977,0,0,0.000442262,0,0.011559812,0,0,0.043311169,0,0.036158726,0.009257,0,0.006725432,0.182410175,0,0.360443482,0,0,0,0,0,0,0,0,0,0,0,0,0,0,0,0,0,0,0,0,0.008418227,0,0,0,0,0,0,0,0,0,0,0,0.130619777,0,0,0,0,0,0,0,0,0,0,0,0,0,0,0,0,0
B160W0P2.03,0,0,0,1.33E-05,0.00160111,0,0,0,0,0,0,0,0,0,1.33E-05,0,0,0,0,0,0,0,0.150664461,0.023202754,0,0,0,0,0.054331003,0.000146768,0.004616534,0,0,0,0,0,0,0,0,0,0,0,0,0,0,0,0,0,0,0,0,0,0,1.33E-05,0,0,6.67E-05,0.00309548,0.000160111,0,0.012115066,0,0.010794151,0.000200139,1.33E-05,0.013489353,0,0.24767839,0,0.024830549,0.078734589,0.279073491,0,0.055731974,0.00124086,0,0,0,0,0,0,0,0,0,0,0,0,0,0,0,0,0,0,0,0.006431126,0,0,0,0,0,0,0,0,0,0,0,0.031221647,0,0.000146768,0,0,0,0,0,0,1.33E-05,6.67E-05,0,0,0,0.000293537,0,0,0
A160SN7K.03,0,0,0,0.03356778,0.023957948,0,0.000118457,0,0,0,0,0,0,0,0,0,0,0,0,2.96E-05,0,0,0.004827127,0.03356778,0,2.96E-05,0,0,0.011964167,0.056977863,0.173702525,0.001421485,0,0,0,0,0,0,0,0,0,0,0,5.92E-05,0,0,0,0,0.00294662,0,0,0,0,0,7.40E-05,0,0,0.003790627,0.00072555,0,0.009595025,0,0.00682609,0,0,0.001495521,0,0.013874287,0,0.103546309,0.000162879,0.204856741,0,0.295402384,0,1.48E-05,0,0,0,0,0,0,0,0,0,0,0,0,0,0,0,0,0,0,0,0,0,0,0,0,0,0,0.013311616,0,0,0,0.002102613,0,0,0,0,0,0,0,0,0,0,0,0,0,0.001051307,0,0,0
C160S2LD.03,0,0,0,0.002415904,0,0,4.60E-05,0,0,0,0,0,0,0,0,0,0,0,0,2.30E-05,0,0,0.340527357,0.007040633,0,0,0,0,0,0,0.063227647,0,0,0,0,0,0,0,0,0,0,0,0,4.60E-05,0,0,0,0,0,0,0,0,0,0,0.002323869,0,0,0.001863697,0.000138052,0,0.025447517,0,0.022709493,0,0,0.003773411,0.003382265,0.192374948,0,2.30E-05,0.028507662,0.168515025,0,0.072661175,0.001334499,0.000713267,0,0,0,0,0,0,0,0,0,0,0,0,0,0,0,0,0,0,0,0,0,0,0,0,0,0,0,0,0,0,0.062905527,0,0,0,0,0,0,0,0,0,0,0,0,0,0,0,0,0
J160RNZJ.03,0,4.66E-05,0,0.000295426,0.001243897,0,0,0,0,0,0,0,0,0,0,0,0,0,0,0,0,0,0.452327643,0.011272818,0,0,0,0,0,0.001103959,0.246089498,0,0,0,0,0,0,0,0,0,0,0,0,0,0,0,0,0,0,0,0,0,0,0,0,0,0,0.000792984,1.55E-05,0,0.006701496,0,0.00169481,0,0,0.008567341,0,0.012501166,0.003731691,4.66E-05,0.002425599,0.112790372,0.000435364,0.122990329,0,1.55E-05,0,0,0,0,0,0,0,0,0,0,0,0,0,0,0,0,0,0,0,0,0,0,0,0,0,0.000404267,0.000621949,0,0,0,0.013822807,0,3.11E-05,0,0,0,0,0,0,0,0,0,0,0,3.11E-05,0,0,0
D160QKFQ.03,0,0,0,0.000279075,0.00055815,0,1.86E-05,0,0,0,0,0,0,0,0,0,0,0,0,3.72E-05,0,0,0.138625835,0.00293959,0,0,0,0,0.063089546,0.000353495,0.083536438,0.012056038,0,0,0,0,0,0,0,0.00018605,0,0,0,0,0,0,0,0,5.58E-05,0,0,0,0,0,0,0,0,0,0,0,0.0007442,0,0.005004744,0.00011163,0.000316285,0.00018605,0.00215818,0.091201697,0,0.013507228,0.015814248,0.41317978,0.000167445,0.076596774,0.000167445,0,0,0,0,0,0.00107909,0,0,0,0,0,0,0,0,0,0,0,0,0,0.032484325,0,0,0,0,0,0,0,0,0,0,0,0.045545033,0,0,0,0,0,0,0,0,0,0,0,0,0,0,0,0,0
A160SDQ1.03,0,0,0,0.000734047,0.001239723,0,1.63E-05,0,0,0,0,0,0,0,0,0,0,0,0,0,0,0,0.39731502,0.032722171,0,0,0,0,0.155927835,0,0.047957719,0,0,0,0,0,0,0,0,0,0,0,0,0,0,0,0,0,1.63E-05,0,0,0,0,0,0,0,1.63E-05,0,0,0,0.004534778,0,0.011695811,0,0,0.003295054,0,0.142551873,0,0.001419157,0.004355344,0.144248336,0.000440428,0.037371134,0.000179434,0,0,0,0,0,0,0,0,0,0,0,0,0,0,0,0,0,0,0,0,0,0,0,0,0,0,0.00114185,0.001174475,0,0,0,0.011597938,0,4.89E-05,0,0,0,0,0,0,0,0,0,0,0,0,0,0,0
D160TYJN.03,0,0,0,0.003599439,0.002311219,0,0,0,0,0,0,0,0,0,0,0,0,0,0,0,0,0,0.400522866,0.117891107,0,0,0,0,0,0,0,0,0,0,0,0,0,0,0,0,0,0,3.79E-05,5.68E-05,0,0.000966165,0.000303111,0,3.79E-05,0,0,0,0,0,0.003106884,0,1.89E-05,0.00373205,0,0,0.005247604,0,0.023491077,0,0,0.013886258,0,0.19938999,0,0,0.016652143,0.096692305,0,0.071685674,0.000132611,0.00128822,0,0,0,0,0,0,0,0,0,0,0,0,0,0,0,0,0,0,0,0,0,0,0,0,0,0,0,0,0,0,0.038949722,0,0,0,0,0,0,0,0,0,0,0,0,0,0,0,0,0
G160VXQV.03,0.000484135,0,0,0.013071652,0.000335171,0,3.72E-05,0,0,0,0,0,0,0,0,0,0,0,0,1.86E-05,0,0,0.127253091,0.040257709,0,0.000223447,0,0,0.064669298,0.113064204,0.067089975,0.01299717,0,0.003146879,0.005176523,0,0,0,0,0,0,0,1.86E-05,0,0,0,0,0,0.000186206,0,0,0,0,0,3.72E-05,0,0,0.00223447,0,0,0.000204826,0,0.105094593,0,5.59E-05,0.000279309,0,0.166225979,0,3.72E-05,0.030705348,0.088261582,0.000763444,5.59E-05,0.000391032,0.000446894,0,0,0,0,0.000744823,0,0,0,0,0,0,0,0,0,0,0,0,0,0.038730821,0,0,0,0,0,0,0.017093699,1.86E-05,0,0,0,0.10025324,0,0,0,0,0,0,0,0,0,0,0,0,0,0.000335171,0,0,0
G160RCNR.03,0,0,0,0,0.012972307,0,0,0,0,0,0,0,0,0,0,0,0,0,0,1.99E-05,0,0,0.000158926,1.99E-05,0,0,0,0,0.117446065,0,0.030493861,0,0,0,0,0,0,0,0,0,0,0,1.99E-05,0,0,0,0,0,0.000794628,0,0,0,0,3.97E-05,0,0,0,0.015475386,0,0,0.001589257,0,1.99E-05,0,0,0.001509794,0,0.000774763,0,0,0,0.564126505,0,0.000178791,0,0.000496643,0.000953554,0,0,0,0,0,0,0,0,0,0,0,0,0,0,0,0,0,0,0,0,0,0.000715165,0,0,0,0.000437046,0,0,0,0.222634987,0,0.029103262,0,0,0,0,0,0,0,0,0,1.99E-05,0,0,0,0,0
C160T47T.03,0,0,0,0.000336873,0.012774214,0,9.43E-05,0,0,0,0,0,0,0,2.69E-05,0,0,0,0,1.35E-05,0,0,0.054694659,0.002533283,0,1.35E-05,0,0,0.0148763,0.018447151,0.062038484,0.003126179,0,0,0,0,0,0,0,0,0,0,0,0,0,0,0,0,2.69E-05,0,0,0,0,0,0,0,0,0.001091468,0,0,0.000902819,0,1.35E-05,0,0,0.000997143,4.04E-05,0.13728238,0.007222552,0.001091468,0.018501051,0.399611923,0.010982051,0.224478521,0.001131892,0.000485097,0.000107799,0,0,0,0,0,0,0,0,0,0,0,0,0,0,0,0,0,0,0,0,0,0,0,0,0.000269498,0.0112246,0,0,0,0.013757883,0,0,0,0,0,0,0,0,0,0,0,0,0,0.001805638,0,0,0
K160WBCN.03,0,0,0,0,0.013632543,0,0,0,0,0,0,0,0,0,0,0,0,0,0,0,0,0,0.302608335,0.03038388,0,0,0,0,0.02304984,0.013632543,4.87E-05,0.000730967,0,0,0,0,0,0,0,0,0,0,0,0.000572591,0,0,0,0,4.87E-05,0,0,0,0,7.31E-05,0.001705591,0,0,0.194364241,0,0,0.023147302,0,0.002777676,0,0,0.002850773,0,0.215671942,0,0.003179708,0.007163481,0.120694906,0,0.026436656,0.001827419,0,0,0,0,0,0,0,0,0,0,0,0,0,0,0,0,0,0,0,0,0,0,0,0,0,4.87E-05,0,0,0,0,0,0.015252854,0,0,0,6.09E-05,0,0,0,0,3.65E-05,0,0,0,0,0,0,0,0
D160S11V.03,0,0,0,0,0.006026718,0,0.000717984,0,0,0,0,0,0,0,0,0,0,0,0,0.000130543,0,0,0.00630956,0.00052217,0,0,0,0,0.018993952,0.001414212,0.013772247,0,4.35E-05,0,0,0,0,0,0,0,0,0,0,2.18E-05,0,0,0,0,0.001087855,0,0,0,0,0,0,0,0,0.0079631,0,0,0.120164484,0,0.000435142,0.002306253,0,0.000217571,0,0.01013881,0.000261085,0.034463252,0.000108786,0.062029503,0,0.184304425,2.18E-05,0.002958966,0,0,0,0,0,0,0,0,0,0,0,0,0,0,0,0,0,0,0.023824029,0,0,0,0,0,0,0,0.0078108,0,0,0,0.493864497,0,6.53E-05,0,2.18E-05,0,0,0,0,0,0,0,0,0,0,0,0,0
H160RYFW.03,0,0,0,0.000532746,0.002752522,0,0,0,0,0,0,0,0,0,0,0,0,0,0,0,0,0,0.10097315,0.006552777,0,0,0,0,0,0.003231993,0.254173178,0,0,0,0,0,0,0,0,0,0,0,0,0,0,0,0,0,0,0,0,0,0,0,0,0,0,0.000301889,5.33E-05,0,0.054109248,1.78E-05,0.000213098,0,0,0.00207771,0,0.001811337,0.003480608,5.33E-05,0.000301889,0.317126012,0.000745845,0.239131979,0,7.10E-05,0,0,0,0,0,0,0,0,0,0,0,0,0,0,0,0,0,0,0,0,0,0,0,0,0,0.000514988,0.005061088,0,0,0,0.006694843,0,1.78E-05,0,0,0,0,0,0,0,0,0,0,0,0,0,0,0
E160VB8G.03,0,0,0,0.001875728,0.001940408,0,6.47E-05,0,0,0,0,0,0,0,0,0,0,0,0,0,0,0,0.228752533,0.130136691,0,0,0,0,2.16E-05,0,0.000150921,0,0,0,0,0,0,0,0,0,0,0,0,8.62E-05,0,0,0,0,0,0,0,0,0,0,0.005756543,0,4.31E-05,0.021754129,6.47E-05,0,0.006963908,0,0.018843517,2.16E-05,0,0.00726575,0.000797723,0.224612996,0,0,0.038894399,0.21810185,0,0.064766504,0.000776163,0,0,0,0,0,0,0,0,0,0,0,0,0,0,0,0,0,0,0,0,0,0,0,0,0,0,0,0,0,0,0,0.028222155,0,2.16E-05,0,6.47E-05,0,0,0,0,0,0,0,0,0,0,0,0,0
D160S6CH.03,0,0,0,0,0.056726209,0,0.003290242,0,0,0,0,0,0,1.02E-05,0,0,0,0,0,0.001553725,0,0,0,0,0,0,0,0,0,1.02E-05,0,0,0,0,0,0,0,0,0,0,0,0,2.03E-05,0.000111706,0,0,0,0,0.022534096,0,0,0,4.06E-05,0,0,0,0,0.069653611,0,0,0,0,0,0,0,0.000406203,0,0.006844516,0,0,0,0.502330588,0,0.083423883,0,0,0,0,0,0,0,0,0,0,0,0,0,0,0,0,0,0,0,0,0,0,0,0,0,0,0,0,0,0,0,0,0.253043982,0,0,0,0,0,0,0,0,0,0,0,0,0,0,0,0,0
J160SFH6.03,1.89E-05,0,0,0.039808526,0.014474107,0,1.89E-05,0,0,0,0,0,0,0,0,0,0,0,0,0.004030046,0,0,0.018996083,0.002308289,0,0,0,0,0.017387849,0.038446257,0.077725011,0,0,0,0,0,0,0,0,0,0,0,0,0,0,0,0,0,5.68E-05,0,0,0,0,0,0,0,0,0.000340567,0,0,0.001532553,0,0.016612113,0.002194767,0,3.78E-05,0.002705617,0.068113447,0,5.68E-05,0.011465764,0.148714359,0,0.353395266,0,0.061604828,0,0,0,0,0,0,0,0,0,0,0,0,0,0,0,0,0,0,0,0,0,0,0,0,0,0,0.108905833,0,0,0,0.011049515,0,0,0,0,0,0,0,0,0,0,0,0,0,0,0,0,0
G160W7ZJ.03,0,0,0,0,0,0,0,2.18E-05,0,0,0,0,0,0,0,0,0,0,0,0,0,0,0.128220765,0.02221593,0,0.000108902,0,0,0.025918585,0.002940344,0.047938492,0.005249058,0,0,0,0,0,0,0,0,0,0,0,0,0,0,0,0,2.18E-05,0,0,0,0,0,0,0,0,0.000108902,0.000936554,0.001045456,0.009321979,8.71E-05,0.003811557,0.000196023,2.18E-05,0.0013286,0.000566288,0.127349552,0.002591859,0.034064426,0.032147758,0.394093176,0.001176137,0.142247294,0.000392046,0,0,0,0,0,0,0,0,0,0,0,0,0,0,0,0,0,0,0,0.005292619,0,0,0,0,0,0,0,0.000762311,0,0,0,0.009822926,0,0,0,0,0,0,0,0,0,0,0,0,0,0,0,0,0
F160RFRC.03,0,0,0,0,0.003301967,0,0,0,0,0,0,0,0,0,1.71E-05,0,0,0,0,0.000136869,0,0,0.001847733,3.42E-05,0,0,0,0,0.173823781,0,0.000290847,0,0,0,0,1.71E-05,0,0,0,0,0,0,1.71E-05,0,0,0,0,0,0.00011976,0,0,0,0,0,0,0,0,0.001899059,0,0,0.04641574,0,0,0,0,6.84E-05,0,0.000290847,0,0,0,0.237964072,0,0.00011976,0,8.55E-05,0.000153978,0,0,0,0,0,0,0,0,0,0,0,0,0,0,0,0,0,0,0,0,0,0,0,0,0,0,0,0,0,0.533053892,0,0.000342173,0,0,0,0,0,0,0,0,0,0,0,0,0,0,0
E160TYHR.03,0,0,0,0.01574843,0.005266356,0,0,0,0,0,0,0,0,0,1.69E-05,0,0,0,0,0.000118155,0,0,0.186854365,0.039598947,0,0,0,0,0,0.000354466,0.025724124,0,0,0,0,0,0,0,0,0,0,0,1.69E-05,0.000101276,0,0.000236311,0,0,0,0,0,0,0,0,0.003629059,0,0,0.019023023,0,0,0.004084802,0,0.018060901,0,0,0.000624536,0.000185673,0.148133144,0,0,0.03176693,0.227077848,0,0.23658092,0.000624536,0,0,0,0,0,0,0,0,0,0,0,0,0,0,0,0,0,0,0,0,0,0,0,0,0,0,0,3.38E-05,0,0,0,0.036138681,0,0,0,0,0,0,0,0,0,0,0,0,0,0,0,0,0
A160VK4K.03,0,0,0,0.003148308,0.000959356,0,0,0,0,0,0,0,0,0,0,0,0,0,0,0,0,0,0.246230137,0.11433899,0,0,0,0,0,0,1.35E-05,0,0,0,0,0,0,0,0,0,0,0,0,2.70E-05,0,0,0.000121608,0,0,0,0,0,0,1.35E-05,0.001878175,0,2.70E-05,0.002324073,0,0,0.0011215,0,0.029172522,0,0,0.017916982,0.000229705,0.23782564,0,0,0.019389796,0.140457788,0,0.168873635,5.40E-05,0,0,0,0,0,0,0,0,0,0,0,0,0,0,0,0,0,0,0,0,0,0,0,0,0,0,0,0,0,0,0,0.01586315,0,1.35E-05,0,0,0,0,0,0,0,0,0,0,0,0,0,0,0
F160T3L1.03,2.73E-05,0,0,0.028812887,0.005428911,0,2.73E-05,0,0,0,0,0,0,0,0,0,0,0,0,0.001066637,0,0,0.104803971,0.001558932,0,0,0,0,0,0.10748424,0.072982619,0,0,0,0,0,0,0,0,0,0,0,0,6.84E-05,0,0,0,0,9.57E-05,0,0,0,0,0,0.002283698,0,0,0.005839157,0.00299479,0,0.003186238,0,0.012252656,0,0,0.009982633,0,0.118013866,0.017271322,0.007753634,0.009695461,0.115128475,0.012840674,0.322644167,0.000191448,0,0,0,0,0,0,0,0,0,0,0,0,0,0,0,0,0,0,0,0,0,0,0,0,0,0,0,0,0,0,0,0.037564785,0,0,0,0,0,0,0,0,0,0,0,0,0,0,0,0,0
B160VK3L.03,1.72E-05,0,0,0.00125836,0.000310281,0,0,0,0,0,0,0,0,0,0,0,0,0,0,0.000310281,0,0,0.197493622,0.086792388,0,0,0,0,0.056471075,0.000275805,0.006119424,0,0,0,0,0,0,0,0,0,0,0,0,3.45E-05,0,0,0,0,0.000206854,0,0,0,0,0,0.001396263,0,0,0.001344549,0,0,0.003068331,0,0.003516514,0,0,0.001206647,3.45E-05,0.173636489,0,0,0.01017031,0.275322347,0,0.153933669,0,0,0,0,0,0,0,0,0,0,0,0,0,0,0,0,0,0,0,0,0,0,0,0,0,0,0,0.004930014,0,0,0,0,0.022116114,0,1.72E-05,0,0,0,0,0,0,0,0,0,0,0,0,0,0,1.72E-05
H160S1W0.03,1.98E-05,0,0,0.007144554,0.00195931,0,0,0,0,0,0,0,0,0,0,0,0,0,0,0.000237492,0,0,0.229239234,0.000811431,0,0,0,0,0.060085497,0.021888854,0.063153103,0,0,0,0,0,0,0,0,0,0,0,0,0,0,1.98E-05,0,0,0,0,0,0,0,0,0,0,0,0.001405161,0,0,0.047300507,0,0.006867479,7.92E-05,0,0.001128087,0,0.076927644,0,0,0.007955985,0.126899937,0,0.308343889,0.001484326,0,0,0,0,0,0,0,0,0,0,0,0,0,0,0,0,0,0,0,1.98E-05,0,0,0,0,0,0,0,0,0,0,0,0.03694981,0,7.92E-05,0,0,0,0,0,0,0,0,0,0,0,0,0,0,0
H160QX1C.03,0,0,0,0,0.000112216,0,8.42E-05,0,0,0,0,0,0,0,0,0,0,0,0,0.000911756,0,0,0.231067035,0,0,0,0,0,0,0,1.40E-05,0,0,0,0,0,0,0,0,0,0,0,1.40E-05,0.000238459,0,4.21E-05,0,0,0.001500891,0,0,0,0,0,0.012540152,0,0,0.016327447,0,0,0.003422592,0,0.00065927,0,0,0.074988428,0,0.005470536,0,0,0,0.336774628,0,0.004348375,0,0,0,0,0,0,0,0,0,0,0,0,0,0,0,0,0,0,0,0,0,0,0,0,0,0,0,0,0.002047944,0,0,0,0.309435974,0,0,0,0,0,0,0,0,0,0,0,0,0,0,0,0,0
J160VB7K.03,0,0,0,0.004076117,0.00157285,0,0,0,0,0,0,0,0,0,0,0,0,0,0,0,0,0,0.107319288,0.011353315,0,0,0,0,0.051206221,0.000409827,0.10106112,0,0,0,0,0,0,0,0,0,0,0,0,1.11E-05,0,0,0,0,0,0,0,0,0,0,0.006158481,0,0,0.063600718,0,0,0.01087703,0,0.004629937,0,0,0.000254757,0.000409827,0.122172748,0,0,0.020602113,0.23823132,0,0.210617842,0,0,0,0,0,0,0,0,0,0,0,0,0,0,0,0,0,0,0,0,0,0,0,0,0,0,0,0,0,0,0,0,0.045402184,0,3.32E-05,0,0,0,0,0,0,0,0,0,0,0,0,0,0,0
A160W21B.03,0,0,0,0,0,0,0.000205727,0,0,0,0,0,0,0,0,0,0,0,0,0,0,0,0.119938656,0.018665021,0,0,0,0,0.129476893,0,0,0,0,0,0,0,0,0,0,0,0,0,0,5.61E-05,0,0,0,0,0.000149619,0,0,0,0,0,0.000224429,0,0,0.014943238,5.61E-05,0,0.000785502,1.87E-05,0.014587892,0.002132077,0,0.000486263,0,0.257307973,0,0.006003479,0.010267632,0.275374516,0,0.000374049,0.000149619,1.87E-05,0,0,0,0,0,0,0,0,0,0,0,0,0,0,0,1.87E-05,0,0,0,0,0,0,0.001196955,0,0,0,0,0,0,0,0.146496101,0,0.001066038,0,0,0,0,0,0,0,0,0,0,0,0,0,0,0
J160W5M9.03,0,0,0,0.002021046,0.000191943,0,0,0,0,0,0,0,0,0,0,0,0,0,0,0,0,0,0.08605817,0.031941559,0,0,0,0,0.18772017,9.03E-05,0.000270978,0,0,0,0,0,0,0,0,0,0,0,2.26E-05,0.000101617,0,0,0,0,0,0,0,0,0,0,0.000485503,0,0,0.016303857,0,0,0.000112908,0,0.028226899,0,0,1.13E-05,6.77E-05,0.126061331,0,0,0.00505826,0.326223918,0,0.001366182,0.000575829,0.000180652,0,0,0,0,0,0,0,0,0,0,0,0,0,0,0,0,0,0,0,0,0,0,0,0,0,0.008084184,0,0,0,0,0.178823051,0,0,0,0,0,0,0,0,0,0,0,0,0,0,0,0,0
J160X7YH.03,0,0,0,0.000601383,0.003274197,0,0,0,0,0,0,0,0,0,0,0,0,0,0,0,0,0,0.088754135,0.068073235,0,0,0,0,0.164912632,0.013881928,0.012111189,0,0,0,0,0,0,0,0,0,0,0,1.67E-05,3.34E-05,0,0,0,0,0,0,0,0,0,6.68E-05,8.35E-05,0,1.67E-05,0.024573185,1.67E-05,0,0.011158999,3.34E-05,0.016888844,0,0,0.000116936,0,0.267281414,0,0.000968895,0.032057065,0.208412683,0.000300692,0.025124453,0.001052421,0.003173967,0,0,0,0,0,0,0,0,0,0,0,0,0,0,0,0,0,0,0,0,0,0,0,0,0,0.001135946,6.68E-05,0,0.000584678,0,0.051819184,0,0.000684909,0,0.000200461,0,0,0,0,0,0,0,0,0,0.002522468,0,0,0
J160S01G.03,0,0,0,0.01145855,0.011295069,0,0.000341824,0,0,0,0,0,0,0,0,0,0,0,0,0,0,0,0.029664418,0.020791844,0,4.46E-05,0,0,0.024804566,0.077296912,0.208408881,0,0,0,0,0,0,0,0,0,0,0,0,0,0,0,0,0,0.000163481,0,0,0,0,1.49E-05,4.46E-05,0,0,0.000416134,5.94E-05,0,0.000341824,0,0.003106144,0,0,0.000639063,0,0.036203668,0,0.067651517,0.006717594,0.090271379,0,0.356730969,0.000312101,0,0,0,0,0,0,0,0,0,0,0,0,0,0,0,0,0,0,0,0,0,0,0,0,0,0,0,0.001144369,0,0,0,0.052031626,0,4.46E-05,0,0,0,0,0,0,0,0,0,0,0,0,0,0,0
F160QZY1.03,0,0,0,0.000886818,0.000172069,0,9.27E-05,0,0,0,0,0,0,0,2.65E-05,0,0,0,0,0.032825509,0,0,0.289671877,0.006393033,0,0,0,0,0.081362259,0,0.000886818,0,0,0,0,0,0,0,0,0,2.65E-05,0,0,0,0,0,0,0,1.32E-05,0,0,0,0,0,0.002210427,0,0,0.102341465,0,0,0.059694776,0,0,0,0,0.000436791,0,6.62E-05,0,0.014149383,0,0.176688594,0,0.069992455,0,0,0,0,0,0,0,0,0,0,0,0,0,0,0,0,0,0,0,0,0,0,0,0,0,0,0,0,0,0,1.32E-05,0,0.16203624,0,1.32E-05,0,0,0,0,0,0,0,0,0,0,0,0,0,0,0
D160S4CQ.03,0,0,0,0,0,0,0.001136229,0,0,0,0,0,0,0,0,0,0,0,0,0.000197605,0,0,0,5.93E-05,0,0,0,0,9.88E-06,0,0.000494013,0,0,0,0,0,0,0,0,0,0,0,9.88E-06,0.000217366,0,0,0,0,0.021459906,0,0,0,0.000316168,0,0,0,0,0.074032723,0,0,2.96E-05,0,0,0,0,8.89E-05,0,0.032782674,0,0,0,0.119076789,0,0.000661977,0,0,0,0,0,0,0,0,0,0,0,0,0,0,0,0,0,0,0,0,0,0,0,0,0,0,0,0,0,0,0,0,0.749417065,0,9.88E-06,0,0,0,0,0,0,0,0,0,0,0,0,0,0,0
K160SQ2Z.03,0,0,0,0,0.000861834,0,0,0,0,0,0,0,0,1.51E-05,0,0,0,0,0,0.001905108,0,0,0.086697511,1.51E-05,0,0,0,0,0,0,1.51E-05,0,0,0,0,0,0,0,0,0,0,0,1.51E-05,4.54E-05,0,0,0,0,1.51E-05,0,0,0,0,0,0,0,0,0.00458133,0,0,0,0,0,0,0,0.013517191,0,0.061144879,0,0.022377453,0,0.354259276,0,0.060177205,0,0,0,0,0,0,0,0,0,0,0,0,0,0,0,0,0,0,0,0,0,0,0,0,0,0,0,0,0,0,0,0,0.393752457,0,0,3.02E-05,0.000574556,0,0,0,0,0,0,0,0,0,0,0,0,0
F160R9L1.03,0,0,0,0,0.005366571,0,1.73E-05,0,0,0,0,0,0,1.73E-05,0,0,0,0,0,3.46E-05,0,0,0.004120142,0,0,0,0,0,0.093153294,1.73E-05,0.000536657,0,0,0,0,0,0,0,0,0,0,0,3.46E-05,0,0,0,0,0,0.000623215,0,0,0,0,0,0,0,3.46E-05,0.06898641,0,0,0.011702588,0,0,0,0,0,0,5.19E-05,0,0,0,0.506136934,0,0.00022505,0,0.000103869,5.19E-05,0,0,0,0,0,0,0,0,0,0,0,0,0,0,3.46E-05,0,0,0,0,0,0,0.003670042,0,0,0,0.001056003,0,0,0,0.243919328,0,0.060070977,0,0,0,0,0,0,0,0,0,3.46E-05,0,0,0,0,0
D160R7N2.03,0,0,0,0,3.67E-05,0,0,0,0,0,0,0,0,0,0,0,0,0,0,3.67E-05,0,0,0.003576678,0.000955414,0,0,0,0,0.135852523,0,0.002033317,0,0,0,0,0,0,0,0,0,0,0,2.45E-05,0,0,0,0,0,0.002866242,0,0,0,3.67E-05,0,0,0,0,0.060595296,0,0,0.000159236,0,0,0,0,0,1.22E-05,0.000232729,0,0,0,0.328748163,0,7.35E-05,0,0,0,0,0,0,0,0,0,0,0,0,0,0,0,0,0,0,0,0,0,0,0,0,0.001310632,0,0,0,3.67E-05,0,0,0,0.439588437,0,0.023799608,2.45E-05,0,0,0,0,0,0,0,0,0,0,0,0,0,0
C160SNXR.03,3.59E-05,0,0,0,0.000837731,0,1.20E-05,0.000430833,0,0,0,0,0,0,0,0,0,0,0,0.017556457,0,0,0.097954739,1.20E-05,0,0,0,0,0,0,0,0,0,0,0,0,0,0,0,0,0,0,0,4.79E-05,0,0,0,0,2.39E-05,0,0,0,0,0,0,0,0,0.007575486,0,0,0,0,0,0,0,0.026460345,0,0.042820043,0,0.037626108,1.20E-05,0.173972881,0,0.062363121,0,0,0,0,0,0,0,0,0,0,0,0,0,0,0,0,0,0,0,0,0,0,0,0,0,0,0,0,0,0,0,0,0.531265333,0,0,0,0.00099331,0,0,0,0,0,0,0,0,0,0,0,0,0
B160QPTT.03,0,0,0,0,0,0,9.30E-05,1.86E-05,0,0,0,0,0,0,1.86E-05,0,0,0,0,0.006435174,0,0,0.170197333,0.002901408,0,0,0,0,0.257983521,0,0,0,0,0,0,0,0,0,0,0,0,0,0,3.72E-05,0,0,0,0,0.000223185,0,0,0,0,0,0.008499637,0,0,0.008350847,0,0,0.107035914,0,0,0,0,0.010712891,0,0,0,1.86E-05,0,0.278032994,0,0.01162423,0,0,0,0,0,0,0,0,0,0,0,0,0,0,0,0,0,0,0,0,0,0,0,0,0,0,0,0,0,0,0,0,0.13776108,0,0,0,5.58E-05,0,0,0,0,0,0,0,0,0,0,0,0,0
C160QPMC.03,0,0,0,0,0,0,1.24E-05,0,0,0,0,0,0,0,0,0,0,0,0,0.000470152,0,0,1.24E-05,0,0,0,0,0,0,0,0,0,0,0,0,0,0,0,0,0,0,0,0,0.002536344,0,0,0,0,0.397364677,0,0,0,0.003117847,0,0,0,0,0,0,0,1.24E-05,0,0,0,0,0.000148469,0,0,0,0,0,0.065091247,0,8.66E-05,0,0,0,0,0,0,0,0,0,0,0,0,0,0,0,0,0,0,0,0,0,0,0,0,0,0,0,0,0,0,0,0,0.531147541,0,0,0,0,0,0,0,0,0,0,0,0,0,0,0,0,0
G160RQ40.03,0,0,0,0,0,0,0.000331915,0,0,0,0,0,0,0,0,0,0,0,0,0.006330089,0,0,7.11E-05,1.19E-05,0,0,0,0,1.19E-05,0,1.19E-05,0,0,0,0,0,0,0,0,0,0,0,0,4.74E-05,0,0,0,0,0.000497872,0,0,0,0,0,0.012245285,0,0,0.044275063,0,0,0.002501215,0,0,0,0,0,0,9.48E-05,0.004172643,0,1.19E-05,0.063620953,0,0.280124231,0,0,0,0,0,0,0,0,0,0,0,0,0,0,0,0,0,0,0,0,0,0,0,0,0,0,0,0,0,0,0,0,0.585639944,0,0,0,0,0,0,0,0,0,0,0,0,0,0,0,0,0
E160R5X5.03,0,0,0,0.009954081,0.002084466,0,0,0.00481844,0,0,0,0,0,0,0,0,0,0,0,0.000981814,0,0,0.149462268,0.100386684,0,0,0,0,0.099631442,0.00128391,0.247583228,0,0,0,0,0,0,0,0,0,0,0,0,0,0,0,0,0,0,0,0,0,0,0,6.04E-05,0,0,0.006631019,0.000453145,0,0.053033049,0,0.011736451,0,0,0.037686545,0,0.027490786,0,0,0,0.069013957,0,0.163343605,0,0,0,0,0,0,0,0,0,0,0,0,0,0,0,0,0,0,0,0,0,0,0,0,0,0,0,0,0,0,0,0,0.00879101,0,0.005573681,0,0,0,0,0,0,0,0,0,0,0,0,0,0,0
E160SF8W.03,0.000360479,0,0,0,1.00E-05,0,0,0,0,0,0,0,0,0,5.01E-05,0,0,0,0,0.000340453,0,0,1.00E-05,2.00E-05,0,0,0,0,0,0,6.01E-05,0,0,0,0,0,0,0,0,0,0,0,0,0,0,0,0,0,0.000520693,0,0,0,0,0,0,0,0,0,0,0,0.001161545,0,0,0,0,1.00E-05,0,0.673155297,0,0,0,0.042636707,0,0.000801065,0,1.00E-05,0,0,0,0,0,0,0,0,0,0,0,0,0,0,0,0,0,0,0,0,0,0,0,0,0,0,0,0,0,0,0.280793455,0,6.01E-05,0,0,0,0,0,0,0,0,0,0,0,0,0,0,0
H160RP0F.03,0,0,0,0,0.003147151,0,0.002863623,0,0,0,0,0,0,0,0,0,0,0,0,0.003062092,0,0,0.009157925,8.51E-05,0,0,0,0,0.04366317,0,0.014601644,0,0,0,0,0.000113411,0,0,0,0,0,0,0,2.84E-05,0,0,0,0,0.000822229,0,0,0,0,0,0,0,0,0.004054437,0,0,0.003430678,0,0,0.002324922,0,0.001417635,0,0.004536433,0,2.84E-05,0,0.426623193,0,0.135837823,0,0.022767224,0.005925716,0,0,0,0,0,0,0,0,0,0,0,0,0,0,0,0,0,0.005245251,0,0,0,5.67E-05,0,0,0,0.000198469,0,0,0,0.303260561,0,0.006747944,0,0,0,0,0,0,0,0,0,0,0,0,0,0,0
G160VLCQ.03,0,0,0,0.000110998,0.000665988,0,9.25E-05,0,0,0,0,0,0,1.85E-05,0,0,0,0,0,0,0,0,0.014355749,0.00799186,0,5.55E-05,0,0,0.024956063,0.003755434,0.122393858,0.001590972,0,0,0,0,0,0,0,0,0,0,0,0,0,0,0,0,1.85E-05,0,0,0,0,0,1.85E-05,0,5.55E-05,5.55E-05,0.000110998,0.002478957,0.054500046,3.70E-05,0.002127463,0.000869485,0,0.000462492,1.85E-05,0.183794284,0,0.003052447,0.007529368,0.537878087,0,0.012968273,0.000110998,0,0,0,0,0,0,0,0,0,0,0,0,0,0,0,0,0,0,0,0.013504764,0,0,0,0,0,0,0,0.001831468,0,0,0,0.002589955,0,0,0,0,0,0,0,0,0,0,0,0,0,0,0,0,0
H160SQ1K.03,0,0,0,0,4.18E-05,0,0.007883483,0,0,0,0,0,0,0,0,0,0,0,0,0.022583984,0,0,1.05E-05,0,0,0,0,0,7.32E-05,0,2.09E-05,0,0,0,0,0,0,0,0,0,0,0,3.14E-05,3.14E-05,0,0,0,0,0.005280052,0,0,0,1.05E-05,0,0,0,0,0.09803122,0,0,0,0,0,0,0,0.027592192,0,2.09E-05,0,0,1.05E-05,0.418201018,0,0.057463693,0,0,0,0,0,0,0,0,0,0,0,0,0,0,0,0,0,0,0,0,0,0,0,0,0,0,0,0,0,0,0,0,0.362702968,0,1.05E-05,0,0,0,0,0,0,0,0,0,0,0,0,0,0,0
J160S33V.03,0,0,0,0,5.67E-05,0,1.89E-05,0,0,0,0,0,0,0,0,0,0,0,0,0,0,0,0,0,0,0,0,0,0,0,0,0,0,0,0,0,0,0,0,0,0,0,0,0,0,0,0,0,0.000340091,0,0,0,1.89E-05,0,0,0,0,0.000264515,0,0,0,0,0,0,0,0,0,0.001964971,0,0,0,0.149545601,0,0,0,0,0,0,0,0,0,0,0,0,0,0,0,0,0,0,0,0,0,0,0,0,1.89E-05,0,0,0,0,0,0,0,0,0,0.846656716,0,0,0.001114743,0,0,0,0,0,0,0,0,0,0,0,0,0,0
D160W5N6.03,0,0,0,0.002316416,0.001109949,0,3.22E-05,0,0,0,0,0,0,0,0,0,0,0,0,0,0,0,0.138663235,0.024644092,0,0,0,0,0.166444141,0,0,0,0,0,0,0,0,0,0,0,0,0,0,3.22E-05,0,0,0,0,1.61E-05,0,0,0,0,0,0.000611276,0,0,0.002557709,0,0,0.000112604,0,0.045684871,0,0,0,1.61E-05,0.125939033,0,0,0.006820558,0.319134561,0,0.040167297,0.000530845,0,0,0,0,0,0,0,0,0,0,0,0,0,0,0,0,0,0,0,0,0,0,0,0,0,0,0,0.000160862,0,0,0,0.12497386,0,3.22E-05,0,0,0,0,0,0,0,0,0,0,0,0,0,0,0
K160S1MC.03,0,0,0,0,9.17E-06,0,0.002292842,0,0,0,0,0,0,0,0,0,0,0,0,0,0,0,9.17E-06,0,0,0,0,0,0,0,1.83E-05,0,0,0,0,0,0,0,0,0,0,0,0,1.83E-05,0,0,0,0,0.014178933,0,0,0,0,0,0,0,0,0.228504609,0,0,0,0,0,0,0,0.007924061,0,9.17E-06,0,0,0,0.268280827,0,0.000174256,0,0,0,0,0,0,0,0,0,0,0,0,0,0,0,2.75E-05,0,0,0,0,0,0,0,0,0,0,0,9.17E-06,0,0,0,0,0.478222589,0,0,0,0,0,0,0,0,0,0,0,0,0,0,0,0,0.000320998
F160SFBP.03,0,0,0,0,0,0,0,0,0,0,0,0,0,0,0,0,0,0,0,0.000486322,0,0,0,0,0,0,0,0,0,0,0,0,0,0,0,0,0,0,0,0,0,0,0,0,0,0,0,0,2.21E-05,0,0,0,0,0,0.00131528,0,0,0.001779497,0,0,0.006001658,0,0.000618956,0,0,0.000497375,0,0.002752141,0,0,0,0.389599337,0,0.000530533,0,0,0,0,0,0,0,0,0,0,0,0,0,1.11E-05,0,0,0,0,0,0,0,0,0,0,0,0,0,0,0,0,0,0,0.596385742,0,0,0,0,0,0,0,0,0,0,0,0,0,0,0,0,0
J160PNW9.03,0,0,0,4.49E-05,0.022429068,0,0,0,0,0,0,0,0,0,2.24E-05,0,0,0,0,0.00047101,0,0,0.540764831,0.045127285,0,0,0,0,0.036738814,0.000134574,0.000897163,0,0,0,0,0,0,0,0,0,0,0,0,4.49E-05,0,0,0,0,0.006953011,0,0,0,0.000157003,0,0.000538298,0,0,0.053246608,0,0,0.082359538,0,8.97E-05,2.24E-05,0,0.00047101,0,0.000852305,0.004261523,0.061208927,0.000157003,0.08976113,0,0.041605921,0,6.73E-05,0,0,0,0,0,0,0,0,0,0,0,0,0,0,0,0,0,0,0,0,0,0,0.000201862,0,0,0,6.73E-05,0,0,0,0.010990243,0,0,0,0,0,0,0,0,0.000314007,0,0,0,0,0,0,0,0
G160RF9T.03,1.39E-05,0,0,0.016366316,0.000709161,0,0,0.002739307,0,0,0,0,0,0,0,0,0,0,0,0.000222482,0,0,0.086475889,0.018271317,0,0,0,0,0.029715223,0.004268869,0.133808888,0,0,0,0,0,0,0,0,0,0,0,0,2.78E-05,0,0,0,0,0,0,0,0,0,0,0,0,0,0.030160187,0,0,0.089256911,0,0.022929529,0,0,0.005770621,0,0.01683909,0,0,0,0.308401468,0,0.201540686,8.34E-05,0,0,0,0,0,0,0,0,0,0,0,0,0,0,0,0,0,0,0,0,0,0,0,0,0,0,0,0,0,0,0,0.03239891,0,0,0,0,0,0,0,0,0,0,0,0,0,0,0,0,0
E160TB6Z.03,0,0,0,0.000121036,0.015946502,0,0,0,0,0,0,0,0,0,0,0,0,0,0,3.03E-05,0,0,0.040380658,0.012527233,0,6.05E-05,0,0,0.032588962,0.001633987,0.039230816,0.000196684,0,0,0,0,0,0,0,0,0,0,0,3.03E-05,0,0,0,0,0.000423626,0,0,0,0,0,0.000423626,0,0,0.001830671,0,0,0.001180102,0,0.003298233,0.001709634,0,0.001482692,0,0.244492859,0,0.018896756,0.001573469,0.131112321,0,0.412687606,0.000378238,0.001089325,0,0,0,0,0,0,0,0,0,0,0,0,0,0,0,0,0,0,0.02370794,0,0,0,0,0,0,0.000272331,0.001043936,0,0,0,0.006566207,0,0.005022997,0,0,0,0,0,0,0,3.03E-05,0,0,0,0,0,0,3.03E-05
K160W2ZG.03,0.001240851,0,0,0.027064938,0.000125883,0,0.00026975,0,0,0,0,0,0,0,1.80E-05,0,0,0,0,0,0,0,0.086014351,0.025824087,0,3.60E-05,0,0,0.07612351,0.049741939,0.123203913,0.005988455,0,0.004064237,0.003237003,0,0,0,0,0,0,0,0,1.80E-05,0,0,0,0,8.99E-05,0,0,0,0,0,1.80E-05,0,0,0.001294801,0,0,0.000449584,0,0.0633913,0,0.0004316,0.002913302,0,0.270505512,0,8.99E-05,0.065801068,0.042242883,0,0.000683367,0.001438668,8.99E-05,0,0,0,0,0.017857464,0,0,0,0,0,0,0,0,0,0,0,0,0,0.073426008,0,0,0,0,0,0,0.008991674,3.60E-05,0,0,0,0.04727822,0,0,0,0,0,0,0,0,0,0,0,0,0,0,0,0,0
J160QV5K.03,0,0,0,0,0,0,0.002844814,0,0,0,0,0,0,0,0,0,0,0,0,0.005146236,0,0,0.025331629,1.60E-05,0,0,0,0,0,0,0.000159821,0,0,0,0,0,0,0,0,0,0,0,6.39E-05,0,0,0,0,0,0.001246604,0,0,0,1.60E-05,0,0,0,0,0.000255714,0,0,0.001086783,0,0,0,0,0.000127857,0,0,0,0,0,0.617068883,0,0.000127857,0,0,0,0,0,0,0,0,0,0,0,0,0,0,0,0,0,0,0,0,0,0,0,0,0,0,0,0,0.001038837,0,0,0,0.345469075,0,0,0,0,0,0,0,0,0,0,0,0,0,0,0,0,0
B160W3YV.03,0,0,0,0,5.38E-05,0,0,0,0,0,0,0,0,0,0,0,0,0,0,0,0,0,0.007980298,0.002341605,0,0,0,0,0.089532756,0.001547613,0.020899499,0,0,0,0,0,0,0,0,0,0,0,0,0,0,0,0,0,0,0,0,0,0,0,0,0,0,0.003969963,1.35E-05,0,4.04E-05,0,0,0,0,0,0,0.025084782,0,0.111979868,0.020818754,0.254023793,0,0.434475427,0.000363353,0,0,0,0,0,0,0,0,0,0,0,0,0,0,0,2.69E-05,0,0,0,0.004225655,0,0,0,0,0,0,0.003081768,0,0,0,0,0.019540292,0,0,0,0,0,0,0,0,0,0,0,0,0,0,0,0,0
J160T9P3.03,0,0,0,0,0.001055103,0,1.49E-05,0,0,0,0,1.49E-05,0,0,0.000193188,0,0,0,0,0,0,0,0.768783808,2.97E-05,0,0,0,0,0.004443322,0,0.000639006,0,0,0,0,0,0,0,0,0,0,0,0,2.97E-05,0,0,0,0,0.000386376,0,0,0,0,4.46E-05,0,2.97E-05,0,0.067586043,0.003165309,0,0.005736194,0,1.49E-05,0,0,0.00514177,0,0.001560364,0,0,2.97E-05,0.000356655,0,0.013627177,0.000193188,0,0,0,0,0,0,0,0,0,0,0,0,0,0,2.97E-05,0,0,0,0,0.000133745,0,0,0,0,0,0,0,0,0,0,0,0.125780182,0,0.000965939,0,0,1.49E-05,0,0,0,0,0,0,0,0,0,0,0,0
K160S6VV.03,0,0,0,0,0,0,0.020406427,0,0,0,0,0,0,0,0,0,0,0,0,0.000113448,0,0,0,0,0,0,0,0,2.84E-05,0,0.000538877,0,0,0,0,0,0,0,0,0,0,0,0,0.00333253,0,0,0,0,0.855779457,0,0,0,0,0,0,0,0,0.000397067,0,0,0.083398329,0,1.42E-05,0,0,0,0,2.84E-05,0,0,0,0.000694868,0,0.000170172,0,0,0,0,0,0,0,0,0,0,0,0,0,0,0,0,0,0,0,0,0,0,0,0,0,0,0,0,0,0,0,0,0.000808316,0,0.034261242,0,1.42E-05,0,0,0,0,0,0,0,0,0,0,0,0,1.42E-05
J160SD5W.03,0,0,0,0,0,0,0.000147996,0,0,0,0,0,0,0,0,0,0,0,0,0.009961293,0,0,0,0,0,0,0,0,0,0,0,0,0,0,0,0,0,0,0,0,0,0,0,1.14E-05,0,0,0,0,0.000307377,0,0,0,0,0,0.026331967,0,0,0.054371585,0,0,0.105316485,0,0.094751821,0,0,0.040459927,0,0.071630237,0,1.14E-05,0,0.006659836,0,0.534562842,0,0,0,0,0,0,0,0,0,0,0,0,0,0,0,0,0,0,0,0,0,0,0,0,0,0,0,0,0,0,0,0,0.055475865,0,0,0,0,0,0,0,0,0,0,0,0,0,0,0,0,0
K160VLW5.03,0,0,0,0.000654777,0.002509978,0,0,0,0,0,0,0,0,0,1.56E-05,0,0,0,0,0,0,0,0.689308431,0.00191756,0,0,0,0,0.002307309,0,0.01806872,0,0,0,0,0,0,0,0,0,0,0,0,0,0,0,0,0,0.000311798,0,0,0,0,0,1.56E-05,0,0,0.004848466,0.000498878,0,0.012409578,0,0,0,0,0.000732726,0,0.010912946,0,0,1.56E-05,0.078916189,0,0.043184086,0.000420928,0,0,0,0,0,0,0,0,0,0,0,0,0,0,0,0,0,0,0,0.028030681,0,0,0,0,0,0,0,0.001060115,0,0,0,0.103813295,0,0,0,0,0,0,0,0,0,4.68E-05,0,0,0,0,0,0,0
A160SCZQ.03,0,0,0,0.001150985,0.003877722,0,0.001767583,0,0,0,0,0,0,0,2.74E-05,0,0,0,0,0.005823433,0,0,5.48E-05,0.00012332,0,1.37E-05,0,0,0.273482139,0.025924556,5.48E-05,0.007865061,0,0,1.37E-05,0,0,0,0,0,0,0,0,8.22E-05,0,0,0,0,0.003302229,0,0,0,0,0,0.000109618,0,0,0.024965402,0.007755443,0,0.054205889,0,1.37E-05,0,0,0.041476549,0,0.164289336,0,0.024554336,0,0.076499363,0,0.064235897,0,0,0,0,0,0,0,0,0,0,0,0,0,0,0,0,0,0,0,0,5.48E-05,0,0,0,0,0,0,0,0.000849536,0,0,0,0.214686014,0,0,0,0,0,0,0,0,0,0,0,0,0,0.002740439,0,0,0
C160T4BL.03,1.48E-05,0,0,0.008425925,0.003248728,0,2.97E-05,0,0,0,0,0,0,0,0.000133509,4.45E-05,0,0,0,0.000148344,0,0,0.014092656,0.008945128,0,0,0,0,0.002507009,0.078088146,0.191051905,0,0.002863034,0,0,0,0,0,0,0,0,0,0,0,0,0,0,0,8.90E-05,0,0,0,0,0,0.002076812,0,0,0.002061978,0,0,0.000667547,0,0.012564715,0.000563706,0,1.48E-05,2.97E-05,0.049027607,0.007179837,4.45E-05,0.009553337,0.044873982,0,0.440595748,0.000178012,0,0,0,0,0,0,0,0,0,0,0,0,0,0,0,0,0,0,0,0.0085446,0,0,0,0,0,0,1.48E-05,0.103914791,0,0,0,0.008322084,0,0,0,0,0,0,0,0,0,0,0,0,0,8.90E-05,0,0,0
F160VY6S.03,0,0,0,0.00323746,0.010758632,0,0,0,0,0,0,0,0,0,0,0,0,0,0,0,0,0,0.129735278,0.002428095,0,1.97E-05,0,0,0.00323746,0.00615907,0.017233551,0.003592791,0,0,0,0,0,0,0,0,0,0,0,0,0,0,0,0,0,0,0,0,0,0,1.97E-05,0,0,0.000414553,0.000789624,0.000611959,0.02205026,1.97E-05,0.001164696,0.00033559,0,0.000631699,0.001006771,0.056004106,0.000197406,0.103480269,0.004560081,0.253548374,3.95E-05,0.361568984,0.000592218,0,0,0,0,0,0,0,0,0,0,0,0,0,0,0,0,0,0,0,0.001342361,0,0,0,0,0,0,0,0.005665555,0,0,0,0.007659356,0,0,0,0,0,0,0.001895098,0,0,0,0,0,0,0,0,0,0
A160VM99.03,0,0,0,0.006325408,0.008175982,0,3.14E-05,0,0,0,0,0,0,0,0,0,0,0,0,7.32E-05,0,0,0.027392677,0.028877318,0,0,0,1.05E-05,0.041068105,0.038046547,0.324425486,0,0,0,0,0,0,0,0,0,0,0,0,0,0,0,0,0,6.27E-05,0,0,0,0,0,0,1.05E-05,0,1.05E-05,3.14E-05,0,0.006503147,0,0.005060327,0,0,0.000731865,0,0.075256676,0.01470004,0.027047655,0.004851222,0.038485666,0,0.323024486,0.000595948,0,0,0,0,0,0,0,0,0,0,0,0,0,0,0,0,0,0,0,0.01614286,0,0,0,0,0,0,0,0.010821153,0,0,0,0.002237417,0,0,0,0,0,0,0,0,0,0,0,0,0,0,0,0,0
G160W4DC.03,0,0,0,0.003547397,0.028618486,0,0,0,0,0,0,0,0,0,0,0,0,0,0,0.000197078,0,0,0.092795405,0.0130212,0,1.41E-05,0,0,0.00488471,0.01181058,0.254469439,0,0,0,0,0,0,0,0,0,0,0,0,0,0,0,0,0,0.000408232,0,0,0,0,0,1.41E-05,0,0,1.41E-05,0,0,0.005743405,0,0.000943157,0.001379543,0,0.000183001,8.45E-05,0.017666601,0.003941552,0.133731242,0.039654833,0.049776176,5.63E-05,0.32835947,7.04E-05,0.000183001,0,0,0,0,0,0,0,0,0,0,0,0,0,0,0,0,0,0,0.004223092,0,0,0,0,0,0,0,0.003744475,0,0,0,0.000408232,0,5.63E-05,0,0,0,0,0,0,0,0,0,0,0,0,0,0,0
E160V9PB.03,0,0,0,0.007566138,0.01509749,0,3.48E-05,0,0,0,0,0,0,0,0,0,0,0,0,0.000887065,0,0,0.001304507,0.019602386,0,0,0,0,0.038352495,0.004365749,0.196823961,0,0,0,0,0,0,0,0,0,0,0,0,0,0,0,0,0,0.000469622,0,0,0,0,0,0,8.70E-05,0,8.70E-05,0,0,0.000747917,0,0.011427478,0,0,0.002817734,0,0.113666012,0.010331693,0.028299097,0.002835128,0.064025186,0,0.451863705,0.000208721,0,0,0,0,0,0,0,0,0,0,0,0,0,0,0,0,0,0,0,0.01448872,0,0,0,0,0,0,0,0.004713617,0,0,0,0.009653349,0,0.000191328,0,0,0,0,0,0,0,0,0,0,0,5.22E-05,0,0,0
E160SJJ2.03,0,0,0,0.000870666,0.010527149,0,0.006081473,0,0,0,0,0,0,0,2.64E-05,0,0,0,0,0,0,0,0.030446942,0.007888766,0,0,0,0,0.005778059,0.003152868,0.473919582,1.32E-05,0,0,0,0,0,0,0,0,0,0,0,0,0,0,0,0,0.000197879,0,0,0,0,0,0.000171495,0,0,0.000197879,0,0,0,0,0.000158303,0,0,0,0,0.012110179,0.001121313,0.010065432,0.000118727,0.311302834,0,0.101366682,0.000145111,0.001068545,0,0,0,0,0,0,0,0,0,0,0,0,0,0,0,0,0,0,0.004801857,0,0,0,0,0,0,0.000171495,0.013759168,0,0,0,0.004538019,0,0,0,0,0,0,0,0,0,0,0,0,0,0,0,0,0
F160S6YR.03,0,0,0,0.005341342,0.004313386,0,0.000120936,0,0,0,0,0,0,0,0,0,0,0,0,0,0,0,0.098945841,0.055811985,0,0.000322496,0,0,0.030213855,0.035172233,0.124664906,0,0,0,0,0,0,0,0,0,0,0,0,6.05E-05,0,0,0,0,0.000443432,0,0,0,0,0,0.001189204,0,0,0.029528551,0,0,0.010360188,6.05E-05,0.022675508,0.003990889,0,0.000947332,0,0.03210852,0,0.047668958,0.025638442,0.246749844,0,0.193880636,0.000725616,2.02E-05,0,0,0,0,0,0,0,0,0,0,0,0,0,0,0,0,0,0,4.03E-05,0,0,0,0,0,0,0,0.000322496,0,0,0,0.028661843,0,2.02E-05,0,0,0,0,0,0,0,0,0,0,0,0,0,0,0
K160TZKQ.03,1.81E-05,0,0,0.007057842,0.004898759,0,0.000435445,0,0,0,0,0,0,0,3.63E-05,0,0,0,0,7.26E-05,0,0,0.148777125,0.028031788,0,9.07E-05,0,0,0.047735685,0.032331809,0.140013789,0.000961608,0,0,0.002648959,0,0,0,0,0,0,0,0,3.63E-05,0,0,0,0,9.07E-05,0,0,0,0,0,0,0,1.81E-05,0.001161187,0,0,0.000653168,0,0.015041004,0.000381015,0.000181436,0.000217723,0,0.227066551,0,0.020774367,0.02217142,0.098719065,0.004154873,0.153385587,0.000399158,0,0,0,0,0,0.001397053,0,0,0,0,0,0,0,0,0,0,0,0,0,0,0,0,0,0,0,0,0.004408883,0,0,0,0,0.036595544,0,3.63E-05,0,0,0,0,0,0,0,0,0,0,0,0,0,0,0
D160WJ79.03,0,0,0,0.003819761,0.018832308,0,0.00011104,0,0,0,0,0,0,8.88E-05,0,0,0,0,0,2.22E-05,0,0,0.006040552,0.015234627,0,6.66E-05,0,0,0.032978747,0.00042195,0.351306936,0.001310267,0,0,0,0,0,0,0,0,0,0,0,0,0,0,0,0,6.66E-05,0,0,0,0,0,0,0,0,0.000244287,0.000199871,6.66E-05,0.017411002,0,0.000377534,0.00042195,4.44E-05,0.000310911,0.000399742,0.036532013,0.011037331,0.085256168,0.010992916,0.194297009,0.000466366,0.197139621,8.88E-05,0.000155455,0,0,0,0,2.22E-05,0,0,0,0,0,0,0,0,0,0,0,0,0,0.003864176,0,0,0,0,0,0,0,0.004441582,0,0,0,0.005929512,0,0,0,0,0,0,0,0,0,0,0,0,0,0,0,0,0
F160W4SQ.03,0,0,0,0.000842502,0.016233889,0,0.00687834,0,0,0,0,0,0,0,0,0,0,0,0,0.001068846,0,0,0.030292361,0.007268155,0,0,0,0,0.00482867,0.020006287,0.042326312,0.000113172,0,0,0,0,0,0,0,0,0.000176045,0,0,2.51E-05,0,0,0,0,0.012889029,0,0,0,0,0,0,7.54E-05,8.80E-05,0,5.03E-05,0,0.021703867,0,0.000238919,0.00037724,1.26E-05,0.000226344,0.000213769,0.034869538,0.000364665,0,0.003571204,0.042376611,0.000125747,0.707840302,0.000138321,0.005784345,0,0,0,0,0,0,0,0,0,0,0,0,0,0,0,0,0,0,0.005721471,0,0,0,0,0,0,0,0.029223515,0,0,0,0.004049041,0,0,0,0,0,0,0,0,0,0,0,0,0,0,0,0,0
A160V0CZ.03,0,0,0,0.000341159,0.016205036,0,2.13E-05,0,0,0,0,0,0,0,0,0,0,0,0,0,0,0,0.159534318,0.268555833,0,0,0,0,0.008507644,0.006162178,0.160259281,0.001130088,0.002878526,0,0.000426448,0,0,0,0,0,0,0,0,0,0,0,0,0,2.13E-05,0,0,0,0,0.001087443,0,0,0,0.002004307,0,0,0.003368942,0,0.000767607,0.001791083,0,0.000277191,0,0.035224632,0.004179194,0.027911043,0.007697392,0.05223992,0.001279345,0.177274569,8.53E-05,0,0,0,0,0,0,0,0,0,0,0,0,0,0,0,0,0,0,0,0.006311435,0,0,0,0,0,0,0.000298514,0.048209983,0,0,0,0.004264483,0,8.53E-05,0,0,0,0,0.001599181,0,0,0,0,0,0,0,0,0,0
G160SLS2.03,0,0,0,0,0.014681449,0,0.000143779,0,0,0,0,0,0,0,0,0,0,0,0,0,0,0,0.087497604,0.011821842,0,0,0,0,0.021870407,0.001246086,0.211802671,0,7.99E-05,0,0,0,0,0,0,0,0,0,0,0,0,0,0,0,0.004089718,0,0,0,0,0,0,1.60E-05,0,0.001166209,0,0,0.00450508,0,0.002811681,0.001214135,0,0.001565595,0,0.026742923,0.00119816,0.013323535,0.000543166,0.31748035,0.000479264,0.195220142,3.20E-05,0.000143779,0,0,0,0,0,0,0,0,0,0,0,0,0,0.000111828,0,0.000207681,0,0,0.025289156,0,0,0,0,0,0,0.000159755,0.016358873,0,0,0,0.036791488,0,0.00119816,0.000207681,0,0,0,0,0,0,0,0,0,0,0,0,0,0
E160S5R2.03,0,1.37E-05,0,0.000218851,0.001846558,0,6.84E-05,0,0,0,0,0,0,0,0,0,0,0,0,0.000109426,0,0,0.249367383,0.020886621,0,0,0,0,0.014553612,0.004582199,0.056573062,0,0,0,0,0,0,0,0,0,0,0,0,0,0,0,0,0,0,0,0,0,0,0,0,0,0,0.000547128,0,0,0.09800435,0,0.003953002,0,0,0.014321082,0,0.053837421,0.000807014,0.000177817,0.001436212,0.075011285,0.004869442,0.312670123,0.00038299,0,0,0,0,0,0,0,0,0,0,0,0,0,0,0,0,0,0,0,0,0,0,0,0,0,0,0.002065409,0.009492675,0,0,0,0.073875993,0,1.37E-05,1.37E-05,0,0,0,0,0,0,0,0,0,0,0,0,0.000300921,0
J160SQMK.03,0,0,0,0.001292033,0.023759984,0,0,0,0,0,0,0,0,0,0,0,0,0,0,0,0,0,0.012232365,0.002114236,0,0,0,0,0.003003557,0.024984898,0.225099,0,0,0,0.000100678,0,0,0,0,0,0,0,0,0,0,0,0,0,0.000100678,0,0,0,0,0,1.68E-05,0,0,6.71E-05,1.68E-05,0,1.68E-05,0,0.000503389,8.39E-05,0,0,0,0.015621854,0.000604067,0.007064232,0.000218135,0.312588093,0,0.327723337,5.03E-05,0.01391033,0,0,0,0,0,0,0,0,0,0,0,0,0,0,0,0,0,0,0.004715082,0,0,0,0,0,0,0.001090677,0.018843547,0,0,0,0.004178133,0,0,0,0,0,0,0,0,0,0,0,0,0,0,0,0,0
D160W638.03,0,0,0,0.001331642,0.001632847,0,0,0,0,0,0,0,0,0,1.59E-05,0,0,0,0,0,0,0,0.419213697,0.024904883,0,0,0,0,0.00307546,0.000428028,0.065409004,0,0,0,0,0,0,0,0,0,0,0,0,0,0,0,0,0,0.000428028,0,0,0,0,6.34E-05,6.34E-05,0,4.76E-05,0.000269499,0.000538998,0,0.029819277,0,0.000174382,0,0,0.001141408,0,0.033449588,0,1.59E-05,0.000475587,0.297194039,0,0.090615092,0.000507292,0,0,0,0,0,0,0,0,0,0,0,0,0,0,0,0,0,0,0,0.007133798,0,0,0,0,0,0,0,0.00060241,0,0,0,0.021306278,0,0,0,0,0,0,0,0,1.59E-05,0.000126823,0,0,0,0,0,0,0
D160V7D4.03,0,0,0,0.000126928,0.005077109,0,2.12E-05,0,0,0,0,0,0,0,0,0,0,0,0,0,0,0,0.204924795,0.017854499,0,0.000253855,0,0,0.001057731,0.030526115,0.304013031,0.001036576,0,0,0,0,0,0,0,0,0,0,0,0,0,0,0,0,0,0,0,0,0,0,0,0,2.12E-05,0,0,0,0.003828986,0,0.009561888,0.010725392,0.000676948,0.000528865,0.000571175,0.223688942,0.002813564,0.005627129,0.014787079,0.011529267,0.008377229,0.122717945,0.000465402,0,0,0,0,0,0,0,0,0,0,0,0,0,0,0,0,0,0,0,0.015273635,0,0,0,0,0,0,0.000253855,0.002009689,0,0,0,0.00165006,0,0,0,0,0,0,0,0,0,0,0,0,0,0,0,0,0
H160VQWN.03,0,0,0,0.000450248,0.019750052,0,0,0,0,0,0,0,0,0,0,0,0,0,0,0,0,0,0.009467369,0.008652056,0,1.22E-05,0,0,0.105382285,0.041702666,0,0.004587658,0,0,0,0,0,0,0,0,0,0,0,6.08E-05,0,0,0,0,0.000206871,0,0,0,0,0,0.001010015,0,0,0.067817029,0,0,0.066831352,0,0.005731531,0,0,2.43E-05,7.30E-05,0.326186159,0,9.74E-05,0.050780632,0.037127177,0,0.126093676,0.007569028,0,0,0,0,0,0,0,0,0,0,0,0,0,0,0,0,0,0,0,0,0,0,0,0,0,0,0,0,0,0,0,0.120386483,0,0,0,0,0,0,0,0,0,0,0,0,0,0,0,0,0
C160RS7M.03,0,0,0,0,0,0,0,0,0,0,0,0,0,0.000226061,0,0,0,0,0,0,0,0,0.000326532,0.000142334,0,0,0,0,8.37E-05,1.67E-05,2.51E-05,0,0,0,0,0,0,0,0,0,0,0,8.37E-06,8.37E-05,0,0,0,0,0.00931872,0,0,0,0.000142334,0,0,0,0,0.000343277,0,0,2.51E-05,0,8.37E-06,0,0,0,0,0.0007033,0,0,0,0.001013086,0,0.000519102,0,0,0,0,0,0,0,0,0,0,0,0,0,0,0,0,0,0,0,0,0,0,0,0,0,0,0,8.37E-06,6.70E-05,0,0,0,0.98690523,0,2.51E-05,0,8.37E-06,0,0,0,0,0,0,0,0,0,0,0,0,0
J160WCJF.03,0.000716016,0,0,0.012256502,0.000315889,0,0.000252711,0,0,0,0,0,0,0,0,0,0,0,0,4.21E-05,0,0,0.144761504,0.013056755,0,0.000105296,0,0,0.06100874,0.049636727,0.110519111,0.006760029,0,0.006949563,0.00381173,0,0,0,0,0,0,0,2.11E-05,2.11E-05,0,0,0,0,0.000147415,0,0,0,0,0,0,0,0,0.000631778,0,0,0.000610719,0,0.032599768,0.000189534,0.000631778,0.000315889,0,0.213225229,0,2.11E-05,0.052921975,0.139054438,6.32E-05,0.073244182,0.001031905,0.001410972,0,0,0,0,0.009560914,0,0,0,0,0,0,0,0,0,0,0,0,0,0.038580604,0,0,0,0,0,0,0.005012109,2.11E-05,0,0,0,0.020490681,0,0,0,0,0,0,0,0,0,0,0,0,0,0,0,0,0
C160V1LW.03,0,0,0,0.005559932,0.00660526,0,3.03E-05,0,0,0,0,0,0,1.51E-05,3.03E-05,0,0,0,0,3.03E-05,0,0,0.428993455,0.011165313,0,0,0,0,0.003438977,0.002257302,0.064552781,0,0.000424191,0,0,0,0,0,0,0,0,0,0,4.54E-05,0,0,0,0,0.004438856,0,0,0,1.51E-05,0,0,0,0,0.006105321,0,0,0.12359108,0,0.000439341,6.06E-05,1.51E-05,4.54E-05,1.51E-05,0.111289541,0.000106048,0.000287844,0.001439219,0.011725851,0.000242395,0.132347594,0.001939159,0,0,0,0,0,0,0,0,0,0,0,0,4.54E-05,0,0,0,0,0,0,0.012195491,0,0,0,0,0,0,1.51E-05,0.000333293,0,0,0,0.070158163,0,0,0,0,0,0,0,0,0,0,0,0,0,0,0,0,0
G160R60V.03,0,0,0,0,0,0,0,0,0,0,0,0,0,0,0,0,0,0,0,0,0,0,0,0,0,0,0,0,0,0,0,0,0,0,0,0,0,0,0,0,0,0,0,0,0,0,0,0,0,0,0,0,0,0,0,0,0,0,0,0,0,0,0,0,0,0,0,0,0,0,0,0,0,0,0,0,0,0,0,0,0,0,0,0,0,0,0,0,0,0,0,0,0,0,0,0,0,0,0,0,0,0,0,0,0,0,1,0,0,0,0,0,0,0,0,0,0,0,0,0,0,0,0,0
F160R2CL.03,0,0,0,0,0,0,0,0,0,0,0,0,0,0,0,0,0,0,0,0,0,0,0.000179278,1.49E-05,0,0,0,0,0.423395832,0,0,0,0,0,0,0,0,0,0,0,0,0,0,0,0,0,0,0,7.47E-06,0,0,0,0,0,0,0,0,0.000410846,0,0,0,0,0,0,0,0,0,4.48E-05,0,0,0,0.011421528,0,0,0,0,0,0,0,0,0,0,0,0,0,0,0,0,0,0,0,0,0,0,0,0,0,0,0,0,0,0,0,0,0,0,0.562979009,0,0.001546276,0,0,0,0,0,0,0,0,0,0,0,0,0,0,0
F160T69S.03,0,0,0,0,0.028099803,0,0.001591861,0,0,0,0,0,0,0.000369127,0,0,0,0,0,0.2016703,0,0,0.295763113,0,0,0,0,0,1.15E-05,1.15E-05,5.77E-05,0,0,0,0,0,0,0,0,0,0,0,0,0,0,0,0,0,0,0,0,0,0,0,0,0,0,0.015295705,0,0,0.007232585,0,0.006528936,0,0,0.020255851,0,5.77E-05,0,0,0,0.137130729,0,0.102271285,0,0,0,0,0,0,0,0,0,0,0,0,0,0,0,0,0,0,0,0,0,0,0,0,0,0,0,0,0,0,0,0,0.183652282,0,0,0,0,0,0,0,0,0,0,0,0,0,0,0,0,0
B160SMPK.03,1.01E-05,0,0,0,7.04E-05,0,9.05E-05,0.00046246,0,0,0,0,0,0,0,0,0,0,0,0.012003861,0,0,0.066895886,0,0,0,0,0,0,0,0,0,0,0,0,0,0,0,0,0,0,0,0,1.01E-05,0,0,0,0,0.001467809,0,0,0,0,0,0,0,0,0.008897334,0,0,0,0,1.01E-05,0,0,0,0,0.058099087,0,0,0,0,0,0,0,0,0,0,0,0,0,0,0,0,0,0,0,0,0,0,0,0,0,0,0,0,0,0,0,0,0,0,0,0,0,0,0.851560301,0,0,0,0.000422246,0,0,0,0,0,0,0,0,0,0,0,0,0
C160RCMV.03,1.96E-05,0,0,0,0,0,0.192547192,0,0,0,0,0,0,0,0,0,0,0,0,0.047152816,0,0,0,0,0,0,0,0,1.96E-05,0,0,1.96E-05,0,0,0,0,0,0,0,0,0,0,0,0.000137072,0,0,0,0,0.034581343,0,0,0,7.83E-05,0,0,0,0,0,0,0,0.185771912,0,0,0,0,0,0,1.96E-05,0,0,0,3.92E-05,0,0.395707684,0,0,0,0,0,0,0,0,0,0,0,0,0,0,0,0,0,0,0,0,0,0,0,0,0,0,0,0,0,0,0,0,0.143906164,0,0,0,0,0,0,0,0,0,0,0,0,0,0,0,0,0
H160QRK4.03,8.68E-05,0,0,1.74E-05,0.001093541,0,0.080713753,0,0,0,0,0,0,0,0,0,0,0,0,0,0,0,0.057558452,0,0,0.00015622,0,0,0.178611723,0.015153356,0.021488952,0,0,0,0,0,0,0,0,0,0,0,0,0.000243009,0,0,0,0,0.106941383,0,0,0,0.000121505,0,0,0,0,1.74E-05,0.004842825,0,0,0,0,0,0,0.000121505,0,3.47E-05,0,0.003662495,0,0.062366562,0,0.000399229,0.003159119,0,0,0,0,0,0,0,0,0,0,0,0,0,0,0,0,0,0,0,0.000729027,0,0,0,0,0,0,0,0,0,0,0,0.462481123,0,0,0,0,0,0,0,0,0,0,0,0,0,0,0,0,0
C160R7SL.03,0,0,0,0,0,0,0.029901945,0,0,0,0,0,0,0,0,0,0,0,0,0,0,0,0,0,0,0,0,0,0,0,0,0,0,0,0,0,0,0,0,0,0,0,0,0.000200543,0,0,0,0,0.03556991,0,0,0,0.000749396,0,0,0,0,0,0,0,0.028952007,0,0,0,0,0.258013785,0,0,0,5.28E-05,0,0,0,0,0,0,0,0,0,0,0,0,0,0,0,0,0,0,0,0,0,0,0,0,0,0,0,0,0,0,0,0,0,0,0,0,0.64655964,0,0,0,0,0,0,0,0,0,0,0,0,0,0,0,0,0
C160R9GC.03,1.17E-05,0,0,0,0,0,0.248827222,0,0,0,0,0,0,0,0,0,0,0,0,0.014575116,0,0,0,0,0,0,0,0,0,0,2.33E-05,0,0,0,0,0,0,0,0,0,0,0,0,0.000350083,0,0,0,0,0.085023456,0,0,0,0.000303405,0,0,0,0,1.17E-05,0,0,0.003979275,0,0,0,0,0.000280066,0,0.000128364,0,0,0,1.17E-05,0,0.058125423,0,0,0,0,0,0,0,0,0,0,0,0,0,0,0,0,0,0,0,0,0,0,0,0,0,0,0,0,0,0,0,0,0.588349243,0,0,0,0,0,0,0,0,0,0,0,0,0,0,0,0,0
G160R5Y2.03,0,0,0,0,0,0,0,0,0,0,0,0,0,0,0,0,0,0,0,0,0,0,0.001442455,1.02E-05,0,0,0,0,0.174158568,0,0.002342711,0,0,0,0,0,0,0,0,0,0,0,1.02E-05,0,0,0,0,0,0.00059335,0,0,0,0,0,0,0,0,0.036664962,0,0,0,0,1.02E-05,0,0,1.02E-05,0,2.05E-05,0,0,0,0.106445013,0,2.05E-05,0,0,0,0,0,0,0,0,0,0,0,0,0,0,0,0,0,0,0,0,0,0,0,0,0,0,0,0,0,0,0,0,0.67826087,0,0,1.02E-05,0,0,0,0,0,0,0,0,0,0,0,0,0,0
H160T6BP.03,0,0,0,0,0.08672767,0,0.000761195,0,0,0,0,0,0,0,1.62E-05,0,0,0,0,0.060231598,0,0,0.225297595,0,0,0,0,0,0.000340109,1.62E-05,0.00011337,0,0,0,0,0,0,0,0,0,0,0,0,0,0,0,0,0,0.000129565,0,0,0,0,0,0,0,0,0.012373472,0.000469674,0,0.000745,0,0.030042918,0,0,0.041347478,0,0.000129565,0,0,1.62E-05,0.062725727,0,0.347833833,0,0,0,0,0,0,0,0,0,0,0,0,0,0,0,0,0,0,0,0,0,0,0,0,0,0,0,0,3.24E-05,0,0,0,0.130650255,0,0,0,0,0,0,0,0,0,0,0,0,0,0,0,0,0
K160SNGS.03,0,0,0,0,0,0,0.025442996,0.008677693,0,0,0,0,0,8.68E-05,0,0,0,0,0,0.001995869,0,0,3.47E-05,0,0,0,0,0,3.47E-05,0,0,0,0,0,0,0,0,0,0,0,0,0,0,0.000260331,0,0,0,0,0.069230636,0,0,0,1.74E-05,0,0,0,0,0.150297645,0,0,0,0,0,0,0,0,0,1.74E-05,0,0,0,5.21E-05,0,1.74E-05,0,0,0,0,0,0,0,0,0,0,0,0,0,0,0,0,0,0,0,0,0,0,0,0,0,0,0,0,0,0,0,0,0.743834499,0,0,0,0,0,0,0,0,0,0,0,0,0,0,0,0,0
H160R330.03,0,0,0,0,0,0,0,0,0,0,0,0,0,0,0,0,0,0,0,0,0,0,0.01794176,1.41E-05,0,0,0,0,0.424696635,0,0,0,0,0,0,0,0,0,0,0,0,0,0,0.000112488,0,0,0,0,0.027207919,0,0,0,4.22E-05,4.22E-05,0,0,0,0.032522954,0,0,1.41E-05,0,0,0,0,0,0,0,0,0,0,0.142507628,0,1.41E-05,0,0,0,0,0,0,0,0,0,0,0,0,0,0,0,0,0,0,0,0,0,0,0,0,0,0,0,0,0,0,0,0,0.353112389,0,0.001687313,0,8.44E-05,0,0,0,0,0,0,0,0,0,0,0,0,0
G160R3Z0.03,0,0,0,0,0,0,0,0,0,0,0,0,0,9.07E-06,0,0,0,0,0,1.81E-05,0,0,5.44E-05,0,0,0,0,0,0.266424284,0,4.53E-05,0,0,0,0,0,0,0,0,0,0,0,0,1.81E-05,0,0,0,0,0.002556803,0,0,0,2.72E-05,0,0,0,0,0.005158939,0,0,0.000389867,0,0,0,0,0,0,9.07E-06,9.07E-06,0,0,0.247221064,0,2.72E-05,0,0,0,0,0,0,0,0,0,0,0,0,0,0,0,0,0,0,0,0,0,0,0,0,0,0,0,0,0.000117867,0,0,0,0.47768691,0,0,0,0,0,0,0,0,0,0,0,0.000226667,0,0,0,0,0
F160TXS5.03,0,0,0,0.027633256,0.035639853,0,0.001289452,0,0,0,0,0,0,0,0,0,0,0,0,0.001169503,0,0,0.007526801,0.014993628,0,3.00E-05,0,0,0.003013719,0.137101732,0.075762801,0,0,0,0,0,0,0,0,0,0,0,0,1.50E-05,0,0,0,0,0.000629732,0,0,0,0,6.00E-05,0,0.000524777,0,1.50E-05,0,0,0.001079541,3.00E-05,0.001979159,0.00202414,0,0.000599745,0.000134943,0.033690681,1.50E-05,0.000359847,0.008336457,0.074578304,1.50E-05,0.543234125,7.50E-05,0.007616763,0,0,0,0,0,0,0,0,0,0,0,0,0,0,0,0,0,0,0.005142814,0,0,0,0,0,0,0,0.01359922,0,0,0,0.001949172,0,0.000134943,0,0,0,0,0,0,0,0,0,0,0,0,0,0,0
F160V7FY.03,0,0,0,0.000454037,0.005535764,0,0,0,0,0,0,0,0,0,0,0,0,0,0,1.75E-05,0,0,0.120302459,0.001833613,0,0,0,0,0.036532551,0.004680078,0.031066639,0.000628667,0,0,0,0,0,0,0,0,0,0,0,0,0,0,0,0,0,0,0,0,0,0,0,0,3.49E-05,5.24E-05,0.00017463,0.001012853,0.005710394,1.75E-05,0.001973317,0,0,0.000314334,0.000314334,0.061923722,0,0,0.003510059,0.652923303,0,0.056719754,0.000192093,0,0,0,0,0,0,0,0,0,0,0,0,0,0,0,0,0,0,0,0.005588153,0,0,0,0,0,0,0,0.003143336,0,0,0,0.005343671,0,0,0,0,0,0,0,0,0,0,0,0,0,0,0,0,0
D160R0ZK.03,5.02E-05,8.37E-05,0,0.000435292,0.009040683,0,0,0,0,0,0,0,0,0,3.35E-05,0,0,0,0,0.000133936,0,0,0.688196886,0.02462749,0,0,0,0,0,0.004068307,0.003197723,0,0,0,0,0,0,0,0,0,0,0,0,0,0,0,0,0,3.35E-05,0,0,0,0,0,0,0,0,0.002159719,0.002695463,0,0.000820358,0,0.000150678,6.70E-05,0,0.003130755,0,0.104771472,8.37E-05,0,0.007148836,0.104051565,0,0.023522518,0,0,0,0,0,0,0,0,0,0,0,0,0,0,0,3.35E-05,0,0,0,0,0,0,0,0,0,0,0,0.003147497,0.000217646,0,0,0,0.018098108,0,0,0,0,0,0,0,0,0,0,0,0,0,0,0,0,0
J160V014.03,0,0,0,0.000526902,0.001911902,0,0,0,0,0,0,0,0,0,0,0,0,0,0,0,0,0,0.044289886,0.001640924,0,0,0,0,0.01059826,0.004561467,0.144009876,0.000376359,0,0,0,0,0,0,0,0,0,0,0,0,0,0,0,0,3.01E-05,0,0,0,0,0,0,0,0,0.000120435,0.000406467,0.005193749,0.006488423,0,0.000526902,0,0,0.000180652,0.000135489,0.078779394,0,0,0.001264565,0.574473851,0,0.097777979,1.51E-05,0,0,0,0,0,0,0,0,0,0,0,0,0,0,0,0,0,0,0,0.01070364,0,0,0,0,0,0,0,0.006367988,0,0,0,0.009619727,0,0,0,0,0,0,0,0,0,0,0,0,0,0,0,0,0
A160QT1J.03,0,0,0,0,0.001808682,0,0,0,0,0,0,0,0,0,0,0,0,0,0,0,0,0,0.577750982,0.025109414,0,0,0,0,0,0.000100482,0.000100482,0,0,0,0,0,0,0,0,0,0,0,0,0,0,0,0,0,1.12E-05,0,0,0,0,0,0,0,0,0.001015988,0.001630046,0,0.000591729,0,0,1.12E-05,0,0,0,0.021838156,0,0,0.005258574,0.340143801,0,0.00204314,0,0,0,0,0,0,0,0,0,0,0,0,0,0,0,0,0,0,0,0,0,0,0,0,0,0,0,0.002199446,4.47E-05,0,0,0,0.020319757,0,2.23E-05,0,0,0,0,0,0,0,0,0,0,0,0,0,0,0
K160QS16.03,0,0,0,0,0,0,4.11E-05,0,0,0,0,0,0,0,0,0,0,0,0,0.009914607,0,0,0,0,0,0,0,0,0.000882667,0,0,0,0,0,0,0,0,0,0,0,0,0,6.16E-05,2.05E-05,0,0,0,0,0.001683225,0,0,0,4.11E-05,0,0,0,0,0,0,0,0.000102636,0,0,0,0,2.05E-05,0,0,0,0,0,0.080938501,0,0,0,0,0,0,0,0,0,0,0,0,0,0,0,0,0,0,0,0,0,0,0,0,0,0,0,0,0,0,0,0,0,0,0.90629362,0,0,0,0,0,0,0,0,0,0,0,0,0,0,0,0,0
J160SNND.03,0,0,0,0.005419034,0.006867873,0,0,0,0,0,0,0,0,0,0,0,0,0,0,0,0,0,0.020415459,0.004177172,0,0,0,0,0.014375494,0.075734768,0.026530689,0,0.102039664,0,0,0,0,0,0,0,0,0,0,1.88E-05,0,0,0,0,3.76E-05,0,0,0,0,0,0.001862793,0,1.88E-05,0.008768299,0,0,0.000282241,0,0.020039137,0,0,0.000131713,0,0.075264366,0,0,0.003236368,0.176118617,1.88E-05,0.355210176,0.000846724,0,0,0,0,0,0,0,0,0,0,0,0,0,0,0,0,0,0,0,0.015542092,0,0,0,0,0,0,0,0.074586987,0,0,0,0.012399804,0,0,0,0,0,0,0,0,0,0,0,0,0,5.64E-05,0,0,0
C160RT17.03,0,0,0,0.012042053,0.00334563,0,0,0,0,0,0,0,0,0,0,0,0,0,0,0.00145125,0,0,0.14555707,0.000420973,0,0,0,0,0.016384725,0.007544285,0.069959121,1.11E-05,0,1.11E-05,1.11E-05,0,0,0,0,0,0,0,0,1.11E-05,0,0,0,0,8.86E-05,0,0,0,0,0,0,0,0,0.052200693,0.018833018,0,0.241195564,0,0.006879591,0,0,0.001805754,0,0.022366978,0,0,0.002603388,0.067555142,0,0.26338529,0.002802796,0,0,0,0,0,0,0,0,0,0,0,0,0,0,0,0,0,0,0,1.11E-05,0,0,0,0,0,0,3.32E-05,0.000110782,0,0,0,0.063378643,0,0,0,0,0,0,0,0,0,0,0,0,0,0,0,0,0
A160SN5R.03,2.33E-05,0,0,0,0.319167753,0,0.000349097,0,0,0,0,0,0,0,0,0,0,0,0,0.006586297,0,0,2.33E-05,0.004514988,0,0,0,0,0,4.65E-05,0.06060324,0,0,0,0,0,0,0,0,0,0,0,0,0.001233476,0,0,0,0,0.193748836,0,0,0,9.31E-05,0,0.000256004,0,0,0.095187116,0,0,0,0,4.65E-05,0,0,0.000116366,0,0.007400856,4.65E-05,0,0.00081456,0.060277416,0,0.232801154,0.000256004,0,0,0,0,0,0,0,0,0,0,0,0,0,0,0,0,0,0,0,0,0,0,0,0,0,0,0,0,0,0,0,0.016407559,0,0,0,0,0,0,0,0,0,0,0,0,0,0,0,0,0
E160V993.03,0,0,0,0.004436542,0.019735568,0,3.52E-05,0,0,0,0,0,0,0,0.000123237,0,0,0,0,0,0,0,0.507385433,0.02801007,0,0,0,0,0.00410204,0,0.10327283,0,0,0,0,0,0,0,0,0,0,0,0,0,0,0,0,0,0.000669002,0,0,0,0,0,1.76E-05,0,0,0.003045721,5.28E-05,0,0.105561522,0,0.000140843,0,0,0,0,0.085825954,0,1.76E-05,0.000387317,0.079734512,0,0.029911445,0.001531663,0,0,0,0,0,0,0,0,0,0,0,0,0,0,0,0,0,0,0,0.007887185,0,0,0,0,0,0,3.52E-05,0,0,0,0,0.01792222,0,0,0,0,0,0,0,0,0,0.000158448,0,0,0,0,0,0,0
C160SM77.03,0,0,0,2.18E-05,0,0,0.002345497,0.000327279,0,0,0,0,0,0,0,0,0,0,0,3.27E-05,0,0,0.000469099,6.55E-05,0,0,0,0,0.000207276,1.09E-05,0.000327279,0,0,0,0,0,0,0,0,0,0,0,0,0.000676376,0,0,0,0,0.065804833,0,0,0,0.000229095,0,3.27E-05,0,0,0.623902253,0,0,3.27E-05,0,1.09E-05,0,0,0,0,0.000567283,0,0,9.82E-05,0.000643648,0,0.000872743,1.09E-05,0,0,0,0,0,0,0,0,0,0,0,0,0,0,0,0,0,0,0,0,0,0,0,0,0,0,0,0,0,0,0,0.30330006,0,0,1.09E-05,0,0,0,0,0,0,0,0,0,0,0,0,0,0
F160SFZY.03,0,0,0,0.012100779,0.002035187,0,0.000147122,0,0,0,0,0,0,0,0,0,0,0,0,0,0,0,0.052988414,0.001176975,0,0,0,0,0.018439282,0.0045853,0.382051125,0,0,0,0,0,0,0,0,0,0,0,0,0,0,0,0,0,1.23E-05,0,0,0,0,0,1.23E-05,0,0,0.000183902,0,0,0.084497027,0,0.006485625,3.68E-05,0,0.000220683,0,0.020854533,0,2.45E-05,0.002783056,0.209317722,0,0.185986636,0.000159382,0,0,0,0,0,0,0,0,0,0,0,0,0,0,0,0,0,0,0,0,0,0,0,1.23E-05,0,0,0,0,0,0,0,0.015876908,0,1.23E-05,0,0,0,0,0,0,0,0,0,0,0,0,0,0,0
J160RXXR.03,0,0,0,0,2.67E-05,0,0,0,0,0,0,0,0,0,0,0,0,0,0,0,0,0,0.00347264,6.68E-05,0,0,0,0,0,4.01E-05,0.000173632,0,0,0,0,0,0,0,0,0,0,0,0,0.001963377,0,0,0,0,0.024415328,0,0,0,0.00050754,0,0,0,0,0.090328699,0,0,1.34E-05,0,1.34E-05,0,0,0.00010685,0,0.001268849,2.67E-05,0,1.34E-05,0.002283928,0,0.001095217,0,0,0,0,0,0,0,0,0,0,0,0,0,0,0,0,0,0,0,0,0.000160276,0,1.34E-05,0,0,0,0,0,0,0,0,0,0.873956539,0,0,0,5.34E-05,0,0,0,0,0,0,0,0,0,0,0,0,0
F160S6MM.03,0,0,0,0,0,0,0.000472115,1.21E-05,0,0,0,0,0,0.000157372,0,0,0,0,0,0,0,0,0.001162129,1.21E-05,0,0,0,0,0,0,3.63E-05,0,0,0,0,0,0,0,0,0,0,0,0,0.000726331,0,0,0,0,0.002917428,0,0,0,0,0,0,0,0,0.23718329,0,0,0,0,4.84E-05,0,0,0,0,0.000266321,0,0.000290532,0,0.005762224,0,9.68E-05,0,0,0,0,0,0,0,0,0,0,0,0,0,3.63E-05,0,0,0,0,0,0,0,0,0,0,0,0,0,0,0,0,0,0,0.750820148,0,0,0,0,0,0,0,0,0,0,0,0,0,0,0,0,0
E160S314.03,0,0,0,0,1.64E-05,0,0.002797866,3.27E-05,0,0,0,0,0,0,0,0,0,0,0,6.54E-05,0,0,0.000556301,0.000196342,0,0,0,0,0.000245427,0,0.000769004,0,0,0,0,0,0,0,0,0,0,0,0,0.001897968,0,0,0,0,0.004057724,0,0,0,4.91E-05,0,0,0,0,0.287378514,1.64E-05,0,0.000229065,0,6.54E-05,0,0,3.27E-05,0,3.27E-05,0,0,1.64E-05,0.000359959,0,0.000425407,4.91E-05,0,0,0,0,0,0,0,0,0,0,0,0,0,0,0,0,0,0,0,0,0,0,0,0,0,0,0,0,0,0,0,0.70069374,0,1.64E-05,0,0,0,0,0,0,0,0,0,0,0,0,0,0,0
C160RZQN.03,0,0,0,1.17E-05,2.33E-05,0,8.17E-05,0,0,0,0,0,0,0,0,0,0,0,0,1.17E-05,0,0,5.83E-05,2.33E-05,0,0,0,0,0.000174984,1.17E-05,0.000524953,0,0,0,0,0,0,0,0,0,0,0,0,7.00E-05,0,0,0,0,0.003173048,0,0,0,5.83E-05,0,0,0,0,0.001318215,0,0,9.33E-05,0,2.33E-05,0,0,0,0,0.000326637,2.33E-05,8.17E-05,1.17E-05,0.001376543,0,0.001178227,0,0,0,0,0,0,0,0,0,0,0,0,0,0,0,0,0,0,0,0,4.67E-05,0,0,0,0,0,0,0,4.67E-05,0,0,0,0.991145797,0,0,0,0.000104991,0,0,0,0,0,0,0,0,0,0,0,0,0
K160S1P5.03,0,0,0,0,0,0,0.002142996,0,0,0,0,0,0,0,0,0,0,0,0,0,0,0,0,0,0,0,0,0,0,0,0,0,0,0,0,0,0,0,0,0,0,0,0,0.003506721,0,0,0,0,0.000246769,0,0,0,0,0,0,0,0,0.573206052,0,0,0,0,0,0,0,0,0,0,0,0,0,2.60E-05,0,0,0,0,0,0,0,0,0,0,0,0,0,0,0,0,0,0,0,0,0,0,0,0,0,0,0,0,0,0,0,0,0,0,0.420871485,0,0,0,0,0,0,0,0,0,0,0,0,0,0,0,0,0
J160S4KP.03,0,0,0,1.78E-05,3.55E-05,0,3.55E-05,0,0,0,0,0,0,1.78E-05,0,0,0,0,0,0.000515262,0,0,1.78E-05,0,0,0,0,0,5.33E-05,0,1.78E-05,0,0,0,0,0,0,0,0,0,0,0,0,0.000142141,0,0,0,0,0.008883835,0,0,0,1.78E-05,0,0,0,0,0.141928148,0,0,0.018229629,0,0,0,0,0,0,1.78E-05,0,1.78E-05,0,0.000444192,0,5.33E-05,0,0,0,0,0,0,0,0,0,0,0,0,0,0,0,0,0,0.000142141,0,0,0,0,0,0,0,0,0,0,0,0,0,0,0.82911055,0,0,0,0.00030205,0,0,0,0,0,0,0,0,0,0,0,0,0
E160SMG3.03,0,0,0,0,0,0,0.003351078,0,0,0,0,0,0,0,0,0,0,0,0,0,0,0,0.000174535,1.75E-05,0,0,0,0,0,0,5.24E-05,0,0,0,0,0,0,0,0,0,0,0,0,0.001692992,0,1.75E-05,0,0,0.335753556,0,0,0,8.73E-05,0,0,0,0,0.451261018,0,0,1.75E-05,0,0,0,0,1.75E-05,0,6.98E-05,1.75E-05,0,1.75E-05,0.000209442,0,6.98E-05,0,0,0,0,0,0,0,0,0,0,0,0,0,0,0,0,0,0,0,0,0,0,0,0,0,0,0,0,0,0,0,0,0.207173401,0,0,0,0,0,0,0,0,0,0,0,0,0,0,0,0,0
K160SNKH.03,0,0,0,0,0,0,0.025398125,0,0,0,0,0,0,0,0,0,0,0,0,0.000155297,0,0,4.24E-05,1.41E-05,0,0,0,0,0,0,0,0,0,0,0,0,0,0,0,0,0,0,0,0.002668286,0,0,0,0,0.545671448,0,0,0,0.000564717,0,0,0,0,0.129842444,0,0,7.06E-05,0,0,0,0,0,0,1.41E-05,0,0,0,1.41E-05,0,0,1.41E-05,0,0,0,0,0,0,0,0,0,0,0,0,0,0,0,0,0,0,0,0,0,0,0,0,0,0,0,0,0,0,0,0.295530269,0,0,0,0,0,0,0,0,0,0,0,0,0,0,0,0,0
G160SQRL.03,0,0,0,2.37E-05,0,0,0.016164637,0.000261103,0,0,0,0,0,0,0,0,0,0,0,0.015666168,0,0,0.181181609,2.37E-05,0,0,0,0,0,0,0,0,0,0,0,0,0,0,0,0,0,0,2.37E-05,7.12E-05,0,0,0,0,0.002468608,0,0,0,0,0,0,0,0,0.023784092,0,0,7.12E-05,0,9.49E-05,0,0,0.003014551,0,0.000166156,0,0,0,0.415224667,0,0.023784092,0,0,0,0,0,0,0,0,0,0,0,0,0,0,0,0,0,0,0,0,0,0,0,0,0,0,0,0,0,0,0,0,0.317975741,0,0,0,0,0,0,0,0,0,0,0,0,0,0,0,0,0
A160RVT0.03,0,0,0,0,0.000133877,0,1.49E-05,0,0,0,0,0,0,0,0,0,0,0,0,0.000119002,0,0,0.000818136,0,0,0,0,0,0.000104126,0,0,0,0,0,0,0,0,0,0,0,0,0,0,0.005191444,0,0,0,0,0.991893018,0,0,0,0,0,0,0,0,2.98E-05,1.49E-05,0,0,0,5.95E-05,0,0,0.000133877,0,0,0,0,0,0.000238003,0,0.000758635,0,0,0,0,0,0,0,0,0,0,0,0,0,0,0,0,0,0,0,0,0,0,0,0,0,0,0,0,0,0,0,0,0.000490882,0,0,0,0,0,0,0,0,0,0,0,0,0,0,0,0,0
G160QXJD.03,0,0,0,0,0,0,0.000228044,0,0,0,0,0,0,0,0,0,0,0,0,0,0,0,0.000988192,0,0,0,0,0,0.823569655,2.53E-05,0,0,0,0,0,0,0,0,0,0,0,0,0,7.60E-05,0,0,0,0,0.002584503,0,0,0,0,0,0,0,0,0.157680028,0,0,0,0,0,0,0,0,0,0.000202706,0,0,0,0.013708002,0,2.53E-05,0,0,0,0,0,0,0,0,0,0,0,0,0,0,0,0,0,0,0,0,0,0,0,0,0,0,0,0,0,0,0,0,0.000177368,0,0.00073481,0,0,0,0,0,0,0,0,0,0,0,0,0,0,0
B160QVXH.03,0,0,0,0,3.62E-05,0,0,0,0,0,0,0,0,0,0,0,0,7.23E-05,0,0,0,0,7.23E-05,5.43E-05,0,0,0,0,0.9860365,9.04E-05,0,0,0,0,0,0,0,0,0,0,0,0,0,0,0,0.000217049,0,0,0,0,0,0,0,0,0,0,0,0.000180874,0,0,0.000144699,0,1.81E-05,0,0,0,0,0.00070541,0,0,9.04E-05,0.000325574,0,0.000126612,3.62E-05,0,0,0,0,0,0,0,0,0,0,0,0,0,0,0,0,0,0,0,0,0,3.62E-05,0,0,0,0,0,0,0,0,0,0.000976721,0,0,0,0,0,0,0,0,0,0,0,0,0,0,0,0,0.010780111
D160SKPB.03,0,0,0,1.42E-05,1.42E-05,0,1.42E-05,0,0,0,0,0,0,0,0,0,0,0,0,1.42E-05,0,0,0,0,0,0,0,0,0.000155818,0.000141653,0.00024081,0,0,0,0,0,0,0,0,0,0,0,0,0.000750761,0,0,0,0,0.612677952,0,0,0,0.000325802,0,0,0,0,0.384743962,0,0,0,0,4.25E-05,0,0,0,0,4.25E-05,0,0,1.42E-05,0.000141653,0,0.000495786,0,0,0,0,0,0,0,0,0,0,0,0,0,0,0,0,0,0,0,0,0,0,0,0,0,0,0,0,8.50E-05,0,0,0,8.50E-05,0,0,0,0,0,0,0,0,0,0,0,0,0,0,0,0,0
E160RCLY.03,0,0,0,0,0.002204532,0,0,0,0,0,0,0,0,0,0,0,0,0,0,0.001592162,0,0,0.000367422,0,0,0,0,0,0,0,0,0,0,0,0,0,0,0,0,0,0,0,0,0.000122474,0,0,0,0,0.984568279,0,0,0,0,0,0,0,0,0,0,0,0,0,0,0,0,0,0,0.000244948,0,0,0,0.00122474,0,0.000122474,0,0,0,0,0,0,0,0,0,0,0,0,0,0,0,0,0.001959584,0,0,0,0,0,0,0,0,0,0,0,0,0,0,0,0.001347214,0,0.003306797,0.002939375,0,0,0,0,0,0,0,0,0,0,0,0,0,0
F160QMKM.03,0,0,0,0,0,0,0,0,0,0,0,0,0,0,0,0,0,0,0,0,0,0,1.29E-05,0,0,0,0,0,1.29E-05,0,0,0,0,0,0,0,0,0,0.000516349,0,0,0,0,0.008739205,0,0,0,0,0.990692811,0,0,0,0,0,0,0,0,0,0,0,1.29E-05,0,0,0,0,0,0,0,0,0,0,0,0,1.29E-05,0,0,0,0,0,0,0,0,0,0,0,0,0,0,0,0,0,0,0,0,0,0,0,0,0,0,0,0,0,0,0,0,0,0,0,0,0,0,0,0,0,0,0,0,0,0,0,0,0,0
F160RMKX.03,2.32E-05,0,0,0,0.000417285,0,0,0,0,0,0,0,0,0,0.000347737,0,0,0,0,0,0,0,0.001530045,0,0,0,0,0,0,0,0,0,0,0,0,0,0,0,0,0,0,0,2.32E-05,0.000625927,0,0,0,0,0.0087398,0,0,0,2.32E-05,0,0,0,0,0.570729785,0,0,0.000231825,0,0,0,0,0.036628338,0,0,0,0.000579562,0,0.165198442,0,0.013283568,0,0,0,0,0,0,0,0,0,0,0,0,0,0,0,0,0,0,0,0,0,0,2.32E-05,0,0,0,0,0,0,0,0,0,0.201548591,0,4.64E-05,0,0,0,0,0,0,0,0,0,0,0,0,0,0,0
C160P1NJ.03,0,0,0,0,0.03600091,0,0.002664327,0.006920753,0,0,0,0,0,0,0.000227443,0,0,0,0,0,0,0,0.060109822,0,0,0,0,0,0,0,0,0,0,0,0,0,0,0,0,0,0,0,0,0,0,0,0,0,0.004191442,0,0,0,0,0,0,0,0,0.003281671,0,0,0.001657082,0,0,0,0,0.13679046,0,3.25E-05,0,0.019657536,0,0.195470644,0,0.484192741,0,0,0,0,0,0,0,0,0,0,0,0,0,0,0,0,0,0,0,0,0,0,3.25E-05,0,0,0,0,0,0.000974754,0,0,0,0.047665464,9.75E-05,0,0,0,0,0,0,0,0,0,0,0,0,0,0,0,3.25E-05
J160P7JC.03,0.000186298,0,0,0,0.001234223,0,0.000535606,0.00041917,0,0,0,0,0,0,0.0010945,0,0,0,0,0,0,0,0.064133017,0.00067533,0,0,0,0,0,0,0,0,0,0,0,0,0,0,0,0,0,0,0,6.99E-05,0,0,0,0,0.000512319,0,0,0,0,2.33E-05,0.000535606,0,0.000116436,0.020120162,0,0,0.006869731,0,0.028713148,0,0,0.132248149,0,0.489637185,0,0,0.001490382,0.054655116,0,0.08667505,0.010176517,0,0,0,0,0,0,0,0,0,0,0,0,0,0,0,0,0,0,0,0,0,9.31E-05,0.000116436,0,0,0,0,0,0,0.000605468,2.33E-05,0.098621396,4.66E-05,2.33E-05,0.000349308,0,0,0,0,0,0,0,0,0,0,0,0,0,0
B160P4QT.03,0.000186289,0,0,0,0,0,0,0.000393277,0,0,0,0,0,0,0,0,0,0,0,4.14E-05,0,0,0.000724458,4.14E-05,0,0,0,0,0,0,0,0,0,0,0,0,0,0,0,0,0,0,2.07E-05,0.000269084,0,0,0,0,0.001759397,0,0,0,4.14E-05,0,0.006747806,0,0,0.084057791,0,0,0.007637854,0,0,0,0,0.310295579,0,2.07E-05,0,0,0,0.009687034,0,0.1061641,0,0,0,0,0,0,0,0,0,0,0,0,0,0,0,0,0,0,0,0,0,2.07E-05,2.07E-05,0,0,0,0,0,0,0,0,2.07E-05,0.47174615,4.14E-05,0,0,0,0,0,0,0,0,0,0,0,0,0,0,0,6.21E-05
H160P2WX.03,5.49E-05,0,0,0,0,0,0.000137238,0.002168364,0,0,0,0,0,0,0.000219581,0,0,0,0,0,0,0,0.000164686,0,0,0,0,0,0,0,0,0,0,0,0,0,0,0,0,0,0,0,2.74E-05,8.23E-05,0,0,0,0,0.00861856,0,0,0,5.49E-05,0,0.000356819,0,0,0.044410287,0,0,0.024044136,0,0,0,0,0.154310652,0,0,0,0.023083468,0,0.363516592,0,0.103120797,0,0,0,0,0,0,0,0,0,0,0,0,0,0,2.74E-05,5.49E-05,0,0,0,0,0,0,0.000137238,5.49E-05,0,0,0,0,0,0,0,0.000109791,0.272719787,0.000329372,0.002113469,0,8.23E-05,0,0,0,0,0,0,0,0,0,0,0,0,0
A160P1L3.03,6.51E-05,0,0,0,0,0,0.000108498,0.002278448,0,0,0,0,0,0,0,0,0,0,0,8.68E-05,0,0,0.033677632,2.17E-05,0,0,0,0,2.17E-05,0,0,0,0,0,0,0,0,0,0,0,0,0,0.000520788,0.000477389,0,0,0,0,0.00221335,0,0,0,0,0,0.004730492,0,0,0.087948095,0,0,0.037453346,0,0,0,0,0.065749501,0,4.34E-05,0,0.007529728,0,0.56841854,0,0.065141915,0,0,0,0,0,0,0,0,0,0,0,0,0,0,0,0,0,0,0,0,0,0,0,0,0,0,0,0,2.17E-05,0,0,2.17E-05,0.117394323,2.17E-05,0.006054162,0,0,0,0,0,0,0,0,0,0,0,0,0,0,0
D160PFNM.03,4.75E-05,0,0,0.000522503,0.002731267,0,0,0,0,0,0,0,0,0,9.50E-05,0,0,0,0,2.38E-05,0,0,0.089728061,0.247880299,0,0,0,0,0,0.000973756,0,0,0,0,0,0,0,0,0,0,0,0,0,2.38E-05,0,0,0,0,9.50E-05,0,0,0,0,0,0.000166251,0,0,0.003040019,0.028595179,0,0.086830543,0,0.038878993,0,0,0.066690417,0,0.187293671,0,0.000237501,0,0.028927681,0,0.141455884,0,0,0,0,0,0,0,0,0,0,0,0,0,0,0,0,0,0,0,0,0,0,0,0,0,0,0,0,0,0,0,0,0.074005463,0,0.001757511,0,0,0,0,0,0,0,0,0,0,0,0,0,0,0
D160PP43.03,0,0,0,0,0.052999294,0,0.009456598,0,0,0,0,0,0,0,0,0,0,0,0,0,0,0,0,0,0,0,0,0,0,0.001340861,0,0,0,0,0,0,0,0,0,0,0.000188191,0,0,7.06E-05,0,0,0,0,0.000329334,0,0,0,0,0,0.069160198,0,0,0.113267466,0.012208892,0,0.011926606,0,0.049070807,0,0,0.203363914,0,0.042907551,0,0.004140202,0,0.065067043,0,0.230510468,0,0,0,0,0,0,0,0,0,0,0,0,0,0,0,0,0,0,0,0,0,0,0,0,0.001482004,0,0,0.000870383,0,0,0,0,0.131521995,7.06E-05,0,0,0,0,0,0,0,0,0,0,0,0,0,0,0,4.70E-05
J160PSM7.03,0,0,0,0,0.012807087,0,0.000875552,0.009854246,0,0,0,0,0,0,0,0,0,0,0,0,0,0,0.016566808,0.001957115,0,0,0,0,0,0,0.111246545,0,0,0,0,0,0,0,0,0,0,0,0,3.43E-05,0,0,0,0,3.43E-05,0,0,0,0,0,6.87E-05,0,0,0.00214596,0,0,0.000103006,0,0.024927467,0,0,0.001390582,0,0.073529159,0,0,0.003055846,0.074816735,0.001493588,0.630345585,0.002712493,0.000274683,0,0,0,0,0,0,0,0,0,0,0,0,0,0,0,0,0,0,0,0,0,0,6.87E-05,0,0,0,0,0,0,3.43E-05,0.031571357,0,6.87E-05,0,0,0,0,0,0,0,0,0,0,0,0,0,0,1.72E-05
G160RLK2.03,0,0,0,0.000103199,0.000954592,0,0,0,0,0,0,0,0,0,0,0,0,0,0,0,0,0,0.095794634,0.034468524,0,0,0,0,2.58E-05,0.004927761,0.078379773,0,0,0,0,0,0,0,0,0,0,0,0,0,0,0,0,0,0,0,0,0,0,0,0.000206398,0,0.000103199,0.000541796,0,0,0.002837977,2.58E-05,0.010913313,0.004231166,0,0.035810114,0,0.167827657,0.006424149,0.013493292,0.122187822,0.039499484,0.001676987,0.330856553,0.024793602,0,0,0,0,0,0,0,0,0,0,0,0,0,0,0,0,0,0,0,0,0,0,0,0,0,0,0,0.005650155,0,0,0,0.017208462,0,0.001057792,0,0,0,0,0,0,0,0,0,0,0,0,0,0,0
G160P1GG.03,2.37E-05,0,0,0,0.015432832,0,0,0.001709483,0,0,0,0,0,0,0.00185194,0,0,0,0,0,0,0,0,0.005532077,0,0,0,0,0,0,0,0,0,0,0,0,0,0,0,0,0,0,4.75E-05,0.000237428,0,0,0,0,0.000522342,0,0,0,0,0,0.001305855,0,0,0.083740918,0,0,0.028111496,0,0.051189515,0,0,0.236074837,0,0.152286433,0,9.50E-05,0.000712285,0.034474571,0,0.149745952,0,0,0,0,0,0,0,0,0,0,0,0,0,0,0,0,0,0,0,0,0,0,0,4.75E-05,0,0,0,0,0,0,0,0,0.236549694,0,0.000284914,2.37E-05,0,0,0,0,0,0,0,0,0,0,0,0,0,0
C160RJF0.03,5.19E-05,0,0,0,0.004667929,0,0,0,0,0,0,0,0,0,0,0,0,0,0,0,0,0,0.071626773,0.010606571,0,0,0,0,0,0,0.002308031,0,0,0,0,0,0,0,0,0,0,0,0,2.59E-05,0,0,0,0,0.000181531,0,0,0,0,0,5.19E-05,0,0,0.00150411,0.004356733,0,0.000959519,0,0.011617956,0,0,0.01509297,0,0.363839112,0,2.59E-05,0.016856409,0.213609606,0.001659708,0.24542932,0.012162548,0,0,0,0,0,0,0,0,0,0,0,0,0,0,0,0,0,0,0,0,0,0,0,0,0,0,0,0,0,0,0,0.023339644,0,2.59E-05,0,0,0,0,0,0,0,0,0,0,0,0,0,0,0
B160PQ1Z.03,0.000381732,0,0,0.000312326,6.94E-05,0,0,0,0,0,0,0,0,0,0.000312326,0,0,0,0,0.000104109,0,0,0.032169628,0.173688229,0,0,0,0,0,0,0,0,0,0,0,0,0,0,0,0,0,0,0,0,0,0,0,0,6.94E-05,0,0,0,0,0,0,0,0,0.000798168,0.049416991,0,0.20766241,0,0.016588007,0,0,0.021134092,0,0.175111049,0,3.47E-05,0,0.006697668,0,0.019433648,0,0,0,0,0,0,0,0,0,0,0,0,0,0,0,0,0,0,0,0,0,0,0,0,0,0,0,0,0.000104109,0,0,0,0.295842587,0,0,3.47E-05,3.47E-05,0,0,0,0,0,0,0,0,0,0,0,0,0
F160RJD1.03,0.000378583,0,0,0.012547323,0.007301244,0,0.000567875,0.004164413,0,0,0,0,0,0,0,0,0,0,0,5.41E-05,0,0,0.062466198,0.001757707,0,0,0,0,0,2.70E-05,0,0,0,0,0,0,0,0,0,0,0,0,0,0,0,0,0,0,0.00197404,0,0,0,0,0,2.70E-05,0,0,5.41E-05,0.001568415,0,2.70E-05,0,0.031341266,5.41E-05,0,0.004353705,0,0.103190914,0,0.000432666,0.176744186,0.043320714,0.001379124,0.527501352,0.003866955,0,0,0,0,0,0,0,0,0,0,0,0,0,0,0,0,0,0,0,0,0,0,0,0,0,0,0,0,0,0,0,0.014872904,0,0,0,2.70E-05,0,0,0,0,0,0,0,0,0,0,0,0,0
C160PL6B.03,0,0,0,0,0.014447724,0,0.000434985,0.008233649,0,0,0,0,0,0,0.000279633,0,0,0,0,0,0,0,0.007954016,0.000528196,0,0,0,0,0,0,0.060711512,0,0,0,0,0,0,0,0,0,0,0,0,0,0,0,0,0,9.32E-05,0,0,0,0,0,0.000124281,0,0,0.002081715,0,0,0.000528196,0,0.020599658,0,0,0.02908187,0,0.178281808,0,0,0.005095541,0.041230387,0.00661799,0.559577443,0.009538605,0,0,0,0,0,0,0,0,0,0,0,0,0,0,0,0,0,0,0,0,0,0,0,0,0,0,0,0,0,0,0,0.054528507,0,0,0,0,0,0,0,0,0,0,0,0,0,0,0,0,3.11E-05
A160PQ12.03,5.90E-05,0,0,0.006632864,0.002269913,0,0,0,0,0,0,0,0,0,0.000235835,0,0,0,0,0,0,0,0.054242085,0.091474559,0,0,0,0,0,0.000412712,0,0,0,0,0,0,0,0,0,0,0,0,5.90E-05,5.90E-05,0,0,0,0,0.000206356,0,0,0,0,2.95E-05,2.95E-05,0,8.84E-05,0.005601085,0.052944991,0,0.131419138,0,0.020222864,0,0,0.017098048,0,0.280437474,0,0,0.001061258,0.041182713,0.000265315,0.121720417,0.00241731,0,0,0,0,0,0,0,0,0,0,0,0,0,0,0,0,0,0,0,0,0,0,0,0,0,0,0,8.84E-05,0,0,0,0.087760156,0,0.081982194,0,0,0,0,0,0,0,0,0,0,0,0,0,0,0
B160RJQC.03,2.47E-05,0,0,0,0.002962817,0,2.47E-05,0,0,0,0,0,0,0,0.000987606,0,0,0,0,0.001185127,0,0,0.000246901,4.94E-05,0,0.000123451,0,0,0.191694237,0,0.002789986,0,0,0,0,4.94E-05,0,0,0,0,0,0,0,0,0,0,0,0,0.001555479,0,0,0,2.47E-05,0,0,2.47E-05,0,0.020517505,0,0,0.145671819,0,0,0,0,0.001629549,0,0.000987606,0,0,0,0.04273863,0,0,0,0.008493408,0.003382549,0,0,0,0,0,0,0,0,0,0,0,0,0,0,0,0,0,0,0,4.94E-05,0,7.41E-05,0,0,0,2.47E-05,0,0,0,0.558836601,0,0.015826379,0,2.47E-05,0,0,0,0,0,0,0,0,0,0,0,0,0
B160PRBH.03,5.30E-05,0,0,0.000423684,0.000609046,0,2.65E-05,0,0,0,0,0,0,0,0.000662006,0,0,0,0,0.000105921,0,0,0.065432687,0.07650143,0,0.000238322,0,0,0.09908908,0.003654274,0.003389471,0.005984536,0,0,0,0,0,0,0,0,0,0,0.000105921,0,0,0,0,0,0.000105921,0,0,0,0,0,0,0,2.65E-05,0.000476644,0,0,0.028651626,0,0.004024997,0,0,0.001482894,0,0.473387353,0,5.30E-05,0.013531406,0.148209935,0,0.02584472,0.001006249,0,0,0,0,0,0,0,0,0,0,0,0,0,0,0,0,0,0,0,0.011465946,0,0,0,0,0,0,0.001774176,0.000105921,0,2.65E-05,0,0.033471031,2.65E-05,0,5.30E-05,0,0,0,0,0,0,0,0,0,0,0,0,0,0
B160PTG2.03,0.000158403,0,0,0.009741803,0.00047521,0,0.000237605,0,0,0,0,0,0,0,0,0,0,0,0,0.001346428,0,0,0.056787581,0.050134643,0,0,0,0,0,0.048867416,0.100269286,0,0,0,0,0,0,0,0,0,0,0,0,0,0,0,0,0,0.000237605,0,0,0,0,0,0,7.92E-05,0,0.000237605,0,0,0.000396008,0,0.000316807,7.92E-05,0,0.000396008,0,0.010850626,0.017107556,0,0.000158403,0.076667195,0,0.594012355,0.000158403,0,0,0,0,0,0,0,0,0,0,0,0,0,0,0,0,0,0,0,0.001267226,0,0,0,0,0,0,0,0.028987803,0,0,0,0.001029621,0,0,0,0,0,0,0,0,0,0,0,0,0,0,0,0,0
B160P86X.03,9.01E-05,0,0,0,0.217645999,0,4.51E-05,0,0,0,0,0,0,0,0,0,0,0,0,0,0,0,0,0,0,0,0,0,0,0,0,0,0,0,0,0,0,0,0,0,0,0,0,0,0,0,0,0,0.000225306,0,0,0,0,0,0.000946287,0,0,0.005362293,0.008561644,0,0.108192141,0,0,0,0,0.019105984,0,0,0,0,0,0.29001442,0,0.094133021,0,0,0,0,0,0,0,0,0,0,0,0,0,0,0,0,0,0,0,0,0,0,0,0,0,0,0,0,0,0,0,0,0.255677722,0,0,0,0,0,0,0,0,0,0,0,0,0,0,0,0,0
C160RK5F.03,0.000275429,0,0,8.26E-05,0.001680117,0,2.75E-05,0,0,0,0,0,0,0,0,0,0,0,0,0,0,0,0.386784918,0.038339714,0,0,0,0,0,0.017352026,0.000771201,0,0,0,0,0,0,0,0,0,0,0,0,8.26E-05,0,0,0,0,0.000330515,0,0,0,0,0,0.00066103,0,0,0.021042774,0.04685047,0,0.000385601,0,0.028975129,0,0,0.001625031,0.012311675,0.210290027,0,0.003525491,0.012366761,0.081526978,0,0.002671661,0.010053158,0,0,0,0,0,0,0,0,0,0,0,0,0,0,0,0,0,0,0,0.006031895,0,0,0,0,0,0,0,0,0,0,0,0.115928058,0,2.75E-05,0,0,0,0,0,0,0,0,0,0,0,0,0,0,0
A160PFPF.03,0.000155841,0,0,0.000218177,0.001433736,0,0,0,0,0,0,0,0,0,0.006046628,0,0,0,0,0.00034285,0,0,0.001589577,0.064642813,0,0,0,0,0,0,0.003490837,0,0,0,0,0,0,0,0,0,0,0,0,3.12E-05,0,0,0,0,0,0,0,0,0,9.35E-05,3.12E-05,0,0.000498691,0.003179155,0.203060716,0,0.262747787,0,0.000218177,0,0,0.074024436,0,0.081006109,0,0,0,0.076424386,0,0.029827952,0,0,0,0,0,0,0,0,0,0,0,0,0,0,0,0,0,0,0,0,0,0,3.12E-05,0,0,0,0,0,9.35E-05,0,0,0,0.137701035,0,0.053048248,6.23E-05,0,0,0,0,0,0,0,0,0,0,0,0,0,0
D160PX8S.03,0,0,0,0.000243598,0.018543893,0,0.00118754,0,0,0,0,0,0,0,0,0,0,0,0,0.000548095,0,0,0,0.324533358,0,0,0,0,0,0.006424896,0.051977711,0,0,0,0,0,0,0,0,0,3.04E-05,0,0,0,0,0,0,0,0.000456746,0,0,0,0,0,0.001492037,0,0,0.002953625,6.09E-05,0,0.17517737,0,0.001857434,0,0,0.015955665,0,0.011692701,0,0,0.00356262,0.104351268,0,0.265734905,0,0,0,0,0,0,0,0,0,0,0,0,0,0,0,0,0,0,0,0,0,0,0,0,0,0,0,0.000121799,0,0,0,0,0.013093389,0,0,0,0,0,0,0,0,0,0,0,0,0,0,0,0,0
A160PK2M.03,0,0,0,0.000556511,0.000733583,0,5.06E-05,0,0,2.53E-05,0,0,0,0,0.000632399,0,0,0,0,0,0,0,0.107533138,0.114616007,0,0.000328848,0,0,0.05714358,0.010851968,0.000708287,0.011914398,0,0,0,0,0,0,0,0,0,0,0,2.53E-05,2.53E-05,0,0,0,0.00025296,0,0,0,2.53E-05,0,0,0,0,0.000328848,0,0,0.085045027,0,0,0,0,0.001365982,0,0.39648892,0,0,0.012673277,0.030228676,0,0.08552565,0.004376202,0,0,0,0,0,0,0,0,0,0,0,0,0,0,0,0,0,0,0,0.014140443,0,0,0,0,0,0,0.003086107,0.000303552,0,0,0,0.060862086,7.59E-05,0,2.53E-05,0,0,0,0,0,0,0,0,0,0,0,0,0,5.06E-05
H160PY69.03,0,0,0,0.002978621,0.007398511,0,0,0,0,0,0,0,0,0,0.001008888,0,0,0,0,0.000240211,0,0,0.225822724,0.000240211,0,4.80E-05,0,0,0.015637761,0.007686764,0.128705261,0,0,0,0,0,0,0,0,0,0,0,0,0,4.80E-05,0,0,0,0.000120106,0,0,0,0,0,0,0,4.80E-05,0.014052366,0.035118905,0,0.032260389,0,0,0,0,0.007422532,0,0.001537353,0.001417247,0,0.000240211,0.020634158,0.003819361,0.454167668,0.000288254,0,0,0,0,0,0,0,0,0,0,0,0,0,0,0,0,0,0,0,0.00127312,0,0,0,0,0,0,0,0.003651213,0,0,4.80E-05,0.033005044,0.000600528,0,9.61E-05,0,0,0,0,0,0,0,0,0,0,0,0,0,0.000384338
E160RK7C.03,0,0,0,0.003414809,0.003414809,0,0.001258088,0,0,0,0,0,0,0,0.000179727,0,0,0,0,7.19E-05,0,0,0.057476636,0.05589504,0,0.000107836,0,0,0.073364486,0.038066139,0.00248023,0.02426312,0,0,0,0,0,0,0,0,0,0,0,0,0,0,0,0,0.000107836,0,0,0,0,0,0,0,3.59E-05,0,0,0,0.049137311,0,0.000143781,0.002120776,0.000503235,0.000790798,0,0.196189792,0.000179727,0,0.042307692,0.018224299,0.00053918,0.252839684,0.000107836,0,0,0,0,0,0,0,0,0,0,0,0,0,0,0,0,0,0,0,0.003378864,0,3.59E-05,0,0,0,0,0.002048886,0.007872035,0,0,7.19E-05,0.155859094,0,0,0,0,0,0,0,0,0.000143781,3.59E-05,0,0,0,0.007332854,0,0,0
J160RKNM.03,4.44E-05,0,0,0.00657807,0.045779812,0,0.000400018,0,0,0,0,0,0,0,0,0,0,0,0,0,0,0,0.383839282,0.011511623,0,0,0,0,0.006489177,0.041024046,0.069203076,0.000577803,0,0,0.001644518,0,0,0,0,0,0,0,0,0,0,0,0,0,0.000133339,0,0,0,0,0,4.44E-05,0,0,8.89E-05,0.001466732,0,0.000888928,0,4.44E-05,0,0,0.000577803,0,0.002933464,0.015200676,0.017689675,0.000444464,0.101071159,0,0.257744789,0.000177786,0,0,0,0,0,0,0,0,0,0,0,0,0,0,0,0,0,0,0,0.002577892,0,0,0,0,0,0,0,0.020712032,0,0,0,0.011111605,0,0,0,0,0,0,0,0,0,0,0,0,0,0,0,0,0
K160RJ9X.03,0,0,0,0.004188083,0.000723396,0,0,0,0,0,0,0,0,0,0,0,0,0,0,0,0,0,0.114677327,0.012450029,0,0,0,0,0.085018085,0,0,0,0,0,0,0,0,0,0,0,0,0,3.81E-05,0,0,0,0,0,3.81E-05,0,0,0,0,0,0.000190367,0,0,0.001789454,0.003616981,0,0.033162003,0,0.007233962,0,0,0.023643632,0,0.17342471,0,0,0.000647249,0.279535504,0,0.191395393,0.004949553,0.000533029,0,0,0,0,0,0,0,0,0,0,0,0,0,0,0,0,0,0,0,0,0,0,0,0,0,0,3.81E-05,0,0,0,0.059280411,0,0.003426613,0,0,0,0,0,0,0,0,0,0,0,0,0,0,0
E160RJ31.03,9.47E-05,0,0,0,0,0,0.000151472,0.000246142,0,0,0,0,0,0,0,0,0,0,0,1.89E-05,0,0,0,0,0,0,0,0,0,0,0,0,0,0,0,0,0,0,0,0,0,0,0,0.000265076,0,0,0,0,0.042431128,0,0,0,0.000927767,0,0,0,0,0.037565086,0,0,0.001476853,0,0,0,0,0,0,0,0,0,0,0.286926063,0,0.04786519,0,0,0,0,0,0,0,0,0,0,0,0,0,0,0,0,0,0,0,0,0,0,1.89E-05,0,0,0,0,0,0,0,0,0,0.576313547,0,0.005699139,0,0,0,0,0,0,0,0,0,0,0,0,0,0,0
K160P065.03,0.000108369,0,0,0,0,0,0,0,0,0,0,0,0,0,0,0,0,0,0,0,0,0,0,0,0,0,0,0,0,0,0,0,0,0,0,0,0,0,0,0,0,0,0,0.000294145,0,0,0,0,0.170278973,0,0,0,0.000913398,0,0,0,0,0.014459547,0,0,0.196364987,0,0,0,0,0,0,0,0,0,0,0.13360374,0,0,0,0,0,0,0,0,0,0,0,0,0,0,0,0,0,0,0,0.000201257,0,0,0,0,0.000216738,0,0,0,0,0,0,0,0,0,0.365715082,0.000185776,0.117178066,0.000448958,0,0,0,0,0,0,0,0,0,0,0,0,0,3.10E-05
D160PB6Z.03,4.00E-05,0,0,0,0.349931951,0,0,0,0,0,0,0,0,0,0,0,0,0,0,4.00E-05,0,0,0,0,0,0,0,0,0,0,0,0,0,0,0,0,0,0,0,0,0,0,0,0,0,0,0,0,0.000160115,0,0,0,0,0,0.000760548,0,0,0.025858618,0.034945161,0,0.042910896,0,0,0,0,0.057921704,0,0,0,0,0,0.166399808,0,0.17040269,0,0,0,0,0,0,0,0,0,0,0,0,0,0,0,0,0,0,0,0,0,0,0,0,0,0,0,0,0,0,0,0,0.150628452,0,0,0,0,0,0,0,0,0,0,0,0,0,0,0,0,0
A160P8T1.03,7.49E-05,0,0,4.99E-05,0,0,0.001322586,0.00346867,0,0,0,0,0,0,0,0,0,0,0,0,0,0,0.003094353,0,0,0,0,0,0.029296534,0,0.588401168,0,0,0,0,0,0,0,0,0,0,0,0,7.49E-05,0,0,0,0,0.071843885,0,0,0,7.49E-05,0,0,0,0,0.027200359,0,0,0,0,0,0,0,0,0,0,0,0.078856088,0,0.117260999,0,0.077857909,0,0,0,0,0,0,0,0,0,0,0,0,0,0,0,0,0,0,0,0,0,2.50E-05,0,4.99E-05,0,0,0,0,0,0,0,0,0,7.49E-05,0.000948269,2.50E-05,0,0,0,0,0,0,0,0,0,0,0,0,0,0
A160PFR1.03,0,0,0,0,0.076477987,0,0.001207547,0,0,0,0,0,0,0,0,0,0,0,0,0.004427673,0,0,0.148301887,7.55E-05,0,0,0,0,0,0,0,0,0,0,0,0,0,0,0,0,0,0,0,0,0,0,0,0,7.55E-05,0,0,0,0,0,0.000427673,0,0,0.002339623,0.028855346,0,0.026289308,0,0,0,0,0.09690566,0,0,0,0,0,0.299672956,0,0.056427673,0,0,0,0,0,0,0,0,0,0,0,0,0,0,0,0,0,0,0,0,0,0,0,0,0,0,0,0,0,0,0,0,0.258515723,0,0,0,0,0,0,0,0,0,0,0,0,0,0,0,0,0
K160PQ05.03,0.000326205,0,0,0.005219282,0.009169989,0,7.25E-05,0,0,0,0,0,0,0,7.25E-05,0,0,0,0,0.00014498,0,0,0.250271838,0.182964842,0,7.25E-05,0,0,0.07680319,0.020623414,0.061217833,0,0,0,0,0,0,0,0,0,0,0,0,3.62E-05,0,0,0,0,0.00050743,0,0,0,0,0,0,0,0,0.001123596,3.62E-05,0,0.005617978,0,0.000978615,0,0,0.00086988,0,0.054657485,0,3.62E-05,0,0.109568684,7.25E-05,0.154186299,0.00028996,0,0,0,0,0,0,0,0,0,0,0,0,0,0,0,0,0,0,0,0.037803552,0,0,3.62E-05,0,0,0,0.002827111,0,0,0,0,0.024392896,0,0,0,0,0,0,0,0,0,0,0,0,0,0,0,0,0
F160PLLZ.03,0,0,0,0,0.110033369,0,0.000593858,0,0,0,0,0,0,0,0,0,0,0,0,0.0032238,0,0,0.286380861,0.008511962,0,0,0,0,0,0,0,0,0,0,0,0,0,0,0,0,0,0,0,0,0,0,0,0,0.000311068,0,0,0,0,2.83E-05,0.001102879,0,0,0.00347831,0.007211131,0,0.015609977,0,0,0,0,0.055992308,0,0.075108874,0,0,0,0.093009445,0,0.326876308,0,0,0,0,0,0,0,0,0,0,0,0,0,0,0,0,0,0,0,0,0,0,0,0,0,0,0,0,0,0,0,0,0.012499293,0,0,2.83E-05,0,0,0,0,0,0,0,0,0,0,0,0,0,0
E160P05C.03,0.000416653,0,0,0,0,0,0.000576905,0,0,0,0,0,0,0,0,0,0,0,0,0.004006282,0,0,0.096599468,0,0,0,0,0,0,3.21E-05,0,0,0,0,0,0,0,0,0,0,0,0,0.000288452,0.000192302,0,0,0,0,0.014679017,0,0,0,9.62E-05,0,6.41E-05,0,0,0.167718983,0,0,0.002083267,0,0,0,0,0.150636198,0,0,0,0,0,0.278773116,0,0.116502676,0,0,0,0,0,0,0,0,0,0,0,0,0,0,0,0,0,0,0,0,0,0,0,0,0,0,0,0,0,0,0,0,0.088202301,0,0.079067979,0,0,0,0,0,0,0,0,0,0,0,0,0,0,6.41E-05
C160PJ06.03,0.000154795,0,0,0,2.21E-05,0,0.000176909,4.42E-05,0,0,0,0,0,0,0,0,0,0,0,0.018177395,0,0,0.000110568,0.000132682,0,0,0,0,0.240463501,0,0.01954844,0,0,0,0,0,0,0,0,0,0,0,0.000862431,0,0,0,0,0,0.004179474,0,0,0,2.21E-05,0,0,0,0,0.416598483,0,0,0,0,0,0,0,0,0,0,0,0.032706044,0,0.154662657,4.42E-05,0.110767121,0.000154795,0,0,0,0,0,0,0,0,0,0,0,0,0,0,0,0,0,0,0,0,0,0,0,0.00024325,0,0,0,8.85E-05,0,0,0,0,2.21E-05,0.00079609,0,0,0,0,0,0,0,0,0,0,0,0,0,0,2.21E-05
H160PF3K.03,0.000174764,0,0,0,0,0,0.00019661,0,0,0,0,0,0,0,0.000109228,0,0,0,0,0.000218455,0,0,0.001332576,0,0,0,0,0,0,0,0,0,0,0,0,0,0,0,0,0,0,0,0,2.18E-05,0,0,0,0,0.003342363,0,0,0,6.55E-05,0.00019661,0,0,0,2.18E-05,0,0,0.04168123,0,0,0,0,0,0,0.327158336,0,0,0,0.006772108,0,2.18E-05,0,0,0,0,0,0,0,0,0,0,0,0,0,0,0,0,0,0,0,0,0,0,0,0,0,0,0,0,0,0,0,0,0.618555575,0,0.000131073,0,0,0,0,0,0,0,0,0,0,0,0,0,0,0
B160P6J9.03,0.00103114,0,0,0,0,0,0.007063312,0,0,0,0,0,0,0,0,0,0,0,0,1.29E-05,0,0,0,0,0,0,0,0,0,0,0,0,0,0,0,0,0,0,0,0,0,0,0,9.02E-05,1.29E-05,0,0,0,0.004214787,0,0,0,0.000322231,0,0,0,0,0.011651887,0,0,0.094658693,0,0,0,0,0,0,0,0,0,0,0.007862446,0,0,0,0,0,0,0,0,0,0,0,0,0,0,0,0,0,0,0,0,0,0,0,0,0,0,0,0,0,0,0,0,0,0,0.873027944,1.29E-05,2.58E-05,1.29E-05,0,0,0,0,0,0,0,0,0,0,0,0,0,0
C160RH9K.03,2.69E-05,0,0,0.00315177,0.000134691,0,0,0,0,0,0,0,0,0,0.000134691,0,0,0,0,0,0,0,0,0.004283174,0,0.000242444,0,0,0,0.085852055,0.023328484,0,0,0,0,0,0,0,0,0,0,0,0,0,0,0,0,0,0,0,0,0,0,2.69E-05,0.000727332,0,8.08E-05,8.08E-05,0,0,0.008296967,0,0.006707613,0,0,0.003286461,0,0.580221971,0,0,0.019206939,0.048488767,0.00059264,0.093313938,0.00315177,2.69E-05,0,0,0,0,0,0,0,0,0,0,0,0,0,0,0,0,0,0,0,0,0,0,0,0,0,0,2.69E-05,0,0,0,0.03510048,0,0,0,0,0,0,0,0,0,0,0,0,0,0.083508432,0,0,0
D160P5C1.03,3.26E-05,0,0,0,0,0,0.000406974,0,0,0,0,0,0,0,0,0,0,0,0,4.88E-05,0,0,0,0,0,0,0,0,0.02183008,0.000325579,0,0,0,0,0,0,0,0,0,0,0,0,0,0,0,0,0,0,0.000325579,0,0,0,1.63E-05,0.001025574,0,0,0,0.122352635,0,0,0.010027837,0,0,0,0,0,0,0,0,0,0,0,0,0,0,0,0,0,0,0,0,0,0,0,0,0,0,0,0,0,0,0,0,0,0,0,0,0,0,0,0,0,0,0,0,0,0.843608068,0,0,0,0,0,0,0,0,0,0,0,0,0,0,0,0,0
A160PXM7.03,0.005840505,0,0,0,0,0,0.009351021,0,0,0,0,0,0,0,0.000124266,0,0,0,0,0.001149461,0,0,3.11E-05,0,0,0,0,0,0,0,0,0,0,0,0,0,0,0,0,0,0,0,0,0,0,0,0,0,0.000963062,0,0,0,0,0.000838796,0,0,0,0.001366927,0,0,0.016185653,0,0,0,0,0.018049644,0,0.624654385,0,0,3.11E-05,0.013607133,0,9.32E-05,0,3.11E-05,0,0,0,0,0,0,0,0,0,0,0,0,0,0,0,0,0,0,0,0,0,0,0,0,0,0,0,0,0,0,0.307341017,0,0.000341732,0,0,0,0,0,0,0,0,0,0,0,0,0,0,0
A160PC2Z.03,3.42E-05,0,0,0.047772007,0,0,0.00020503,0,0,0,0,0,0,0,0,0,0,0,0,0.002118644,0,0,0.00447649,0.00427146,0,0,0,0,0,0.081157736,0.245045107,0,0,0,0,0,0,0,0,0,0,0,0,6.83E-05,0,0,0,0,0.000478403,0,0,0,0,0,0,0,0,0.006014215,0.000170858,0,0.003998086,0,0,0,0,0,0,0.168261345,0,0,0.00020503,0.212069437,0.004784035,0.084438218,0.000170858,0,0,0,0,0,0,0,0,0,0,0,0,0,0,0,0,0,0,0,3.42E-05,0,0.000102515,0,0,0,0,0,0,0,0,0,0.11116047,3.42E-05,0.022758338,0.000170858,0,0,0,0,0,0,0,0,0,0,0,0,0,0
J160P4YN.03,2.30E-05,0,0,0,0.001197825,0,0.069059246,0,0,0,0,0,0,0,6.91E-05,0,0,0,0,0.0021653,0,0,0,0,0,0,0,0,0.000115176,0.000460702,0,0,0,0,0,0,0,9.21E-05,0,0,0,0,0,6.91E-05,4.61E-05,0.000944439,0,0,0.154865014,0,0,0,0.000184281,0,0.1637796,0,0.000276421,0.014857643,0.000691053,0,0.001543352,0,0.000368562,0,0,0.000207316,0,0,0,0,0,0.000368562,0,0,0,6.91E-05,0,0,0,0,0,0,0,0,0,0,0,0,0,0,0,0,0,0,0,0,2.30E-05,4.61E-05,0,0,0,0,4.61E-05,0,0,6.91E-05,0.587141804,0.000161246,0.000575878,4.61E-05,0,0.000138211,0,0,0,0,0,0,0,0,0,0,0,0.000299456
C160RFPK.03,0,0,0,0,0,0,0.002803925,0,0,0,0,0,0,0,0,0,0,0,0,0,0,0,0,0,0,0,0,0,0,0,0,0,0,0,0,0,0,0,0,0,0,0,0,0.000120168,0,0,0,0,0.023232526,0,0,0,0.000600841,0,0.165111156,0,0,0.004205888,0,0,0.184978971,0,0,0,0,0,0,0,0,0,0,0,0,0.216903665,0,0,0,0,0,0,0,0,0,0,0,0,0,0,0,0,0,0,0,0,0,0,0,0,0,0,0,0,0,0,0,0,0.40204286,0,0,0,0,0,0,0,0,0,0,0,0,0,0,0,0,0
E160PMH8.03,9.62E-05,0,0,0.018073681,0.001347346,0,0.001790045,0,0,0,0,0,0,0,0,0,0,0,0,0.028409747,0,0,0.047099357,0.005524117,0,0,0,0,0,0.010644031,0.439273203,0,0,0,0,0,0,0,0,0,0,0,0,0,0,0,0,0,0.002117258,0,0,0,0,0,0,0,0,0.005293144,0.000327213,0,0.021961735,0,0,0.00034646,0,0.002983408,0,0.01056704,0.00034646,0,0,0.100127035,0,0.26305963,0,0,0,0,0,0,0,0,0,0,0,0,0,0,0,0,0,0,0,0,0.012260846,0,0,0,0,0,0,0,0.026177003,0,0,0,0.002175001,0,0,0,0,0,0,0,0,0,0,0,0,0,0,0,0,0
D160P8C7.03,8.09E-05,0,0,0.002075975,0.039173924,0,0,0,0,0,0,0,0,0,0,0,0,0,0,0,0,0,0.015232806,0.000485293,0,0,0,0,0.026340622,0.001024507,0.361300585,0,0,0,0,0,0,0,0,0,0,0,0,0,0,0,0,0,0.000889704,0,0,0,0,0,0,0,0,8.09E-05,0.000593136,0,0.070421396,0,0,0,0,0.000647057,0,0.00374754,0.0022647,0,0.000269607,0.100293872,0.009975466,0.351459923,0.000647057,0,0,0,0,0,0,0,0,0,0,0,0,0,0,0,0,0,0,0,0.003882343,0,0,0,0,0,0,0,0.000242646,0,0,0,0.008870076,0,0,0,0,0,0,0,0,0,0,0,0,0,0,0,0,0
C160NSYM.03,0.000374012,0,0,0,0,0,0.000133576,0.003205813,0,0,0,0,0,0,0,0,0,0,0,0,0,0,0.003873691,0,0,0,0,0,0,0,0,0,0,0,0,0,0,0,0,0,0,0,0.000213721,0,0,0,0,0,0.000374012,0,0,0,0,0,0,0,0,0.033420603,5.34E-05,0,5.34E-05,0,0,0,0,0.28408848,0,5.34E-05,0,0.044106647,0,0.055300278,0,0.232234452,0,0,0,0,0,0,0,0,0,0,0,0,0,0,0,0,0,0,0,0,0,0,0,0,0,0,0,0,0,0,0,0,0.342487711,2.67E-05,0,0,0,0,0,0,0,0,0,0,0,0,0,0,0,0
G160PSPN.03,0,0,0,0.014642783,0.021772766,0,1.60E-05,0,0,0,0,0,0,0,3.19E-05,0,0,0,0,0.000191409,0,0,0.12947219,0.001419616,0,0,0,0,0,0.285454516,0,0,0,0,0,0,0,0,0,0,0,0,0,0,0,0,0,0,0,0,0,0,0,0,0,1.60E-05,0,0,4.79E-05,0,0.008709106,0,0.002615922,0,0,0.000446621,0,0.040913659,0.007321392,0,0.005104238,0.071443383,0,0.4030115,0.000733734,0,0,0,0,0,0,0,0,0,0,0,0,0,0,0,0,0,0,0,0,0,0,0,0,0,0,0,0.002615922,0,0,0,0.002041695,0,0,0,0,0,0,0,0,0,0,0,0,0,0.001977892,0,0,0
E160PLNT.03,1.78E-05,0,0,0,0,0,0.00383659,0,0,0,0,0,0,0,1.78E-05,0,0,0,0,0.010426288,0,0,0.568667851,0,0,1.78E-05,0,0,0.194653641,0.00017762,0,0,0,0,0,0,0,0,0,0,0,0,0,0,0,0,0,0,0.00017762,0,0,0,0,0,0,0,0,0.019058615,0.000976909,0,0.032007105,0,0,0,0,0,0,0,0,0,0,0.000319716,0,0.048223801,0,0,0,0,0,0,0,0,0,0,0,0,0,0,0,0,0,0,0,0,0,0,8.88E-05,0,0,0,0,0,0,0,0,0,0.121314387,0,0,0,0,0,0,0,0,0,0,0,0,0,0,0,0,1.78E-05
G160PQS2.03,4.98E-05,0,0,0,0.039642421,0,2.49E-05,0,0,0,0,0,0,0,2.49E-05,0,0,0,0,0.000846635,0,0,0.031375283,0.009163575,0,9.96E-05,0,0,0.134365896,0,0.02029433,0,0,0,0,0,0,0,0,0,0,0,0,0,0,0,0,0,0.000199208,0,0,0,0,7.47E-05,0,0,0,0.001319754,0,0,0.000323713,0,0.01197739,0.002016982,0,0.000398416,0,0.018053238,0.01882517,0.040987076,0,0.051470405,0.000124505,0.614606937,2.49E-05,0.00049802,0,0,0,0,0,0,0,0,0,0,0,0,0,0,0,0,0,0,0,0,0,0,0,0,0,0,0.000896437,0,0,0,0.002265993,0,0,4.98E-05,0,0,0,0,0,0,0,0,0,0,0,0,0,0
B160NXSZ.03,0.00040467,0,0,0,0.001821015,0,2.02E-05,0.000263035,0,0,0,0,0,0,0,0,0,0,0,2.02E-05,0,0,0.246545131,0,0,0,0,0,0,0,0,0,0,0,0,0,0,0,0,0,0,0,0,8.09E-05,0,0,0,0,0.003500395,0,0,0,0,0,0,0,0,0.040406289,0,0,0.024199259,0,0,0,0,0.184104567,0,0,0,0.006373551,2.02E-05,0.002023349,0,0.177569148,0,0,0,0,0,0,0,0,0,0,0,0,0,0,0,0,0,0,0,0,0,0,0,0,0,0,0,0,0,0,0,0,0.312647957,0,0,0,0,0,0,0,0,0,0,0,0,0,0,0,0,0
C160NVW8.03,0.000178301,0,0,0,0,0,1.78E-05,0,0,0,0,0,0,0,0,0,0,0,0,0,0,0,0.012623696,0,0,0,0,0,0,0,0,0,0,0,0,0,0,0,0,0,0,0,0,1.78E-05,0,0,0,0,0.000481412,0,0,0,1.78E-05,0,0,0,0,0.043344923,0,0,5.35E-05,0,0,0,0,0.146581082,0,0,0,0.055219756,0,0.013069448,0,0.059481145,0,0,0,0,0,0,0,0,0,0,0,0,0,0,0,0,0,0,0,0,0,1.78E-05,0,0,0,0,0,0,0,0,0,0,0.668841936,3.57E-05,0,0,0,0,0,0,0,0,0,0,0,0,0,0,0,1.78E-05
H160PMRG.03,0,0,0,0.040996878,0.042326819,0,0,0,0,0,0,0,0,0,5.78E-05,0,0,0,0,0.002341853,0,0,0.459393431,0.023910027,0,0,0,0,0,0,0,0,0,0,0,0,0,0,0,0,0,0,0,0,0,0,0,0,2.89E-05,0,0,0,0,0,0,2.89E-05,0,0.014557072,0.000115647,0,0.006114838,0,0.000159015,0,0,0.025586909,0,0.006620793,0,0,0,0.021871747,0,0.230701399,0,0,0,0,0,0,0,0,0,0,0,0,0,0,0,0,0,0,0,0,0,0,0,2.89E-05,1.45E-05,0,0,0,0,0,0,0,0.125130103,0,0,0,0,1.45E-05,0,0,0,0,0,0,0,0,0,0,0,0
F160PSBP.03,0,0,0,0,0.055418784,0,0,0,0,0,0,0,0,0,0.000261904,0,0,0,0,5.24E-05,0,0,0.105494736,0.022314179,0,5.24E-05,0,0,0.067413965,0,0.016080876,0,0,0,0,0,0,0,0,0,0,0,0,0,0,0,0,0,0.000838091,0,0,0,0,0,0,0,0,0.005552355,0.000157142,0,0.020480855,0,0.082237704,0.001361898,0,0.004085695,0,0.034518883,0.008852339,0.259022576,0,0.132837463,0,0.124666073,0,5.24E-05,0,0,0,0,0,0,0,0,0,0,0,0,0,0,0,0,0,0,0,0,0,0,0,0,0,0,0,0,0,0,0.058247342,0,0,0,0,0,0,0,0,0,0,0,0,0,0,0,0,0
B160PHZD.03,0,0,0,0,0.047255578,0,0.000170461,0,0,0,0,0,0,0,0.000113641,0,0,0,0,0.008276829,0,0,0.407913179,0.004034244,0,0,0,0,0,0,0,0,0,0,0,0,0,0,0,0,0,0,0,1.89E-05,0,0,0,0,0.000265162,0,0,0,0,0,0.000340922,0,0,0.001136407,0.024091822,0,0.012803515,0,0,0,0,0.009167014,0,0.364369862,0,0,0,0.039963635,0,0.05958559,0,0,0,0,0,0,0,0,0,0,0,0,0,0,0,0,0,0,0,0,0,0,0,0,0,0,0,0,0,0,0,0,0.0203985,0,9.47E-05,0,0,0,0,0,0,0,0,0,0,0,0,0,0,0
K160PLPM.03,0,0,0,0.0146361,0.013496025,0,0.000338941,0,0,0,0,0,0,0,0.000184877,0,0,0,0,0.00228015,0,0,0.121587478,0.000523818,0,0,0,0,0,0.167252111,0,0,0,0,0,0,0,0,0,0,0,0,0,0,0,3.08E-05,0,0,0.000400567,0,0,0,0,0,9.24E-05,0,0,0.001078449,3.08E-05,0,0.002341776,0,0.028532692,6.16E-05,0,0.002958033,0,0.037961422,0.023664263,0,0.009089789,0.104116596,0,0.45621495,0.000739508,0,0,0,0,0,0,0,0,0,0,0,0,0,0,0,0,0,0,0,0,0,0,0,0,0,0,0,0.002403402,0,0,0,0.00228015,0,0,0,0,0,0,0,0,0,0,0,0,0,0.007703211,0,0,0
B160P04K.03,0.000495499,0,0,0,0.002807829,0,0.000165166,8.26E-05,0,0,0,0,0,0,0.000330333,0,0,0,0,0,0,0,0.188289702,0,0,0,0,0,8.26E-05,0,0,0,0,0,0,0,0,0,0,0,0,0,8.26E-05,0.000165166,0,0,0,0,0.005615658,0,0,0,8.26E-05,0,0,0,0,0.096870097,8.26E-05,0,0.058551491,0,0,0,0,0.118341729,0,8.26E-05,0,0.003303328,0,0.01238748,0,0.105293583,0,0,0,0,0,0,0,0,0,0,0,0,0,0,0,0,0,0,0,0,0,0,0,0,0,0,0,0,0,0,0,0,0.406887439,0,0,0,0,0,0,0,0,0,0,0,0,0,0,0,0,0
B160PPNJ.03,0.004080988,0,0,0,0,0,0.000236961,0,0,0,0,0,0,0,7.90E-05,0,0,0,0,7.90E-05,0,0,2.63E-05,0,0,0,0,0,0,0,0,0,0,0,0,0,0,0,0,0,0,0,0,5.27E-05,0,0,0,0,0.001158474,0,0,0,0,0.000605566,0,0.000105316,0,0,0,0,0.031910692,0,0,0,0,0,0,0.519786209,0,0,0,0.002948843,0,2.63E-05,0,0,0,0,0,0,0,0,0,0,0,0,0,0,0,0,0,0,0,0,0,0,0,0,0,0,0,0,0,0,0,2.63E-05,0.438508728,0,0.000368605,0,0,0,0,0,0,0,0,0,0,0,0,0,0,0
H160PMG8.03,0,0,0,0.002249113,0.012132539,0,6.34E-05,0,0,0,0,0,0,0,0,0,0,0,0,6.34E-05,0,0,0.223580841,3.17E-05,0,0,0,0,0.026735935,0.002534212,0.195419412,0,0,0,0,0,0,0,0,0,0,0,0,0,0,0,0,0,9.50E-05,0,0,0,0,0,0,6.34E-05,0,0.000158388,0.003262798,0,0.077103396,0,0,0,0,0.030822352,0,0.002280791,0.001457172,0,0.000316776,0.035478966,0.002249113,0.239609731,0.001330461,0,0,0,0,0,0,0,0,0,0,0,0,0,0,0,0,0,0,0,0.001330461,0,0,0,0,0,0,0,0.004529904,0,0,0,0.137100862,0,0,0,0,0,0,0,0,0,0,0,0,0,0,0,0,0
E160P3K3.03,3.65E-05,0,0,0,0,0,0.000619838,0,0,0,0,0,0,0,0,0,0,0,0,0,0,0,0.000145844,0,0,0,0,0,0.001695441,0.000401072,0,0,0,0,0,0,0,0,0,0,0,0,0,0,0,0,0,0,9.12E-05,0,0,0,0,0,0,3.65E-05,0,0.362313821,1.82E-05,0,3.65E-05,0,0,0,0,1.82E-05,0,1.82E-05,0,0,0,0,0,0,0,0,0,0,0,0,0,0,0,0,0,0,0,0,0,0,0,0,0,0,0,0,0,0,0,0,0,0,0,0,0,0,0.634568756,0,0,0,0,0,0,0,0,0,0,0,0,0,0,0,0,0
F160QYJK.03,0,0,0,0,0,0,4.28E-05,0,0,0,0,0,0,0,0,0,0,0,0,0.00014987,0,0,0,0,0,4.28E-05,0,0,0.175348449,0,0,0,0,0,0,0,0,0,0,0,0,0,0,6.42E-05,0,0,0,0,0.010897724,0,0,0,0.000385381,0.00010705,0,0,0,0.086710771,0,0,0.000449611,0,0,0,0,0,0,0,0,0,0,0.008949408,0,0.000792172,0,0,0,0,0,0,0,0,0,0,0,0,0,0,0,0,0,0,0,0,0,0,0,0,0,0,0,0,0,0,0,0,0.715995461,0,6.42E-05,0,0,0,0,0,0,0,0,0,0,0,0,0,0,0
G160PT6Q.03,0,0,0,0.012572476,0.035764809,0,0,0,0,0,0,0,0,0,0,0,0,0,0,0.000139473,0,0,0.186634522,0.002968778,0,0,0,0,0,0,0.158620415,0,0,0,0,0,0,0,0,0,0,0,0,0,0,0,0,0,0,0,0,0,0,0,0,0,0,0.003686067,0,0,0.000478192,0,0,0,0,0.001036084,0,0.000458268,0,0,0,0.088704696,0,0.453246727,0,0,0,0,0,0,0,0,0,0,0,0,0,0,0,0,0,0,0,0,0,0,0,0,0,0,0,0,0,0,0,0,0.055669569,0,0,0,0,0,0,0,0,0,0,0,0,0,0,0,0,1.99E-05
B160NXVF.03,0.000348816,0,0,0,0,0,0.001193317,0,0,0,0,0,0,0,1.84E-05,0,0,0,0,0.002331559,0,0,0.401982743,0,0,0,0,0,0,0,0,0,0,0,0,0,0,0,0,0,0,0,0,0,0,1.84E-05,0,0,0.020359831,0,0,0,0.000110152,0,0,0,0,0.554562144,1.84E-05,0,0.002735451,0,0,0,0,0,0,0,0,0,0,0.000348816,0,0.000844502,0,0,0,0,0,0,0,0,0,0,0,0,0,0,0,0,0,0,0,0,0,0,0,0,0,0,0,0,0,0,0,0,0.014007711,1.84E-05,0.001101524,0,0,0,0,0,0,0,0,0,0,0,0,0,0,0
J160RMF3.03,2.19E-05,0,0,0,0,0,0.018299766,0,0,0,0,0,0,0,0,0,0,0,0,0.025773083,0,0,0,0,0,0,0,0,0,0,0,0,0,0,0,0,0,0,0,0,0,0,0,0,0,0,0,0,0.001468364,0,0,0,2.19E-05,0,0.003396962,0,0,0.019242149,0,0,4.38E-05,0,0,0,0,0,0,0,0,0,0,0,0,0.455346381,0,0,0,0,0,0,0,0,0,0,0,0,0,0,4.38E-05,0,0,0,0,0,4.38E-05,0,0,0,0,0,0,0,0,0,0,0,0.476276053,0,0,2.19E-05,0,0,0,0,0,0,0,0,0,0,0,0,0,0
F160RJVJ.03,0,0,0,0,0,0,0.000365414,0,0,0,0,0,0,0,0.000205545,0,0,0,0,0.004544832,0,0,0,0,0,0,0,0,0,0,0,0,0,0,0,0,0,0,0,0,0,0,0,0.001004887,0,0,0,0,0.000479605,0,0,0,2.28E-05,0,0.156305668,0,0,0.006965697,0,0,0.149568355,0,0,0,0,0,0,0,0,0,0,0,0,0.034851322,0,0,0,0,0,0,0,0,0,0,0,0,0,0,0,0,0,0,0,0,0,0,0,0,0,0,0,0,0,0,0,0,0.645617321,0,0,6.85E-05,0,0,0,0,0,0,0,0,0,0,0,0,0,0
A160PPD4.03,8.27E-05,0,0,0,0.062174237,0,8.27E-05,0,0,0,0,0,0,0,0,0,0,0,0,0.000744602,0,0,0.03776785,0.010962191,0,0,0,0,0.027095226,4.14E-05,0.219036982,0,0,0,0,0,0,0,0,0,0,0,0,0,0,0,0,0,0.000455034,0,0,0,0,0,0,0,0,0.001944238,4.14E-05,0,0.000455034,0,0,0.000496401,0,0.001323736,0,0,0.010052122,0.053694051,0,0.028170762,8.27E-05,0.542400927,0.000165467,0,0,0,0,0,0,0,0,0,0,0,0,0,0,0,0,0,0,0,0,0,0,0,0.001489203,0,0,0,8.27E-05,0,0,0,0.001158269,0,0,0,0,0,0,0,0,0,0,0,0,0,0,0,0,0
C160NSSY.03,2.66E-05,0,0,0,0,0,0.000185864,0,0,0,0,0,0,0,5.31E-05,0,0,0,0,0.001699326,0,0,0,0,0,0,0,0,0,0,0,0,0,0,0,0,0,0,0,0,0,0,0,0.00148691,5.31E-05,0,0,0,0.141150231,0,0,0,0.006372471,0,0.047103181,0.000185864,0,0.00026552,0,0,0.000371727,0,0,0,0,0,0,0,0,0,0,0,0,0,0,0,0,0,0,0,0,0,0,0,0,0,0,0,0,0,0,0,0,0,0,0,0,0,0,0,0,0,0,0,0.000292072,0,0.674366736,0,0.126360788,0,0,0,0,0,0,0,0,0,0,0,0,0,0,2.66E-05
K160NR81.03,0.000108213,0,0,0,0,0,0.016917361,0.012011687,0,0,0,0,0,0,0,0,0,0,0,3.61E-05,0,0,0.0008116,0,0,0,0,0,0,0,0,0,0,0,0,0,0,0,0,0,0,0,1.80E-05,0,1.80E-05,0,0,0,0.001334632,0,0,0,3.61E-05,0,0,0,0,0.086823215,0,0,0,0,0,0,0,0.196912311,0,0,0,0.01496952,0,0.009450637,0,0.426396855,0,0,0,0,0,0,0,0,0,0,0,0,0,0,0,0,0,0,0,0,0,0,0,1.80E-05,0,0,0,0,0,0,0,1.80E-05,0.233975399,0.000144285,0,0,0,0,0,0,0,0,0,0,0,0,0,0,0,0
H160PFQ7.03,0.000533404,0,0,0,0,0,0.000833444,0.000833444,0,0,0,0,0,0,6.67E-05,0,0,0,0,0.000100013,0,0,0.032704361,0,0,0,0,0,0.009667956,0,0.269902654,0,0,0,0,0,0,0,0,0,0,0,0,3.33E-05,0,0,0,0,0.045939459,0,0,0,0,0,0,0,0,0.066108815,3.33E-05,0,0,0,0,0,0,0,0,0,0,0.288605147,0,0.023136418,0,0.252266969,0,0,0,0,0,0,0,0,0,0,0,0,0,0,0,0,0,0,0,0,0,0,0,0.000133351,0,0,0,0,0,0,0,0,0,0.000100013,0.0090012,0,0,0,0,0,0,0,0,0,0,0,0,0,0,0
D160NVXQ.03,0.000159179,0,0,0,0,0,0.001512197,0,0,0,0,0,0,0,0,0,0,0,0,0.001512197,0,0,0.069959012,0,0,0,0,0,0,0,0,0,0,0,0,0,0,0,0,0,0,0,0,0.002984599,0,0,0,0,0.4187791,0,0,0,0.000775996,0,0,0,0,0.492478809,0,0,0.000318357,0,0,0,0,0,0,0,0,0,0,0.004854948,0,3.98E-05,0,0,0,0,0,0,0,0,0,0,0,0,0,0,0,3.98E-05,0,0,0,0,0,0,7.96E-05,5.97E-05,0,0,0,0,0,0,0,0.00029846,7.96E-05,0.000994866,0.00499423,0,0,0,0,0,7.96E-05,0,0,0,0,0,0,0,0,0
H160NXKF.03,0.000154218,0,0,0,0,0,0.003050087,0.000188488,0,0,0,0,0,0,0,0,0,0,0,0,0,0,0,0,0,0,0,0,0,0,0,0,0,0,0,0,0,0,0,0,0.001422231,0,0,0.000634007,0,0,0,0,0.279100053,0,0,0,0.001387961,1.71E-05,0,0,0,0.499168937,0,0,0.000342706,0,0,0,0,0,0,0,0,0,0,0,0,0,0,0,0,0,0,0,0,0,0,0,0,0,0,0,0,0,3.43E-05,0,0,0,0,1.71E-05,0,0,0,0,0,0,0,0,0,0,1.71E-05,0.00025703,0.214174335,0,0,3.43E-05,0,0,0,0,0,0,0,0,0,0,0,0
B160NXC3.03,0.000217197,0,0,0,0,0,0.000923085,0,0,0.000135748,0,0,0,0.000108598,0,0,0,0,0,2.71E-05,0,0,0,0,0,0,0,0,0,0,0,0,0,0,0,0,0,0,0,0,0,0,0,0.001710423,0,0.000135748,0,0,0.795292265,0,0,0,0.000352944,0,0,0,2.71E-05,0.033421117,5.43E-05,0,0.003095051,0,0,0,0,0.156897347,0,0,0,0,0,0,0,0.000217197,0,0,0,0,0,0,0,0,0,0,0,0,0,0,0,0,5.43E-05,0,0,0,2.71E-05,2.71E-05,0.000190047,0,0.000108598,0,0,0,0,0,0,0.000244346,0,0.001140282,0.005076969,5.43E-05,2.71E-05,0,0,0,0,0,0,0,0,0,0,0,0,0.000434393
C160NYNS.03,0,0,0,0,0,0,0,0,0,0,0,0,0,0,0,0,0,0,0,0,0,0,1.94E-05,0,0,0,0,0,0,0,0,0,0,0,0,0,0,0,0,0,0,0,0,0.000367747,0,0,0,0,0.116149886,0,0,0,0.001606472,0,0,0,0,0.598420625,0,0,3.87E-05,0,0,0,0,1.94E-05,0,0,0,0,0,3.87E-05,0,1.94E-05,0,0,0,0,0,0,0,0,0,0,0,0,0,0,0,0,0,0,0,0,0,0,0,0,0,0,0,0,0,0,0,0,0.28326172,0,3.87E-05,0,0,0,0,0,0,0,0,0,0,0,0,0,0,1.94E-05
A160P5PX.03,0,0,0,0,0,0,0.001421813,0,0,0,0,0,0,0,0,0,0,0,0,0,0,0,0,0,0,0,0,0,0,0,2.59E-05,0,0,0,0,0,0,0,0,0,0,0,0,0.000387767,0,0,0,0,0.163482667,0,0,0,0.00023266,0,0,0,0,0.506346457,0,0,0.000155107,0,0,0,0,0.000129256,0,0,0,0,0,0,0,0,0,0,0,0,0,0,0,0,0,0,0,0,0,0,0,0,0.000103405,0,0,0,0,2.59E-05,0,0,0,0,0,0,0,0,0,0.000413618,0.326629269,0.000646279,0,0,0,0,0,0,0,0,0,0,0,0,0,0,0,0
G160NSZY.03,0,0,0,0,0,0,0,0,0,0,0,0,0,0,0,0,0,0,0,0.000101947,0,0,0,0,0,0,0,0,0,0,0,0,0,0,0,0,0,0,0,0,0,0,0,0.000203894,0,0,0,0,0.357477826,0,0,0,0.001172393,0,0,0,0,0.639514731,0,0,0,0,0,0,0,0,0,0,0,0,0,0,0,0,0,0,0,0,0,0,0,0,0,0,0,0,0,0,0,0,0,0,0,0,0,5.10E-05,0.000203894,0,0,0,0,0,0,0,0,0.000407789,0,0.000815578,0,0,5.10E-05,0,0,0,0,0,0,0,0,0,0,0,0,0
B160RFT5.03,0.008175741,0,0,0,0,0,0.002161974,4.97E-05,0,0,0,0,0,0,0,0,0,0,0,0,0,0,0,0,0,0,0,0,2.49E-05,0,0,0,0,0,0,0,0,0,0,0,0,0,0,0.00091946,0,0,0,0,0.861658507,0,0,0,0,0,0,0,0,0,0,0,0.105017271,0,0,0,0,0,0,0,0,0,0,0.021296687,0,0.000497006,0,0,0,0,0,0,0,0,0,0,0,0,0,0,0,0,0,0,0,0,0,0,0,0,0,0,0,0,0,0,0,0,0.000173952,0,0,2.49E-05,0,0,0,0,0,0,0,0,0,0,0,0,0,0
C160NQB7.03,0.001954053,0,0,0,0,0,0.008995687,0,0,0,0,0,0,0,0,0,0,0,0,3.52E-05,0,0,0.07034592,0,0,0,0,0,0,0,1.76E-05,0,0,0,0,0,0,0,0,0,0,0,0,0.001197078,0,0,0,0,0.051879236,0,0,0,0.000299269,0,0,0,0,0.159581023,1.76E-05,0,0,0,0,0,0,0.643464484,0,0,0,0,0,0.00047531,0,0.000686559,0,0,0,0,0,0,0,0,0,0,0,0,0,0,0,0,0,0,0,0,0,0,0,0,0,0,0,0,0,0,0,0,0.061050964,0,0,0,0,0,0,0,0,0,0,0,0,0,0,0,0,0
E160P6T8.03,0.197468418,0,0,0,0,0,0.002541549,0,0,0,0,0,0,0,0,0,0,0,0,2.49E-05,0,0,2.49E-05,0,0,0,0,0,2.49E-05,0,0,0,0,0,0,0,0,0,0,0,0,0,0,0.000847183,0,0,0,0,0.798569756,0,0,0,0,0,0,0,0,0,0,0,0.000199337,0,0,0,0,0,0,0,0,0,0,7.48E-05,0,0,0,0,0,0,0,0,0,0,0,0,0,0,0,0,0,0,0,0,0,0,0,0,0,4.98E-05,0,0,0,0,0,0,0,0,2.49E-05,9.97E-05,0,4.98E-05,0,0,0,0,0,0,0,0,0,0,0,0,0,0
D160T6TB.03,0.001037447,0,0,0.00686691,0.001679676,0,0.000197609,0,0,0,0,0,0,0,0,0,0,0,0,0,0,0,0.006965715,0.002717123,0,0.000296413,0,0,0.058788657,0.033889932,0.11105622,0.001432665,0.005039028,0,0.003161743,0,0,0,0,0,0,0,0,0,0,0,0,0,4.94E-05,0,0,0,0,0,0.004347397,0,4.94E-05,0.003655765,0,0,0.021292362,0,0.006570497,0.000839838,0,0.000741033,4.94E-05,0.252346606,0.004396799,0,0.028356882,0.11416856,0.002815927,0.248098014,0.001185654,0.04535125,0,0,0,0,0,0,0,0,0,0,0,0,0,0,0,0,0,0,0.005829463,0,0,0,4.94E-05,0,0,0.004297994,0,0,4.94E-05,0,0.022329809,0,0,0,0,0,0,0,0,0,0,0,0,0,0,0,0,0
K160RNGX.03,0,0,0,0,0,0,0,0,0,0,0,0,0,0,2.71E-05,0,0,0,0,2.71E-05,0,0,5.41E-05,2.71E-05,0,0,0,0,0,0,0.000189512,0,0,0,0,0,0,0,0,0,0,0,0,0.005847795,0,0,0,0,0,0,0,0,0,0,0,0,0,0.099926903,0,0,0.000270731,0,0,0,0,0.429975363,0,0,0,0,0,0.004521212,0,0.000379024,0,0,0,0,0,0,0,0,0,0,0,0,0,0,0,0,0,0,0,0,0,0,0,0,2.71E-05,0,0,0,0,0,0,0,0.458131413,0,0,0.000595609,0,0,0,0,0,0,0,0,0,0,0,0,0,0
F160S29S.03,0,0,0,4.59E-05,0.002664462,0,0,0,0,0,0,0,0,0,4.59E-05,0,0,0,0,0,0,0,0.096380007,0.002159133,0,0,0,0,0.158902977,0,4.59E-05,0,0,0,0,0,0,0,0,0,0,0,0,0.000321573,0,0,0,0,0.000367512,0,0,0,0,0,0.000735024,4.59E-05,0,0.034454245,4.59E-05,0,0.003399485,0,0.072813304,0,0,0.101984564,0.000780963,0.274026093,0,0,0.000367512,0.053472988,0,0.090086365,0.000689085,0,0,0,0,0,0,0,0,0,0,0,0,0,0,0,0,0,0,0,0.032478868,0,0,0,0,0,0,0,0,0,0,0,0.073502389,0,4.59E-05,0.000137817,0,0,0,0,0,0,0,0,0,0,0,0,0,0
H160RNPX.03,0,0,0,0,0.001735001,0,0.005326759,0.000608772,0,0,0,0,0,0,0,0,0,0,0,0,0,0,0.000730527,0,0,0,0,0,0,6.09E-05,0,0,0,0,0,0,0,0,0,0,0,0,3.04E-05,0.000578334,0,0,0,0,9.13E-05,0,0,0,0,0,0.000121754,0,0,0.043222841,0,0,0.251940462,0,0.051928287,0,0,0.17012145,0,0.000273948,0,0,6.09E-05,0.166133991,0,0.258880468,0,9.13E-05,0,0,0,0,0,0,0,0,0,0,0,0,0,0,0,0,0,0,0,0,0,0,0,0,0,0,0,0,0,0,0.048032143,0,3.04E-05,0,0,0,0,0,0,0,0,0,0,0,0,0,0,0
F160RFVN.03,0.000222494,0,0,0,3.71E-05,0,0.000148329,0,0,0,0,0,0,0,3.71E-05,0,0,0,0,3.71E-05,0,0,0.028701747,0.000667482,0,0,0,0,0.130678236,0,0,0,0,0,0,0,0,0,0,0,0,0,0,0,0,0,0,0,7.42E-05,0,0,0,0,0,0,0,0,0.001668706,0,0,0.012014685,0,3.71E-05,0,0,0.083917381,0,0.000667482,0,0,0,0.076130085,0,0.103645196,0,0,0,0,0,0,0,0,0,0,0,0,0,0,0,0,0,0,0,0,0,0,0,0,3.71E-05,0,0,0,0,0,0,0,0.56113027,0,0.000111247,3.71E-05,0,0,0,0,0,0,0,0,0,0,0,0,0,0
E160RQJC.03,0,0,0,0,0,0,0.000262379,0.001049515,0,0,0,0,0,0,3.75E-05,0,0,0,0,0.000112448,0,0,0.019490985,0.00112448,0,0,0,0,0.095018554,0,0,0,0,0,0,0,0,0,0,0,0,0,3.75E-05,7.50E-05,0,0,0,0,0.002511339,0,0,0,7.50E-05,0,0,0,0,0.005097642,0,0,0.023576596,0,0.035158739,0,0,0.187825631,0,0.000112448,0,0,0,0.262528581,0,0.084073616,0.002773717,0,0,0,0,0,0,0,0,0,0,0,0,0,0,0,0,0,0,0,0,0,0,0,0,0,0,0,0.000224896,0,0,0,0.278646126,0,0,0.000187413,0,0,0,0,0,0,0,0,0,0,0,0,0,0
F160RXZM.03,0.000204583,0,0,0,0.000163666,0,0,0,0,0,0,0,0,0,4.09E-05,0,0,0,0,0,0,0,0.001227496,0,0,0,0,0,4.09E-05,0,4.09E-05,0,0,0,0,0,0,0,0,0,0,0,0.000818331,0.003273322,0,0,0,0,0.000163666,0,0,0,0,0,0,4.09E-05,0,0.102045827,0,0,0.000327332,0,0.084206219,0,0,0.316816694,0,0,0,0,0,0.281301146,0,0.003805237,0,0,0,0,0,0,0,0,0,0,0,0,0,0,0,0,0,0,0,0,0,0,0,0,0,0,0,0,4.09E-05,0,0,0,0.205400982,0,0,4.09E-05,0,0,0,0,0,0,0,0,0,0,0,0,0,0
C160S9XQ.03,0,0,0,0.008457031,0,0,3.51E-05,0.000701828,0,0,0,0,0,0,7.02E-05,0,0,0,0,0.000210548,0,0,0,7.02E-05,0,0,0,0,7.02E-05,0,0,0,0,0,0,0,0,0,0,0,0,0,0,0.000315823,0,0,0,0,0,0,0,0,0,0,0,0,0,0.008035934,0,0,0.000105274,0,0.000105274,0,0,0.116608766,0,0.51528231,0,0,0,0.148471769,0,0.040460399,7.02E-05,0,0,0,0,0,0,0,0,0,0,0,0,0,0,0,0,3.51E-05,0,0,0,0,0,0,0,0,0,0,0,0,0,0,0.155314595,0,0.005544443,3.51E-05,0,0,0,0,0,0,0,0,0,0,0,0,0,0
K160Q5WK.03,0,0,0,0.014859367,0,0,4.42E-05,0,0,0,0,0,0,0,0,0,0,0,0,0.000265346,0,0,0.084247302,0.001017159,0,0,0,0,0.000353794,0.112550858,0.262957722,0,0,0,0,0,0,0,0,0,0,0,0,0,0,0,0,0,0,0,0,0,0,0,4.42E-05,0,0,0.00030957,0,0,0.163231912,0,0.000132673,0,0,0.000353794,0.000751813,0.011144525,0,0.096232089,0,0.084866443,0,0.165398903,0.000176897,0,0,0,0,0,0,0,0,0,0,0,0,0,0,0,0,0,0,0,4.42E-05,0,0,0,0,0,0,0,0,0,0,0,0.000398019,0,0,0,0,0,0,0,0,0,0,0,0,0,0.00061914,0,0,0
H160Q4V2.03,5.09E-05,0,0,0.009054377,0.041609441,0,5.09E-05,0,0,0,0,0,0,0,0,0,0,0,0,5.09E-05,0,0,0.001169948,0.006511013,0,0,0,0,5.09E-05,0.000203469,0.12732082,0,0,0,0,0,0,0,0,0,0,0,0,0,0,0,0,0,0,0,0,0,0,0,0,5.09E-05,0,0.000508673,5.09E-05,0,0.000712142,0,0.008240501,0,0,0.065466199,0,0.061142479,0,0,0,0.037997864,0.001169948,0.578971463,0.005341065,0,0,0,0,0,0,0,0,0,0,0,0,0,0,0,0,0,0,0,0.007528359,0,0,0,0,0,0,0.005493667,0.00467979,0,0,0,0.036522712,0,0,5.09E-05,0,0,0,0,0,0,0,0,0,0,0,0,0,0
K160SPXS.03,0,0,0,0.00065721,0.002026398,0,5.48E-05,0,0,0,0,0,0,0,0,0,0,0,0,5.48E-05,0,0,0.205432937,0.010898735,0,0,0,0,0.039925516,0.00021907,0.020428282,0,0,0,0,0,0,0,0,0,0,0,0,0,0,0,0,0,0.00021907,0,0,0,0,0,0,5.48E-05,0,0,0,0,0.000766745,0,0.028972014,0,0,0.002574073,0,0.260200449,0,0,0.043923545,0.051645764,0,0.303357248,0.002245468,0,0,0,0,0,0,0,0,0,0,0,0,0,0,0,0,0,0,0,0,0,0,0,0,0,0,5.48E-05,0,0,5.48E-05,0,0.023823868,0,0,5.48E-05,0,0,0,0,0,0,0,0,0,0,0.002355003,0,0,0
C160SH5P.03,0,0,0,0.001147638,0.000518288,0,0.001036576,0.000296165,0,0,0,0,0,0,0,0,0,0,0,3.70E-05,0,0,0.058122316,0,0,0,0,0,3.70E-05,0.01776988,0.000111062,0,0,0,0,0,0,0,0,0,0,0,0,0,0,0,0,0,0.000222124,0,0,0,0,0,0,0,3.70E-05,0.000925515,0,0,0.000370206,0,0.001999112,0,0,0.040944765,0,0.351177255,0,0,0.017029468,0.081075078,0.00188805,0.242151636,0.005182882,0.060047386,0,0,0,0,0,0,0,0,0,0,0,0,0,0,0,0,0,0,0,0,0,0,0,0,0,0,0,0,0,0,0.11676292,0,0.000888494,0.000111062,7.40E-05,0,0,0,0,3.70E-05,0,0,0,0,0,0,0,0
D160S16L.03,0.000968617,0,0,0.005811701,0.024757846,0,0.00116234,0,0,0,0,0,0,0,0,0,0,0,0,7.75E-05,0,0,0.131848121,0.000619915,0,0,0,0,7.75E-05,0,0.270786517,0,0,0,0,0,0,0,0,0,0,0,0,0,0,0,0,0,0,0,0,0,0,0,0,3.87E-05,7.75E-05,0.000929872,0,0,0.002557148,0,0.002479659,0,0,0.066369624,0,0.05970554,0,0.000464936,0.000116234,0.042347927,0,0.310848508,0.014684231,0,0,0,0,0,0,0,0,0,0,0,0,0,0,0,0,0,0,0,0,0,0,0,0,0,0,0.000619915,0.000464936,0,0.000426191,0,0.061022859,0,0.000658659,7.75E-05,0,0,0,0,0,0,0,0,0,0,0,0,0,0
G160RV1B.03,0,0,0,0.009256025,0.010129235,0,0.001397136,0,0,0,0,0,0,0,0,0,0,0,0,0.000465712,0,0,0.192862964,0.004016766,0,0,0,0,0,0.003259984,0.152404238,0,0,0,0,0,0,0,0,0,0,0,0,0,0,0,0,0,0.00029107,0,0,0,0,0,0,0.000523926,0,0.006461753,5.82E-05,0,0.001280708,0,0.075445337,0,0,0.007626033,0,0.147688904,0,0,0.021306322,0.195773664,0.000989638,0.099604145,0.010886017,0.005937827,0,0,0,0,0,0,0,0,0,0,0,0,0,0,0,0,0,0,0,0,0,0,0,0,0,0,0.032890907,0,0,0,0.019443474,0,0,0,0,0,0,0,0,0,0,0,0,0,0,0,0,0
K160SGCW.03,0,0,0,0.001035197,0.000282326,0,0.000235272,0,0,0,0,0,0,0,0,0,0,0,0,0,0,0,0.274138905,0,0,0,0,0,4.71E-05,0.120271033,0.001599849,0,0,0,0,0,0,0,0,0,0,0,0,0,0,0,0,0,0.000564653,0,0,0,0,0,0,0.000141163,0,0.000894034,0,0,0.000611707,0,0.01863354,0,0,0.012987013,0,0.198616601,0,4.71E-05,0.019292302,0.024985884,0,0.299454169,0.00696405,0,0,0,0,0,0,0,0,0,0,0,0,0,0,0,0,0,0,0,0,0,0,0,0,0,0,0,0,0,0,0,0.013833992,0,4.71E-05,0.000376435,0,0,0,0,0,0,0,0,0,0,0.004940711,0,0,0
J160SL6N.04,0,0,0,0.002965492,0.02978972,0,0,0,0,0,0,0,0,0,0,0,0,0,0,0,0,0,0.107386772,0.00422358,0,0,0,0,4.49E-05,0.005391804,6.74E-05,0,0,0,0,0,0,0,0,0,0,0,0,2.25E-05,0,0,0,0,0.002134256,0,0,0,0,2.25E-05,6.74E-05,0.000134795,0,0.005481668,0,0,0.00763839,0,0.057220525,0,0,0.038034687,0,0.154003415,0,8.99E-05,0.096895219,0.05459202,0,0.339459022,0.003212617,0,0,0,0,0,0,0,0,0,0,0,0,0,0,0,0,0.000179727,0,0,2.25E-05,0,0.000112329,0,0,0,0,0,0,0,0,0,0.074047448,0,0.001168224,0,0.00053918,0,0,0,0,0,0,0,0,0,0.015052121,0,0,0
B160SCW7.03,0.000856813,0,0,0.002768166,0.000362498,0,0.000131817,0,0,0,0,0,0,0,9.89E-05,0,0,0,0,0,0,0,0.001845444,0.003789751,0,0.000428407,0,0,0.283737024,0.011006756,0.002899984,0,0,0,0,0,0,0,0,0,0,0,0,0,0,0,0,0,0,0,0,0,0,0,0,0,3.30E-05,9.89E-05,0,0,0.004152249,0.000197726,0.011764706,0,0,0.002768166,0,0.464030318,0,0.05776899,0.023101005,0.031010051,3.30E-05,0.054704235,0.004547701,6.59E-05,0,0,0,0,0,0,0,0,0,0,0,0,0,0,0,0,0,0,0,0,0,0,0,0,0,0,0.006854507,0,0,0,0.030812325,0,0.000131817,0,0,0,0,0,0,0,0,0,0,0,0,0,0,0
J160RXMX.03,0,0,0,0.001576436,0.001410496,0,8.30E-05,0,0,0,0,0,0,0,0,0,0,0,0,0.000165941,0,0,0.167060776,0.001742377,0,0,0,0,0.000788218,0,0.000456337,0,0,0,0,0,0,0,0,0,0,0,0,8.30E-05,0,0,0,0,4.15E-05,0,0,0,0,8.30E-05,0.007010994,0,0,0.003484754,0,0,0.002986932,0,0.017465256,0,0,0.018751296,0,0.473760631,0,4.15E-05,0.013856046,0.057996266,0.000331881,0.164073844,0.007218419,0,0,0,0,0,0,0,0,0,0,0,0,0,0,0,0,0,0,0,4.15E-05,0,0,0,0,0,0,0,0.0097905,0,0,0,0.049616262,0,8.30E-05,0,0,0,0,0,0,0,0,0,0,0,0,0,0,0
B160RW0B.03,0.000673627,0,0,0.006904682,0.005781969,0,0.000112271,0,0,0,0,0,0,0,0,0,0,0,0,0,0,0,0.097283036,0,0,0,0,0,0,5.61E-05,0.253957561,0,0,0,0,0,0,0,0,0,0,0,0,0,0,0,0,0,5.61E-05,0,0,0,0,0,0,0,0,0.001684069,0,0,0.03194117,0,0.003873358,0,0,0.036712698,0,0.020938588,0,0,0.002862917,0.053497249,5.61E-05,0.451498821,0.002975188,0,0,0,0,0,0,0,0,0,0,0,0,0,0,0,0,0,0,0,0,0,0,0,0,0,0,0.004883799,0,0,0,0,0.024250589,0,0,0,0,0,0,0,0,0,0,0,0,0,0,0,0,0
G160S443.03,0.00075903,0,0,0.002589633,0.001741305,0,0.000535786,0,0,0,0,0,0,0,0.000267893,0,0,0,0,0,0,0,0.005089967,0.002768228,0,0.000312542,0,0,0.185069429,0.018216725,0.009153012,0,0,0,0,0,0,0,0,0,0,0,0,0,0,0,0,0,0.000133947,0,0,0,0,4.46E-05,0,0,0,0,0,0,0.003929098,0.000714381,0.037326428,0,0,0.00267893,0,0.584140733,0,0.00459883,0.013394651,0.04951556,0,0.073670581,0.00232174,0,0,0,0,0,0,0,0,0,0,0,0,0,0,0,0,0,0,0,0,0,0,0,0,0,0,0,4.46E-05,0,0,0,0.000535786,0,0.000178595,0.000267893,0,0,0,0,0,0,0,0,0,0,0,0,0,0
A160SDSF.03,0.000230574,0,0,0.02159711,0.000461148,0,0.000345861,0,0,0,0,0,0,0,0,0,0,0,0,3.84E-05,0,0,0.051725463,0.001460303,0,0,0,0,0,0,0.199100761,0,0,0,0,0,0,0,0,0,0,0,0,3.84E-05,0,0,0,0,0.001076013,0,0,0,0,0,0,0,0,0.002805319,0,0,0.055529936,0,0.018676504,0,0,0.021020675,0,0.046806548,0,3.84E-05,0.000499577,0.123203443,0,0.387518254,0.002997464,0,0,0,0,0,0,0,0,0,0,0,0,0,0,0,0,0,0,0,0.020252094,0,0,0,0,0,0,0.006033356,0,0,0,0,0.038352164,0,0.000192145,0,0,0,0,0,0,0,0,0,0,0,0,0,0,0
E160T0T8.03,0,0,0,0.000527405,0.000527405,0,0.000567974,0,0,0,0,0,0,4.06E-05,0,0,0,0,0,0,0,0,0.021664165,0.000689683,0,4.06E-05,0,0,0.104831839,0.003367277,0.005395756,0,0,0,0,0,0,0,0,0,0,0,0,0,0,0,0,0,0,0,0,0,0,0,0.019960242,0,4.06E-05,0.02519372,0,4.06E-05,0.130025559,0,0.007221388,0.000405696,0,0.001785062,0,0.557223417,0.001460505,0,0.009249868,0.021948152,0.000243418,0.018986571,0.006612844,0.022434987,0,0,0,0,0,0,0,0,0,0,0,0,0,0,0,0,0,0,0.001663353,0,0,0,0,0,0,0,0,0,0,0,0.037810865,0,0,0,0,0,0,0,0,0,0,0,0,0,4.06E-05,0,0,0
E160RHK6.03,0,0,0,0.023867901,0.032674506,0,0.00020015,0,0,0,0,0,0,0,0,0,0,0,0,0.00020015,0,0,0,5.00E-05,0,0,0,0,0,0,0,0,0,0,0,0,0,0,0,0,0,0,0,0,0,0,0,0,5.00E-05,0,0,0,0,0,0.000150113,0,0,0.003602702,0,0,0.043282462,0,0.00950713,0,0,0.05384038,0,0.059094321,0,0,0.002752064,0.146659995,0,0.592844633,0.002351764,0,0,0,0,0,0,0,0,0,0,0,0,0,0,0,0,0,0,0,0,0,0,0,0,0,0,0.004753565,0,0,0,0,0.023817863,0,0.000300225,0,0,0,0,0,0,0,0,0,0,0,0,0,0,0
J160RXKG.03,8.56E-05,0,0,0.005219921,0.005604997,0,0.00034229,0,0,0,0,0,0,0,0.000213931,0,0,0,0,0,0,0,0.019596098,0.000171145,0,0.000171145,0,0,0.138285128,0.016087626,0.041502653,0,0,0,0,0,0,0,0,0,0,0,0,0,0,0,0,0,0,0,0,0,0,0,0,0,4.28E-05,0,0,0,0.005818929,0,0.034228992,0,0,0.009498545,0,0.296979291,0,0.001454732,0.010397056,0.110559644,0.000641794,0.295738491,0.006845798,0,0,0,0,0,0,0,0,0,0,0,0,0,0,0,0,0,0,0,0,0,0,0,0,0,0,0,0.000171145,0,0,0,0.00034229,0,0,0,0,0,0,0,0,0,0,0,0,0,0,0,0,0
K160Q5GJ.03,7.98E-05,0,0,0.001317208,0.016644713,0,7.98E-05,0,0,0,0,0,0,0,3.99E-05,0,0,0,0,0.001277292,0,0,0.210633457,0.000359238,0,0,0,0,0.006146968,0,0.308186644,0,0,0,0,0,0,0,0,0,0,0,0,0,0,0,0,0,0,0,0,0,0,0,0,0,0,0.009300283,0,0,0,0,0,0,0,0.000279408,0,0,0,0,0,0.036442741,0,0.316329382,0,0,0,0,0,0,0,0,0,0,0,0,0,0,0,0,0,0,0,0,0,0,0,0,0,0,0,0,0,0,0,0,0.092763342,0,0,7.98E-05,3.99E-05,0,0,0,0,0,0,0,0,0,0,0,0,0
J160SBVR.03,0.000147929,0,0,0.002613412,0.00142998,0,0,0,0,0,0,0,0,0,0,0,0,0,0,0.000197239,0,0,0.103698225,0.003205128,0,0,0,0,0,0.074605523,0.073323471,0,0,0,0,0,0,0,0,0,0,0,0,4.93E-05,0,0,0,0,4.93E-05,0,0,0,0,0,9.86E-05,0,0,0.008629191,4.93E-05,0,0.027218935,0,0.040532544,0,0,0.00586785,0,0.309911243,0,4.93E-05,0.012968442,0.097830375,0.000394477,0.074901381,0.00295858,0.003106509,0,0,0,0,0,0,0,0,0,0,0,0,0,0,0,0,0,0,0.024654832,0,0,0,0,0,0,0,0.023767258,0,0,0,0.031114398,0,4.93E-05,0,0,4.93E-05,0,0,0,0,0,0,0,0,0.0765286,0,0,0
K160RQHG.03,0,0,0,0.001174095,0.035222843,0,0.000516602,0,0,0,0,0,0,0,0,0,0,0,0,0,0,0,0.300145588,0.004602452,0,0,0,0,0.023763678,0.00173766,0.165359508,0,0,0,0,0,0,0,0,0,0,0,0,0,0,0,0,0,4.70E-05,0,0,0,0,0,0.001455878,0.000187855,0,0.002160334,0.000939276,0,9.39E-05,0,0.000469638,0,0,0,0,0.029587188,0,0,0.001455878,0.120462124,0,0.300239515,0.000187855,0,0,0,0,0,0,0,0,0,0,0,0,0,0,0,0,0,0,0,0.000798384,0,0,0,0,0,0,0,0.0027239,0,0,0,0.006621895,0,0,4.70E-05,0,0,0,0,0,0,0,0,0,0,0,0,0,0
K160RN29.03,5.58E-05,0,0,0.003183113,0.000335064,0,5.58E-05,0,0,0,0,0,0,0,0,0,0,0,0,0,0,0,0.050762272,0.0051935,0,0,0,0,0.139945273,0.031719439,0.001005193,0,0,0,0,0,0,0,0,0,0,0,0,0.000223376,0,0,0,0,0,0,0,0,0,5.58E-05,0.006477914,0,5.58E-05,0.006198693,0,0,0.002122075,0,0.053777852,0.000558441,0,0.007650639,0,0.402635841,0,0.000614285,0.017479198,0.191154297,0,0.040375272,0.006533758,0,0,0,0,0,0,0,0,0,0,0,0,0,0,0,0,0,0,0,0,0,0,0,0,0,0,0.003797398,0.003127269,0,0,0,0.024850617,0,0,0,0,0,0,0,0,0,5.58E-05,0,0,0,0,0,0,0
J160RNK7.03,4.40E-05,0,0,0.003562632,0.007960943,0,0.000307882,0,0,0,0,0,0,0,0.000219916,0,0,0,0,4.40E-05,0,0,0.058805419,0.001055595,0,8.80E-05,0,0,0.154248768,0.038441239,0.008400774,0,0,0,0,0,0,0,0,0,0,0,0,0,0,0,0,0,4.40E-05,0,0,0,0,0,0,0,0,0.000439831,0,0,0.028413089,4.40E-05,0.052955665,0,0,0.019132653,0,0.138634764,0,0.000351865,0.011567558,0.209183673,0.001451443,0.252419071,0.005629838,0,0,0,0,0,0,0,0,0,0,0,0,0,0,0,0,0,0,0,0,0,0,0,0,0,0,0,0.000175932,0,0,0,0.003782548,0,0.000747713,0.001759324,0,0,0,0,0,0,8.80E-05,0,0,0,0,0,0,0
J160RRHH.03,0,0,0,0,0,0,0,0,0,0,0,0,0,0,0,0,0,0,0,0,0,0,0.003090632,0.035482058,0,0,0,0,0.231195312,0.001324556,0,0,0,0,0,0,0,0,0,0,0,0,0,4.01E-05,0,0,0,0,0,0,0,0,0,0,0.023641326,0,0,0.023842017,0,0,0.001404833,0,0.081680983,0.000682347,0,0,0,0.292446014,0,0,0.016938268,0.095408204,0,0.079112146,0.002528699,4.01E-05,0,0,0,0,0,0,0,0,0,0,0,0,0,0,0,0,0,0,0,0,0,0,0,0,0,0,0,0,0,0,0.104238581,0,8.03E-05,0,0,0,0,0,0,0,0,0,0,0,0.006823473,0,0,0
J160S1ZM.03,0,0,0,0,0.000426735,0,0.000160026,0,0,0,0,0,0,0,0,0,0,0,0,0,0,0,0.449671948,0,0,0,0,0,0,0.000160026,0.001333547,0,0,0,0,0,0,0,0,0,0,0,0,0,0,0,0,0,0.000480077,0,0,0,0,0,5.33E-05,0.000320051,0,0.000640102,0,0,0.014508988,0,0.009494853,0,0,0.005920947,0,0.18418947,0,0,0.005814264,0.084973596,0,0.013868886,0.032378514,0,0,0,0,0,0,0,0,0,0,0,0,0,0,0,0,0,0,0,0,0,0,0,0,0,0,0,0,0,0,0,0.079906118,0,0,0,0,5.33E-05,0,0,0,0,0,0,0,0,0.11564517,0,0,0
G160RGSN.03,4.34E-05,0,0,0.001605067,0.00247267,0,8.68E-05,0,0,0,0,0,0,0,8.68E-05,0,0,0,0,4.34E-05,0,0,0.303964949,0.000433802,0,0,0,0,0.161244144,0,0.010801666,0,0,0,0,0,0,0,0,0,4.34E-05,0,0,0,0,0,0,0,4.34E-05,0,0,0,0,4.34E-05,0,0.000130141,4.34E-05,0.000260281,0,0,0.083593614,0,0.000260281,0,0,0.025290647,0,0.276895714,0,0.019304182,0.000216901,0.03544161,0,0.052706923,0.000520562,0,0,0,0,0,0,0,0,0,0,0,0,0,0,0,0,0,0,0,0,0,0,0,0,0,0,0,0,0,0,0,0.017785875,0,0.006290127,0.000347041,0,0,0,0,0,0,0,0,0,0,0,0,0,0
E160STSG.03,0,0,0,0.001524132,0.001481795,0,0.002243861,0,0,0,0,0,0,0,0,0,0,0,0,0.000211685,0,0,0.109483489,0,0,0,0,0,4.23E-05,0.043353091,0.00550381,0,0,0,0,0,0,0,0,0,0,0,0,0,0,0,0,0,0.000254022,0,0,0,0,4.23E-05,0.008975445,0,8.47E-05,0.006689246,0,0,0.010118544,0,0.005588484,0.000127011,0,0.002497883,0,0.232599492,0,4.23E-05,8.47E-05,0.156181202,4.23E-05,0.36342083,0.000592718,0,0,0,0,0,0,0,0,0,0,0,0,0,0,0,0,0,0,0,0,0,0,0,0,0,0,0,4.23E-05,0,0,0,0.048687553,0,8.47E-05,0,0,0,0,0,0,0,0,0,0,0,0,0,0,0
F160RFXG.03,0.000169193,0,0,0,0,0,0.000642934,0,0,0,0,0,0,0,0,0,0,0,0,0.012621819,0,0,0,0,0,0,0,0,0,0,0,0,0,0,0,0,0,0,0,0,0,0,0,0.00152274,0,0,0,0,0.003146995,0,0,0,6.77E-05,0,0,0.000778289,0,0.041317001,0,0,0.032417434,0,0,0,0,0.171291283,0,0,0,0,0,0,0,0.068117217,0,0,0,0,0,0,0,0,0,0,0,0,0,0,0,0,0,0,0,0,0,0,0,0,0,0,0,0,0,0,0,0,0.664049811,0,0.003857607,0,0,0,0,0,0,0,0,0,0,0,0,0,0,0
E160Q5VN.03,0,0,0,0.00421898,0.003151527,0,0,0,0,0,0,0,0,0,0.000762466,0,0,0,0,0.001524933,0,0,0.542011894,0.025771362,0,0,0,0,0,0,0,0,0,0,0,0,0,0,0,0,0,0,0,0,0,0,0,0,0.000152493,0,0,0,0,0.000101662,0,5.08E-05,0,0.022721496,0.001728257,0,0.184161033,0,0.002287399,0,0,0.000304987,0.00045748,0.000660804,0,0,0,0.048187872,0,0.136633965,0.000101662,0,0,0,0,0,0,0,0,0,0,0,0,0,0,0,0,0,0,0,0,0,0,0,0,0,0,0,0,0,0,0,0.024551416,0,5.08E-05,0,0,0,0,0,0,0,0,0,0,0,0.000406649,0,0,0
C160RTZJ.03,0.000290192,0,0,0,0,0,0,0,0,0,0,0,0,0,4.15E-05,0,0,0,0,0.002404444,0,0,0,0,0,0,0,0,0,0,0,0,0,0,0,0,0,0,0,0,0,0,0.000912031,0.005513639,0,0,0,0,0.000165824,0,0,0,0,0,0,0,0,0.306027693,0,0,0.014716856,0,0.000124368,0,0,0.185929857,0,0,0,0,0,0.139540668,0,0.105463892,0,0,0,0,0,0,0,0,0,0,0,0,0,0,0,0,0,0,0,0,0,0,0,0,0,0,0,0,0,0,0,0,0.220421192,0,0.018282066,0.000165824,0,0,0,0,0,0,0,0,0,0,0,0,0,0
B160PBCB.03,0,0,0,0,0.012082757,0,0,0,0,0,0,0,0,0,6.75E-05,0,0,0,0,0.122076344,0,0,3.38E-05,3.38E-05,0,0,0,0,3.38E-05,0.000270006,3.38E-05,0,0,0,0,0,0,0,0,0,0,0,0,0,0,0,0,0,0.000911269,0,0,0,3.38E-05,0,0,0.000101252,0,0,0,0,0,0,0.00094502,0,0,0,0,0.000236255,0,0,0.000202504,0.062067569,0,0.579364812,0,0,0,0,0,0,0,0,0,0,0,0,0,0,0,0,0,0,0,0,0,0,0,0,0,0,0,0,0,0,0,0,0.220392183,0,0.001113774,0,0,0,0,0,0,0,0,0,0,0,0,0,0,0
F160P8JV.03,0.000526692,0,0,0,0.000489071,0,7.52E-05,0.000827659,0,0,0,0,0,0,0.00308491,0,0,0,0,0.004251157,0,0,0,0,0,0,0,0,0,3.76E-05,0,0,0,0,0,0,0,0,0,0,0,0,0,0.000489071,0,0,0,0,0.15319213,0,0,0,0.003724465,0,0,0,0,0,0,0,0,0,0.000225725,0,0,0,0,0.000225725,0,0,3.76E-05,0.195440352,0,0.02061623,0,0,0,0,0,0,0,0,0,0,0,0,0,0,0,0,0,0,0,0,0,0,0,0,0,0,0,0,0,0,0,0,0.61675633,0,0,0,0,0,0,0,0,0,0,0,0,0,0,0,0,0
H160SLT1.03,0,0,0,0.006906226,0.000431639,0,7.19E-05,0,0,0,0,0,0,3.60E-05,0,0,0,0,0,0.00010791,0,0,0.098269846,0.009532031,0,0,0,0,0,0.036869177,0.127441459,0,0,0,0,0,0,0,0,0,0,0,0,0,0,0,0,0,0.00017985,0,0,0,0,0,0,0,0,0.000287759,0,0,0.003309233,0,0.022732995,0,0,0.002086256,0,0.246537894,0,0.016618107,0.012337686,0.037552606,0.00010791,0.225315636,0.002266106,0.000863278,0,0,0,0,0,0,0,0,0,0,0,0,0,0,0,0,0,0,0.054386533,0,0,0,0,0,0,0,0.088665875,0,0,0,0.007086076,0,0,0,0,0,0,0,0,0,0,0,0,0,0,0,0,0
D160STXT.03,0.000184238,0,0,0.000414536,0.000921192,0,0.000184238,0,0,0,0,0,0,0,0,0,0,0,0,0,0,0,0.001704205,0.018193542,0,0,0,0,0,0.000230298,0.019160794,0,0,0,0,0,0,0,0,0,0,0,0,4.61E-05,0,0,0,0,9.21E-05,0,0,0,0,0.00340841,0.000921192,0,0,0.020634701,0,0.001059371,0.022615264,0,0.021509834,0,9.21E-05,0.001612086,0,0.668094514,0,0.010501589,0.013541523,0.003316291,0,0.075814103,0.013633642,0.000736954,0,0,0,0,0,0,0,0,0,0,0,0,0,0,0,0,0,0,9.21E-05,0,0,0,0,0,0,0,0,0,0,0,0.100962646,0,0,0,0,0,0,0,0,4.61E-05,0,0,0,0,0.000276358,0,0,0
D160RQXV.03,4.53E-05,0,0,0.004893964,0.000634403,0,4.53E-05,0,0,0,0,0,0,0,0,0,0,0,0,0,0,0,0.176092079,0.012280225,0,0,0,0,0.026735545,0.007522204,0.106217147,0,0,0,0,0,0,0,0,0,0,0,0,0,0,0,0,0,4.53E-05,0,0,0,0,0,4.53E-05,0,0,0.00222041,0.00040783,0,0.049845931,0,0.000362516,0.000135943,0,0.000996919,0,0.100960667,0,0.069376473,0.001450063,0.139296719,0,0.272566612,0.000271887,0.000271887,0,0,0,0,0,0,0,0,0,0,0,0,0,0,0,0,0,0,0.018760196,0,0,0,0,0,0,0,9.06E-05,0,0,0,0.007975349,0,4.53E-05,0.00040783,0,0,0,0,0,0,0,0,0,0,0,0,0,0
F160SSZK.03,0.000266085,0,0,0.000266085,0.014102496,0,0,0,0,0,0,0,0,0,0.000106434,0,0,0,0,0,0,0,0.005481347,0.003299452,0,5.32E-05,0,0,0.114629344,0.005907083,0.041349582,0,0,0,0,0,0,0,0,0,0,0,0,0,0,0,0,0,0,0,0,0,0,0,0.007663243,0,0,0.00947262,0,0,0.016763344,0,0.003352669,0.000691821,0,0.00122399,0,0.446437124,0.009153318,0,0.006705338,0.054866692,0.000212868,0.13767229,0.001809377,0.078548241,0,0,0,0,0,0,0,0,0,0,0,0,0,0,0,0,0,0,0.009898356,0,0,0,0,0,0,0,0,0,0,0,0.029961152,0,0,5.32E-05,0,5.32E-05,0,0,0,0,0,0,0,0,0,0,0,0
J160SB6X.03,6.78E-05,0,0,0.002780226,0.027870075,0,6.78E-05,0,0,0,0,0,0,0,0,0,0,0,0,0,0,0,0.000678104,0.00162745,0,6.78E-05,0,0,0.043127416,0.11303994,0.091679664,0,0,0,0,0,0,0,0,0,0,0,0,0,0,0,0,0,0.000610294,0,0,0,0,6.78E-05,0.004950159,0,0,0.00332271,0,0,0.000474673,0,0.025835763,0.000135621,0,0.000745914,0,0.112158405,0,0.000813725,0.006848851,0.025564522,0.066522004,0.444022513,0.00169526,0.000135621,0,0,0,0,0,0,0,0,0,0,0,0,0,0,0,0,0,0,0.009696888,0,0,0,0,0,0,0,6.78E-05,0,0,0,0.014240184,0,0.000542483,0.000542483,0,0,0,0,0,0,0,0,0,0,0,0,0,0
B160SG0V.03,0.00082282,0,0,0.007844213,0.020021942,0,0.000329128,0,0,0,0,0,0,0,0,0,0,0,0,0.000932529,0,0,0.33302249,0.00828305,0,0,0,0,0.005540318,0.000219419,0.143444871,0,0,0,0,0,0,0,0,0,0,0,0,0,0,0,0,0,0.000219419,0,0,0,0,0,0,0,0,0,5.49E-05,0,0.061382337,0,0.000109709,0.000329128,0,0.001371366,0,0,0,0,5.49E-05,0.027482172,0,0.384585848,0,0,0,0,0,0,0,0,0,0,0,0,0,0,0,0,0,0,0,0,0.003455842,0,0,0,0,0,0,0,0.000274273,0,0,0,0.000109709,0,0.000109709,0,0,0,0,0,0,0,0,0,0,0,0,0,0,0
J160S2S8.03,0,0,0,0,4.78E-05,0,0.000191388,0,0,0,0,0,0,0,0,0,0,0,0,4.78E-05,0,0,9.57E-05,0,0,0,0,0,0,4.78E-05,0,0,0,0,0,0,0,0,0,0,0,0,0,0,0,0,0,0,0.001483254,0,0,0,0,0,0,0,0,0.029952153,0,0,0.000430622,0,0,0,0,0.016746411,0,0.319186603,0,0,4.78E-05,0.053014354,0,0.072009569,0.000478469,0,0,0,0,0,0,0,0,0,0,0,0,0,0,0,0,0,0,0,0,0,0,0,0,0,0,0,0,0,0,0,0.440047847,0,0.063205742,0.00062201,0.002344498,0,0,0,0,0,0,0,0,0,0,0,0,0
H160Q2XW.03,0,0,0,0,0.000574581,0,5.75E-05,0,0,0,0,0,0,0,0,0,0,0,0,0,0,0,0.061020455,0.064525396,0,0,0,0,5.75E-05,0.000919329,0.000114916,0,0,0,0,0,0,0,0,0,0,0,0,0.000229832,0,0,0,0,5.75E-05,0,0,0,0,0,0.000804413,0,0,0.00649276,0.013904849,0,0.009652953,0,0.018156746,0,0,0.037405194,0,0.380774535,0,0.003045277,0.006780051,0.204148472,0,0.130831993,0.005860722,0,0,0,0,0,0,0,0,0,0,0,0,0,0,0,0,0,0,0,5.75E-05,0,0,0,0,0,0,0,0.001321535,0,0,0,0.052976327,0,0,5.75E-05,0,0,0,0,0,0,0,0,0,0,0.000172374,0,0,0
C160S2RC.03,0,0,0,0,0,0,0,0,0,0,0,0,0,0,0,0,0,0,0,3.97E-05,0,0,0.004285374,0.019284184,0,0,0,0,0.31445917,0.000595191,7.94E-05,0,0,0,0,0,0,0,0,0,0,0,0,0.000238076,0,0,0,0,0,0,0,0,0,0,0.01952226,0,0,0.030870566,0,0,0.000238076,0,0.036187604,0.00067455,3.97E-05,0.000476153,0,0.312038727,0,3.97E-05,0.01630823,0.086699468,0,0.027577176,0.001904611,0,0,0,0,0,0,0,0,0,0,0,0,0,0,0,0,0,0,0,0.032497421,0,0,0,0,0,0,0,0,0,0,0,0.088445361,0,0.000436473,0,0.007062932,0,0,0,0,0,0,0,0,0,0,0,0,0
B160S21F.03,0,0,0,0.006254599,0.001042433,0,6.13E-05,0,0,0,0,0,0,0,0,0,0,0,0,6.13E-05,0,0,0.180279617,0.001349031,0,0,0,0,0,0.216826098,0.038570027,0,0,0,0,0,0,0,0,0,0,0,0,0.000183959,0,0,0,0,0.000183959,0,0,0,0,0,0,0,0,0.011344126,6.13E-05,0,0.018641158,0,0.049300957,0,0,0.001349031,0,0.235896493,0,0.000122639,0.020358106,0.096517047,0,0.053777287,0.005580083,0.002146186,0,0,0,0,0,0,0,0,0,0,0,0,0,0,0,0,0,0,0,0,0,0,0,0,0,0,0.026796664,0,0,0,0.032805985,0,0,0.000490557,0,0,0,0,0,0,0,0,0,0,0,0,0,0
F160SDW9.03,6.92E-05,0,0,0,0.001004086,0,0.003670106,0,0,0,0,0,0,0,3.46E-05,0,0,0,0,6.92E-05,0,0,0.007651825,0.00332387,0,0,0,0,3.46E-05,0,0.057509868,0,0,0,0,0,0,0,0,0,0,0,0,0.000173118,0,0,0,0,0.002181289,0,0,0,0,0,0,0.000276989,3.46E-05,0.012672253,0,0.000900215,0.24686656,0,0.022574614,0,0,0.008863652,0,0.051035247,0,0,0.012914618,0.012672253,0,0.525413753,0.000830967,0,0,0,0,0,0,0,0,0,0,0,0,0,0,0,0,0,0,0,0,0,0,0,0,0,0,0,0,0,0,0,0.010040856,0,0,0.000311613,0,3.46E-05,0,0,0,0,0,0,0,0,0.018835261,0,0,0
A160RTMW.03,0,0,0,0,0.004739814,0,0,0,0,0,0,0,0,0,0,0,0,0,0,0,0,0,0.189743848,0.001663977,0,0,0,0,0.067012908,0,0,0,0,0,0,0,0,0,0,0,0,0,0,5.04E-05,0,0,0,0,0.000100847,0,0,0,0,0,0.000958048,0,0,0.023699072,5.04E-05,0,0.000100847,0,0.011597418,0,0,0.002773296,0.005344897,0.114461476,0,5.04E-05,0.001714401,0.100040339,0,0.370159338,0,0,0,0,0,0,0,0,0,0,0,0,0,0,0,0,0,0,0,0,0.036204115,0,0,0,0,0,0,0,0,0,0,0,0.069483663,0,0,5.04E-05,0,0,0,0,0,0,0,0,0,0,0,0,0,0
E160STD1.03,0.000536931,0,0,0.001677909,0.018792577,0,3.36E-05,0,0,0,0,0,0,0,0,0,0,0,0,0.000134233,0,0,0.283365214,0.062955133,0,0,0,0,0.039598644,0,0.059532199,0,0,0,0,0,0,0,0,0,0,0,0,0,0,0,0,0,3.36E-05,0,0,0,0,3.36E-05,0,0,0,0.05547166,0,0,0.128057989,0,0.002047049,0.000805396,0,0.004295446,0,0.000167791,0,0,0.000302024,0.013725293,0,0.31997718,0,0,0,0,0,0,0,0,0,0,0,0,0,0,0,0,0,0,0,0,0.004094097,0,0,0,0,0,0,0,0,0,0,0,0.004329004,0,0,0,3.36E-05,0,0,0,0,0,0,0,0,0,0,0,0,0
F160SM4D.03,0.000873628,0,0,0.004140236,0.016598929,0,0.000379838,0,0,0,0,0,0,0,0,0,0,0,0,0.000987579,0,0,0.249477722,0.035780757,0,3.80E-05,0,0,0.017282638,0,0.189349337,0,0,0,0,0,0,0,0,0,0,0,0,0,0,0,0,0,0.000607741,0,0,0,0,0,7.60E-05,0,3.80E-05,0.001177498,0,0,0.151897292,0,0.000303871,0.000987579,0,0.000379838,0,0.000303871,0,0,3.80E-05,0.020549246,0,0.296387739,0,0,0,0,0,0,0,0,0,0,0,0,0,0,0,0,0,0,0,0,0.01223079,0,0,0,0,0,0,0,0,0,0,0,0,0,0,0.000113951,0,0,0,0,0,0,0,0,0,0,0,0,0,0
K160SPYP.03,0.002257108,0,0,0.005356421,0.011352917,0,3.37E-05,0,0,0,0,0,0,0,0,0,0,0,0,0,0,0,0.002796119,0.004716346,0,0,0,0,0.000235817,0.006906077,0.46162916,0,0,0,0,0,0,0,0,0,0,0,0,0,0,0,0,0,0,0,0,0,0,0,0,3.37E-05,0.000808516,0,0,0,3.37E-05,0,0.013879531,0,0,0.001280151,0,0.028331761,0,3.37E-05,0.00296456,0.045276917,0.001347527,0.404426627,0.000505323,0,0,0,0,0,0,0,0,0,0,0,0,0,0,0,0,0,0,0,0,0,0,0,0,0,0,0,0.000168441,0,0,0,0.005592238,0,0,0,0,0,0,0,0,0,0,0,0,0,3.37E-05,0,0,0
B160RHBG.03,0,0,0,0,0,0,6.76E-05,0,0,0,0,0,0,0,0,0,0,0,0,0,0,0,0.005072366,0.013932098,0,0,0,0,0.243236846,0.015014203,3.38E-05,0,0,0,0,0,0,0,0,0,0,0,0,3.38E-05,0,0,0,0,0,0,0,0,0,0,0.008825916,0,0,0.010009468,0,0,0.000135263,0,0.090389558,0.000439605,0,0,0,0.269646963,0,0,0.012579467,0.06550115,0,0.095597187,0.006222102,0.000135263,0,0,0,0,0,0,0,0,0,0,0,0,0,0,0,0,0,0,0,0,0,0,0,0,0,0,0,0,0,0,0.160692547,0,0.000913026,0.000743947,0,0,0,0,0,0,0,0,0,0,0.000777763,0,0,0
J160Q3GY.03,0.000114064,0,0,0.000152085,0.001064598,0,3.80E-05,0,0,0,0,0,0,0,0,0,0,0,0,0,0,0,0.689935744,0.002851603,0,0,0,0,0.099235771,0,0.010607962,0,0,0,0,0,0,0,0,0,0,0,0,0,0,0,0,0,0.000304171,0,0,0,0,0,0,0,0,0.003650051,0.001406791,0,0.001977111,0,0,3.80E-05,0,0.000722406,0.000114064,0.117371963,0,0,3.80E-05,0.000798449,0,0.022812821,0.000798449,3.80E-05,0,0,0,0,0,0,0,0,0,0,0,0,0,0,0,0,0,0,0,0,0,0,0,0,0,0,3.80E-05,0,0,0,0.045891791,0,0,0,0,0,0,0,0,0,0,0,0,0,0,0,0,0
J160Q5HF.03,0,0,0,0.0082792,0.00645353,0,0,0,0,0,0,0,0,0,0,0,0,0,0,0.000594404,0,0,0.486392392,0.001570925,0,0,0,0,0.013841124,0.011293678,0.000127372,0,0,0,0,0,0,0,0,0,0,0,4.25E-05,0,0,0,0,0,4.25E-05,0,0,0,0,0,0,4.25E-05,0,4.25E-05,0.000636862,0,0.005561924,0,8.49E-05,0,0,8.49E-05,0,0.009595381,0,0,0.000339659,0.226552881,0,0.21398548,0.002335159,0,0,0,0,0,0,0,0,0,0,0,0,0,0,0,0,0,0,0,0,0,0,0,0,0,0,0.002972021,0.000424574,0,0,0,0.008661317,0,0,4.25E-05,0,0,0,0,0,0,0,0,0,0,0,0,0,0
B160S2PF.03,0.000233663,0,0,0,0.002648181,0,0.004244879,0,0,0,0,0,0,0,0,0,0,0,0,0.012228367,0,0,0.260651141,0.122595218,0,0,0,0,3.89E-05,0.000233663,0,0,0,0,0,0,0,0,0,0,0,0,3.89E-05,0,0,0,0,0,0.000194719,0,0,0,0,0,0,0.000194719,0,0.01398084,0,0,0.038476517,0,0.000467326,0,0,0.013708233,0,0.001207259,0,0,0,0.149855908,0,0.322182413,0,0,0,0,0,0,0,0,0,0,0,0,0,0,0,0,0,0,0,0,0,0,0,0,3.89E-05,0,0,0,0,0,0,0,0.001401978,0,0.055144482,0.000233663,0,0,0,0,0,0,0,0,0,0,0,0,0,0
H160RVB5.03,0,0,0,0,0.019311983,0,0.000131973,0,0,0,0,0,0,0,0,0,0,0,0,0.032289284,0,0,0.199102587,0,0,0,0,0,0,8.80E-05,0,0,0,0,0,0,0,0,0,0,0,0,0.000263945,0.001099771,0,0,0,0,8.80E-05,0,0,0,0,4.40E-05,0,0,0,0.052041175,0.000439908,0,0.001583671,0,0.000483899,0,0,0.147325356,0,0.00153968,0,0,0.000923808,0.489706141,0,0.003651241,0,0,0,0,0,0,0,0,0,0,0,0,0,0,0,0,0,0,0,0,0,0,0,0,0,0,0,0,0,0,0,0,0.000395918,0,0.049401724,0,0,0,0,0,0,0,0,0,0,0,8.80E-05,0,0,0
D160Q3Q9.03,3.29E-05,0,0,0.017171617,0.005625185,0,0,0,0,0,0,0,0,0,0,0,0,0,0,0,0,0,0.32478042,0,0,0,0,0,0.269350965,0,0,0,0,0,0,0,0,0,0,0,0,0,0,0.000164479,0,0,0,0,0,0,0,0,0,0,0,3.29E-05,0,0.023323136,0,0,0.021546761,0,0,0,0,0.025658739,0,0,0,0.031711569,0,0.000888187,0,0.136484753,0,0,0,0,0,0,0,0,0,0,0,0,0,0,0,0,0,0,0,0,0,0,3.29E-05,0,0,0,0,0,0,0,0,0,0.143162604,0,0,3.29E-05,0,0,0,0,0,0,0,0,0,0,0,0,0,0
E160QDNY.03,0.000753352,0,0,0,0.00301341,0,0.070965798,0,0,0,0,0,0.016272412,0.003616092,0.166189543,0.001506705,0,0.002260057,0,0.00316408,0,0,0.000452011,0,0,0,0,0,0,0.00015067,0.007834865,0,0,0,0,0,0,0,0,0,0,0,0,0,0,0,0,0.004218774,0.170257647,0,0.024709959,0,0,0.002561398,0,0,0,0,0,0,0.044749134,0,0,0,0,0,0,0.000452011,0,0.026518005,0,0.029380744,0,0.000602682,0,0,0,0,0,0,0,0,0.021244538,0,0,0,0,0.04354377,0,0.013711014,0.016573753,0.076088594,0,0,0,0,0.039174326,0.030284767,0.00015067,0,0,0,0.00015067,0,0,0,0.00015067,0,0,0.026819346,0.023655266,0,0,0,0,0,0,0,0.116920295,0,0,0.011902968,0,0
F160QF8T.03,4.03E-05,0,0,0.011124547,0.002015316,0,4.03E-05,0,0,0,0,0,0,0,8.06E-05,0,0,0,0,4.03E-05,0,0,0.235993551,0,0,0,0,0,0.000725514,0,0.046916566,0,0,0,0,0,0,0,0,0,0,0,0,0,0,0,0,0,0.002015316,0,0,0,0,0,0,0,0,0.001451028,0,0,0.206731157,0,0,0,0,0,0,0.090044337,0,0.030310359,0,0.002781137,0,0.314228134,0.000161225,0,0,0,0,0,0,0,0,0,0,0,0,0,0,0,0,0,0,0,0,0,0,0,0,0,0,0,4.03E-05,0,0,0,0.055219669,0,0,4.03E-05,0,0,0,0,0,0,0,0,0,0,0,0,0,0
H160R684.03,0.000146929,0,0,0.000734646,0.000146929,0,0.000146929,0,0,0,0,0,0,0,0,0,0,0,0,0,0,0,0.384954452,0.117837202,0,0.000293858,0,0,0.037760799,0.00176315,0.002497796,0,0,0,0,0,0,0,0,0,0,0,0,0,0,0,0,0,0.000587717,0,0,0,0,0,0,0,0,0.000293858,0,0,0.000293858,0,0.019394652,0.004848663,0,0.002057009,0,0.249926535,0.000734646,0.004701734,0.007493388,0.085512783,0.000293858,0.073023803,0.000146929,0,0,0,0,0,0,0,0,0,0,0,0,0,0,0,0,0,0,0,0,0,0,0,0,0,0,0,0.000293858,0,0,0,0.003967088,0,0.000146929,0,0,0,0,0,0,0,0,0,0,0,0,0,0,0
D160S6DD.03,0.0003386,0,0,0.010835214,0.008465011,0,0.000564334,0.000677201,0,0,0,0,0,0,0.000112867,0,0,0,0,0.001354402,0,0,0.068510158,0.011060948,0,0,0,0,0,0,0.049322799,0,0,0,0,0,0,0,0,0,0,0,0,0.0003386,0,0,0,0,0,0,0,0,0,0,0,0,0,0.00993228,0,0,0.023927765,0,0.111738149,0,0,0.032844244,0,0.001354402,0,0,0.023476298,0.003950339,0,0.596162528,0.000225734,0,0,0,0,0,0,0,0,0,0,0,0,0,0,0,0,0,0,0,0,0,0,0,0,0,0,0,0,0,0,0,0.044808126,0,0,0,0,0,0,0,0,0,0,0,0,0,0,0,0,0
K160S4JS.03,0.000546498,0,0,0.021768831,0.001548411,0,0.001275162,0.002823572,0,0,0,0,0,0,0,0,0,0,0,0.000455415,0,0,0.032334457,0.032334457,0,0,0,0,0,0,0.209126514,0,0,0,0,0,0,0,0,0,0,0,0,0.001548411,0,0,0,0,9.11E-05,0,0,0,0,0,0,0,0,0.003825485,0,0,0.01439111,0,0.152837235,0,0,0.059021769,0,9.11E-05,0,0,0.017032517,0.057928773,0,0.358775845,0,0,0,0,0,0,0,0,0,0,0,0,0,0,0,0,0,0,0,0,0,0,0,0,0,0,0,0,0,0,0,0,0.032243374,0,0,0,0,0,0,0,0,0,0,0,0,0,0,0,0,0
J160SF9S.03,0,0,0,0.004730262,0,0,0,0,0,0,0,0,0,0,0,0,0,0,0,0,0,0,0.09697038,0.039531479,0,0,0,0,0,0.000225251,0.116567181,0,0,0,0,0,0,0,0,0,0,0,0,0.000225251,0,0,0,0,0,0,0,0,0,0,0,0,0,0.005518639,0,0,0,0,0.204302286,0,0,0.002252506,0,0.101250141,0,0.000112625,0.083567969,0.011375155,0,0.303187296,0.001689379,0,0,0,0,0,0,0,0,0,0,0,0,0,0,0,0,0,0,0,0,0,0,0,0,0,0,0,0,0,0,0,0.0284942,0,0,0,0,0,0,0,0,0,0,0,0,0,0,0,0,0
K160S7Q1.03,0.000113045,0,0,0,0.000678273,0,0.000113045,0,0,0,0,0,0,0,0,0,0,0,0,0,0,0,0,0,0,0,0,0,0,0,0,0,0,0,0,0,0,0,0,0,0,0,0,0.001356545,0,0,0,0,0,0,0,0,0,0,0,0,0,0.059122767,0,0,0.000226091,0,0.165046349,0,0,0.017748135,0,0.117567262,0.011756726,0,0,0.062174994,0,0.380171829,0,0,0,0,0,0,0,0,0,0,0,0,0,0,0,0,0,0,0,0,0,0,0,0,0.001017409,0,0,0,0,0,0,0,0.182907529,0,0,0,0,0,0,0,0,0,0,0,0,0,0,0,0,0
K160V15F.03,0,0,0,0,0.000885391,0,0,0,0,0,0,0,0,0,0,0,0,0,0,0,0,0,0.011214953,0.001770782,0,0,0,0,0.00275455,0.009640925,0,0,0,0,0,0,0,0,0,0,0,0,0,0,0,0,0,0,0,0,0,0,0,0,0,0,0,9.84E-05,0,0,0.00029513,0,0.003443187,0.00029513,9.84E-05,0.004525332,0.000491884,0.117953763,0,0,0.124741761,0.005902607,0,0.698573537,0,0,0,0,0,0,0,0,0,0,0,0,0,0,0,0,0,0,0,0,0,0,0,0,0,0,0,0,0,0,0,0,0.017314314,0,0,0,0,0,0,0,0,0,0,0,0,0,0,0,0,0
C160V0RM.03,0,0,0,0,0,0,0,0,0,0,0,0,0,0,0,0,0,0,0,0,0,0,0.000264131,0.020602219,0,0,0,0,0.047675647,0,0.000132066,0,0,0,0,0,0,0,0,0,0,0,0,0.000132066,0,0,0,0,0,0,0,0,0,0,0,0,0,0,0.000264131,0,0.002245114,0,0.03262018,0,0,0.196645536,0,0.643291072,0,0.004094031,0.00911252,0.017168516,0,0.012810354,0.004094031,0,0,0,0,0,0,0,0,0,0,0,0,0,0,0,0,0,0,0,0.005810882,0,0,0,0,0,0,0,0.00118859,0,0,0,0.001584786,0,0.000264131,0,0,0,0,0,0,0,0,0,0,0,0,0,0,0
J160S321.03,0.000221214,0,0,0.006747041,0.002433359,0,0.001106072,0.004203075,0,0,0,0,0,0,0,0,0,0,0,0.001659109,0,0,0.028204845,0.037164031,0,0,0,0,0.000221214,0,0.35184161,0,0,0,0,0,0,0,0,0,0,0,0,0.000663643,0,0,0,0,0,0,0,0,0,0,0,0,0,0.007853114,0,0,0.01957748,0,0.07996903,0,0,0.030970025,0,0.000995465,0,0,0.000221214,0.036721602,0,0.330826236,0,0,0,0,0,0,0,0,0,0,0,0,0,0,0,0,0,0,0,0,0,0,0,0,0,0,0,0,0.000110607,0,0,0,0.058290012,0,0,0,0,0,0,0,0,0,0,0,0,0,0,0,0,0
F160S7P4.03,0,0,0,0,0,0,0,0,0,0,0,0,0,0,0,0,0,0,0,0,0,0,0.309401335,0,0,0,0,0,0,0,0,0,0,0,0,0,0,0,0,0,0,0,0,0.012914523,0,0,0,0,0.000328335,0,0,0,0,0,0,0,0,0.055707563,0,0,0.008755609,0,0,0,0,0.311809128,0,0.001422786,0,0,0.000109445,0.002188902,0,0.148626464,0,0,0,0,0,0,0,0,0,0,0,0,0,0,0,0,0,0,0,0,0.000109445,0,0,0,0,0,0,0,0,0,0,0,0.148626464,0,0,0,0,0,0,0,0,0,0,0,0,0,0,0,0,0
H160SL01.03,0,0,0,0.002465078,0.000821693,0,0,0,0,0,0,0,0,0,0,0,0,0,0,0,0,0,0,0.005341002,0,0,0,0,0,0.110928513,0,0,0,0,0,0,0,0,0,0,0,0,0,0.000273898,0,0,0,0,0,0,0,0,0,0,0,0,0,0.002875924,0,0,0.014927417,0,0.018898932,0,0,0.049301561,0,0.09778143,0.018077239,0,0.011503698,0.014242673,0,0.630786086,0,0,0,0,0,0,0,0,0,0,0,0,0,0,0,0,0,0,0,0,0.002054232,0,0,0,0,0,0,0,0.004382361,0,0,0,0.015338263,0,0,0,0,0,0,0,0,0,0,0,0,0,0,0,0,0
C160S6H7.03,0,0,0,0,0.000147514,0,0.000590058,0.000295029,0,0,0,0,0,0,0,0,0,0,0,0.000885086,0,0,0.001032601,0,0,0,0,0,0.000295029,0,0.000147514,0,0,0,0,0,0,0,0,0,0,0,0,0.000147514,0,0,0,0,0.000147514,0,0,0,0,0,0,0,0,0.03230565,0,0,0,0,0.196636672,0,0,0.007523234,0,0.135713232,0.006933176,0.017996755,0,0.07405222,0,0.183655406,0,0,0,0,0,0,0,0,0,0,0,0,0,0,0,0,0,0,0,0,0,0,0,0,0.000295029,0,0,0,0,0,0,0,0.341200767,0,0,0,0,0,0,0,0,0,0,0,0,0,0,0,0,0
G160SB1C.03,0,0,0,0,0.000172265,0,0.000172265,0,0,0,0,0,0,0,0,0,0,0,0,0,0,0,0,0.010508183,0,0,0,0,0,0,0,0,0,0,0,0,0,0,0,0,0,0,0,0,0,0,0,0,0.000172265,0,0,0,0,0,0,0,0,0.005167959,0,0,0.002583979,0,0.162101637,0,0,0.143669251,0,0.33161068,0,0,0.000344531,0.006029285,0.000172265,0.289233419,0,0,0,0,0,0,0,0,0,0,0,0,0,0,0,0,0,0,0,0,0.000172265,0,0,0,0,0,0,0,0,0,0,0,0.04788975,0,0,0,0,0,0,0,0,0,0,0,0,0,0,0,0,0
F160S69P.03,0,0,0,0,0,0,0,0,0,0,0,0,0,0,0,0,0,0,0,0,0,0,0.030262657,0,0,0,0,0,0,0,0,0,0,0,0,0,0,0,0,0,0,0,0,0.01294252,0,0,0,0,0,0,0,0,0,0,0,0,0,0.134944804,0,0,0.000761325,0,0.000761325,0,0,0.397411496,0,0,0,0,0,0.004377617,0,0.281119147,0,0,0,0,0,0,0,0,0,0,0,0,0,0,0,0,0,0,0,0,0,0,0,0,0,0,0,0,0,0,0,0,0.137419109,0,0,0,0,0,0,0,0,0,0,0,0,0,0,0,0,0
C160T898.03,0,0,0,6.88E-05,0.000481331,0,0,0,0,0,0,0,0,0,0,0,0,0,0,0,0,0,0.06690504,0.002475418,0,0,0,0,0.047032937,0.000687616,0.016571546,0,0,0,0,0,0,0,6.88E-05,0,0,0,0,0,0,0,0,0,0,0,0,0,0,0,0,0,0,0.000206285,0,0,0.001512755,0,0.021659905,0,0,0.011826996,0,0.506222925,0,0.000275046,0.018840679,0.0085952,0.000343808,0.27573403,0.003781888,0,0,0,0,0,0,0,0,0,0,0,0,0,0,0,0,0,0,0,0,0,0,0,0,0,0,0,6.88E-05,0,0,0,0.005913498,0,0.000206285,0,0,0,0,0,0,0,0,0,0,0,0.010520525,0,0,0
K160RFYC.03,0.000453378,0,0,0.005289406,0.006347287,0,0,0,0,0,0,0,0,0,0,0,0,0,0,0.066495391,0,0,0,0,0,0,0,0,0,0,0,0,0,0,0,0,0,0,0,0,0,0,0,0.015263715,0,0,0,0,0.003929273,0,0,0,0,0,0,0,0,0.306785552,0.048964788,0,0.000755629,0,0,0,0,0.113344416,0,0.219737041,0,0,0,0.008311924,0,0.201299683,0,0,0,0,0,0,0,0,0,0,0,0,0,0,0,0,0,0,0,0,0,0,0,0,0,0,0,0,0,0,0,0,0,0,0,0,0.003022518,0,0,0,0,0,0,0,0,0,0,0,0,0
C160RZGX.03,0,0,0,0.00107857,0.000497801,0,0,0,0,0,0,0,0,0,0,0,0,0,0,0,0,0,0.051522443,0,0,0,0,0,0,0,0.153903592,0,0,0,0,0,0,0,0,0,0,0,0,0.000248901,0,0,0,0,8.30E-05,0,0,0,0,0,0,0,0,0.000331868,8.30E-05,0,0.000165934,0,0.001576371,0,0,0.07832075,0,0.001659338,0,0.090516884,0,0.011366465,0,0.587405625,0,0,0,0,0,0,0,0,0,0,0,0,0,0,0,0,0,0,0,0,0,0,0,0,0,0,0,0,0,0,0,0,0.021239525,0,0,0,0,0,0,0,0,0,0,0,0,0,0,0,0,0
J160S3DC.03,0.000140331,0,0,0.001543643,0.002525961,0,0,0,0,0,0,0,0,0,0,0,0,0,0,0.000280662,0,0,0.469688465,0.028627561,0,0,0,0,0,0,0.001824305,0,0,0,0,0,0,0,0,0,0,0,0,0.000280662,0,0,0,0,0,0,0,0,0,0,0,0,0,0.00238563,0,0,0.000140331,0,0.19000842,0,0,0.152539994,0,0.039854056,0,0.001824305,0,0.017260735,0,0.078164468,0.000280662,0,0,0,0,0,0,0,0,0,0,0,0,0,0,0,0,0,0,0,0,0,0,0,0,0,0,0,0.000982318,0,0,0,0.011647488,0,0,0,0,0,0,0,0,0,0,0,0,0,0,0,0,0
D160SHBP.03,0,0,0,0,0.000343466,0,0,0,0,0,0,0,0,0,0,0,0,0,0,0,0,0,0.322685901,0.042417998,0,0,0,0,0.081916538,0.002232526,0.000515198,0,0,0,0,0,0,0,0,0,0,0,0,0,0,0,0,0,0,0,0,0,0,0,0,0,0,0,0,0,0.000515198,0,0.012708226,0,0,0.021810064,0,0.191997252,0,0.016829813,0.218959299,0.008586639,0.002747725,0.033487893,0,0,0,0,0,0,0,0,0,0,0,0,0,0,0,0,0,0,0,0,0.005151984,0,0,0,0,0,0,0,0,0,0,0,0.007727975,0,0.000171733,0,0,0,0,0,0,0,0,0,0,0,0.029194573,0,0,0
E160RRFP.03,0,0,0,0.027048656,0,0,0,0,0,0,0,0,0,0,0,0,0,0,0,0,0,0,0.062580026,0.081145967,0,0,0,0,0.113636364,0,0.001440461,0,0,0,0,0,0,0,0,0,0,0,0,0,0,0,0,0,0,0,0,0,0,0,0,0,0,0.001120359,0,0,0.000320102,0,0.025928297,0,0,0.002560819,0,0.117317542,0,0,0.017445583,0.047855314,0,0.47631242,0.002400768,0,0,0,0,0,0,0,0,0,0,0,0,0,0,0,0,0,0,0,0,0,0,0,0,0,0,0,0.000800256,0,0,0,0.021927017,0,0.000160051,0,0,0,0,0,0,0,0,0,0,0,0,0,0,0
H160SM2J.03,0.000111757,0,0,0.003799732,0,0,0,0,0,0,0,0,0,0,0,0,0,0,0,0,0,0,0.062472061,0.014081359,0,0,0,0,0.037103263,0,0.001117568,0,0,0,0,0,0,0,0.000223514,0,0,0,0,0,0,0,0,0,0.00033527,0,0,0,0,0,0,0,0,0,0,0,0.000558784,0,0.050290568,0.000223514,0,0.02983907,0.000111757,0.449038891,0,0.051408136,0.231001341,0.006928923,0,0.019780957,0.001229325,0.012405007,0,0,0,0,0,0,0,0,0,0,0,0,0,0,0,0,0,0,0.008046491,0,0,0,0,0,0,0,0.006370139,0,0,0,0.012963791,0,0.000558784,0,0,0,0,0,0,0,0,0,0,0,0,0,0,0
F160V5QZ.03,0.004164273,0,0,0.001005169,0,0,0,0,0,0,0,0,0,0,0,0,0,0,0,0,0,0,0.022400919,0.026995979,0,0,0,0,0.148047099,0.000287191,0.053561172,0,0,0,0,0,0,0,0,0,0,0,0,0.000430787,0,0,0,0,0,0,0,0,0,0,0,0,0,0.004020678,0,0,0.000861574,0,0.017662263,0.000143596,0,0.011056864,0,0.445433659,0,0.043940264,0.031734635,0.000430787,0,0.135410684,0.003159104,0,0,0,0,0,0,0,0,0,0,0,0,0,0,0,0,0,0,0,0.003733487,0,0,0,0,0,0,0.000287191,0.000287191,0,0,0,0.044801838,0,0.000143596,0,0,0,0,0,0,0,0,0,0,0,0,0,0,0
F160TB7W.03,0,0,0,0.000564589,0.000790425,0,0,0,0,0,0,0,0,0,0,0,0,0,0,0,0,0,0.007226739,0.006323397,0,0,0,0,0.000790425,0.004742547,0.000451671,0,0,0,0,0,0,0,0,0,0,0,0,0,0,0,0,0,0,0,0,0,0,0,0,0,0,0,0.000112918,0,0.000112918,0,0.033423668,0.000451671,0,0.007904246,0.000338753,0.421409214,0,0,0.015582656,0.006323397,0,0.474254743,0.003387534,0,0,0,0,0,0,0,0,0,0,0,0,0,0,0,0,0,0,0,0,0,0,0,0,0,0,0,0,0,0,0,0.015808491,0,0,0,0,0,0,0,0,0,0,0,0,0,0,0,0,0
J160TKMX.03,0,0,0,0.004039011,0.000197025,0,0,0,0,0,0,0,0,0,0,0,0,0,0,0,0,0,0.010540833,0.004531573,0,0,0,0,0.009161659,0.008472072,0.000295537,0,0,0,0,0,0,0,0,0,0,0,0,0,0,0,0,0,0,0,0,0,0,0,0,0,0,9.85E-05,0,0,0,0,0.008767609,0.000492562,0,0.000492562,0.000197025,0.120382228,0,0,0.010540833,0.008275047,0,0.805831938,0.001379174,0,0,0,0,0,0,0,0,0,0,0,0,0,0,0,0,0,0,0,0,0,0,0,0,0,0,0,0.00039405,0,0,0,0.005910748,0,0,0,0,0,0,0,0,0,0,0,0,0,0,0,0,0
A160T4PJ.03,0,0,0,0.002022623,0.000674208,0,0,0.000599296,0,0,0,0,0,0,0,0,0,0,0,7.49E-05,0,0,0.303393513,0.00831523,0,0,0,0,0.084650536,0,0.038579669,0.000149824,0,0,0,0,0,0,0,0,0,0,0,7.49E-05,0,0,0,0,0,0,0,0,0,0,0,0,0,0.00149824,0.004494719,0,0.001872799,0,0.013034684,0,0,0.003820511,0,0.292081804,0,0,0.001048768,0.078133193,0.002247359,0.158139186,0.00037456,0.000224736,0,0,0,0,0,0,0,0,0,0,0,0,0,0,0,0,0,0,0.002097535,0,0,0,0,0,0,0,0,0,0,0,0.002247359,0,7.49E-05,0,0,0,0,0,0,0,0,0,0,0,7.49E-05,0,0,0
E160T6XW.03,7.38E-05,0,0,0.005612584,0,0,0,0,0,0,0,0,0,0,0,0,0,0,0,0.0001477,0,0,0,0.037294144,0,0,0,0,0,0.001255446,0.024961229,0,0,0,0,0,0,0,0,0,0,0,0,0.001846245,0,0,0,0,0,0,0,0,0,0,0,0,0,0.009378923,0,0,0.0001477,0,0.112620929,0,0,0.048445462,0,0.395391773,0,0.001846245,0.022967285,0.003175541,0,0.30891367,0.000443099,0,0,0,0,0,0,0,0,0,0,0,0,0,0,0,0,0,0,0,0.019717894,0,0,0,0,0,0,0,7.38E-05,0,0,0,0.005686434,0,0,0,0,0,0,0,0,0,0,0,0,0,0,0,0,0
G160S7RV.03,0,0,0,0.002753036,0.008744939,0,0,0.000809717,0,0,0,0,0,0,0,0,0,0,0,0.001133603,0,0,0.122591093,0.029959514,0,0,0,0,0,0,0.005182186,0,0,0,0,0,0,0,0,0,0,0,0,0.000161943,0,0,0,0,0,0,0,0,0,0,0,0,0,0.016356275,0.00145749,0,0,0,0.146720648,0,0,0.020242915,0,0,0,0,0.254251012,0.009878543,0,0.268502024,0.030121457,0,0,0,0,0,0,0,0,0,0,0,0,0,0,0,0,0,0,0,0,0,0,0,0,0,0,0,0,0,0,0,0.081133603,0,0,0,0,0,0,0,0,0,0,0,0,0,0,0,0,0
C160SGJ6.03,0.000325309,0,0,8.13E-05,0.002114509,0,0,0,0,0,0,0,0,0,0,0,0,0,0,0,0,0,0.049040338,0.009352635,0,0,0,0,0.085962915,0.017322707,0.000325309,0.006180872,0,0,0,0,0,0,0,0,0,0,0,0.000325309,0,0,0,0,0,0,0,0,0,0,0,0,0,0.002846454,0.000406636,0,0.012931034,0,0.098649967,0,0,0.007238126,0.000487964,0.354830839,0,0.000243982,0.032856213,0.019274561,0,0.274723487,0.000406636,0,0,0,0,0,0,0,0,0,0,0,0,0,0,0,0,0,0,0,0.010409889,0,0,0,0,0,0,0,0,0,0,0,0.010653871,0,0,0,0,0,0,0,0,0,0,0,0,0,0.003009109,0,0,0
E160T67F.03,0,0,0,0,0,0,7.94E-05,0,0,0,0,0,0,0,0,0,0,0,0,0,0,0,0.541626946,7.94E-05,0,0,0,0,0.000397204,0,0.002303781,0,0,0,0,0,0,0,0,0,0,0,0,0.000158881,0,0,0,0,7.94E-05,0,0,0,0,0,0,0,0,0.003813155,0,0,7.94E-05,0,0.009930092,0,0,0.277883699,0,0.053225294,0,0,0.004845885,0.003972037,0,0.03447728,0.003098189,0,0,0,0,0,0,0,0,0,0,0,0,0,0,0,0,0,0,0,0,0,0,0,0,0,0,0,0,0,0,0,0.063790912,0,0.000158881,0,0,0,0,0,0,0,0,0,0,0,0,0,0,0
E160RVWQ.03,0,0,0,0.003260476,0,0,0,0,0,0,0,0,0,0,0,0,0,0,0,0,0,0,0.03610675,0,0,0,0,0,0,0,0.084893129,0,0,0,0,0,0,0,0,0,0,0,0,0,0,0,0,0,0.002415167,0,0,0,0,0,0,0,0,0.010747494,0,0,0,0,0.003260476,0,0,0.094312281,0,0.000845309,0,0.031397174,0,0.022581814,0,0.555367709,0,0,0,0,0,0,0,0,0,0,0,0,0,0,0,0,0,0,0,0,0,0,0,0,0,0,0,0,0,0,0,0,0.154812221,0,0,0,0,0,0,0,0,0,0,0,0,0,0,0,0,0
C160S28W.03,0,0,0,0,0,0,0,0,0,0,0,0,0,0,0,0,0,0,0,0,0,0,0.05799458,0.007407407,0,0,0,0,0.018789521,0.000180668,0.015537489,0,0,0,0,0,0,0,0,0,0,0,0,0,0,0,0,0,0,0,0,0,0,0,0,0,0,0,0,0,0.052935863,0,0.007226739,0,0,0.003794038,0,0.681300813,0,0.009936766,0.000542005,0.082023487,0.000180668,0.044083107,0.000361337,0,0,0,0,0,0,0,0,0,0,0,0,0,0,0,0,0,0,0,0.007768744,0,0,0,0,0,0,0,0.003974706,0,0,0,0.004878049,0,0.000180668,0,0,0,0,0,0,0,0,0,0,0,0.000903342,0,0,0
F160VFJJ.03,0,0,0,0.000171752,0.000400756,0,5.73E-05,0,0,0,0,0,0,0,0,0,0,0,0,0,0,0,0.017117994,0.003148795,0,0,0,0,0.001087766,0.000286254,0.112097097,0,0,0,0,0,0,0,0,0,0,0,0,0,0,0,0,0,0,0,0,0,0,0,0,0,0,0.000744261,0,0,0.006354841,0,0.006755596,0.000171752,0,5.73E-05,0.000229003,0.046086907,0,0,0.002576287,0.014198202,0.00629759,0.759890078,0.002404534,0.000114502,0,0,0,0,0,0,0,0,0,0,0,0,0,0,0,0,0,0,0,0,0,0,0,0,0,0,0.007671609,0,0,0,0.011564665,0,5.73E-05,0,0,0,0,0,0,0,0,0,0,0,0.000458007,0,0,0
K160V9NF.03,0,0,0,0.001658948,0.00511509,0,0,0,0,0,0,0,0,0,0,0,0,0,0,0,0,0,0.003525264,0.04175019,0,0,0,0,0.063385636,0.002211931,0.021911938,0,0,0,0,0,0,0,0,0,0,0,0,0,0,0,0,0,6.91E-05,0,0,0,0,0,0,0,0,0.000345614,0,0,0.004562107,0,0.01783369,0,0,0.018455796,0,0.452063317,0.002281053,0.000345614,0.023156148,0.005529827,0,0.32176678,0.001658948,0,0,0,0,0,0,0,0,0,0,0,0,0,0,0,0,0,0,0,0.002419299,0,0,0,0,0,0,0,0.003801756,0,0,0,0.00048386,0,0.000691228,0,0,0,0,0,0,0,0,0,0,0,0.004976844,0,0,0
J160SKR8.03,0,0,0,0.000397825,0.000132608,0,0,0,0,0,0,0,0,0,0,0,0,0,0,0,0,0,0.063386819,0.008486938,0,0,0,0,0.057684657,0,0.005304336,0,0,0,0,0,0,0,0,0,0,0,0,0,0,0,0,0,0,0,0,0,0,0,0,0,0,0,0,0,0.008089113,0,0.003845644,0,0,0.001458692,0,0.540909694,0,0.020952128,0.007956504,0.05330858,0,0.070547673,0.001326084,0,0,0,0,0,0,0,0,0,0,0,0,0,0,0,0,0,0,0,0.00331521,0,0,0,0,0,0,0,0.001193476,0,0,0,0.006099987,0,0,0,0,0,0,0,0,0,0,0,0,0,0.145604031,0,0,0
F160SLM0.03,0,0,0,0.004154303,0.023590504,0,0,0.005341246,0,0,0,0,0,0,0,0,0,0,0,0,0,0,0.136350148,0.009495549,0,0,0,0,0,0,0.037537092,0,0,0,0,0,0,0,0,0,0,0,0,0.000296736,0,0,0,0,0,0,0,0,0,0,0,0,0,0.010237389,0,0,0.000445104,0,0.01735905,0,0,0.009347181,0,0.088724036,0,0.001335312,0.001186944,0.120326409,0,0.510979228,0.000296736,0.000445104,0,0,0,0,0,0,0,0,0,0,0,0,0,0,0,0,0,0,0,0,0,0,0,0,0,0,0.000296736,0,0,0,0.022106825,0,0.000148368,0,0,0,0,0,0,0,0,0,0,0,0,0,0,0
J160SFWT.03,0,0,0,0.010777947,0,0,0,0.002901755,0,0,0,0,0,0,0,0,0,0,0,0.001796324,0,0,0.033991986,0.024181291,0,0,0,0,0,0,0.000829073,0,0,0,0,0,0,0,0,0,0,0,0,0.000552715,0,0,0,0,0,0,0,0,0,0,0,0,0,0.006079867,0.000138179,0,0.000138179,0,0.027635761,0,0,0.010916125,0,0.035373774,0,0,0,0.048362581,0,0.787757358,0.000552715,0.000138179,0,0,0,0,0,0,0,0,0,0,0,0,0,0,0,0,0,0,0,0,0,0,0,0,0,0,0,0,0,0,0.007876192,0,0,0,0,0,0,0,0,0,0,0,0,0,0,0,0,0
D160TSNY.03,0,0,0,0,0,0,0,0,0,0,0,0,0,0,0,0,0,0,0,0,0,0,0.084988962,0.001931567,0,0,0,0,0.092025386,0.000275938,0.000275938,0,0,0,0,0,0,0,0,0,0,0,0,0,0,0,0,0,0.000137969,0,0,0,0,0,0,0,0,0.000137969,0,0,0.002207506,0,0.020557395,0.001103753,0,0.009657837,0.000137969,0.382450331,0,0.000275938,0.337334437,0.029939294,0.000689845,0.024006623,0.000965784,0,0,0,0,0,0,0,0,0,0,0,0,0,0,0,0,0,0,0,0,0,0,0,0,0,0,0,0.000551876,0,0,0,0.010347682,0,0,0,0,0,0,0,0,0,0,0,0,0,0,0,0,0
H160RV3H.03,9.04E-05,0,0,0.009948449,0.000452202,0,0,0,0,0,0,0,0,0,0,0,0,0,0,9.04E-05,0,0,0.062042145,0.018449851,0,0,0,0,0.062765669,0.002351452,0.001537488,0,0,0,0,0,0,0,0,0,0,0,0,0,0,0,0,0,0,0,0,0,0,0,0,0,0,9.04E-05,0,0,0.000271321,0,0.032287239,9.04E-05,0,0.000994845,0,0.165958217,0.002803654,0.012661662,0.287962377,0.01627928,0,0.31699376,9.04E-05,0,0,0,0,0,0,0,0,0,0,0,0,0,0,0,0,0,0,0,0,0,0,0,0,0,0,0,0.004793344,0,0,0,0.000994845,0,0,0,0,0,0,0,0,0,0,0,0,0,0,0,0,0
C160SHKW.03,0,0,0,0.004176611,0.003207041,0,7.46E-05,0,0,0,0,0,0,0,0,0,0,0,0,0,0,0,0.188096659,0.012902745,0,0,0,0,7.46E-05,0,0.354639021,0,0,0,0,0,0,0,0,0,0,0,0,0,0,0,0,0,0,0,0,0,0,0,0,0,0,0.001193317,0.000149165,0,0.051909308,0,0.011709427,0,0,0.000149165,0,0.033412888,0,0,0.012604415,0.000894988,0,0.313917064,0.001417064,0,0,0,0,0,0,0,0,0,0,0,0,0,0,0,0,0,0,0,0,0,0,0,0,0,0,0,0,0,0,0,0.009471957,0,0,0,0,0,0,0,0,0,0,0,0,0,0,0,0,0
J160TDX3.03,0,0,0,0.002981261,0.000681431,0,0,0,0,0,0,0,0,0,0,0,0,0,0,0,0,0,0.000596252,0.010477002,0,0,0,0,0,0,0.049914821,0,0,0,0,0,0,0,0,0,0,0,0,0,0,0,0,0,0.000255537,0,0,0,0,8.52E-05,0,0,0,0.000340716,0,0.000255537,0.007410562,0,0.006643952,0.000596252,0,0.000255537,8.52E-05,0.321465077,0,8.52E-05,0.010136286,0.006643952,0,0.570698467,0.003492334,0,0,0,0,0,0,0,0,0,0,0,0,0,0,0,0,0,0,0,0,0,0,0,0,0,0,0,0,0,0,0,0.006899489,0,0,0,0,0,0,0,0,0,0,0,0,0,0,0,0,0
F160SQSH.03,0,0,0,0.004807142,0.002861394,0,0,0,0,0,0,0,0,0,0,0,0,0,0,0,0,0,0.017397276,0.001602381,0,0,0,0,0.035023463,0.082865972,0,0,0,0,0,0,0,0,0,0,0,0,0,0,0,0,0,0,0,0,0,0,0,0,0,0,0,0,0,0,0,0,0.001831292,0,0,0.000915646,0.000457823,0.156804395,0,0,0.001144558,0.014078059,0,0.677692572,0.001831292,0,0,0,0,0,0,0,0,0,0,0,0,0,0,0,0,0,0,0,0,0,0,0,0,0,0,0,0,0,0,0,0.000686735,0,0,0,0,0,0,0,0,0,0,0,0,0,0,0,0,0
B160RX7R.03,0,0,0,0.005252972,0.003594139,0,0,0,0,0,0,0,0,0,0,0,0,0,0,0,0,0,0.027923694,0.001244125,0,0,0,0,0.000967653,0,0.145839093,0,0,0,0,0,0,0,0,0,0,0,0,0,0,0,0,0,0,0,0,0,0,0,0,0,0,0,0,0,0.014653027,0,0.000138236,0.000138236,0,0.000276472,0,0.000691181,0,0.005944153,0,0.021426597,0,0.750069118,0,0.021288361,0,0,0,0,0,0,0,0,0,0,0,0,0,0,0,0,0,0,0,0,0,0,0,0,0,0,0,0,0,0,0.000414708,0,0.000138236,0,0,0,0,0,0,0,0,0,0,0,0,0,0,0
H160TRZP.03,0,0,0,0,0,0,0,0,0,0,0,0,0,0,0,0,0,0,0,0,0,0,0.000101245,0.003644831,0,0,0,0,0.000101245,0,0.000101245,0,0,0,0,0,0,0,0,0,0,0,0,0,0,0,0,0,0,0,0,0,0,0,0,0,0,0,0,0,0.028044953,0,0.008302116,0,0,0.152272957,0,0.782120077,0,0,0.00172117,0.004454794,0,0.001316189,0,0,0,0,0,0,0,0,0,0,0,0,0,0,0,0,0,0,0,0,0.008808343,0,0,0,0,0,0,0,0,0,0,0,0.003746077,0,0.005264757,0,0,0,0,0,0,0,0,0,0,0,0,0,0,0
E160SDGJ.03,0,0,0,0.0001523,0.0001523,0,0,0,0,0,0,0,0,0,0,0,0,0,0,0,0,0,0.085287846,0.017819068,0,0,0,0,0.012640877,0,0.000761499,0,0,0,0,0,0,0,0,0,0,0,0,0.003807493,0,0,0,0,0,0,0,0,0,0,0.0001523,0,0,0.181693573,0,0,0.004264392,0,0.084069449,0,0,0.001066098,0.001066098,0.196314347,0,0.004873591,0.304751751,0.041120926,0,0.002436796,0.000761499,0,0,0,0,0,0,0,0,0,0,0,0,0,0,0,0,0,0,0,0,0,0,0,0,0,0,0,0,0,0,0,0.041120926,0,0,0,0.000456899,0,0,0,0,0,0,0,0,0,0.015229973,0,0,0
J160SK88.03,0.002418623,0,0,0.001108536,0.000100776,0,0.000100776,0,0,0,0,0,0,0,0,0,0,0,0,0,0,0,0.009573718,0.005542679,0,0,0,0,0.227048272,0.007155094,0.001310088,0,0,0,0,0,0,0,0,0,0,0,0,0,0,0,0,0,0,0,0,0,0,0.000100776,0,0,0,0,0,0,0.00100776,0,0.027511841,0.000100776,0.000201552,0.004434143,0,0.61342336,0,0.025496322,0.026201754,0.013503981,0,0.024085458,0.001209312,0,0,0,0,0,0,0,0,0,0,0,0,0,0,0,0,0,0,0,0,0,0,0,0,0,0,0,0.003829487,0,0,0,0.004434143,0,0,0,0,0,0,0,0,0,0,0,0,0,0,0,0,0.000100776
F160SG7C.03,0,0,0,0.015466352,0,0,0.000708383,0,0,0,0,0,0,0,0,0,0,0,0,0,0,0,0.102951594,0.115230224,0,0,0,0,0,0,0.158323495,0,0,0,0,0,0,0,0,0,0,0,0,0.000236128,0,0,0,0,0,0,0,0,0,0,0,0,0,0.003305785,0,0,0.017945691,0,0.172845336,0,0,0.00094451,0,0.117591499,0,0,0.083825266,0.016765053,0,0.184769776,0.000590319,0,0,0,0,0,0,0,0,0,0,0,0,0,0,0,0,0,0,0,0,0,0,0,0,0,0,0,0,0,0,0,0.00850059,0,0,0,0,0,0,0,0,0,0,0,0,0,0,0,0,0
F160T2XZ.03,0,0,0,0.004521677,0.000975264,0,0,0,0,0,0,0,0,0,0,0,0,0,0,0,0,0,0.035375477,0.004964979,0,0,0,0,0.019239294,0.049383811,0.000886603,0,0,0,0,0,0,0,0,0,0,0,0,0,0,0,0,0,0,0,0,0,0,0,0,0,0,0,0,0,0.000531962,0,0.005408281,8.87E-05,8.87E-05,0.000886603,0.000709283,0.112864616,0,0,0.01551556,0.010107279,0,0.735969501,0.000443302,0,0,0,0,0,0,0,0,0,0,0,0,0,0,0,0,0,0,0,0,0,0,0,0,0,0,0,0.000177321,0,0,0,0.001861867,0,0,0,0,0,0,0,0,0,0,0,0,0,0,0,0,0
E160VWJY.03,0.002394548,0,0,0.000184196,0,0,0,0,0,0,0,0,0,0,0,0,0,0,0,0,0,0,0.077546509,0.031865905,0,0,0,0,0.076072942,0.000552588,0.064652791,0,0,0,0,0,0,0,0,0,0,0,0,0,0,0,0,0,0,0,0,0,0,0,0,0,0,0,0,0,0.007736231,0,0.001289372,0,0,0.003315528,0,0.4816725,0,0.013998895,0.202983975,0.00184196,0,0.02339289,0.00276294,0,0,0,0,0,0,0,0,0,0,0,0,0,0,0,0,0,0,0,0.005894272,0,0,0,0,0,0,0,0,0,0,0,0.001289372,0,0.000552588,0,0,0,0,0,0,0,0,0,0,0,0,0,0,0
B160SH9S.03,0,0,0,0.025581652,0.000330797,0,0,0,0,0,0,0,0,0,0,0,0,0,0,0.000330797,0,0,0.030212813,0.004741427,0,0,0,0,0,0.119417797,0,0,0,0,0,0,0,0,0,0,0,0,0,0,0,0,0,0,0,0,0,0,0,0,0,0,0,0,0,0,0,0,0.022163414,0,0,0.002756644,0.000330797,0.071672731,0,0,0.009703385,0.020950491,0,0.689822472,0.000110266,0,0,0,0,0,0,0,0,0,0,0,0,0,0,0,0,0,0,0,0,0,0,0,0,0,0,0,0,0,0,0,0.001874518,0,0,0,0,0,0,0,0,0,0,0,0,0,0,0,0,0
B160SPNC.03,0,0,0,0.012702785,0,0,0,0,0,0,0,0,0,0,0,0,0,0,0,0,0,0,0.126568717,0.001071319,0,0,0,0,0.079583716,0.00765228,0.008264463,0,0,0,0,0,0,0,0,0,0,0,0,0.000153046,0,0,0,0,0,0,0,0,0,0,0.000153046,0,0,0.001224365,0,0,0.001224365,0,0.0087236,0,0,0.02402816,0,0.260483624,0,0,0.012855831,0.012855831,0,0.413529232,0.002295684,0,0,0,0,0,0,0,0,0,0,0,0,0,0,0,0,0,0,0,0.002295684,0,0,0,0,0,0,0.000153046,0,0,0,0,0.02402816,0,0.000153046,0,0,0,0,0,0,0,0,0,0,0,0,0,0,0
D160RZ9B.03,0,0,0,0,8.40E-05,0,0,0,0,0,0,0,0,0,0.00016794,0,0,0,0,0,0,0,0.058023344,0.010496263,0,0,0,0,0,0.000755731,0.003274834,0,0,0,0,0,0,0,0,0,0,0,0,0,0,0,0,0,0.00016794,0,0,0,0,0,0,0,0,0.001511462,0,0,0.000671761,0,0.054076749,0,0,0.004786296,0.00025191,0.261314972,0,0.00033588,0.572340247,0.018053573,0,0.004366446,0.000755731,0,0,0,0,0,0,0,0,0,0,0,0,0,0,0,0,0,0,0,0,0,0,0,0,0,0,0,8.40E-05,0,0,0,0.00822907,0,0.00025191,0,0,0,0,0,0,0,0,0,0,0,0,0,0,0
K160S483.03,0.000821243,0,0,0,0,0,0,0,0,0,0,0,0,0,0,0,0,0,0,0,0,0,0.228989871,0.044210238,0,0,0,0,0.041883384,0.000821243,0.000958117,0,0,0,0,0,0,0,0,0,0,0,0,0,0,0,0,0,0,0,0,0,0,0.000136874,0,0,0,0,0,0,0.000136874,0,0.009444292,0,0,0.002600602,0,0.162058582,0.000684369,0.001505612,0.420065699,0.009170545,0,0.05652888,0,0,0,0,0,0,0,0,0,0,0,0,0,0,0,0,0,0,0,0,0.018067342,0,0,0,0,0,0,0,0.000136874,0,0,0,0.001779359,0,0,0,0,0,0,0,0,0,0,0,0,0,0,0,0,0
J160S3T6.03,0,0,0,0,0.000745935,0,0,0,0,0,0,0,0,0,0.000447561,0,0,0,0,0,0,0,0.091004028,0.019095927,0,0,0,0,0.083246308,0,0.002386991,0,0,0,0,0,0,0,0,0,0,0,0,0,0,0,0,0,0,0,0,0,0,0,0,0,0.000298374,0.001491869,0,0,0.019394301,0,0.028643891,0,0,0.561241235,0,0.014918693,0,0.000895122,0.002237804,0.092048337,0,0.012680889,0.002536178,0.004177234,0,0,0,0,0,0,0,0,0,0,0,0,0,0,0,0,0,0,0,0,0,0,0,0,0,0,0.000149187,0,0,0,0.062360137,0,0,0,0,0,0,0,0,0,0,0,0,0,0,0,0,0
H160SHH5.03,0.000221959,0,0,0,0,0,0,0,0,0,0,0,0,0,0,0,0,0,0,0,0,0,0.102397159,0.007102693,0,0,0,0,0.284847588,0,0.013021604,0.001405741,0,0,0,0,0,0,0,0,0,0,0,0.000443918,0,0,0,0,0,0,0,0,0,0,0,0,0,0.004661142,0,0,0.000147973,0,0.091299201,0,0,0.018644569,0,0.125850843,0,0,0.005844925,0.002367564,0,0.244525007,0.00347736,0,0,0,0,0,0,0,0,0,0,0,0,0,0,0,0,0,0,0,0,0,0,0,0,0,0,0.000295946,0,0,0,0,0.027374963,0,0,0,0,0,0,0,0,0,0,0,0,0,0.066069843,0,0,0
F160VCV3.03,0,0,0,0,0,0,0.000192382,0,0,0,0,0,0,0,0,0,0,0,0,0,0,0,0.591766064,0.006156214,0,0,0,0,0,0.0136591,0.002116199,0,0,0,0,0,0,0,0,0,0,0,0,0.000384763,0,0,0,0,0.000577145,0,0,0,0,0,0,0,0,0.002500962,0,0,0.001731435,0,0.087341285,0,0,0.004232397,0,0.10388611,0,0,0.000961908,0.051558292,0,0.053866872,0.00230858,0,0,0,0,0,0,0,0,0,0,0,0,0,0,0,0,0,0,0,0.041169681,0,0,0,0,0,0,0,0,0,0,0,0.034628703,0,0.000961908,0,0,0,0,0,0,0,0,0,0,0,0,0,0,0
E160SDK3.03,0,0,0,0.000419076,0.000419076,0,0,0,0,0,0,0,0,0,8.38E-05,0,0,0,0,0,0,0,0.145503311,0.005615623,0,0,0,0,0.013578074,0,0.020534741,0,0,0,0,0,0,0,0,0,0,0,0,0,0,0,0,0,0,0,0,0,0,0,0,0,0,8.38E-05,0,0,0.014332411,0,0.002095382,0,0,0.008716788,0,0.566339787,0,0.008465342,0.000838153,0.091023384,0,0.108792222,0.000754337,0,0,0,0,0,0,0,0,0,0,0,0,0,0,0,0,0,0,0,0.003352611,0,0,0,0,0,0,0,0.006537591,0,0,0,0.001676305,0,0.000251446,0,0,0,0,0,0,0,0,0,0,0,0.000586707,0,0,0
K160V6RZ.03,0,0,0,0.000371195,0.000927988,0,0,0,0,0,0,0,0,0,0,0,0,0,0,0,0,0,0.036377134,0.004268745,0,0,0,0,0.014012621,0.000556793,0.015961396,0,0,0,0,0,0,0,0,0,0,0,0,0,0,0,0,0,0,0,0,0,0,0,0,0,0,0,0,0,0.00074239,0,0.001670379,0.000835189,0,0.001299183,0,0.202394209,0,0.001391982,0.388641425,0.00315516,0.007980698,0.307535264,0.000927988,0,0,0,0,0,0,0,0,0,0,0,0,0,0,0,0,0,0,0,0,0,0,0,0,0,0,0,0.00937268,0,0,0,0.000649592,0,0.000649592,0,0,0,0,0,0,0,0,0,0,0,0.000278396,0,0,0
H160TXT2.03,0,0,0,0.003106921,0.000857082,0,0.000321406,0,0,0,0,0,0,0,0,0,0,0,0,0,0,0,0.065995286,0.01049925,0,0,0,0,0.009535033,0.005035355,0.072316263,0,0,0,0,0,0,0,0,0,0,0,0,0,0,0,0,0,0,0,0,0,0,0,0,0,0,0,0,0,0.000107135,0,0.08913649,0.000642811,0,0.00021427,0.005571031,0.108742233,0,0.000321406,0.021427041,0.014141847,0,0.550674952,0.001607028,0,0,0,0,0,0,0,0,0,0,0,0,0,0,0,0,0,0,0,0,0,0,0,0,0,0,0,0.026248125,0,0,0,0.012856225,0,0,0,0,0,0,0,0,0,0,0,0,0,0.000642811,0,0,0
H160S5P8.03,0.00052283,0,0,0,0.000174277,0,0,0,0,0,0,0,0,0,0,0,0,0,0,0,0,0,0.315266643,0.032241199,0,0,0,0,0.121296619,0.002265598,0.005228303,0,0,0,0,0,0,0,0,0,0,0,0,0,0,0,0,0,0,0,0,0,0,0,0,0,0,0.001219937,0.000174277,0,0.016207738,0,0.005576856,0.000348554,0,0.006099686,0,0.101777623,0,0.008016731,0.265423493,0.038515162,0,0.069536424,0.002091321,0,0,0,0,0,0,0,0,0,0,0,0,0,0,0,0,0,0,0,0.00644824,0,0,0,0,0,0,0,0,0,0,0,0.001568491,0,0,0,0,0,0,0,0,0,0,0,0,0,0,0,0,0
B160TX7D.03,0,0,0,0,0,0,0,0,0,0,0,0,0,0,0,0,0,0,0,0,0,0,0.143884246,0,0,0,0,0,0.098499146,0,0.004673317,0,0,0,0,0,0,0,0,0,0,0,0,0.000988586,0,0,0,0,0,0,0,0,0,0,8.99E-05,0,0,0.001707558,0,0,0.000449357,0,0.038914352,0.007998562,0,0.003594859,0,0.618585423,0,0,0.044666127,0.00727959,0,0.00907702,0.005122675,0,0,0,0,0,0,0,0,0,0,0,0,0,0,0,0,0,0,0,0,0,0,0,0,0,0,0,0,0,0,0,0.014109823,0,0,0,0.000359486,0,0,0,0,0,0,0,0,0,0,0,0,0
D160T49P.03,0.000214892,0,0,0,0,0,0,0,0,0,0,0,0,0,0,0,0,0,0,0,0,0,0.011281831,0.031051896,0,0,0,0,0.144299989,0.002363812,0.001504244,0,0,0,0,0,0,0,0,0,0,0,0,0,0,0,0,0,0,0,0,0,0,0,0,0,0,0.000107446,0,0,0.00214892,0,0.023853014,0.000322338,0,0.017943483,0,0.201246374,0,0.162995595,0.218437735,0.000752122,0.000429784,0.153325454,0.000429784,0,0,0,0,0,0,0,0,0,0,0,0,0,0,0,0,0,0,0,0.019017943,0,0,0,0,0,0,0,0.000322338,0,0,0,0.007198883,0,0.00053723,0,0,0,0,0,0,0,0,0,0,0,0.000214892,0,0,0
J160RPQH.03,0,0,0,0.005055415,0,0,0,0,0,0,0,0,0,0,0,0,0,0,0,0,0,0,0.403849893,0.002333269,0,0,0,0,0.000972195,0,0.000583317,0,0,0,0,0,0,0,0,0,0,0,0,0,0,0,0,0,0.000194439,0,0,0,0,0,0,0,0,0,0,0,0.001361073,0,0.009138635,0,0,0.154967918,0.000194439,0.101497181,0,0.013805172,0,0.180050554,0,0.098191717,0.001166634,0.001361073,0,0,0,0,0,0,0,0,0,0,0,0,0,0,0,0,0,0,0,0,0,0,0,0,0,0,0.005249854,0,0,0,0.020027221,0,0,0,0,0,0,0,0,0,0,0,0,0,0,0,0,0
C160SLNT.03,0,0,0,0.002420273,0.00142369,0,0,0,0,0,0,0,0,0,0,0,0,0,0,0,0,0,0.103502278,0.025626424,0,0,0,0,0.028046697,0.011958998,0.02477221,0,0,0,0,0,0,0,0,0,0,0,0,0,0,0,0,0,0,0,0,0,0,0,0,0,0,0.000142369,0,0,0.000569476,0,0.01167426,0.000284738,0,0.001850797,0,0.108769932,0,0.081150342,0.155324601,0.017226651,0.02477221,0.377277904,0,0,0,0,0,0,0,0,0,0,0,0,0,0,0,0,0,0,0,0,0.002705011,0,0,0,0,0,0,0.000569476,0.002562642,0,0,0,0.002420273,0,0,0,0,0,0,0,0,0,0,0,0,0,0.014948747,0,0,0
J160SDY3.03,0,0,0,0.019581113,0.000123931,0,0,0,0,0,0,0,0,0,0,0,0,0,0,0,0,0,0.015119594,0.024538357,0,0,0,0,0.008179452,0.015119594,0.02825629,0.000619655,0,0,0,0,0,0,0,0,0,0,0,0.000247862,0,0,0,0,0,0,0,0,0,0,0,0,0,0.005948693,0.000123931,0,0.009542694,0,0.028504152,0.00111538,0,0.000619655,0,0.197174371,0.000495724,0.022059735,0.028999876,0.082414178,0.00570083,0.488412443,0.000991449,0,0,0,0,0,0,0,0,0,0,0,0,0,0,0,0,0,0,0,0.002726484,0,0,0,0,0,0,0.00334614,0.004213657,0,0,0,0.005081175,0,0,0,0,0,0,0,0,0,0,0,0,0,0.000743587,0,0,0
D160Q015.03,0,0,0,0.000825141,0.000353632,0,0,7.07E-05,0,0,0,0,0,0,0.000754415,0,0,0,0,0.000400783,0,0,0.020039135,0.001249499,0,0,0,0,0,0.002003914,0.000612962,0,0,0,0,0,0,0,0,0,0,0,7.07E-05,0.00051866,0,0,0,0,0,0,0,0,0,0,0.015300469,2.36E-05,4.72E-05,0.006436099,0.015064715,0,0.001013744,0,0.055142985,0,0,0.071787255,0,0.542141123,0,0,0.000990169,0.009878115,0.000330056,0.186387533,0.004502912,0,0,0,0,0,0,0,0,0,0,0,0,0,0,0,0,0,0,0,0,0,0,0,0,0,0,0,4.72E-05,0,0,0,0.063960205,0,0,4.72E-05,0,0,0,0,0,0,0,0,0,0,0,0,0,0
F160S9ZK.04,0,0,0,0.005520691,0.088242259,0,0,0,0,0,0,0,0,0,0.000843645,0,0,0,0,0.000162809,0,0,0.395861701,0.000148008,0,0,0,0,0.053638032,0,0,0,0,0,0,0,0,0,0,0,0,0,0,0,0,0,0,0,0,0,0,0,0,0.000103605,0,0,0,0.006379137,0.00056243,0,0.074640341,0,0.000976852,0,0,0.00700077,0,0.000207211,0,0,0,0.026078977,0,0.238603398,0,0,0,0,0,0,0,0,0,0,0,0,0,0,1.48E-05,0,0,0,0,0,0,0,0,0,0,0,0,0,0,0,0,0,0.100556509,0,0.000429223,0,0,1.48E-05,0,0,0,0,0,0,0,0,0,0,0,1.48E-05
F160QPPL.03,0,0,0,0,0.00078235,0,0,0,0,0,0,0,0,0,0.00031294,0,0,0,0,0,0,0,0,2.61E-05,0,0,0,0,0,0,0,0,0,0,0,0,0,0,0,0,0,0,0,0,0,0,0,0,2.61E-05,0,0,0,0,2.61E-05,7.82E-05,0,5.22E-05,0.001225682,0.017915819,0,0.021775413,0,0.009779377,0,0,0.070907005,0,0.655713764,0,7.82E-05,0.010744276,0.082694414,0,2.61E-05,0.011500548,0,0,0,0,0,0,0,0,0,0,0,0,0,0,0,0,0,0,0,0,0,0,0,0,0,0,0,5.22E-05,0,0,0,0.11385803,0,0.002190581,0.00015647,0,0,0,0,0,7.82E-05,0,0,0,0,0,0,0,0
A160R5W8.03,0,0,0,0.00201946,0.004668363,0,0,0,0,0,0,0,0,0,2.62E-05,0,0,0,0,0,0,0,2.62E-05,0.007815573,0,0,0,0,2.62E-05,0.055810538,0.066327467,0,0,0,0,0,0,0,0,0,0,0,0,0,0,0,0,0,0.000183587,0,0,0,0,0,0.000131134,0,0,0.000104907,0,0,0.143984893,0,0.031603242,0,0,0.004589682,0,0.371108605,0,2.62E-05,0.009651446,0.045398516,0.000498308,0.219072097,0.005507619,0,0,0,0,0,0,0,0,0,0,0,0,0,0,0,0,0,0,0,0,0,0,0,0,0,0,0,0,0,0,0,0.019748748,0,0.000944163,2.62E-05,0,0,0,0,0,0,0,0,0,0,0.010700517,0,0,0
E160QB3C.03,0.000124809,0,0,0.00056164,0.005148367,0,0,0,0,0,0,0,0,0,0,0,0,0,0,0,0,0,0.324752722,0.000748853,0,0,0,0,0.077256701,0.01291772,0.123186371,0,0,0,0,0,0,0,0,0,0,0,0,0,0,0,0,0,0,0,0,0,0,0,0,3.12E-05,0,0.005210771,0,0,0.016131549,0,0.012948922,0,0,0.00786296,0,0.045555244,0.003869075,0,0.00196574,0.085650098,0.001497707,0.181940154,0.005866018,0,0,0,0,0,0,0,0,0,0,0,0,0,0,0,0,0,0,0,0.004056289,0,0,0,0,0,0,0,0.009111049,0,0,0,0.073294019,0,0.000218416,6.24E-05,0,0,0,0,0,3.12E-05,0,0,0,0,0,0,0,0
A160QZMG.03,0,0,0,0,0.000155154,0,0,0,0,0,0,0,0,0,0,0,0,0,0,3.10E-05,0,0,0,0.032644449,0,0,0,0,0,3.10E-05,0,0,0,0,0,0,0,0,0,0,0,0,0,3.10E-05,0,0,0,0,0.000186185,0,0,0,0,6.21E-05,0,0,6.21E-05,0.000217216,0.002513498,0,0.000248247,0,0.022156023,0,0,0.032241048,0,0.677403339,0,3.10E-05,0.021132005,0.094613045,0,6.21E-05,0.011046981,0,0,0,0,0,0,0,0,0,0,0,0,0,0,0,0,0,0,0,0,0,0,0,0,0,0,0,0,0,0,0,0.105132502,0,0,0,0,0,0,0,0,0,0,0,0,0,0,0,0,0
K160QZLK.03,0,0,0,0.000420025,0.000315019,0,0.000105006,0,0,0,0,0,0,0,5.25E-05,0,0,0,0,5.25E-05,0,0,0.000472528,0.004436511,0,0,0,0,0,0,2.63E-05,0,0,0,0,0,0,0,0,0,0,0,0,0.000262515,0,0,0,0,2.63E-05,0,0,0,0,2.63E-05,0.000472528,2.63E-05,2.63E-05,0.009450555,0.00307143,0,0.000420025,0,0.006799149,0,0,0.02110624,0,0.662667682,0,0,0.015015882,0.103011052,0,0,0.011550679,0,0,0,0,0,0,0,0,0,0,0,0,0,0,0,0,0,0,0,0,0,0,0,0,0,0,0,0,0,0,0,0.160081905,0,0.000105006,0,0,0,0,0,0,0,0,0,0,0,0,0,0,0
A160RW24.03,0,0,0,0,4.21E-05,0,0,0,0,0,0,0,0,0,0,0,0,0,0,0,0,0,0.028773645,0.009015461,0,0,0,0,0,0,0.00050554,0,0,0,0,0,0,0,0,0,0,0,0,0.000168513,0,0,0,0,4.21E-05,0,0,0,0,0,0.000379155,8.43E-05,4.21E-05,0.0072882,0.002864726,0,0.000126385,0,0.0218646,0,0,0.006951173,0,0.64279395,0,0,0.177318111,0.044108354,0,0.001095336,0.023507604,0,0,0,0,0,0,0,0,0,0,0,0,0,0,0,0,0,0,0,0,0,0,0,4.21E-05,0,0,0,0,0,4.21E-05,0,0.032733707,0,0.000168513,4.21E-05,0,0,0,0,0,0,0,0,0,0,0,0,0,0
H160R7BT.03,0,0,0,0,0.000513467,0,0,0,0,0,0,0,0,0,7.00E-05,0,0,0,0,9.34E-05,0,0,0.071651963,0.008122112,0,0,0,0,0,0,0.002777389,0,0,0,0,0,0,0,0,0,0,0,0,0,0,0,0,0,0,0,0,0,0,2.33E-05,2.33E-05,0,7.00E-05,0.00039677,0.001657098,0,0.000956915,0,0.048849368,0,0,0.027797227,0,0.553680624,0,4.67E-05,0.010409373,0.057298231,0.000326752,0.17315502,0.011249592,0,0,0,0,0,0,0,0,0,0,0,0,0,0,0,0,0,0,0,0,0,0,0,0,0,0,0,7.00E-05,0,0,0,0.030341222,0,0.000420109,0,0,0,0,0,0,0,0,0,0,0,0,0,0,0
D160Q3P8.03,0,0,0,0,0.006499949,0,8.10E-05,0,0,0,0,0,0,0,0,0,0,0,0,2.02E-05,0,0,0.002126152,0.010306773,0,0,0,0,0,0.119044244,0,0,0,0,0,0,0,0,0,0,0,0,0,0,0,0,0,0,6.07E-05,0,0,0,0,0,0.002429888,0,0,0.003361345,0,0,0.432985724,0,0.013668118,0,0,0.006884682,0,0.278789106,0,2.02E-05,0.013789612,0.063298572,2.02E-05,0.022557457,2.02E-05,0,0,0,0,0,0,0,0,0,0,0,0,0,0,0,0,0,0,0,0,0,0,0,0,0,0,0,0,0,0,0,0.024015389,0,0,2.02E-05,0,0,0,0,0,0,0,0,0,0,0,0,0,0
E160RCBY.03,0,0,0,2.73E-05,0.000109373,0,0,0,0,0,0,0,0,0,0.000109373,0,0,0,0,2.73E-05,0,0,0.141036859,0.095072733,0,0,0,0,0,5.47E-05,0.002433556,0,0,0,0,0,0,0,0,0,0,0,0,2.73E-05,0,0,0,0,8.20E-05,0,0,0,0,2.73E-05,0.00041015,0,0,0.003417915,0,0,0.003062452,0,0.01621459,0,0,0.008831893,0,0.35360385,0.00057421,0.003664005,0.260527179,0.075412884,0,0.008859237,0.007519414,0,0,0,0,0,0,0,0,0,0,0,0,0,0,0,0,0,0,0,0,0,0,0,0,0,0,0,0.000218747,0,0,0,0.01834737,0,0.000218747,8.20E-05,0,0,0,0,0,0,0,0,0,0,2.73E-05,0,0,0
G160RW17.03,0,0,0,0.003139589,0.001965656,0,2.73E-05,0.000109203,0,0,0,0,0,0,2.73E-05,0,0,0,0,0,0,0,0.079090338,0.001883753,0,0,0,0,0,0.002047558,0.000464113,0,0,0,0,0,0,0,0,0,0,0,5.46E-05,0,0,0,0,0,0,0,0,0,0,0,0,0,2.73E-05,0,0.002593573,0,0.027491878,0,0.005432854,0.000163805,0,0.013623086,0,0.367277294,0,0,0.361216522,0.013513882,0,0.109366895,0.006634088,0,0,0,0,0,0,0,0,0,0,0,0,0,0,0,0,0,0,0,0,0,0,0,0,0,0,0,0,0,0,0,0.003303393,0,0.000518715,2.73E-05,0,0,0,0,0,0,0,0,0,0,0,0,0,0
G160QXS9.03,0,0,0,0.004842578,0.110729481,0,0,0,0,0,0,0,0,0,0.00249091,0,0,0,0,0.000185658,0,0,0.405090121,0.0001083,0,0,0,0,0.047760501,0,0.000123772,0,0,0,0,0,0,0,0,0,0,0,0,1.55E-05,0,0,0,0,0,0,0,0,0,0.0001083,0,0,0,0.006467084,0.000433202,0,0.071694902,0,0.001005647,0,0,0.007751218,0,0.000154715,0,0,0,0.027848689,3.09E-05,0.216229597,0,0,0,0,0,0,0,0,0,0,0,0,0,0,0,0,0,0,0,0,0,0,0,1.55E-05,0,0,0,0,7.74E-05,0,0,0,0.096371935,0,0.00041773,3.09E-05,0,0,0,0,0,0,0,0,0,0,0,0,0,1.55E-05
K160Q5FM.03,3.90E-05,0,0,0,0.000429369,0,0,0,0,0,0,0,0,0,0.00066357,0,0,0,0,0,0,0,0.183789375,0.117744643,0,0,0,0,0,0,5.86E-05,0,0,0,0,0,0,0,0,0,0,0,1.95E-05,9.76E-05,0,0,0,0,1.95E-05,0,0,0,0,3.90E-05,0.005523244,0,5.86E-05,0.013134783,0.080428588,0,0.00132714,0,0.020336469,0,0,0.002127327,0,0.263125024,0,0,0.001697959,0.012256528,0,0.204008744,0.002010227,0,0,0,0,0,0,0,0,0,0,0,0,0,0,0,0,0,0,0,0,0,0,0,0,0,0,0,0.000117101,0,0,0,0.090226004,0,0.000487919,0,0,0,0,0,0,1.95E-05,0.000214684,0,0,0,0,0,0,0
B160QB48.03,0,0,0,0.000132805,0.093716107,0,0.000619757,0,0,0,0,0,0,0,4.43E-05,0,0,0,0,0.000287744,0,0,0.000553354,0.028862967,0,0,0,0,0,0.100201421,0,0,0,0,0,0,0,0,0,0,0,0,0,0,0,0,0,0,2.21E-05,0,0,0,0,2.21E-05,0.000509086,2.21E-05,0,0.00053122,0,0,0.143230262,0,0.008698732,0,0,0.006064765,0,0.271320746,0,0,0.026959428,0.199030523,0.003165187,0.105557892,0.001770734,0,0,0,0,0,0,0,0,0,0,0,0,0,0,0,0,0,0,0,0,0,0,0,0,0,0,8.85E-05,0.000442684,0,0,0,0.008034706,0,0,2.21E-05,0,0,0,0,0,8.85E-05,0,0,0,0,0,0,0,0
A160S6GB.03,0,0,0,0.000572017,0.032624032,0,0,0,0,0,0,0,0,0,5.72E-05,0,0,0,0,0,0,0,0.04179537,0.000457614,0,0,0,0,0,0,0.000133471,0,0,0,0,0,0,0,0,0,0,0,0,0,0,0,0,0,0.001391908,0,0,0,0,0,0,0,1.91E-05,0.000247874,0,0,0.163806582,0,0.002173664,0,0,0.021202761,0,0.259505015,0,0.000247874,0.224631049,0.013671205,0.000133471,0.232486748,0.003660908,0,0,0,0,0,0,0,0,0,0,0,0,0,0,0,0,0,0,0,0,0,0,1.91E-05,0,0,0,0,0,0,0,0,0.000438546,0,0.000724555,0,0,0,0,0,0,0,0,0,0,0,0,0,0,0
D160Q0LZ.03,0,0,0,0.005996178,0.036884854,0,4.78E-05,0.005016722,0,0,0,0,0,0,0,0,0,0,0,4.78E-05,0,0,0.048518872,0.000597229,0,0,0,0,0,0.001576684,0.20422838,0,0,0,0,0,0,0,0,0,0,0,0,0,0,0,0,0,0,0,0,0,0,7.17E-05,0.000262781,0,0,0.002651696,0,0,0.001935022,0,0.000406116,0.00057334,0,0.000740564,0,0.024677496,0,0,0.003296703,0.204467272,2.39E-05,0.445031056,0.006999522,7.17E-05,0,0,0,0,0,0,0,0,0,0,0,0,0,0,0,0,0,0,0,0,0,0,0,0,0,0,2.39E-05,0,0,0,0.005828954,0,2.39E-05,0,0,0,0,0,0,0,0,0,0,0,0,0,0,0
G160SL7T.03,0,0,0,0.001780742,0.043288221,0,0,0,0,0,0,0,0,0,9.71E-05,0,0,0,0,0,0,0,0.027617691,0.004565175,0,0,0,0,0,0.000420903,0.000388526,0,0,0,0,0,0,0,0,0,0,0,0,0,0,0,0,0,0,0,0,0,0,6.48E-05,0,0,0.000129509,9.71E-05,0,0,0.003917633,0,0.004565175,0,0,0.002331153,0,0.216700123,0,0.00045328,0.313345852,0.059606294,0,0.296930648,0.001068445,0,0,0,0,0,0,0,0,0,0,0,0,0,0,0,0,0,0,0,0,0,0,0,0,0,0,0,3.24E-05,0,0,0,0.021854562,0,0.000744674,0,0,0,0,0,0,0,0,0,0,0,0,0,0,0
G160R79X.03,0,0,0,2.38E-05,0.015467352,0,0,0.000594898,0,0,0,0,2.38E-05,0,0,0,0,0,0,0.000166571,0,0,0.019845802,0.008614125,0,0,0,0,0,0,9.52E-05,0,0,0,0,0,0,0,0,0,0,0,0,4.76E-05,0,0,0,0,2.38E-05,0,0,0,0,0,7.14E-05,0,0,0.000809061,0.001427756,0,7.14E-05,0,0.029697316,0.000333143,0,0.003069674,0,0.421616219,0,0,0.028626499,0.084761089,0,0.283052541,0.026651437,0,0,0,0,0,0,0,0,0,0,0,0,0,2.38E-05,0,0,0,0,0,0,0,0,0,0,0,0,0,2.38E-05,0,0,0,0.074861984,0,0,0,0,0,0,0,0,0,0,0,0,0,0,0,0,0
J160QDWW.03,7.52E-05,0,0,0.000652136,0.002909529,0,0.000125411,0,0,0,0,0,0,0,7.52E-05,0,0,0,0,0,0,0,0.053525295,0.065138328,0,2.51E-05,0,0,0.023702626,0.003009857,0.004991347,0.018360129,0,0,0,0,0,0,0,0,0,0,0,0.000100329,0,0,0,0,0.000100329,0,0,0,0,0,0.001003286,0.000100329,0,0.000652136,0,0,0.003962979,0,0.062855853,0.00105345,0,0.000877875,0,0.582457548,0,0,0.018661115,0.013970754,2.51E-05,0.112041937,0.0042138,0,0,0,0,0,0,0,0,0,0,0,0,0,0,0,0,0,0,0,0.011337129,0,0,0,0,0,0,0.003962979,0,0,0,0,0.009957611,0,2.51E-05,5.02E-05,0,0,0,0,0,0,0,0,0,0,0,0,0,0
D160RZBL.03,0,0,0,0.000371816,0.004678689,0,0.00046477,0,0,0,0,0,0,0,0,0,0,0,0,0,0,0,0.015089546,0.02224701,0,0,0,0,0,0.03082977,0.188758753,0,0,0,0,0,0,0,0,0,0,0,0,0,0,0,0,0,0.000278862,0,0,0,0,0,0,0,0,9.30E-05,0,0,0.009915102,0,0.001797112,0.001084464,0,0.001022495,0,0.01921051,0.012300923,0.044122204,0.009016546,0.063952408,0.006506786,0.557662515,0.001301357,0,0,0,0,0,0,0,0,0,0,0,0,0,0,0,0,0,0,0,0,0,0,0,0,0,0,0,0.006692694,0,0,0,0.002416806,0,0,0.000185908,0,0,0,0,0,0,0,0,0,0,0,0,0,0
D160QP4F.03,0.000225002,0,0,0.000517505,0.001552516,0,0,0,0,0,0,0,0,0,2.25E-05,0,0,0,0,2.25E-05,0,0,0.407929079,0.000945009,0,0,0,0,0.10498605,0.024885249,0.047745477,0,0,0,0,0,0,0,0,0,0,0,0,2.25E-05,0,0,0,0,2.25E-05,0,0,0,0,2.25E-05,0,0,2.25E-05,0.014917649,0,0,0.003667537,0,0.011610116,0,0,0.015795158,0,0.111398614,0.001800018,6.75E-05,0.00096751,0.080798308,0.00101251,0.084780848,0.001597516,0,0,0,0,0,0,0,0,0,0,0,0,0,0,0,0,0,0,0,0.004567546,0,0,0,0,0,0,0,0.001552516,0,0,0,0.076275763,0,0.000247502,0,0,0,0,0,0,2.25E-05,0,0,0,0,0,0,0,0
C160PZB0.03,0,0,0,0.001821837,0.01504586,0,0,0,0,0,0,0,0,0,6.28E-05,0,0,0,0,6.28E-05,0,0,0.268595301,0.001853248,0,0,0,0,0.004962935,0.093039327,0.032070612,0,0,0,0,0,0,0,0,0,0,0,0,0,0,0,0,0,0,0,0,0,0,0,0,0,0,0.000219877,9.42E-05,0,0.004774469,0,0.008606609,6.28E-05,0,0.000471165,0,0.265485614,0.002135947,3.14E-05,0.014449051,0.025317251,0.001696193,0.192769192,0.01184194,0,0,0,0,0,0,0,0,0,0,0,0,0,0,0,0,0,0,0,0,0,0,0,0,0,0,0,0.000910918,0,0,0,0.029620555,0,0,3.14E-05,0,0,0,0,0,0,0,0,0,0,0.023966579,0,0,0
K160Q008.03,4.45E-05,0,0,0.001178354,0.000311263,0,0.000222331,0,0,0,0,0,0,0,0.000666993,0,0,0,0,0,0,0,0.087175953,0.016296856,0,0,0,0,0,0.001778647,0.000333496,0,0,0,0,0,0,0,0,0,0,0,0.000200098,6.67E-05,0,0,0,0,4.45E-05,0,0,0,0,6.67E-05,0.00518031,0.000133399,0.000244564,0.003201565,0.194406154,0,0.001689715,0,0.017275112,0,0,0.042798702,0,0.492440749,0,0,0.009604696,0.003446129,0.000133399,0.085953133,0.017675308,0,0,0,0,0,0,0,0,0,0,0,0,0,0,0,0,0,0,0,0,0,0,0,0,0,0,0,0.00028903,0,0,0,0.016652586,0,0.000355729,0.000133399,0,0,0,0,0,0,0,0,0,0,0,0,0,0
E160Q5DQ.03,0,0,0,0,0.000574314,0,3.96E-05,0,0,0,0,0,0,0,0.000594118,0,0,0,0,0,0,0,0.327081889,0.071135756,0,0,0,0,0,1.98E-05,0.000178235,0,0,0,0,0,0,0,0,0,0,0,0,5.94E-05,0,0,0,0,7.92E-05,0,0,0,0,0.000158432,9.90E-05,0,7.92E-05,0.004079612,0.068303792,0,0.001346668,0,0.008990989,0,0,0.002475493,0,0.412001188,0,0,0.001940786,0.003485494,1.98E-05,0.016793742,0.008278047,0.000277255,0,0,0,0,0,0,0,0,0,0,0,0,0,0,0,0,0,0,0,0,0,0,0,0,0,0,0.000237647,0,0,0,0.068818695,0,0.000396079,0.002376473,0,0,0,0,0,5.94E-05,1.98E-05,0,0,0,0,0,0,0
G160QJZR.03,0,0,0,0.005184609,0.003629226,0,0,0,0,0,0,0,0,0,0,0,0,0,0,0,0,0,0.195607895,0.109395252,0,0,0,0,0,0.053179276,0.151612784,0,0,0,0,0,0,0,0,0,0,0,3.70E-05,0,0,0,0,0,0,0,0,0,0,3.70E-05,0.000185165,0,0,0.000333296,0.006369663,0,0.000222198,0,0.000111099,0.000111099,0,0.010072955,0,0.01077658,0.01077658,0,7.41E-05,0.106839981,0,0.263304077,0.000296263,0,0,0,0,0,0,0,0,0,0,0,0,0,0,0,0,0,0,0,0.000851757,0,0,0,0,0,0,0,0.066548161,0,0,0,0.004443951,0,0,0,0,0,0,0,0,0,0,0,0,0,0,0,0,0
F160RW3Y.03,0,0,0,0.0118764,0.00074672,0,0,0,0,0,0,0,0,0,0,0,0,0,0,3.56E-05,0,0,0.019699179,0.00778722,0,0,0,0,0.037620453,0.00408918,0.167691925,0,0,0,0,0,0,0,0,0,0,0,0,3.56E-05,0,0,0,0,0.000355581,0,0,0,0,0,0,0,0,0.005475945,0.000497813,0,0.007822779,0,0.01169861,0.000106674,0,0.000711162,0,0.040216193,0.004053622,0.108736621,0.019699179,0.060235395,0.00259574,0.3864097,0.003804715,0.001351207,0,0,0,0,0,0,0,0,0,0,0,0,0,0,0,0,0,0,0.019556946,0,0,0,0,0,0,0,0.013903211,0,0,0,0.012409771,0,0,0,0,0,0,0,0,0,0,0,0,0,0.050776944,0,0,0
F160S9FK.03,0,0,0,0.001935734,0.005487384,0,0,0,0,0,0,0,0,0,0.00020199,0,0,0,0,0,0,0,0.000218822,0.001178273,0,0,0,0,0.173155582,0.000302984,0.010402464,0,0,0,0,0,0,0,0,0,0,0,0,0,0,0,0,0,0,0,0,0,0,0.000117827,0,0,0.000100995,0,8.42E-05,0,0.193556532,0,0.014459089,0,0,0.031005403,0,0.38920029,0,0.007069636,0.000589136,0.048645828,0.000117827,0.025602181,0.005016075,0,0,0,0,0,0,0,0,0,0,0,0,0,0,0,0,0,0,0,1.68E-05,0,0,0,0,0,0,0.000875288,0.000706964,0,0,0,0.088286287,0,0.001649582,1.68E-05,0,0,0,0,0,0,0,0,0,0,0,0,0,0
J160QV9M.03,0,0,0,0.000718391,0.006321839,0,4.79E-05,0,0,0,0,0,0,0,0.000143678,0,0,0,0,0,0,0,0.429501916,0.001676245,0,0,0,0,0.041427203,0.047222222,0.001149425,0,0,0,0,0,0,0,0,0,0,0,0,0,0,0,0,0,0.000239464,0,0,0,0,0,0.000718391,0,0.000239464,0.000478927,0,0,0.004501916,0,0.007423372,0,0,0.001963602,0,0.170785441,0.002681992,4.79E-05,0.016139847,0.129693487,0,0.085153257,0.003208812,0,0,0,0,0,0,0,0,0,0,0,0,0,0,0,0,0,0,0,0,0,0,0,0,0,0,0,0.001293103,0,0,0,0.002011494,0,0,0,0,0,0,0,0,0,0,0,0,0,0.045210728,0,0,0
G160R783.03,0,0,0,0.004057971,0.000869565,0,0,0,0,0,0,0,0,0,0,0,0,0,0,0,0,0,0.016086957,0.01115942,0,0,0,0,0,0.020144928,0.076231884,0,0,0,0,0,0,0,0,0,0,0,0,0,0,0,0,0,0,0,0,0,0,0,0,0,0,0,0,0,0.00115942,0,0.004637681,0.00057971,0,0.001304348,0,0.030434783,0.015797101,0.025507246,0.054637681,0.08057971,0.007246377,0.644347826,0.000869565,0,0,0,0,0,0,0,0,0,0,0,0,0,0,0,0,0,0,0,0,0,0,0,0,0,0,0,0.002463768,0,0,0,0.001884058,0,0,0,0,0,0,0,0,0,0,0,0,0,0,0,0,0
H160R6YT.03,0,0,0,0.004722222,0.009513889,0,6.94E-05,0,0,0,0,0,0,0,0,0,0,0,0,6.94E-05,0,0,0.0009375,0.001944444,0,0,0,0,0.035590278,0.005694444,0.312326389,0,0,0,0,0,0,0,0,0,0,0,0,0,0,0,0,0,0.000104167,0,0,0,0,0,0,6.94E-05,0,0.001388889,0.000138889,0,0.017534722,0,0.01375,0,0,0.00125,0,0.046319444,0.003055556,0.040798611,0.006666667,0.049027778,0.004131944,0.394375,0.007847222,0.001979167,0,0,0,0,0,0,0,0,0,0,0,0,0,0,0,0,0,0,0.01125,0,0,0,0,0,0,0,0.007361111,0,0,0,0.022083333,0,0,0,0,0,0,0,0,0,0,0,0,0,0,0,0,0
B160RYGS.03,0,0,0,0.000453153,0.001596824,0,0,0,0,0,0,0,0,0,8.63E-05,0,0,0,0,0,0,0,0.289888222,0.020586077,0,0,0,0,0.075417548,0.001057356,0.008545164,0,0,0,0,0,0,0,0,0,0,0,0,0,0,0,0,0,4.32E-05,0,0,0,0,0.000453153,0.00049631,0,2.16E-05,0.000561046,0.000129472,0,0.000194208,0,0.003258383,0,0,0.000776833,0,0.175672176,0,2.16E-05,0.134262656,0.061887704,0.001359458,0.050796254,0.009019896,0,0,0,0,0,0,0,0,0,0,0,0,0,0,0,0,0,0,0,0,0,0,0,0,0,0,0,0.00032368,0,0,0,0.045682103,0,0.000194208,2.16E-05,0,0,0,0,0,0,0,0,0,0,0.117193906,0,0,0
K160QDLR.03,0,0,0,2.72E-05,0.000108912,0,0,0,0,0,0,0,0,0,2.72E-05,0,0,0,0,0,0,0,0.136493588,0.146023362,0,0,0,0,0,0,0.00013614,0,0,0,0,0,0,0,0,0,0,0,0,0.000217823,0,0,0,0,0,0,0,0,0,0.000108912,0.002995072,5.45E-05,0.000190595,0.019467966,0.014784763,0,0.000762382,0,0.03057696,0,0,0.000544558,0,0.313801835,0,0,0.004410924,0.222724426,0,0.036676015,0.002259918,0.000108912,0,0,0,0,0,0,0,0,0,0,0,0,0,0,0,0,0,0,0,0,0,0,0,0,0,0,0,0,0,0,0.066735644,0,0.000490103,0.000245051,0,0,0,0,0,0,2.72E-05,0,0,0,0,0,0,0
G160Q3F5.03,1.90E-05,0,0,0.000285177,0.003821365,0,0,0,0,0,0,0,0,0,5.70E-05,0,0,0,0,1.90E-05,0,0,0.367307363,0.000228141,0,0,0,0,0.016483203,0.004068518,0.241962775,0,0,0,0,0,0,0,0,0,0,0,0,0,0,0,0,0,1.90E-05,0,0,0,0,0,0,1.90E-05,1.90E-05,0.00247153,5.70E-05,0,0.005114166,0,0.001444894,0,0,0.011654214,0,0.011844332,0.000152094,0,0.000133082,0.047681515,0.00214833,0.205897451,0.000152094,0,0,0,0,0,0,0,0,0,0,0,0,0,0,0,0,0,0,0,0.0009696,0,0,0,1.90E-05,0,0,0,0.021445275,0,0,0,0.05450674,0,0,0,0,0,0,0,0,0,0,0,0,0,0,0,0,0
A160TVYY.03,0.003045551,0,0,0.003972458,0.001986229,0,0.001191737,0,0,0,0,0,0,0,0,0,0,0,0,0,0,0,0.011122881,0.007680085,0,0,0,0,0.071106992,0.012447034,0.03654661,0.000529661,0,0,0.000794492,0.000132415,0,0,0,0,0,0,0,0.000132415,0,0,0,0,0,0,0,0,0,0,0,0,0,0.008606992,0,0,0.006223517,0,0.005693856,0.001721398,0,0.004766949,0.000397246,0.2421875,0.000264831,0,0.113347458,0.018802966,0.002383475,0.318591102,0.000264831,0.101430085,0,0,0,0,0,0,0,0,0,0,0,0,0,0,0,0,0,0,0.002913136,0,0,0,0,0,0,0.000529661,0.010460805,0,0.000132415,0,0.010460805,0,0,0.000132415,0,0,0,0,0,0,0,0,0,0,0,0,0,0
J160PZYH.03,0.000393041,0,0,0.0004551,0.000889514,0,0,0,0,0,0,0,0,0,0.00022755,0,0,0,0,0,0,0,0.039159306,0.067892679,0,0.000248236,0,0,0.10953435,0.009763968,0.003392565,0.007653958,0,0,0,0,0,0,0,0,0,0,0,2.07E-05,0,0,0,0,2.07E-05,0,0,0,0,0,4.14E-05,0,0,0.000537846,0,0,0.002027265,0,0.016590472,0,0,0.000827455,0,0.5322604,0,0,0.013715066,0.13497859,0,0.011046524,0.002875406,0,0,0,0,0,0,0,0,0,0,0,0,0,0,0,0,0,0,0,0.014459775,0,0,0,0,0,0,0.003578743,0,0,0,0,0.027409445,0,0,0,0,0,0,0,0,0,0,0,0,0,0,0,0,0
H160QPSX.03,0,0,0,0.007680524,0.010339986,0,2.13E-05,0,0,0,0,0,0,0,0,0,0,0,0,6.38E-05,0,0,0.019914046,0.028424322,0,0,0,0,0.014871708,0.003361559,0.063124973,0.003638143,0,0,0,0,0,0,0,0,0,0,0,2.13E-05,0,0,0,0,8.51E-05,0,0,0,0,0,4.26E-05,2.13E-05,0,0.000234033,0,0,0.000276584,0,0.025147866,0.000382962,0,0.000127654,0,0.174162802,0,0.00217012,0.006531637,0.055763585,0,0.560444236,0.003042424,0,0,0,0,0,0,0,0,0,0,0,0,0,0,0,0,0,0,0,0.006191226,0,0,0,0,0,0,0.008850687,0,0,0,0,0.004489171,0,0,0.000574444,0,0,0,0,0,0,0,0,0,0,0,0,0,0
K160S7LF.03,0.000108448,0,0,0,0,0,0,0,0,0,0,0,0,0,0,0,0,0,0,0,0,0,0.089903481,0.003795684,0,0,0,0,0,0,0.211148465,0,0,0,0,0,0,0,0,0,0,0,0,0.001843618,0,0,0,0,0,0,0,0,0,0,0,0,0,0.030040126,0,0,0.000108448,0,0.000108448,0,0,0.124173083,0,0.000759137,0,0,0,0.012363084,0,0.471207027,0,0,0,0,0,0,0,0,0,0,0,0,0,0,0,0,0,0,0,0,0,0,0,0,0.002494306,0,0,0.000867585,0,0,0,0,0.051079059,0,0,0,0,0,0,0,0,0,0,0,0,0,0,0,0,0
C160R7V2.03,0,0,0,0,0.006069949,0,0,0,0,0,0,0,0,0,0,0,0,0,0,0.170633009,0,0,0,0,0,0,0,0,0.000192697,0,0,0,0,0,0,0,0,0,0,0,0,0,0,0,0,0,0,0,0,0,0,0,0,0,0,0,0,0.059350612,0.005780904,0,0.000289045,0,0,0,0,0.034685422,0,0.227671259,0,0.000481742,9.63E-05,0.011465459,0,0.482512766,0,0,0,0,0,0,0,0,0,0,0,0,0,0,0,0,0,0,0,0,0,0,0,0,0,0,0,0,0,0,0,0,0,0,0,0,0.000770787,0,0,0,0,0,0,0,0,0,0,0,0,0
D160RZKM.03,0,0,0,0,0.000502513,0,0,0,0,0,0,0,0,0,0,0,0,0,0,0,0,0,0,0,0,0,0,0,0,0,0.241541039,0,0,0,0,0,0,0,0,0,0,0,0,0.002177554,0,0,0,0,0,0,0,0,0,0,0,0,0,0.045058626,0,0,0,0,0.001507538,0,0,0.030988275,0,0.046063652,0,0,0,0.040871022,0,0.438860972,0,0,0,0,0,0,0,0,0,0,0,0,0,0,0,0,0,0,0,0,0,0,0,0,0,0,0,0,0,0,0,0,0.152428811,0,0,0,0,0,0,0,0,0,0,0,0,0,0,0,0,0
K160S51S.03,0.000146156,0,0,0.000876937,0,0,0,0,0,0,0,0,0,0,0,0,0,0,0,0,0,0,0.021046478,0.014907922,0,0,0,0,0.070008769,0.00935399,0.004823151,0,0,0,0,0,0,0,0,0,0,0,0,0.000584624,0,0,0,0,0,0,0,0,0,0,0,0,0,0.000584624,0,0,0.000876937,0,0.107278574,0.000438468,0,0.007307805,0,0.452353113,0,0.021484946,0.03332359,0.022361882,0.000146156,0.213534054,0.002046185,0,0,0,0,0,0,0,0,0,0,0,0,0,0,0,0,0,0,0,0,0,0,0,0,0,0,0.001169249,0.002192341,0,0,0,0.003069278,0,0,0,0,0,0,0,0,0,0,0,0,0,0.010084771,0,0,0
B160S1LG.03,0,0,0,0,0.000148566,0,0,0,0,0,0,0,0,0,0,0,0,0,0,0,0,0,0.012479572,0.015896598,0,0,0,0,0.000297133,0,0.575545981,0,0,0,0,0,0,0,0,0,0,0,0,0,0,0,0,0,0,0,0,0,0,0,0,0,0,0.080522953,0,0,0.000148566,0,0,0,0,0.000891398,0,0,0,0,0,0.038775813,0,0.09686525,0,0,0,0,0,0,0,0,0,0,0,0,0,0,0,0,0,0,0,0,0,0,0,0,0,0,0,0,0,0,0,0,0.178428168,0,0,0,0,0,0,0,0,0,0,0,0,0,0,0,0,0
J160RW31.03,0,0,0,0.003639672,0.000259977,0,0,0,0,0,0,0,0,0,0,0,0,0,0,0,0,0,0.169244768,0.002989731,0,0,0,0,0.081632653,0,0.013518783,0,0,0,0,0,0,0,0,0,0,0,0,0,0,0,0,0,0,0,0,0,0,0,0,0,0,0.000129988,0,0,0.008189263,0,0.000259977,0,0,0.004289614,0,0.545430911,0,0.001299883,0.000129988,0.077473027,0,0.069803718,0.000519953,0,0,0,0,0,0,0,0,0,0,0,0,0,0,0,0,0,0,0,0,0,0,0,0,0,0,0,0,0,0,0,0.019628233,0,0.00155986,0,0,0,0,0,0,0,0,0,0,0,0,0,0,0
B160W0N5.03,0.002192327,0,0,0.000498256,0.000498256,0,9.97E-05,0,0,0,0,0,0,0,0,0,0,0,0,9.97E-05,0,0,0.020229198,0.015645242,0,0,0,0,0.083208769,0.000697559,0.011858495,0,0,0,0,0,0,0,0,0,0,0,0,0,0,0,0,0,0,0,0,0,0,0,0,0,0,0,0,0,0.001295466,0,0.030692576,0,0,0.054010962,0,0.393124066,0,0.008071749,0.206078724,0.003986049,0,0.156950673,0.002790234,0,0,0,0,0,0,0,0,0,0,0,0,0,0,0,0,0,0,0,0.003089188,0,0,0,0,0,0,0,0.001993024,0,0,0,0.002690583,0,0.000199302,0,0,0,0,0,0,0,0,0,0,0,0,0,0,0
D160R9FG.03,0,0,0,0.004082674,0.006634345,0,0,0,0,0,0,0,0,0,0,0,0,0,0,0.044569193,0,0,0.000850557,8.51E-05,0,0,0,0,0,0,0,0,0,0,0,0,0,0,0,0,0,0,0,0,0,0,0,0,0,0,0,0,0,0,0,0,0,0.006038956,0.00714468,0,0.002466616,0,8.51E-05,0,0,0.098154291,0,0.095857787,0,0,0,0.006719401,8.51E-05,0.727141278,0,0,0,0,0,0,0,0,0,0,0,0,0,0,0,0,0,0,0,0,0,0,0,0,0,0,0,0,0,0,0,0,0,0,0,0,8.51E-05,0,0,0,0,0,0,0,0,0,0,0,0,0
F160TZMJ.03,0,0,0,0.001169477,0.001364389,0,0,0,0,0,0,0,0,0,0,0,0,0,0,0,0,0,0.040249488,0.011402397,0,0,0,0,0.013059156,0.000194913,0.028164896,0,0,0,0,0,0,0,0,0,0,0,0,0,0,0,0,0,0,0,0,0,0,0,0,0,0,0,0,0,0.000292369,0,0.025143748,0.005652471,0,0.000779651,0,0.169476659,0,0.000389826,0.040834227,0.010720203,0.023974272,0.615047266,0.000779651,0,0,0,0,0,0,0,0,0,0,0,0,0,0,0,0,0,0,0,0,0,0,0,0,0,0,0,0.005847383,0,0,0,0.001754215,0,9.75E-05,0,0,0,0,0,0,0,0,0,0,0,0.003605886,0,0,0
K160T68B.03,0,0,0,0.00818751,0.002247552,0,0.000321079,0,0,0,0,0,0,0,0,0,0,0,0,0.000321079,0,0,0.006903195,0.014288008,0,0,0,0,0.000481618,0.004655643,0.067266014,0,0,0,0,0,0,0,0,0,0,0,0,0,0,0,0,0,0,0,0,0,0,0,0,0,0,0.000160539,0,0,0.000160539,0,0.002408091,0,0,0.000160539,0.000321079,0.015893402,0.012361535,0.000160539,0.00545834,0.010113983,0.009150747,0.821159095,0.000321079,0,0,0,0,0,0,0,0,0,0,0,0,0,0,0,0,0,0,0,0,0,0,0,0,0,0,0,0.014288008,0,0,0,0.003210788,0,0,0,0,0,0,0,0,0,0,0,0,0,0,0,0,0
B160S7BJ.03,0.000913242,0,0,0.000228311,0.001027397,0,0,0,0,0,0,0,0,0,0,0,0,0,0,0,0,0,0.121689498,0.016324201,0,0,0,0,0.082305936,0.003767123,0.004223744,0,0,0,0,0,0,0,0,0,0,0,0,0,0,0,0,0,0.000228311,0,0,0,0,0,0,0,0,0,0,0,0.000570776,0,0.014726027,0.000228311,0,0.001255708,0,0.306050228,0,0,0.020890411,0.005593607,0,0.408333333,0.000799087,0,0,0,0,0,0,0,0,0,0,0,0,0,0,0,0,0,0,0,0.004109589,0,0,0,0,0,0,0.000342466,0.004794521,0,0,0,0.001598174,0,0,0,0,0,0,0,0,0,0,0,0,0,0,0,0,0
G160T733.03,0.001286312,0,0,0.001286312,0,0,0,0,0,0,0,0,0,0,0,0,0,0,0,0,0,0,0.006967521,0.037838997,0,0.000107193,0,0,0.274841891,0,0.001071926,0.000428771,0,0,0,0,0,0,0,0,0,0,0,0,0,0,0,0,0,0,0,0,0,0,0,0,0,0.000857541,0,0,0.003966127,0,0.018865902,0.000214385,0,0.001715082,0,0.423732447,0,0.007717869,0.13023904,0.000750348,0.000535963,0.031621824,0.010183299,0,0,0,0,0,0,0,0,0,0,0,0,0,0,0,0,0,0,0,0.006002787,0,0,0,0,0,0,0,0,0,0,0,0.038053382,0,0.001715082,0,0,0,0,0,0,0,0,0,0,0,0,0,0,0
E160S27Z.03,0,0,0,0.001184133,0,0,0,0,0,0,0,0,0,0,0,0,0,0,0,0,0,0,0.247927768,0.003996448,0,0,0,0,0.011545293,0,0.048697454,0,0,0,0,0,0,0,0,0,0,0,0,0.000148017,0,0,0,0,0,0,0,0,0,0,0,0,0,0.000148017,0,0,0.00044405,0,0.001184133,0,0,0,0,0.175251628,0,0.000296033,0.00044405,0.067643576,0.000148017,0.438721137,0,0,0,0,0,0,0,0,0,0,0,0,0,0,0,0,0,0,0,0,0,0,0,0,0,0,0,0,0.000148017,0,0,0,0.002072232,0,0,0,0,0,0,0,0,0,0,0,0,0,0,0,0,0
K160S49X.03,0,0,0,0,0,0,0,0,0,0,0,0,0,0,0,0,0,0,0,0,0,0,0.16501845,0.014612546,0,0,0,0,0.000295203,0,0.187453875,0,0,0,0,0,0,0,0,0,0,0,0,0.000885609,0,0,0,0,0,0,0,0,0,0,0,0,0,0.003542435,0,0,0.000147601,0,0.000885609,0,0,0.11099631,0,0.001328413,0,0,0,0.042066421,0,0.392619926,0,0,0,0,0,0,0,0,0,0,0,0,0,0,0,0,0,0,0,0,0,0,0,0,0,0,0,0.000147601,0,0,0,0,0.08,0,0,0,0,0,0,0,0,0,0,0,0,0,0,0,0,0
K160S6BL.03,0.000177321,0,0,0,0,0,0,0,0,0,0,0,0,0,0,0,0,0,0,0,0,0,0.015692881,0.00265981,0,0,0,0,0,0,0.077134498,0,0,0,0,0,0,0,0,0,0,0,0,0.006117564,0,0,0,0,0,0,0,0,0,0,0,0,0,0.016313503,0,0,0,0,8.87E-05,0,0,0.236811774,0,0.00265981,0,0,0,0.005762922,0,0.608475929,0,0,0,0,0,0,0,0,0,0,0,0,0,0,0,0,0,0,0,0,0,0,0,0,0.000265981,0,0,0.000354641,0,0,0,0,0.027484706,0,0,0,0,0,0,0,0,0,0,0,0,0,0,0,0,0
D160V3GC.03,0,0,0,0,0,0,0,0,0,0,0,0,0,0,0,0,0,0,0,0,0,0,0.073634204,0,0,0,0,0,0.196640652,0,0.001017984,0,0,0,0,0,0,0,0,0,0,0,0,0,0,0,0,0,0,0,0,0,0,0,0,0,0.000169664,0.002205633,0,0,0.003053953,0,0.013233797,0.001357313,0,0.031218188,0,0.646420088,0,0,0.011367492,0.007974211,0,0.002714625,0.00458093,0,0,0,0,0,0,0,0,0,0,0,0,0,0,0,0,0,0,0,0,0,0,0,0,0,0,0,0,0,0,0,0.003053953,0,0,0,0.000169664,0,0,0,0,0,0,0,0,0,0,0,0,0.001187648
E160SNFW.03,0.000162443,0,0,0.029239766,0,0,0.011695906,0,0,0,0,0,0,0,0,0,0,0,0,0,0,0,0.037849253,0.027777778,0,0,0,0,0.089018843,0.01185835,0.00568551,0,0,0,0,0,0,0,0,0,0,0,0,0.000649773,0,0,0,0,0,0,0,0,0,0,0,0,0,0.003573749,0,0,0.006335283,0,0.065464587,0,0,0.001137102,0.000162443,0.315627031,0,0.001949318,0.184372969,0.086094867,0,0.048895387,0.000812216,0.001137102,0,0,0,0,0,0,0,0,0,0,0,0,0,0,0,0,0,0,0.00877193,0,0,0,0,0,0,0,0.019655621,0,0,0,0.008609487,0,0.033463288,0,0,0,0,0,0,0,0,0,0,0,0,0,0,0
G160VKDP.03,0.000919842,0,0,0.000394218,0.000262812,0,0,0,0,0,0,0,0,0,0,0,0,0,0,0,0,0,0.133639947,0.006570302,0,0,0,0,0.06412615,0.002628121,0.00696452,0,0,0,0,0,0,0,0,0,0,0,0,0,0,0,0,0,0,0,0,0,0,0,0,0,0,0,0,0,0.002628121,0,0.009329829,0.000919842,0,0.001445466,0,0.417082786,0,0.00131406,0.248620237,0.003810775,0.000525624,0.09369251,0.001051248,0,0,0,0,0,0,0,0,0,0,0,0,0,0,0,0,0,0,0,0,0,0,0,0,0,0,0,0.001576873,0,0,0,0.002102497,0,0.000394218,0,0,0,0,0,0,0,0,0,0,0,0,0,0,0
G160VGBR.03,0,0,0,9.88E-05,0,0,0,0,0,0,0,0,0,0,0,0,0,0,0,0,0,0,0.110035559,0.003555907,0,0,0,0,0.182931648,0,0.002173054,0,0,0,0,0,0,0,0,0,0,0,0,9.88E-05,0,0,0,0,0,0,0,0,0,0,0,0,9.88E-05,0.002173054,0,0,0.002568155,0,0.007902015,0.011754247,0,0.002370605,0,0.613196365,0,0.000395101,0.025879099,0.007704465,0,0.006321612,0.003654682,0,0,0,0,0,0,0,0,0,0,0,0,0,0,0,0,0,0,0,0,0,0,0,0,0,0,0,0.01560648,0,0,0,0.001284077,0,0,0,0.00019755,0,0,0,0,0,0,0,0,0,0,0,0,0
B160SPLK.03,0,0,0,0.001396293,0.002919523,0,0,0,0,0,0,0,0,0,0,0,0,0,0,0,0,0,0,0.011043412,0,0,0,0,0,0.00660066,0.05851739,0,0,0,0,0,0,0,0,0,0,0,0,0,0,0,0,0,0,0,0,0,0,0,0,0,0,0.000253872,0,0,0,0,0.00418888,0.000126936,0,0.000634679,0,0.055470932,0,0.266057375,0.004696624,0.010408733,0.107768469,0.459126682,0.000253872,0.000253872,0,0,0,0,0,0,0,0,0,0,0,0,0,0,0,0,0,0,0,0,0,0,0,0,0,0.000761615,0.009393247,0,0,0,0.000126936,0,0,0,0,0,0,0,0,0,0,0,0,0,0,0,0,0
K160W1YH.03,0,0,0,0,0,0,0,0,0,0,0,0,0,0,0,0,0,0,0,0,0,0,0.113415501,0.003673856,0,0,0,0,0.106304812,0,0.002844276,0,0,0,0,0,0,0,0,0,0,0,0,0,0,0,0,0,0,0,0,0,0,0,0,0,0,0.000118511,0,0,0,0,0.012088173,0.015643517,0,0.004384925,0,0.707158094,0,0,0.013273288,0.009125385,0,0.008769851,0.001540649,0,0,0,0,0,0,0,0,0,0,0,0,0,0,0,0,0,0,0,0,0,0,0,0,0,0,0,0.000355534,0,0,0,0.001185115,0,0,0,0,0,0,0,0,0,0,0,0,0,0.000118511,0,0,0
C160T4YF.03,7.60E-05,0,0,0.00144344,0.005545848,0,0.016257692,0,0,0,0,0,0,0,0.00151941,0,0,0,0,0.001595381,0,0,0.248727494,0.001215528,0,0,0,0,0.001595381,0.000455823,0.004634202,0,0,0,0,0,0,0,0,0,0,0,0,0.000455823,0,0,0,0,0.000151941,0,0,0,0,0,0,0,0,0.032895237,0,0,0.022943098,0,0.000759705,0,0,0,0.000151941,0.11615893,0,0.000607764,0.075286789,0.007369141,0,0.456506875,0.000683735,7.60E-05,0,0,0,0,0,0,0,0,0,0,0,0,0,0.000455823,0,0,0,0,0.000227912,0,0,0,0,0,0,0,0.000303882,0,0,0,0.000759705,0,0.000455823,0,0,0,0,0,0,0,0,0,0,0,0.000683735,0,0,0
H160R0CP.03,0,0,0,0.004846338,0.010857662,0,0,0,0,0,0,0,0,0,0,0,0,0,0,0,0,0,0.034110767,0.041356975,0,0,0,0,0,0,0.137095459,0,0,0,0,0,0,0,0,0,0,0,0,0,0,0,0,0,0,0,0,0,0,0,0,0,0,0.001188285,6.99E-05,0,0.008178196,0,0.001700878,0,0,0.004636641,0,0.018220369,0,0,0.009180083,0.093827908,0.001164985,0.621729304,0.001630979,0.000302896,0,0,0,0,0,0,0,0,0,0,0,0,0,0,0,0,0,0,0,0,0,0,0,0,0,0,0,0,0,0,0.009902374,0,0,0,0,0,0,0,0,0,0,0,0,0,0,0,0,0
C160RVF4.03,0,0,0,3.59E-05,0.003873606,0,7.17E-05,0,0,0,0,0,0,0,7.17E-05,0,0,0,0,0,0,0,0.143574477,0.042143395,0,7.17E-05,0,0,0.028657509,0.004304006,0.114486568,0.022380833,0,0.005415875,0,0,0,0,0,0.002367203,0,0,0,0,0,0,0,0,0,0,0,0,0,3.59E-05,0.001721603,3.59E-05,0,0.000645601,0,0,0.002833471,0,0.004519207,0.007173344,0.000143467,0.001865069,0,0.19568882,0.00656361,0.011871884,0.218679387,0.031204046,0.000789068,0.13884007,0.000681468,0,0,0,0,0,0.001076002,0,0,0,0,0,0,0,0,0,0,0,0,0,0.002654137,0,0,0,3.59E-05,0,0,0.000609734,0.000573868,0,0,0,0.00208027,0,0.000143467,3.59E-05,0,0,0,0,0,0,0,0,0,0,0.002044403,0,0,0
B160RN36.03,0,0,0,0.00408088,0.034122611,0,0.000138335,0,0,0,0,0,0,0,0,0,0,0,0,0,0,0,0.009614276,0.002674475,0,0,0,0,0.00435755,0,0.201254237,0,0,0,0,0,0,0,0,0,0,0,0,0,0,0,0,0,2.31E-05,0,0,0,0,0,2.31E-05,0,0.001221958,6.92E-05,2.31E-05,0,0.001936689,0,0.000737786,0,0,0,0,0.004957001,0,0,0.005210615,0.101998939,0.047979158,0.572706522,0.000461116,0.000484172,0,0,0,0,0,0,0,0,0,0,0,0,0,0,0,0,0,0,0,0,0,0,0,0,0,0,0.00308948,0,0,0,0.002282526,0,2.31E-05,9.22E-05,0,0,0,0,0,0,0,0,0,0,0.000438061,0,0,0
E160S4LL.04,0,0,0,0.000311353,0.008250862,0,6.67E-05,0,0,0,0,0,0,0,8.90E-05,0,0,0,0,0,0,0,0.056177027,0.007005449,0,2.22E-05,0,0,0.028644501,0.004203269,0.069387301,0.002490826,0,0.001000778,0,0,0,0,0,0,0,0,0,0,0,0,0,0,0.000266874,0,0,0,0,0,0,0,0,2.22E-05,0,0,0.000489269,0,0.011431113,0.001690203,0,0.000378072,4.45E-05,0.15647726,0.003447126,0.004981652,0.108729011,0.014500167,0.00186812,0.501923718,0.002223952,0,0,0,0,0,0,0,0,0,0,0,0,0,0,0,0,0,0,0,0.011297676,0,0,0,2.22E-05,0,0,0.001734683,0,0,0,0,0.000578228,0,0.000222395,0,0,0,0,0,0,0,0,0,0,0,0,0,0,2.22E-05
K160R136.03,1.90E-05,0,0,0.000949812,0.001899624,0,0,0,0,0,0,0,0,0,0.000132974,0,0,0,0,0,0,0,0.037118651,0.211656092,0,3.80E-05,0,0,0.048896319,0.004920026,0.00191862,0.005489913,0,0.002241556,0,0,0,0,0,0.000208959,0,0,0,0.000227955,0,0,0,0,1.90E-05,0,0,0,0,3.80E-05,0.009650089,0,3.80E-05,0.005242962,0,0,0.002412522,0,0.012005623,0.001120778,0.00015197,0.002317541,0,0.478705216,0,0.017742487,0.017951446,0.020971848,0,0.08994719,0.00398921,0,0,0,0,0,0.001120778,0,0,0,0,0,0,0,0,0,0,0,0,0,0.008054405,0,0,0,0,0,0,0.002127579,0,0,0,0,0.009422134,0,9.50E-05,1.90E-05,0,0,0,0,0,0,0,0,0,0,0.001139774,0,0,0
E160RSC7.03,0,0,0,0.001103818,0.00057162,0,0,0,0,0,0,0,0,0,0.000433643,0,0,0,0,0,0,0,0.003922496,0.005735912,0,0,0,0,0,0.092287072,0.0058936,0,0,0,0,0,0,0,0,0,0,0,0,0,0,0,0,0,5.91E-05,0,0,0,0,3.94E-05,0.000413932,5.91E-05,9.86E-05,0.000512487,1.97E-05,0,0.142136282,0,0.003212899,0,0,0.024461396,0,0.477578696,0,1.97E-05,0.004513827,0.180612225,0.000177399,0.013028995,0.003567698,0.001064396,0,0,0,0,0,0,0,0,0,0,0,0,0,0,0,0,0,0,0,0,0,0,0,0,0,0,0.000275955,0,0,0,0.019849013,0,0.002049948,7.88E-05,0,0,0,0,0,0,0,0,0,0,0.016222183,0,0,0
G160QJ4G.03,0,0,0,0.006529168,8.14E-05,0,0,0,0,0,0,0,0,0,0,0,0,0,0,0.000691563,0,0,0.046192336,0.001830608,0,0,0,0,0,0,0.051501098,0,0,0,0,0,0,0,0,0,0,0,0,0,0,0,0,0,0.001118705,0,0,0,0,2.03E-05,0,4.07E-05,0,0.123749085,0.000284761,0,0.021763892,0,2.03E-05,0,0,0,0,0.000284761,0,0,2.03E-05,0.393255227,0,0.098100236,0.000142381,0,0,0,0,0,0,0,0,0,0,0,0,0,2.03E-05,0,0,0,0,0,0,0,4.07E-05,0.000142381,0,0,0,0,0,0,0,0,0.254108697,0,4.07E-05,0,2.03E-05,0,0,0,0,0,0,0,0,0,0,0,0,0
K160R8DV.03,0,0,0,0.00240627,0.022504354,0,0,0,0,0,0,0,0,0,0,0,0,0,0,0,0,0,0.017875149,0.00605005,0,0,0,0,0,2.29E-05,0.207168393,0,0,0,0,0,0,0,0,0,0,0,4.58E-05,0,0,0,0,0,0,0,0,0,0,0,0.000206252,0,0,0.000687506,0.001031259,0,0.003254194,0,0.00160418,0,0,0.000962508,0,0.016637639,0,2.29E-05,0.012145935,0.08357778,0.009693831,0.608213402,0.002062517,0.000160418,0,0,0,0,0,0,0,0,0,0,0,0,0,0,0,0,0,0,0,0,0,0,0,0,0,0,2.29E-05,0,0,0,0.003437529,0,0,0.000206252,0,0,0,0,0,0,0,0,0,0,0,0,0,0
B160S6F9.03,0,0,0,0.00012945,0.005210356,0,0,0,0,0,0,0,0,0,0.0002589,0,0,0,0,0,0,0,0.178478964,0.007508091,0,0,0,0,3.24E-05,3.24E-05,0.000485437,0,0,0,0,0,0,0,0,0,0,0,0,0,0,0,0,0,3.24E-05,0,0,0,0,3.24E-05,0,0,0,0,0,0,0.013592233,0,0.002750809,9.71E-05,0,0.016245955,0,0.425372168,0,3.24E-05,0.289126214,0.026699029,0.000226537,0.022718447,0.008122977,0,0,0,0,0,0,0,0,0,0,0,0,0,0,0,0,0,3.24E-05,0,0,0,0,0,0,0,0,0,0.00012945,0,0,0,0.000226537,0,0.002394822,3.24E-05,0,0,0,0,0,0,0,0,0,0,0,0,0,0
F160Q322.03,0,0,0,0.068484199,0.064965314,0,1.68E-05,0,0,0,0,0,0,0,1.68E-05,0,0,0,0,5.03E-05,0,0,0.324424411,0,0,0,0,0,0.045041724,0,1.68E-05,0,0,0,0,0,0,0,0,0,0,0,0,3.35E-05,0,0,0,0,3.35E-05,0,0,0,0,1.68E-05,0,3.35E-05,0,0.007892356,0.002111331,0,0.009785851,0,5.03E-05,0,0,0.014226348,0,0.000268105,0,0,0,0.008344784,0,0.357703006,0.007808573,0,0,0,0,0,0,0,0,0,0,0,0,0,3.35E-05,0,0,0,0,0,0,0,1.68E-05,8.38E-05,0,0,0,0,0,0,0,0,0.087016991,0,0.001374041,0.000150809,0,0,0,0,0,0,0,0,0,0,0,0,0,0
C160QPQK.03,1.62E-05,0,0,0,0.000113131,0,1.62E-05,0,0,0,0,0,0,0,0.000177778,0,0,0,0,0.000242424,0,0,9.70E-05,0.008872727,0,0,0,0,0,0,0,0,0,0,0,0,0,0,0,0,0,0,0,1.62E-05,0,0,0,0,8.08E-05,0,0,0,0,3.23E-05,0,1.62E-05,1.62E-05,0.001745455,0.004379798,0,0.011474747,0,0.010909091,0,0,0.06070303,0,0.67469899,0,0,0.010181818,0.063353535,0,1.62E-05,0.030707071,0,0,0,0,0,0,0,0,0,0,0,0,0,0,0,0,0,0,0,0,0,0,0,0,0,0,0,4.85E-05,0,0,0,0.121422222,0,0.00059798,0,0,0,0,0,0,3.23E-05,3.23E-05,0,0,0,0,0,0,0
D160QVQG.03,0,0,0,0,0.000689861,0,0,0,0,0,0,0,0,0,4.60E-05,0,0,0,0,0,0,0,0.023501276,0.052682411,0,0,0,0,0,0.00089682,0.178513119,0,0,0,0,0,0,0,0,0,0,0,0,0,0,0,0,0,0,0,0,0,0,0,0,0,0,0.000206958,0,0,0.003127371,0,0.000114977,9.20E-05,0,0,0,0.000804838,0,0,0.00094281,0.651390071,0,0.053947157,0.000183963,0.001885621,0,0,0,0,0,0,0,0,0,0,0,0,0,0,0,0,0,0,0,0,0,0,0,0,0,0,0,0,4.60E-05,0,0.025363902,0,0.005495895,6.90E-05,0,0,0,0,0,0,0,0,0,0,0,0,0,0
A160S6S7.03,9.12E-05,0,0,9.12E-05,0.005718109,0,0.140032849,0.000304155,0,0,0,0,0,0,0.000517063,0,0,0,0,9.12E-05,0,0,0.081330981,0.033517854,0,0,0,0,0.008090516,0.001399112,0.014477766,0.003467364,0,0.000364986,0,0,0,0,0,0,0,0,0,0,0,0,0,0,0.079232313,0,0,0,0,0,0,0.00033457,0,6.08E-05,0.000547479,0,0.001855344,0,0.002585315,0.0025549,3.04E-05,0.042186264,0.000243324,0.112719752,0.000243324,0,0.090972687,0.023480747,0.0102196,0.316260113,0.000395401,0,0,0,0,0,0,0,0,0,0,0,0,0,0,0,0,0,0,0,0.011284141,0,0,0,0,0,0,3.04E-05,0.001672851,0,0,0,0,0,0.000182493,0,0,0,0,0,0,0,0,0,0,0,0.013413225,0,0,0
F160VVC4.03,0,0,0,0.000465593,0.001024304,0,0,0,0,0,0,0,0,0,0,0,0,0,0,0,0,0,0.001024304,0.002514201,0,0,0,0,0.002793556,0.008846261,0.058478443,0,0,0,0,0,0,0,0,0,0,0,0,0,0,0,0,0,0,0,0,0,0,0,0,0,0,0,0,0,0.002141726,0,0.00381786,0,0,0.000279356,0,0.010708632,0.008380669,0.007170128,0.001024304,0.018809945,0.033895149,0.819443151,9.31E-05,9.31E-05,0,0,0,0,0,0,0,0,0,0,0,0,0,0,0,0,0,0,0,0,0,0,0,0,0,0,0.018158115,0,0,0,0.000838067,0,0,0,0,0,0,0,0,0,0,0,0,0,0,0,0,0
E160R6QK.03,0,0,0,0.00019084,0,0,0.007633588,0.001717557,0,0,0,0,0,0,0,0,0,0,0,0.024236641,0,0,0.134732824,0.00019084,0,0,0,0,0,0,0,0,0,0,0,0,0,0,0,0,0,0,0,0.00019084,0,0,0,0,0.003244275,0,0,0,0,0,0,0,0,0.025572519,0.005534351,0,0.003244275,0,0.008206107,0,0,0.003244275,0,0.003435115,0,0,0,0.113740458,0,0.518320611,0,0,0,0,0,0,0,0,0,0,0,0,0,0,0,0,0,0,0,0,0,0,0,0,0,0,0,0,0,0,0,0,0.146374046,0,0,0,0.00019084,0,0,0,0,0,0,0,0,0,0,0,0,0
D160QXK9.03,0,0,0,0,0.000357015,0,0.000119005,0,0,0,0,0,0,0,0.00023801,0,0,0,0,0.000119005,0,0,0,0.000357015,0,0,0,0,0.084374628,0.000714031,0,0,0,0,0,0,0,0,0,0,0,0,0,0.000952041,0,0,0,0,0.133285731,0,0,0,0,0,0,0,0,0.021896942,0,0,0.000833036,0,0.013804594,0,0,0.018802809,0,0.673449958,0,0,0.002142092,0.010591455,0,0.000595026,0,0.00023801,0,0,0,0,0,0,0,0,0,0,0,0,0,0,0,0,0,0,0,0,0,0,0,0,0,0,0.00023801,0,0,0,0.035463525,0,0.001428061,0,0,0,0,0,0,0,0,0,0,0,0,0,0,0
G160S20J.03,0,0,0,0.006168488,0.00281988,0,0,0,0,0,0,0,0,0,0,0,0,0,0,0,0,0,0.258900247,0.006168488,0,0,0,0,0.004582305,0.020444131,0.065738456,0,0,0,0,0,0,0,0,0,0,0,0,0,0,0,0,0,0.000176243,0,0,0,0,0,0,0,0,0.000881213,0,0,0.001057455,0,0.00563976,0,0,0,0.002291153,0.054635178,0,0,0.001057455,0.080190342,0,0.470919986,0,0,0,0,0,0,0,0,0,0,0,0,0,0,0,0,0,0,0,0,0.003877335,0,0,0,0,0,0,0,0.011279521,0,0,0,0.002291153,0,0,0,0,0,0,0,0,0,0,0,0,0,0.000881213,0,0,0
J160TN6S.03,0.00046225,0,0,0.002157165,0.001386749,0,0,0.000308166,0,0,0,0,0,0,0,0,0,0,0,0,0,0,0.025731895,0.008782743,0,0,0,0,0.054391371,0.007858243,0.033281972,0,0,0,0,0,0,0,0,0,0,0,0,0.000154083,0,0,0,0,0,0,0,0,0,0.002465331,0,0,0,0.002465331,0,0,0.014791988,0,0.025423729,0.010631741,0,0.001078582,0,0.169337442,0,0.061325116,0.219876733,0.013559322,0.000924499,0.335285054,0.000154083,0.004160247,0,0,0,0,0,0,0,0,0,0,0,0,0,0,0,0,0,0,0,0,0,0,0,0,0,0,0.000154083,0,0,0,0.003235747,0,0.00046225,0,0.000154083,0,0,0,0,0,0,0,0,0,0,0,0,0
K160T77X.03,0,0,0,0.011434067,0.000961744,0,0,0,0,0,0,0,0,0,0,0,0,0,0,0,0,0,0.019769181,0.001389186,0,0,0,0,0.01688395,0.007907673,0.091793118,0.000427442,0,0,0,0,0,0,0,0,0,0,0,0,0,0,0,0,0,0,0,0,0,0,0,0,0,0,0,0,0.008335114,0,0.005022441,0,0,0.00010686,0,0.061872195,0,0,0.011754648,0.005984185,0,0.739367386,0.000427442,0,0,0,0,0,0,0,0,0,0,0,0,0,0,0,0,0,0,0,0.004488138,0,0,0,0,0,0,0.000213721,0.001175465,0,0.000427442,0,0.009831161,0,0.00010686,0,0,0,0,0,0,0,0,0,0,0,0.000320581,0,0,0
G160QVTL.03,0,0,0,0,0,0,0.006157189,0,0,0,0,0,0,0,0,0,0,0,0,0.000724375,0,0,0,0.000181094,0,0,0,0,0,0,0,0,0,0,0,0,0,0,0,0,0,0,0,0.08946034,0,0,0,0,0.056863455,0,0,0,0,0,0,0,0,0.216769286,0,0,0.003259689,0,0.000181094,0,0,0.570988772,0,0.000905469,0,0,0.000543281,0.0409272,0,0.010141253,0,0,0,0,0,0,0,0,0,0,0,0,0,0,0,0,0,0,0,0,0,0,0,0,0,0,0,0,0,0,0,0,0,0,0.002535313,0.000362188,0,0,0,0,0,0,0,0,0,0,0,0,0,0
K160S808.03,0,0,0,0.001955512,0,0,0,0,0,0,0,0,0,0,0,0,0,0,0,0,0,0,0.00977756,0.008066487,0,0,0,0,0.014421902,0,0.054143241,0,0,0,0,0,0,0,0,0,0,0,0,0,0,0,0,0,0,0,0,0,0,0,0,0,0,0.000244439,0,0,0.004155463,0,0.003055488,0,0,0.00012222,0,0.190417991,0,0.107308726,0.004155463,0.107553165,0,0.471645075,0.000366659,0.00012222,0,0,0,0,0,0,0,0,0,0,0,0,0,0,0,0,0,0,0.009410902,0,0,0,0,0,0,0,0.008555365,0,0,0,0.003055488,0,0,0,0,0,0,0,0,0,0,0,0,0,0.001466634,0,0,0
F160SJ13.04,0,0,0,0.005610888,0.026905223,0,0,0,0,0,0,0,0,0,4.51E-05,0,0,0,0,0,0,0,0.063860471,0.011469647,0,0,0,0,0.034070936,0,0.208819685,0,0,0,0,0,0,0,0,0,0,0,0,0,0,0,0,0,6.76E-05,0,0,0,0,0,2.25E-05,0,0,0,0,0,0.000540809,0,0.007999459,0,0,0.000968949,0,0.100162243,0,0.002929379,0.000946415,0.184550904,0.049100906,0.292735139,0.003425121,0,0,0,0,0,0,0,0,0,0,0,0,0,0,0,0,0,0,0,2.25E-05,0,0,0,0,0,0,0.002275902,0,0,0,0,0.003447654,0,0,2.25E-05,0,0,0,0,0,0,0,0,0,0,0,0,0,0
B160Q46H.04,0,0,0,0.002852598,0.000146287,0,0.000182859,0,0,0,0,0,0,0,0,0,0,0,0,0,0,0,0.023021925,0.002358879,0,0,0,0,1.83E-05,0.01265383,0.273556787,0.001115439,0,0,0,0,0,0,0,0,0,0,0,0,0,0,0,0,1.83E-05,0,0,0,0,1.83E-05,0,0.000420575,0,0,1.83E-05,0,0.000219431,0,0.000512005,0.000128001,0,1.83E-05,9.14E-05,0.00581491,0,0.132060636,0.0187796,0.099511767,0,0.39705963,0.000182859,0,0,0,0,0,0,0,0,0,0,0,0,0,0,0,0,0,0,0,0.003529175,1.83E-05,0,0,0,0,0,0.000731435,0.024411652,0,0,0,0.000493719,0,0,3.66E-05,0,0,0,0,0,0,0,0,0,0,1.83E-05,0,0,0
F160SGV8.04,0,0,0,0.008493495,0.004233918,0,0.001950168,0,0,0,0,0,0,0,0,0,0,0,0,0.000179621,0,0,0.088296426,0.001667907,0,0,0,0,0.005285982,0.01452362,0.315542326,0,0,0,0,0,0,0,0,0,0,0,0,7.70E-05,0,0,0,0,0.000590182,0,0,0,0,0,2.57E-05,0.00010264,0,0.003772036,0,0,0.014343999,0,0.000795463,0.000153961,0,0,0,0.01444664,0.000872444,0.025018604,0.002668651,0.129352596,0.001898848,0.351877037,0.000179621,0,0,0,0,0,0,0,0,0,0,0,0,0,0,0,0,0,0,0,0.003284494,0,0,0,0,0,0,0,0.008750096,0,0,0,0.001565266,0,0,0,0,0,0,0,0,0,0,0,0,0,5.13E-05,0,0,0
K160RTPR.03,0,0,0,0.000426457,0.011023924,0,0,0,0,0,0,0,2.13E-05,0,2.13E-05,0,0,0,0,0,0,0,0.202204785,0.002537422,0,0,0,0,0.030811548,0.060322402,0.000234552,0,0,0,0,0,0,0,0,0,0,0,0,0,0,0,0,0,0.000959529,0,0,0,0,0,0.000938206,2.13E-05,0,0.000639686,0,0,0.000511749,0,0.013497377,2.13E-05,0,0.003411659,0,0.161520747,0.001364664,6.40E-05,0.013134888,0.134376732,0.000213229,0.340824769,0.007143162,0,0,0,0,0,0,0,0,0,0,0,0,0,0,0,0,0,0,0,0,0,0,0,0,0,0,0,0.009019574,0,0,0,0.001172758,0,0.000810269,0,0,0,0,0,0,0,0,0,0,0,0.00275065,0,0,0
J160R4GY.03,0,0,0,0.004731748,0.014601506,0,2.39E-05,0,0,0,0,0,0,0,0,0,0,0,0,0,0,0,0.019739515,0.004158203,0,0,0,0,0.004349385,0.240052575,0,0,0,0,0,0,0,0,0,0,0,0,2.39E-05,0,0,0,0,0,4.78E-05,0,0,0,0,0,0.000358466,4.78E-05,0,0.001099295,0,0,0.000382363,0,0.001553352,0,0,0.000191182,0,0.014219142,0.005496475,0,0.001099295,0.060198351,0.001864022,0.618496834,0.00136217,0,0,0,0,0,0,0,0,0,0,0,0,0,0,0,0,0,0,0,0,0,0,0,0,0,0,0,0.003273987,0,0,0,0.002365874,0,2.39E-05,4.78E-05,0,0,0,0,0,0,0,0,0,0,0.000191182,0,0,0
A160R97Q.03,0,0,0,0.000547575,0.000676416,0,0,0,0,0,0,0,0,0,6.44E-05,0,0,0,0,0,0,0,0.000579785,0.00724731,0,0,0,0,0.04081041,0.078013271,0.295915738,0,0,0,0,0,0,0,0,0,0,0,0,0,0,0,0,0,0,0,0,0,0,0,9.66E-05,0,0,9.66E-05,0,0,0.000289892,0,0.029697868,0,0,0,0,0.024930748,0,0,0.034239516,0.241351543,0,0.15232236,0.002061457,3.22E-05,0,0,0,0,0,0,0,0,0,0,0,0,0,0,0,0,0,0,0.020968885,0,0,0,0,0,0,0,0.018295433,0,0,0,0.04670489,0,0.001900406,0.003156606,0,0,0,0,0,0,0,0,0,0,0,0,0,0
K160SFXS.04,0,0,0,0.00513223,0.053113553,0,4.03E-05,0,0,0,0,0,0,0,4.03E-05,0,0,0,0,0,0,0,0.102845872,0.00195226,0,0,0,0,0.056957694,0.167310711,0.000161011,0,0,0,0,0,0,0,0,0,0,0,0,0,0,0,0,0,4.03E-05,0,0,0,0,2.01E-05,0.000201264,0,0,0.000120758,0,0,0.000603792,0,0.001831502,0,0,0.000402528,0,0.076661434,0.003602624,2.01E-05,0.063156624,0.067886326,0.000966067,0.387553838,0.003059212,0,0,0,0,0,0,0,0,0,0,0,0,0,0,0,0,0,0,0,0,0,0,0,0,0,0,0,0.003381234,0,0,0,0.002857948,0,8.05E-05,0,0,0,0,0,0,0,0,0,0,0,0,0,0,0
F160RC28.03,1.96E-05,0,0,0.000255363,0.026321993,0,0,0,0,0,0,0,0,0,0.000137503,0,0,0,0,1.96E-05,0,0,0.311345957,0.008034101,0,0,0,0,0.117938242,0.009369844,0.000275006,0,0,0,0,0,0,0,0,0,0,0,0,1.96E-05,0,0,0,0,1.96E-05,0,0,0,0,0,0.000471439,1.96E-05,0,0.002317907,0,0,0.002180404,0,0.001296456,0.00011786,0,0.000805374,0,0.230513868,0.001433959,0,0.029838139,0.134890391,1.96E-05,0.109825568,0.004891176,0,0,0,0,0,0,0,0,0,0,0,0,0,0,0,0,0,0,0,0,0,0,0,0,0,0,0,0.00125717,0,0,0,0.001237527,0,5.89E-05,1.96E-05,0,0,0,0,0,0,0,0,0,0,0.005048322,0,0,0
E160Q5XG.03,0,0,0,0.001044166,0.020683373,0,2.22E-05,0,0,0,0,0,0,0,0,0,0,0,0,0.000533191,0,0,0.003954501,0.007531325,0,0,0,0,0.022705056,0.001710655,0.116524482,0.002932551,0,0,0,0,0,0,0,0,0,0,0,0,0,0,0,0,0.000377677,0,0,0,0,0,0,4.44E-05,0,0.000199947,0,0,0.021149916,0,0.019061584,0.000111081,0,2.22E-05,0,0.039389496,0,0,0.00222163,0.087665511,0,0.6405403,0.000399893,2.22E-05,0,0,0,0,0,0,0,0,0,0,0,0,0,0,0,0,0,0,0.003310228,0,0,0,0,0,0,0.004998667,0.000644273,0,0,0,0.002154981,0,4.44E-05,0,0,0,0,0,0,0,0,0,0,0,0,0,0,0
F160Q7JF.03,0,0,0,0.002192859,0.021816137,0,0.000112454,0,0,0,0,0,0,0,5.62E-05,0,0,0,0,0,0,0,0.110936182,0.00118077,0,0,0,0,0.026145628,0.168119202,0.00039359,0,0,0,0,0,0,0,0,0,0,0,0,0,0,0,0,0,5.62E-05,0,0,0,0,0,0.000618499,0,0,0.000224909,0,0,0.003710992,0,0.003992128,0,0,0.074500984,0,0.169243745,0.007815575,0,0.005454034,0.103176834,0,0.219004779,0.003092494,0,0,0,0,0,0,0,0,0,0,0,0,0,0,0,0,0,0,0,0,0,0,0,0,0,0,0,0.004666854,0,0,0,0.072701715,0,0,0.000337363,0,0,0,0,0,0,0,0,0,0,0.000449817,0,0,0
G160QHV6.03,0,0,0,0.014572996,0.011909115,0,0.000104466,0,0,0,0,0,0,0,0.000208932,0,0,0,0,0,0,0,0.431548707,0.002402716,0,0,0,0,0.033951423,0.108435623,0.000992426,0,0,0,0,0,0,0,0,0,0,0,0,0,0,0,0,0,0.000208932,0,0,0,0,0,0.000679028,0,0,0.000417864,0,0,0.002193784,0,0.009819796,5.22E-05,0,0.000470097,0,0.137633847,0.009610864,0,0.008670671,0.053225385,0,0.162287804,0.002663881,0,0,0,0,0,0,0,0,0,0,0,0,0,0,0,0,0,0,0,0,0,0,0,0,0,0,0,0.002037085,0,0,0,0.005797858,0,0,0.000104466,0,0,0,0,0,0,0,0,0,0,0,0,0,0
B160R7ZK.03,0,0,0,0.010372543,0.009367872,0,0.000190073,0,0,0,0,0,0,0,0,0,0,0,0,0.000352992,0,0,0.304496579,0.010752688,0,0,0,0,0.088872597,0,0.000841751,0,0,0,0,0,0,0,0,0,0,0,0,0,0,0,0,0,0,0,0,0,0,0,0,5.43E-05,2.72E-05,0.001955034,0.002878245,0,0.031714999,0,0.001140437,0,0,0.000135766,0,0.079368958,0,0,0,0.188850874,0,0.242424242,0.000217226,0.001846421,0,0,0,0,0,0,0,0,0,0,0,0,0,0,0,0,0,0,0,0,0,0,0,0,0,0,2.72E-05,0,0,0,0.009476485,0,0.01460845,2.72E-05,0,0,0,0,0,0,0,0,0,0,0,0,0,0
A160S945.03,0,0,0,0.004369274,0.000422833,0,0,0,0,0,0,0,0,0,0,0,0,0,0,0,0,0,0.278787879,0.005073996,0,0,0,0,0.018463707,0.003946441,0.058491896,0,0,0,0,0,0,0,0,0,0,0,0,0,0,0,0,0,0,0,0,0,0,0,0,0,0,0.002677942,0.000140944,0,0.048343904,0,0.006060606,0,0,0.016631431,0.000140944,0.14038055,0,0.000281889,0.001550388,0.056518675,0,0.3329105,0,0,0,0,0,0,0,0,0,0,0,0,0,0,0,0,0,0,0,0,0.003100775,0,0,0,0,0,0,0,0.01564482,0,0,0,0.005496829,0,0.000563777,0,0,0,0,0,0,0,0,0,0,0,0,0,0,0
E160QDKV.03,2.17E-05,0,0,0,0.000390286,0,0,0,0,0,0,0,0,0,0.000108413,0,0,0,0,0,0,0,0,8.67E-05,0,0,0,0,0,0,0,0,0,0,0,0,0,0,0,0,0,0,0,0,0,0,0,0,0.000195143,0,0,0,0,6.50E-05,0,0,0.000238508,6.50E-05,0.128078925,0,0.002189939,0,0.06519948,0,0,0.000151778,0,0.471986123,0,4.34E-05,0.008477884,0.107914137,0,4.34E-05,0.031808326,8.67E-05,0,0,0,0,0,0,0,0,0,0,0,0,0,0,0,0,0,0,0,0,0,0,0,0,0,0,0.000108413,0,0,0,0.181548135,0,0.001062446,0,0,0,0,0,0,0.000108413,2.17E-05,0,0,0,0,0,0,0
C160S2KH.03,0,0,0,0.000198221,0.000668996,0,0,0,0,0,0,0,0,0,0.000148666,0,0,0,0,0,0,0,0.002477762,0.019153101,0,0,0,0,0,0.202903937,0.000470775,0,0,0,0,0,0,0,0,0,0,0,0,0,0,0,0,0,2.48E-05,0,0,0,0,0,0.001684878,2.48E-05,2.48E-05,0.000743329,0,0,0.006838623,0,0.010530489,0,0,0.006343071,0,0.630739116,0,0,0.018756659,0.020218539,0,0.007284621,0.05228078,9.91E-05,0,0,0,0,0,0,0,0,0,0,0,0,0,0,0,0,0,0,0,0,0,0,0,0,0,0,0,0,0,0,0.018137218,0,0,4.96E-05,0,0,0,0,0,0,0,0,0,0,0.000198221,0,0,0
K160SJ5V.03,0.000674878,0,0,0,0.000506158,0,0,0,0,0,0,0,0,0,0,0,0,0,0,0,0,0,0.059726675,0.011304201,0,0,0,0,0.09600135,0.01467859,0.004049266,0,0,0.000337439,0,0,0,0,0,0,0,0,0,0,0,0,0,0,0,0,0,0,0,0,0,0,0,0,0,0,0.001181036,0,0.010460604,0.004217985,0,0.001181036,0,0.50008436,0,0.007929813,0.169731736,0.000337439,0.005567741,0.105449637,0.000843597,0,0,0,0,0,0,0,0,0,0,0,0,0,0,0,0,0,0,0,0.001181036,0,0,0,0,0,0,0.000506158,0.003711827,0,0,0,0.000337439,0,0,0,0,0,0,0,0,0,0,0,0,0,0,0,0,0
F160SFSP.03,2.09E-05,0,0,0.008017752,0.001779397,0,2.09E-05,0,0,0,0,0,0,0,0.000230275,0,0,0,0,0,0,0,0.074295045,0.011534677,0,0,0,0,0.013314074,0.0084155,0.156356633,0,0,0,0,0.003684398,0,0,0,0,0,0,0,0,0,0,0,0,0,0,0,0,0,0,0,0,6.28E-05,0,6.28E-05,0,0.046180577,0,0.000397747,0.00215621,0,6.28E-05,0,0.055098495,0,0,0.005777806,0.085578513,0,0.493772112,0.001905001,0,0,0,0,0,0,0,0,0,0,0,0,0,0,0,0,0,0,0,0.02011765,0,0,0,0,0,0,0,2.09E-05,0.000125604,0,0,0.001088572,0,0.009859951,6.28E-05,0,0,0,0,0,0,0,0,0,0,0,0,0,0
G160S1WX.04,1.89E-05,0,0,0.007593359,0.001964451,0,0.000321112,0,0,0,0,0,0,0,5.67E-05,0,0,0,0,0,0,0,0.077425814,0.019795622,0,0,0,0,0.010521146,0.00738558,0.144198258,0,0,0,0,0.002210007,0,0,0,0,0,0,0,0,1.89E-05,0,0,0,1.89E-05,0,0,0,0,0,0,0.00071778,3.78E-05,3.78E-05,1.89E-05,0,0.050962392,0,0.000528891,0.002040007,0,7.56E-05,0,0.062239096,0,0,0.004665571,0.073648023,0,0.502087229,0.002380008,0,0,0,0,0,0,0,0,0,0,0,0,0,0,0,0,0,0,0,0.017982282,0,0,0,1.89E-05,0,0,0,0,7.56E-05,0,0,0.000850003,0,0.009312253,0.000774447,1.89E-05,0,0,0,0,0,0,0,0,0,0,0,0,0
J160R776.03,0,0,0,0.000411303,0.008472833,0,0,0,0,0,0,0,0,0,0,0,0,0,0,0,0,0,0.040225394,0.018261835,0,0.000164521,0,0,0.064533377,0.006992144,0.0396907,0.013984288,0,0.002632337,0,0,0,0,0,0.000699214,0,0,0,4.11E-05,0,0,0,0,0,0,0,0,0,0,0.000781475,0,0,0.000205651,0,0,0.003372681,0,0.014477851,0.006663102,0.000164521,0.000987126,0,0.358038909,0,0.019331222,0.036811582,0.038909226,0,0.271418583,0.001480689,0,0,0,0,0,0.000822605,0,0,0,0,0,0,0,0,0,0,0,0,0,0.006827623,0,0,0,0,0,0,0.003578333,0.000452433,0,0,0,0.03644141,0,0,8.23E-05,0,0,0,0,0,0,0,0,0,0,0.003043639,0,0,0
G160TD79.03,9.29E-05,0,0,0.009666326,0.000371782,0,0,0,0,0,0,0,0,0,0,0,0,0,0,0,0,0,0.036527558,0.014871271,0,0,0,0,0.031043777,0.019890324,0.03996654,0.0010224,0,0,0,0,0,0,0,0,0,0,0,0,0,0,0,0,0,0,0,0,0,0,0,0,0,0,0,0,0.000650618,0,0.004461381,0.002881309,0,0.0010224,9.29E-05,0.132075472,0,0.003624872,0.013198253,0.001951854,0,0.675527465,9.29E-05,0,0,0,0,0,0,0,0,0,0,0,0,0,0,0,0,0,0,0,0.004833163,0,0,0,0,0,0,0.000371782,0.003624872,0,0,0,0.0010224,0,0,0,0,0,0,0,0,0,0,0,0,0,0.001115345,0,0,0
H160V6W5.03,0,0,0,0.000492672,0.003325533,0,0,0,0,0,0,0,0,0,0,0,0,0,0,0.000123168,0,0,0.017859342,0.007390073,0,0,0,0,0.034733342,0.002217022,0.07488607,0,0,0,0.001231679,0,0,0,0,0,0,0,0,0,0,0,0,0,0,0,0,0,0,0,0,0,0,0.000123168,0,0,0.000123168,0,0.005296219,0.001970686,0,0.008744919,0,0.14681611,0,0.000615839,0.126247075,0.001478015,0.009114423,0.550067742,0.000615839,0,0,0,0,0,0,0,0,0,0,0,0,0,0,0,0,0,0,0,0.002463358,0,0,0,0,0,0,0,0.003695036,0,0,0,0.000246336,0,0.000123168,0,0,0,0,0,0,0,0,0,0,0,0,0,0,0
H160T9QX.03,0.000580552,0,0,0.000435414,0.001741655,0,0,0,0,0,0,0,0,0,0,0,0,0,0,0,0,0,0.020319303,0.020899855,0,0,0,0,0.086066763,0.003047896,0.010885341,0,0,0,0,0,0,0,0.000145138,0,0,0,0,0,0,0,0,0,0,0,0,0,0,0,0,0,0.000145138,0,0,0,0.000725689,0,0.019448476,0.000290276,0.000435414,0.043105951,0.002322206,0.366328012,0,0.011030479,0.187373004,0.000870827,0.000725689,0.200725689,0.000725689,0,0,0,0,0,0,0,0,0,0,0,0,0,0,0,0,0,0,0,0.006966618,0,0,0,0,0,0,0.000435414,0.013788099,0,0,0,0,0,0.000145138,0.000145138,0,0,0,0,0,0,0,0,0,0,0.000145138,0,0,0
C160TDJT.03,0,0,0,0.007240975,0,0,0,0,0,0,0,0,0,0,0,0,0,0,0,0,0,0,0.000319455,0.004578852,0,0,0,0,0.000106485,0.009796614,0.07858588,0,0,0,0,0,0,0,0,0,0,0,0,0.000958364,0,0,0,0,0,0,0,0,0,0,0,0,0,0.004259397,0.000106485,0,0.00021297,0,0.120327974,0,0,0.01512086,0,0.352891066,0.00021297,0.000106485,0.02353317,0.00841231,0.012032797,0.328080077,0.000319455,0.000106485,0,0,0,0,0,0,0,0,0,0,0,0,0,0,0,0,0,0,0.020871047,0,0,0,0,0,0,0,0.006921521,0,0,0,0.004791822,0,0.000106485,0,0,0,0,0,0,0,0,0,0,0,0,0,0,0
F160TDH1.03,0,0,0,0.017584784,0.00053831,0,0,0,0,0,0,0,0,0,0,0,0,0,0,0,0,0,0.0240445,0.002512112,0,0,0,0,0.044679706,0.006100843,0.068724206,0.001973802,0,0,0,0.001614929,0,0,0,0,0,0,0,0,0,0,0,0,0,0,0,0,0,0,0,0,0,0.000717746,0,0,0.000179437,0,0.008074646,0.000179437,0.00053831,0.001076619,0,0.062085053,0,0.114659968,0.089179975,0.009510138,0.021352952,0.498833662,0.000358873,0,0,0,0,0,0,0,0,0,0,0,0,0,0,0,0,0,0,0,0.003588731,0,0,0,0,0,0,0.000179437,0.021532388,0,0,0,0.000179437,0,0,0,0,0,0,0,0,0,0,0,0,0,0,0,0,0
A160TLHC.03,0.000120236,0,0,0.005651076,0.000601178,0,0.000120236,0,0,0,0,0,0,0,0,0,0,0,0,0,0,0,0.007093904,0.001082121,0,0,0,0,0.031020801,0.03186245,0.035108813,0.001683299,0,0,0,0,0,0,0,0,0,0,0,0,0,0,0,0,0,0,0,0,0,0,0,0,0,0,0,0,0.001683299,0,0.002044006,0.000721414,0,0.003727306,0,0.126487916,0,0.113742936,0.076109174,0.002645185,0.03354575,0.479860527,0.000601178,0.001082121,0,0,0,0,0,0,0,0,0,0,0,0,0,0,0,0,0,0,0.000961885,0,0,0,0,0,0,0.000240471,0.036070699,0,0,0,0.000480943,0,0,0,0,0,0,0,0,0,0,0,0,0,0.005651076,0,0,0
E160SPP8.03,0,0,0,0.003132118,0.000142369,0,0.000142369,0,0,0,0,0,0,0,0.000142369,0,0,0,0,0,0,0,0.324743736,0.024060364,0,0,0,0,0.016657175,0.002420273,0.04071754,0.000284738,0,0,0,0,0,0,0,0,0,0,0,0,0,0,0,0,0,0,0,0,0,0,0,0,0,0,0,0,0.000711845,0,0.026480638,0,0,0.004128702,0,0.448035308,0,0,0.02035877,0.001708428,0.000142369,0.073035308,0,0,0,0,0,0,0,0,0,0,0,0,0,0,0,0,0,0,0,0,0.005694761,0,0,0,0,0,0,0.000284738,0,0,0,0,0.000569476,0,0,0,0,0,0,0,0,0,0,0,0,0,0.006406606,0,0,0
D160SV72.03,0,0,0,0.001745694,0.016892152,0,0.00012836,0,0,0,0,0,0,0,2.57E-05,0,0,0,0,7.70E-05,0,0,0.000693143,0.000975535,0,0,0,0,0.006007239,0.085487639,0.24303648,0,0,0,0,0,0,0,0,0,0,0,0,0,0,0,0,0,0.000102688,0,0,0,0,0,2.57E-05,2.57E-05,0,0.001155238,0,0,0.000693143,0,0.000359407,0.000154032,0,0.000231048,5.13E-05,0.029086335,0,0.000539111,0.065694555,0.053526044,0.000205376,0.417349113,0.000487767,0.002336149,0,0,0,0,0,0,0,0,0,0,0,0,0,0,0,0,0,0,0.002182117,0,0,0,0,0,0,0,0.070058789,0,0,0,0.00012836,0,0,5.13E-05,0,0,0,0,0,0,0,0,0,0,0.000487767,0,0,0
B160RX6V.03,0,0,0,0.003891051,0.000155642,0,0,0,0,0,0,0,0,0,0,0,0,0,0,0.001089494,0,0,0.035019455,0.007315175,0,0,0,0,0.049494163,0.016498054,0.006848249,0,0,0,0,0,0,0,0,0,0,0,0,0.000311284,0,0,0,0,0,0,0,0,0,0,0,0,0.000155642,0.003579767,0,0,0.002178988,0,0.076731518,0.000311284,0,0.01463035,0,0.548793774,0,0.016653696,0.029416342,0.047315175,0.000311284,0.127159533,0.003735409,0,0,0,0,0,0,0,0,0,0,0,0,0,0,0,0,0,0,0,0,0,0,0,0,0,0,0.001089494,0.003735409,0,0,0,0.003579767,0,0,0,0,0,0,0,0,0,0,0,0,0,0,0,0,0
C160S60H.03,0,0,0,0.00263701,0.00045861,0,0,0,0,0,0,0,0,0,0,0,0,0,0,0,0,0,0.007337767,0.021554689,0,0,0,0,0,0,0.068447604,0,0,0,0,0,0,0,0,0,0,0,0,0,0,0,0,0,0,0,0,0,0,0,0,0,0,0.001031873,0,0,0,0,0.150882825,0.000573263,0,0.008140335,0,0.205342811,0,0.000229305,0.035198349,0.049873882,0.001375831,0.425934419,0.000917221,0.000229305,0,0,0,0,0,0,0,0,0,0,0,0,0,0,0,0,0,0,0,0,0,0,0,0,0,0.000917221,0.017885806,0,0,0,0.001031873,0,0,0,0,0,0,0,0,0,0,0,0,0,0,0,0,0
B160SN6N.03,9.29E-05,0,0,9.29E-05,0.000928591,0,0,0,0,0,0,0,0,0,0,0,0,0,0,0,0,0,0.003435788,0.019036122,0,0,0,0,0.009378772,0.000278577,0.00102145,0,0,0,0,0,0,0,0,0,0,0,0,9.29E-05,0,0,0,0,0,0,0,0,0,0,0,0,0,0.00427152,0,0,0.00325007,0,0.25694122,0.000185718,0.000371437,0.009564491,0.000371437,0.380815303,0,0.011235955,0.121738323,0.021821896,0.003064351,0.117373944,0.00102145,0,0,0,0,0,0,0,0,0,0,0,0,0,0,0,0,0,0,0,0.015786053,0,0,0,0,0,0,0,9.29E-05,0,0,0,0.017643235,0,9.29E-05,0,0,0,0,0,0,0,0,0,0,0,0,0,0,0
F160T8L1.03,0.000137382,0,0,0.004670971,0.001511197,0,0,0.001511197,0,0,0,0,0,0,0,0,0,0,0,0,0,0,0.071575766,0.074323396,0,0,0,0,0.120346201,0,0.03915373,0.000549526,0,0,0,0,0,0,0,0,0,0,0,0.000274763,0,0,0,0,0,0,0,0,0,0,0,0,0,0.008105509,0,0,0.00549526,0,0.00178596,0,0,0,0,0.187525759,0,0,0.162659706,0.07377387,0.003297156,0.233685946,0.000274763,0,0,0,0,0,0,0,0,0,0,0,0,0,0,0,0,0,0,0,0.00728122,0,0,0,0,0,0,0,0,0,0,0,0.000549526,0,0,0,0,0,0,0,0,0,0,0,0,0,0.001511197,0,0,0
A160SG1R.03,0.001186803,0,0,0.00011868,0.000474721,0,0,0,0,0,0,0,0,0,0,0,0,0,0,0.00011868,0,0,0.003560408,0.0084263,0,0.000356041,0,0,0.088060764,0.010325184,0.001542844,0,0,0,0,0,0,0,0,0,0,0,0,0.00011868,0,0,0,0,0,0,0,0,0,0,0,0,0,0.011037266,0,0,0,0,0.035366722,0,0.00011868,0.007832898,0,0.614526466,0,0.009257061,0.036553525,0.009969143,0.013885592,0.126394493,0.002017565,0,0,0,0,0,0,0,0,0,0,0,0,0,0,0,0,0,0,0,0.008901021,0,0,0,0,0,0,0,0.000237361,0,0,0,0.008188939,0,0.001424163,0,0,0,0,0,0,0,0,0,0,0,0,0,0,0
G160SH2D.03,0,0,0,0.003823499,0,0,0,0,0,0,0,0,0,0,0,0,0,0,0,0,0,0,0.004443526,0.017050739,0,0,0,0,0.121111915,0,0.365712514,0,0,0,0,0,0,0,0,0,0,0,0,0.001033378,0,0,0,0,0.001343392,0,0,0,0,0,0,0,0,0.006716958,0,0,0.02738452,0,0.003720161,0.001550067,0,0.000206676,0,0.295236127,0,0,0.001136716,0.039475044,0,0.05476904,0,0.000206676,0,0,0,0,0,0,0,0,0,0,0,0,0,0,0,0,0,0,0,0,0,0,0,0,0,0,0,0,0,0,0.055079053,0,0,0,0,0,0,0,0,0,0,0,0,0,0,0,0,0
E160SJ20.03,0,0,0,0.014385532,0.005343198,0,0,0,0,0,0,0,0,0,0,0,0,0,0,0,0,0,0.000685025,0.004110152,0,0,0,0,0.001918071,0.13864913,0.048088779,0,0,0,0,0,0,0,0,0,0,0,0,0,0,0,0,0,0,0,0,0,0,0,0,0,0,0,0,0,0.000137005,0,0.000137005,0.000411015,0,0,0,0.014385532,0.00082203,0.000137005,0.001507056,0.007261269,0.016714618,0.727359912,0,0,0,0,0,0,0,0,0,0,0,0,0,0,0,0,0,0,0,0,0.00082203,0,0,0,0,0,0,0.00027401,0.016440608,0,0,0,0.000411015,0,0,0,0,0,0,0,0,0,0,0,0,0,0,0,0,0
H160S8N1.03,0.001864512,0,0,0.000807955,0,0,0,0,0,0,0,0,0,0,0,0,0,0,0,0,0,0,0.079428216,0.016034804,0,0,0,0,0.070354257,0.000497203,0.001678061,0,0,0,0,0,0,0,0,0,0,0,0,0,0,0,0,0,0,0,0,0,0,0,0,0,0,0.000807955,6.22E-05,0,0.004536979,0,0.021193288,0,0,0.000621504,0,0.099254195,0.00310752,0.030950901,0.31385954,0.005717837,6.22E-05,0.334244873,0.000310752,6.22E-05,0,0,0,0,0,0,0,0,0,0,0,0,0,0,0,0,0,0,0.01379739,0,0,0,0,0,0,0,0.000186451,0,0,0,0.000186451,0,0.000372902,0,0,0,0,0,0,0,0,0,0,0,0,0,0,0
K160SJLS.03,0,0,0,0.006657156,0.000475511,0,0.002219052,0,0,0,0,0,0,0,0,0,0,0,0,0.000158504,0,0,0.029481693,0.015374861,0,0,0,0,0,0,0.061657949,0,0,0,0,0,0,0,0,0,0,0,0,0,0,0,0,0,0.000792519,0,0,0,0,0,0,0,0,0.000634015,0,0,0.014265335,0,0.00554763,0,0,0.005706134,0,0.062291964,0,0,0.002377556,0.071326676,0.000158504,0.71104771,0.000158504,0,0,0,0,0,0,0,0,0,0,0,0,0,0,0,0,0,0,0,0.004438104,0,0,0,0,0,0,0.001902045,0,0,0,0,0.003328578,0,0,0,0,0,0,0,0,0,0,0,0,0,0,0,0,0
F160T770.03,0,0,0,0.000738552,0,0,0,0,0,0,0,0,0,0,0,0,0,0,0,0,0,0,0.058714919,0.024926145,0,0,0,0,0.092134417,0.00683161,0.086225997,0.001846381,0,0,0,0,0,0,0,0,0,0,0,0,0,0,0,0,0,0,0,0,0,0,0,0,0,0.000184638,0,0,0,0,0.069793205,0.003508124,0.000184638,0.000738552,0,0.213810931,0,0.000369276,0.087149188,0.001661743,0,0.332163959,0.001661743,0,0,0,0,0,0,0,0,0,0,0,0,0,0,0,0,0,0,0,0.015694239,0,0,0,0,0,0,0.000923191,0,0,0,0,0.000369276,0,0,0,0,0,0,0,0,0,0,0,0,0,0.000369276,0,0,0
A160RD69.03,2.30E-05,0,0,0.008891237,0.013738915,0,0.003262418,0,0,0,0,0,0,0,0,0,0,0,0,0,0,0,0.038643569,0.048775445,0,0,0,0,0.016863484,0.013003722,0.144212655,0.001952856,0,0.000275697,0,0,0,0,0,0,0,0,0,0,0,0,0,0,0.005467996,0,0,0,0,0,0,2.30E-05,0,0,0.001562285,0.000114874,0.0126591,0,0.001194688,0.010017001,6.89E-05,0.007673574,0,0.087396039,0,0,0.023181547,0.066121399,0.008477691,0.457220971,0.001952856,2.30E-05,0,0,0,0,2.30E-05,0,0,0,0,0,0,0,0,0,0,0,0,0,0.017024307,0,0,0,0,0,0,0.000666268,0.009281809,0,0,0,0.000206773,0,0,0,0,0,0,0,0,0,0,0,0,0,0,0,0,0
A160SPBG.03,0.000254755,0,0,0,0.000764266,0,0,0,0,0,0,0,0,0,0,0,0,0,0,0,0,0,0.047809103,0.002972147,0,0,0,0,0.062669837,0.008067255,0.000424592,0.001273777,0,0,0,0,0,0,0,0,0,0,0,8.49E-05,0,0,0,0,0,0,0,0,0,0,0,0,0,8.49E-05,0,0,0.000934103,0,0.028532609,0,0,0.007982337,0.000509511,0.51282269,0,0.007897418,0.080757473,0.014181386,0.000339674,0.209324049,0.000339674,0,0,0,0,0,0,0,0,0,0,0,0,0,0,0,0,0,0,0,0.010275136,0,0,0,0,0,0,0,0,0,0,0,0.000509511,0,0.001188859,0,0,0,0,0,0,0,0,0,0,0,0,0,0,0
J160T1C4.03,0.000459982,0,0,0.003219871,0,0,0.000114995,0,0,0,0,0,0,0,0,0,0,0,0,0,0,0,0,0.006554738,0,0,0,0,0.093146274,0.033578657,0.000229991,0.002874885,0,0,0,0,0,0,0,0,0,0,0,0.000344986,0,0,0,0,0,0,0,0,0,0,0,0,0,0.000689972,0.000114995,0,0.003564857,0,0.045308188,0.000574977,0,0,0.000574977,0.283578657,0,0.044043238,0.127069917,0.002069917,0,0.337971481,0.000459982,0,0,0,0,0,0,0,0,0,0,0,0,0,0,0,0,0,0,0,0.006554738,0,0,0,0,0,0,0,0,0,0,0,0.001149954,0,0.00574977,0,0,0,0,0,0,0,0,0,0,0,0,0,0,0
F160SDHY.03,0,0,0,0,0,0,0,0,0,0,0,0,0,0,0,0,0,0,0,0,0,0,0.011082964,0.025965801,0,0,0,0,0.042986067,0,0.000316656,0,0,0,0,0,0,0,0,0,0,0,0,0,0,0,0,0,0.000158328,0,0,0,0,0,0,0,0,0.000554148,0,0,0,0,0.128562381,0.011082964,0,0,0.000474984,0.281982267,0,7.92E-05,0.362887904,0.01630779,0,0.043777707,0.000554148,0,0,0,0,0,0,0,0,0,0,0,0,0,0,0,0,0,0,0,0,0,0,0,0,0,0,0,0.003008233,0,0,0,0.069268524,0,0,0,0,0,0,0,0,0,0,0,0,0,0.000949968,0,0,0
D160S9SQ.03,0.00017094,0,0,0.001538462,0,0,0,0,0,0,0,0,0,0,0,0,0,0,0,0,0,0,0.21025641,0.048376068,0,0,0,0,0.076239316,0.003760684,0.006495726,0,0,0,0,0,0,0,0,0,0,0,0,0,0,0,0,0,0,0,0,0,0,0,0,0,0,0,0,0,0.00034188,0,0.02,0,0,0.000854701,0.000854701,0.260683761,0.000854701,0.041025641,0.017264957,0.025982906,0.00017094,0.231111111,0.001367521,0.038290598,0,0,0,0,0,0,0,0,0,0,0,0,0,0,0,0,0,0,0.002222222,0,0,0,0,0,0,0,0.008205128,0,0,0,0.003931624,0,0,0,0,0,0,0,0,0,0,0,0,0,0,0,0,0
E160T70L.03,0.000235128,0,0,0.000940513,0,0,0,0,0,0,0,0,0,0,0,0,0,0,0,0.000117564,0,0,0,0.004114743,0,0,0,0,0.152833294,0.057018575,0,0.002233717,0,0,0,0,0,0,0,0,0,0,0,0.000117564,0,0,0,0,0,0,0,0,0,0,0,0,0,0.001763461,0,0,0.000822949,0,0.07794498,0,0,0.000352692,0.000940513,0.299200564,0,0.007053844,0.363978368,0.01269692,0,0.000117564,0.000117564,0.000117564,0,0,0,0,0,0,0,0,0,0,0,0,0,0,0,0,0,0,0.007524101,0,0,0,0,0,0,0.000352692,0,0,0,0,0.007053844,0,0.002233717,0,0.000117564,0,0,0,0,0,0,0,0,0,0,0,0,0
H160TR3H.03,0,0,0,0.002468831,0.000123442,0,0,0,0,0,0,0,0,0,0,0,0,0,0,0,0,0,0.040241945,0.004443896,0,0,0,0,0,0,0.041599802,0,0,0,0,0,0,0,0,0,0,0,0,0.001851623,0,0,0,0,0,0,0,0,0,0,0,0,0,0.008023701,0,0,0,0,0.011726947,0.019380323,0,0.00160474,0,0.77545982,0,0.002221948,0.016788051,0.001234416,0,0.055054931,0.00160474,0,0,0,0,0,0,0,0,0,0,0,0,0,0,0,0,0,0,0,0.014936428,0,0,0,0,0,0,0,0,0,0,0,0.000617208,0,0.000493766,0,0.000123442,0,0,0,0,0,0,0,0,0,0,0,0,0
D160VYZ0.03,0,0,0,0,0.000852424,0,0,0,0,0,0,0,0,0,0,0,0,0,0,0,0,0,0.00426212,0.000639318,0,0,0,0,0.00319659,0.0725626,0.056899307,0,0,0,0,0,0,0,0,0,0,0,0,0,0,0,0,0,0,0,0,0,0,0,0,0,0,0,0,0,0.004794885,0,0.002876931,0.000426212,0,0.000958977,0,0.021630261,0.005434204,0.039957379,0.000213106,0.010548748,0.086414491,0.605966969,0.000106553,0,0,0,0,0,0,0,0,0,0,0,0,0,0,0,0,0,0,0,0.000852424,0,0,0,0,0,0,0,0.080447523,0,0,0,0.000852424,0,0.000106553,0,0,0,0,0,0,0,0,0,0,0,0,0,0,0
B160S1Q2.03,0.00015528,0,0,0.009161491,0.004503106,0,0.001086957,0.000621118,0,0,0,0,0,0,0,0,0,0,0,0,0,0,0.080124224,0.136801242,0,0,0,0,0,0,0.152950311,0,0,0,0,0,0,0,0,0,0,0,0,0.001397516,0,0,0,0,0,0,0,0,0,0,0,0,0,0.022360248,0,0,0.020186335,0,0.000621118,0,0,0.049223602,0,0.000621118,0,0.008385093,0.00015528,0.005590062,0,0.333074534,0,0,0,0,0,0,0,0,0,0,0,0,0,0,0,0,0,0,0,0,0,0,0,0,0,0,0,0,0,0,0,0,0.172981366,0,0,0,0,0,0,0,0,0,0,0,0,0,0,0,0,0
C160TFNJ.03,0.001086788,0,0,0.000931532,0.002639342,0,0,0,0,0,0,0,0,0,0,0,0,0,0,0,0,0,0.008383791,0.01381773,0,0,0,0,0.027480205,0.009625834,0.143766496,0.000155255,0.000155255,0.000465766,0.000465766,0.000155255,0,0,0,0,0,0,0,0.000155255,0,0,0,0,0,0,0,0,0,0,0,0,0,0.005433939,0.000621022,0,0.010402111,0,0.001242043,0.00201832,0,0.000931532,0.000155255,0.285048905,0.001707809,0,0.011488899,0.020027946,0.004657662,0.357863686,0.000310511,0.031516845,0,0,0,0,0,0,0,0,0,0,0,0,0,0,0,0,0,0,0.002484086,0,0,0,0,0,0,0.000465766,0.020648968,0,0,0,0.033690421,0,0,0,0,0,0,0,0,0,0,0,0,0,0,0,0,0
A160VTFL.03,0,0,0,0,0,0,0,0,0,0,0,0,0,0,0,0,0,0,0,0,0,0,0.066273768,0.008117425,0,0,0,0,0.257088847,0,0.00277994,0,0,0,0,0,0,0,0,0,0,0,0,0.000222395,0,0,0,0,0,0,0,0,0,0,0,0,0,0.000667186,0,0,0.000667186,0,0.005671078,0.006227065,0,0.00044479,0,0.626932058,0,0,0.006449461,0.009229401,0,0.003335928,0.003558323,0,0,0,0,0,0,0,0,0,0,0,0,0,0,0,0,0,0,0,0,0,0,0,0,0,0,0,0.001111976,0,0,0,0.000889581,0,0.000333593,0,0,0,0,0,0,0,0,0,0,0,0,0,0,0
C160S2NJ.03,0,0,0,0.002031144,0.003272399,0,0,0,0,0,0,0,0,0,0,0,0,0,0,0,0,0,0.037124803,0.012976755,0,0,0,0,0.006770481,0.000677048,0.031934101,0,0,0,0,0,0,0,0,0,0,0,0,0,0,0,0,0,0,0,0,0,0,0,0,0,0,0.000112841,0,0,0.000112841,0,0.007447529,0.000112841,0,0.000225683,0,0.054051004,0,0,0.003836606,0.016474836,0.001466937,0.807831189,0.000112841,0,0,0,0,0,0,0,0,0,0,0,0,0,0,0,0,0,0,0,0.000789889,0,0,0,0,0,0,0.000564207,0.010381404,0,0,0,0.00169262,0,0,0,0,0,0,0,0,0,0,0,0,0,0,0,0,0
K160T3VG.03,0,0,0,0,0,0,0,0,0,0,0,0,0,0,0,0,0,0,0,0,0,0,0.224124752,0,0,0,0,0,0.000305764,0,0.001070173,0,0,0,0,0,0,0,0,0,0,0,0,0.000152882,0,0,0,0,0,0,0,0,0,0,0,0,0,0.0033634,0,0,0,0,0.112673903,0.000305764,0,0.056107629,0,0.447790858,0,0,0.044947256,0.03103501,0,0.017122764,0.005656627,0,0,0,0,0,0,0,0,0,0,0,0,0,0,0,0,0,0,0,0,0,0,0,0,0,0,0,0,0,0,0,0.055190338,0,0.000152882,0,0,0,0,0,0,0,0,0,0,0,0,0,0,0
G160R8HL.03,0.000253485,0,0,0.000887199,0.007351077,0,0,0,0,0,0,0,0,0,0,0,0,0,0,0.000506971,0,0,0.130925222,0.001013942,0,0,0,0,0.030164766,0.000126743,0.116856781,0,0,0,0,0,0,0,0,0,0,0,0,0,0,0,0,0,0,0,0,0,0,0,0,0,0,0.001520913,0,0,0.000126743,0,0.002534854,0,0,0.013434728,0,0.005196451,0,0,0.000380228,0.04486692,0,0.631178707,0,0,0,0,0,0,0,0,0,0,0,0,0,0,0,0,0,0,0,0,0,0,0,0,0,0,0,0,0.000380228,0,0,0,0.012294043,0,0,0,0,0,0,0,0,0,0,0,0,0,0,0,0,0
C160SL9N.03,0,0,0,0.034651552,0.003349221,0,0.002833956,0,0,0,0,0,0,0,0,0,0,0,0,0,0,0,0.008373052,0.002447507,0,0,0,0,0,0,0.000128816,0,0,0,0,0,0,0,0,0,0,0,0,0,0,0,0,0,0,0,0,0,0,0.001288162,0,0,0.001803427,0.001803427,0,0,0.008630684,0,0.005152647,0,0,0.000772897,0,0.002061059,0,0,0.000257632,0.059899523,0,0.864227747,0.000128816,0.00167461,0,0,0,0,0,0,0,0,0,0,0,0,0,0,0,0,0,0,0,0,0,0,0,0,0,0,0,0,0,0,0.000515265,0,0,0,0,0,0,0,0,0,0,0,0,0,0,0,0,0
F160S952.03,0,0,0,0,0.000132608,0,0,0,0,0,0,0,0,0,0,0,0,0,0,0,0,0,0.162710516,0.003713035,0,0.001193476,0,0,0.047871635,0,0.008752155,0,0,0,0,0,0,0,0,0,0,0,0,0,0,0,0,0,0,0,0,0,0,0,0,0,0,0,0,0,0.000397825,0,0.001458692,0,0,0.055165097,0,0.56371834,0,0,0.002254343,0.030499934,0,0.109534544,0.000265217,0,0,0,0,0,0,0,0,0,0,0,0,0,0,0,0,0,0,0,0,0,0,0,0,0,0,0,0,0,0,0,0.011802148,0,0.000530434,0,0,0,0,0,0,0,0,0,0,0,0,0,0,0
G160RPTB.03,0,0,0,0.000870954,0,0,0.004499927,0,0,0,0,0,0,0,0,0,0,0,0,0,0,0,0.000290318,0,0,0,0,0,0,0,0.000145159,0,0,0,0,0,0,0,0,0,0,0,0,0,0,0,0,0,0.005225722,0,0,0,0,0,0,0,0,0.038902598,0.000145159,0,0,0,0.001596748,0,0,0.000145159,0,0.000725795,0,0,0,0.033676876,0,0.699666134,0,0,0,0,0,0,0,0,0,0,0,0,0,0,0,0,0,0,0,0,0,0,0,0,0,0,0,0,0,0,0,0,0.21410945,0,0,0,0,0,0,0,0,0,0,0,0,0,0,0,0,0
F160T9N6.03,0,0,0,0,0,0,0,0,0,0,0,0,0,0,0,0,0,0,0,0,0,0,0.005343906,0,0,0,0,0,0,0,0,0,0,0,0,0,0,0,0,0,0,0,0,0.000689536,0,0,0,0,0,0,0,0,0,0,0,0,0,0.002240993,0,0,0.000172384,0,0.034476814,0,0,0,0,0.656438545,0,0,0.100844682,0.022927082,0,0,0.012756421,0,0,0,0,0,0,0,0,0,0,0,0,0,0,0,0,0,0,0,0,0,0,0,0,0,0,0,0,0,0,0,0.164109636,0,0,0,0,0,0,0,0,0,0,0,0,0,0,0,0,0
D160T96B.03,0,0,0,0.000106191,0,0,0.000955718,0,0,0,0,0,0,0,0,0,0,0,0,0,0,0,0.030476797,0.006159074,0,0,0,0,0,0,0.086014654,0,0,0,0,0,0,0,0,0,0,0,0,0.000106191,0,0,0,0,0.000637146,0,0,0,0,0,0,0,0,0.000849527,0,0,0.001380482,0,0.024211532,0.019114368,0,0.012105766,0,0.548794733,0,0.044494,0.007858129,0.01369863,0,0.126048635,0.00456621,0,0,0,0,0,0,0,0,0,0,0,0,0,0,0,0,0,0,0,0.067006478,0,0,0,0,0,0,0,0,0,0,0,0.005203356,0,0.000106191,0,0,0,0,0,0,0,0.000106191,0,0,0,0,0,0,0
F160SJFC.03,0,0,0,0,0,0,0,0,0,0,0,0,0,0,0,0,0,0,0,0.000122234,0,0,0.09705415,0.001466813,0,0.000122234,0,0,0.08275272,0,0.023713482,0,0,0,0,0,0,0,0,0,0,0,0,0.000122234,0,0,0,0,0.000122234,0,0,0,0,0,0,0,0,0.000122234,0,0,0,0,0.002322454,0,0,0.005622785,0,0.326610439,0,0,0.001466813,0.025180296,0,0.427209388,0.000366703,0,0,0,0,0,0,0,0,0,0,0,0,0,0,0,0,0,0,0,0.00220022,0,0,0,0,0,0,0,0,0,0,0,0.003422564,0,0,0,0,0,0,0,0,0,0,0,0,0,0,0,0,0
B160SP9K.03,0,0,0,0,0.000315557,0,0,0,0,0,0,0,0,0,0,0,0,0,0,0,0,0,0.000105186,0.000420743,0,0,0,0,0.000631114,0,0,0,0,0,0,0,0,0,0,0,0,0,0,0,0,0,0,0,0.000105186,0,0,0,0,0,0,0,0,0.003471127,0,0,0.001998527,0,0.214894288,0,0,0.391816556,0,0.249079626,0,0.010939308,0.110970864,0.008835595,0,0.000631114,0.000315557,0.000315557,0,0,0,0,0,0,0,0,0,0,0,0,0,0,0,0,0,0,0.000105186,0,0,0,0,0,0,0,0.000105186,0,0,0,0.004943726,0,0,0,0,0,0,0,0,0,0,0,0,0,0,0,0,0
B160RXQR.03,0,0,0,0,0,0,0,0.000776398,0,0,0,0,0,0,0,0,0,0,0,0.021545031,0,0,0.301630435,0.01552795,0,0,0,0,0,0,0,0,0,0,0,0,0,0,0,0,0,0,0,0,0,0,0,0,0.002523292,0,0,0,0,0,0,0,0,0.01882764,0,0,0.007958075,0,0,0,0,0.006599379,0,0.000582298,0,0,0,0.001164596,0,0.192546584,0,0,0,0,0,0,0,0,0,0,0,0,0,0,0,0,0,0,0,0,0,0,0,0,0,0,0,0,0,0,0,0,0.42798913,0,0,0,0.002329193,0,0,0,0,0,0,0,0,0,0,0,0,0
E160V4M3.03,0.000174338,0,0,0.018305439,0.001569038,0,0.001569038,0,0,0,0,0,0,0,0,0,0,0,0,0,0,0,0.056659693,0.014644351,0,0,0,0,0.011680614,0.013947001,0.102684798,0,0,0,0,0,0,0,0,0,0,0,0,0.000523013,0,0,0,0,0,0,0,0,0,0,0,0,0,0.011157601,0,0,0,0,0.116806137,0.000174338,0,0,0.000871688,0.163877266,0,0,0.017433752,0.02946304,0,0.39539749,0.001569038,0.008716876,0,0,0,0,0,0,0,0,0,0,0,0,0,0,0,0,0,0,0,0,0,0,0,0,0,0,0.02179219,0,0,0,0.00488145,0,0.000523013,0,0,0,0,0,0,0,0,0,0,0,0.005578801,0,0,0
E160V3WX.03,0,0,0,0,0.000793966,0,0.000661638,0,0,0,0,0,0,0,0,0,0,0,0,0,0,0,0.02752415,0.009659918,0,0,0,0,0.004102157,0.000661638,0.151647479,0,0,0,0.000132328,0,0,0,0,0,0,0,0,0.000264655,0,0,0,0,0,0,0,0,0,0,0,0,0,0.036654757,0.082969432,0,0.056900887,0,0.02752415,0.000926294,0,0.006484055,0.000132328,0.303559614,0,0.000396983,0.059282784,0.019187508,0,0.139605664,0,0.062855631,0,0,0,0,0,0,0,0,0,0,0,0,0,0,0,0,0,0,0.000793966,0,0,0,0,0,0,0.000132328,0.000529311,0,0,0,0.006351727,0,0.000264655,0,0,0,0,0,0,0,0,0,0,0,0,0,0,0
A160VK9Q.03,0,0,0,0.00131046,0.015129855,0,0.005599238,0,0,0,0,0,0,0,0,0,0,0,0,0,0,0,0.000595664,0.016797713,0,0,0,0,0.000595664,0.014176793,0.099475816,0,0.010483679,0,0,0,0,0,0,0,0,0,0,0,0,0,0,0,0.000833929,0,0,0,0,0,0,0,0,0,0,0,0.002263522,0,0.000238265,0.000119133,0,0,0.000119133,0.032880629,0.001667858,0.000119133,0.013700262,0.008815821,0.004050512,0.765189421,0,0.000357398,0,0,0,0,0,0,0,0,0,0,0,0,0,0,0,0,0,0,0.000119133,0,0,0,0,0,0,0,0.005360972,0,0,0,0,0,0,0,0,0,0,0,0,0,0,0,0,0,0,0,0,0
C160RZ8F.03,0,0,0,0,0,0,0,0,0,0,0,0,0,0,0,0,0,0,0,0,0,0,0.1231082,0.014117913,0,0,0,0,0.14806867,0,0.002710639,0,0,0,0,0,0,0,0,0,0,0,0,0,0,0,0,0,0.000225887,0,0,0,0,0,0,0,0,0.00101649,0,0,0.000564717,0,0.029704089,0,0,0.021346284,0,0.560763497,0,0.001468263,0.005534222,0.077817935,0,0.001242376,0.002597696,0,0,0,0,0,0,0,0,0,0,0,0,0,0,0,0,0,0,0,0,0,0,0,0,0,0,0,0.000112943,0,0,0,0.009374294,0,0.000225887,0,0,0,0,0,0,0,0,0,0,0,0,0,0,0
B160T6ZP.03,0,0,0,0.008663077,0.017911496,0,0,0,0,0,0,0,0,0,0,0,0,0,0,0,0,0,0.00163896,0.008311871,0,0,0,0,0.051978459,0.106649497,0.018848045,0.001404823,0,0,0,0,0,0,0,0,0,0,0,0,0,0,0,0,0,0,0,0,0,0,0,0,0,0.002575509,0,0,0.001873098,0,0.020018731,0.000117069,0,0.001287755,0.000117069,0.082182159,0,0.003394989,0.033949895,0.003980332,0.090142824,0.526574573,0.000234137,0.000117069,0,0,0,0,0,0,0,0,0,0,0,0,0,0,0,0,0,0,0.005385156,0,0,0,0,0,0,0,0.006204636,0,0,0,0.006204636,0,0.000234137,0,0,0,0,0,0,0,0,0,0,0,0,0,0,0
F160QNR2.03,6.84E-05,0,0,0.000364905,0.003603439,0,2.28E-05,0,0,0,0,0,0,0,0,0,0,0,0,0,0,0,0.118388943,0.002303464,0,0,0,0,0,0.003101695,0.227723676,0,0,0,0,0,0,0,0,0,0,0,0,2.28E-05,0,0,0,0,0.001870139,0,0,0,0,2.28E-05,0,0.000114033,2.28E-05,0.004880608,0,0,0.000182453,0,2.28E-05,0,0,4.56E-05,2.28E-05,0.045818414,0,0.182087714,0.000684197,0.018108422,0,0.234611262,0,0,0,0,0,0,0,0,0,0,0,0,0,0,0,0,0,0,0,0,0.080598445,0,0,0,0,0,0,0,0.003284147,0,0,0,0.071772299,0,0,0.000250872,0,0,0,0,0,0,0,0,0,0,0,0,0,0
D160S3L6.04,0,0,0,0.001196929,0.004426378,0,0.000135501,0,0,0,0,0,0,0,0,0,0,0,0,0,0,0,0.098915989,0.005826558,0,0,0,0,0,0.001761518,0.328929539,0,0,0,0,0,0,0,0,0,0,0,0,0,0,0,0,0,0.001626016,0,0,0,0,0,0,0,0,0.005126468,0,0,9.03E-05,0,9.03E-05,0,0,4.52E-05,0,0.035207769,0,0.141485998,0.000406504,0.049525745,0,0.207271906,0,0,0,0,0,0,0,0,0,0,0,0,0,0,2.26E-05,0,0,0,0,0,0.05767841,0,0,0,0,0,0,0,0.003387534,0,0,0,0.056820235,0,0,2.26E-05,0,0,0,0,0,0,0,0,0,0,0,0,0,0
J160Q7XT.03,0,0,0,0.119190237,0.008893582,0,0.000385795,0,0,0,0,0,0,0,4.06E-05,0,0,0,0,0.001624398,0,0,0.350342139,0.060204268,0,0,0,0,0,2.03E-05,0.225547727,0,0,0,0,0,0,0,0,0,0,0,0,2.03E-05,0,0,0,0,0.00012183,0,0,0,0,0,0,0,0,0.001279214,0.000609149,0,0.013543422,0,0,0,0,0.007289488,0,0.040386607,0,0,0.00028427,0.078113261,0,0.040345997,0.000304575,0,0,0,0,0,0,0,0,0,0,0,0,0,0,0,0,0,0,0,0,0,4.06E-05,0,0,0,0,0,2.03E-05,0,0,0,0.050295437,0,0.001076164,2.03E-05,0,0,0,0,0,0,0,0,0,0,0,0,0,0
E160QCVG.03,0,0,0,0.009871948,0.003095098,0,0,0,0,0,0,0,0,0,2.02E-05,0,0,0,0,2.02E-05,0,0,0.045091336,0.00101147,0,0,0,0,0,0.02164546,0.354884389,0,0,0,0,0,0,0,0,0,0,0,0,0,0,0,0,0,6.07E-05,0,0,0,0,0,0,0,0,0.001375599,0,0,8.09E-05,0,0,0,0,2.02E-05,0,0.015981227,0,0.158942407,0.000182065,0.035927417,0,0.318309631,0,0,0,0,0,0,0,0,0,0,0,0,0,0,0,0,0,0,0,0,0.022940141,0,0,0,0,0,0,0,0.000991241,0,0,0,0.009528048,0,0,2.02E-05,0,0,0,0,0,0,0,0,0,0,0,0,0,0
C160QJ31.03,0,0,0,0.003472418,0.022556603,0,2.82E-05,0.001750325,0,0,0,0,0,0,0,0,0,0,0,0,0,0,0.005025126,0.00189148,0,0,0,0,0,0.248574332,0.012111117,0,0,0,0,2.82E-05,0,0,0,0,0,0,0,0,0,0,0,0,0,0,0,0,0,0,2.82E-05,0,0,0.000197617,0,0,8.47E-05,0,0.000112924,0.000254079,0,8.47E-05,0,0.004855739,0,0,0.004714584,0.113940489,0.003077184,0.557139631,0.00378296,0.011461803,0,0,0,0,0,0,0,0,0,0,0,0,0,0,0,0,0,0,0,0,0,0,0,0,0,0,0.002823104,0,0,0,0.000451697,0,2.82E-05,2.82E-05,0,0,0,0,0,0,0,0,0,0,0.001496245,0,0,0
H160RX4F.04,0,0,0,0.020709886,0.008741566,0,0.000176005,0,0,0,0,0,0,0,0,0,0,0,0,2.93E-05,0,0,0.257289528,0.007157524,0,0,0,0,0,0.000733353,0.221677911,0,0,0,0,0,0,0,0,0,0,0,0,2.93E-05,2.93E-05,0,0,0,2.93E-05,0,0,0,0,2.93E-05,0,0,8.80E-05,0.007245527,0,0,0.002112056,0,0.000117336,0,0,0.000176005,0.008448225,0.080522147,0,0,0.001378703,0.044001173,0,0.153300088,0,0,0,0,0,0,0,0,0,0,0,0,0,0,0,0,0,0,0,0,0.010002933,0,0,0,0,0,0,0,0,0,0,0,0.126312702,0,0,5.87E-05,0,0,0,0,0,0,0,0,0,0,0.049603989,0,0,0
A160SC1Q.03,0,0,0,0.002473009,3.69E-05,0,1.85E-05,0,0,0,0,0,0,0,0,0,0,0,0,0,0,0,0.02810741,0.002140814,0,0,0,0,0,0.017071145,0.275592876,0.000885854,0,0,0,0,0,0,0,0,0,0,0,0,0,0,0,0,3.69E-05,0,0,0,0,0,0,5.54E-05,1.85E-05,1.85E-05,0,0,3.69E-05,0,0.000609025,0.000203008,0,0,5.54E-05,0.005315124,0,0.145833718,0.019728707,0.10681923,0,0.370139337,0.000166098,0,0,0,0,0,0,0,0,0,0,0,0,0,0,0,0,0,0,0,0.002989757,0,0,1.85E-05,0,0,0,0.000848943,0.020134724,0,0,0,0.000572114,0,0,7.38E-05,0,0,0,0,0,0,0,0,0,0,0,0,0,0
B160R6ZQ.04,0,0,0,0.010469679,0.003535216,0,0,0,0,0,0,0,0.000524455,0,0,0,0,9.71E-05,0,0.001670487,0,0,0.051882211,0.003340974,0,0,0,0,0,0.012567499,0.383454411,0,0,0,0,0,0,0,0,0,0,0,0,0,0,0,0,0,0.000310788,0,0,0,0,0,0,0,0,0.001864729,0,0,0.000116546,0,3.88E-05,0,0,1.94E-05,0,0.015286896,0,0.150246688,0.00013597,0.040790956,0,0.28283672,0,0,0,0,0,0,0,0,0,0,0,0,0.000194243,0,0.001437396,0,0,0.000174818,0,0,0.024804786,0.000194243,0.001670487,0.001010062,1.94E-05,0,0,0,0.000796395,0,0,0,0.009032283,0,0,0.001165456,0.000310788,0,0,0,0,0,0,0,0,0,0,0,0,0
E160QYVD.03,0,0,0,0.019469857,0.006516016,0,0.000104256,0,0,0,0,0,0,0,0,0,0,0,0,0,0,0,0.25938958,0.004118122,0,0,0,0,0,0.000312769,0.309067688,0,0,0,0,0,0,0,0,0,0,0,0,2.61E-05,0,0,0,0,0.000234577,0,0,0,0,2.61E-05,0,0,2.61E-05,0.005603774,0,0,0.001277139,0,0.000156384,0,0,0.000156384,0.006828785,0.072405974,0,0,0.001094691,0.028253447,0,0.133135246,0,0,0,0,0,0,0,0,0,0,0,0,0,0,0,0,0,0,0,0,0.007767092,0,0,0,0,0,0,0,0,0,0,0,0.117913832,0,2.61E-05,0.000677666,0,0,0,0,0,0,0,0,0,0,0.025412464,0,0,0
B160QXVN.03,0,0,0,0.003686934,0.000776197,0,2.16E-05,0,0,0,0,0,0,0,0,0,0,0,0,4.31E-05,0,0,0.000409659,0.042259595,0,0,0,0,0,0.089327296,0.112031048,0,0,0,0,0,0,0,0,0,0,0,0,0,0,0,0,0,8.62E-05,0,0,0,0,0,0.001228978,0,0,0.000905563,0,0,0.049698146,0,0.015308323,0,0,0.001940492,0,0.177166882,0,2.16E-05,0,0.051444588,0,0.262009487,0.007761966,0,0,0,0,0,0,0,0,0,0,0,0,0,0,0,0,0,0,0,0,0,0,0,0,0,0,0,0,0,0,0,0.064381199,0,0.000819319,0,0,0,0,0,0,0,0,0,0,0,0.118671841,0,0,0
D160S1V3.03,0,0,0,0.004957635,0.001126735,0,2.25E-05,0,0,0,0,0,0,0,0,0,0,0,0,0,0,0,0.047796106,0.00306472,0,0,0,0,0.016517938,0.005904092,0.344600685,0,0,0,0,0,0,0,0,0,0,0,0,0,0,0,0,0,0,0,0,0,0,0,4.51E-05,0,0,0.001690103,0.000112674,0,0.016878493,0,0.004123851,9.01E-05,0,0.000450694,0,0.113642509,0.002366144,0.022467099,0.010027943,0.077586984,0.004011177,0.296308816,0.000743645,0.000112674,0,0,0,0,0,0,0,0,0,0,0,0,0,0,0,0,0,0,0.00833784,0,0,0,0,0,0,0,0.016224986,0,0,0,0.000721111,0,4.51E-05,0,0,0,0,0,0,0,0,0,0,0,2.25E-05,0,0,0
B160SF7Z.03,0,0,0,0.00136931,0.013640433,0,1.76E-05,0,0,0,0,0,0,0,0,0,0,0,0,0,0,0,0.005529905,0.004862806,0,0,0,0,0.023225603,0.000579323,0.04576655,0,0,0,0,0,0,0,0,0,0,0,0,0,0,0,0,0,0,0,0,0,0,0.011059811,5.27E-05,0,1.76E-05,1.76E-05,0.000298439,0,0.013938873,0,0.002018854,8.78E-05,0,0.000737321,0,0.018046802,0,7.02E-05,0.032863438,0.04058775,0.028246406,0.753418886,0.000825097,0,0,0,0,0,0,0,0,0,0,0,0,0,0,0,0,0,0,0,0.001474641,0,0,0,0,0,0,0,0.000596879,0,0,0,0.000263329,0,5.27E-05,0.000122887,0,0,0,0,0,0,0,0,0,0,0.000210663,0,0,0
C160QTQG.03,0,0,0,0.003332959,0.005973112,0,0,0,0,0,0,0,0,0,0,0,0,0,0,0,0,0,0.007115305,0.009661836,0,0,0,0,0,0,0.257442984,0,0,0,0,0,0,0,0,0,0,0,0,0,0,0,0,0,5.62E-05,0,0,0,0,0,0,0,0,0.005729693,7.49E-05,0,0.040463618,0,0.000449388,0,0,0.000430663,0,0.005392653,0,0,0.000131071,0.103808561,0,0.546286934,0.000430663,0.000355765,0,0,0,0,0,0,0,0,0,0,0,0,0,0,0,0,0,0,0,1.87E-05,0,0,0,0,0,0,0,0,0,0,0.012788825,0,0,5.62E-05,0,0,0,0,0,0,0,0,0,0,0,0,0,0
G160Q8CM.03,0,0,0,0.003269613,0.01388081,0,0,0.00136401,0,0,0,0,0,0,0,0,0,0,0,4.01E-05,0,0,0.008745712,0.005696748,0,0,0,0,0,0.207169077,0.025916194,0,0,0,0,8.02E-05,0,0,0,0,0,0,0,0,0,0,0,0,0,0,0,0,0,0,0.000120354,0,0,0.000421238,0,0,0.002186428,0,0,8.02E-05,0,2.01E-05,0,0.003229495,0,0,0.004914448,0.121697792,0.002366959,0.576936192,0.003751028,0.017270776,0,0,0,0,0,0,0,0,0,0,0,0,0,0,0,0,0,0,0,0,0,2.01E-05,0,0,0,0,0,0,0,0,0.000722123,0,2.01E-05,4.01E-05,0,0,0,0,0,0,0,0,0,0,4.01E-05,0,0,0
D160S50W.03,0,0,0,0.001481452,0.057539604,0,1.98E-05,0,0,0,0,0,0,0,0,0,0,0,0,0,0,0,0.008710939,0.008809703,0,0,0,0,0.000592581,0.008947971,0.224667167,0,0,0,0,0,0,0,0,0,0,0,0,0,0,0,0,0,0,0,0,0,0,0.00248884,0.000177774,0,0,7.90E-05,0,0,0.016868803,0,5.93E-05,0,0,0.000118516,0,0.003634496,0,0,0.003871528,0.066527081,0.019179868,0.570852921,0.001362936,0,0,0,0,0,0,0,0,0,0,0,0,0,0,0,0,0,0,0,0,0,0,1.98E-05,1.98E-05,0,0,0,0.000632086,0,0,0,0.00278513,0,0,0.000256785,0,0,0,0,0,0,0,0,0,0,0.00029629,0,0,0
C160Q25B.03,0,0,0,0.132666103,0.005382248,0,3.60E-05,0,0,0,0,0,0,0,0,0,0,0,0,0.003078142,0,0,0.174968049,0.004086188,0,0,0,0,0,0,0.378935431,0,0,0,0,0,0,0,0,0,0,0,0,0,0,0,0,0,0.000450021,0,0,0,0,0,0,0,0,0.00694832,0,0,0.032113477,0,0,0,0,3.60E-05,0,0.000378017,0,0,5.40E-05,0.078141595,0,0.165895631,0,0,0,0,0,0,0,0,0,0,0,0,0,0,0,0,0,0,0,0,0,0,0,0,0,0,0,0,5.40E-05,0,0,0,0.016722769,0,1.80E-05,3.60E-05,0,0,0,0,0,0,0,0,0,0,0,0,0,0
H160V0YR.03,0,0,0,0,0.005792522,0,0,0,0,0,0,0,0,0,0,0,0,0,0,0,0,0,0.005529226,0.002896261,0,0,0,0,0.001843075,0.01790416,0,0,0,0,0,0,0,0,0,0,0,0,0,0,0,0,0,0,0,0,0,0,0,0,0,0,0,0,0,0,0.000131648,0,0,0,0,0.000131648,0.000131648,0.158504476,0,0,0.042259084,0.012506582,0,0.72985782,0.001843075,0,0,0,0,0,0,0,0,0,0,0,0,0,0,0,0,0,0,0,0,0,0,0,0,0,0,0,0,0,0,0,0.020668773,0,0,0,0,0,0,0,0,0,0,0,0,0,0,0,0,0
F160SQ6D.03,0.000148412,0,0,0.005491244,0.002671416,0,0,0,0,0,0,0,0,0,0,0,0,0,0,0,0,0,0.001929356,0.00296824,0,0,0,0,0.005342832,0.000148412,0.019738795,0,0,0,0,0,0,0,0,0,0,0,0,0,0,0,0,0,0,0,0,0,0,0,0,0,0,0.000445236,0,0,0.001038884,0,0.002374592,0.005788068,0,0.00074206,0,0.104036806,0,0.196349065,0.173790442,0.010685663,0.000296824,0.462154942,0.000148412,0,0,0,0,0,0.000445236,0,0,0,0,0,0,0,0,0,0,0,0,0,0.00222618,0,0,0,0,0,0,0,0.000890472,0,0,0,0,0,0,0,0,0,0,0,0,0.000148412,0,0,0,0,0,0,0,0
A160T3JQ.03,0.000318928,0,0,0.007016425,0.00191357,0,0.000159464,0,0,0,0,0,0,0,0,0,0,0,0,0.000159464,0,0,0.007654282,0.009408388,0,0,0,0,0.022165524,0.003986605,0.117046723,0.000159464,0,0,0,0,0,0,0,0,0,0,0,0,0,0,0,0,0.000159464,0,0,0,0,0,0,0,0,0.000797321,0,0,0.000956785,0,0.018497847,0.000318928,0.000159464,0.001275714,0,0.107478871,0,0.044649976,0.029181949,0.065380322,0,0.518099187,0.000318928,0.012278743,0,0,0,0,0,0,0,0,0,0,0,0,0,0,0,0,0,0,0.003508212,0,0,0,0,0,0,0.000318928,0.026311593,0,0,0,0.000318928,0,0,0,0,0,0,0,0,0,0,0,0,0,0,0,0,0
D160VKFZ.03,0,0,0,0.006961711,0.001243163,0,0.000124316,0,0,0,0,0,0,0,0,0,0,0,0,0.000124316,0,0,0.023868722,0.003356539,0,0,0,0,0.010193933,0.001864744,0.013674789,0,0,0,0.000745898,0,0,0,0,0,0,0,0,0,0,0,0,0,0,0,0,0,0,0,0,0,0,0,0,0,0.000870214,0,0.004102437,0.000248633,0,0.007458976,0,0.045499751,0,0.00198906,0.025360517,0.001616111,0.046494281,0.794007956,0.000124316,0,0,0,0,0,0,0,0,0,0,0,0,0,0,0,0,0,0,0,0.001243163,0,0,0,0,0,0,0,0.008453506,0,0,0,0.000372949,0,0,0,0,0,0,0,0,0,0,0,0,0,0,0,0,0
D160TG8W.03,0,0,0,0.003172505,0.001057502,0,0.000132188,0,0,0,0,0,0,0,0,0,0,0,0,0,0,0,0.009385327,0.031460674,0,0,0,0,0.00171844,0.01440846,0.121348315,0,0,0,0,0,0,0,0,0,0,0,0,0.000264375,0,0,0,0,0,0,0,0,0,0,0,0,0,0.001321877,0,0,0.000264375,0,0.093324521,0,0,0,0.000660939,0.017977528,0.001057502,0,0.00462657,0.017713153,0.001189689,0.603965631,0.000396563,0,0,0,0,0,0,0,0,0,0,0,0,0,0,0,0,0,0,0,0,0,0,0,0,0,0,0,0.072306675,0,0,0,0.002247191,0,0,0,0,0,0,0,0,0,0,0,0,0,0,0,0,0
A160TZLM.03,0,0,0,0.000329544,0.002965892,0,0,0,0,0,0,0,0,0,0,0,0,0,0,0,0,0,0.028999835,0.034437304,0,0,0,0,0.052891745,0,0.011698797,0,0,0,0,0,0,0,0,0,0,0,0,0,0,0,0,0,0,0,0,0,0,0,0,0,0,0,0,0,0.000988631,0,0.020926017,0.001153403,0,0.002142033,0,0.394134124,0,0.001482946,0.063766683,0.006261328,0,0.340748064,0.001977261,0,0,0,0,0,0,0,0,0,0,0,0,0,0,0,0,0,0,0,0,0,0,0,0,0,0,0,0.003295436,0,0,0,0.000988631,0,0.000494315,0,0,0,0,0,0,0,0,0,0,0,0.03031801,0,0,0
K160SF1C.04,0,0,0,6.48E-05,0.02454624,0,0,0,0,0,0,0,0,0,0,0,0,0,0,0.000496975,0,0,0.000691443,0.003932584,0,0,0,0,0.000583405,0.096024201,0.120613656,0.000108038,0,6.48E-05,0,0,0,0,0,0,0,0,0,0,0,0,0,0,6.48E-05,0,0,0,0,0,0,0,0,6.48E-05,0,0,0.002852204,0,6.48E-05,0.000648228,0,6.48E-05,0,0.003392394,0.001512532,4.32E-05,0.003176318,0.047450303,0.025151253,0.657994814,8.64E-05,0.001101988,0,0,0,0,2.16E-05,0,0,0,0,0,0,0,0,0,0,0,0,0,0.000302506,0,0,0,0.000410545,0,0,4.32E-05,0.007886776,0,0,0,0.000496975,0,0,4.32E-05,0,0,0,0,0,0,0,0,0,0,0,0,0,0
G160Q2JB.03,0,0,0,0.015102605,0.00391976,0,7.69E-05,0,0,0,0,0,0,0,0,0,0,0,0,0.00038429,0,0,0.005264776,0.01767735,0,0,0,0,0,0.002997464,0.307086312,0,0,0,0,0,0,0,0,0,0,0,0,0,0,0,0,0,7.69E-05,0,0,0,0,0,0,0,0,3.84E-05,0,0,3.84E-05,0,7.69E-05,0.000230574,0,0.000192145,0,0.001421874,0.018176927,0,3.84E-05,0.112481746,0,0.486895704,0,0,0,0,0,0,0,0,0,0,0,0,0,0,0,0,0,0,0,0,0.002075167,0,0,0,0,0,0,0,0.025478441,0,0,0,0.000269003,0,0,0,0,0,0,0,0,0,0,0,0,0,0,0,0,0
E160QVSP.03,0,0,0,0.005612619,0.018745415,0,0.000183419,0,0,0,0,0,0,0,0,0,0,0,0,0,0,0,0.011518709,0.015884079,0,0,0,0,0.003448276,0.068782098,0.166837858,0,0,0,0,0,0,0,0,0,0,0,0,0,0,0,0,0,0.000330154,0,0,0,0,0,0.000990462,0,0,0.000550257,0.000183419,0,7.34E-05,0,0.00106383,0.00029347,0,7.34E-05,0,0.008290536,0.016581071,0,0.000146735,0.079677183,0,0.549156273,0.000623624,0,0,0,0,0,0,0,0,0,0,0,0,0,0,0,0,0,0,0,0.008804109,0,0,0,0,0,0,0,0.021826853,0,0,0,0.001907557,0,0,7.34E-05,0,0,0,0,0,0,0,0,0,0,0.018341893,0,0,0
A160RSBB.03,2.55E-05,0,0,0.004445126,0.043020642,0,0.003193337,0,0,0,0,0,0,0,0.000204374,0,0,0,0,2.55E-05,0,0,0.007715103,0.004981606,0,0,0,0,0.003193337,0.017703863,0.348559166,0.001251788,0,0.000281014,0,0,0,0,0,0,0,0,0,0,0,0,0,0,0.003857552,0,0,0,0,0,0,0,0,0,2.55E-05,0,0.000587574,0,5.11E-05,0.001149601,0,2.55E-05,0,0.032137748,0.002503577,0,0.00774065,0.070534437,0.004904966,0.426604333,0.000919681,0,0,0,0,0,0,0,0,0,0,0,0,0,0,0,0,0,0,0,0.003806458,0,0,0,0,0,0,0.000255467,0.008558144,0,0,0,0.000102187,0,0.000945228,5.11E-05,0,0,0,0,0,0,0,0,0,0,0.000638667,0,0,0
H160NS0C.03,0,0,0,0,4.05E-06,0,0,0,0,0,0,0,0,0,0,0,0,0,0,3.65E-05,0,0,1.22E-05,0,0,0,0,0,0,0,8.10E-06,0,0,0,0,0,0,0,0,0,0,0,0,0,0,0,0,0,1.62E-05,0,0,0,0,4.05E-06,0,4.05E-06,0,0,0,0,5.67E-05,0,0,0,0,0,0,0,0,0,0,5.27E-05,0,0,0,0,0,0,0,0,0,0,0,0,0,0,0,0,0,0,0,0,0,0,0,0,0,0,0,0,0,0,0,0,0,0,0.999797459,0,4.05E-06,0,4.05E-06,0,0,0,0,0,0,0,0,0,0,0,0,0
K160RJ83.03,0,0,0,0,0,0,0.000300933,0,0,0,0,0,0,0,0,0,0,0,0,0,0,0,0,0,0,0,0,0,0,0,0.119771291,0,0,0,0,0,0,0,0,0,0,0,0,0.005868191,0,0,0,0,0.000902799,0,0,0,0,0,0,0,0,0.075985555,0,0,0,0,0,0,0,0.133463738,0,0,0,0,0,0.003460728,0,0.023773698,0,0,0,0,0,0,0,0,0,0,0,0,0,0,0,0,0,0,0,0,0,0,0,0,0,0,0,0,0,0,0,0,0.636473067,0,0,0,0,0,0,0,0,0,0,0,0,0,0,0,0,0
J160V5RW.03,0.002273639,0,0,0,0,0,0,0,0,0,0,0,0,0,0,0,0,0,0,0,0,0,0.224154072,0.002541126,0,0,0,0,0.168516785,0.000668717,0.0184566,0.000936204,0,0,0,0,0,0,0,0,0,0,0,0,0,0,0,0,0.000133743,0,0,0,0,0,0,0,0,0.000267487,0,0,0.002541126,0,0.001738665,0,0,0.002273639,0,0.453524141,0,0.020596496,0.014310552,0.002139896,0.00040123,0.069680353,0.002808613,0,0,0,0,0,0,0,0,0,0,0,0,0,0,0,0,0,0,0,0.008693326,0,0,0,0,0,0,0.000133743,0.000267487,0,0,0,0.002942357,0,0,0,0,0,0,0,0,0,0,0,0,0,0,0,0,0
F160VBRB.03,0.001265467,0,0,0.000281215,0,0,0,0,0,0,0,0,0,0,0,0,0,0,0,0,0,0,0.044010124,0.010686164,0,0,0,0,0.011389201,0.001124859,0.046119235,0,0,0,0,0,0,0,0,0,0,0,0,0,0,0,0,0,0,0,0,0,0,0,0,0,0,0,0,0,0.012795276,0,0.00871766,0,0,0.012092238,0,0.295275591,0,0.117829021,0.262935883,0.002671541,0.000140607,0.166197975,0.000140607,0,0,0,0,0,0,0,0,0,0,0,0,0,0,0,0,0,0,0,0.004640045,0,0,0,0,0,0,0,0.000843645,0,0,0,0.000843645,0,0,0,0,0,0,0,0,0,0,0,0,0,0,0,0,0
C160VMB6.03,0,0,0,0.019607843,0.001735207,0,0,0,0,0,0,0,0,0,0,0,0,0,0,0.000173521,0,0,0.020475447,0.027936838,0,0,0,0,0.000347041,0.00225577,0.039389207,0,0,0,0,0,0,0,0,0,0,0,0,0,0,0,0,0,0,0,0,0,0,0,0,0.000173521,0,0,0,0,0.000694083,0,0.029325004,0,0,0.001388166,0,0.079472497,0,0.340100642,0.031407253,0.011452369,0.00242929,0.376019434,0.001041124,0,0,0,0,0,0,0,0,0,0,0,0,0,0,0,0,0,0,0,0.004338018,0,0,0,0,0,0,0,0.006767309,0,0,0,0.001041124,0,0.00242929,0,0,0,0,0,0,0,0,0,0,0,0,0,0,0
C160TYX8.03,0.00307377,0,0,0.000614754,0,0,0,0,0,0,0,0,0,0,0,0,0,0,0,0,0,0,0.137909836,0.005122951,0,0,0,0,0.045696721,0.010758197,0.091598361,0.008401639,0,0,0,0,0,0,0,0,0,0,0,0.000102459,0,0,0,0,0,0,0,0,0,0,0,0,0,0.00102459,0,0,0.00102459,0,0.024282787,0.000614754,0,0.001536885,0,0.34579918,0,0.001946721,0.051844262,0.000512295,0.000102459,0.234631148,0.003381148,0,0,0,0,0,0,0,0,0,0,0,0,0,0,0,0,0,0,0,0.000922131,0,0,0,0,0,0,0.000307377,0.00102459,0,0,0,0.002663934,0,0,0,0,0,0,0,0,0,0,0,0,0,0.025102459,0,0,0
E160TCMJ.03,0.000117592,0,0,0.004468485,0,0,0,0,0,0,0,0,0,0,0,0,0,0,0,0,0,0,0.00411571,0.018579492,0,0,0,0,0.080903104,0.004703669,0.086547507,0,0,0,0,0,0,0,0,0,0,0,0,0,0,0,0,0,0,0,0,0,0,0,0,0,0,0.003174976,0,0,0.000117592,0,0.035395108,0.011523989,0,0.000940734,0,0.218250235,0,0.000352775,0.017403575,0.038334901,0.005644403,0.43167921,0.000823142,0.024223895,0,0,0,0,0,0,0,0,0,0,0,0,0,0,0,0,0,0,0.000117592,0,0,0,0,0,0,0,0.000235183,0,0,0,0.005056444,0,0.007290687,0,0,0,0,0,0,0,0,0,0,0,0,0,0,0
H160QQK6.03,0,0,0,0,0,0,0.452020622,0,0,0,0,0,0,0,0,0,0,0,0,0,0,0,0.000498919,0.000166306,0,0,0,0,0.000498919,0,0,0,0,0,0,0,0,0,0,0,0,0,0,0.000166306,0,0,0,0,0.543988026,0,0,0,0,0,0,0,0,0,0,0,0.000166306,0,0,0,0,0,0,0.001995676,0,0,0.000498919,0,0,0,0,0,0,0,0,0,0,0,0,0,0,0,0,0,0,0,0,0,0,0,0,0,0,0,0,0,0,0,0,0,0,0,0,0,0,0,0,0,0,0,0,0,0,0,0,0,0,0,0,0
F160QGWV.03,4.22E-05,0,0,0.00113912,0.007319903,0,0.000316422,0,0,0,0,0,0,0,0.000147664,0,0,0,0,0,0,0,0.011644341,0.018816581,0,0,0,0,0.011749815,0.118025525,0.081489294,0,0,0,0,0,0,0,0,0,0,0,0,0,0,0,0,0,0.000970362,0,0,0,0,0,0,2.11E-05,0,2.11E-05,0,0,0.02187533,0,0.001371163,0.000548465,0,0.000126569,0,0.114692543,0,0,0.003923637,0.058706887,0.001202405,0.500348065,0.002636853,2.11E-05,0,0,0,0,0,0,0,0,0,0,0,0,0,0,0,0,0,0,0.041134901,0,0,2.11E-05,0,0,0,0.000316422,4.22E-05,0,0,0,0.001265689,0,2.11E-05,4.22E-05,0,0,0,0,0,0,0,0,0,0,0,0,0,0
H160R46D.03,8.16E-05,0,0,0,0.001876479,0,0,0,0,0,0,0,0,0,0,0,0,0,0,0.152892225,0,0,0,0,0,0,0,0,0,0,8.16E-05,0,0,0,0,0,0,0,0,0,0,0,0,0,0,0,0,0,0.000163172,0,0,0,0,0,0,0,0,0.034021376,0.007016399,0,0,0,0,0,0,0.000326344,0,0.002365995,0,0,8.16E-05,0.00432406,0,0.794892714,0,0,0,0,0,0,0,0,0,0,0,0,0,0,0,0,0,0,0,0,0,0,0,0,0,0,0,0,0,0,0,0,0,0,0.000163172,0,0.001713307,0,0,0,0,0,0,0,0,0,0,0,0,0
H160RRSS.03,0.000119204,0,0,0,0,0,0,0,0,0,0,0,0,0,0,0,0,0,0,0,0,0,0.000119204,0.000119204,0,0,0,0,0,0,0.154249613,0,0,0,0,0,0,0,0,0,0,0,0,0.001788056,0,0,0,0,0,0,0,0,0,0,0,0,0,0.021218262,0,0,0,0,0,0,0,0.043032543,0,0.001788056,0,0.000238407,0,0.012039576,0,0.711884611,0,0,0,0,0,0,0,0,0,0,0,0,0,0,0,0,0,0,0,0,0,0,0,0,0,0,0,0,0,0,0,0,0.053403266,0,0,0,0,0,0,0,0,0,0,0,0,0,0,0,0,0
J160RXFQ.03,0,0,0,0.010451841,0,0,0,0,0,0,0,0,0,0,0,0,0,0,0,0,0,0,0.013667792,0.001447178,0,0,0,0,0,0.003055154,0.034089082,0,0,0,0,0,0,0,0,0,0,0,0,0,0,0,0,0,0,0,0,0,0,0,0,0,0,0,0,0,0.006110307,0,0.000321595,0,0,0.000160798,0,0.003376749,0,0.180414858,0.000321595,0.005306319,0,0.731307284,0,0.004341534,0,0,0,0,0,0,0,0,0,0,0,0,0,0,0,0,0,0,0.000964785,0,0,0,0,0,0,0,0,0,0,0,0.003055154,0,0,0,0,0,0,0,0,0,0,0,0,0,0.001607976,0,0,0
A160S1SD.03,0,0,0,0.001193059,0,0,0,0,0,0,0,0,0,0,0,0,0,0,0,0,0,0,0.305965293,0.022885033,0,0,0,0,0.014208243,0.001084599,0.013340564,0,0,0,0,0,0,0,0,0,0,0,0,0,0,0,0,0,0,0,0,0,0,0,0,0,0,0.003362256,0,0,0,0,0.036767896,0,0,0.002928416,0.002060738,0.12483731,0.003470716,0.031127983,0.011605206,0.073752711,0,0.293275488,0.00032538,0.040455531,0,0,0,0,0,0,0,0,0,0,0,0,0,0,0,0,0,0,0.007049892,0,0,0,0,0,0,0,0.007266811,0,0,0,0.003036876,0,0,0,0,0,0,0,0,0,0,0,0,0,0,0,0,0
G160R33X.03,0,0,0,0,0.009060563,0,0.000158957,0,0,0,0,0,0,0,0,0,0,0,0,0.06453664,0,0,0,0,0,0,0,0,0,0,7.95E-05,0,0,0,0,0,0,0,0,0,0,0,0,0,0,0,0,0,0.00230488,0,0,0,0,0,0,0,0,0.07606104,0.002543316,0,0.007788905,0,0,0,0,0,0,0,0,0,7.95E-05,0.007073597,0,0.826577651,0,0,0,0,0,0,0,0,0,0,0,0,0,0,0,0,0,0,0,0,0,0,0,0,0,0,0,0,0,0,0,0,0,0,0,0,0.003735495,0,0,0,0,0,0,0,0,0,0,0,0,0
D160VBQF.03,0,0,0,7.18E-05,0,0,0,0,0,0,0,0,0,0,0,0,0,0,0,0,0,0,0.007183908,0.000502874,0,0,0,0,0.004525862,0,0.159913793,0,0,0,0,0,0,0,0,0,0,0,0,0,0,0,0,0,0,0,0,0,0,0,0,0,0,0.000359195,0,0,0.001221264,0,0.000933908,0,0,0.001724138,0,0.020761494,0,0.253376437,0.001364943,0.017744253,0,0.513433908,7.18E-05,0,0,0,0,0,0,0,0,0,0,0,0,0,0,0,0,0,0,0,0.000718391,0,0,0,0,0,0,7.18E-05,0.014942529,0,0,0,0.001077586,0,0,0,0,0,0,0,0,0,0,0,0,0,0,0,0,0
G160THCP.03,0,0,0,0.001959138,0.001679261,0,0.000559754,0,0,0,0,0,0,0,0,0,0,0,0,0,0,0,0.103414498,0.005177722,0,0,0,0,0.000139938,0,0.158550238,0,0,0,0,0,0,0,0,0,0,0,0,0.000559754,0,0,0,0,0,0,0,0,0,0,0,0,0,0.00531766,0,0,0.000139938,0,0.006856983,0.008256367,0,0.000559754,0,0.405121746,0,0.097956899,0.011614889,0.00979569,0,0.164007837,0.00447803,0,0,0,0,0,0,0,0,0,0,0,0,0,0,0,0,0,0,0,0.011614889,0,0,0,0,0,0,0,0,0,0,0,0.002239015,0,0,0,0,0,0,0,0,0,0,0,0,0,0,0,0,0
H160R216.03,6.60E-05,0,0,0,0,0,0.001188511,0,0,0,0,0,0,0,0,0,0,0,0,0.122614724,0,0,0,0,0,0,0,0,0.000264114,0,0,0,0,0,0,0,0,0,0,0,0,0,0,0,0,0,0,0,0.007263123,0,0,0,0,0,0,0,0,0.097391879,0.00165071,0,0.00409376,0,0,0,0,0,0,0.000264114,0,0,0,0,0,0.763486299,0,0,0,0,0,0,0,0,0,0,0,0,0,0,0,0,0,0,0,0,0,0,0,0,0,0,0,0,0,0,0,0,0,0,0,0,0.001716738,0,0,0,0,0,0,0,0,0,0,0,0,0
K160SGBZ.03,0,0,0,0.009002251,0.002550638,0,0,0,0,0,0,0,0,0,0,0,0,0,0,0,0,0,0.178394599,0.008552138,0,0,0,0,0.010202551,0.004951238,0.031507877,0,0,0,0,0,0,0,0,0,0,0,0,0,0,0,0,0,0,0,0,0,0,0,0,0,0,0.000450113,0,0,0.002700675,0,0.007501875,0,0,0.002550638,0.001950488,0.064966242,0,0,0.259114779,0.066466617,0.000300075,0.331432858,0.000300075,0,0,0,0,0,0,0,0,0,0,0,0,0,0,0,0,0,0,0,0.003300825,0,0,0,0,0,0,0,0.0060015,0,0,0,0.00780195,0,0,0,0,0,0,0,0,0,0,0,0,0,0,0,0,0
H160SHJ2.03,9.73E-05,0,0,0.008561977,0.000291886,0,9.73E-05,0,0,0,0,0,0,0,0,0,0,0,0,0,0,0,0.059058183,0.014788869,0,0,0,0,0.042809885,0.001945904,0.101770773,0.001848609,0,0,0,0,0,0,0,0,0,0,0,0,0,0,0,0,0,0,0,0,0,0,0,0,0,0.00019459,0,0,0,0,0.011967309,0,0,9.73E-05,0,0.052247519,0,0,0.011772718,0.009145748,0.00019459,0.67590971,9.73E-05,9.73E-05,0,0,0,0,0,0,0,0,0,0,0,0,0,0,0,0,0,0,0.003210741,0,0,0,0,0,0,0.000681066,0,0,0,0,9.73E-05,0,0,0,0,0,0,0,0,0,0,0,0,0,0.003016151,0,0,0
K160RVVT.03,0,0,0,0,0,0,0,0,0,0,0,0,0,0,0,0,0,0,0,0,0,0,0.000137429,0,0,0,0,0,0,0,0.143063286,0,0,0,0,0,0,0,0,0,0,0,0,0.008864152,0,0,0,0,6.87E-05,0,0,0,0,0,0,0,0,0.027966742,0,0,0,0,6.87E-05,0,0,0.275269704,0,0.000137429,0,0,0,0.002336288,0,0.288737717,0,6.87E-05,0,0,0,0,0,0,0,0,0,0,0,0,0,0,0,0,0,0,0,0,0,0,0,0,0,0,0,0,0,0,0.25328111,0,0,0,0,0,0,0,0,0,0,0,0,0,0,0,0,0
C160S2XJ.03,0,0,0,0,0,0,0.000375235,0,0,0,0,0,0,0,0,0,0,0,0,0,0,0,0.053283302,0.001125704,0,0,0,0,0,0,0.140838024,0,0,0,0,0,0,0,0,0,0,0,0,0.002376485,0,0,0,0,0,0,0,0,0,0,0,0,0,0.049280801,0,0,0,0,0,0,0,0.026766729,0,0.000625391,0,0,0.000250156,0.007879925,0,0.36235147,0,0,0,0,0,0,0,0,0,0,0,0,0,0,0,0,0,0,0,0,0,0,0,0,0,0,0,0.000500313,0,0,0,0,0.354346467,0,0,0,0,0,0,0,0,0,0,0,0,0,0,0,0,0
K160RCSF.03,0,0,0,0,0,0,0.197327852,0,0,0,0,0,0,0,0,0,0,0,0,0.000171292,0,0,0,0,0,0,0,0,0,0,0.451695786,0,0,0,0,0,0,0,0,0,0,0,0,0,0,0,0,0,0.294964029,0,0,0,0,0,0,0,0,0,0,0,0,0,0,0,0,0,0,0,0,0,0,0,0,0.008050702,0,0,0,0,0,0,0,0,0,0,0,0,0,0,0,0,0,0,0,0,0,0,0,0,0,0,0,0,0,0,0,0,0.047790339,0,0,0,0,0,0,0,0,0,0,0,0,0,0,0,0,0
E160RYL3.03,0,0,0,0.000131268,0,0,0,0,0,0,0,0,0,0,0,0,0,0,0,0,0,0,0.276975584,0.078892098,0,0,0,0,0.052638488,0.000393804,0.012733001,0,0,0,0,0,0,0,0,0,0,0,0,0,0,0,0,0,0,0,0,0,0,0,0,0,0,0.000262536,0,0,0.003019165,0,0.005907062,0.000525072,0,0.003281701,0,0.03833027,0,0.014439485,0.002231557,0.058808086,0,0.39839853,0.000131268,0.000787608,0,0,0,0,0,0,0,0,0,0,0,0,0,0,0,0,0,0,0.016408506,0,0,0,0,0,0,0,0.000131268,0,0,0,0.035573641,0,0,0,0,0,0,0,0,0,0,0,0,0,0,0,0,0
H160Q8SR.03,0,0,0,0.022173203,0.005471682,0,0.000515656,0,0,0,0,0,0,0,0,0,0,0,0,0.000630246,0,0,0.014868078,0.037499642,0,0,0,0,0,0.011831438,0.373220271,0,0,0,0,0,0,0,0,0,0,0,0,0,0,0,0,0,0.002435042,0,0,0,0,0,0,5.73E-05,0,0.000257828,0.000143238,0,0.002291804,0,0.00011459,0.00022918,0,0.001862091,0,0.006044633,0.024006646,0,0,0.124903315,0,0.348554731,8.59E-05,0,0,0,0,0,0,0,0,0,0,0,0,0,0,0,0,0,0,0,0.009883404,0,0,0,0,0,0,0,0.006904059,0,0,0,0.00595869,0,0,5.73E-05,0,0,0,0,0,0,0,0,0,0,0,0,0,0
H160RHM0.03,0,0,0,0.012587338,0.00293349,0,2.67E-05,0,0,0,0,0,0,0,0,0,0,0,0,8.00E-05,0,0,5.33E-05,0.003440183,0,0,0,0,0.010267214,0.001200064,0.291215531,0,0,0,0,0,0,0,0,0,0,0,0,0,0,0,0,0,0,0,0,0,0,0,0,2.67E-05,0,0.001466745,0,0,0.005626967,0,0.002800149,0,0,5.33E-05,0,0.026561417,0.003760201,0.070937117,0.003573524,0.082164382,0.002986826,0.453144168,0.002106779,2.67E-05,0,0,0,0,0,0,0,0,0,0,0,0,0,0,0,0,0,0,0.010400555,0,0,0,0,0,0,0,0.002720145,0,0,0,0.009653848,0,0,0.000186677,0,0,0,0,0,0,0,0,0,0,0,0,0,0
D160S8B6.03,0,0,0,0.015939913,0.016457902,0,0.00014127,0,0,0,0,0,0,0,2.35E-05,0,0,0,0,0,0,0,4.71E-05,0.001601055,0,0,0,0,0.004614805,0.114852138,0.226337352,0,0,0,0,0,0,0,0,0,0,0,0,0,0,0,0,0,0,0,0,0,0,0,0,0.000541533,0,0.000164814,0,0,0.0060275,0,0.002731211,0,0,0.00014127,0,0.020060275,0,0.000306084,0.034987757,0.093073083,0.004379356,0.439772085,0.000635713,0.000258994,0,0,0,0,0,0,0,0,0,0,0,0,0,0,0,0,0,0,0.0016246,0,0,0,0,0,0,0,0.013608966,0,0,0,4.71E-05,0,0,0.001224336,0,0,0,0,0,0,0,0,0,0,0.000400264,0,0,0
A160R4DW.03,0.001698252,0,0,0.000849126,0.000424563,0,0.000154387,0,0,0,0,0,0,0,0.00011579,0,0,0,0,0,0,0,0.020379019,0.014242155,0,0,0,0,0.030877301,0.055887915,0.015091281,0.005866687,0,0,0,0,0,0,0,0,0,0,0,0,0,0,0,0,0,0,0,0,0,0,7.72E-05,0,0,0.000154387,0,0,0.000694739,0,0.00675441,0,0,3.86E-05,0,0.090586283,0.000771933,0,0.048940523,0.619360068,0,0.030143965,0.001350882,0,0,0,0,0,0,0,0,0,0,0,0,0,0,0,0,0,0,0,0.018024625,0,3.86E-05,0,0,0,0,0,0.003049134,0,0,0,0.002663167,0,0,0,0,0,0,0,0,0,3.86E-05,0,0,0,0.031726427,0,0,0
H160PZ1W.03,0,0,0,0.010909839,0.017867435,0,0.000144092,0,0,0,0,0,0,0,4.12E-05,0,0,0,0,2.06E-05,0,0,0.077274599,0.042795389,0,0,0,0,0.009798271,0.08939893,0.238472622,0,0,0,0,0,0,0,0,0,0,0,0,2.06E-05,0,0,0,0,0.000782215,0,0,0,0,0,2.06E-05,2.06E-05,0,0.000288184,2.06E-05,0,0.000946892,0,0.000308769,0,0,0.000205846,0,0.023219432,0,0,0.007122273,0.084067517,0,0.374228077,0.0002676,0,0,0,0,0,0,0,0,0,0,0,0,0,0,0,0,0,0,0,0.017846851,0,0,0,0,0,0,0.002161383,0,0,0,0,0.001749691,0,0,0,0,0,0,0,0,0,0,0,0,0,0,0,0,0
J160QBFB.03,0,0,0,0.028648803,0.088471249,0,2.04E-05,0,0,0,0,0,0,0,0,0,0,0,0,0.001160612,0,0,0.387685291,0,0,0,0,0,0.023314058,0,0,0,0,0,0,0,0,0,0,0,0,0,0,0,0,0,0,0,2.04E-05,0,0,0,0,0,0,0,0,0.002199055,0.001079166,0,0.023436227,0,0.000325786,0,0,0.103620296,0,0.000223978,0,0,0,0.030053755,0,0.250346148,0,0,0,0,0,0,0,0,0,0,0,0,0,0,0,0,0,0,0,0,0,0,0,0,0,0,0,0,0,0,0,0,0.057521583,0,0.001852908,2.04E-05,0,0,0,0,0,0,0,0,0,0,0,0,0,0
K160SGX2.03,0,0,0,0.000827815,0.000662252,0,0,0,0,0,0,0,0,0,0,0,0,0,0,0,0,0,0.057781457,0.017384106,0,0,0,0,0.02615894,0.002152318,0.002980132,0,0,0,0,0,0,0,0,0,0,0,0,0,0,0,0,0,0,0,0,0,0,0,0,0,0,0,0,0,0.000662252,0,0.028476821,0.000331126,0,0.004635762,0.000165563,0.187086093,0.000662252,0.013576159,0.30513245,0.006622517,0.024172185,0.294205298,0.000496689,0.005794702,0,0,0,0,0,0,0,0,0,0,0,0,0,0,0,0,0,0,0.001986755,0,0,0,0,0,0,0,0.017549669,0,0,0,0,0,0.000331126,0,0,0,0,0,0,0,0.000165563,0,0,0,0,0,0,0
E160R5QR.03,0,0,0,0,0.002956636,0,0,0,0,0,0,0,0,0,0.000109505,0,0,0,0,0.122317127,0,0,0.000109505,0,0,0,0,0,0,0,0,0,0,0,0,0,0,0,0,0,0,0,0,0,0,0,0,0,0,0,0,0,0,0,0,0,0,0.023872098,0.004818222,0,0,0,0,0,0,0,0,0.012264564,0,0.002847131,0,0.006898817,0,0.823149365,0,0,0,0,0,0,0,0,0,0,0,0,0,0,0,0,0,0,0,0,0,0,0,0,0,0,0,0,0,0,0,0,0,0,0.00021901,0,0.00043802,0,0,0,0,0,0,0,0,0,0,0,0,0
D160QZKN.03,0,0,0,0,8.56E-05,0,0,0,0,0,0,0,0,0,0,0,0,0,0,0,0,0,0.001156243,0,0,0,0,0,0.038434362,0.13665075,0.156114168,0,0,0,0,0,0,0,0,0,0,0,0,0,0,0,0,0,0,0,0,0,0,0,0,2.14E-05,0,0.000321179,0,0,0.000663769,0,0,0,0,0,0,0.00010706,0,0,2.14E-05,0.002505192,0.00010706,0.154080038,4.28E-05,0,0,0,0,0,0,0,0,0,0,0,0,0,0,0,0,0,0,0,0.047448772,0,0,0,0,0,0,0,8.56E-05,0,0,0,0.46209023,0,0,6.42E-05,0,0,0,0,0,0,0,0,0,0,0,0,0,0
J160S1HR.03,0,0,0,0,0.000132732,0,0,0,0,0,0,0,0,0,0,0,0,0,0,0,0,0,0.000530926,0,0,0,0,0,0,0,0.000398195,0,0,0,0,0,0,0,0,0,0,0,0,0.012211309,0,0,0,0,0.000265463,0,0,0,0,0,0,0,0,0.022298912,0,0,0,0,0,0,0,0.607114415,0,0.000663658,0,0,0,0,0,0.002920096,0,0,0,0,0,0,0,0,0,0,0,0,0,0,0,0,0,0,0,0,0,0,0,0,0,0,0,0,0,0,0,0,0.353331564,0,0,0,0,0,0,0,0,0,0,0,0,0,0.000132732,0,0,0
D160SKKV.03,0,0,0,0,0,0,0.000171057,0,0,0,0,0,0,0,0.000342114,0,0,0,0,0,0,0,0.603318508,0.000855286,0,0,0,0,0,0,0,0,0,0,0,0,0,0,0,0,0,0,0,0.000342114,0,0,0,0,0,0,0,0,0,0,0,0,0,0.002565857,0,0,0.001368457,0,0,0,0,0.297810469,0,0.005987,0,0,0,0.001539514,0,0.043277455,0.0083818,0,0,0,0,0,0,0,0,0,0,0,0,0,0,0,0,0,0,0,0,0,0,0,0,0,0,0,0,0,0,0,0.034040369,0,0,0,0,0,0,0,0,0,0,0,0,0,0,0,0,0
G160RZLJ.03,0,0,0,0,0,0,0.000235571,0,0,0,0,0,0,0,0,0,0,0,0,0.001099333,0,0,0.000157048,0,0,0,0,0,0,0,0,0,0,0,0,0,0,0,0,0,0,0,0,0,0,0,0,0,0.000549666,0,0,0,0,0,0,0,0,0,7.85E-05,0,0,0,0,0,0,0.898154692,0,0,0,0,0,0.000157048,0,7.85E-05,0,0,0,0,0,0,0,0,0,0,0,0,0,0,0,0,0,0,0,0,0,0,0,0,0,0,0,0,0,0,0,0,0.099489596,0,0,0,0,0,0,0,0,0,0,0,0,0,0,0,0,0
B160P5NH.04,0,0,0,0.000178571,0,0,0.047857143,0,0,0,0,0,0.016428571,0,0,0,0,0.132321429,0,0.014107143,0,0,0,0,0,0,0,0,0,0,0.002857143,0,0,0,0,0,0,0,0,0,0,0,0,0,0,0.079642857,0,0,0.090892857,0,0,0,0,0,0,0,0,0,0,0,0.000178571,0,0,0,0,0,0,0,0,0,0,0,0,0.001428571,0,0,0,0.011964286,0,0.00625,0,0,0,0,0,0,0,0,0.290535714,0,0,0,0,0,0,0.100714286,0.062142857,0.116071429,0,0,0,0,0,0,0,0,0.019107143,0,0,0.003571429,0.00375,0,0,0,0,0,0,0,0,0,0,0,0,0
F160S32Y.03,0,0,0,0,0,0,0.000167336,0,0,0,0,0,0,0,0,0,0,0,0,0,0,0,0.000669344,0,0,0,0,0,0,0,0,0,0,0,0,0,0,0,0,0,0,0,0,0.000669344,0,0,0,0,0,0,0,0,0,0,0,0,0,0.000502008,0,0,0,0,0,0,0,0.8708166,0,0,0,0,0,0.001171352,0,0.000334672,0,0,0,0,0,0,0,0,0,0,0,0,0,0,0,0,0,0,0,0,0,0,0,0,0,0,0,0,0,0,0,0,0.125669344,0,0,0,0,0,0,0,0,0,0,0,0,0,0,0,0,0
A160TP1L.03,0.007901404,0,0,0.000601194,0.001202388,0,0.000343539,0,0,0,0,0,0,0,0,0,0,0,0,0,0,0,0.075192167,0.018980547,0,0,0,0,0.098767553,0.010435007,0.080817624,0.000730021,0,0.002018293,0.000472367,0.000644136,0,0,0,0,0,0,0,0.000901791,0,0,0,0,0,0,0,0,0,0,0,0,0,0.012195646,8.59E-05,0,0.020612359,0,0.009876755,0.015158672,0,0.002404775,0.001030618,0.501395628,0.00017177,0.000128827,0.022244171,0.02649547,0.000987676,0.016618714,0.002619487,0.010993258,0,0,0,0,0,0,0,0,0,0,0,0,0,0,0,0,0.000300597,0,0.009876755,0,0,0,0,0,0,0.002705372,0.001202388,0,4.29E-05,0,0.043285954,0,0,0.000558251,0,0,0,0,0,0,0,0,0,0,0,0,0,0
E160T9S5.03,0,0,0,0.004538628,0.058434841,0,0,0,0,0,0,0,0,0,0,0,0,0,0,0,0,0,0.010946104,0.004371767,0,0,0,0,0.018955448,0.000800934,0.268746871,0,0,0,0,0,0,0,0,0,0,0,0,0.000500584,0,0,0,0,0.000166861,0,0,0,0,0,0,0,0,0.061772067,0,0,0.012614717,0.000467212,0.002736526,0.000100117,3.34E-05,0.007809111,0.00030035,0.040547305,0,0.047188386,0.200600701,0.003504088,0.000400467,0.234907392,0.000433839,0,0,0,0,0,0,0,0,0,0,0,0,0,0,0,0,0,0,0,0.003771066,0,0,0,0,0,0,0.003337227,0.008376439,0,0,0,0.000433839,0,0.000166861,0,0,0,0,0,0,0,0,0,0,0,0.003036876,0,0,0
F160SZXV.03,0,0,0,0.012123997,0.050828886,0,7.07E-05,0,0,0,0,0,0,0,0,0,0,0,0,0,0,0,0.004100244,0.000742286,0,0,0,0,0.00045951,0.037821215,0.068537698,0,0,0,0,0,0,0,0,0,0,0,0,0,0,0,0,0,0.001732,0,0,0,0,0,0,0,0,0,0,0,0.000742286,0,0.000318122,7.07E-05,0,0.000141388,0,0.001732,0.013502527,0.000282775,0.000530204,0.014775017,0.046410519,0.741861369,3.53E-05,0,0,0,0,0,0,0,0,0,0,0,0,0,0,0,0.000212082,0,0,0,3.53E-05,0,0,0,0,0,0,0,0.002792407,0,0,0,0,0,0,0.000141388,0,0,0,0,0,0,0,0,0,0,0,0,0,0
E160TRBS.03,0,0,0,0.014932787,0.002700941,0,0,0,0,0,0,0,0,0,0,0,0,0,0,0,0,0,0.064294806,0.013690975,0,0,0,0,0.019372264,0.013815156,0.256775636,0.003414982,0,0,0,0,0,0,0,0,0,0,0,3.10E-05,0,0,0,0,0,0,0,0,0,0,0,9.31E-05,0,0.000496725,0,0,0.011176306,0,0.004035888,0.001024495,3.10E-05,6.21E-05,0,0.04836857,0,0.031448884,0.034553413,0.01477756,6.21E-05,0.44869765,0.001552265,0,0,0,0,0,0,0,0,0,0,0,0,0,0,0,0,0,0,0,0.006643693,0,0,0,0,0,0,0.005184564,0.000403589,0,0,0,0.001179721,0,0,0.000465679,0,0,0,0,0,0,0,0,0,0,0.000714042,0,0,0
H160WDQH.03,0,0,0,0.014348325,0.006548054,0,0.000782636,0,0,0,0,0,0,0,0,0,0,0,0,0.000573933,0,0,0.01343525,0.010800376,0,0,0,0,0.001773975,0.008635083,0.291949285,0.000260879,0,0,0,0,0,0,0,0,0,0,0,0,0,0,0,0,0.009835125,0,0,0,0,0,0,0.002165293,0,0.000391318,2.61E-05,0,0.015157049,0,0.000339142,0.003495774,0.000130439,0,0,0.030261922,0,0.110351664,0.013096108,0.035766461,0,0.418058019,0.000626109,0,0,0,0,0,0,0,0,0,0,0,0,0,0,0,0,0,0,0,0.00073046,0,0,0,0,0,0,0,0.009130752,0,0,0,0.001200042,0,0,0,0,0,0,0,0,0,0,0,0,0,0.000130439,0,0,0
B160SZK9.03,0,0,0,0.003475061,0.006132461,0,0.016182884,0,0,0,0,0,0,0,0.000204415,0,0,0,0,0,0,0,0.047628782,0.024802398,0,0,0,0,0.135527392,0.006473153,0.021429545,0,0,0,0,0,0,0,0,0,0,0,0,0,0,0,0,0,3.41E-05,0,0,0,0,0,0,0,0,0.000102208,0,0,0.001839738,0.001056146,0.035397929,0.000476969,0.000170346,0.028243391,0,0.419869174,0,0.056350504,0.061290542,0.000783592,0,0.098426002,0.000988008,0,0,0,0,0,0,0,0,0,0,0,0,0,0,0,0,0,0.000238485,0,0.017170891,0,0,0,0,0,0,0,0.007393023,0,0,0,0.008142546,0,0,3.41E-05,0,0,0,0,0,0,0,0,0,0,0.000136277,0,0,0
C160VWJ1.03,0,0,0,0.000904276,0.030357835,0,3.23E-05,0,0,0,0,0,0,0,0,0,0,0,0,0,0,0,0.003358739,0.001485596,0,0,0,0,0.000193773,0.012562976,0.28833484,0,0,0,0,0,0,0,0,0,0,0,0,0,0,0,0,0,3.23E-05,0,0,0,0,0,0,0,0,3.23E-05,0,0,0.008461439,0,3.23E-05,3.23E-05,0,3.23E-05,0,0.001905439,0,0.098566077,0.002099212,0.031100633,0,0.518989795,0,0.000387547,0,0,0,0,0,0,0,0,0,0,0,0,0,0,0,0,0,0,0,0,0,0,0,0,0,6.46E-05,0.000613616,0,0,0,0,0,0,0,0,0,0,0,0,0,0,0,0,0,0.000419842,0,0,0
E160W0TL.03,0,0,0,0.00017983,0.008092361,0,0.000143864,0,0,0,0,0,0,0,0,0,0,0,0,0.000143864,0,0,0.120666091,0.029564091,0,0,0,0,0.021651561,0.004747518,0.028377212,0,0,0,0,0,0,0,0,0,0,0,0,0.001150914,0,3.60E-05,0,0,0.000215796,0,0,0,0,0.000107898,7.19E-05,0.001942167,7.19E-05,0.148467846,0,0,0.007876565,0.00017983,0.002086031,0,0,0.011796864,0,0.14397209,0,0.055819307,0.037692418,0.031506258,0.013918861,0.302546396,0.00172637,0,0,0,0,0,0,0,0,0,0,0,0,0,0,0,0,0,0,0,0.00427996,0,0,0,7.19E-05,0,0,0,0.003812401,0,0,0,0.016904043,0,0.00017983,0,0,0,0,0,0,0,0,0,0,0,0,0,0,0
C160ST5C.03,0,0,0,0.068367026,0.017556401,0,0,0,0,0,0,0,0,0,0,0,0,0,0,0,0,0,0.015268922,0.001172333,0,0,0,0,0.002802162,0.027278186,0.224601836,0.000142967,0,0,0,0,0,0,0,0,0,0,0,0,0,0,0,0,0.000943585,0,0,0,0,0,0,0,0,0.000142967,0,0,0.000371715,0,0.002744975,2.86E-05,0,0.000142967,5.72E-05,0.018185457,0,8.58E-05,0.036342321,0.121636691,0.044834587,0.407600149,0.000171561,0,0,0,0,0,0,0,0,0,0,0,0,0,0,0,0,0,0,0,0.000543276,0,0,0,0,0,0,0,0.002659194,0,0,0,0.006261974,0,2.86E-05,0,0,0,0,0,0,0,0,0,0,0,2.86E-05,0,0,0
J160VWL7.03,0.002449636,0,0,0.000109685,0.007933896,0,0.000402179,0,0,0,0,0,0,0,0,0,0,0,0,0,0,0,0.155826112,0.023911374,0,0,0,0,0.08643194,0.005849878,0.05586633,0.003290556,0,0,0,0,0,0,0,0,0,0,0,0,0,0,0,0,7.31E-05,0,0,0,0,0,0,0,3.66E-05,7.31E-05,0,0,0.007677964,0,0.002157142,0,0,3.66E-05,0,0.18843918,0,0.011992249,0.124675515,0.03963292,0,0.255383715,0.00190121,7.31E-05,0,0,0,0,0,0,0,0,0,0,0,0,0,0,0,0,0,0,0.020218639,0,0,0,0.000146247,0,0,0.000584988,0.001572155,0,0,0,0.000365617,0,0.00021937,0.001754963,0,0,0,0,0,0,0,0,0,0,0.000914043,0,0,0
A160STC2.03,0,0,0,0.0091957,0.016254371,0,3.24E-05,0,0,0,0,0,0,0,0,0,0,0,0,0,0,0,0.028331822,0.042870095,0,0,0,0,0,0.144670379,0.234749385,0.000323792,0,0,0,0,0,0,0,0,0,0,0,3.24E-05,0,0,0,0,0.002298925,0,0,0,0,0,0,0,0,0.001198031,0.000485688,0,3.24E-05,0,0.000129517,0,0,0,0,0.006152053,0.01463541,0,0.003853128,0.092701723,0.002816993,0.369187929,0.000194275,0.00751198,0,0,0,0,0,0,0,0,0,0,0,0,0,0,0,0,0,0,0.001457065,0,0,0,0,0,0,0,0.019848465,0,0,0,0.001003756,0,0,3.24E-05,0,0,0,0,0,0,0,0,0,0,0,0,0,0
E160T0ZL.03,0,0,0,0,0.00822166,0,4.65E-05,0,0,0,0,0,0,0,0,0,0,0,0,0,0,0,0.356039668,0.005179181,0,0,0,0,0.085862926,0,0.00023225,0,0,0,0,0,0,0,0,0,0,0,0,0,0,0,0,0,2.32E-05,0,0,0,0,0,4.65E-05,0,0,0.011287363,0,0,0.009661611,0,0.006619133,0,0,0.04217665,0,0.045428153,0,0.000116125,0.004737906,0.152425854,0,0.214947628,0.001323827,0,0,0,0,0,0,0,0,0,0,0,0,0,0,0,0,0,0,0,0.016280744,0,0,0,0,0,0,0,4.65E-05,0,0,0,0.039273521,0,0,2.32E-05,0,0,0,0,0,0,0,0,0,0,0,0,0,0
F160SSRP.03,0,0,0,0.001613237,0.010093071,0,0.048190279,4.14E-05,0,0,0,0,0,0,0,0,0,0,0,0,0,0,0.024033092,0.011127198,0,0,0,0,0.158717684,0.009679421,0.123433299,0,0,0,0,0,0,0,0,0,0,0,0,0,0,0,0,0,0,0,0,0,0,0,0,4.14E-05,0,0,0,0,0.002812823,4.14E-05,0.010837642,0.000661841,0.000124095,0.01369183,0,0.353133402,0,0.019896587,0.036856256,0.003722854,0,0.113919338,0.000910031,0,0,0,0,0,0,0,0,0,0,0,0,0,0,0,0,0,8.27E-05,0,0.012574974,0,0,0,4.14E-05,0,0,0,0.039710445,0,0,0,0.001737332,0,0,4.14E-05,0,0,0,0,0,0,0,0,0,0,0.002233713,0,0,0
F160SXNK.03,0,0,0,0.001709955,0.049865977,0,0,0,0,0,0,0,0,0,0,0,0,0,0,0,0,0,0.037203069,0.009381643,0,0,0,0,0.0271282,0.045383122,0.037341714,0,0,0.00240318,0,0,0,0,0,0,0,0,0,4.62E-05,0,0,0,0,0,0,0,0,0,0.00194103,0,0,0,0.00036972,0,0,0.012246973,9.24E-05,0.02999353,0.006239024,0,0.0308254,0,0.245447823,0,0.00147888,0.134993992,0.013587208,0.0308254,0.256770496,0.001709955,0,0,0,0,0,0,0,0,0,0,0,0,0,0,0,0,0,9.24E-05,0,0.005499584,0,0,0,0.000138645,0,0,0.000693225,0.014003143,0,0,0,0.002264535,0,0.000323505,0,0,0,0,0,0,0,0,0,0,0,0,0,0,0
F160SWXX.03,0,0,0,0.004075952,6.63E-05,0,0.000198827,0,0,0,0,0,0,0,0,0,0,0,0,0,0,0,0.251979985,0.005003811,0,0,0,0,0.173045697,0,0.019352487,0.004639295,0,0,0,0,0,0,0,0,0,0,0,0.000132551,0,0,0,0,0.000397654,0,0,0,0,0,0,6.63E-05,0,0.002816715,0,0,0.001458064,0,0.002087683,6.63E-05,0,0.001988269,0,0.33976207,0,6.63E-05,0.004639295,0.037014945,0,0.117440435,0.000795308,0,0,0,0,0,0,0,0,0,0,0,0,0,0,0,0,0,0.000265103,0,0.018424628,0,0,0,0,0,0,0,9.94E-05,0,0,0,0.012559234,0,0.000165689,0.000331378,0,0,0,0,0,0,0,0,0,0,0.00106041,0,0,0
G160SVPC.03,0,0,0,0.004680677,0.000408381,0,0,0,0,0,0,0,0,0,6.28E-05,0,0,0,0,9.42E-05,0,0,0.000282725,0.030534351,0,0,0,0,3.14E-05,0.004774919,0.005937235,0,0,0,0,0,0,0,0,0,0,0,0,9.42E-05,0,0,0.000376967,0,3.14E-05,0,0,0,0,0,0,0,0,0.001005246,0,0,0.003706845,0,0.096880596,0,0,0.015549901,0,0.719913298,0.002513115,0.000219898,0.031351114,0.002324632,0,0.058649829,0.000691107,0,0,0,0,0,0,0,0,0,0,0,0,0,0,0,0,0,0,0,0.017937361,0,0,0,0,0,0,0,0.000314139,0,0,0,0.001633525,0,0,0,0,0,0,0,0,0,0,0,0,0,0,0,0,0
B160T0JS.03,0,0,0,0,0,0,0,0,0,0,0,0,0,0,0,0,0,0,0,0,0,0,0.00498246,0.024200519,0,0,0,0,0.032640195,7.63E-05,0,0.002109919,0,0,0,0,0,0,0,0,0,0,0,0.00035589,0,0,0,0,0,0,0,0,0,0,0,0,0,0.011896894,0,0,0.000559256,0,0.279094006,0,0.000127104,0.001271036,0.000152524,0.349585642,0,0.007168641,0.106512787,0.002872541,0,0.028039046,0.008490518,0,0,0,0,0,0,0,0,0,0,0,0,0,0,0,0,0,0.000584676,0,0.069068077,0,0,0,0,0,0,0,0,0,0,0,0.070186588,0,0,0,2.54E-05,0,0,0,0,0,0,0,0,0,0,0,0,0
G160SXW2.03,2.63E-05,0,0,0.00834799,0.009503058,0,0.000131258,2.63E-05,0,0,0,0,0,0,2.63E-05,0,0,0,2.63E-05,0.000131258,0,0,0.383062505,0.001522589,0,0,0,0,0.003307694,0.000577534,0.015908435,0.000551282,0,0,0,0.000157509,0,0,0,0,0,0,0,0,0,0,0,0,2.63E-05,0,0,0,0,0,0,0,0,0.000472528,0,0,0.002073872,0,0.005355315,0,2.63E-05,0.002861418,0,0.231538603,0,0.105058672,0.162733311,0.002782663,0,0.053841913,0.000210012,2.63E-05,0,0,0,0,0,0,0,0,0,0,0,0,0,0,0,0,0,0,0.006326622,0,0,0,0,0,0,0.000472528,0.000131258,0,0,0,0.00273016,0,0,2.63E-05,0,0,0,0,0,0,0,0,0,0,0,0,0,0
C160SYQK.03,0,0,0,5.38E-05,8.07E-05,0,0,0,0,0,0,0,0,0,2.69E-05,0,0,0,0,0.001130278,0,0,0.317312091,0,0,0,0,0,0,5.38E-05,0.000403671,0,0,0,0,0,0,0,0,0,0,0,0,0.002825695,0,0,0,0,0,0,0,0,0,0,0,0,2.69E-05,0.117683468,0,0.000161468,0.063887618,0,0.020237358,0,0,0.008234883,0,0.187787615,0,0,0.01754622,0.223472106,0,0.000914987,0.002314379,0,0,0,0,0,0,0,0,0,0,0,0,0,0,0,0,0,0,0,0,0,0,0,0,0,0,0,2.69E-05,0,0,0,0.035765225,0,0,5.38E-05,0,0,0,0,0,0,0,0,0,0,0,0,0,0
K160SS10.03,0,0,0,0.001017493,3.91E-05,0,7.83E-05,0,0,0,0,0,0,0,0,0,0,0,0,3.91E-05,0,0,0.002661136,0.00117403,0,0,0,0,0.006339764,7.83E-05,0.59292451,3.91E-05,0,0,0,0,0,0,0,0,0,0,3.91E-05,0.000156537,0,0,0,0,0.088247955,0,0,0,0.000508747,0,3.91E-05,0.00027394,0,0.019371502,0,0,0.001878449,0,7.83E-05,0,0,7.83E-05,0,0.003835166,0,0.000391343,0.000234806,0.232105819,0.000117403,0.001213165,0,3.91E-05,0,0,0,0,0,0,0,0,0,0,0,0,0,0,0,0,0,0,0,0,0,0,0,0,0,0.001017493,0.000156537,0,0,0,0.045748053,0,3.91E-05,0,0,0,0,0,0,0,0,0,0,0,3.91E-05,0,0,0
C160SSBN.03,0,0,0,0.000415722,0.005442177,0,0,0,0,0,0,0,0,0,0,0,0,0,0,0,0,0,0.270408163,0.027891156,0,0,0,0,0.015910809,0.004195011,0.009826153,0,0,0,0,0,0,0,0,0,0,0,0,0.002191988,0,0,0,0,0.000377929,0,0,0,0,0,0.000113379,3.78E-05,7.56E-05,0.186318972,0.000453515,0,0.036054422,0,0.03303099,0.000226757,0,0.001398337,0,0.092139078,0,0.020408163,0.000869237,0.018556311,0.025018896,0.154761905,0.000415722,0,0,0,0,0,0,0,0,0,0,0,0,0,0,0,0,0,0,0,0.004913076,0,0,0,0,0,0,0.001549509,0.000755858,0,0,0,0.086205593,0,0,3.78E-05,0,0,0,0,0,0,0,0,0,0,0,0,0,0
E160TQB0.03,0,0,0,0.000204757,0.002218203,0,0.000238883,0,0,0,0,0,0,0,0,0,0,0,6.83E-05,0,0,0,0.056820121,0.02262567,0,0,0,0,0.088762243,0,0.01337747,0,0,0,0,0,0,0,0,0,0,0,0,6.83E-05,0,0,0,0,0.000136505,0,0,0,0,0,0,0.000307136,3.41E-05,0.000409514,0,0,0.00385626,0,0.016755964,0.003276115,0,0.005937959,0,0.531652049,0,0.006415725,0.084496468,0.018291642,6.83E-05,0.119168686,0.002115824,0,0,0,0,0,0,0,0,0,0,0,0,0,3.41E-05,0,0,0,0,0,0,0,0,0,0,0,0,0,0.000682524,0,0,0,0.010135481,0,0.000511893,0.007814899,0,0,0,0,0,0,0,0,0,0,0.003514998,0,0,0
B160R8YN.03,0,0,0,0.000589561,0.003051847,0,0,0,0,0,0,0,0,0,3.47E-05,0,0,0,0,3.47E-05,0,0,0.007594937,0.006034333,0,0,0,0,0,0.001491243,0.044771978,0,0,0,0,0,0,0,0,0,0,0,0,0.000624241,0,0,0,0,0,0,0,0,0,0,6.94E-05,0,0,0.006589214,0,0,0.00013872,0,0.04081845,0,0,0.032079071,0,0.449141668,0,0.000901682,0.026877059,0.09998266,0,0.246367262,0.005236692,0.000693602,0,0,0,0,0,0,0,0,0,0,0,0,0,0,0,0,0,0,0,0,0,0,0,0,0,0,0.005860933,0,0,0,0.021016126,0,0,0,0,0,0,0,0,0,0,0,0,0,0,0,0,0
D160S17H.03,0,0,0,0.000220634,0.000729791,0,0,0,0,0,0,0,0,0,3.39E-05,0,0,0,0,0,0,0,0.207379372,0.008519883,0,0,0,0,5.09E-05,0,0.002562754,0,0,0,0,0,0,0,0,0,0,0,0,0.0010862,0,0,0,0,0,0,0,0,0,1.70E-05,3.39E-05,1.70E-05,1.70E-05,0.006551145,0,0,0.009046011,0,0.018652093,0,0,0.009707914,0,0.620729451,0,0.002936135,0.016174199,0.074370768,3.39E-05,0.006856639,0.0021724,1.70E-05,0,0,0,0,0,0,0,0,0,0,0,0,0,0,0,0,0,0,0,0,0,0,0,0,0,0.0005431,0.000135775,0,0,0,0.011269327,0,6.79E-05,6.79E-05,0,0,0,0,0,0,0,0,0,0,0,0,0,0
D160TQBX.03,0,0,0,0.001708011,0.035664904,0,4.07E-05,0,0,0,0,0,0,0,0,0,0,0,0,8.13E-05,0,0,0.023017487,0.00451403,0,0,0,0,0.001626678,0.000203335,0.057096381,0,0,0,0,0,0,0,0,0,0,0,0,0,0,0,0,0,0,0,0,0,0,0,0,0,0,4.07E-05,0,0,0.001667344,4.07E-05,0.01846279,0.001626678,0,0.01594144,0,0.275274502,0,0.043391623,0.098576657,0.030174868,0.000366002,0.382025214,0.001301342,0,0,0,0,0,0,0,0,0,0,0,0,0,0,0,0,0,0,0,0,0,0,0,0,0,0,0,0.00105734,0,4.07E-05,0,0.005815372,0,4.07E-05,4.07E-05,0,0,0,0,0,0,0,0,0,0,0.000162668,0,0,0
B160RP6G.03,0,0,0,0.000458518,0.00663502,0,0,0,0,0,0,0,0,0,0,0,0,0,0,0,0,0,0.000269716,0.010330133,0,0,0,0,2.70E-05,2.70E-05,0.08045636,0,0,0,0,0,0,0,0,0,0,0,0,0.000593376,0,0,0,0,0,0,0,0,0,0,0,0,2.70E-05,0.004773978,0,0,5.39E-05,5.39E-05,0.039783148,0,0,0.006715935,0,0.496385802,0,0.003641169,0.020390549,0.11562736,0.002508361,0.183838602,0.002643219,0.001186752,0,0,0,0,0,0,0,0,0,0,0,0,0,0,0,0,0,0,0,0,0,0,0,0,0,0,0.009089438,0,0,0,0.014348905,0,0.000134858,0,0,0,0,0,0,0,0,0,0,0,0,0,0,0
C160SWQT.03,0,0,0,0.000624564,0.002571733,0,3.67E-05,0.000551086,0,0,0,0,0,0,0,0,0,0,0,0,0,0,0.110106911,0.007347809,0,0,0,0,0.089533047,0,0.040486425,0.000955215,0,0,0,0,0,0,0,0,0,0,0,0.001212388,0,0,0,0,7.35E-05,0,0,0,0,3.67E-05,0.000440869,7.35E-05,0.000110217,0.038943385,0.00231456,0,0.000661303,0,0.033506007,0,0,0.00690694,0,0.171497851,0,0.000587825,0.002645211,0.212939491,0,0.252544179,0.002939123,3.67E-05,0,0,0,0,0,0,0,0,0,0,0,0,0,0,0,0,0,0,7.35E-05,0,0,0,0.000220434,0,0,0,0,0,0,0,0.018700173,0,0.000220434,0.000257173,0,0,0,0,0,0,0,0,0,0,0.000844998,0,0,0
A160VZ0F.03,0,0,0,0,0,0,2.65E-05,0,0,0,0,0,0,0,0,0,0,0,0,0,0,0,0.010265093,2.65E-05,0,0,0,0,0.083602307,0.001269908,0.00111117,0,0,0,0,0,0,0,0,0,0,0,0,0,0,0,0,0,0,0,0,0,0,0,0,0,0.000846606,0.177760728,0,0,0,0,0.001322821,0,0,0,0,0.000714324,0,0,2.65E-05,0.006375999,0,0.285173819,0,0,0,0,0,0,0,0,0,0,0,0,0,0,0,0,0,0,0,0,0.018678237,0,0,0,7.94E-05,0,0,0,0,0,0,0,0.412667337,0,0,5.29E-05,0,0,0,0,0,0,0,0,0,0,0,0,0,0
A160SKY5.03,0,0,0,0.004879396,0.000644449,0,0.000506352,0,0,0,0,0,0,0,9.21E-05,0,0,0,0,0,0,0,0.007134966,0.007963543,0,0,0,0,0.005017492,0,0.070935371,0,0,0,0,0,0,0,0,0,0,0,0,0,0,0,0,0,0,0,0,0,0,0.00046032,4.60E-05,0,0,4.60E-05,0,0,0.011554042,0,0.000276192,0,0,4.60E-05,0,0.112732462,0,0.054041613,0.003774627,0.286917695,0,0.416267722,0.000644449,0,0,0,0,0,0,0,0,0,0,0,0,0,0,0,0,0,0,0,0.00699687,0,0,0,0,0,0,0,0.001657153,0,0,0,0.003774627,0,0.002761922,9.21E-05,0,0,0,0,0,0,0,0,0,0,0.000736513,0,0,0
J160TN4M.03,0,0,0,0,0,0,0.000561272,0,0,0,0,0,0,0,0,0,0,0,0,3.74E-05,0,0,0.363554724,0.009990645,0,0,0,0,0,0,0,0,0,0,0,0,0,0,0,0,0,0,0,3.74E-05,0,0,0,0,0,0,0,0,0,0,3.74E-05,0.000449018,0,0.006248831,0,0,0,0,0.084864359,0,0,0.026155285,0,0.221328344,0,0.000112254,0.017062675,0.037156221,0,3.74E-05,0.004677268,3.74E-05,0,0,0,0,0,0,0,0,0,0,0,0,0,0,0,0,0,0,0,0,0.001683817,0,3.74E-05,0,0,0,0,0,0,0,0.225743686,0,3.74E-05,0.000149673,0,0,0,0,0,0,0,0,0,0,0,0,0,0
G160TK7K.03,0,0,0,0.002332915,0.001256185,0,0,0,0,0,0,0,0,0,7.69E-05,0,0,0,0,0.000102546,0,0,0.000102546,0.005152921,0,0,0,0,0,0.00143564,0.108211347,0,0,0,0,0,0,0,0,0,0,0,0,0.001538185,0,0,0,0,5.13E-05,0,0,0,0,2.56E-05,2.56E-05,0,5.13E-05,0.00989566,0,0,0.001922732,5.13E-05,0.037377907,0,0,0.069654165,0,0.411003153,0,0.004178737,0.011485118,0.03591663,0.000512728,0.197836286,0.000897275,0,0,0,0,0,0,0,0,0,0,0,0,0,0,0,0,0,5.13E-05,0,0.041838644,0,0,0,0,0,0,0,0.001820186,0,0,0,0.05283667,0,0.002358551,0,0,0,0,0,0,0,0,0,0,0,0,0,0,0
J160TN5J.03,0,0,0,0.00260558,0.001881808,0,7.24E-05,0,0,0,0,0,0,0,0,0,0,0,0,0,0,0,0.058480802,0.012919336,0,0,0,0,0.176057612,0.029819419,0.010422321,0,0,0,0,0,0,0,0,0,0,0,0,0.000217132,0,0,0,0,0,0,0,0,0,3.62E-05,0,0.000108566,0,0.002388449,0,0,0.007273912,0.00025332,0.022038867,0.008576702,0,0.001845619,0,0.413672059,0,0.000651395,0.037201896,0.023450223,0.001411356,0.137335794,0.007925307,0.001628488,0,0,0,0,0,0,0,0,0,0,0,0,0,0,0,0,0,0,0,0,0,0,3.62E-05,0,0,0,3.62E-05,0,0,0,0.038721818,0,0.001664676,0.001158036,0.000108566,0,0,0,0,0,0,0,0,0,0,0,0,0
B160SZF9.03,0,0,0,0,0.000183621,0,0,0,0,0,0,0,0,0,0,0,0,0,0,0,0,0,0.349920431,0.093524299,0,0,0,0,0.108275187,3.06E-05,0.000153018,0,0,0,0,0,0,0,0,0,0,0,0,0.000183621,0,0,0,0,3.06E-05,0,0,0,0,0,0,0,0,0.004468111,0,0,0.00306035,0,0.008109928,0,0,0.012516832,0,0.244828008,0,0.001775003,0.145489044,0.005784062,0.000153018,0.00918105,0.000550863,0,0,0,0,0,0,0,0,0,0,0,0,0,0,0,0,0,0,0,0.009946138,0,0,0,9.18E-05,0,0,0.000183621,3.06E-05,0,0,0,0.001285347,0,0.000244828,0,0,0,0,0,0,0,0,0,0,0,0,0,0,0
E160RBZK.03,0,0,0,0.004473674,0.000650021,0,0,0,0,0,0,0,0,0,0.000152946,0,0,0,0,0,0,0,0.224142546,0.004703093,0,0,0,0,0,0,0.003211869,0,0,0,0,0,0,0,0,0,0,0,0,0.000955913,0,0,0,0,0,0,0,0,0,0,0,0,0,0.017627041,0,0,0.011203304,0,0.008870875,0,0,0.042977861,0,0.273391198,0,3.82E-05,0.014376936,0.056054755,0,0.256222995,0.007226704,0,0,0,0,0,0,0,0,0,0,0,0,0,0,0,0,0,0,0,0,0,0,0,0,0,0,0,0.008106145,0,0,0,0.065613888,0,0,0,0,0,0,0,0,0,0,0,0,0,0,0,0,0
J160RGCB.03,0,0,0,0.003873149,9.39E-05,0,0,0,0,0,0,0,0,0,9.39E-05,0,0,0,0,0,0,0,0.045632732,0.004389568,0,0,0,0,0.047017676,0.03215887,0.071265933,0,0,0,0,0,0,0,0,0,0,0,0,0.001056313,0,0,0,0,0,0,0,0,0,0,4.69E-05,0,0,0.017605221,0,0,0.031337293,0,0.025867937,0.000117368,0,0.003638412,2.35E-05,0.301354428,0,2.35E-05,0.008497453,0.192037746,0,0.119034764,0.009952818,0,0,0,0,0,0,0,0,0,0,0,0,0,0,0,0,0,0,0,0.015539541,0,0,0,0,0,0,0.001713575,0.006619563,0,0,0,0.058848384,0,0.001056313,0,0,0,0,0,0,0,0,0,0,0,0.00110326,0,0,0
C160SXPG.03,0,0,0,0.000225843,0.005291176,0,0,0,0,0,0,0,0,0,0,0,0,0,0,0,0,0,0.140796903,0.005839652,0,0,0,0,0.094918535,0.000645265,0,0,0,0,0,0,0,0,0,0,0,0,0,0,0,0,0,0,0,0,0,0,0,0,0,0,0,0.000580739,0,0,0.004355541,0,0.011195354,0.002064849,0,0.03819971,0.00187127,0.328472334,0,6.45E-05,0.017035006,0.045136312,0,0.193418293,0.004226488,6.45E-05,0,0,0,0,0,0,0,0,0,0,0,0,0,0,0,0,0,0,0,0,0,0,3.23E-05,0,0,0,0,0,0,0,0.105500887,0,3.23E-05,3.23E-05,0,0,0,0,0,0,0,0,0,0,0,0,0,0
E160T0RG.03,0,0,0,0.000475681,0.004994649,0,0.00017838,0,0,0,0,0,0,0,0,0,0,0,0,0,0,0,0.014865026,0.010673088,0,0,0,0,8.92E-05,0,0.01727316,0,0,0,0,0,0,0,0,0,0,0,0,0.000327031,0,0,0,0,5.95E-05,0,0,0,0,8.92E-05,0,0,2.97E-05,0.003002735,0.000564871,0.001694613,0.014865026,0,0.034308479,0,0,0.001783803,0.00011892,0.769235343,0,0,0.022743489,0.002735165,0,0.059757403,0.003894637,0.000386491,0,0,0,0,0,0,0,0,0,0,0,0,0,0,0,0,0,0,0,0,0,0,0,0,0,0,0,0,0.00017838,0,0.035646331,0,0,2.97E-05,0,0,0,0,0,0,0,0,0,0,0,0,0,0
J160T1ZT.03,0,0,0,0,0.000150412,0,0.00012033,0,0,0,0,0,0,0,9.02E-05,0,0,0,0,0,0,0,0.170657602,0.013597256,0,0,0,0,0.126195776,0.00186511,0,0,0,0,0,0,0,0,0,0,0,0,0,0.000691896,0,0,0,0,3.01E-05,0,0,0,0,0,6.02E-05,3.01E-05,3.01E-05,0.012333795,0,0,0.001474039,9.02E-05,0.021839841,0.004452199,0,0.005114012,0,0.441038445,0,0.010709344,0.023644787,0.106792612,0,0.001413874,0.000842308,0.002948078,0,0,0,0,0,0,0,0,0,0,0,0,0,0,0,0,0,0,0,0,0,0,0,0,0,0,0.000240659,0,0,0,0.040340533,0,0.012574454,0,0.000631731,0,0,0,0,0,0,0,0,0,0,0,0,0
H160SM9J.03,0,0,0,0,0,0,0.000110196,0,0,0,0,0,0,0,0,0,0,0,0,0,0,0,0.022369762,0.015702912,0,0,0,0,0.093473649,0,0,0,0,0,0,0,0,0,0,0,0,0,0,0.001019312,0,0,0,0,0,0,0,0,0,0,5.51E-05,5.51E-05,0,0.044822171,0,0,0.000220392,0.000220392,0.015454971,2.75E-05,0,0.003498719,0.000220392,0.075814761,0,0.000165294,0.117138213,0.191024546,0,0,0.001928428,0.108074603,0,0,0,0,0,0,0,0,0,0,0,0,0,0,0,0,8.26E-05,0,0.012837819,0,0,0,0,0,0,0,0,0,0,0,0.26488333,0,0.030772198,2.75E-05,0,0,0,0,0,0,0,0,0,0,0,0,0,0
D160T0GZ.03,0,0,0,0.036359121,0.000149013,0,7.45E-05,0,0,0,0,0,0,0,2.48E-05,0,0,0,0,2.48E-05,0,0,0.00054638,0.004619396,0,0,0,0,0.000173848,0.003327952,0.036185273,0,0,0,0,0,0,0,0,0,0,0,0,0,0,0,2.48E-05,0,0,0,0,0,0,0,0,4.97E-05,0,0.000149013,0,0,0.00104309,0,0.077511486,0,0,0.064845399,0,0.625853719,0.004346206,0.000322861,0.019719359,0.004495219,0.005736992,0.106668322,2.48E-05,0,0,0,0,0,0,0,0,0,0,0,0,0,0,0,0,0,0,0,0.006556563,0,0,0,0,0,0,0,0.000149013,0,0,0,0.001018254,0,0,0,0,0,0,0,0,0,0,0,0,0,0,0,0,0
A160T0KP.03,0,0,0,0.003965237,4.11E-05,0,0.0193331,0.004478869,0,0,0,0,0,0,0,0,0,0,0,0,0,0,0.149384669,0.01099172,0,0,0,0,0.015326773,0,0.396112835,0,0,0,0,0,0,0,0,0,0,0,0,0.000123272,0,0,0,0,2.05E-05,0,0,0,0,0,0,0,0,0.002506523,0,0,0,0,0.018593471,0,0,8.22E-05,0.001088899,0.046576131,0,2.05E-05,0.011834076,0,0,0.304152199,0.001109445,0,0,0,0,0,0,0,0,0,0,0,0,0,0,0,0,0,0,0,0,0,0,0,0,0,0,0,0.00756066,0,0,0,0.006533396,0,0,0,0,0,0,0,0,0,0,0,0,0,0.000164362,0,0,0
C160T1M8.03,0,0,0,0.04138342,0.000406251,0,2.71E-05,0,0,0,0,0,0,0,0,0,0,0,0,0,0,0,0.298161038,0.02245213,0,0,0,0,0.008991685,0.009045852,0.089293936,0.009289603,0,0,0,0,0,0,0,0,0,0,0,0,0,0,0,0,2.71E-05,0,0,0,0,0,0,0,0,0,0,0,0.005552095,0,0.035912575,0.000460418,0,0.002193755,0,0.154754489,0,0.000108334,0.022587547,0.008666685,0.000704168,0.253852612,0.000216667,0,0,0,0,0,0,0,0,0,0,0,0,0,0,0,0,0,0,0,0.022804214,0,0,0,0,0,0,0.003006256,0.000243751,0,0,0,0.00966877,0,0,0,0,0,0,0,0,0,0,0,0,0,0.000189584,0,0,0
J160RCDS.03,0,0,0,0,0.000116911,0,0,0,0,0,0,0,0,0,0,0,0,0,0,0,0,0,0.223768048,0.011398843,0,0,0,0,0.182673759,0,0,0,0,0,0,0,0,0,0,0,0,0,0,0,0,0,0,0,5.85E-05,0,0,0,0,5.85E-05,0,0,5.85E-05,0.003390425,0.002221313,0,0.000876834,0,0.000643012,0,0,0.035131817,0,0.115157538,0,0,0,0.37715555,0,0.017361314,0.0005261,0,0,0,0,0,0,0,0,0,0,0,0,0,0,0,0,0,0,0,0.010463553,0,0,0,0,0,0,0,0,0,0,0,0.018939615,0,0,0,0,0,0,0,0,0,0,0,0,0,0,0,0,0
E160SV5T.03,0,0,0,0.000717746,0.000487042,0,5.13E-05,0,0,0,0,0,0,0,0,0,0,0,0,0,0,0,0.331163005,0.003409295,0,0,0,0,0.041706185,0.002537746,0.000153803,0,0,0,0,0,0,0,0,0,0,0,0,7.69E-05,0,0,0,0,0,0,0,0,0,0,0,2.56E-05,0,0.001153521,0,0,0.007074928,0,0.005716336,0.000102535,0,0.003152957,0.000692112,0.200789521,0,0.002614647,0.279767245,0.055343365,0,0.045679424,0.000435775,0,0,0,0,0,0,0,0,0,0,0,0,0,0,0,0,0,2.56E-05,0,0.006767322,0,0,0,0,0,0,0,0.000281972,0,0,0,0.003921971,0,0.000256338,0,0,0,0,0,0,0,0,0,0,0,0.005895773,0,0,0
F160TMMV.03,0,0,0,0,0,0,0,0,0,0,0,0,0,0,0,0,0,0,0,0,0,0,0.128067667,0,0,0,0,0,3.97E-05,0,0,0,0,0,0,0,0,0,0,0,0,0,0,0.000516242,0,0,0,0,0,0,0,0,0,0,3.97E-05,0,0,0.0043682,0,0,0.000833929,0,0.038241601,0,0,0.004527043,0,0.539909459,0,0,0.027479946,0.044555635,0,0,0.010642522,0,0,0,0,0,0,0,0,0,0,0,0,0,0,0,0,0,0,0,0,0,0,0,7.94E-05,0,0,0,0,0,0,0,0.199031054,0,7.94E-05,0,0.001588436,0,0,0,0,0,0,0,0,0,0,0,0,0
B160T1LC.03,0,0,0,0.001159848,0.000140588,0,0.000246028,0,0,0,0,0,0,0,3.51E-05,0,0,0,0,0,0,0,0.150815408,0.000878673,0,0,0,0,0.064635175,0.006185857,0.08052158,0.000351469,0,0,0,0,0,0,0,0,0,0,0,0.000175735,0,0,0,0,3.51E-05,0,0,0,0,3.51E-05,0,0,0,0.000948967,0,0.000140588,0.006185857,0,0.029347673,3.51E-05,0,0.002003374,0,0.375790806,0,0.000878673,0.00716997,0.001265289,0.000105441,0.121713764,0.003057782,0,0,0,0,0,0,0,0,0,0,0,0,0,0,0,0,0,0,0,0.017749192,0,0,0,0,0,0,0.000808379,3.51E-05,0,0,0,0.126564038,0,0.000597498,0,0,0,0,0,0,0,0,0,0,0,0.000386616,0,0,0
D160SV0L.03,0,0,0,0.002074099,2.84E-05,0,2.84E-05,0.002471872,0,0,0,0,0,0,2.84E-05,0,0,0,0,0,0,0,0.220792135,0.042788953,0,0,0,0,0.096800773,0,0.099528355,0,0,0,0,0,0,0,0,0,0,0,0,0.000596659,0,0,0,0,0,0,0,0,0,0,0,5.68E-05,0,0.012870781,0,0,0.001505853,0,0.063700421,0,0,0.000198886,0,0.145868849,0,0,0.045147176,0.000426185,0,0.155244914,0.003125355,0,0,0,0,0,0,0,0,0,0,0,0,0,0,0,0,0,0,0,5.68E-05,0,0,0,0,0,0,0,0,0,0,0,0.050090919,0,0,5.68E-05,0,0,0,0,0,0,0,0,0,0,0.056512104,0,0,0
H160RKL0.03,0,0,0,0.000499293,8.32E-05,0,0,0.000124823,0,0,0,0,0,0,0.000832154,0,0,0,0,0.002912541,0,0,0.363526671,0.019763668,0,0,0,0,0,0,4.16E-05,0,0,0,0,0,0,0,0,0,0,0,0,0.001872348,0,0,0,0,0,0,0,0,0,0,0,0,8.32E-05,0.031746692,0.002288425,0,0.002246817,0,0.05754348,0,0,0.010360323,0.016892735,0.257426978,0,0.000624116,4.16E-05,0.018806691,0,0.176083881,0,0,0,0,0,0,0,0,0,0,0,0,0,0,0,0,0,0,0,0,4.16E-05,0,0,0,0,0,0,0,0.000499293,0,0,0,0.035574603,0,0,8.32E-05,0,0,0,0,0,0,0,0,0,0,0,0,0,0
K160SS8V.03,0.000387203,0,0,0.005033638,0.006485649,0,0.000145201,0,0,0,0,0,0,0,0,0,0,0,0,0.000193601,0,0,0.172789313,0.003242825,0,0,0,0,0.116354484,0.016165723,0.035187067,0.00135521,0,0,0,0.004065631,0,0,0,0,0,0,0,4.84E-05,0,0,0,0,0.000484004,0,0,0,0,0,0,9.68E-05,4.84E-05,0.000435603,0,0,0.000968007,0,0.013261701,0.004694836,0,0.000726006,0,0.284303761,0,0.012632496,0.107255215,0.023522579,0,0.127534969,0.001984415,0.000242002,0,0,0,0,0,0,0,0,0,0,0,0,0,0,0,0,0,0,0.017859736,0,0,0,0,0,0,0.000435603,0.025216592,0,0,0,0.016359324,0,0,0.000484004,0,0,0,0,0,0,0,0,0,0,0,0,0,0
G160SVSB.03,0,0,0,0.000245227,7.01E-05,0,0.000595551,0,0,0,0,0,0,0,3.50E-05,0,0,0,0,0,0,0,0.197968121,0.006866351,0,0,0,0,0.045927483,0,0.007882291,3.50E-05,0,0,0,0,0,0,0,0,0,0,0,0,0,0,0,0,0,0,0,0,0,3.50E-05,0,0,0,0,0,0,0.00101594,0,0.006340865,0.000420389,0,0.000350324,3.50E-05,0.282431249,0,0.026589595,0.212716763,0.160728674,0.000735681,0.032054651,0.001576458,0,0,0,0,0,0,0,0,0,0,0,0,0,0,0,0,0,0,0,0.000210194,0,0,0,0,0,0,0,0.000665616,0,0,0,0.014118059,0,0.000280259,0,0,0,0,0,0,0,0,0,0,0,7.01E-05,0,0,0
H160SWMS.03,0,0,0,0.025713672,0.00313372,0,0,0,0,0,0,0,0,0,0,0,0,0,0,0,0,0,0.168748659,0.024940974,0,0,0,0,0.013779781,0.011461687,0.149602919,0.002747371,0,0,0,0,0,0,0,0,0,0,0,0,0,0,0,0,0.000257566,0,0,0,0,0,0,0,0,4.29E-05,0,0,0.026443443,0,0.01601202,0,0,0.000386349,0,0.095428203,0,0.000300494,0.014037347,0.024425842,0.000987336,0.376604422,4.29E-05,0,0,0,0,0,0,0,0,0,0,0,0,0,0,0,0,0,0,0,0.037518781,0,0,0,0,0,0,0.00257566,4.29E-05,0,0,0,0.004722043,0,0,4.29E-05,0,0,0,0,0,0,0,0,0,0,0,0,0,0
D160RFQG.03,0,0,0,0,0,0,0.225771508,0,0,0,0,0,0,0,0,0,0,0,0,0,0,0,0.000302305,0,0,0,0,0,2.52E-05,0,0.000780955,0,0,0,0,0,0,0,0,0,0,0,0,0.017306966,0,0,0,0,0.511097116,0,0,0,0.00012596,0,0.000730571,0,0,0.241415795,0,0,2.52E-05,0,2.52E-05,0,0,0,0,0.001007684,0,2.52E-05,0.000100768,0,0,0.000226729,0,0,0,0,0,0,0,0,0,0,0,0,0,0,0,0,0,0,0,0,0,0,2.52E-05,0,0,0,0,0,0,0,0,0,0.001007684,0,0,0,0,0,0,0,0,0,0,0,0,0,0,0,0,0
K160SWLW.03,0,0,0,0.026028547,0.001984581,0,0,0,0,0,0,0,0,0,3.82E-05,0,0,0,0,0,0,0,0.073658499,0.001908251,0,0,0,0,0.070299977,0.005533929,0.077665827,0.001373941,0,0,0,0,0,0,0,0,0,0,0,3.82E-05,0,0,0,0,0,0,0,0,0,0,0,0,0,0.002404397,0,0,0.00038165,0,0.020112968,3.82E-05,0,3.82E-05,0,0.064651553,0,0,0.018586367,0.030341195,0.007098695,0.556522403,0.003778338,0,0,0,0,0,0,0,0,0,0,0,0,0,0,0,0,0,0,0,0.0224792,0,0,0,0,0,0,0.00751851,0,0,0,0,0.00675521,0,0,0,0,0,0,0,0,0,0,0,0,0,0.000763301,0,0,0
B160SW37.03,0,0,0,0,0,0,0.00010347,0,0,0,0,0,0,0,6.90E-05,0,0,0,0,0,0,0,0.002276333,0.002759192,0,0,0,0,0.079809616,0.000275919,0,0.006311651,0,0,0,0,0,0,0,0,0,0,0,0.001896944,0,0,0,0,0,0,0,0,0,0,0.000275919,3.45E-05,0,0.167793337,0,0,0.001621025,0,0.18286542,0.000413879,0,0.000689798,6.90E-05,0.351624474,0,0.002069394,0.068186521,0.002345313,0,0,0.02300476,0,0,0,0,0,0,0,0,0,0,0,0,0,0,0,0,0,0.000241429,0,0.053631786,0,0,0,0,0,0,0,0,0,0,0,0.010002069,0,0,0.00010347,0.041525833,0,0,0,0,0,0,0,0,0,0,0,0,0
B160T71V.03,0,0,0,0.001886699,0.00034755,0,0.001539149,0,0,0,0,0,0,0,4.96E-05,0,0,0,0,0,0,0,4.96E-05,0.005014647,0,0,0,0,0.01613624,0.013504791,0.086043394,0.002085299,0,0,0,0,0,0,0,0,0,0,0,0,0,0,0,0,9.93E-05,0,0,0,0,0,0,0.001588799,0,0.0005958,0,0,0.038925575,0,0.009929994,0.00014895,0,9.93E-05,0.002432848,0.289856512,0,0.079886798,0.213395561,0.080383298,0.003425848,0.117620774,0.00064545,4.96E-05,0,0,0,0,0,0,0,0,0,0,0,0,0,0,0,0,4.96E-05,0,0.01474604,0,0,0,0,0,0,0.000794399,0.013455141,0,0,0,0.004617447,0,9.93E-05,0.0004965,0,0,0,0,0,0,0,0,0,0,0,0,0,0
C160STZP.03,0,0,0,0.00142397,6.78E-05,0,0,0,0,0,0,0,0,0,0,0,0,0,0,0,0,0,6.78E-05,0.00912019,0,0,0,0,0.106119681,0.047770809,0,0.004983896,0,0,0,0,0,0,0,0,0,0,0,0.000678081,0,0,0,0,0,0,0,0,0,0,0,0,0,0.011493473,0,0,0.002271571,0,0.028208171,0,0,0.001864723,0.000915409,0.499271063,0,0.012374979,0.009764367,0.021868113,6.78E-05,0.072927615,0.003119173,0,0,0,0,0,0,0,0,0,0,0,0,0,0,0,0,0,0,0,0.016240041,0,0,0,0,0,0,0,0,0,0,0,0.137786065,0,0.011493473,0.000101712,0,0,0,0,0,0,0,0,0,0,0,0,0,0
D160RFWK.03,0,0,0,0,0,0,0,0,0,0,0,0,0,0,0,0,0,0,0,0,0,0,0,0,0,0,0,0,2.72E-05,0,5.43E-05,0,0,0,0,0,0,0,0,0,0,0,0,0,0,0,0,0,0.001194743,0,0,0,0,0,0.000108613,0,0,0.03730857,0,0,0.000461605,0,0,0,0,0,0,0,0,0,0,0.264879983,0,2.72E-05,0,0,0,0,0,0,0,0,0,0,0,0,0,0,0,0,0,0,0,0,0,0,5.43E-05,0,0,0,0,0,0,0,0,0,0.695883567,0,0,0,0,0,0,0,0,0,0,0,0,0,0,0,0,0
B160RB2F.03,0,0,0,0,0.001489304,0,0,0.000203087,0,0,0,0,0,0,0.000135391,0,0,0,0,0,0,0,0.002910913,0,0,0,0,0,0,0,6.77E-05,0,0,0,0,0,0,0,0,0,0,0,0,0,0,0,0,0,0,0,0,0,0,0,0,0,0,0.115691849,0,0,0.00216626,0,0.04068508,0,0,0.007784999,0,0.000203087,0,0,0,0.288248037,0,0.088884376,0,0.002437043,0,0,0,0,0,0,0,0,0,0,0,0,0,0,0,0,0,0,0,0,0,0,0,0,0,0,0,0,0,0,0.449092878,0,0,0,0,0,0,0,0,0,0,0,0,0,0,0,0,0
E160RCW8.03,0,0,0,0,0,0,0.025738685,0,0,0,0,0,0,0,0,0,0,0,2.98E-05,0,0,0,0.009194513,0,0,0,0,0,2.98E-05,5.95E-05,8.93E-05,0,0,0,0,0,0,0,0,0,0,0,0,0,0,0,0,0,2.98E-05,0,0,0,0,0,0,0,0,0.022882138,0,0,0.024548457,0,0,0,0,0.034338084,0,0,0,0,0,0.092689023,0,0.37022049,0,0,0,0,0,0,0,0,0,0,0,0,0,0,0,0,0,0,0,0,0,0,0,0,2.98E-05,0,0,0,0,0,0,0,0.420120808,0,0,0,0,0,0,0,0,0,0,0,0,0,0,0,0,0
F160RMJ3.03,0,0,0,0,0,0,0.000266619,0,0,0,0,0,0,0,0,0,0,0,0,0,0,0,2.96E-05,0,0,0,0,0,0,0,0.21605048,0,0,0,0,0,0,0,0,0,0,0,0,0,0,0,0,0,0.000533239,0,0,0,0,0,0.000118497,0,0,0.219931271,0,0,0,0,0,0,0,0.102381799,0,2.96E-05,0,0,0,0.070417111,0,0.009894537,0,0,0,0,0,0,0,0,0,0,0,0,0,0,0,0,0,0,0,0,0,0,0,0,0,0,0,0,0,0,0,0,0.380347198,0,0,0,0,0,0,0,0,0,0,0,0,0,0,0,0,0
A160RFS8.03,0,0,0,0,0,0,0.008545513,0,0,0,0,0,0,0,0,0,0,0,0,0,0,0,0,0,0,0,0,0,0,0,0,0,0,0,0,0,0,0,0,0,0,0,0,0.001399948,0,0,0,0,0.094029807,0,0,0,0.002479074,0,0.000349987,0,0,0.092775688,0,0,0,0,0,0,0,0,0,0,0,0,0,0,0,0,0,0,0,0,0,0,0,0,0,0,0,0,0,0,0,0,0,0,0,0,0,0,0,0,0,0,0,0,0,0,0,0,0.800419984,0,0,0,0,0,0,0,0,0,0,0,0,0,0,0,0,0
D160RCRJ.03,0,0,0,0,2.23E-05,0,0,0,0,0,0,0,0,0,0,0,0,0,0,0,0,0,2.23E-05,0,0,0,0,0,0,0,2.23E-05,0,0,0,0,0,0,0,0,0,0,0,0,0,0,0,0,0,0.01140625,0,0,0,0.000580357,8.93E-05,0,0,0,2.23E-05,0,0,0.020758929,0,0,0,0,0,0,0,0,0,0,0,0,6.70E-05,0,0,0,0,0,0,0,0,0,0,0,0,0,0,0,0,0,0,0,0,0,0,0,0,0,0,0,0,0,0,0,0,0.967008929,0,0,0,0,0,0,0,0,0,0,0,0,0,0,0,0,0
F160RM6N.03,0,0,0,0,0,0,0.543315011,0,0,0,0.000154835,0,5.16E-05,0,0.000696756,0,0,0,0,0.00018064,0,0,0,0,0,0,0,0,0,0,2.58E-05,0,0,0,0,0,0,0,0,0,0,0,0,0.000748368,0,0.001393512,0,0,0.377512838,0,0.000748368,0.000541921,0.000438698,0,0,0,0.000232252,0.002322521,0,0.000335475,0.000774174,0,0,0,0,0.000619339,0,0.00018064,0,0,0,0,0.000361281,0.003045083,0,0,0,0,0,0,0,0,0,0,0.000232252,0,0,0,0,0,0,0.000103223,0,0,0,0,0.00067095,0.001935434,0,0,0,0,0,0,0,0,0.059482336,0,0.000232252,0.002322521,0.001341901,0,0,0,0,0,0,0,0,0,0,0,0,0
F160RJ90.03,0,0,0,0,0,0,1.88E-05,0,0,0,0,0,0,0,0,0,0,0,0,0,0,0,3.77E-05,1.88E-05,0,0,0,0,3.77E-05,0,1.88E-05,0,0,0,0,0,0,0,0,0,0,0,0,0,0,0,0,0,0.002298591,0,0,0,5.65E-05,0,1.88E-05,0,0,0.011813249,0,0,0,0,0,0,0,1.88E-05,0,9.42E-05,0,0,5.65E-05,0,0,5.65E-05,1.88E-05,0,0,0,0,0,0,0,0,0,0,0,0,0,0,0,0,0,0,0,0,0,0,0,0,0,0,0,0,0,0,0,0.985435979,0,0,0,0,0,0,0,0,0,0,0,0,0,0,0,0,0
E160RC6F.03,0,0,0,0,0,0,0,0,0,0,0,0,0,0,0,0,0,0,0,0,0,0,0,0,0,0,0,0,0,0,0,0,0,0,0,0,0,0,0,0,0,0,0,0.001476782,0,0,0,0,0.998413827,0,0,0,0,0,0,0,0,0,0,0,0.000109391,0,0,0,0,0,0,0,0,0,0,0,0,0,0,0,0,0,0,0,0,0,0,0,0,0,0,0,0,0,0,0,0,0,0,0,0,0,0,0,0,0,0,0,0,0,0,0,0,0,0,0,0,0,0,0,0,0,0,0,0,0,0,0
B160RCTB.03,0,0,0,0,0,0,0,0,0,0,0,0,0,0,0,0,0,0,0,0,0,0,2.11E-05,0,0,0,0,0,0,0,0,0,0,0,0,0,0,0,0,0,0,0,0,0,0,0,0,0,0.000801062,0,0,0,0.000168645,0,0,0,0,0,0,0,0,0,0,0,0,0,0,0,0,0,0,0,0,0,0,0,0,0,0,0,0,0,0,0,0,0,0,0,0,0,0,0,0,0,0,0,0,0,0,0,0,0,0,0,0,0,0.999009212,0,0,0,0,0,0,0,0,0,0,0,0,0,0,0,0,0
F160RFZ8.03,0,0,0,0,0,0,0,0,0,0,0,0,0,0,2.02E-05,0,0,0,0,0,0,0,0,0,0,0,0,0,0,0,0,0,0,0,0,0,0,0,0,0,0,0,0,0,0,0,0,0,0.004562891,0,0,0,0.000323037,0,0,0,0,0,0,0,8.08E-05,0,0,0,0,0,0,0,0,0,0,0,0,0,0,0,0,0,0,0,0,0,0,0,0,0,0,0,0,0,0,0,0,0,0,0,2.02E-05,0,0,0,0,0,0,0,0,0,0.994992934,0,0,0,0,0,0,0,0,0,0,0,0,0,0,0,0,0
H160RC7D.03,0,0,0,0,0,0,0,0,0,0,0,0,0,0,0,0,0,0,0,0,0,0,0,0,0,0,0,0,0,0,0,0,0,0,0,0,0,0,0,0,0,0,0,0,0,0,0,0,0.000190876,0,0,0,3.82E-05,0,0,0,0,0,0,0,0,0,0,0,0,0,0,3.82E-05,0,0,0,0,0,7.64E-05,0,0,0,0,0,0,0,0,0,0,0,0,0,0,0,0,0,0,0,0,0,0,0,0,0,0,0,0,0,0,0,0,0.999656423,0,0,0,0,0,0,0,0,0,0,0,0,0,0,0,0,0