,Experiments,Time,k__Bacteria|p__Firmicutes|c__Clostridia|o__Clostridiales|f__[Tissierellaceae],k__Bacteria|p__Proteobacteria|c__Gammaproteobacteria|o__Enterobacteriales|f__Enterobacteriaceae,k__Bacteria|p__Bacteroidetes|c__Bacteroidia|o__Bacteroidales|f__Prevotellaceae,k__Bacteria|p__Firmicutes|c__Clostridia|o__Clostridiales|f__Veillonellaceae,k__Bacteria|p__Firmicutes|c__Clostridia|o__Clostridiales|f__Clostridiaceae,k__Bacteria|p__Firmicutes|c__Bacilli|o__Lactobacillales|f__Enterococcaceae,k__Bacteria|p__Actinobacteria|c__Actinobacteria|o__Bifidobacteriales|f__Bifidobacteriaceae,k__Bacteria|p__Bacteroidetes|c__Bacteroidia|o__Bacteroidales|f__Porphyromonadaceae,k__Bacteria|p__Proteobacteria|c__Epsilonproteobacteria|o__Campylobacterales|f__Campylobacteraceae,k__Bacteria|p__Actinobacteria|c__Coriobacteriia|o__Coriobacteriales|f__Coriobacteriaceae,k__Bacteria|p__Firmicutes|c__Clostridia|o__Clostridiales|f__Lachnospiraceae,k__Bacteria|p__Firmicutes|c__Bacilli|o__Bacillales|f__Staphylococcaceae,k__Bacteria|p__Proteobacteria|c__Gammaproteobacteria|o__Pasteurellales|f__Pasteurellaceae,k__Bacteria|p__Firmicutes|c__Bacilli|o__Lactobacillales|f__Streptococcaceae,k__Bacteria|p__Firmicutes|c__Clostridia|o__Clostridiales|f__Ruminococcaceae,k__Bacteria|p__Firmicutes|c__Bacilli|o__Lactobacillales|f__Lactobacillaceae,k__Bacteria|p__Actinobacteria|c__Actinobacteria|o__Actinomycetales|Other,k__Bacteria|p__Actinobacteria|c__Actinobacteria|o__Actinomycetales|f__Actinomycetaceae,k__Bacteria|p__Actinobacteria|c__Actinobacteria|o__Actinomycetales|f__Propionibacteriaceae,k__Bacteria|p__Bacteroidetes|c__Bacteroidia|o__Bacteroidales|f__Bacteroidaceae,k__Bacteria|p__Firmicutes|c__Clostridia|o__Clostridiales|f__Peptostreptococcaceae,k__Bacteria|p__Firmicutes|c__Clostridia|o__Clostridiales|Other,k__Bacteria|p__Firmicutes|c__Bacilli|o__Lactobacillales|Other,k__Bacteria|p__Proteobacteria|c__Alphaproteobacteria|o__Rhizobiales|f__Phyllobacteriaceae,k__Bacteria|p__Proteobacteria|c__Betaproteobacteria|o__Burkholderiales|f__Alcaligenaceae,k__Bacteria|p__Actinobacteria|c__Actinobacteria|o__Actinomycetales|f__Nocardioidaceae,k__Bacteria|Other|Other|Other|Other,k__Bacteria|p__Fusobacteria|c__Fusobacteriia|o__Fusobacteriales|f__Fusobacteriaceae,k__Bacteria|p__Firmicutes|c__Bacilli|o__Bacillales|f__Bacillaceae,k__Bacteria|p__Firmicutes|c__Bacilli|o__Gemellales|f__Gemellaceae,k__Bacteria|p__Firmicutes|c__Erysipelotrichi|o__Erysipelotrichales|f__Erysipelotrichaceae,k__Bacteria|p__Synergistetes|c__Synergistia|o__Synergistales|f__Dethiosulfovibrionaceae,k__Bacteria|p__Actinobacteria|c__Actinobacteria|o__Actinomycetales|f__Corynebacteriaceae
0,PROP0510192,1,0.030143965,0.002663167,0.015091281,0.619360068,3.86e-05,0.000154387,0.020379019,0.055887915,0.003049134,0.014242155,0.0,0.0,0.0,0.0,0.0,0.0,0.0,0.0,0.0,0.0,0.0,0.0,0.0,0.0,0.0,0.0,0.0,0.0,0.0,0.0,0.0,0.0,0.0
1,PROP0510192,2,0.15232236,0.04670489,0.295915738,0.241351543,0.0,9.66e-05,0.000579785,0.078013271,0.018295433,0.00724731,0.0,0.0,0.0,0.0,0.0,0.0,0.0,0.0,0.0,0.0,0.0,0.0,0.0,0.0,0.0,0.0,0.0,0.0,0.0,0.0,0.0,0.0,0.0
2,PROP0510192,3,0.177569148,0.312647957,0.0,0.002023349,0.184104567,0.040406289,0.246545131,0.0,0.0,0.0,0.0,0.0,0.0,0.0,0.0,0.0,0.0,0.0,0.0,0.0,0.0,0.0,0.0,0.0,0.0,0.0,0.0,0.0,0.0,0.0,0.0,0.0,0.0
3,PROP0510192,4,0.105293583,0.406887439,0.0,0.01238748,0.118341729,0.096870097,0.188289702,0.0,0.0,0.0,0.0,0.0,0.0,0.0,0.0,0.0,0.0,0.0,0.0,0.0,0.0,0.0,0.0,0.0,0.0,0.0,0.0,0.0,0.0,0.0,0.0,0.0,0.0
4,PROP0510192,5,0.594012355,0.001029621,0.100269286,0.076667195,0.000396008,0.000237605,0.056787581,0.048867416,0.028987803,0.050134643,0.0,0.0,0.0,0.0,0.0,0.0,0.0,0.0,0.0,0.0,0.0,0.0,0.0,0.0,0.0,0.0,0.0,0.0,0.0,0.0,0.0,0.0,0.0
5,PROP0510192,6,0.000686559,0.061050964,1.76e-05,0.00047531,0.643464484,0.159581023,0.07034592,0.0,0.0,0.0,0.0,0.0,0.0,0.0,0.0,0.0,0.0,0.0,0.0,0.0,0.0,0.0,0.0,0.0,0.0,0.0,0.0,0.0,0.0,0.0,0.0,0.0,0.0
6,PROP0510192,7,0.232234452,0.342487711,0.0,0.055300278,0.28408848,0.033420603,0.003873691,0.0,0.0,0.0,0.0,0.0,0.0,0.0,0.0,0.0,0.0,0.0,0.0,0.0,0.0,0.0,0.0,0.0,0.0,0.0,0.0,0.0,0.0,0.0,0.0,0.0,0.0
7,PROP0510196,1,0.084438218,0.11116047,0.245045107,0.212069437,0.0,0.0,0.00447649,0.081157736,0.0,0.00427146,0.168261345,0.000478403,0.022758338,0.0,0.0,0.0,0.0,0.0,0.0,0.0,0.0,0.0,0.0,0.0,0.0,0.0,0.0,0.0,0.0,0.0,0.0,0.0,0.0
8,PROP0510196,2,0.457220971,0.000206773,0.144212655,0.066121399,0.0,0.0,0.038643569,0.013003722,0.0,0.048775445,0.087396039,0.005467996,0.0,0.0,0.0,0.0,0.0,0.0,0.0,0.0,0.0,0.0,0.0,0.0,0.0,0.0,0.0,0.0,0.0,0.0,0.0,0.0,0.0
9,PROP0510196,3,0.426604333,0.000102187,0.348559166,0.070534437,0.0,0.0,0.007715103,0.017703863,0.0,0.004981606,0.032137748,0.003857552,0.000945228,0.0,0.0,0.0,0.0,0.0,0.0,0.0,0.0,0.0,0.0,0.0,0.0,0.0,0.0,0.0,0.0,0.0,0.0,0.0,0.0
10,PROP0510196,4,0.316260113,0.0,0.014477766,0.023480747,0.0,0.0,0.081330981,0.001399112,0.0,0.033517854,0.112719752,0.079232313,0.000182493,0.0,0.0,0.0,0.0,0.0,0.0,0.0,0.0,0.0,0.0,0.0,0.0,0.0,0.0,0.0,0.0,0.0,0.0,0.0,0.0
11,PROP0510196,5,0.0,0.674366736,0.0,0.0,0.0,0.0,0.0,0.0,0.0,0.0,0.0,0.141150231,0.126360788,0.0,0.0,0.0,0.0,0.0,0.0,0.0,0.0,0.0,0.0,0.0,0.0,0.0,0.0,0.0,0.0,0.0,0.0,0.0,0.0
12,PROP0510196,6,0.500348065,0.001265689,0.081489294,0.058706887,0.0,0.0,0.011644341,0.118025525,0.0,0.018816581,0.114692543,0.000970362,2.11e-05,0.0,0.0,0.0,0.0,0.0,0.0,0.0,0.0,0.0,0.0,0.0,0.0,0.0,0.0,0.0,0.0,0.0,0.0,0.0,0.0
13,PROP0510196,7,0.374228077,0.001749691,0.238472622,0.084067517,0.0,0.0,0.077274599,0.08939893,0.0,0.042795389,0.023219432,0.000782215,0.0,0.0,0.0,0.0,0.0,0.0,0.0,0.0,0.0,0.0,0.0,0.0,0.0,0.0,0.0,0.0,0.0,0.0,0.0,0.0,0.0
14,PROP0510197,1,0.065141915,0.117394323,0.0,0.56841854,0.065749501,0.087948095,0.033677632,0.0,0.0,0.0,4.34e-05,0.00221335,0.0,0.037453346,0.0,0.0,0.0,0.0,0.0,0.0,0.0,0.0,0.0,0.0,0.0,0.0,0.0,0.0,0.0,0.0,0.0,0.0,0.0
15,PROP0510197,2,0.219072097,0.019748748,0.0,0.045398516,0.004589682,0.000104907,2.62e-05,0.055810538,0.0,0.0,0.371108605,0.000183587,0.0,0.143984893,0.0,0.0,0.0,0.0,0.0,0.0,0.0,0.0,0.0,0.0,0.0,0.0,0.0,0.0,0.0,0.0,0.0,0.0,0.0
16,PROP0510197,3,0.000844502,0.014007711,0.0,0.000348816,0.0,0.554562144,0.401982743,0.0,0.0,0.0,0.0,0.020359831,0.0,0.002735451,0.0,0.0,0.0,0.0,0.0,0.0,0.0,0.0,0.0,0.0,0.0,0.0,0.0,0.0,0.0,0.0,0.0,0.0,0.0
17,PROP0510197,4,0.1061641,0.47174615,0.0,0.009687034,0.310295579,0.084057791,0.000724458,0.0,0.0,0.0,2.07e-05,0.001759397,0.0,0.007637854,0.0,0.0,0.0,0.0,0.0,0.0,0.0,0.0,0.0,0.0,0.0,0.0,0.0,0.0,0.0,0.0,0.0,0.0,0.0
18,PROP0510197,5,0.105557892,0.008034706,0.0,0.199030523,0.006064765,0.00053122,0.000553354,0.100201421,0.0,0.0,0.271320746,2.21e-05,0.0,0.143230262,0.0,0.0,0.0,0.0,0.0,0.0,0.0,0.0,0.0,0.0,0.0,0.0,0.0,0.0,0.0,0.0,0.0,0.0,0.0
19,PROP0510197,6,0.262009487,0.064381199,0.0,0.051444588,0.001940492,0.000905563,0.000409659,0.089327296,0.0,0.0,0.177166882,8.62e-05,0.0,0.049698146,0.0,0.0,0.0,0.0,0.0,0.0,0.0,0.0,0.0,0.0,0.0,0.0,0.0,0.0,0.0,0.0,0.0,0.0,0.0
20,PROP0510197,7,0.093313938,0.03510048,0.0,0.048488767,0.003286461,8.08e-05,0.0,0.085852055,0.0,0.0,0.580221971,0.0,0.0,0.008296967,0.0,0.0,0.0,0.0,0.0,0.0,0.0,0.0,0.0,0.0,0.0,0.0,0.0,0.0,0.0,0.0,0.0,0.0,0.0
21,PROP0510203,1,0.121720417,0.087760156,0.0,0.041182713,0.017098048,0.0,0.054242085,0.0,0.0,0.091474559,0.280437474,0.000206356,0.0,0.0,0.001061258,0.052944991,0.0,0.0,0.0,0.0,0.0,0.0,0.0,0.0,0.0,0.0,0.0,0.0,0.0,0.0,0.0,0.0,0.0
22,PROP0510203,2,0.000217197,0.0,0.0,0.0,0.156897347,0.0,0.0,0.0,0.0,0.0,0.0,0.795292265,0.0,0.0,0.0,5.43e-05,0.0,0.0,0.0,0.0,0.0,0.0,0.0,0.0,0.0,0.0,0.0,0.0,0.0,0.0,0.0,0.0,0.0
23,PROP0510203,3,0.022718447,0.000226537,0.0,0.026699029,0.016245955,0.0,0.178478964,0.0,0.0,0.007508091,0.425372168,3.24e-05,0.0,0.0,0.289126214,0.0,0.0,0.0,0.0,0.0,0.0,0.0,0.0,0.0,0.0,0.0,0.0,0.0,0.0,0.0,0.0,0.0,0.0
24,PROP0510203,4,0.141455884,0.074005463,0.0,0.028927681,0.066690417,0.0,0.089728061,0.0,0.0,0.247880299,0.187293671,9.5e-05,0.0,0.0,0.0,0.028595179,0.0,0.0,0.0,0.0,0.0,0.0,0.0,0.0,0.0,0.0,0.0,0.0,0.0,0.0,0.0,0.0,0.0
25,PROP0510203,5,0.016793742,0.068818695,0.0,0.003485494,0.002475493,0.0,0.327081889,0.0,0.0,0.071135756,0.412001188,7.92e-05,0.0,0.0,0.001940786,0.068303792,0.0,0.0,0.0,0.0,0.0,0.0,0.0,0.0,0.0,0.0,0.0,0.0,0.0,0.0,0.0,0.0,0.0
26,PROP0510203,6,4.34e-05,0.181548135,0.0,0.107914137,0.000151778,0.0,0.0,0.0,0.0,8.67e-05,0.471986123,0.000195143,0.0,0.0,0.008477884,0.128078925,0.0,0.0,0.0,0.0,0.0,0.0,0.0,0.0,0.0,0.0,0.0,0.0,0.0,0.0,0.0,0.0,0.0
27,PROP0510203,7,2.61e-05,0.11385803,0.0,0.082694414,0.070907005,0.0,0.0,0.0,0.0,2.61e-05,0.655713764,2.61e-05,0.0,0.0,0.010744276,0.017915819,0.0,0.0,0.0,0.0,0.0,0.0,0.0,0.0,0.0,0.0,0.0,0.0,0.0,0.0,0.0,0.0,0.0
28,PROP0510204,1,0.029827952,0.137701035,0.0,0.076424386,0.0,0.003179155,0.001589577,0.0,0.0,0.064642813,0.081006109,0.0,0.0,0.262747787,0.0,0.203060716,0.0,0.0,0.0,0.0,0.0,0.0,0.0,0.0,0.0,0.0,0.0,0.0,0.0,0.0,0.0,0.0,0.0
29,PROP0510204,2,6.21e-05,0.105132502,0.0,0.094613045,0.0,0.000217216,0.0,0.0,0.0,0.032644449,0.677403339,0.0,0.0,0.000248247,0.021132005,0.002513498,0.0,0.0,0.0,0.0,0.0,0.0,0.0,0.0,0.0,0.0,0.0,0.0,0.0,0.0,0.0,0.0,0.0
30,PROP0510204,3,0.001095336,0.032733707,0.0,0.044108354,0.0,0.0072882,0.028773645,0.0,0.0,0.009015461,0.64279395,0.0,0.0,0.000126385,0.177318111,0.002864726,0.0,0.0,0.0,0.0,0.0,0.0,0.0,0.0,0.0,0.0,0.0,0.0,0.0,0.0,0.0,0.0,0.0
31,PROP0510204,4,0.232486748,0.000438546,0.0,0.013671205,0.0,0.000247874,0.04179537,0.0,0.0,0.000457614,0.259505015,0.0,0.0,0.163806582,0.224631049,0.0,0.0,0.0,0.0,0.0,0.0,0.0,0.0,0.0,0.0,0.0,0.0,0.0,0.0,0.0,0.0,0.0,0.0
32,PROP0510204,5,0.019433648,0.295842587,0.0,0.006697668,0.0,0.000798168,0.032169628,0.0,0.0,0.173688229,0.175111049,0.0,0.0,0.20766241,0.0,0.049416991,0.0,0.0,0.0,0.0,0.0,0.0,0.0,0.0,0.0,0.0,0.0,0.0,0.0,0.0,0.0,0.0,0.0
33,PROP0510204,6,1.62e-05,0.121422222,0.0,0.063353535,0.0,0.001745455,9.7e-05,0.0,0.0,0.008872727,0.67469899,0.0,0.0,0.011474747,0.010181818,0.004379798,0.0,0.0,0.0,0.0,0.0,0.0,0.0,0.0,0.0,0.0,0.0,0.0,0.0,0.0,0.0,0.0,0.0
34,PROP0510204,7,0.24542932,0.023339644,0.0,0.213609606,0.0,0.00150411,0.071626773,0.0,0.0,0.010606571,0.363839112,0.0,0.0,0.000959519,0.016856409,0.004356733,0.0,0.0,0.0,0.0,0.0,0.0,0.0,0.0,0.0,0.0,0.0,0.0,0.0,0.0,0.0,0.0,0.0
35,PROP0510205,1,0.572706522,0.002282526,0.201254237,0.101998939,0.0,0.0,0.009614276,0.0,0.0,0.0,0.004957001,0.0,0.0,0.001936689,0.005210615,0.0,0.00408088,0.034122611,0.0,0.0,0.0,0.0,0.0,0.0,0.0,0.0,0.0,0.0,0.0,0.0,0.0,0.0,0.0
36,PROP0510205,2,0.050796254,0.045682103,0.008545164,0.061887704,0.0,0.0,0.289888222,0.0,0.0,0.0,0.175672176,0.0,0.0,0.000194208,0.134262656,0.0,0.000453153,0.001596824,0.0,0.0,0.0,0.0,0.0,0.0,0.0,0.0,0.0,0.0,0.0,0.0,0.0,0.0,0.0
37,PROP0510205,3,0.753418886,0.000263329,0.04576655,0.04058775,0.0,0.0,0.005529905,0.0,0.0,0.0,0.018046802,0.0,0.0,0.013938873,0.032863438,0.0,0.00136931,0.013640433,0.0,0.0,0.0,0.0,0.0,0.0,0.0,0.0,0.0,0.0,0.0,0.0,0.0,0.0,0.0
38,PROP0510205,4,0.165895631,0.016722769,0.378935431,0.078141595,0.0,0.0,0.174968049,0.0,0.0,0.0,0.000378017,0.0,0.0,0.032113477,5.4e-05,0.0,0.132666103,0.005382248,0.0,0.0,0.0,0.0,0.0,0.0,0.0,0.0,0.0,0.0,0.0,0.0,0.0,0.0,0.0
39,PROP0510205,5,0.546286934,0.012788825,0.257442984,0.103808561,0.0,0.0,0.007115305,0.0,0.0,0.0,0.005392653,0.0,0.0,0.040463618,0.000131071,0.0,0.003332959,0.005973112,0.0,0.0,0.0,0.0,0.0,0.0,0.0,0.0,0.0,0.0,0.0,0.0,0.0,0.0,0.0
40,PROP0510205,6,0.570852921,0.00278513,0.224667167,0.066527081,0.0,0.0,0.008710939,0.0,0.0,0.0,0.003634496,0.0,0.0,0.016868803,0.003871528,0.0,0.001481452,0.057539604,0.0,0.0,0.0,0.0,0.0,0.0,0.0,0.0,0.0,0.0,0.0,0.0,0.0,0.0,0.0
41,PROP0510205,7,0.453246727,0.055669569,0.158620415,0.088704696,0.0,0.0,0.186634522,0.0,0.0,0.0,0.000458268,0.0,0.0,0.000478192,0.0,0.0,0.012572476,0.035764809,0.0,0.0,0.0,0.0,0.0,0.0,0.0,0.0,0.0,0.0,0.0,0.0,0.0,0.0,0.0
42,PROP0510208,1,0.001242376,0.009374294,0.0,0.077817935,0.0,0.00101649,0.1231082,0.0,0.0,0.0,0.560763497,0.0,0.0,0.000564717,0.005534222,0.0,0.0,0.0,0.0,0.14806867,0.0,0.0,0.0,0.0,0.0,0.0,0.0,0.0,0.0,0.0,0.0,0.0,0.0
43,PROP0510208,2,0.407600149,0.006261974,0.0,0.121636691,0.0,0.000142967,0.015268922,0.0,0.0,0.0,0.018185457,0.0,0.0,0.000371715,0.036342321,0.0,0.0,0.0,0.0,0.002802162,0.0,0.0,0.0,0.0,0.0,0.0,0.0,0.0,0.0,0.0,0.0,0.0,0.0
44,PROP0510208,3,5.15e-05,0.0,0.0,0.0,0.0,0.057793345,0.0,0.0,0.0,0.0,0.0,0.0,0.0,0.876789945,0.0,0.0,0.0,0.0,0.057690327,0.0,0.0,0.0,0.0,0.0,0.0,0.0,0.0,0.0,0.0,0.0,0.0,0.0,0.0
45,PROP0510208,4,6.05e-05,6.05e-05,0.0,0.294697382,0.0,0.135195598,0.145897575,0.0,0.0,0.0,0.000362779,0.0,0.0,0.084346091,6.05e-05,0.0,0.0,0.0,0.272749259,0.0,0.0,0.0,0.0,0.0,0.0,0.0,0.0,0.0,0.0,0.0,0.0,0.0,0.0
46,PROP0510208,5,0.136633965,0.024551416,0.0,0.048187872,0.0,0.022721496,0.542011894,0.0,0.0,0.0,0.000660804,0.0,0.0,0.184161033,0.0,0.0,0.0,0.0,0.001524933,0.0,0.0,0.0,0.0,0.0,0.0,0.0,0.0,0.0,0.0,0.0,0.0,0.0,0.0
47,PROP0510208,6,0.024537617,0.0268219,0.0,0.350121583,0.0,0.042738192,0.285682706,0.0,0.0,0.0,0.179131973,0.0,0.0,0.031943114,0.0,0.0,0.0,0.0,0.0,0.0,0.0,0.0,0.0,0.0,0.0,0.0,0.0,0.0,0.0,0.0,0.0,0.0,0.0
48,PROP0510208,7,0.47631242,0.021927017,0.0,0.047855314,0.0,0.001120359,0.062580026,0.0,0.0,0.0,0.117317542,0.0,0.0,0.000320102,0.017445583,0.0,0.0,0.0,0.0,0.113636364,0.0,0.0,0.0,0.0,0.0,0.0,0.0,0.0,0.0,0.0,0.0,0.0,0.0
49,PROP0510209,1,0.019957782,0.0,0.0,0.055779441,0.014264696,0.0,0.630972942,0.0,0.0,0.0,0.052517111,6.4e-05,0.0,0.027314015,0.0,0.0,0.0,0.0,0.0,0.0,0.012153777,0.0,0.0,0.0,0.0,0.0,0.0,0.0,0.0,0.0,0.0,0.0,0.0
50,PROP0510209,2,0.0,0.0,0.0,0.0,0.0,0.0,0.0,0.0,0.0,0.0,0.000139072,0.900702316,0.0,0.001182115,0.0,0.0,0.0,0.0,0.0,0.0,0.0,0.0,0.0,0.0,0.0,0.0,0.0,0.0,0.0,0.0,0.0,0.0,0.0
51,PROP0510209,3,0.251440852,0.0,0.0,0.269219498,0.001367588,0.0,0.000146527,0.0,0.0,0.0,4.88e-05,0.039757742,0.170850835,0.201523884,0.0,0.0,0.0,0.0,0.0,0.0,0.0,0.0,0.0,0.0,0.0,0.0,0.0,0.0,0.0,0.0,0.0,0.0,0.0
52,PROP0510209,4,0.320402466,0.0,0.0,0.069384669,0.005815982,0.0,0.254565546,0.0,0.0,0.0,0.002035594,0.00011632,0.120856113,0.05251832,0.0,0.0,0.0,0.0,0.0,0.0,0.081307433,0.0,0.0,0.0,0.0,0.0,0.0,0.0,0.0,0.0,0.0,0.0,0.0
53,PROP0510209,5,0.004366446,0.0,0.0,0.018053573,0.004786296,0.0,0.058023344,0.0,0.0,0.0,0.261314972,0.00016794,0.00025191,0.000671761,0.572340247,0.0,0.0,0.0,0.0,0.0,0.00033588,0.0,0.0,0.0,0.0,0.0,0.0,0.0,0.0,0.0,0.0,0.0,0.0
54,PROP0510209,6,0.222005354,0.0,0.0,0.200144992,0.003178675,0.0,0.10673656,0.0,0.0,0.0,0.055487397,0.000334597,0.0,0.246319429,0.001282623,0.0,0.0,0.0,0.0,0.0,0.108967209,0.0,0.0,0.0,0.0,0.0,0.0,0.0,0.0,0.0,0.0,0.0,0.0
55,PROP0510209,7,0.0,0.0,0.0,0.484852016,0.0,0.0,0.0,0.0,0.0,0.0,0.0,0.350792356,0.0,0.000291307,0.0,0.0,0.0,0.0,0.0,0.0,0.0,0.0,0.0,0.0,0.0,0.0,0.0,0.0,0.0,0.0,0.0,0.0,0.0
56,PROP0510213,1,0.0,0.326629269,2.59e-05,0.0,0.000129256,0.506346457,0.0,0.0,0.0,0.0,0.0,0.0,0.0,0.000155107,0.0,0.0,0.0,0.0,0.0,0.0,0.0,0.0,0.0,0.0,0.0,0.0,0.0,0.0,0.0,0.0,0.0,0.0,0.0
57,PROP0510213,2,0.056427673,0.258515723,0.0,0.299672956,0.09690566,0.002339623,0.148301887,0.0,0.0,0.0,0.0,0.0,0.0,0.026289308,0.0,0.0,0.0,0.076477987,0.0,0.0,0.0,0.0,0.0,0.0,0.0,0.0,0.0,0.0,0.0,0.0,0.0,0.0,0.0
58,PROP0510213,3,0.0,0.873027944,0.0,0.007862446,0.0,0.011651887,0.0,0.0,0.0,0.0,0.0,0.0,0.0,0.094658693,0.0,0.0,0.0,0.0,0.0,0.0,0.0,0.0,0.0,0.0,0.0,0.0,0.0,0.0,0.0,0.0,0.0,0.0,0.0
59,PROP0510213,4,0.094133021,0.255677722,0.0,0.29001442,0.019105984,0.005362293,0.0,0.0,0.0,0.0,0.0,0.0,0.0,0.108192141,0.0,0.0,0.0,0.217645999,0.0,0.0,0.0,0.0,0.0,0.0,0.0,0.0,0.0,0.0,0.0,0.0,0.0,0.0,0.0
60,PROP0510213,5,0.05958559,0.0203985,0.0,0.039963635,0.009167014,0.001136407,0.407913179,0.0,0.0,0.0,0.364369862,0.0,0.0,0.012803515,0.0,0.0,0.0,0.047255578,0.0,0.0,0.0,0.0,0.0,0.0,0.0,0.0,0.0,0.0,0.0,0.0,0.0,0.0,0.0
61,PROP0510213,6,0.10290066,0.042810518,0.166734956,0.490682001,0.0,0.001158568,0.014383204,0.0,0.0,0.0,0.01467991,0.0,0.0,8.48e-05,0.0,0.0,0.0,0.0,0.0,0.0,0.0,0.0,0.0,0.0,0.0,0.0,0.0,0.0,0.0,0.0,0.0,0.0,0.0
62,PROP0510213,7,0.051223218,0.028278193,0.069196821,0.200510578,2.07e-05,0.0,0.170795738,0.0,0.0,0.0,0.228633737,0.0,0.0,0.001167922,0.0,0.0,0.0,7.23e-05,0.0,0.0,0.0,0.0,0.0,0.0,0.0,0.0,0.0,0.0,0.0,0.0,0.0,0.0,0.0
63,PROP0510218,1,0.579364812,0.220392183,3.38e-05,0.062067569,0.0,0.0,3.38e-05,0.0,0.0,3.38e-05,0.000236255,0.0,0.0,0.0,0.000202504,0.0,0.0,0.0,0.0,3.38e-05,0.0,0.0,0.0,0.0,0.0,0.0,0.0,0.0,0.0,0.0,0.0,0.0,0.0
64,PROP0510218,2,0.408333333,0.001598174,0.004223744,0.005593607,0.001255708,0.0,0.121689498,0.0,0.0,0.016324201,0.306050228,0.0,0.0,0.0,0.020890411,0.0,0.0,0.0,0.0,0.082305936,0.0,0.0,0.0,0.0,0.0,0.0,0.0,0.0,0.0,0.0,0.0,0.0,0.0
65,PROP0510218,3,0.492397282,0.034940149,0.025049683,0.035633406,0.001155428,0.0,0.167306004,0.0,0.0,0.017285206,0.084669779,0.0,0.0,0.0,0.001062994,0.0,0.0,0.0,0.0,0.091879651,0.0,0.0,0.0,0.0,0.0,0.0,0.0,0.0,0.0,0.0,0.0,0.0,0.0
66,PROP0510218,4,0.807831189,0.00169262,0.031934101,0.016474836,0.000225683,0.0,0.037124803,0.0,0.0,0.012976755,0.054051004,0.0,0.0,0.0,0.003836606,0.0,0.0,0.0,0.0,0.006770481,0.0,0.0,0.0,0.0,0.0,0.0,0.0,0.0,0.0,0.0,0.0,0.0,0.0
67,PROP0510218,5,0.65664477,0.006695301,0.106577396,0.073648307,0.001179047,0.0,0.049351524,0.0,0.0,0.010021897,0.039708607,0.0,0.0,0.0,0.002231767,0.0,0.0,0.0,0.0,0.01343271,0.0,0.0,0.0,0.0,0.0,0.0,0.0,0.0,0.0,0.0,0.0,0.0,0.0
68,PROP0510218,6,0.099652102,0.008962793,0.001061383,0.028834247,0.001356212,0.0,0.491125656,0.0,0.0,0.060970576,0.143876408,0.0,0.0,0.0,0.02464768,0.0,0.0,0.0,0.0,0.112152839,0.0,0.0,0.0,0.0,0.0,0.0,0.0,0.0,0.0,0.0,0.0,0.0,0.0
69,PROP0510218,7,0.02061623,0.61675633,0.0,0.195440352,0.0,0.0,0.0,0.0,0.0,0.0,0.000225725,0.0,0.0,0.0,3.76e-05,0.0,0.0,0.0,0.0,0.0,0.0,0.0,0.0,0.0,0.0,0.0,0.0,0.0,0.0,0.0,0.0,0.0,0.0
70,PROP0510221,1,0.077857909,0.0,0.588401168,0.117260999,0.0,0.027200359,0.003094353,0.0,0.0,0.0,0.0,0.0,0.0,0.0,0.0,0.0,0.0,0.0,0.0,0.029296534,0.078856088,0.0,0.0,0.0,0.0,0.0,0.0,0.0,0.0,0.0,0.0,0.0,0.0
71,PROP0510221,2,0.542400927,0.0,0.219036982,0.028170762,0.0,0.001944238,0.03776785,0.0,0.0,0.0,0.0,0.0,0.0,0.0,0.0,0.0,0.0,0.062174237,0.0,0.027095226,0.053694051,0.0,0.0,0.0,0.0,0.0,0.0,0.0,0.0,0.0,0.0,0.0,0.0
72,PROP0510221,3,0.016573166,0.0,0.0,0.033531755,0.0,0.001199092,0.270566571,0.0,0.0,0.0,0.282685966,0.0,0.0,0.0,0.0,0.0,0.0,0.000214124,0.0,0.022397328,0.003661513,0.081923686,0.0,0.0,0.0,0.0,0.0,0.0,0.0,0.0,0.0,0.0,0.0
73,PROP0510221,4,0.110767121,0.0,0.01954844,0.154662657,0.0,0.416598483,0.000110568,0.0,0.0,0.0,0.0,0.0,0.0,0.0,0.0,0.0,0.0,2.21e-05,0.0,0.240463501,0.032706044,0.0,0.0,0.0,0.0,0.0,0.0,0.0,0.0,0.0,0.0,0.0,0.0
74,PROP0510221,5,0.195354692,0.0,0.009325808,0.105020235,0.0,0.000419594,0.077787252,0.0,0.0,0.0,0.268255709,0.0,0.0,0.0,0.0,0.0,0.0,0.010300348,0.0,0.054398289,0.022563311,0.010584589,0.0,0.0,0.0,0.0,0.0,0.0,0.0,0.0,0.0,0.0,0.0
75,PROP0510221,6,0.076596774,0.0,0.083536438,0.41317978,0.0,0.0,0.138625835,0.0,0.0,0.0,0.091201697,0.0,0.0,0.0,0.0,0.0,0.0,0.00055815,0.0,0.063089546,0.013507228,0.005004744,0.0,0.0,0.0,0.0,0.0,0.0,0.0,0.0,0.0,0.0,0.0
76,PROP0510221,7,0.124666073,0.0,0.016080876,0.132837463,0.0,0.005552355,0.105494736,0.0,0.0,0.0,0.034518883,0.0,0.0,0.0,0.0,0.0,0.0,0.055418784,0.0,0.067413965,0.259022576,0.082237704,0.0,0.0,0.0,0.0,0.0,0.0,0.0,0.0,0.0,0.0,0.0
77,PROP0510238,1,4.91e-05,0.764760797,1.64e-05,0.155657828,0.0,0.006764171,6.55e-05,0.0,0.0,0.0,4.91e-05,0.06598752,0.0,0.0,1.64e-05,0.0,0.0,0.0,0.0,1.64e-05,0.0,0.0,0.0,0.0,0.0,0.0,0.0,0.0,0.0,0.0,0.0,0.0,0.0
78,PROP0510238,2,0.000203346,0.723761625,0.010763767,0.20358973,0.0,0.003578885,0.000271128,0.0,0.0,0.0,0.000325353,2.71e-05,0.0,0.0,1.36e-05,0.0,0.0,0.0,0.0,0.0,0.0,0.0,0.0,0.0,0.0,0.0,0.0,0.0,0.0,0.0,0.0,0.0,0.0
79,PROP0510238,3,0.0,0.274136575,0.001267412,0.355790783,0.0,0.0009975,0.326170889,0.0,0.0,0.0,1.17e-05,0.000105618,0.0,0.0,0.0,0.0,0.0,0.0,0.0,0.0,0.0,0.0,0.0,0.0,0.0,0.0,0.0,0.0,0.0,0.0,0.0,0.0,0.0
80,PROP0510238,4,0.000139365,0.000557461,0.0,0.000300172,0.0,0.676886792,0.0,0.0,0.0,0.0,0.0,0.316112779,0.0,0.0,0.0,0.0,0.0,0.0,0.0,0.0,0.0,0.0,0.0,0.0,0.0,0.0,0.0,0.0,0.0,0.0,0.0,0.0,0.0
81,PROP0510238,5,0.000278928,0.146084735,0.000176165,0.277445022,0.0,0.001482721,0.530080155,0.0,0.0,0.0,8.81e-05,2.94e-05,0.0,0.0,0.0,0.0,0.0,0.0,0.0,0.0,0.0,0.0,0.0,0.0,0.0,0.0,0.0,0.0,0.0,0.0,0.0,0.0,0.0
82,PROP0510238,6,0.005653847,0.002040901,0.00743274,0.41786064,0.0,5.52e-05,0.00215122,0.0,0.0,0.0,0.267289049,8.27e-05,0.0,0.0,0.075237531,0.0,0.0,0.0,0.0,0.119075527,0.0,0.0,0.0,0.0,0.0,0.0,0.0,0.0,0.0,0.0,0.0,0.0,0.0
83,PROP0510238,7,0.058676414,0.141836604,0.045081442,0.63683468,0.0,0.001885341,0.055752212,0.0,0.0,0.0,3.85e-05,0.000461716,0.0,0.0,1.28e-05,0.0,0.0,0.0,0.0,0.0,0.0,0.0,0.0,0.0,0.0,0.0,0.0,0.0,0.0,0.0,0.0,0.0,0.0
84,PROP0510250,1,0.136549712,0.068463071,0.0,0.209357404,0.0,0.014288627,0.0,0.0,0.0,0.03031824,0.336198378,1.57e-05,0.0,0.0,0.111156422,0.0,0.0,0.0,0.0,0.0,0.0,0.039823078,0.0,0.0,0.0,0.0,0.0,0.0,0.0,0.0,0.0,0.0,0.0
85,PROP0510250,2,0.000277712,0.000383507,0.0,2.64e-05,0.0,7.93e-05,0.0,0.0,0.0,5.29e-05,0.000119019,0.956240578,0.0,0.0,3.97e-05,0.0,0.0,0.0,0.0,0.0,0.0,1.32e-05,0.0,0.0,0.0,0.0,0.0,0.0,0.0,0.0,0.0,0.0,0.0
86,PROP0510250,3,9.3e-06,0.46990674,3.72e-05,0.511869009,0.0,0.014625891,0.0,0.0,0.0,0.0,9.3e-06,0.00024175,0.0,0.0,0.0,0.0,0.0,0.0,0.0,0.0,0.0,0.0,0.0,0.0,0.0,0.0,0.0,0.0,0.0,0.0,0.0,0.0,0.0
87,PROP0510250,4,0.130880346,0.160043221,0.0,0.395848499,0.0,0.005698362,0.0,0.0,0.0,0.0991697,0.111146497,0.000250227,0.0,0.0,0.03283667,0.0,0.0,0.0,0.0,0.0,0.0,0.026353503,0.0,0.0,0.0,0.0,0.0,0.0,0.0,0.0,0.0,0.0,0.0
88,PROP0510250,5,0.440447557,0.264042162,1.18e-05,0.200233447,0.0,0.014112903,0.0,0.0,0.0,0.001367666,0.0,1.18e-05,0.0,0.0,0.0,0.0,0.0,0.0,0.0,0.0,0.0,0.034899076,0.0,0.0,0.0,0.0,0.0,0.0,0.0,0.0,0.0,0.0,0.0
89,PROP0510250,6,0.161807409,0.128237407,0.0,0.450945835,0.0,0.002970945,0.0,0.0,0.0,0.00547191,0.111519546,0.0,0.0,0.0,0.014485456,0.0,0.0,0.0,0.0,0.0,0.0,0.032915387,0.0,0.0,0.0,0.0,0.0,0.0,0.0,0.0,0.0,0.0,0.0
90,PROP0510250,7,0.340184804,0.011314233,0.000691351,0.326557203,0.0,9.31e-05,0.0,0.0,0.0,0.004267766,0.172212989,0.000186133,0.0,0.0,0.031802167,0.0,0.0,0.0,0.0,0.0,0.0,0.008469055,0.0,0.0,0.0,0.0,0.0,0.0,0.0,0.0,0.0,0.0,0.0
91,PROP0510251,1,0.238653475,0.200303981,0.0,0.024684408,0.0,0.044218022,0.027625709,0.000365903,0.0,0.0,0.275539356,7.04e-05,0.0,0.0,0.093755717,0.0,0.0,0.0,0.000154805,0.0,0.0,0.0,0.0,0.0,0.0,0.0,0.0,0.0,0.0,0.0,0.0,0.0,0.0
92,PROP0510251,2,0.0,0.307315624,0.0,0.454769121,0.0,0.087953884,0.0,0.0,0.0,0.0,0.0,0.047411898,0.0,0.0,0.0,0.0,0.0,0.0,0.098021038,0.0,0.0,0.0,0.0,0.0,0.0,0.0,0.0,0.0,0.0,0.0,0.0,0.0,0.0
93,PROP0510251,3,0.085265684,0.286732945,0.0,0.454809736,0.0,0.083291052,0.0,0.0,0.0,0.0,0.0,0.000521083,0.0,0.0,0.0,0.0,0.0,0.0,0.000479945,0.0,0.0,0.0,0.0,0.0,0.0,0.0,0.0,0.0,0.0,0.0,0.0,0.0,0.0
94,PROP0510251,4,0.438705926,0.180157275,0.0,0.301080037,0.0,0.025818404,1.97e-05,0.0,0.0,0.0,0.0,0.000502572,0.0,0.0,0.0,0.0,0.0,0.0,0.049675792,0.0,0.0,0.0,0.0,0.0,0.0,0.0,0.0,0.0,0.0,0.0,0.0,0.0,0.0
95,PROP0510251,5,0.333854406,0.298349829,0.0,0.214395279,0.0,0.043945952,0.0,0.0,0.0,0.0,0.0,0.000332184,0.0,0.0,0.0,0.0,0.0,0.0,0.104168906,0.0,0.0,0.0,0.0,0.0,0.0,0.0,0.0,0.0,0.0,0.0,0.0,0.0,0.0
96,PROP0510251,6,0.478775405,0.031314639,0.0,0.264378698,0.0,0.010774376,0.033383072,0.000216105,0.0,0.0,0.002675585,2.06e-05,0.0,0.0,0.007965012,0.0,0.0,0.0,0.000226396,0.0,0.0,0.0,0.0,0.0,0.0,0.0,0.0,0.0,0.0,0.0,0.0,0.0,0.0
97,PROP0510251,7,0.301633122,0.023481143,0.0,0.043995403,0.0,6.68e-05,0.080239489,0.062692112,0.0,0.0,0.26490792,1.34e-05,0.0,0.0,0.029548553,0.0,0.0,0.0,2.67e-05,0.0,0.0,0.0,0.0,0.0,0.0,0.0,0.0,0.0,0.0,0.0,0.0,0.0,0.0
98,PROP0510254,1,0.006458979,0.506671016,0.0,0.250008155,0.024596314,0.208775077,0.0,0.0,0.0,0.0,0.000163106,0.000521938,0.0,0.001663676,0.0,0.0,0.0,0.0,0.0,0.0,0.0,0.0,0.0,0.0,0.0,0.0,0.0,0.0,0.0,0.0,0.0,0.0,0.0
99,PROP0510254,2,0.087820053,0.614501077,0.0,0.095876206,0.002073861,0.193866156,0.0,0.0,0.0,0.0,0.0,0.002353035,0.0,0.000757757,0.0,0.0,0.0,0.0,0.0,0.0,0.0,0.0,0.0,0.0,0.0,0.0,0.0,0.0,0.0,0.0,0.0,0.0,0.0
100,PROP0510254,3,0.088884376,0.449092878,6.77e-05,0.288248037,0.007784999,0.115691849,0.0,0.0,0.0,0.0,0.000203087,0.0,0.0,0.00216626,0.0,0.0,0.0,0.0,0.0,0.0,0.0,0.04068508,0.0,0.0,0.0,0.0,0.0,0.0,0.0,0.0,0.0,0.0,0.0
101,PROP0510254,4,0.0,0.709679233,0.0,0.0,0.0,0.283264457,0.0,0.0,0.0,0.0,0.0,0.005369543,0.0,0.001180737,0.0,0.0,0.0,0.0,0.0,0.0,0.0,0.0,0.0,0.0,0.0,0.0,0.0,0.0,0.0,0.0,0.0,0.0,0.0
102,PROP0510254,5,0.334784976,0.092868808,0.0,0.300653239,0.137234622,0.066031573,0.0,0.0,0.0,0.0,0.0,0.000870985,0.0,0.01290147,0.0,0.0,0.0,0.0,0.0,0.0,0.0,0.044311377,0.0,0.0,0.0,0.0,0.0,0.0,0.0,0.0,0.0,0.0,0.0
103,PROP0510254,6,0.075814103,0.100962646,0.019160794,0.003316291,0.001612086,0.020634701,0.0,0.0,0.0,0.0,0.668094514,9.21e-05,0.0,0.022615264,0.0,0.0,0.0,0.0,0.0,0.0,0.0,0.021509834,0.0,0.0,0.0,0.0,0.0,0.0,0.0,0.0,0.0,0.0,0.0
104,PROP0510254,7,0.000602682,0.00015067,0.007834865,0.029380744,0.0,0.0,0.0,0.0,0.0,0.0,0.000452011,0.170257647,0.0,0.044749134,0.0,0.0,0.0,0.0,0.0,0.0,0.0,0.0,0.0,0.0,0.0,0.0,0.0,0.0,0.0,0.0,0.0,0.0,0.0
105,RPRC0530001,1,0.559577443,0.054528507,0.060711512,0.041230387,0.02908187,0.0,0.007954016,0.0,0.0,0.000528196,0.178281808,0.0,0.0,0.0,0.005095541,0.0,0.0,0.0,0.0,0.0,0.0,0.0,0.0,0.0,0.0,0.0,0.0,0.0,0.0,0.0,0.0,0.0,0.0
106,RPRC0530001,2,0.557139631,0.000451697,0.012111117,0.113940489,8.47e-05,0.0,0.005025126,0.248574332,0.0,0.00189148,0.004855739,0.0,0.0,0.0,0.004714584,0.0,0.0,0.0,0.0,0.0,0.0,0.0,0.0,0.0,0.0,0.0,0.0,0.0,0.0,0.0,0.0,0.0,0.0
107,RPRC0530001,3,0.445031056,0.005828954,0.20422838,0.204467272,0.000740564,0.0,0.048518872,0.001576684,0.0,0.000597229,0.024677496,0.0,0.0,0.0,0.003296703,0.0,0.0,0.0,0.0,0.0,0.0,0.0,0.0,0.0,0.0,0.0,0.0,0.0,0.0,0.0,0.0,0.0,0.0
108,RPRC0530001,4,0.053947157,0.025363902,0.178513119,0.651390071,0.0,0.0,0.023501276,0.00089682,0.0,0.052682411,0.000804838,0.0,0.0,0.0,0.00094281,0.0,0.0,0.0,0.0,0.0,0.0,0.0,0.0,0.0,0.0,0.0,0.0,0.0,0.0,0.0,0.0,0.0,0.0
109,RPRC0530001,5,0.557662515,0.002416806,0.188758753,0.063952408,0.001022495,0.0,0.015089546,0.03082977,0.0,0.02224701,0.01921051,0.0,0.0,0.0,0.009016546,0.0,0.0,0.0,0.0,0.0,0.0,0.0,0.0,0.0,0.0,0.0,0.0,0.0,0.0,0.0,0.0,0.0,0.0
110,RPRC0530001,6,0.008859237,0.01834737,0.002433556,0.075412884,0.008831893,0.0,0.141036859,5.47e-05,0.0,0.095072733,0.35360385,0.0,0.0,0.0,0.260527179,0.0,0.0,0.0,0.0,0.0,0.0,0.0,0.0,0.0,0.0,0.0,0.0,0.0,0.0,0.0,0.0,0.0,0.0
111,RPRC0530001,7,0.149745952,0.236549694,0.0,0.034474571,0.236074837,0.0,0.0,0.0,0.0,0.005532077,0.152286433,0.0,0.0,0.0,0.000712285,0.0,0.0,0.0,0.0,0.0,0.0,0.0,0.0,0.0,0.0,0.0,0.0,0.0,0.0,0.0,0.0,0.0,0.0
112,RPRC0530003,1,0.351459923,0.008870076,0.361300585,0.100293872,0.0,8.09e-05,0.015232806,0.0,0.0,0.0,0.00374754,0.0,0.0,0.070421396,0.0,0.0,0.0,0.0,0.0,0.026340622,0.0,0.0,0.0,0.0,0.0,0.0,0.0,0.0,0.0,0.0,0.0,0.0,0.0
113,RPRC0530003,2,0.084780848,0.076275763,0.047745477,0.080798308,0.0,0.014917649,0.407929079,0.0,0.0,0.0,0.111398614,0.0,0.0,0.003667537,0.0,0.0,0.0,0.0,0.0,0.10498605,6.75e-05,0.0,0.0,0.0,0.0,0.0,0.0,0.0,0.0,0.0,0.0,0.0,0.0
114,RPRC0530003,3,0.154080038,0.46209023,0.156114168,0.002505192,0.0,0.000321179,0.001156243,0.0,0.0,0.0,0.00010706,0.0,0.0,0.000663769,0.0,0.0,0.0,0.0,0.0,0.038434362,0.0,0.0,0.0,0.0,0.0,0.0,0.0,0.0,0.0,0.0,0.0,0.0,0.0
115,RPRC0530003,4,0.296308816,0.000721111,0.344600685,0.077586984,0.0,0.001690103,0.047796106,0.0,0.0,0.0,0.113642509,0.0,0.0,0.016878493,0.0,0.0,0.0,0.0,0.0,0.016517938,0.022467099,0.0,0.0,0.0,0.0,0.0,0.0,0.0,0.0,0.0,0.0,0.0,0.0
116,RPRC0530003,5,0.0,0.634568756,0.0,0.0,0.0,0.362313821,0.000145844,0.0,0.0,0.0,1.82e-05,0.0,0.0,3.65e-05,0.0,0.0,0.0,0.0,0.0,0.001695441,0.0,0.0,0.0,0.0,0.0,0.0,0.0,0.0,0.0,0.0,0.0,0.0,0.0
117,RPRC0530003,6,0.181940154,0.073294019,0.123186371,0.085650098,0.0,0.005210771,0.324752722,0.0,0.0,0.0,0.045555244,0.0,0.0,0.016131549,0.0,0.0,0.0,0.0,0.0,0.077256701,0.0,0.0,0.0,0.0,0.0,0.0,0.0,0.0,0.0,0.0,0.0,0.0,0.0
118,RPRC0530003,7,0.3864097,0.012409771,0.167691925,0.060235395,0.0,0.005475945,0.019699179,0.0,0.0,0.0,0.040216193,0.0,0.0,0.007822779,0.0,0.0,0.0,0.0,0.0,0.037620453,0.108736621,0.0,0.0,0.0,0.0,0.0,0.0,0.0,0.0,0.0,0.0,0.0,0.0
119,RPRC0530004,1,0.08552565,0.060862086,0.000708287,0.030228676,0.0,0.0,0.107533138,0.0,0.0,0.114616007,0.39648892,0.0,0.0,0.0,0.012673277,0.0,0.0,0.0,0.0,0.05714358,0.0,0.0,0.0,0.0,0.0,0.0,0.0,0.0,0.0,0.0,0.0,0.0,0.0
120,RPRC0530004,2,0.02584472,0.033471031,0.003389471,0.148209935,0.0,0.0,0.065432687,0.0,0.0,0.07650143,0.473387353,0.0,0.0,0.0,0.013531406,0.0,0.0,0.0,0.0,0.09908908,0.0,0.0,0.0,0.0,0.0,0.0,0.0,0.0,0.0,0.0,0.0,0.0,0.0
121,RPRC0530004,3,0.13884007,0.00208027,0.114486568,0.031204046,0.0,0.0,0.143574477,0.0,0.0,0.042143395,0.19568882,0.0,0.0,0.0,0.218679387,0.0,0.0,0.0,0.0,0.028657509,0.0,0.0,0.001721603,0.0,0.0,0.0,0.0,0.0,0.0,0.0,0.0,0.0,0.0
122,RPRC0530004,4,0.6405403,0.002154981,0.116524482,0.087665511,0.0,0.0,0.003954501,0.0,0.0,0.007531325,0.039389496,0.0,0.0,0.0,0.00222163,0.0,0.0,0.0,0.0,0.022705056,0.0,0.0,0.0,0.0,0.0,0.0,0.0,0.0,0.0,0.0,0.0,0.0,0.0
123,RPRC0530004,5,0.501923718,0.000578228,0.069387301,0.014500167,0.0,0.0,0.056177027,0.0,0.0,0.007005449,0.15647726,0.0,0.0,0.0,0.108729011,0.0,0.0,0.0,0.0,0.028644501,0.0,0.0,0.0,0.0,0.0,0.0,0.0,0.0,0.0,0.0,0.0,0.0,0.0
124,RPRC0530004,6,0.560444236,0.004489171,0.063124973,0.055763585,0.0,0.0,0.019914046,0.0,0.0,0.028424322,0.174162802,0.0,0.0,0.0,0.006531637,0.0,0.0,0.0,0.0,0.014871708,0.0,0.0,4.26e-05,0.0,0.0,0.0,0.0,0.0,0.0,0.0,0.0,0.0,0.0
125,RPRC0530004,7,0.0,0.587141804,0.0,0.000368562,0.0,0.0,0.0,0.0,0.0,0.0,0.0,0.0,0.0,0.0,0.0,0.0,0.0,0.0,0.0,0.000115176,0.0,0.0,0.1637796,0.0,0.0,0.0,0.0,0.0,0.0,0.0,0.0,0.0,0.0
126,RPRC0530005,1,0.242424242,0.009476485,0.000841751,0.188850874,0.0,0.001955034,0.304496579,0.0,0.0,0.0,0.079368958,0.0,0.0,0.031714999,0.0,0.0,0.0,0.009367872,0.0,0.088872597,0.0,0.0,0.0,0.0,0.0,0.0,0.0,0.0,0.0,0.0,0.0,0.0,0.0
127,RPRC0530005,2,0.0,0.843608068,0.0,0.0,0.0,0.122352635,0.0,0.0,0.0,0.0,0.0,0.0,0.0,0.010027837,0.0,0.0,0.0,0.0,0.0,0.02183008,0.0,0.0,0.0,0.0,0.0,0.0,0.0,0.0,0.0,0.0,0.0,0.0,0.0
128,RPRC0530005,3,0.048223801,0.121314387,0.0,0.000319716,0.0,0.019058615,0.568667851,0.0,0.0,0.0,0.0,0.0,0.0,0.032007105,0.0,0.0,0.0,0.0,0.0,0.194653641,0.0,0.0,0.0,0.0,0.0,0.0,0.0,0.0,0.0,0.0,0.0,0.0,0.0
129,RPRC0530005,4,0.357703006,0.087016991,1.68e-05,0.008344784,0.0,0.007892356,0.324424411,0.0,0.0,0.0,0.000268105,0.0,0.0,0.009785851,0.0,0.0,0.0,0.064965314,0.0,0.045041724,0.0,0.0,0.0,0.0,0.0,0.0,0.0,0.0,0.0,0.0,0.0,0.0,0.0
130,RPRC0530005,5,0.238603398,0.100556509,0.0,0.026078977,0.0,0.006379137,0.395861701,0.0,0.0,0.0,0.000207211,0.0,0.0,0.074640341,0.0,0.0,0.0,0.088242259,0.0,0.053638032,0.0,0.0,0.0,0.0,0.0,0.0,0.0,0.0,0.0,0.0,0.0,0.0,0.0
131,RPRC0530005,6,0.493772112,0.001088572,0.156356633,0.085578513,0.0,0.0,0.074295045,0.0,0.0,0.0,0.055098495,0.0,0.0,0.046180577,0.0,0.0,0.0,0.001779397,0.0,0.013314074,0.0,0.0,0.0,0.0,0.0,0.0,0.0,0.0,0.0,0.0,0.0,0.0,0.0
132,RPRC0530005,7,0.216229597,0.096371935,0.000123772,0.027848689,0.0,0.006467084,0.405090121,0.0,0.0,0.0,0.000154715,0.0,0.0,0.071694902,0.0,0.0,0.0,0.110729481,0.0,0.047760501,0.0,0.0,0.0,0.0,0.0,0.0,0.0,0.0,0.0,0.0,0.0,0.0,0.0
133,RPRC0530006,1,9.32e-05,0.307341017,0.0,0.013607133,0.0,0.0,3.11e-05,0.0,0.0,0.0,0.624654385,0.0,0.0,0.0,0.0,0.0,0.0,0.0,0.0,0.0,0.0,0.0,0.0,0.0,0.0,0.0,0.0,0.0,0.0,0.0,0.0,0.0,0.0
134,RPRC0530006,2,0.370139337,0.000572114,0.275592876,0.10681923,0.0,0.0,0.02810741,0.0,0.0,0.0,0.005315124,0.0,0.0,0.0,0.0,0.0,0.0,0.0,0.0,0.0,0.145833718,0.0,0.0,0.0,0.002989757,0.0,0.0,0.0,0.0,0.0,0.0,0.0,0.0
135,RPRC0530006,3,0.001428571,0.019107143,0.002857143,0.0,0.0,0.0,0.0,0.0,0.0,0.0,0.0,0.0,0.0,0.0,0.0,0.0,0.0,0.0,0.0,0.0,0.0,0.0,0.0,0.290535714,0.0,0.132321429,0.0,0.0,0.0,0.0,0.0,0.0,0.0
136,RPRC0530006,4,2.63e-05,0.438508728,0.0,0.002948843,0.0,0.0,2.63e-05,0.0,0.0,0.0,0.519786209,0.0,0.0,0.0,0.0,0.0,0.0,0.0,0.0,0.0,0.0,0.0,0.0,0.0,0.0,0.0,0.0,0.0,0.0,0.0,0.0,0.0,0.0
137,RPRC0530006,5,0.39705963,0.000493719,0.273556787,0.099511767,0.0,0.0,0.023021925,0.0,0.0,0.0,0.00581491,0.0,0.0,0.0,0.0,0.0,0.0,0.0,0.0,0.0,0.132060636,0.0,0.0,0.0,0.003529175,0.0,0.0,0.0,0.0,0.0,0.0,0.0,0.0
138,RPRC0530006,6,0.28283672,0.009032283,0.383454411,0.040790956,0.0,0.0,0.051882211,0.0,0.0,0.0,0.015286896,0.0,0.0,0.0,0.0,0.0,0.0,0.0,0.0,0.0,0.150246688,0.0,0.0,0.001437396,0.024804786,9.71e-05,0.0,0.0,0.0,0.0,0.0,0.0,0.0
139,RPRC0530006,7,0.002671661,0.115928058,0.000771201,0.081526978,0.0,0.0,0.386784918,0.0,0.0,0.0,0.210290027,0.0,0.0,0.0,0.0,0.0,0.0,0.0,0.0,0.0,0.003525491,0.0,0.0,0.0,0.006031895,0.0,0.0,0.0,0.0,0.0,0.0,0.0,0.0
140,RPRC0530007,1,0.192769192,0.0,0.0,0.025317251,0.0,0.0,0.268595301,0.093039327,0.0,0.0,0.265485614,0.0,0.0,0.0,0.014449051,0.0,0.0,0.01504586,0.0,0.004962935,0.0,0.0,0.0,0.0,0.0,0.0,0.0,0.0,0.0,0.0,0.0,0.0,0.0
141,RPRC0530007,2,0.0,0.0,0.0,7.48e-05,0.0,0.0,2.49e-05,0.0,0.0,0.0,0.0,0.798569756,0.0,0.0,0.0,0.0,0.0,0.0,0.0,2.49e-05,0.0,0.0,0.0,0.0,0.0,0.0,0.197468418,0.0,0.0,0.0,0.0,0.0,0.0
142,RPRC0530007,3,0.219004779,0.0,0.0,0.103176834,0.0,0.0,0.110936182,0.168119202,0.0,0.0,0.169243745,5.62e-05,0.0,0.0,0.005454034,0.0,0.0,0.021816137,0.0,0.026145628,0.0,0.0,0.0,0.0,0.0,0.0,0.0,0.0,0.0,0.0,0.0,0.0,0.0
143,RPRC0530007,4,0.109825568,0.0,0.0,0.134890391,0.0,0.0,0.311345957,0.009369844,0.0,0.0,0.230513868,1.96e-05,0.0,0.0,0.029838139,0.0,0.0,0.026321993,0.0,0.117938242,0.0,0.0,0.0,0.0,0.0,0.0,1.96e-05,0.0,0.0,0.0,0.0,0.0,0.0
144,RPRC0530007,5,0.4030115,0.0,0.0,0.071443383,0.0,0.0,0.12947219,0.285454516,0.0,0.0,0.040913659,0.0,0.0,0.0,0.005104238,0.0,0.0,0.021772766,0.0,0.0,0.0,0.0,0.0,0.0,0.0,0.0,0.0,0.0,0.0,0.0,0.0,0.0,0.0
145,RPRC0530007,6,0.162287804,0.0,0.0,0.053225385,0.0,0.0,0.431548707,0.108435623,0.0,0.0,0.137633847,0.000208932,0.0,0.0,0.008670671,0.0,0.0,0.011909115,0.0,0.033951423,0.0,0.0,0.0,0.0,0.0,0.0,0.0,0.0,0.0,0.0,0.0,0.0,0.0
146,RPRC0530007,7,0.085153257,0.0,0.0,0.129693487,0.0,0.0,0.429501916,0.047222222,0.0,0.0,0.170785441,0.000239464,0.0,0.0,0.016139847,0.0,0.0,0.006321839,0.0,0.041427203,0.0,0.0,0.0,0.0,0.0,0.0,0.0,0.0,0.0,0.0,0.0,0.0,0.0
147,RPRC0530010,1,0.000200515,0.000100257,0.0,0.000300772,0.0,0.0,0.000133676,0.240751262,0.0,0.0,0.0,0.0,0.0,6.68e-05,0.0,0.0,0.0,0.0,0.0,0.746282124,0.0,0.0,0.0,0.0,0.0,0.0,0.0,0.0,0.0,0.0,0.0,0.0,0.0
148,RPRC0530010,2,0.23106012,0.058774516,0.0,0.053839251,0.0,0.0,0.048583515,0.030765287,0.0,0.039674401,0.248878349,0.0,0.0,0.128445071,0.008909114,0.0,0.0,0.0,0.0,0.081271632,0.0,0.0,0.0,0.0,0.0,0.0,0.0,0.0,0.0,0.0,0.0,0.0,0.0
149,RPRC0530010,3,0.222960152,0.013541487,0.0,0.092806624,0.0,0.0,0.226151458,0.015784026,0.0,0.038899431,0.179661894,0.0,0.0,0.004485078,0.032171813,0.0,0.0,0.0,0.0,0.108073141,0.0,0.0,0.0,0.0,0.0,0.0,0.0,0.0,0.0,0.0,0.0,0.0,0.0
150,RPRC0530010,4,0.618401706,0.027642994,0.0,0.031061609,0.0,0.0,0.0,0.018820762,0.0,0.021210116,0.03731069,0.0,0.0,0.040729305,0.0,0.0,0.0,0.0,0.0,0.158653139,0.0,0.0,0.0,0.0,0.0,0.0,0.0,0.0,0.0,0.0,0.0,0.0,0.0
151,RPRC0530010,5,0.017569299,0.193565792,0.0,0.021110137,0.0,0.0,0.302724759,0.00387806,0.0,0.052707898,0.1269306,0.0,0.0,0.120489647,0.018075133,0.0,0.0,0.0,0.0,0.128515546,0.0,0.0,0.0,0.0,0.0,0.0,0.0,0.0,0.0,0.0,0.0,0.0,0.0
152,RPRC0530010,6,0.462154942,0.0,0.0,0.010685663,0.0,0.0,0.001929356,0.000148412,0.0,0.00296824,0.104036806,0.0,0.0,0.001038884,0.173790442,0.0,0.0,0.0,0.0,0.005342832,0.0,0.0,0.0,0.0,0.0,0.0,0.0,0.0,0.0,0.0,0.0,0.0,0.0
153,RPRC0530010,7,0.073023803,0.003967088,0.0,0.085512783,0.0,0.0,0.384954452,0.00176315,0.0,0.117837202,0.249926535,0.0,0.0,0.000293858,0.007493388,0.0,0.0,0.0,0.0,0.037760799,0.0,0.0,0.0,0.0,0.0,0.0,0.0,0.0,0.0,0.0,0.0,0.0,0.0
154,RPRC0530011,1,0.038974863,0.189019897,0.106894293,0.016867273,0.052812577,0.010930975,0.460329157,0.0,0.0,0.0,0.0,0.0,0.0,0.0,0.0,0.0,0.0,0.011545075,0.0,0.101367395,0.0,0.0,0.0,0.0,0.0,0.0,0.0,0.0,0.0,0.0,0.0,0.0,0.0
155,RPRC0530011,2,0.864227747,0.000515265,0.000128816,0.059899523,0.000772897,0.001803427,0.008373052,0.0,0.0,0.0,0.0,0.0,0.0,0.0,0.0,0.0,0.0,0.003349221,0.0,0.0,0.0,0.005152647,0.0,0.0,0.0,0.0,0.0,0.0,0.0,0.0,0.0,0.0,0.0
156,RPRC0530011,3,0.122938648,0.043767097,0.440523642,0.041930442,0.000937866,0.027159047,0.250449394,0.0,0.0,0.0,0.0,0.0,0.0,0.0,0.0,0.0,0.0,0.02586948,0.0,0.041187964,0.0,0.0,0.0,0.0,0.0,0.0,0.0,0.0,0.0,0.0,0.0,0.0,0.0
157,RPRC0530011,4,0.316234932,0.040651449,0.449217748,0.023467556,0.005706591,0.056168248,0.094960246,0.0,0.0,0.0,0.0,0.0,0.0,0.0,0.0,0.0,0.0,0.000128238,0.0,0.001346499,0.0,0.000128238,0.0,0.0,0.0,0.0,0.0,0.0,0.0,0.0,0.0,0.0,0.0
158,RPRC0530011,5,0.631178707,0.012294043,0.116856781,0.04486692,0.013434728,0.001520913,0.130925222,0.0,0.0,0.0,0.0,0.0,0.0,0.0,0.0,0.0,0.0,0.007351077,0.0,0.030164766,0.0,0.002534854,0.0,0.0,0.0,0.0,0.0,0.0,0.0,0.0,0.0,0.0,0.0
159,RPRC0530011,6,0.0,6.64e-05,0.0,0.0,0.0,0.995883134,3.32e-05,0.0,0.0,0.0,0.0,0.0,0.0,0.0,0.0,0.0,0.0,0.0,0.0,0.0,0.0,0.0,0.0,0.0,0.0,0.0,0.0,0.0,0.0,0.0,0.0,0.0,0.0
160,RPRC0530011,7,0.095373569,0.137302716,0.148276096,0.017882544,0.024859446,0.005351216,0.419426946,0.0,0.0,0.0,0.0,0.0,0.0,0.0,0.0,0.0,0.0,0.019914651,0.0,0.127616338,0.0,0.0,0.0,0.0,0.0,0.0,0.0,0.0,0.0,0.0,0.0,0.0,0.0
161,RPRC0530015,1,0.364858573,0.042893726,0.0,0.144337097,0.027296007,0.0,0.010068677,0.0,0.0,0.0,0.176405541,0.0,0.0,0.0,0.01711093,0.0,0.0,0.0,0.0,0.0,0.000465604,0.06052846,0.0,0.0,0.0,0.0,0.0,0.0,0.0,0.0,0.0,0.0,0.0
162,RPRC0530015,2,0.29323378,0.172100357,0.0,0.161804944,0.266103974,0.0,0.0,0.0,0.0,0.0,0.017344525,0.0,0.0,0.0,0.000278254,0.0,0.0,0.0,0.0,0.0,0.0,0.062839123,0.0,0.0,0.0,0.0,0.0,0.0,0.0,0.0,0.0,0.0,0.0
163,RPRC0530015,3,0.342318627,0.037748763,0.0,0.156049279,0.050647573,0.0,0.0,0.0,0.0,0.0,0.183110456,0.0,0.0,0.0,0.016952722,0.0,0.0,0.0,0.0,0.0,0.000157945,0.069864168,0.0,0.0,0.0,0.0,0.0,0.0,0.0,0.0,0.0,0.0,0.0
164,RPRC0530015,4,0.246367262,0.021016126,0.044771978,0.09998266,0.032079071,0.0,0.007594937,0.0,0.0,0.0,0.449141668,0.0,0.0,0.0,0.026877059,0.0,0.0,0.0,0.0,0.0,0.000901682,0.04081845,0.0,0.0,0.0,0.0,0.0,0.0,0.0,0.0,0.0,0.0,0.0
165,RPRC0530015,5,0.183838602,0.014348905,0.08045636,0.11562736,0.006715935,0.0,0.000269716,0.0,0.0,0.0,0.496385802,0.0,0.0,0.0,0.020390549,0.0,0.0,0.0,0.0,0.0,0.003641169,0.039783148,0.0,0.0,0.0,0.0,0.0,0.0,0.0,0.0,0.0,0.0,0.0
166,RPRC0530015,6,0.459126682,0.000126936,0.05851739,0.010408733,0.000634679,0.0,0.0,0.0,0.0,0.0,0.055470932,0.0,0.0,0.0,0.004696624,0.0,0.0,0.0,0.0,0.0,0.266057375,0.00418888,0.0,0.0,0.0,0.0,0.0,0.0,0.0,0.0,0.0,0.0,0.0
167,RPRC0530015,7,0.425934419,0.001031873,0.068447604,0.049873882,0.008140335,0.0,0.007337767,0.0,0.0,0.0,0.205342811,0.0,0.0,0.0,0.035198349,0.0,0.0,0.0,0.0,0.0,0.000229305,0.150882825,0.0,0.0,0.0,0.0,0.0,0.0,0.0,0.0,0.0,0.0,0.0
168,RPRC0530016,1,0.299925345,0.18529302,0.0,0.015304218,0.0,0.0,0.364837626,0.0,0.0,0.0,0.045203434,0.0,0.0,0.0,0.0,0.0,0.0,0.0,0.0,0.0,0.0,0.0,0.0,0.0,0.0,0.0,0.0,0.0,0.0,0.0,0.0,0.0,0.0
169,RPRC0530016,2,0.369187929,0.001003756,0.234749385,0.092701723,0.0,0.0,0.028331822,0.144670379,0.0,0.0,0.006152053,0.0,0.0,0.0,0.0,0.000485688,0.0,0.0,0.0,0.0,0.0,0.0,0.0,0.0,0.0,0.0,0.0,0.0,0.0,0.0,0.0,0.0,0.0
170,RPRC0530016,3,0.280342953,0.000961941,0.144081974,0.346256796,0.0,0.0,0.114889168,0.068214136,0.0,0.0,0.005353409,0.0,0.0,0.0,0.0,0.0,0.0,0.0,0.0,0.013801757,0.0,0.0,0.0,0.0,0.0,0.0,0.0,0.0,0.0,0.0,0.0,0.0,0.0
171,RPRC0530016,4,0.44155001,0.000770947,0.038669101,0.186975046,0.0,0.0,0.208805031,0.093446947,0.0,0.0,0.000162305,0.0,0.0,0.0,0.0,8.12e-05,0.0,0.0,0.0,0.001014405,0.0,0.0,0.0,0.0,0.0,0.0,0.0,0.0,0.0,0.0,0.0,0.0,0.0
172,RPRC0530016,5,0.000119962,0.29240643,0.0,0.025071977,0.0,0.0,0.427903071,0.000479846,0.0,0.0,0.000119962,0.0,0.0,0.0,0.0,0.133577255,0.0,0.0,0.0,0.106226008,0.0,0.0,0.0,0.0,0.0,0.0,0.0,0.0,0.0,0.0,0.0,0.0,0.0
173,RPRC0530016,6,0.21398548,0.008661317,0.000127372,0.226552881,0.0,0.0,0.486392392,0.011293678,0.0,0.0,0.009595381,0.0,0.0,0.0,0.0,0.000636862,0.0,0.0,0.0,0.013841124,0.0,0.0,0.0,0.0,0.0,0.0,0.0,0.0,0.0,0.0,0.0,0.0,0.0
174,RPRC0530016,7,0.731307284,0.003055154,0.034089082,0.005306319,0.0,0.0,0.013667792,0.003055154,0.0,0.0,0.003376749,0.0,0.0,0.0,0.0,0.0,0.0,0.0,0.0,0.0,0.180414858,0.0,0.0,0.0,0.0,0.0,0.0,0.0,0.0,0.0,0.0,0.0,0.0
175,RPRC0530018,1,0.280469803,0.014344394,0.277196586,0.015628008,0.000802259,0.0,0.205859701,0.0,0.0,0.0,0.000128361,0.000256723,0.0,0.197355754,0.0,0.0,0.0,0.0,0.0,0.000128361,0.0,0.0,0.0,0.0,0.0,0.0,0.0,0.0,0.0,0.0,0.0,0.0,0.0
176,RPRC0530018,2,0.750069118,0.000414708,0.145839093,0.021426597,0.000276472,0.0,0.027923694,0.0,0.0,0.0,0.000691181,0.0,0.0,0.014653027,0.0,0.0,0.0,0.0,0.0,0.000967653,0.0,0.0,0.0,0.0,0.0,0.0,0.0,0.0,0.0,0.0,0.0,0.0,0.0
177,RPRC0530018,3,0.023333132,0.112736505,0.012210603,0.003868706,0.008160551,0.0,0.621048177,0.0,0.0,0.0,0.006407544,0.005923956,0.0,0.03366983,0.0,0.0,0.0,0.0,0.0,0.165810313,0.0,0.0,0.0,0.0,0.0,0.0,0.0,0.0,0.0,0.0,0.0,0.0,0.0
178,RPRC0530018,4,0.038522274,0.107712766,0.016996343,0.002576463,0.000623338,0.0,0.718417553,0.0,0.0,0.0,0.059757314,0.000124668,0.0,0.007521609,0.0,0.0,0.0,0.0,0.0,0.032704455,0.0,0.0,0.0,0.0,0.0,0.0,0.0,0.0,0.0,0.0,0.0,0.0,0.0
179,RPRC0530018,5,0.029028187,0.029219413,0.01376831,0.000803151,0.000267717,0.0,0.745553983,0.0,0.0,0.0,0.079970934,7.65e-05,0.0,0.003059624,0.0,0.0,0.0,0.0,0.0,0.066546831,0.0,0.0,0.0,0.0,0.0,0.0,0.0,0.0,0.0,0.0,0.0,0.0,0.0
180,RPRC0530018,6,0.05476904,0.055079053,0.365712514,0.039475044,0.000206676,0.0,0.004443526,0.0,0.0,0.0,0.295236127,0.001343392,0.0,0.02738452,0.0,0.0,0.0,0.0,0.0,0.121111915,0.0,0.0,0.0,0.0,0.0,0.0,0.0,0.0,0.0,0.0,0.0,0.0,0.0
181,RPRC0530018,7,0.022812821,0.045891791,0.010607962,0.000798449,0.000722406,0.0,0.689935744,0.0,0.0,0.0,0.117371963,0.000304171,0.0,0.001977111,0.0,0.0,0.0,0.0,0.0,0.099235771,0.0,0.0,0.0,0.0,0.0,0.0,0.0,0.0,0.0,0.0,0.0,0.0,0.0
182,RPRC0530019,1,0.293275488,0.003036876,0.013340564,0.073752711,0.002928416,0.0,0.305965293,0.0,0.0,0.0,0.12483731,0.0,0.0,0.0,0.011605206,0.0,0.0,0.0,0.0,0.014208243,0.0,0.0,0.0,0.0,0.0,0.0,0.0,0.040455531,0.0,0.0,0.0,0.0,0.0
183,RPRC0530019,2,0.077185938,0.035923284,8.54e-05,0.1161847,0.054803298,0.0,0.619409679,0.0,0.0,0.0,0.000128145,0.0,0.0,0.0,8.54e-05,0.0,0.0,0.0,0.0,0.0,0.0,0.0,0.0,0.0,0.0,0.0,0.0,0.0,0.0,0.0,0.0,0.0,0.0
184,RPRC0530019,3,0.453348253,0.014503357,0.136598382,0.081640558,0.00025822,0.0,0.24664314,0.0,0.0,0.0,4.3e-05,0.0,0.0,0.0,0.000215183,0.0,0.0,0.0,0.0,0.0,0.0,0.0,0.0,0.0,0.0,0.0,0.0,0.0,0.0,0.0,0.0,0.0,0.0
185,RPRC0530019,4,0.231111111,0.003931624,0.006495726,0.025982906,0.000854701,0.0,0.21025641,0.0,0.0,0.0,0.260683761,0.0,0.0,0.0,0.017264957,0.0,0.0,0.0,0.0,0.076239316,0.0,0.0,0.0,0.0,0.0,0.0,0.0,0.038290598,0.0,0.0,0.0,0.0,0.0
186,RPRC0530019,5,0.542177734,0.075802434,0.03026458,0.127261619,0.013299497,0.0,0.098500869,0.0,0.0,0.0,0.020912637,0.0,0.0,0.0,0.000516942,0.0,0.0,0.0,0.0,0.0,0.0,0.0,0.0,0.0,0.0,0.0,0.0,9.4e-05,0.0,0.0,0.0,0.0,0.0
187,RPRC0530019,6,0.019780957,0.012963791,0.001117568,0.006928923,0.02983907,0.0,0.062472061,0.0,0.0,0.0,0.449038891,0.0,0.0,0.0,0.231001341,0.0,0.0,0.0,0.0,0.037103263,0.0,0.0,0.0,0.0,0.0,0.0,0.0,0.012405007,0.0,0.0,0.0,0.0,0.0
188,RPRC0530019,7,0.0,0.26488333,0.0,0.191024546,0.003498719,0.0,0.022369762,0.0,0.0,0.0,0.075814761,0.0,0.0,0.0,0.117138213,0.0,0.0,0.0,0.0,0.093473649,0.0,0.0,0.0,0.0,0.0,0.0,0.0,0.108074603,0.0,0.0,0.0,0.0,0.0
189,RPRC0530020,1,0.136484753,0.143162604,0.0,0.000888187,0.0,0.023323136,0.32478042,0.0,0.0,0.0,0.0,0.0,0.0,0.021546761,0.0,0.0,0.0,0.0,0.0,0.269350965,0.031711569,0.0,0.0,0.0,0.0,0.0,0.0,0.0,0.0,0.0,0.0,0.0,0.0
190,RPRC0530020,2,0.438721137,0.002072232,0.048697454,0.067643576,0.0,0.000148017,0.247927768,0.0,0.0,0.0,0.175251628,0.0,0.0,0.00044405,0.0,0.0,0.0,0.0,0.0,0.011545293,0.000296033,0.0,0.0,0.0,0.0,0.0,0.0,0.0,0.0,0.0,0.0,0.0,0.0
191,RPRC0530020,3,0.314228134,0.055219669,0.046916566,0.002781137,0.0,0.001451028,0.235993551,0.0,0.0,0.0,0.090044337,0.0,0.0,0.206731157,0.0,0.0,0.0,0.0,0.0,0.000725514,0.030310359,0.0,0.0,0.0,0.0,0.0,0.0,0.0,0.0,0.0,0.0,0.0,0.0
192,RPRC0530020,4,0.109534544,0.011802148,0.008752155,0.030499934,0.0,0.0,0.162710516,0.0,0.0,0.0,0.56371834,0.0,0.0,0.000397825,0.0,0.0,0.0,0.0,0.0,0.047871635,0.0,0.0,0.0,0.0,0.0,0.0,0.0,0.0,0.0,0.0,0.0,0.0,0.0
193,RPRC0530020,5,0.427209388,0.003422564,0.023713482,0.025180296,0.0,0.000122234,0.09705415,0.0,0.0,0.0,0.326610439,0.0,0.0,0.0,0.0,0.0,0.0,0.0,0.0,0.08275272,0.0,0.0,0.0,0.0,0.0,0.0,0.0,0.0,0.0,0.0,0.0,0.0,0.0
194,RPRC0530020,6,0.117440435,0.012559234,0.019352487,0.037014945,0.0,0.002816715,0.251979985,0.0,0.0,0.0,0.33976207,0.0,0.0,0.001458064,0.0,0.0,0.0,0.0,0.0,0.173045697,6.63e-05,0.0,0.0,0.0,0.0,0.0,0.0,0.0,0.0,0.0,0.0,0.0,0.0
195,RPRC0530020,7,0.000179775,0.0,0.0,0.0,0.0,0.914696629,0.0,0.0,0.0,0.0,0.0,0.0,0.0,0.0,0.0,0.0,0.0,0.0,0.0,0.0,0.0,0.0,0.0,0.0,0.0,0.0,0.0,0.0,0.0,0.0,0.0,0.0,0.0
196,RPRC0530021,1,0.416267722,0.003774627,0.070935371,0.286917695,0.0,0.0,0.007134966,0.0,0.0,0.007963543,0.112732462,0.0,0.0,0.011554042,0.0,0.0,0.0,0.0,0.0,0.0,0.054041613,0.000276192,0.0,0.0,0.0,0.0,0.0,0.0,0.0,0.0,0.0,0.0,0.0
197,RPRC0530021,2,0.044083107,0.004878049,0.015537489,0.082023487,0.0,0.0,0.05799458,0.0,0.0,0.007407407,0.681300813,0.0,0.0,0.052935863,0.0,0.0,0.0,0.0,0.0,0.0,0.009936766,0.007226739,0.0,0.0,0.0,0.0,0.0,0.0,0.0,0.0,0.0,0.0,0.0
198,RPRC0530021,3,0.176049255,0.017281843,0.539455637,0.093785242,0.0,0.0,0.0,0.0,0.0,0.083300314,0.034076016,0.0,0.0,0.01965924,0.0,0.0,0.0,0.0,0.0,0.0,0.0,0.004206163,0.0,0.0,0.0,0.0,0.0,0.0,0.0,0.0,0.0,0.0,0.0
199,RPRC0530021,4,0.016892586,0.051037174,0.295594578,0.173700965,0.0,0.0,5.13e-05,0.0,0.0,0.000872869,0.319367427,0.0,0.0,0.002823988,0.0,0.0,0.0,0.0,0.0,0.0,0.0,0.051037174,0.0,0.0,0.0,0.0,0.0,0.0,0.0,0.0,0.0,0.0,0.0
200,RPRC0530021,5,0.108792222,0.001676305,0.020534741,0.091023384,0.0,0.0,0.145503311,0.0,0.0,0.005615623,0.566339787,0.0,0.0,0.014332411,0.0,0.0,0.0,0.0,0.0,0.0,0.008465342,0.002095382,0.0,0.0,0.0,0.0,0.0,0.0,0.0,0.0,0.0,0.0,0.0
201,RPRC0530021,6,0.262489818,0.027559055,0.343266359,0.126696986,0.0,0.0,0.050739886,0.0,0.0,0.062856367,0.001696986,0.0,0.0,0.000814553,0.0,0.0,0.0,0.0,0.0,0.0,0.0,0.032005159,0.0,0.0,0.0,0.0,0.0,0.0,0.0,0.0,0.0,0.0,0.0
202,RPRC0530021,7,0.119034764,0.058848384,0.071265933,0.192037746,0.0,0.0,0.045632732,0.0,0.0,0.004389568,0.301354428,0.0,0.0,0.031337293,0.0,0.0,0.0,0.0,0.0,0.0,2.35e-05,0.025867937,0.0,0.0,0.0,0.0,0.0,0.0,0.0,0.0,0.0,0.0,0.0
203,RPRC0530022,1,0.296484956,0.0,0.050653336,0.025089379,0.0,0.0,0.012339039,0.022241908,0.0,0.0,0.337235423,0.0,0.0,0.0,0.0,0.0,0.0,0.0,0.0,0.136425475,0.0,0.020217041,0.0,0.0,0.0,0.0,0.0,0.0,0.0,0.0,0.0,0.0,0.0
204,RPRC0530022,2,0.0,0.0,0.0,0.0,0.0,0.0,0.0,0.0,0.0,0.0,0.0,0.422471448,0.0,0.0,0.0,0.0,0.0,0.0,0.0,0.0,0.0,0.0,0.0,0.0,0.0,0.0,0.0,0.0,0.547792983,0.0,0.0,0.0,0.0
205,RPRC0530022,3,0.471369722,0.0,0.048352214,0.054788877,0.0,0.0,0.009474768,0.083419156,0.0,0.0,0.151184346,0.0,0.0,0.0,0.0,0.0,0.0,0.0,0.0,0.050205973,0.0,0.000102987,0.0,0.0,0.0,0.0,0.0,0.0,0.0,0.0,0.0,0.0,0.0
206,RPRC0530022,4,0.127159533,0.0,0.006848249,0.047315175,0.0,0.0,0.035019455,0.016498054,0.0,0.0,0.548793774,0.0,0.0,0.0,0.0,0.0,0.0,0.0,0.0,0.049494163,0.0,0.076731518,0.0,0.0,0.0,0.0,0.0,0.0,0.0,0.0,0.0,0.0,0.0
207,RPRC0530022,5,0.727359912,0.0,0.048088779,0.007261269,0.0,0.0,0.000685025,0.13864913,0.0,0.0,0.014385532,0.0,0.0,0.0,0.0,0.0,0.0,0.0,0.0,0.001918071,0.0,0.000137005,0.0,0.0,0.0,0.0,0.0,0.0,0.0,0.0,0.0,0.0,0.0
208,RPRC0530022,6,0.741861369,0.0,0.068537698,0.014775017,0.0,0.0,0.004100244,0.037821215,0.0,0.0,0.001732,0.001732,0.0,0.0,0.0,0.0,0.0,0.0,0.0,0.00045951,0.0,0.000318122,0.0,0.0,0.0,0.0,0.0,0.0,0.0,0.0,0.0,0.0,0.0
209,RPRC0530022,7,0.130831993,0.0,0.000114916,0.204148472,0.0,0.0,0.061020455,0.000919329,0.0,0.0,0.380774535,5.75e-05,0.0,0.0,0.0,0.0,0.0,0.0,0.0,5.75e-05,0.0,0.018156746,0.0,0.0,0.0,0.0,0.0,0.0,0.0,0.0,0.0,0.0,0.0
210,RPRC0530024,1,0.293818843,0.000641643,0.205913806,0.297454818,0.0,0.0,0.137044166,0.0,0.0,0.004705379,0.003796385,0.0,0.0,0.042455352,0.0,0.0,0.0,0.0,0.0,0.001443696,0.0,0.0,0.0,0.0,0.0,0.0,0.0,0.0,0.0,0.0,0.0,0.0,0.0
211,RPRC0530024,2,0.30303143,0.000260368,0.173144876,0.04630835,0.0,0.0,0.017891017,0.0,0.0,0.006657988,0.000223173,0.0,0.0,0.317426074,0.0,0.0,0.0,0.0,0.0,7.44e-05,0.0,0.0,0.0,0.0,0.0,0.0,0.0,0.0,0.0,0.0,0.0,0.0,0.0
212,RPRC0530024,3,0.00918105,0.001285347,0.000153018,0.005784062,0.0,0.0,0.349920431,0.0,0.0,0.093524299,0.244828008,0.0,0.0,0.00306035,0.145489044,0.0,0.0,0.0,0.0,0.108275187,0.0,0.0,0.0,0.0,0.0,0.0,0.0,0.0,0.0,0.0,0.0,0.0,0.0
213,RPRC0530024,4,0.377277904,0.002420273,0.02477221,0.017226651,0.0,0.0,0.103502278,0.0,0.0,0.025626424,0.108769932,0.0,0.0,0.000569476,0.155324601,0.0,0.0,0.0,0.0,0.028046697,0.0,0.0,0.0,0.0,0.0,0.0,0.0,0.0,0.0,0.0,0.0,0.0,0.0
214,RPRC0530024,5,0.154761905,0.086205593,0.009826153,0.018556311,0.0,0.0,0.270408163,0.0,0.0,0.027891156,0.092139078,0.0,0.0,0.036054422,0.000869237,0.0,0.0,0.0,0.0,0.015910809,0.0,0.0,0.0,0.0,0.0,0.0,0.0,0.0,0.0,0.0,0.0,0.0,0.0
215,RPRC0530024,6,0.107566394,0.042647959,0.012972552,0.010021714,0.0,0.0,0.263459718,0.0,0.0,0.0,0.0,0.0,0.0,0.013752018,0.0,0.0,0.0,0.0,0.0,0.26869328,0.0,0.0,0.0,0.0,0.0,0.0,0.0,0.0,0.0,0.0,0.0,0.0,0.0
216,RPRC0530024,7,0.341548698,0.191635265,0.263978002,0.121227552,0.0,0.0,0.029025359,0.0,0.0,0.027463761,0.0,0.0,0.0,0.002376345,0.0,0.0,0.0,0.0,0.0,0.010116441,0.0,0.0,0.0,0.0,0.0,0.0,0.0,0.0,0.0,0.0,0.0,0.0,0.0
217,RPRC0530025,1,0.614247312,0.003004428,0.119425996,0.047201139,0.0,0.0,0.138598988,0.0,0.0,0.0,0.004664769,0.0,0.0,0.0,7.91e-05,0.0,0.0,0.021742568,0.0,0.0,0.0,0.0,0.0,0.0,0.0,0.0,0.0,0.0,0.0,0.0,0.0,0.0,0.0
218,RPRC0530025,2,0.3329105,0.005496829,0.058491896,0.056518675,0.0,0.0,0.278787879,0.0,0.0,0.0,0.14038055,0.0,0.0,0.048343904,0.001550388,0.0,0.0,0.000422833,0.0,0.018463707,0.0,0.0,0.0,0.0,0.0,0.0,0.0,0.0,0.0,0.0,0.0,0.0,0.0
219,RPRC0530025,3,0.456506875,0.000759705,0.004634202,0.007369141,0.0,0.0,0.248727494,0.0,0.0,0.0,0.11615893,0.0,0.0,0.022943098,0.075286789,0.0,0.0,0.005545848,0.0,0.001595381,0.0,0.0,0.0,0.0,0.0,0.0,0.0,0.0,0.0,0.0,0.0,0.0,0.0
220,RPRC0530025,4,0.383214734,0.063206362,0.0,0.211647133,0.0,0.0,0.283957723,0.0,0.0,0.0,0.006278778,0.0,0.0,0.005912516,0.0,0.0,0.0,0.011249477,0.0,0.0,0.0,0.0,0.0,0.0,0.0,0.0,0.0,0.0,0.0,0.0,0.0,0.0,0.0
221,RPRC0530025,5,0.007025996,0.042657834,0.013550136,0.013048279,0.0,0.0,0.000100371,0.0,0.0,0.0,0.014353106,0.0,0.0,0.075278531,0.001204456,0.0,0.0,0.0,0.0,0.0,0.0,0.0,0.0,0.0,0.0,0.0,0.0,0.0,0.0,0.0,0.0,0.0,0.0
222,RPRC0530025,6,0.048895387,0.008609487,0.00568551,0.086094867,0.0,0.0,0.037849253,0.0,0.0,0.0,0.315627031,0.0,0.0,0.006335283,0.184372969,0.0,0.0,0.0,0.0,0.089018843,0.0,0.0,0.0,0.0,0.0,0.0,0.0,0.0,0.0,0.0,0.0,0.0,0.0
223,RPRC0530025,7,0.045679424,0.003921971,0.000153803,0.055343365,0.0,0.0,0.331163005,0.0,0.0,0.0,0.200789521,0.0,0.0,0.007074928,0.279767245,0.0,0.0,0.000487042,0.0,0.041706185,0.0,0.0,0.0,0.0,0.0,0.0,0.0,0.0,0.0,0.0,0.0,0.0,0.0
224,RPRC0530027,1,0.00204314,0.020319757,0.000100482,0.340143801,0.0,0.0,0.577750982,0.0,0.0,0.025109414,0.021838156,0.0,0.0,0.000591729,0.0,0.0,0.0,0.0,0.0,0.0,0.0,0.0,0.0,0.0,0.0,0.0,0.0,0.0,0.0,0.0,0.0,0.0,0.0
225,RPRC0530027,2,0.037371134,0.011597938,0.047957719,0.144248336,0.003295054,0.0,0.39731502,0.0,0.0,0.032722171,0.142551873,0.0,0.0,0.004534778,0.0,0.0,0.0,0.0,0.0,0.155927835,0.0,0.0,0.0,0.0,0.0,0.0,0.0,0.0,0.0,0.0,0.0,0.0,0.0
226,RPRC0530027,3,0.158561333,0.015658957,0.057440163,0.036686288,0.005094918,0.0,0.182380795,0.0,0.0,0.026870655,0.275470992,0.0,0.0,0.011384407,0.0,0.0,0.0,0.0,0.0,0.137318116,0.0,0.0,0.0,0.0,0.0,0.0,0.0,0.0,0.0,0.0,0.0,0.0,0.0
227,RPRC0530027,4,0.023522518,0.018098108,0.003197723,0.104051565,0.003130755,0.0,0.688196886,0.0,0.0,0.02462749,0.104771472,0.0,0.0,0.000820358,0.0,0.0,0.0,0.0,0.0,0.0,0.0,0.0,0.0,0.0,0.0,0.0,0.0,0.0,0.0,0.0,0.0,0.0,0.0
228,RPRC0530027,5,0.312670123,0.073875993,0.056573062,0.075011285,0.014321082,0.0,0.249367383,0.0,0.0,0.020886621,0.053837421,0.0,0.0,0.09800435,0.0,0.0,0.0,0.0,0.0,0.014553612,0.0,0.0,0.0,0.0,0.0,0.0,0.0,0.0,0.0,0.0,0.0,0.0,0.0
229,RPRC0530027,6,0.412687606,0.006566207,0.039230816,0.131112321,0.001482692,0.0,0.040380658,0.0,0.0,0.012527233,0.244492859,0.0,0.0,0.001180102,0.0,0.0,0.0,0.0,0.0,0.032588962,0.0,0.0,0.0,0.0,0.0,0.0,0.0,0.0,0.0,0.0,0.0,0.0,0.0
230,RPRC0530027,7,0.01911313,0.018535535,0.002730447,0.76574164,0.00012252,0.0,0.094524228,0.0,0.0,0.001916564,0.055029011,0.0,0.0,0.002266621,0.0,0.0,0.0,0.0,0.0,0.0,0.0,0.0,0.0,0.0,0.0,0.0,0.0,0.0,0.0,0.0,0.0,0.0,0.0
231,RPRC0530030,1,0.01162423,0.13776108,0.0,0.278032994,0.0,0.0,0.170197333,0.0,0.0,0.002901408,0.0,0.0,0.0,0.107035914,0.0,0.0,0.0,0.0,0.0,0.257983521,0.0,0.0,0.0,0.0,0.0,0.0,0.0,0.0,0.0,0.0,0.0,0.0,0.0
232,RPRC0530030,2,0.129358131,0.000634616,0.282559706,0.016292804,0.0,0.0,0.273985909,0.031484743,0.0,0.066414547,0.130730974,0.0,0.0,0.001942703,0.0,0.0,0.0,0.0,0.0,0.006125991,0.0,0.0,0.0,0.0,0.0,0.0,0.0,0.0,0.0,0.0,0.0,0.0,0.0
233,RPRC0530030,3,0.069992455,0.16203624,0.000886818,0.176688594,0.0,0.0,0.289671877,0.0,0.0,0.006393033,6.62e-05,0.0,0.0,0.059694776,0.0,0.0,0.0,0.0,0.0,0.081362259,0.0,0.0,0.0,0.0,0.0,0.0,0.0,0.0,0.0,0.0,0.0,0.0,0.0
234,RPRC0530030,4,0.193880636,0.028661843,0.124664906,0.246749844,0.0,0.0,0.098945841,0.035172233,0.0,0.055811985,0.03210852,0.0,0.0,0.010360188,0.0,0.0,0.0,0.0,0.0,0.030213855,0.0,0.0,0.0,0.0,0.0,0.0,0.0,0.0,0.0,0.0,0.0,0.0,0.0
235,RPRC0530030,5,0.374996847,0.000479326,0.394005903,0.020510104,0.0,0.0,0.101226065,0.005714069,0.0,0.026955776,0.029478544,0.0,0.0,0.002623679,0.0,0.0,0.0,0.0,0.0,0.004793259,0.0,0.0,0.0,0.0,0.0,0.0,0.0,0.0,0.0,0.0,0.0,0.0,0.0
236,RPRC0530030,6,0.356730969,0.052031626,0.208408881,0.090271379,0.0,0.0,0.029664418,0.077296912,0.0,0.020791844,0.036203668,0.0,0.0,0.000341824,0.0,0.0,0.0,0.0,0.0,0.024804566,0.0,0.0,0.0,0.0,0.0,0.0,0.0,0.0,0.0,0.0,0.0,0.0,0.0
237,RPRC0530030,7,0.37897892,0.000863389,0.059117714,0.02176392,0.0,0.0,0.220522595,0.023539569,0.0,0.077330336,0.133776431,0.0,0.0,0.007884534,0.0,0.0,0.0,0.0,0.0,0.005245496,0.0,0.0,0.0,0.0,0.0,0.0,0.0,0.0,0.0,0.0,0.0,0.0,0.0
238,RPRC0530031,1,0.126394493,0.008188939,0.0,0.009969143,0.0,0.011037266,0.0,0.010325184,0.0,0.0,0.614526466,0.0,0.0,0.0,0.036553525,0.0,0.0,0.0,0.0,0.088060764,0.0,0.035366722,0.0,0.0,0.008901021,0.0,0.0,0.0,0.0,0.0,0.0,0.0,0.0
239,RPRC0530031,2,0.095597187,0.160692547,0.0,0.06550115,0.0,0.010009468,0.0,0.015014203,0.0,0.0,0.269646963,0.0,0.0,0.0,0.012579467,0.0,0.0,0.0,0.0,0.243236846,0.0,0.090389558,0.0,0.0,0.0,0.0,0.0,0.0,0.0,0.0,0.0,0.0,0.0
240,RPRC0530031,3,0.117373944,0.017643235,0.0,0.021821896,0.0,0.00427152,0.0,0.000278577,0.0,0.0,0.380815303,0.0,0.0,0.0,0.121738323,0.0,0.0,0.0,0.0,0.009378772,0.0,0.25694122,0.0,0.0,0.015786053,0.0,0.0,0.0,0.0,0.0,0.0,0.0,0.0
241,RPRC0530031,4,0.0,0.010002069,0.0,0.002345313,0.0,0.167793337,0.0,0.000275919,0.0,0.0,0.351624474,0.0,0.0,0.0,0.068186521,0.0,0.0,0.0,0.0,0.079809616,0.0,0.18286542,0.0,0.0,0.053631786,0.0,0.0,0.0,0.0,0.0,0.0,0.0,0.0
242,RPRC0530031,5,0.028039046,0.070186588,0.0,0.002872541,0.0,0.011896894,0.0,7.63e-05,0.0,0.0,0.349585642,0.0,0.0,0.0,0.106512787,0.0,0.0,0.0,0.0,0.032640195,0.0,0.279094006,0.0,0.0,0.069068077,0.0,0.0,0.0,0.0,0.0,0.0,0.0,0.0
243,RPRC0530031,6,0.526574573,0.006204636,0.0,0.003980332,0.0,0.002575509,0.0,0.106649497,0.0,0.0,0.082182159,0.0,0.0,0.0,0.033949895,0.0,0.0,0.0,0.0,0.051978459,0.0,0.020018731,0.0,0.0,0.005385156,0.0,0.0,0.0,0.0,0.0,0.0,0.0,0.0
244,RPRC0530031,7,0.013981809,0.077238217,0.0,0.049875968,0.0,0.013418026,0.0,0.008005713,0.0,0.0,0.485980606,0.0,0.0,0.0,0.04450124,0.0,0.0,0.0,0.0,0.16605277,0.0,0.020859956,0.0,0.0,0.0,0.0,0.0,0.0,0.0,0.0,0.0,0.0,0.0
245,RPRC0530032,1,0.158139186,0.002247359,0.0,0.078133193,0.0,0.0,0.303393513,0.0,0.0,0.0,0.292081804,0.0,0.0,0.001872799,0.001048768,0.0,0.0,0.0,0.0,0.084650536,0.0,0.0,0.0,0.0,0.0,0.0,0.0,0.0,0.0,0.0,0.00037456,0.0,0.0
246,RPRC0530032,2,0.000297221,0.272611086,0.0,0.000772775,0.0,0.0,0.208946352,0.0,0.0,0.0,0.140674692,0.0,0.0,0.003269431,0.0,0.0,0.0,0.0,0.0,0.0,0.0,0.0,0.0,0.0,0.0,0.0,0.0,0.0,0.0,0.000237777,0.303462624,0.0,0.0
247,RPRC0530032,3,0.252544179,0.018700173,0.0,0.212939491,0.0,0.0,0.110106911,0.0,0.0,0.0,0.171497851,0.0,0.0,0.000661303,0.002645211,0.0,0.0,0.0,0.0,0.089533047,0.0,0.0,0.0,0.0,0.0,0.0,0.0,0.0,0.0,3.67e-05,0.002939123,0.0,0.0
248,RPRC0530032,4,0.098888463,0.131510583,0.0,0.112601678,0.0,0.0,0.25488693,0.0,0.0,0.0,0.294152719,0.0,0.0,0.006856607,0.013883565,0.0,0.0,0.0,0.0,0.0,0.0,0.0,0.0,0.0,0.0,0.0,0.0,0.0,0.0,0.0,0.012989225,0.0,0.0
249,RPRC0530032,5,0.256222995,0.065613888,0.0,0.056054755,0.0,0.0,0.224142546,0.0,0.0,0.0,0.273391198,0.0,0.0,0.011203304,0.014376936,0.0,0.0,0.0,0.0,0.0,0.0,0.0,0.0,0.0,0.0,0.0,0.0,0.0,0.0,0.0,0.007226704,0.0,0.0
250,RPRC0530032,6,0.510979228,0.022106825,0.0,0.120326409,0.0,0.0,0.136350148,0.0,0.0,0.0,0.088724036,0.0,0.0,0.000445104,0.001186944,0.0,0.0,0.0,0.0,0.0,0.0,0.0,0.0,0.0,0.0,0.0,0.0,0.0,0.0,0.0,0.000296736,0.0,0.0
251,RPRC0530032,7,0.233685946,0.000549526,0.0,0.07377387,0.0,0.0,0.071575766,0.0,0.0,0.0,0.187525759,0.0,0.0,0.00549526,0.162659706,0.0,0.0,0.0,0.0,0.120346201,0.0,0.0,0.0,0.0,0.0,0.0,0.0,0.0,0.0,0.0,0.000274763,0.0,0.0
252,RPRC0530034,1,0.370159338,0.069483663,0.0,0.100040339,0.0,0.023699072,0.189743848,0.0,0.0,0.0,0.114461476,0.0,0.0,0.0,0.001714401,0.0,0.0,0.0,0.0,0.067012908,0.0,0.011597418,0.0,0.0,0.036204115,0.0,0.0,0.0,0.0,0.0,0.0,0.0,0.0
253,RPRC0530034,2,0.209324049,0.000509511,0.0,0.014181386,0.0,8.49e-05,0.047809103,0.0,0.0,0.0,0.51282269,0.0,0.0,0.0,0.080757473,0.0,0.0,0.0,0.0,0.062669837,0.0,0.028532609,0.0,0.0,0.010275136,0.0,0.0,0.0,0.0,0.0,0.0,0.0,0.0
254,RPRC0530034,3,0.117620774,0.004617447,0.0,0.080383298,0.0,0.0005958,4.96e-05,0.0,0.0,0.0,0.289856512,0.0,0.0,0.0,0.213395561,0.0,0.0,0.0,0.0,0.01613624,0.0,0.009929994,0.0,0.0,0.01474604,0.0,0.0,0.0,0.0,0.0,0.0,0.0,0.0
255,RPRC0530034,4,0.141994697,0.190740363,0.0,0.027615745,0.0,0.044177034,0.330899449,0.0,0.0,0.0,0.012563736,0.0,0.0,0.0,0.000815827,0.0,0.0,0.0,0.0,0.179808281,0.0,0.005506833,0.0,0.0,0.015908627,0.0,0.0,0.0,0.0,0.0,0.0,0.0,0.0
256,RPRC0530034,5,0.274723487,0.010653871,0.0,0.019274561,0.0,0.002846454,0.049040338,0.0,0.0,0.0,0.354830839,0.0,0.0,0.0,0.032856213,0.0,0.0,0.0,0.0,0.085962915,0.0,0.098649967,0.0,0.0,0.010409889,0.0,0.0,0.0,0.0,0.0,0.0,0.0,0.0
257,RPRC0530034,6,0.072927615,0.137786065,0.0,0.021868113,0.0,0.011493473,6.78e-05,0.0,0.0,0.0,0.499271063,0.0,0.0,0.0,0.009764367,0.0,0.0,0.0,0.0,0.106119681,0.0,0.028208171,0.0,0.0,0.016240041,0.0,0.0,0.0,0.0,0.0,0.0,0.0,0.0
258,RPRC0530034,7,0.024505475,0.023225009,0.0,0.006269869,0.0,0.007020487,0.103143765,0.0,0.0,0.0,0.678691275,0.0,0.0,0.0,0.00044154,0.0,0.0,0.0,0.0,0.061020841,0.0,0.012054045,0.0,0.0,0.043182621,0.0,0.0,0.0,0.0,0.0,0.0,0.0,0.0
259,RPRC0530037,1,0.054704235,0.0,0.002899984,0.031010051,0.0,0.0,0.001845444,0.011006756,0.0,0.0,0.464030318,0.0,0.0,0.0,0.023101005,0.0,0.0,0.0,0.0,0.283737024,0.05776899,0.011764706,0.0,0.0,0.0,0.0,0.0,0.0,0.0,0.0,0.0,0.0,0.0
260,RPRC0530037,2,0.098426002,0.0,0.021429545,0.000783592,0.0,0.0,0.047628782,0.006473153,0.0,0.0,0.419869174,0.0,0.0,0.0,0.061290542,0.0,0.0,0.0,0.0,0.135527392,0.056350504,0.035397929,0.0,0.0,0.0,0.0,0.0,0.0,0.0,0.0,0.0,0.0,0.0
261,RPRC0530037,3,0.039714504,0.0,0.02013765,0.023757329,0.0,0.0,0.37216416,0.091052766,0.0,0.0,0.066836605,0.0,0.0,0.0,0.042161611,0.0,0.0,0.0,0.0,0.241243946,0.000152944,0.015192455,0.0,0.0,0.0,0.0,0.0,0.0,0.0,0.0,0.0,0.0,0.0
262,RPRC0530037,4,0.153325454,0.0,0.001504244,0.000752122,0.0,0.0,0.011281831,0.002363812,0.0,0.0,0.201246374,0.0,0.0,0.0,0.218437735,0.0,0.0,0.0,0.0,0.144299989,0.162995595,0.023853014,0.0,0.0,0.0,0.0,0.0,0.0,0.0,0.0,0.0,0.0,0.0
263,RPRC0530037,5,0.234907392,0.0,0.268746871,0.003504088,0.0,0.0,0.010946104,0.000800934,0.0,0.0,0.040547305,0.0,0.0,0.0,0.200600701,0.0,0.0,0.0,0.0,0.018955448,0.047188386,0.002736526,0.0,0.0,0.0,0.0,0.0,0.0,0.0,0.0,0.0,0.0,0.0
264,RPRC0530037,6,0.113919338,0.0,0.123433299,0.003722854,0.0,0.0,0.024033092,0.009679421,0.0,0.0,0.353133402,0.0,0.0,0.0,0.036856256,0.0,0.0,0.0,0.0,0.158717684,0.019896587,0.010837642,0.0,0.0,0.0,0.0,0.0,0.0,0.0,0.0,0.0,0.0,0.0
265,RPRC0530037,7,0.073670581,0.0,0.009153012,0.04951556,0.0,0.0,0.005089967,0.018216725,0.0,0.0,0.584140733,0.0,0.0,0.0,0.013394651,0.0,0.0,0.0,0.0,0.185069429,0.00459883,0.037326428,0.0,0.0,0.0,0.0,0.0,0.0,0.0,0.0,0.0,0.0,0.0
266,RPRC0530038,1,0.349074323,0.000126265,0.148865986,0.244448303,0.0,0.0,0.07585347,0.061917013,0.0,0.008649126,0.0,0.000505058,0.0,0.0,0.0,0.0,0.0,0.026294607,0.0,0.001294212,0.0,0.0,0.0,0.0,0.0,0.0,0.0,0.0,0.0,0.0,0.0,0.0,0.0
267,RPRC0530038,2,0.074236202,0.00952209,0.181664335,0.496795884,0.0,0.0,0.075048513,0.004918995,0.0,0.062863848,0.0,0.0,0.0,0.0,0.0,0.0,0.0,0.011214405,0.0,0.030326278,0.0,0.0,0.0,0.0,0.0,0.0,0.0,0.0,0.0,0.0,0.0,0.0,0.0
268,RPRC0530038,3,0.07325628,0.02339992,0.046332175,0.650103554,0.0,0.0,0.075811732,0.003758017,0.0,0.010121593,0.0,0.000150321,0.0,0.0,0.0,0.0,0.0,0.006213255,0.0,0.052144575,0.0,0.0,0.0,0.0,0.0,0.0,0.0,0.0,0.0,0.0,0.0,0.0,0.0
269,RPRC0530038,4,0.101366682,0.004538019,0.473919582,0.311302834,0.0,0.0,0.030446942,0.003152868,0.0,0.007888766,0.0,0.000197879,0.0,0.0,0.0,0.0,0.0,0.010527149,0.0,0.005778059,0.0,0.0,0.0,0.0,0.0,0.0,0.0,0.0,0.0,0.0,0.0,0.0,0.0
270,RPRC0530038,5,0.000399229,0.462481123,0.021488952,0.062366562,0.0,0.0,0.057558452,0.015153356,0.0,0.0,0.0,0.106941383,0.0,0.0,0.0,0.0,0.0,0.001093541,0.0,0.178611723,0.0,0.0,0.0,0.0,0.0,0.0,0.0,0.0,0.0,0.0,0.0,0.0,0.0
271,RPRC0530038,6,0.204075536,0.002987468,0.095205899,0.541753801,0.0,0.0,0.013459331,0.017248699,0.0,0.006761113,0.0,0.0,0.0,0.0,0.0,0.0,0.0,0.030692306,0.0,0.000330194,0.0,0.0,0.0,0.0,0.0,0.0,0.0,0.0,0.0,0.0,0.0,0.0,0.0
272,RPRC0530038,7,0.257744789,0.011111605,0.069203076,0.101071159,0.0,0.0,0.383839282,0.041024046,0.0,0.011511623,0.0,0.000133339,0.0,0.0,0.0,0.0,0.0,0.045779812,0.0,0.006489177,0.0,0.0,0.0,0.0,0.0,0.0,0.0,0.0,0.0,0.0,0.0,0.0,0.0
273,RPRC0530041,1,0.26338529,0.063378643,0.069959121,0.067555142,0.0,0.052200693,0.14555707,0.0,0.0,0.000420973,0.022366978,0.0,0.0,0.241195564,0.0,0.0,0.0,0.0,0.0,0.016384725,0.0,0.0,0.0,0.0,0.0,0.0,0.0,0.0,0.0,0.0,0.0,0.0,0.0
274,RPRC0530041,2,0.113259192,0.003436705,0.448018572,0.26412952,0.0,0.000162204,0.09046948,0.0,0.0,0.000811022,0.026469724,0.0,0.0,0.003375878,0.0,0.0,0.0,0.0,0.0,0.014142192,0.0,0.0,0.0,0.0,0.0,0.0,0.0,0.0,0.0,0.0,0.0,0.0,0.0
275,RPRC0530041,3,0.001104578,0.104832954,0.105903545,0.507324202,0.0,0.000152942,0.061431533,0.0,0.0,0.067073378,0.077728308,0.0,0.0,0.0,0.0,0.0,0.0,0.0,0.0,0.039934745,0.0,0.0,0.0,0.0,0.0,0.0,0.0,0.0,0.0,0.0,0.0,0.0,0.0
276,RPRC0530041,4,0.163343605,0.00879101,0.247583228,0.069013957,0.0,0.006631019,0.149462268,0.0,0.0,0.100386684,0.027490786,0.0,0.0,0.053033049,0.0,0.0,0.0,0.0,0.0,0.099631442,0.0,0.0,0.0,0.0,0.0,0.0,0.0,0.0,0.0,0.0,0.0,0.0,0.0
277,RPRC0530041,5,0.185986636,0.015876908,0.382051125,0.209317722,0.0,0.000183902,0.052988414,0.0,0.0,0.001176975,0.020854533,0.0,0.0,0.084497027,0.0,0.0,0.0,0.0,0.0,0.018439282,0.0,0.0,0.0,0.0,0.0,0.0,0.0,0.0,0.0,0.0,0.0,0.0,0.0
278,RPRC0530041,6,0.201540686,0.03239891,0.133808888,0.308401468,0.0,0.030160187,0.086475889,0.0,0.0,0.018271317,0.01683909,0.0,0.0,0.089256911,0.0,0.0,0.0,0.0,0.0,0.029715223,0.0,0.0,0.0,0.0,0.0,0.0,0.0,0.0,0.0,0.0,0.0,0.0,0.0
279,RPRC0530041,7,0.175569762,0.056593034,0.22874751,0.192098868,0.0,0.002156446,0.277437222,0.0,0.0,0.010990214,0.011745517,0.0,0.0,1.09e-05,0.0,0.0,0.0,0.0,0.0,0.003962607,0.0,0.0,0.0,0.0,0.0,0.0,0.0,0.0,0.0,0.0,0.0,0.0,0.0
280,RPRC0530042,1,0.359332419,0.0,0.062374109,0.077134007,0.00028775,0.0,0.001066369,0.192471098,0.0,0.0,0.030620017,0.0,0.0,0.029722913,0.0,0.0,0.0,0.012694866,0.0,0.0,0.015893972,0.0,0.0,0.0,0.0,0.0,0.0,0.0,0.0,0.0,0.0,0.0,0.0
281,RPRC0530042,2,0.082795815,0.0,0.458718555,0.018401061,0.001970902,0.0,0.03151652,0.026445926,0.0,0.0,0.162402351,0.0,0.0,0.002418835,0.0,0.0,0.0,0.004622662,0.0,0.0,0.001469218,0.0,0.0,0.0,0.0,0.0,0.0,0.0,0.0,0.0,0.0,0.0,0.0
282,RPRC0530042,3,0.117383284,0.0,0.186370521,0.14929738,0.158130746,0.0,0.225003374,0.0,0.0,0.0,0.06924219,0.0,0.0,0.00080985,0.0,0.0,0.0,0.034613596,0.0,0.0,0.0,0.0,0.0,0.0,0.0,0.0,0.0,0.0,0.0,0.0,0.0,0.0,0.0
283,RPRC0530042,4,0.376916609,0.0,0.097275151,0.12892491,0.000590414,0.0,0.094555669,0.002075394,0.0,0.0,0.03057628,0.0,0.0,0.000161022,0.0,0.0,0.0,0.050829263,0.0,0.0,0.150841787,0.0,0.0,0.0,0.0,0.0,0.0,0.0,0.0,0.0,0.0,0.0,0.0
284,RPRC0530042,5,0.124261181,0.0,0.03878314,0.124835172,0.071066226,0.0,0.42507873,0.001349653,0.0,0.0,0.075937388,0.0,0.0,0.009571679,0.0,0.0,0.0,0.023037185,0.0,0.0,0.0,0.0,0.0,0.0,0.0,0.0,0.0,0.0,0.0,0.0,0.0,0.0,0.0
285,RPRC0530042,6,0.142069026,0.0,0.104753288,0.341998411,0.00668638,0.0,0.199841116,0.006090564,0.0,0.0,0.073660517,0.0,0.0,0.000662018,0.0,0.0,0.0,0.031225174,0.0,0.0,0.0,0.0,0.0,0.0,0.0,0.0,0.0,0.0,0.0,0.0,0.0,0.0,0.0
286,RPRC0530042,7,0.084796711,0.0,0.0,0.598497013,0.063690667,0.0,0.033695163,1.28e-05,0.0,0.0,1.28e-05,0.0,0.0,0.001926906,0.0,0.0,0.0,0.048647954,0.0,0.0,0.0,0.0,0.0,0.0,0.0,0.0,0.0,0.0,0.0,0.0,0.0,0.0,0.0
287,RPRC0530043,1,0.018026389,0.0,0.020813975,0.230192653,0.0,0.0,0.362510066,0.008238865,0.0,0.0,0.229387351,0.0,0.0,0.0,0.012513164,0.0,0.0,0.0,0.0,0.0,0.0,0.022734312,0.0,0.0,0.0,0.0,0.0,0.0,0.0,0.0,0.0,0.0,0.0
288,RPRC0530043,2,0.00268742,0.0,0.001623649,0.089300711,0.0,0.0,0.169475393,0.074575892,0.0,0.0,0.279883545,0.0,0.0,0.0,0.21611332,0.0,0.0,0.0,0.0,0.0,0.000167964,0.027602038,0.0,0.0,0.0,0.0,0.0,0.0,0.0,0.0,0.0,0.0,0.0
289,RPRC0530043,3,0.518099187,0.0,0.117046723,0.065380322,0.0,0.0,0.007654282,0.003986605,0.0,0.0,0.107478871,0.000159464,0.0,0.0,0.029181949,0.0,0.0,0.0,0.0,0.0,0.044649976,0.018497847,0.0,0.0,0.0,0.0,0.0,0.0,0.0,0.0,0.0,0.0,0.0
290,RPRC0530043,4,0.479860527,0.0,0.035108813,0.002645185,0.0,0.0,0.007093904,0.03186245,0.0,0.0,0.126487916,0.0,0.0,0.0,0.076109174,0.0,0.0,0.0,0.0,0.0,0.113742936,0.002044006,0.0,0.0,0.0,0.0,0.0,0.0,0.0,0.0,0.0,0.0,0.0
291,RPRC0530043,5,0.053777287,0.0,0.038570027,0.096517047,0.0,0.0,0.180279617,0.216826098,0.0,0.0,0.235896493,0.000183959,0.0,0.0,0.020358106,0.0,0.0,0.0,0.0,0.0,0.000122639,0.049300957,0.0,0.0,0.0,0.0,0.0,0.0,0.0,0.0,0.0,0.0,0.0
292,RPRC0530043,6,0.0,0.0,0.0,0.0,0.0,0.0,0.0,0.0,0.0,0.0,0.0,0.976988316,0.0,0.0,0.0,0.0,0.0,0.0,0.0,0.0,0.0,0.0,0.0,0.0,0.0,0.0,0.0,0.0,0.0,0.0,0.0,0.0,0.0
293,RPRC0530043,7,0.498833662,0.0,0.068724206,0.009510138,0.0,0.0,0.0240445,0.006100843,0.0,0.0,0.062085053,0.0,0.0,0.0,0.089179975,0.0,0.0,0.0,0.0,0.0,0.114659968,0.008074646,0.0,0.0,0.0,0.0,0.0,0.0,0.0,0.0,0.0,0.0,0.0
294,RPRC0530046,1,0.045524204,0.380510232,0.126731572,0.004913008,0.067129421,0.0,0.028771898,0.0,0.0,0.0,0.000510833,0.0,0.0,0.182006671,0.0,0.0,0.002464016,0.0,0.0,0.135656119,0.0,0.0,0.0,0.0,0.0,0.0,0.0,0.0,0.0,0.0,0.0,0.0,0.0
295,RPRC0530046,2,0.142527187,0.075770699,0.3512174,0.030635486,0.045167292,0.0,0.087222917,0.0,0.0,0.0,0.003496616,0.0,0.0,0.172809803,0.0,0.0,0.01372983,0.0,0.0,0.033410323,0.0,0.0,0.0,0.0,0.0,0.0,0.0,0.0,0.0,0.0,0.0,0.0,0.0
296,RPRC0530046,3,3.72e-05,0.936667163,0.0,3.72e-05,0.0,0.0,3.72e-05,0.0,0.0,0.0,0.000651381,0.0,0.0,0.0,0.0,0.0,0.0,0.0,0.0,1.86e-05,0.0,0.0,0.0,0.0,0.0,0.0,0.0,0.0,0.0,0.0,0.0,0.0,0.0
297,RPRC0530046,4,0.082945598,0.257247674,8.95e-05,0.020132427,0.046975662,0.0,0.0,0.0,0.0,0.0,0.0,0.0,0.0,0.498747316,0.0,0.0,0.01404796,0.0,0.0,0.0365068,0.0,0.0,0.0,0.0,0.0,0.0,0.0,0.0,0.0,0.0,0.0,0.0,0.0
298,RPRC0530046,5,0.13508919,0.143979509,0.166297194,0.013657091,0.217640505,0.0,0.000126348,0.0,0.0,0.0,0.001010786,0.0,0.0,0.281308508,0.0,0.0,0.020043418,0.0,0.0,0.005972824,0.0,0.0,0.0,0.0,0.0,0.0,0.0,0.0,0.0,0.0,0.0,0.0,0.0
299,RPRC0530046,6,0.191059262,0.07699361,0.254411827,0.022443538,0.014402799,0.0,2.82e-05,0.0,0.0,0.0,0.00139655,0.0,0.0,0.316565335,0.0,0.0,0.045945069,0.0,0.0,0.044294601,0.0,0.0,0.0,0.0,0.0,0.0,0.0,0.0,0.0,0.0,0.0,0.0,0.0
300,RPRC0530046,7,0.025058508,0.091158171,0.091805088,0.063074376,0.014707841,0.0,0.544589684,0.0,0.0,0.0,0.060258386,0.0,0.0,0.050916148,0.0,0.0,0.003786365,0.0,0.0,0.041650018,0.0,0.0,0.0,0.0,0.0,0.0,0.0,0.0,0.0,0.0,0.0,0.0,0.0
301,RPRC0530048,1,0.322182413,0.001401978,0.0,0.149855908,0.013708233,0.0,0.260651141,0.0,0.0,0.122595218,0.001207259,0.0,0.055144482,0.038476517,0.0,0.0,0.0,0.0,0.0,0.0,0.0,0.0,0.0,0.0,0.0,0.0,0.0,0.0,0.0,0.0,0.0,0.0,0.0
302,RPRC0530048,2,0.197842266,0.007492133,0.143799011,0.061385545,0.009539983,0.0,0.392537835,0.0,0.0,0.043004845,0.000249738,0.0,0.0,0.055991209,0.0,0.0,0.0,0.0,0.0,0.0,0.0,0.0,0.0,0.0,0.0,0.0,0.0,0.0,0.0,0.0,0.0,0.0,0.0
303,RPRC0530048,3,0.384585848,0.000109709,0.143444871,0.027482172,0.001371366,0.0,0.33302249,0.0,0.0,0.00828305,0.0,0.0,0.000109709,0.061382337,0.0,0.0,0.0,0.0,0.0,0.0,0.0,0.0,0.0,0.0,0.0,0.0,0.0,0.0,0.0,0.0,0.0,0.0,0.0
304,RPRC0530048,4,0.31997718,0.004329004,0.059532199,0.013725293,0.004295446,0.0,0.283365214,0.0,0.0,0.062955133,0.000167791,0.0,0.0,0.128057989,0.0,0.0,0.0,0.0,0.0,0.0,0.0,0.0,0.0,0.0,0.0,0.0,0.0,0.0,0.0,0.0,0.0,0.0,0.0
305,RPRC0530048,5,0.214947628,0.039273521,0.00023225,0.152425854,0.04217665,0.0,0.356039668,0.0,0.0,0.005179181,0.045428153,0.0,0.0,0.009661611,0.0,0.0,0.0,0.0,0.0,0.0,0.0,0.0,0.0,0.0,0.0,0.0,0.0,0.0,0.0,0.0,0.0,0.0,0.0
306,RPRC0530048,6,0.03447728,0.063790912,0.002303781,0.003972037,0.277883699,0.0,0.541626946,0.0,0.0,7.94e-05,0.053225294,0.0,0.000158881,7.94e-05,0.0,0.0,0.0,0.0,0.0,0.0,0.0,0.0,0.0,0.0,0.0,0.0,0.0,0.0,0.0,0.0,0.0,0.0,0.0
307,RPRC0530048,7,0.296387739,0.0,0.189349337,0.020549246,0.000379838,0.0,0.249477722,0.0,0.0,0.035780757,0.000303871,0.0,0.0,0.151897292,0.0,0.0,0.0,0.0,0.0,0.0,0.0,0.0,0.0,0.0,0.0,0.0,0.0,0.0,0.0,0.0,0.0,0.0,0.0
308,RPRC0530049,1,0.045896489,0.09209018,0.025283403,0.001761984,0.023309133,0.005339023,0.0,0.0,0.0,0.0,0.351536959,0.0,0.0,0.009075277,0.228346707,0.0,0.0,0.0,0.0,0.178491063,0.0,0.0,0.0,0.0,0.0,0.0,0.0,0.0,0.0,0.0,0.0,0.0,0.0
309,RPRC0530049,2,0.003664171,0.283427899,0.0,0.000428916,0.702957072,0.002524479,0.0,0.0,0.0,0.0,1.23e-05,0.0,0.0,0.005784243,0.0,0.0,0.0,0.0,0.0,0.0,0.0,0.0,0.0,0.0,0.0,0.0,0.0,0.0,0.0,0.0,0.0,0.0,0.0
310,RPRC0530049,3,0.057003349,0.692921058,0.000358371,0.000828732,0.174593753,0.005700335,0.0,0.0,0.0,0.0,1.12e-05,0.0,0.0,0.064529134,0.0,0.0,0.0,0.0,0.0,0.000380769,0.0,0.0,0.0,0.0,0.0,0.0,0.0,0.0,0.0,0.0,0.0,0.0,0.0
311,RPRC0530049,4,2.27e-05,0.126839341,0.157040264,0.409198688,0.004492699,0.004935162,0.0,0.0,0.0,0.0,0.109401768,0.0,0.0,0.001259317,0.007771462,0.0,0.0,0.0,0.0,0.112998196,0.0,0.0,0.0,0.0,0.0,0.0,0.0,0.0,0.0,0.0,0.0,0.0,0.0
312,RPRC0530049,5,0.284243361,0.150817093,0.161596643,0.025630762,0.001670071,0.003050295,0.0,0.0,0.0,0.0,0.201954397,0.0,0.0,0.116587534,0.003602385,0.0,0.0,0.0,0.0,0.031717551,0.0,0.0,0.0,0.0,0.0,0.0,0.0,0.0,0.0,0.0,0.0,0.0,0.0
313,RPRC0530049,6,0.0,0.362820383,0.115944226,0.455828365,0.0,1.68e-05,0.0,0.0,0.0,0.0,0.047438618,0.0,0.0,1.68e-05,0.0,0.0,0.0,0.0,0.0,0.014836146,0.0,0.0,0.0,0.0,0.0,0.0,0.0,0.0,0.0,0.0,0.0,0.0,0.0
314,RPRC0530049,7,0.233187158,0.046846876,0.218755113,0.167817521,0.002258075,0.023562522,0.0,0.0,0.0,0.0,0.164594037,0.0,0.0,0.054570148,0.001767189,0.0,0.0,0.0,0.0,0.012255784,0.0,0.0,0.0,0.0,0.0,0.0,0.0,0.0,0.0,0.0,0.0,0.0,0.0
315,RPRC0530052,1,0.036588872,0.022358414,0.0,0.692797219,0.006664402,0.0,0.14197789,0.0,0.0,0.0,0.066578679,0.0,0.0,0.012401014,0.000470428,0.0,0.0,0.0,0.0,0.014191255,0.0,0.0,0.0,0.0,0.0,0.0,0.0,0.0,0.0,0.0,0.0,0.0,0.0
316,RPRC0530052,2,0.054542086,0.117321071,0.0,0.429649469,0.002408746,0.0,0.173749726,0.0,0.0,0.0,0.106490138,0.0,0.0,0.056950831,0.000471642,0.0,0.0,0.0,0.0,0.015951623,0.0,0.0,0.0,0.0,0.0,0.0,0.0,1.68e-05,0.0,0.0,0.0,0.0,0.0
317,RPRC0530052,3,0.000190647,0.044592302,0.0,0.293214878,0.000152517,0.0,0.000228776,0.0,0.0,0.0,0.141860332,0.0,0.0,0.002287762,0.00427049,0.0,0.0,0.0,0.0,0.343907879,0.0,0.0,0.0,0.0,0.0,0.0,0.0,0.096600766,0.0,0.0,0.0,0.0,0.0
318,RPRC0530052,4,0.005832542,0.004611777,0.0,0.68056659,0.000232527,0.0,0.172922278,0.0,0.0,0.0,0.08555041,0.0,0.0,0.00716957,0.000542562,0.0,0.0,0.0,0.0,0.013118375,0.0,0.0,0.0,0.0,0.0,0.0,0.0,3.88e-05,0.0,0.0,0.0,0.0,0.0
319,RPRC0530052,5,0.00559004,0.006401213,0.0,0.611818438,0.000246879,0.0,0.186675601,0.0,0.0,0.0,0.036767299,0.0,0.0,0.012202864,0.100338577,0.0,0.0,0.0,0.0,0.023277139,0.0,0.0,0.0,0.0,0.0,0.0,0.0,0.0,0.0,0.0,0.0,0.0,0.0
320,RPRC0530052,6,3.06e-05,0.906181707,0.0,7.64e-05,0.0,0.0,4.58e-05,0.0,0.0,0.0,3.06e-05,0.0,0.0,0.084878123,1.53e-05,0.0,0.0,0.0,0.0,7.64e-05,0.0,0.0,0.0,0.0,0.0,0.0,0.0,0.0,0.0,0.0,0.0,0.0,0.0
321,RPRC0530052,7,0.071061171,0.017519332,0.0,0.671844794,3.45e-05,0.0,0.044894366,0.0,0.0,0.0,0.025372825,0.0,0.0,0.056096382,0.003607429,0.0,0.0,0.0,0.0,0.033209058,0.0,0.0,0.0,0.0,0.0,0.0,0.0,5.18e-05,0.0,0.0,0.0,0.0,0.0
322,RPRC0530053,1,0.155285891,0.008355615,0.0,0.481232003,0.0,0.0,0.086307075,0.002416701,0.0,0.0,0.113173591,0.0,0.0,0.005296174,0.04396339,0.0,0.0,0.0,0.0,0.05442719,0.0,0.00866413,0.0,0.0,0.0,0.0,0.0,0.0,0.0,0.0,0.0,0.0,0.0
323,RPRC0530053,2,0.400413565,0.006936075,0.0,0.091870495,0.0,0.0,0.089637244,0.043247076,0.0,0.0,0.114722911,0.0,0.0,0.002918587,0.067765568,0.0,0.0,0.0,0.0,0.086695025,0.0,0.018834929,0.0,0.0,0.0,0.0,0.0,0.0,0.0,0.0,0.0,0.0,0.0
324,RPRC0530053,3,0.504869658,0.014584747,0.0,0.121814129,0.0,0.0,0.109967051,0.059647253,0.0,0.0,0.021865006,0.0,0.0,0.01906677,0.008103983,0.0,0.0,0.0,0.0,0.077599574,0.0,0.0,0.0,0.0,0.0,0.0,0.0,0.0,0.0,0.0,0.0,0.0,0.0
325,RPRC0530053,4,0.097501488,0.009391024,0.0,0.111885695,0.0,0.0,0.463444144,0.014883524,0.0,0.0,0.051506597,0.0,0.0,0.008296365,0.057479211,0.0,0.0,0.0,0.0,0.105317739,0.0,9.6e-05,0.0,0.0,0.0,0.0,0.0,0.0,0.0,0.0,0.0,0.0,0.0
326,RPRC0530053,5,0.297093275,0.006958785,0.0,0.108477223,0.0,0.0,0.37716269,0.015913232,0.0,0.0,0.015548807,0.0,0.0,0.037691974,0.023947939,0.0,0.0,0.0,0.0,0.023739696,0.0,0.0,0.0,0.0,0.0,0.0,0.0,0.0,0.0,0.0,0.0,0.0,0.0
327,RPRC0530053,6,0.015732874,0.010180095,0.0,0.164390027,0.0,0.0,0.633720177,0.005830418,0.0,0.0,0.030531031,0.0,0.0,0.002221112,0.052297925,0.0,0.0,0.0,0.0,0.051150351,0.0,0.0,0.0,0.0,0.0,0.0,0.0,0.0,0.0,0.0,0.0,0.0,0.0
328,RPRC0530053,7,3.75e-05,0.891184087,0.0,3.75e-05,0.0,0.0,1.5e-05,0.000240195,0.0,0.0,0.017286545,0.0,0.0,0.000517921,7.51e-06,0.0,0.0,0.0,0.0,0.003130043,0.0,7.51e-06,0.0,0.0,0.0,0.0,0.0,0.0,0.0,0.0,0.0,0.0,0.0
329,RPRC0530056,1,0.232801154,0.016407559,0.06060324,0.060277416,0.000116366,0.0,2.33e-05,0.0,0.0,0.0,0.007400856,0.0,0.0,0.0,0.0,0.0,0.0,0.319167753,0.0,0.0,0.0,0.0,0.0,0.0,0.0,0.0,0.0,0.0,0.0,0.0,0.0,0.0,0.0
330,RPRC0530056,2,0.434475427,0.019540292,0.020899499,0.254023793,0.0,0.0,0.007980298,0.0,0.0,0.0,0.025084782,0.0,0.0,0.0,0.0,0.0,0.0,5.38e-05,0.0,0.089532756,0.111979868,0.0,0.0,0.0,0.0,0.0,0.0,0.0,0.0,0.0,0.0,0.0,0.0
331,RPRC0530056,3,0.000801065,0.280793455,6.01e-05,0.042636707,1e-05,0.0,1e-05,0.0,0.0,0.0,0.673155297,0.0,0.0,0.0,0.0,0.0,0.0,1e-05,0.0,0.0,0.0,0.0,0.0,0.0,0.0,0.0,0.0,0.0,0.0,0.0,0.0,0.0,0.0
332,RPRC0530056,4,0.005601609,0.100387804,6.16e-05,0.000420634,1.03e-05,0.0,0.790462902,0.0,0.0,0.0,0.042422439,0.0,0.0,0.0,0.0,0.0,0.0,0.002410949,0.0,0.011982928,2.05e-05,0.0,0.0,0.0,0.0,0.0,0.0,0.0,0.0,0.0,0.0,0.0,0.0
333,RPRC0530056,5,0.345157015,0.000499592,0.381494698,0.070564845,1.02e-05,0.0,0.015069331,0.0,0.0,0.0,0.002324633,0.0,0.0,0.0,0.0,0.0,0.0,0.000387439,0.0,0.000795269,0.048562398,0.0,0.0,0.0,0.0,0.0,0.0,0.0,0.0,0.0,0.0,0.0,0.0
334,RPRC0530056,6,0.003730855,0.080453375,0.00040363,0.00459266,0.223905834,0.0,0.642077933,0.0,0.0,0.0,0.011803465,0.0,0.0,0.0,0.0,0.0,0.0,0.00040363,0.0,0.007483528,0.0,0.0,0.0,0.0,0.0,0.0,0.0,0.0,0.0,0.0,0.0,0.0,0.0
335,RPRC0530056,7,0.193055432,0.074361598,0.133041196,0.275513836,0.016349319,0.0,0.086328855,0.0,0.0,0.0,0.03040751,0.0,0.0,0.0,0.0,0.0,0.0,0.000266928,0.0,0.06339532,0.049270398,0.0,0.0,0.0,0.0,0.0,0.0,0.0,0.0,0.0,0.0,0.0,0.0
336,RPRC0530057,1,0.106336993,0.0,0.000815127,0.02770196,0.0,0.0,0.235065272,0.006483963,0.023243464,0.0,0.186799886,0.0,0.0,0.07915375,0.17442478,0.0,0.0,0.0,0.0,0.0,0.0,0.0,0.0,0.0,0.0,0.0,0.0,0.0,0.0,0.0,0.0,0.0,0.0
337,RPRC0530057,2,0.440595748,0.0,0.191051905,0.044873982,0.0,0.0,0.014092656,0.078088146,0.103914791,0.0,0.049027607,8.9e-05,0.0,0.000667547,0.009553337,0.0,0.0,0.0,0.0,0.0,0.0,0.0,0.0,0.0,0.0,0.0,0.0,0.0,0.0,0.0,0.0,0.0,0.0
338,RPRC0530057,3,0.23470796,0.0,0.271315291,0.029227386,0.0,0.0,0.011847676,0.006713293,0.02734439,0.0,0.219585507,0.000619869,0.0,0.000736825,0.064770415,0.0,0.0,0.0,0.0,0.0,0.0,0.0,0.0,0.0,0.0,0.0,0.0,0.0,0.0,0.0,0.0,0.0,0.0
339,RPRC0530057,4,0.377679334,0.0,0.059141567,0.040200917,0.0,0.0,0.008598287,0.132898477,0.071681462,0.0,0.123672323,0.0,0.0,0.000313933,0.078465912,0.0,0.0,0.0,0.0,0.0,0.0,0.0,0.0,0.0,0.0,0.0,0.0,0.0,0.0,0.0,0.0,0.0,0.0
340,RPRC0530057,5,0.289073634,0.0,0.003372922,0.025225653,0.0,0.0,0.036785432,0.075692795,0.008329375,0.0,0.306429137,0.0,0.0,0.032810768,0.116294537,0.0,0.0,0.0,0.0,0.0,0.0,0.0,0.0,0.0,0.0,0.0,0.0,0.0,0.0,0.0,0.0,0.0,0.0
341,RPRC0530057,6,0.355210176,0.0,0.026530689,0.176118617,0.0,0.0,0.020415459,0.075734768,0.074586987,0.0,0.075264366,3.76e-05,0.0,0.000282241,0.003236368,0.0,0.0,0.0,0.0,0.0,0.0,0.0,0.0,0.0,0.0,0.0,0.0,0.0,0.0,0.0,0.0,0.0,0.0
342,RPRC0530057,7,0.359659642,0.0,0.054870228,0.056444801,0.0,0.0,0.10133578,0.071429316,0.086038436,0.0,0.07114777,0.000125132,0.0,0.000187697,0.028394457,0.0,0.0,0.0,0.0,0.0,0.0,0.0,0.0,0.0,0.0,0.0,0.0,0.0,0.0,0.0,0.0,0.0,0.0
343,RPRC0530058,1,0.185543191,0.029375707,0.0,0.03349365,0.024629071,0.005862568,0.123302527,0.0,0.0,0.0,0.529249969,0.0,0.0,0.00756004,0.00762291,0.0,0.0,0.0,0.0,0.0,0.0,0.033603672,0.0,0.0,0.0,0.0,0.0,0.0,0.0,0.0,0.0,0.0,0.0
344,RPRC0530058,2,0.17788888,0.048947666,0.0,0.01200172,0.023546488,0.000833266,0.04928366,0.0,0.0,0.0,0.567655834,0.0,0.0,0.016289009,0.020710695,0.0,0.0,0.0,0.0,0.0,0.0,0.063838938,0.0,0.0,0.0,0.0,0.0,0.0,0.0,0.0,0.0,0.0,0.0
345,RPRC0530058,3,0.342841093,0.095264844,0.0,0.222860234,0.011713061,0.022926809,0.078204968,0.0,0.0,0.0,0.056817709,0.0,0.0,0.002350934,0.02667166,0.0,0.0,0.0,0.0,0.0,0.0,0.084113511,0.0,0.0,0.0,0.0,0.0,0.0,0.0,0.0,0.0,0.0,0.0
346,RPRC0530058,4,0.004514623,0.059862589,0.0,0.769710385,0.002728498,0.003846196,0.043590221,0.0,0.0,0.0,0.051775715,0.0,0.0,0.001336854,0.001928577,0.0,0.0,0.0,0.0,0.0,0.0,0.046055731,0.0,0.0,0.0,0.0,0.0,0.0,0.0,0.0,0.0,0.0,0.0
347,RPRC0530058,5,0.040344545,0.041028806,0.0,0.002817544,0.013336374,0.416352488,0.165483745,0.0,0.0,0.0,0.207357815,0.0,0.0,0.006627937,0.081064763,0.0,0.0,0.0,0.0,0.0,0.0,0.006319348,0.0,0.0,0.0,0.0,0.0,0.0,0.0,0.0,0.0,0.0,0.0
348,RPRC0530058,6,0.012181909,0.075911212,0.0,0.382986999,0.099191577,0.003694855,0.026266807,0.0,0.0,0.0,0.270668963,0.0,0.0,0.001069563,0.004958884,0.0,0.0,0.0,0.0,0.0,0.0,0.100205578,0.0,0.0,0.0,0.0,0.0,0.0,0.0,0.0,0.0,0.0,0.0
349,RPRC0530058,7,0.050676464,0.164586735,0.0,0.496345541,0.003537828,0.015842469,0.008339165,0.0,0.0,0.0,0.047935619,0.0,0.0,0.07637431,0.004684706,0.0,0.0,0.0,0.0,0.0,0.0,0.098884224,0.0,0.0,0.0,0.0,0.0,0.0,0.0,0.0,0.0,0.0,0.0
350,RPRC0530059,1,0.064235897,0.214686014,5.48e-05,0.076499363,0.0,0.024965402,5.48e-05,0.0,0.0,0.0,0.164289336,0.003302229,0.0,0.054205889,0.0,0.0,0.0,0.0,0.0,0.273482139,0.0,0.0,0.0,0.0,0.0,0.0,0.0,0.0,0.0,0.0,0.0,0.0,0.0
351,RPRC0530059,2,0.295402384,0.002102613,0.173702525,0.204856741,0.0,0.003790627,0.004827127,0.0,0.0,0.0,0.013874287,0.00294662,0.0,0.009595025,0.0,0.0,0.0,0.0,0.0,0.011964167,0.0,0.0,0.0,0.0,0.0,0.0,0.0,0.0,0.0,0.0,0.0,0.0,0.0
352,RPRC0530059,3,5.82e-05,0.000104735,0.000453853,3.49e-05,0.0,0.0,0.000232745,0.0,0.0,0.0,5.82e-05,0.692869861,0.0,0.278700353,0.0,0.0,0.0,0.0,0.0,2.33e-05,0.0,0.0,0.0,0.0,0.0,0.0,0.0,0.0,0.0,0.0,0.0,0.0,0.0
353,RPRC0530059,4,0.008314372,0.005816639,0.001419944,0.269002446,0.0,0.001847638,0.352967341,0.0,0.0,0.0,0.226301473,8.55e-05,0.0,0.000513233,0.0,0.0,0.0,0.0,0.0,0.078096933,0.0,0.0,0.0,0.0,0.0,0.0,0.0,0.0,0.0,0.0,0.0,0.0,0.0
354,RPRC0530059,5,0.12402518,0.032685152,0.193434936,0.190363933,0.0,0.0,0.001197818,0.0,0.0,0.0,0.068122738,0.001733014,0.0,0.053366634,0.0,0.0,0.0,0.0,0.0,0.029728834,0.0,0.0,0.0,0.0,0.0,0.0,0.0,0.0,0.0,0.0,0.0,0.0,0.0
355,RPRC0530059,6,0.050943372,0.154397006,0.011641609,0.279929555,0.0,3.88e-05,0.065472722,0.0,0.0,0.0,0.084573249,0.000116546,0.0,0.032671613,0.0,0.0,0.0,0.0,0.0,0.194838325,0.0,0.0,0.0,0.0,0.0,0.0,0.0,0.0,0.0,0.0,0.0,0.0,0.0
356,RPRC0530059,7,0.126093676,0.120386483,0.0,0.037127177,0.0,0.067817029,0.009467369,0.0,0.0,0.0,0.326186159,0.000206871,0.0,0.066831352,0.0,0.0,0.0,0.0,0.0,0.105382285,0.0,0.0,0.0,0.0,0.0,0.0,0.0,0.0,0.0,0.0,0.0,0.0,0.0
357,RPRC0530060,1,0.058293783,0.015512586,0.000218015,0.0087709,0.0,0.0,0.618222677,0.0,0.000150933,0.0,0.081621359,0.0,0.0,0.0,0.0,0.0,0.0,0.069529927,0.0,0.0,0.00692616,0.0,0.0,0.0,0.0,0.0,0.0,0.0,0.0,0.0,0.0,0.000251555,0.0
358,RPRC0530060,2,0.000122089,0.892700794,0.000148252,0.001090085,0.0,0.0,0.000156972,0.0,0.0,0.0,0.000165693,0.0,0.0,0.0,0.0,0.0,0.0,0.0,0.0,0.0,0.0,0.0,0.0,0.0,0.0,0.0,0.0,0.0,0.0,0.0,0.0,0.0,0.0
359,RPRC0530060,3,0.167147494,0.000981689,0.075830428,0.518451737,0.0,0.0,0.051188043,0.0,0.024522178,0.0,0.03243579,0.0,0.0,0.0,0.0,0.0,0.0,0.015266258,0.0,0.0,0.00647113,0.0,0.0,0.0,0.0,0.0,0.0,0.0,0.0,0.0,0.0,0.000681172,0.0
360,RPRC0530060,4,0.129874073,0.052655168,0.023783018,0.139835471,0.0,0.0,0.241285584,0.0,0.035840791,0.0,0.161724522,0.0,0.0,0.0,0.0,0.0,0.0,0.018404731,0.0,0.0,0.030896237,0.0,0.0,0.0,0.0,0.0,0.0,0.0,0.0,0.0,0.0,0.00039036,0.0
361,RPRC0530060,5,0.184654097,0.001396022,0.356743994,0.028247906,0.0,0.0,0.055185964,0.0,0.04413843,0.0,0.007910792,0.0,0.0,0.0,0.0,0.0,0.0,0.035538244,0.0,0.0,0.029299231,0.0,0.0,0.0,0.0,0.0,0.0,0.0,0.0,0.0,0.0,0.186050119,0.0
362,RPRC0530060,6,0.253159558,0.012224479,0.091175807,0.220097044,0.0,0.0,0.08559016,0.0,0.097551343,0.0,0.027608516,0.0,0.0,0.0,0.0,0.0,0.0,0.059674265,0.0,0.0,0.037707816,0.0,0.0,0.0,0.0,0.0,0.0,0.0,0.0,0.0,0.0,0.004137516,0.0
363,RPRC0530060,7,0.320768318,0.005394972,0.2216357,0.078692184,0.0,0.0,0.011952654,0.0,0.043578355,0.0,0.003139316,0.0,0.0,0.0,0.0,0.0,0.0,0.031207125,0.0,0.0,0.037927586,0.0,0.0,0.0,0.0,0.0,0.0,0.0,0.0,0.0,0.0,0.004139246,0.0
364,RPRC0530067,1,0.541297421,0.103982044,0.0,0.205521829,0.027167213,0.0,1.16e-05,0.0,0.0,0.0,0.021736097,0.0,0.0,0.0,0.0,0.0,0.0,0.0,0.0,0.0,0.0,0.079896727,0.0,0.0,0.0,0.0,0.0,0.0,0.0,0.0,0.0,0.0,0.0
365,RPRC0530067,2,0.069061442,0.006325593,0.028350266,0.556676343,0.00243106,0.0,0.235970005,0.002261732,0.0,0.0,0.044291243,0.0,0.0,0.0,0.0,0.0,0.0,0.0,0.0,0.0,0.025278181,0.007498791,0.0,0.0,0.0,0.0,0.0,0.0,0.0,0.0,0.0,0.0,0.0
366,RPRC0530067,3,0.085129187,0.0162913,0.031982394,0.486438207,0.011746885,0.0,0.21996113,0.010517892,0.0,0.0,0.055318967,0.0,0.0,0.0,0.0,0.0,0.0,0.0,0.0,0.0,0.011961244,0.006416486,0.0,0.0,0.0,0.0,0.0,0.0,0.0,0.0,0.0,0.0,0.0
367,RPRC0530067,4,0.070141934,0.010067431,0.007073136,0.353538926,0.022162494,0.0,0.299641628,0.003866648,0.0,0.0,0.174164191,0.0,0.0,0.0,0.0,0.0,0.0,0.0,0.0,0.0,0.014051964,0.006318668,0.0,0.0,0.0,0.0,0.0,0.0,0.0,0.0,0.0,0.0,0.0
368,RPRC0530067,5,0.049851953,0.007126533,0.034473053,0.550454274,0.010200061,0.0,0.189928284,0.002105311,0.0,0.0,0.103633068,0.0,0.0,0.0,0.0,0.0,0.0,0.0,0.0,0.0,0.023574975,0.008184817,0.0,0.0,0.0,0.0,0.0,0.0,0.0,0.0,0.0,0.0,0.0
369,RPRC0530067,6,0.160638432,0.017678,0.049328489,0.401749724,0.009489724,0.0,0.143828064,0.016430779,0.0,0.0,0.057263706,0.0,0.0,0.0,0.0,0.0,0.0,0.0,0.0,0.0,0.061891076,0.016973049,0.0,0.0,0.0,0.0,0.0,0.0,0.0,0.0,0.0,0.0,0.0
370,RPRC0530067,7,0.169133681,0.011379554,0.34001473,0.229468425,0.003595824,0.0,0.104235563,0.015755195,0.0,0.0,0.046153624,0.0,0.0,0.0,0.0,0.0,0.0,0.0,0.0,0.0,0.048132049,0.000476555,0.0,0.0,0.0,0.0,0.0,0.0,0.0,0.0,0.0,0.0,0.0
371,RPRC0530068,1,0.009943319,6.06e-05,0.037169363,0.725898653,3.63e-05,0.077996318,6.06e-05,0.0,0.0,0.0,0.07831121,0.0,0.0,0.0,0.0,0.0,0.0,0.0,0.0,0.0,0.0,2.42e-05,0.0,0.0,0.0,0.0,0.0,0.0,0.0,0.0,0.0,0.0,0.0
372,RPRC0530068,2,0.214781153,0.087634537,0.0,0.409854102,0.008729969,0.005979431,0.154436738,0.0,0.0,0.0,0.075711552,0.0,0.0,0.0,0.0,0.0,0.0,0.0,0.0,0.0,3.59e-05,0.018225305,0.0,0.0,0.0,0.0,0.0,0.0,0.0,0.0,0.0,0.0,0.0
373,RPRC0530068,3,0.090418307,0.126594917,2.32e-05,0.225592978,0.438438229,0.013107636,1.16e-05,0.0,0.0,0.0,0.033494712,0.0,0.0,0.0,0.0,0.0,0.0,0.0,0.0,0.0,0.0,0.06292594,0.0,0.0,0.0,0.0,0.0,0.0,0.0,0.0,0.0,0.0,0.0
374,RPRC0530068,4,0.157315678,0.023357335,0.108990158,0.602715894,0.002077997,0.018138179,8.05e-05,0.0,0.0,0.0,0.014417114,0.0,0.0,0.0,0.0,0.0,0.0,0.0,0.0,0.0,0.026160215,0.007812626,0.0,0.0,0.0,0.0,0.0,0.0,0.0,0.0,0.0,0.0,0.0
375,RPRC0530068,5,0.071142997,0.0212228,0.044515731,0.506629162,0.015360061,0.013084496,0.192111376,0.0,0.0,0.0,0.064537539,0.0,0.0,0.0,0.0,0.0,0.0,0.0,0.0,0.0,0.040849544,0.007948673,0.0,0.0,0.0,0.0,0.0,0.0,0.0,0.0,0.0,0.0,0.0
376,RPRC0530068,6,0.063675375,0.027136186,0.072778619,0.300328159,0.008440616,0.010049855,0.329468005,0.0,0.0,0.0,0.119320333,0.0,0.0,0.0,0.0,0.0,0.0,0.0,0.0,0.0,0.026016029,0.008440616,0.0,0.0,0.0,0.0,0.0,0.0,0.0,0.0,0.0,0.0,0.0
377,RPRC0530068,7,0.085356387,0.029786457,0.123072708,0.419293466,0.014916059,0.017138248,0.206724403,0.0,0.0,0.0,0.028842788,0.0,0.0,0.0,0.0,0.0,0.0,0.0,0.0,0.0,0.041095265,0.01073043,0.0,0.0,0.0,0.0,0.0,0.0,0.0,0.0,0.0,0.0,0.0
378,RPRC0530070,1,0.094385959,0.083533469,1.81e-05,0.520016613,0.0,0.0,0.181548963,0.0,0.0,0.0,0.001083443,0.0,0.0,0.008432799,7.22e-05,0.0,0.0,0.013615269,0.0,0.085519782,0.0,0.0,0.0,0.0,0.0,0.0,0.0,0.0,0.0,0.0,0.0,0.0,0.0
379,RPRC0530070,2,0.0379099,0.003951216,0.0,0.078293199,0.0,0.0,0.155590816,0.0,0.0,0.0,0.296263456,0.0,0.0,0.054352561,0.299312426,0.0,0.0,0.004028996,0.0,0.005802377,0.0,0.0,0.0,0.0,0.0,0.0,0.0,0.0,0.0,0.0,0.0,0.0,0.0
380,RPRC0530070,3,0.114056664,0.021879081,0.001579059,0.19707874,0.0,0.0,0.078831496,0.0,0.0,0.0,0.034131973,0.0,0.0,0.290577268,0.026221493,0.0,0.0,0.042983815,0.0,0.100756126,0.0,0.0,0.0,0.0,0.0,0.0,0.0,0.0,0.0,0.0,0.0,0.0,0.0
381,RPRC0530070,4,0.113791112,0.013824885,0.117538757,0.37009075,0.0,0.0,0.088004271,0.0,0.0,0.0,0.007037727,0.0,0.0,0.177119761,0.018683749,0.0,0.0,0.041790589,0.0,0.004640978,0.0,0.0,0.0,0.0,0.0,0.0,0.0,0.0,0.0,0.0,0.0,0.0,0.0
382,RPRC0530070,5,0.356586655,0.004753184,0.0,0.080901987,0.0,0.0,0.229425005,0.0,0.0,0.0,8.39e-05,0.0,0.0,0.165368861,0.0,0.0,0.0,0.00880737,0.0,0.086298248,0.0,0.0,0.0,0.0,0.0,0.0,0.0,0.0,0.0,0.0,0.0,0.0,0.0
383,RPRC0530070,6,0.156551181,0.017251263,0.021425245,0.328436817,0.0,0.0,0.056411451,0.0,0.0,0.0,0.027856401,0.0,0.0,0.224391817,0.056733904,0.0,0.0,0.01829028,0.0,0.023306223,0.0,0.0,0.0,0.0,0.0,0.0,0.0,0.0,0.0,0.0,0.0,0.0,0.0
384,RPRC0530070,7,1.4e-05,0.626669475,0.0,0.162095358,0.0,0.0,0.000112352,0.0,0.0,0.0,0.0,0.0,0.0,0.162685205,0.0,0.0,0.0,0.0,0.0,0.000280879,0.0,0.0,0.0,0.0,0.0,0.0,0.0,0.0,0.0,0.0,0.0,0.0,0.0
385,RPRC0530072,1,0.003358109,0.031642101,7.03e-05,0.670062244,0.0,0.0,0.194124011,0.0,0.0,0.0,0.073808152,0.0,0.0,0.009175085,0.0,0.0,0.0,0.0,0.0,0.007545208,0.0,0.0,0.0,0.0,0.0,0.0,0.0,0.0,0.0,0.0,0.0,0.0,0.0
386,RPRC0530072,2,0.153944072,0.019148216,0.012296025,0.457512357,0.0,0.0,0.154282619,0.0,0.0,0.0,0.045107996,1.35e-05,0.0,0.015654411,0.0,0.0,0.0,0.0,0.0,0.035195342,0.0,0.0,0.0,0.0,0.0,0.0,0.0,0.0,0.0,0.0,0.0,0.0,0.0
387,RPRC0530072,3,0.099004182,0.026887074,0.001165107,0.643796057,0.0,0.0,0.011282613,0.0,0.0,0.0,0.073551085,3.98e-05,0.0,0.00671181,0.0,0.0,0.0,0.0,0.0,0.047082255,0.0,0.0,0.0,0.0,0.0,0.0,0.0,0.0,0.0,0.0,0.0,0.0,0.0
388,RPRC0530072,4,0.197139621,0.005929512,0.351306936,0.194297009,0.0,0.0,0.006040552,0.0,0.0,0.0,0.036532013,6.66e-05,0.0,0.017411002,0.0,0.0,0.0,0.0,0.0,0.032978747,0.085256168,0.0,0.0,0.0,0.0,0.0,0.0,0.0,0.0,0.0,0.0,0.0,0.0
389,RPRC0530072,5,9.01e-05,0.003334911,3.38e-05,0.002219518,0.0,0.0,0.000247865,0.0,0.0,0.0,0.000540796,0.237882782,0.0,0.605590482,0.0,0.0,0.0,0.0,0.0,4.51e-05,0.0,0.0,0.0,0.0,0.0,0.0,0.0,0.0,0.0,0.0,0.0,0.0,0.0
390,RPRC0530072,6,0.076927659,0.104193347,0.032164875,0.307665962,0.0,0.0,0.098579385,0.0,0.0,0.0,0.290213539,0.006641451,0.0,0.017363076,0.0,0.0,0.0,0.0,0.0,0.017646008,0.000223367,0.0,0.0,0.0,0.0,0.0,0.0,0.0,0.0,0.0,0.0,0.0,0.0
391,RPRC0530072,7,0.056719754,0.005343671,0.031066639,0.652923303,0.0,0.0,0.120302459,0.0,0.0,0.0,0.061923722,0.0,0.0,0.005710394,0.0,0.0,0.0,0.0,0.0,0.036532551,0.0,0.0,0.0,0.0,0.0,0.0,0.0,0.0,0.0,0.0,0.0,0.0,0.0
392,RPRC0530074,1,0.018200947,0.0,0.14356007,0.412301218,0.0,0.0,0.080662,0.0,0.000979242,0.002379315,0.212414519,0.0,0.0,0.0,0.0,0.0,0.002371222,0.0,0.0,0.032031724,0.000801198,0.0,0.0,0.0,0.0,0.0,0.0,0.0,0.0,0.0,0.0,0.0,0.0
393,RPRC0530074,2,0.050325597,0.0,0.126765028,0.57113609,0.0,0.0,0.065225144,0.0,0.00055477,0.005455242,0.09522237,0.0,0.0,0.0,0.0,0.0,0.000132088,0.0,0.0,0.021913429,0.000515144,0.0,0.0,0.0,0.0,0.0,0.0,0.0,0.0,0.0,0.0,0.0,0.0
394,RPRC0530074,3,0.196247212,0.0,0.520929718,0.091939616,0.0,0.0,0.002248724,0.0,0.010414171,0.006082613,0.004313126,0.0,0.0,0.0,0.0,0.0,0.06176617,0.0,0.0,0.008681548,0.063425064,0.0,0.0,0.0,0.0,0.0,0.0,0.0,0.0,0.0,0.0,0.0,0.0
395,RPRC0530074,4,0.076955914,0.0,0.053011487,0.678942875,0.0,0.0,0.088054952,0.0,0.007722757,0.008537721,0.022819,0.0,0.0,0.0,0.0,0.0,0.009158646,0.0,0.0,0.002328469,0.001823968,0.0,0.0,0.0,0.0,0.0,0.0,0.0,0.0,0.0,0.0,0.0,0.0
396,RPRC0530074,5,0.068699667,0.0,0.168842591,0.423796828,0.0,0.0,0.178943463,0.0,0.003366957,0.006775142,0.07076107,0.0,0.0,0.0,0.0,0.0,0.001731578,0.0,0.0,0.019171041,0.001827777,0.0,0.0,0.0,0.0,0.0,0.0,0.0,0.0,0.0,0.0,0.0,0.0
397,RPRC0530074,6,0.107653133,0.0,0.014712123,0.159198614,0.0,0.0,0.165767789,0.0,0.02888492,0.003456995,0.067645707,0.0,0.0,0.0,0.0,0.0,0.009911232,0.0,0.0,0.286011105,0.069467039,0.0,0.0,0.0,0.0,0.0,0.0,0.0,0.0,0.0,0.0,0.0,0.0
398,RPRC0530074,7,0.010816126,0.0,0.018132606,0.723813451,0.0,0.0,0.05368943,0.0,0.000380626,0.015753693,0.105401719,0.0,0.0,0.0,0.0,0.0,0.000200886,0.0,0.0,0.021283344,0.000581512,0.0,0.0,0.0,0.0,0.0,0.0,0.0,0.0,0.0,0.0,0.0,0.0
399,RPRC0530075,1,1.09e-05,0.000807208,0.0,0.000927199,0.0,0.140159696,0.0,0.0,0.0,0.0,0.000229073,0.369363178,0.325992102,0.10805681,0.0,0.0,0.0,0.0,0.0,0.0,0.0,0.0,0.0,0.0,0.0,0.0,0.0,0.0,0.0,0.0,0.0,0.0,0.0
400,RPRC0530075,2,0.007206652,0.232491531,0.0,0.009044246,0.0,0.028795812,0.261390001,0.0,0.0,0.0,0.114156657,0.001755467,0.000153988,0.223457551,0.0,0.0,0.0,0.0,0.0,0.0,0.0,0.0,0.0,0.0,0.0,0.0,0.0,0.0,0.0,0.0,0.0,0.0,0.0
401,RPRC0530075,3,0.132347594,0.070158163,0.064552781,0.011725851,0.0,0.006105321,0.428993455,0.0,0.0,0.0,0.111289541,0.004438856,0.0,0.12359108,0.0,0.0,0.0,0.0,0.0,0.0,0.0,0.0,0.0,0.0,0.0,0.0,0.0,0.0,0.0,0.0,0.0,0.0,0.0
402,RPRC0530075,4,0.31004796,0.003863948,0.174097988,0.133984104,0.0,0.000559256,0.08022777,0.0,0.0,0.0,0.021709289,0.000423679,0.0,0.231667429,0.0,0.0,0.0,0.0,0.0,0.0,0.0,0.0,0.0,0.0,0.0,0.0,0.0,0.0,0.0,0.0,0.0,0.0,0.0
403,RPRC0530075,5,0.252712058,0.001637469,0.496273554,0.023105171,0.0,0.000108362,0.0033833,0.0,0.0,0.0,0.023069051,1.2e-05,0.0,0.081114924,0.0,0.0,0.0,0.0,0.0,0.0,0.0,0.0,0.0,0.0,0.0,0.0,0.0,0.0,0.0,0.0,0.0,0.0,0.0
404,RPRC0530075,6,0.221340813,0.005274504,0.085961864,0.324915754,0.0,0.002846558,0.234987546,0.0,0.0,0.0,0.022228269,6.28e-05,0.0,0.041097181,0.0,0.0,0.0,0.0,0.0,0.0,0.0,0.0,0.0,0.0,0.0,0.0,0.0,0.0,0.0,0.0,0.0,0.0,0.0
405,RPRC0530075,7,0.090615092,0.021306278,0.065409004,0.297194039,0.0,0.000269499,0.419213697,0.0,0.0,0.0,0.033449588,0.000428028,0.0,0.029819277,0.0,0.0,0.0,0.0,0.0,0.0,0.0,0.0,0.0,0.0,0.0,0.0,0.0,0.0,0.0,0.0,0.0,0.0,0.0
406,RPRC0530076,1,0.181323646,0.025919512,0.043199187,0.078699695,0.0,0.0,0.191845801,0.0,0.0,0.015209125,0.011820954,0.0,0.0,0.0,0.0,0.0,0.0,0.0,0.0,0.033222904,0.022681926,0.0,0.0,0.0,0.0,0.0,0.0,0.0,0.0,0.0,0.0,0.302017844,0.0
407,RPRC0530076,2,0.087371272,0.009798002,0.066205517,0.482206621,0.0,0.0,0.168981042,0.0,0.0,0.012575253,0.031964258,0.0,0.0,0.0,0.0,0.0,0.0,0.0,0.0,0.03958876,0.037691259,0.0,0.0,0.0,0.0,0.0,0.0,0.0,0.0,0.0,0.0,0.003674251,0.0
408,RPRC0530076,3,0.232489747,0.005841753,0.04903471,0.434350305,0.0,0.0,0.051455437,0.0,0.0,0.025627688,0.028648595,0.0,0.0,0.0,0.0,0.0,0.0,0.0,0.0,0.030209063,0.056777033,0.0,0.0,0.0,0.0,0.0,0.0,0.0,0.0,0.0,0.0,0.016945084,0.0
409,RPRC0530076,4,0.163352855,0.001205023,0.034126238,0.012797339,0.0,0.0,0.267972911,0.0,0.0,0.111030776,0.003518666,0.0,0.0,0.0,0.0,0.0,0.0,0.0,0.0,0.000144603,0.069939508,0.0,0.0,0.0,0.0,0.0,0.0,0.0,0.0,0.0,0.0,0.166341311,0.0
410,RPRC0530076,5,0.330313057,0.006838042,0.063205226,0.222567235,0.0,0.0,0.101925851,0.0,0.0,0.004106219,0.068804615,0.0,0.0,0.0,0.0,0.0,0.0,0.0,0.0,0.049478239,0.073063545,0.0,0.0,0.0,0.0,0.0,0.0,0.0,0.0,0.0,0.0,0.000542971,0.0
411,RPRC0530076,6,0.0,0.961647235,0.0,0.0,0.0,0.0,1.33e-05,0.0,0.0,0.0,1.33e-05,0.0,0.0,0.0,0.0,0.0,0.0,0.0,0.0,0.0,0.0,0.0,0.0,0.0,0.0,0.0,0.0,0.0,0.0,0.0,0.0,0.0,0.0
412,RPRC0530076,7,0.189345018,0.026291513,0.010781827,0.068784594,0.0,0.0,0.090156058,0.0,0.0,0.006092405,0.201549047,0.0,0.0,0.0,0.0,0.0,0.0,0.0,0.0,0.120944803,0.062461562,0.0,0.0,0.0,0.0,0.0,0.0,0.0,0.0,0.0,0.0,5.77e-05,0.0
413,RPRC0540001,1,0.52944236,0.076048594,0.0,0.143775309,0.094327005,0.038042873,0.031652859,0.0,0.0,0.0,0.04662481,3.72e-05,0.0,0.0,0.0,0.0,0.0,0.0,0.0,0.0,0.0,0.0,0.0,0.0,0.0,0.0,0.0,0.0,0.0,0.0,0.0,0.0,0.0
414,RPRC0540001,2,0.387518254,0.038352164,0.199100761,0.123203443,0.021020675,0.002805319,0.051725463,0.0,0.0,0.0,0.046806548,0.001076013,0.0,0.0,0.0,0.0,0.0,0.0,0.0,0.0,0.0,0.0,0.0,0.0,0.0,0.0,0.0,0.0,0.0,0.0,0.0,0.0,0.000345861
415,RPRC0540001,3,0.451498821,0.024250589,0.253957561,0.053497249,0.036712698,0.001684069,0.097283036,0.0,0.0,0.0,0.020938588,5.61e-05,0.0,0.0,0.0,0.0,0.0,0.0,0.0,0.0,0.0,0.0,0.0,0.0,0.0,0.0,0.0,0.0,0.0,0.0,0.0,0.0,0.000112271
416,RPRC0540001,4,0.310848508,0.061022859,0.270786517,0.042347927,0.066369624,0.000929872,0.131848121,0.0,0.0,0.0,0.05970554,0.0,0.0,0.0,0.0,0.0,0.0,0.0,0.0,0.0,0.0,0.0,0.0,0.0,0.0,0.0,0.0,0.0,0.0,0.0,0.0,0.0,0.00116234
417,RPRC0540001,5,8.02e-05,0.000160428,8.02e-05,5.35e-05,0.0,0.0,0.000106952,0.0,0.0,0.0,0.00013369,0.30328877,0.0,0.0,0.0,0.0,0.0,0.0,0.0,0.0,0.0,0.0,0.0,0.0,0.0,0.0,0.0,0.0,0.0,0.0,0.0,0.0,0.691684492
418,RPRC0540001,6,0.01729424,0.665575234,0.0,5.95e-05,0.256883465,0.0,2.98e-05,0.0,0.0,0.0,0.0,0.050453937,0.0,0.0,0.0,0.0,0.0,0.0,0.0,0.0,0.0,0.0,0.0,0.0,0.0,0.0,0.0,0.0,0.0,0.0,0.0,0.0,0.00056556
419,RPRC0540001,7,0.592844633,0.023817863,0.0,0.146659995,0.05384038,0.003602702,0.0,0.0,0.0,0.0,0.059094321,5e-05,0.0,0.0,0.0,0.0,0.0,0.0,0.0,0.0,0.0,0.0,0.0,0.0,0.0,0.0,0.0,0.0,0.0,0.0,0.0,0.0,0.00020015
420,RPRC0540005,1,0.689822472,0.0,0.0,0.0,0.002756644,0.0,0.030212813,0.119417797,0.0,0.0,0.071672731,0.0,0.0,0.0,0.009703385,0.0,0.0,0.0,0.000330797,0.0,0.0,0.0,0.0,0.0,0.0,0.0,0.0,0.0,0.0,0.0,0.0,0.0,0.0
421,RPRC0540005,2,0.482512766,0.0,0.0,0.0,0.034685422,0.059350612,0.0,0.0,0.0,0.0,0.227671259,0.0,0.0,0.0,9.63e-05,0.0,0.0,0.0,0.170633009,0.0,0.0,0.0,0.0,0.0,0.0,0.0,0.0,0.0,0.0,0.0,0.0,0.0,0.0
422,RPRC0540005,3,0.193418293,0.0,0.0,0.0,0.03819971,0.000580739,0.140796903,0.000645265,0.0,0.0,0.328472334,0.0,0.0,0.0,0.017035006,0.0,0.0,0.0,0.0,0.0,0.0,0.0,0.0,0.0,0.0,0.0,0.0,0.0,0.0,0.0,0.0,0.0,0.0
423,RPRC0540005,4,0.727141278,0.0,0.0,0.0,0.098154291,0.006038956,0.000850557,0.0,0.0,0.0,0.095857787,0.0,0.0,0.0,0.0,0.0,0.0,0.0,0.044569193,0.0,0.0,0.0,0.0,0.0,0.0,0.0,0.0,0.0,0.0,0.0,0.0,0.0,0.0
424,RPRC0540005,5,0.024006623,0.0,0.0,0.0,0.009657837,0.000137969,0.084988962,0.000275938,0.0,0.0,0.382450331,0.000137969,0.0,0.0,0.337334437,0.0,0.0,0.0,0.0,0.0,0.0,0.0,0.0,0.0,0.0,0.0,0.0,0.0,0.0,0.0,0.0,0.0,0.0
425,RPRC0540005,6,0.823149365,0.0,0.0,0.0,0.0,0.023872098,0.000109505,0.0,0.0,0.0,0.012264564,0.0,0.0,0.0,0.0,0.0,0.0,0.0,0.122317127,0.0,0.0,0.0,0.0,0.0,0.0,0.0,0.0,0.0,0.0,0.0,0.0,0.0,0.0
426,RPRC0540005,7,0.677692572,0.0,0.0,0.0,0.000915646,0.0,0.017397276,0.082865972,0.0,0.0,0.156804395,0.0,0.0,0.0,0.001144558,0.0,0.0,0.0,0.0,0.0,0.0,0.0,0.0,0.0,0.0,0.0,0.0,0.0,0.0,0.0,0.0,0.0,0.0
427,RPRC0540006,1,8.66e-05,0.531147541,0.0,0.065091247,0.000148469,0.0,1.24e-05,0.0,0.0,0.0,0.0,0.397364677,0.0,1.24e-05,0.0,0.0,0.0,0.0,0.0,0.0,0.0,0.0,0.0,0.0,0.0,0.0,0.0,0.0,0.0,0.0,0.0,0.0,0.0
428,RPRC0540006,2,0.072661175,0.062905527,0.0,0.168515025,0.003773411,0.0,0.340527357,0.0,0.0,0.0,0.192374948,0.0,0.0,0.025447517,0.028507662,0.0,0.0,0.0,0.0,0.0,0.0,0.0,0.0,0.0,0.0,0.0,0.0,0.0,0.0,0.0,0.0,0.0,0.0
429,RPRC0540006,3,0.079466911,0.006262649,0.0,0.022899403,0.001502018,0.0,0.158628327,0.0,0.0,0.0,0.264660582,3.82e-05,0.0,0.017629613,0.125189343,0.0,0.0,0.0,0.0,0.111022008,0.0,0.0,0.0,0.0,0.0,0.0,0.0,0.0,0.0,0.0,0.0,0.0,0.0
430,RPRC0540006,4,1.29e-05,0.0,0.0,0.0,0.0,0.0,1.29e-05,0.0,0.0,0.0,0.0,0.990692811,0.0,1.29e-05,0.0,0.0,0.0,0.0,0.0,1.29e-05,0.0,0.0,0.0,0.0,0.0,0.0,0.0,0.0,0.0,0.0,0.0,0.0,0.0
431,RPRC0540006,5,0.004348375,0.309435974,0.0,0.336774628,0.074988428,0.0,0.231067035,0.0,0.0,0.0,0.005470536,0.001500891,0.0,0.003422592,0.0,0.0,0.0,0.0,0.0,0.0,0.0,0.0,0.0,0.0,0.0,0.0,0.0,0.0,0.0,0.0,0.0,0.0,0.0
432,RPRC0540006,6,0.000127857,0.345469075,0.0,0.617068883,0.000127857,0.0,0.025331629,0.0,0.0,0.0,0.0,0.001246604,0.0,0.001086783,0.0,0.0,0.0,0.0,0.0,0.0,0.0,0.0,0.0,0.0,0.0,0.0,0.0,0.0,0.0,0.0,0.0,0.0,0.0
433,RPRC0540006,7,0.367191453,0.12180208,0.0,0.144053978,0.012805735,0.0,0.15726736,0.0,0.0,0.0,0.095276919,0.000140568,0.0,0.060500422,0.012693281,0.0,0.0,0.0,0.0,0.0,0.0,0.0,0.0,0.0,0.0,0.0,0.0,0.0,0.0,0.0,0.0,0.0,0.0
434,RPRC0540007,1,0.000631114,0.004943726,0.0,0.008835595,0.391816556,0.003471127,0.000105186,0.0,0.0,0.0,0.249079626,0.0,0.0,0.0,0.110970864,0.0,0.0,0.0,0.0,0.000631114,0.0,0.214894288,0.0,0.0,0.0,0.0,0.0,0.0,0.0,0.0,0.0,0.0,0.0
435,RPRC0540007,2,0.000595026,0.035463525,0.0,0.010591455,0.018802809,0.021896942,0.0,0.0,0.0,0.0,0.673449958,0.0,0.0,0.0,0.002142092,0.0,0.0,0.0,0.0,0.084374628,0.0,0.013804594,0.0,0.0,0.0,0.0,0.0,0.0,0.0,0.0,0.0,0.0,0.0
436,RPRC0540007,3,0.518320611,0.146374046,0.0,0.113740458,0.003244275,0.025572519,0.134732824,0.0,0.0,0.0,0.003435115,0.0,0.0,0.0,0.0,0.0,0.0,0.0,0.0,0.0,0.0,0.008206107,0.0,0.0,0.0,0.0,0.0,0.0,0.0,0.0,0.0,0.0,0.0
437,RPRC0540007,4,0.43167921,0.005056444,0.0,0.038334901,0.000940734,0.003174976,0.00411571,0.0,0.0,0.0,0.218250235,0.0,0.0,0.0,0.017403575,0.0,0.0,0.0,0.0,0.080903104,0.0,0.035395108,0.0,0.0,0.0,0.0,0.0,0.0,0.0,0.0,0.0,0.0,0.0
438,RPRC0540007,5,0.010141253,0.0,0.0,0.0409272,0.570988772,0.216769286,0.0,0.0,0.0,0.0,0.000905469,0.0,0.0,0.0,0.000543281,0.0,0.0,0.0,0.0,0.0,0.0,0.000181094,0.0,0.0,0.0,0.0,0.0,0.0,0.0,0.0,0.0,0.0,0.0
439,RPRC0540007,6,0.176083881,0.035574603,0.0,0.018806691,0.010360323,0.031746692,0.363526671,0.0,0.0,0.0,0.257426978,0.0,0.0,0.0,4.16e-05,0.0,0.0,0.0,0.0,0.0,0.0,0.05754348,0.0,0.0,0.0,0.0,0.0,0.0,0.0,0.0,0.0,0.0,0.0
440,RPRC0540007,7,0.001413874,0.040340533,0.0,0.106792612,0.005114012,0.012333795,0.170657602,0.0,0.0,0.0,0.441038445,0.0,0.0,0.0,0.023644787,0.0,0.0,0.0,0.0,0.126195776,0.0,0.021839841,0.0,0.0,0.0,0.0,0.0,0.0,0.0,0.0,0.0,0.0,0.0
441,RPRC0540008,1,0.177274569,0.004264483,0.160259281,0.05223992,0.0,0.002004307,0.159534318,0.0,0.0,0.268555833,0.035224632,0.0,0.0,0.003368942,0.0,0.0,0.0,0.0,0.0,0.008507644,0.0,0.0,0.0,0.0,0.0,0.0,0.0,0.0,0.0,0.0,0.0,0.0,0.0
442,RPRC0540008,2,0.000126612,0.000976721,0.0,0.000325574,0.0,0.000180874,7.23e-05,0.0,0.0,5.43e-05,0.00070541,0.0,0.0,0.000144699,0.0,0.0,0.0,0.0,0.0,0.9860365,0.0,0.0,0.0,0.0,0.0,0.0,0.0,0.0,0.0,0.0,0.0,0.0,0.0
443,RPRC0540008,3,0.0,0.558836601,0.002789986,0.04273863,0.0,0.020517505,0.000246901,0.0,0.0,4.94e-05,0.000987606,0.0,0.0,0.145671819,0.0,0.0,0.0,0.0,0.0,0.191694237,0.0,0.0,0.0,0.0,0.0,0.0,0.0,0.0,0.0,0.0,0.0,0.0,0.0
444,RPRC0540008,4,7.35e-05,0.439588437,0.002033317,0.328748163,0.0,0.060595296,0.003576678,0.0,0.0,0.000955414,0.000232729,0.0,0.0,0.000159236,0.0,0.0,0.0,0.0,0.0,0.135852523,0.0,0.0,0.0,0.0,0.0,0.0,0.0,0.0,0.0,0.0,0.0,0.0,0.0
445,RPRC0540008,5,0.184304425,0.493864497,0.013772247,0.062029503,0.0,0.0079631,0.00630956,0.0,0.0,0.00052217,0.01013881,0.0,0.0,0.120164484,0.0,0.0,0.0,0.0,0.0,0.018993952,0.0,0.0,0.0,0.0,0.0,0.0,0.0,0.0,0.0,0.0,0.0,0.0,0.0
446,RPRC0540008,6,0.000792172,0.715995461,0.0,0.008949408,0.0,0.086710771,0.0,0.0,0.0,0.0,0.0,0.0,0.0,0.000449611,0.0,0.0,0.0,0.0,0.0,0.175348449,0.0,0.0,0.0,0.0,0.0,0.0,0.0,0.0,0.0,0.0,0.0,0.0,0.0
447,RPRC0540008,7,0.0,0.562979009,0.0,0.011421528,0.0,0.000410846,0.000179278,0.0,0.0,1.49e-05,4.48e-05,0.0,0.0,0.0,0.0,0.0,0.0,0.0,0.0,0.423395832,0.0,0.0,0.0,0.0,0.0,0.0,0.0,0.0,0.0,0.0,0.0,0.0,0.0
448,RPRC0540009,1,0.359348915,0.443656093,0.0,0.017320534,0.006886477,0.009307179,0.015734558,0.0,0.0,0.0,0.105509182,8.35e-05,0.0,0.00033389,0.0,0.0,0.0,0.0,0.0,0.0,0.0,0.0,0.0,0.0,0.0,0.0,0.0,0.0,0.0,0.0,0.0,0.0,0.0
449,RPRC0540009,2,0.23124024,0.2739377,0.0,4.11e-05,0.0,0.060121641,0.0,0.0,0.0,0.0,0.0,0.176912961,0.0,0.229062217,0.0,0.0,0.0,0.0,0.0,0.0,0.0,0.0,0.0,0.0,0.0,0.0,0.0,0.0,0.0,0.0,0.0,0.0,0.0
450,RPRC0540009,3,0.105463892,0.220421192,0.0,0.139540668,0.185929857,0.306027693,0.0,0.0,0.0,0.0,0.0,0.000165824,0.0,0.014716856,0.0,0.0,0.0,0.0,0.0,0.0,0.0,0.0,0.0,0.0,0.0,0.0,0.0,0.0,0.0,0.0,0.0,0.0,0.0
451,RPRC0540009,4,0.040460399,0.155314595,0.0,0.148471769,0.116608766,0.008035934,0.0,0.0,0.0,0.0,0.51528231,0.0,0.0,0.000105274,0.0,0.0,0.0,0.0,0.0,0.0,0.0,0.0,0.0,0.0,0.0,0.0,0.0,0.0,0.0,0.0,0.0,0.0,0.0
452,RPRC0540009,5,0.242151636,0.11676292,0.000111062,0.081075078,0.040944765,0.000925515,0.058122316,0.0,0.0,0.0,0.351177255,0.000222124,0.0,0.000370206,0.0,0.0,0.0,0.0,0.0,0.0,0.0,0.0,0.0,0.0,0.0,0.0,0.0,0.0,0.0,0.0,0.0,0.0,0.0
453,RPRC0540009,6,0.126048635,0.005203356,0.086014654,0.01369863,0.012105766,0.000849527,0.030476797,0.0,0.0,0.0,0.548794733,0.000637146,0.0,0.001380482,0.0,0.0,0.0,0.0,0.0,0.0,0.0,0.0,0.0,0.0,0.0,0.0,0.0,0.0,0.0,0.0,0.0,0.0,0.0
454,RPRC0540009,7,0.252094384,2.48e-05,0.0,0.0,0.0,0.102091905,0.0,0.0,0.0,0.0,0.0,0.350071878,0.0,0.167178902,0.0,0.0,0.0,0.0,0.0,0.0,0.0,0.0,0.0,0.0,0.0,0.0,0.0,0.0,0.0,0.0,0.0,0.0,0.0
455,RPRC0540012,1,0.016618714,0.043285954,0.080817624,0.02649547,0.002404775,0.0,0.075192167,0.0,0.0,0.0,0.501395628,0.0,0.0,0.020612359,0.0,0.0,0.0,0.0,0.0,0.098767553,0.0,0.0,0.0,0.0,0.0,0.0,0.0,0.0,0.0,0.0,0.0,0.0,0.0
456,RPRC0540012,2,0.318591102,0.010460805,0.03654661,0.018802966,0.004766949,0.0,0.011122881,0.0,0.0,0.0,0.2421875,0.0,0.0,0.006223517,0.0,0.0,0.0,0.0,0.0,0.071106992,0.0,0.0,0.0,0.0,0.0,0.0,0.0,0.0,0.0,0.0,0.0,0.0,0.0
457,RPRC0540012,3,0.765189421,0.0,0.099475816,0.008815821,0.0,0.0,0.000595664,0.0,0.0,0.0,0.032880629,0.000833929,0.0,0.002263522,0.0,0.0,0.0,0.0,0.0,0.000595664,0.0,0.0,0.0,0.0,0.0,0.0,0.0,0.0,0.0,0.0,0.0,0.0,0.0
458,RPRC0540012,4,0.0,0.000330542,0.0,0.0,0.0,0.0,0.0,0.0,0.0,0.0,0.0,0.962024387,0.0,0.0,0.0,0.0,0.0,0.0,0.0,0.0,0.0,0.0,0.0,0.0,0.0,0.0,0.0,0.0,0.0,0.0,0.0,0.0,0.0
459,RPRC0540012,5,0.058397334,0.168333092,0.0,0.321644206,0.098150027,0.0,0.095203594,0.0,0.0,0.0,0.000869439,4.83e-05,0.0,0.164275709,0.0,0.0,0.0,0.0,0.0,0.092160556,0.0,0.0,0.0,0.0,0.0,0.0,0.0,0.0,0.0,0.0,0.0,0.0,0.0
460,RPRC0540012,6,0.003336866,0.845836768,3.93e-05,0.0,0.080712912,0.0,0.0,0.0,0.0,0.0,3.93e-05,0.017155419,0.0,0.045224355,0.0,0.0,0.0,0.0,0.0,0.0,0.0,0.0,0.0,0.0,0.0,0.0,0.0,0.0,0.0,0.0,0.0,0.0,0.0
461,RPRC0540012,7,0.357863686,0.033690421,0.143766496,0.020027946,0.000931532,0.0,0.008383791,0.0,0.0,0.0,0.285048905,0.0,0.0,0.010402111,0.0,0.0,0.0,0.0,0.0,0.027480205,0.0,0.0,0.0,0.0,0.0,0.0,0.0,0.0,0.0,0.0,0.0,0.0,0.0
462,RPRC0540013,1,0.257851759,0.255321748,6.98e-05,0.084153406,0.0,0.0,0.0,1.74e-05,0.001012004,0.0,0.179072446,0.0,0.0,0.013382887,0.0,0.0,0.0,0.0,0.0,0.0,0.0,0.0,0.001552903,0.0,0.0,0.0,0.0,0.0,0.0,0.0,0.0,0.0,0.000331519
463,RPRC0540013,2,0.0,0.64655964,0.0,0.0,0.0,0.0,0.0,0.0,0.0,0.0,0.0,0.0,0.0,0.028952007,0.0,0.0,0.0,0.0,0.0,0.0,0.0,0.0,0.0,0.0,0.0,0.0,0.0,0.0,0.0,0.0,0.0,0.0,0.029901945
464,RPRC0540013,3,0.058125423,0.588349243,2.33e-05,1.17e-05,0.0,0.0,0.0,0.0,0.0,0.0,0.000128364,0.0,0.0,0.003979275,0.0,0.0,0.0,0.0,0.0,0.0,0.0,0.0,0.0,0.0,0.0,0.0,0.0,0.0,0.0,0.0,0.0,0.0,0.248827222
465,RPRC0540013,4,0.395707684,0.143906164,0.0,3.92e-05,0.0,0.0,0.0,0.0,0.0,0.0,1.96e-05,0.0,0.0,0.185771912,0.0,0.0,0.0,0.0,0.0,0.0,0.0,0.0,0.0,0.0,0.0,0.0,0.0,0.0,0.0,0.0,0.0,0.0,0.192547192
466,RPRC0540013,5,0.216903665,0.40204286,0.0,0.0,0.0,0.0,0.0,0.0,0.0,0.0,0.0,0.0,0.0,0.184978971,0.0,0.0,0.0,0.0,0.0,0.0,0.0,0.0,0.165111156,0.0,0.0,0.0,0.0,0.0,0.0,0.0,0.0,0.0,0.002803925
467,RPRC0540013,6,0.000519102,0.98690523,2.51e-05,0.001013086,0.0,0.0,0.0,1.67e-05,6.7e-05,0.0,0.0007033,0.0,0.0,2.51e-05,0.0,0.0,0.0,0.0,0.0,0.0,0.0,0.0,0.0,0.0,0.0,0.0,0.0,0.0,0.0,0.0,0.0,0.0,0.0
468,RPRC0540013,7,0.034851322,0.645617321,0.0,0.0,0.0,0.0,0.0,0.0,0.0,0.0,0.0,0.0,0.0,0.149568355,0.0,0.0,0.0,0.0,0.0,0.0,0.0,0.0,0.156305668,0.0,0.0,0.0,0.0,0.0,0.0,0.0,0.0,0.0,0.000365414
469,RPRC0540014,1,0.09686525,0.178428168,0.575545981,0.0,0.000891398,0.080522953,0.012479572,0.0,0.0,0.0,0.0,0.0,0.0,0.0,0.0,0.0,0.0,0.0,0.0,0.000297133,0.0,0.0,0.0,0.0,0.0,0.0,0.0,0.0,0.0,0.0,0.0,0.0,0.0
470,RPRC0540014,2,0.413529232,0.02402816,0.008264463,0.0,0.02402816,0.001224365,0.126568717,0.0,0.0,0.0,0.260483624,0.0,0.0,0.0,0.0,0.0,0.0,0.0,0.0,0.079583716,0.0,0.0,0.0,0.0,0.0,0.0,0.0,0.0,0.0,0.0,0.0,0.0,0.0
471,RPRC0540014,3,0.121713764,0.126564038,0.08052158,0.0,0.002003374,0.000948967,0.150815408,0.0,0.0,0.0,0.375790806,3.51e-05,0.0,0.0,0.0,0.0,0.0,0.0,0.0,0.064635175,0.000878673,0.0,0.0,0.0,0.0,0.0,0.0,0.0,0.0,0.0,0.0,0.0,0.0
472,RPRC0540014,4,0.36235147,0.354346467,0.140838024,0.0,0.026766729,0.049280801,0.053283302,0.0,0.0,0.0,0.000625391,0.0,0.0,0.0,0.0,0.0,0.0,0.0,0.0,0.0,0.0,0.0,0.0,0.0,0.0,0.0,0.0,0.0,0.0,0.0,0.0,0.0,0.0
473,RPRC0540014,5,0.234631148,0.002663934,0.091598361,0.0,0.001536885,0.00102459,0.137909836,0.0,0.0,0.0,0.34579918,0.0,0.0,0.0,0.0,0.0,0.0,0.0,0.0,0.045696721,0.001946721,0.0,0.0,0.0,0.0,0.0,0.0,0.0,0.0,0.0,0.0,0.0,0.0
474,RPRC0540014,6,0.518989795,0.0,0.28833484,0.0,3.23e-05,3.23e-05,0.003358739,0.0,0.0,0.0,0.001905439,3.23e-05,0.0,0.0,0.0,0.0,0.0,0.0,0.0,0.000193773,0.098566077,0.0,0.0,0.0,0.0,0.0,0.0,0.0,0.0,0.0,0.0,0.0,0.0
475,RPRC0540014,7,0.000226729,0.001007684,0.000780955,0.0,0.0,0.241415795,0.000302305,0.0,0.0,0.0,0.001007684,0.511097116,0.0,0.0,0.0,0.0,0.0,0.0,0.0,2.52e-05,2.52e-05,0.0,0.0,0.0,0.0,0.0,0.0,0.0,0.0,0.0,0.0,0.0,0.0
476,RPRC0540015,1,0.0,0.800419984,0.0,0.0,0.0,0.0,0.0,0.0,0.0,0.0,0.0,0.094029807,0.0,0.0,0.0,0.0,0.0,0.0,0.0,0.0,0.0,0.0,0.0,0.0,0.0,0.0,0.0,0.0,0.0,0.0,0.0,0.0,0.008545513
477,RPRC0540015,2,0.587405625,0.021239525,0.153903592,0.0,0.0,0.0,0.051522443,0.0,0.0,0.0,0.001659338,8.3e-05,0.0,0.0,0.0,0.0,0.0,0.0,0.0,0.0,0.090516884,0.0,0.0,0.0,0.0,0.0,0.0,0.0,0.0,0.0,0.0,0.0,0.0
478,RPRC0540015,3,0.253852612,0.00966877,0.089293936,0.0,0.0,0.0,0.298161038,0.0,0.0,0.0,0.154754489,2.71e-05,0.0,0.0,0.022587547,0.0,0.0,0.0,0.0,0.008991685,0.000108334,0.0,0.0,0.0,0.0,0.0,0.0,0.0,0.0,0.0,0.0,0.0,2.71e-05
479,RPRC0540015,4,0.555367709,0.154812221,0.084893129,0.0,0.0,0.0,0.03610675,0.0,0.0,0.0,0.000845309,0.002415167,0.0,0.0,0.0,0.0,0.0,0.0,0.0,0.0,0.031397174,0.0,0.0,0.0,0.0,0.0,0.0,0.0,0.0,0.0,0.0,0.0,0.0
480,RPRC0540015,5,0.073035308,0.000569476,0.04071754,0.0,0.0,0.0,0.324743736,0.0,0.0,0.0,0.448035308,0.0,0.0,0.0,0.02035877,0.0,0.0,0.0,0.0,0.016657175,0.0,0.0,0.0,0.0,0.0,0.0,0.0,0.0,0.0,0.0,0.0,0.0,0.000142369
481,RPRC0540015,6,0.02339289,0.001289372,0.064652791,0.0,0.0,0.0,0.077546509,0.0,0.0,0.0,0.4816725,0.0,0.0,0.0,0.202983975,0.0,0.0,0.0,0.0,0.076072942,0.013998895,0.0,0.0,0.0,0.0,0.0,0.0,0.0,0.0,0.0,0.0,0.0,0.0
482,RPRC0540015,7,5.65e-05,0.985435979,1.88e-05,0.0,0.0,0.0,3.77e-05,0.0,0.0,0.0,9.42e-05,0.002298591,0.0,0.0,5.65e-05,0.0,0.0,0.0,0.0,3.77e-05,0.0,0.0,0.0,0.0,0.0,0.0,0.0,0.0,0.0,0.0,0.0,0.0,1.88e-05
483,RPRC0540016,1,0.0,0.785942979,0.0,0.194389389,0.0,0.0,0.0,0.0,0.0,0.0,0.0,0.001270519,0.0,0.0,0.0,0.0,0.0,0.0,0.0,5.08e-05,0.0,0.0,0.0,0.0,0.0,0.0,0.0,0.0,0.0,0.0,0.0,0.0,0.0
484,RPRC0540016,2,0.340748064,0.000988631,0.011698797,0.006261328,0.0,0.0,0.028999835,0.0,0.0,0.0,0.394134124,0.0,0.0,0.0,0.063766683,0.0,0.0,0.0,0.0,0.052891745,0.0,0.0,0.0,0.0,0.0,0.0,0.0,0.0,0.0,0.0,0.0,0.0,0.0
485,RPRC0540016,3,6.7e-05,0.967008929,2.23e-05,0.0,0.0,0.0,2.23e-05,0.0,0.0,0.0,0.0,0.01140625,0.0,0.0,0.0,0.0,0.0,0.0,0.0,0.0,0.0,0.0,0.0,0.0,0.0,0.0,0.0,0.0,0.0,0.0,0.0,0.0,0.0
486,RPRC0540016,4,0.0,0.0,0.0,0.0,0.0,0.0,0.0,0.0,0.0,0.0,0.0,0.998413827,0.0,0.0,0.0,0.0,0.0,0.0,0.0,0.0,0.0,0.0,0.0,0.0,0.0,0.0,0.0,0.0,0.0,0.0,0.0,0.0,0.0
487,RPRC0540016,5,0.67117051,0.007049493,0.195476575,0.03634895,0.0,0.0,0.036642679,0.001835806,0.0,0.0,0.02180937,0.001101483,0.0,0.0,0.001101483,0.0,0.0,0.0,0.0,0.000514026,0.0,0.0,0.0,0.0,0.0,0.0,0.0,0.0,0.0,0.0,0.0,0.0,0.0
488,RPRC0540016,6,0.119168686,0.010135481,0.01337747,0.018291642,0.0,0.0,0.056820121,0.0,0.0,0.0,0.531652049,0.000136505,0.0,0.0,0.084496468,0.0,0.0,0.0,0.0,0.088762243,0.0,0.0,0.0,0.0,0.0,0.0,0.0,0.0,0.0,0.0,0.0,0.0,0.0
489,RPRC0540016,7,0.0,0.994992934,0.0,0.0,0.0,0.0,0.0,0.0,0.0,0.0,0.0,0.004562891,0.0,0.0,0.0,0.0,0.0,0.0,0.0,0.0,0.0,0.0,0.0,0.0,0.0,0.0,0.0,0.0,0.0,0.0,0.0,0.0,0.0
490,RPRC0540017,1,0.0,0.999009212,0.0,0.0,0.0,0.0,2.11e-05,0.0,0.0,0.0,0.0,0.0,0.0,0.0,0.0,0.0,0.0,0.0,0.0,0.0,0.0,0.0,0.0,0.0,0.0,0.0,0.0,0.0,0.0,0.0,0.0,0.0,0.0
491,RPRC0540017,2,3.8e-05,0.687711558,0.0,0.150420264,0.093522991,0.064732058,3.8e-05,0.0,0.0,0.0,0.0,0.0,0.0,0.0,0.0,0.0,0.0,0.0,0.0,0.0,0.0,0.0,0.0,0.0,0.0,0.0,0.0,0.0,0.0,0.0,0.0,0.0,0.0
492,RPRC0540017,3,0.27573403,0.005913498,0.016571546,0.0085952,0.011826996,0.000206285,0.06690504,0.000687616,0.0,0.0,0.506222925,0.0,0.0,0.0,0.018840679,0.0,0.0,0.0,0.0,0.0,0.0,0.0,0.0,0.0,0.0,0.0,0.0,0.0,0.0,0.0,0.0,0.0,0.0
493,RPRC0540017,4,2.72e-05,0.695883567,5.43e-05,0.264879983,0.0,0.03730857,0.0,0.0,0.0,0.0,0.0,0.0,0.0,0.0,0.0,0.0,0.0,0.0,0.0,0.0,0.0,0.0,0.0,0.0,0.0,0.0,0.0,0.0,0.0,0.0,0.0,0.0,0.0
494,RPRC0540017,5,0.382025214,0.005815372,0.057096381,0.030174868,0.01594144,4.07e-05,0.023017487,0.000203335,0.0,0.0,0.275274502,0.0,0.0,0.0,0.098576657,0.0,0.0,0.0,0.0,0.0,0.0,0.0,0.0,0.0,0.0,0.0,0.0,0.0,0.0,0.0,0.0,0.0,0.0
495,RPRC0540017,6,0.794007956,0.000372949,0.013674789,0.001616111,0.007458976,0.0,0.023868722,0.001864744,0.0,0.0,0.045499751,0.0,0.0,0.0,0.025360517,0.0,0.0,0.0,0.0,0.0,0.0,0.0,0.0,0.0,0.0,0.0,0.0,0.0,0.0,0.0,0.0,0.0,0.0
496,RPRC0540017,7,0.615047266,0.001754215,0.028164896,0.010720203,0.000779651,0.0,0.040249488,0.000194913,0.0,0.0,0.169476659,0.0,0.0,0.0,0.040834227,0.0,0.0,0.0,0.0,0.0,0.0,0.0,0.0,0.0,0.0,0.0,0.0,0.0,0.0,0.0,0.0,0.0,0.0
497,RPRC0540018,1,0.000497006,0.000173952,0.0,0.021296687,0.0,0.0,0.0,0.0,0.0,0.0,0.0,0.861658507,0.0,0.0,0.0,0.0,0.0,0.0,0.0,0.0,0.0,0.0,0.0,0.0,0.0,0.0,0.0,0.0,0.0,0.0,0.0,0.0,0.0
498,RPRC0540018,2,0.026003485,0.22120238,0.0,0.266404278,0.157372912,0.167437808,0.000255378,0.0,0.0,0.0,0.0,0.000120178,0.0,0.0,0.0,0.0,0.0,0.128334936,0.0,0.0,0.0,0.0,0.0,0.0,0.0,0.0,0.0,0.0,0.0,0.0,0.0,0.0,0.0
499,RPRC0540018,3,0.224478521,0.013757883,0.062038484,0.399611923,0.000997143,0.001091468,0.054694659,0.0,0.0,0.0,0.13728238,2.69e-05,0.0,0.0,0.0,0.0,0.0,0.012774214,0.0,0.0,0.0,0.0,0.0,0.0,0.0,0.0,0.0,0.0,0.0,0.0,0.0,0.0,0.0
500,RPRC0540018,4,0.517935642,0.040692192,0.038646958,0.03742513,0.00054451,0.000146088,0.021063256,0.0,0.0,0.0,0.090402008,0.000159369,0.0,0.0,0.0,0.0,0.0,0.016534523,0.0,0.0,0.0,0.0,0.0,0.0,0.0,0.0,0.0,0.0,0.0,0.0,0.0,0.0,0.0
501,RPRC0540018,5,0.122717945,0.00165006,0.304013031,0.011529267,0.000528865,0.0,0.204924795,0.0,0.0,0.0,0.223688942,0.0,0.0,0.0,0.0,0.0,0.0,0.005077109,0.0,0.0,0.0,0.0,0.0,0.0,0.0,0.0,0.0,0.0,0.0,0.0,0.0,0.0,0.0
502,RPRC0540018,6,0.000122474,0.001347214,0.0,0.00122474,0.0,0.0,0.000367422,0.0,0.0,0.0,0.000244948,0.984568279,0.0,0.0,0.0,0.0,0.0,0.002204532,0.0,0.0,0.0,0.0,0.0,0.0,0.0,0.0,0.0,0.0,0.0,0.0,0.0,0.0,0.0
503,RPRC0540018,7,0.04786519,0.576313547,0.0,0.286926063,0.0,0.037565086,0.0,0.0,0.0,0.0,0.0,0.042431128,0.0,0.0,0.0,0.0,0.0,0.0,0.0,0.0,0.0,0.0,0.0,0.0,0.0,0.0,0.0,0.0,0.0,0.0,0.0,0.0,0.0
504,RPRC0540023,1,0.304152199,0.006533396,0.396112835,0.0,0.0,0.002506523,0.149384669,0.0,0.0,0.01099172,0.046576131,0.0,0.0,0.0,0.011834076,0.0,0.0,0.0,0.0,0.0,0.0,0.018593471,0.0,0.0,0.0,0.0,0.0,0.0,0.0,0.0,0.0,0.0,0.0
505,RPRC0540023,2,0.285173819,0.412667337,0.00111117,0.006375999,0.0,0.177760728,0.010265093,0.0,0.0,2.65e-05,0.000714324,0.0,0.0,0.0,2.65e-05,0.0,0.0,0.0,0.0,0.0,0.0,0.001322821,0.0,0.0,0.0,0.0,0.0,0.0,0.0,0.0,0.0,0.0,0.0
506,RPRC0540023,3,0.192546584,0.42798913,0.0,0.001164596,0.0,0.01882764,0.301630435,0.0,0.0,0.01552795,0.000582298,0.0,0.0,0.0,0.0,0.0,0.0,0.0,0.0,0.0,0.0,0.0,0.0,0.0,0.0,0.0,0.0,0.0,0.0,0.0,0.0,0.0,0.0
507,RPRC0540023,4,0.333074534,0.172981366,0.152950311,0.005590062,0.0,0.022360248,0.080124224,0.0,0.0,0.136801242,0.000621118,0.0,0.0,0.0,0.00015528,0.0,0.0,0.0,0.0,0.0,0.0,0.000621118,0.0,0.0,0.0,0.0,0.0,0.0,0.0,0.0,0.0,0.0,0.0
508,RPRC0540023,5,0.313917064,0.009471957,0.354639021,0.000894988,0.0,0.001193317,0.188096659,0.0,0.0,0.012902745,0.033412888,0.0,0.0,0.0,0.012604415,0.0,0.0,0.0,0.0,0.0,0.0,0.011709427,0.0,0.0,0.0,0.0,0.0,0.0,0.0,0.0,0.0,0.0,0.0
509,RPRC0540023,6,0.596162528,0.044808126,0.049322799,0.003950339,0.0,0.00993228,0.068510158,0.0,0.0,0.011060948,0.001354402,0.0,0.0,0.0,0.023476298,0.0,0.0,0.0,0.0,0.0,0.0,0.111738149,0.0,0.0,0.0,0.0,0.0,0.0,0.0,0.0,0.0,0.0,0.0
510,RPRC0540023,7,0.155244914,0.050090919,0.099528355,0.000426185,0.0,0.012870781,0.220792135,0.0,0.0,0.042788953,0.145868849,0.0,0.0,0.0,0.045147176,0.0,0.0,0.0,0.0,0.0,0.0,0.063700421,0.0,0.0,0.0,0.0,0.0,0.0,0.0,0.0,0.0,0.0,0.0
511,RPRC0540024,1,0.000758635,0.000490882,0.0,0.000238003,0.0,2.98e-05,0.000818136,0.0,0.0,0.0,0.0,0.991893018,0.0,0.0,0.0,0.0,0.0,0.0,0.0,0.0,0.0,5.95e-05,0.0,0.0,0.0,0.0,0.0,0.0,0.0,0.0,0.0,0.0,0.0
512,RPRC0540024,2,0.001178227,0.991145797,0.0,0.001376543,0.0,0.001318215,5.83e-05,0.0,0.0,0.0,0.000326637,0.003173048,0.0,9.33e-05,1.17e-05,0.0,0.0,0.0,0.0,0.0,0.0,2.33e-05,0.0,0.0,0.0,0.0,0.0,0.0,0.0,0.0,0.0,0.0,0.0
513,RPRC0540024,3,0.000425407,0.70069374,0.0,0.000359959,0.0,0.287378514,0.000556301,0.0,0.0,0.0,3.27e-05,0.004057724,0.0,0.000229065,1.64e-05,0.0,0.0,0.0,0.0,0.0,0.0,6.54e-05,0.0,0.0,0.0,0.0,0.0,0.0,0.0,0.0,0.0,0.0,0.0
514,RPRC0540024,4,0.000530533,0.596385742,0.0,0.389599337,0.0,0.001779497,0.0,0.0,0.0,0.0,0.002752141,2.21e-05,0.0,0.006001658,0.0,0.0,0.0,0.0,0.0,0.0,0.0,0.000618956,0.0,0.0,0.0,0.0,0.0,0.0,0.0,0.0,0.0,0.0,0.0
515,RPRC0540024,5,0.001095217,0.873956539,0.0,0.002283928,0.0,0.090328699,0.00347264,0.0,0.0,0.0,0.001268849,0.024415328,0.0,1.34e-05,1.34e-05,0.0,0.0,0.0,0.0,0.0,0.0,1.34e-05,0.0,0.0,0.0,0.0,0.0,0.0,0.0,0.0,0.0,0.0,0.0
516,RPRC0540024,6,5.33e-05,0.82911055,0.0,0.000444192,0.0,0.141928148,1.78e-05,0.0,0.0,0.0,1.78e-05,0.008883835,0.0,0.018229629,0.0,0.0,0.0,0.0,0.0,0.0,0.0,0.0,0.0,0.0,0.0,0.0,0.0,0.0,0.0,0.0,0.0,0.0,0.0
517,RPRC0540024,7,0.534562842,0.055475865,0.0,0.006659836,0.0,0.054371585,0.0,0.0,0.0,0.0,0.071630237,0.000307377,0.0,0.105316485,0.0,0.0,0.0,0.0,0.0,0.0,0.0,0.094751821,0.0,0.0,0.0,0.0,0.0,0.0,0.0,0.0,0.0,0.0,0.0
518,RPRC0540025,1,0.003335928,0.000889581,0.0,0.009229401,0.00044479,0.000667186,0.066273768,0.0,0.0,0.0,0.626932058,0.0,0.0,0.0,0.006449461,0.0,0.0,0.0,0.0,0.257088847,0.0,0.005671078,0.0,0.0,0.0,0.0,0.0,0.0,0.0,0.0,0.0,0.0,0.0
519,RPRC0540025,2,0.000374049,0.146496101,0.0,0.275374516,0.000486263,0.014943238,0.119938656,0.0,0.0,0.0,0.257307973,0.0,0.0,0.0,0.010267632,0.0,0.0,0.0,0.0,0.129476893,0.0,0.014587892,0.0,0.0,0.0,0.0,0.0,0.0,0.0,0.0,0.0,0.0,0.0
520,RPRC0540025,3,0.00907702,0.014109823,0.0,0.00727959,0.003594859,0.001707558,0.143884246,0.0,0.0,0.0,0.618585423,0.0,0.0,0.0,0.044666127,0.0,0.0,0.0,0.0,0.098499146,0.0,0.038914352,0.0,0.0,0.0,0.0,0.0,0.0,0.0,0.0,0.0,0.0,0.0
521,RPRC0540025,4,0.000914987,0.035765225,0.0,0.223472106,0.008234883,0.117683468,0.317312091,0.0,0.0,0.0,0.187787615,0.0,0.0,0.0,0.01754622,0.0,0.0,0.0,0.0,0.0,0.0,0.020237358,0.0,0.0,0.0,0.0,0.0,0.0,0.0,0.0,0.0,0.0,0.0
522,RPRC0540025,5,0.043277455,0.034040369,0.0,0.001539514,0.297810469,0.002565857,0.603318508,0.0,0.0,0.0,0.005987,0.0,0.0,0.0,0.0,0.0,0.0,0.0,0.0,0.0,0.0,0.0,0.0,0.0,0.0,0.0,0.0,0.0,0.0,0.0,0.0,0.0,0.0
523,RPRC0540025,6,0.002714625,0.003053953,0.0,0.007974211,0.031218188,0.002205633,0.073634204,0.0,0.0,0.0,0.646420088,0.0,0.0,0.0,0.011367492,0.0,0.0,0.0,0.0,0.196640652,0.0,0.013233797,0.0,0.0,0.0,0.0,0.0,0.0,0.0,0.0,0.0,0.0,0.0
524,RPRC0540025,7,0.000334672,0.125669344,0.0,0.001171352,0.8708166,0.000502008,0.000669344,0.0,0.0,0.0,0.0,0.0,0.0,0.0,0.0,0.0,0.0,0.0,0.0,0.0,0.0,0.0,0.0,0.0,0.0,0.0,0.0,0.0,0.0,0.0,0.0,0.0,0.0
525,RPRC0540027,1,0.156950673,0.002690583,0.011858495,0.003986049,0.054010962,0.0,0.0,0.0,0.0,0.0,0.393124066,0.0,0.0,0.0,0.206078724,0.0,0.0,0.0,0.0,0.0,0.008071749,0.030692576,0.0,0.0,0.0,0.0,0.0,0.0,0.0,0.0,0.0,0.0,0.0
526,RPRC0540027,2,0.183655406,0.341200767,0.000147514,0.07405222,0.007523234,0.03230565,0.0,0.0,0.0,0.0,0.135713232,0.0,0.0,0.0,0.0,0.0,0.0,0.0,0.0,0.0,0.017996755,0.196636672,0.0,0.0,0.0,0.0,0.0,0.0,0.0,0.0,0.0,0.0,0.0
527,RPRC0540027,3,0.328080077,0.004791822,0.07858588,0.00841231,0.01512086,0.004259397,0.0,0.0,0.0,0.0,0.352891066,0.0,0.0,0.0,0.02353317,0.0,0.0,0.0,0.0,0.0,0.000106485,0.120327974,0.0,0.0,0.0,0.0,0.0,0.0,0.0,0.0,0.0,0.0,0.0
528,RPRC0540027,4,0.012810354,0.001584786,0.000132066,0.017168516,0.196645536,0.0,0.0,0.0,0.0,0.0,0.643291072,0.0,0.0,0.0,0.00911252,0.0,0.0,0.0,0.0,0.0,0.004094031,0.03262018,0.0,0.0,0.0,0.0,0.0,0.0,0.0,0.0,0.0,0.0,0.0
529,RPRC0540027,5,0.376019434,0.001041124,0.039389207,0.011452369,0.001388166,0.0,0.0,0.0,0.0,0.0,0.079472497,0.0,0.0,0.0,0.031407253,0.0,0.0,0.0,0.0,0.0,0.340100642,0.029325004,0.0,0.0,0.0,0.0,0.0,0.0,0.0,0.0,0.0,0.0,0.0
530,RPRC0540027,6,0.106668322,0.001018254,0.036185273,0.004495219,0.064845399,0.000149013,0.0,0.0,0.0,0.0,0.625853719,0.0,0.0,0.0,0.019719359,0.0,0.0,0.0,0.0,0.0,0.000322861,0.077511486,0.0,0.0,0.0,0.0,0.0,0.0,0.0,0.0,0.0,0.0,0.0
531,RPRC0540027,7,0.30891367,0.005686434,0.024961229,0.003175541,0.048445462,0.009378923,0.0,0.0,0.0,0.0,0.395391773,0.0,0.0,0.0,0.022967285,0.0,0.0,0.0,0.0,0.0,0.001846245,0.112620929,0.0,0.0,0.0,0.0,0.0,0.0,0.0,0.0,0.0,0.0,0.0
532,RPRC0540028,1,0.065510432,0.440383177,1.23e-05,0.411092985,0.001888898,0.03824406,0.0,0.0,0.0,0.0,0.007751843,0.0,0.0,0.0,0.0,0.0,0.0,0.0,0.0,0.0,0.0,0.020630696,0.0,0.0,0.0,0.0,0.0,0.0,0.0,0.0,0.0,0.0,0.0
533,RPRC0540028,2,0.445256953,0.164603885,0.07211295,0.031964673,0.060992161,0.007393603,0.0,0.0,0.0,0.01008771,0.089695546,0.0,0.0,0.0,0.0,0.0,0.0,0.0,0.0,0.0,0.0,0.030769542,0.0,0.0,0.001235643,0.0,0.0,0.0,0.0,0.0,0.0,0.0,0.0
534,RPRC0540028,3,0.046179385,0.087353489,0.097992857,0.028962724,0.144914231,0.106934453,0.0,0.0,0.0,0.027252377,0.220622265,0.0,0.0,0.0,0.0,0.0,0.0,0.0,0.0,0.0,0.0,0.095968107,0.0,0.0,0.067546154,0.0,0.0,0.0,0.0,0.0,0.0,0.0,0.0
535,RPRC0540028,4,0.290611296,0.033615073,0.222717149,0.093707203,0.004675677,0.073399826,0.0,0.0,0.0,0.008300018,0.055098286,0.0,0.0,0.0,0.0,0.0,0.0,0.0,0.0,0.0,0.0,0.074990662,0.0,0.0,0.033573573,0.0,0.0,0.0,0.0,0.0,0.0,0.0,0.0
536,RPRC0540028,5,0.323024486,0.002237417,0.324425486,0.038485666,0.000731865,1.05e-05,0.0,0.0,0.0,0.028877318,0.075256676,0.0,0.0,0.0,0.0,0.0,0.0,0.0,0.0,0.0,0.0,0.005060327,0.0,0.0,0.01614286,0.0,0.0,0.0,0.0,0.0,0.0,0.0,0.0
537,RPRC0540028,6,0.2287972,0.097999242,0.153728193,0.048458388,0.041205867,0.029839975,0.0,0.0,0.0,0.02630392,0.1331433,0.0,0.0,0.0,0.0,0.0,0.0,0.0,0.0,0.0,0.0,0.092298255,0.0,0.0,0.025726605,0.0,0.0,0.0,0.0,0.0,0.0,0.0,0.0
538,RPRC0540028,7,0.001092848,0.062204931,0.000641138,0.230051874,0.098968351,0.040901673,0.0,0.0,0.0,0.060281518,0.443288454,0.0,0.0,0.0,0.0,0.0,0.0,0.0,0.0,0.0,0.0,0.011569622,0.0,0.0,0.02309553,0.0,0.0,0.0,0.0,0.0,0.0,0.0,0.0
539,RPRC0540031,1,0.290656181,0.02095256,0.313884438,0.042726526,8.08e-05,4.04e-05,0.163998223,0.0,0.0,0.0,0.038202066,0.0,0.0,0.003797315,0.018811521,0.0,0.0,0.0,0.0,0.0,0.0,0.0,0.0,0.0,0.0,0.0,0.0,0.0,0.0,0.0,0.0,0.0,0.0
540,RPRC0540031,2,9.68e-05,0.750820148,3.63e-05,0.005762224,0.0,0.23718329,0.001162129,0.0,0.0,0.0,0.000266321,0.0,0.0,0.0,0.0,0.0,0.0,0.0,0.0,0.0,0.0,0.0,0.0,0.0,0.0,0.0,0.0,0.0,0.0,0.0,0.0,0.0,0.0
541,RPRC0540031,3,0.000724274,0.398072316,2.23e-05,0.379374896,0.051980612,0.116842164,5.57e-05,0.0,0.0,0.0,1.11e-05,0.0,0.0,0.014362917,0.0,0.0,0.0,0.0,0.0,0.0,0.0,0.0,0.0,0.0,0.0,0.0,0.0,0.0,0.0,0.0,0.0,0.0,0.0
542,RPRC0540031,4,0.072026589,0.007981231,0.019378062,0.112967776,0.000747522,0.00069002,0.172482002,0.0,0.0,0.0,0.142868643,0.0,0.0,0.008832256,0.278009062,0.0,0.0,0.0,0.0,0.0,0.0,0.0,0.0,0.0,0.0,0.0,0.0,0.0,0.0,0.0,0.0,0.0,0.0
543,RPRC0540031,5,0.32835947,0.000408232,0.254469439,0.049776176,0.000183001,1.41e-05,0.092795405,0.0,0.0,0.0,0.017666601,0.0,0.0,0.005743405,0.039654833,0.0,0.0,0.0,0.0,0.0,0.0,0.0,0.0,0.0,0.0,0.0,0.0,0.0,0.0,0.0,0.0,0.0,0.0
544,RPRC0540031,6,0.076011062,0.267604773,4.58e-05,0.451788361,0.075644375,0.013536844,9.17e-05,0.0,0.0,0.0,0.000458358,0.0,0.0,0.016699516,1.53e-05,0.0,0.0,0.0,0.0,0.0,0.0,0.0,0.0,0.0,0.0,0.0,0.0,0.0,0.0,0.0,0.0,0.0,0.0
545,RPRC0540031,7,0.004060162,0.073478716,0.048211231,0.422307908,0.118370317,0.000587319,0.006779704,0.0,0.0,0.0,0.232080386,0.0,0.0,0.047011057,0.001238477,0.0,0.0,0.0,0.0,0.0,0.0,0.0,0.0,0.0,0.0,0.0,0.0,0.0,0.0,0.0,0.0,0.0,0.0
546,RPRC0540032,1,2.89e-05,0.830913403,0.002043925,0.0,0.0,0.06528991,0.0,0.0,0.0,0.0,0.0,0.091051079,0.0,0.0,0.0,0.0,0.0,0.0,0.0,0.0,0.0,0.0,0.0,0.0,0.0,0.0,0.0,0.0,0.0,0.0,0.0,0.0,0.0
547,RPRC0540032,2,0.0,0.72393297,0.00011458,1.43e-05,0.0,0.257519335,0.0,0.0,0.0,0.0,0.0,0.013391578,0.0,0.0,0.0,0.0,0.0,0.0,0.0,0.0,0.0,0.0,0.0,0.0,0.0,0.0,0.0,0.0,0.0,0.0,0.0,0.0,0.0
548,RPRC0540032,3,0.000323249,0.581584398,0.249619883,0.002154992,0.0,0.158810923,0.0,0.0,0.0,0.0,7.18e-05,0.002071187,0.0,0.0,0.0,0.0,0.0,0.0,0.0,5.99e-05,0.0,0.0,0.0,0.0,0.0,0.0,0.0,0.0,0.0,0.0,0.0,0.0,0.0
549,RPRC0540032,4,0.0,0.887293332,0.000407514,0.066793449,0.0,0.039858729,0.0,0.0,0.0,0.0,0.0,5.82e-05,0.0,0.0,0.0,0.0,0.0,0.0,0.0,0.0,0.0,0.0,0.0,0.0,0.0,0.0,0.0,0.0,0.0,0.0,0.0,0.0,0.0
550,RPRC0540032,5,0.053365113,0.581380787,0.001232124,0.261210309,0.0,0.073786055,0.0,0.0,0.0,0.012604024,6.06e-05,0.000403975,0.0,0.0,0.0,0.0,0.0,0.0,0.0,0.0,0.0,0.0,0.0,0.0,0.0,0.0,0.0,0.0,0.0,0.0,0.0,0.0,0.0
551,RPRC0540032,6,0.359333539,0.148164147,0.040759025,0.367864857,0.0,0.013128664,0.0,0.0,0.0,0.017941993,0.000107991,0.000539957,0.0,0.0,0.0,0.0,0.0,0.0,0.0,6.17e-05,0.0,0.0,0.0,0.0,0.0,0.0,0.0,0.0,0.0,0.0,0.0,0.0,0.0
552,RPRC0540032,7,0.187937294,0.053151815,0.101732673,0.601633663,0.0,0.020940594,0.0,0.0,0.0,0.000957096,0.000132013,0.000363036,0.0,0.0,0.0,0.0,0.0,0.0,0.0,0.000148515,0.0,0.0,0.0,0.0,0.0,0.0,0.0,0.0,0.0,0.0,0.0,0.0,0.0
553,RPRC0540035,1,0.000538479,0.000157056,0.000190711,0.002030514,0.0,0.0,0.000717972,5.61e-05,0.0,0.0,0.00145838,0.979459278,0.0,0.0,0.0,0.0,0.0,0.0,0.0,0.000908683,0.0,0.000123401,0.0,0.0,0.0,0.0,0.0,0.0,0.0,0.0,0.0,0.0,0.0
554,RPRC0540035,2,0.0,0.851560301,0.0,0.0,0.0,0.0,0.066895886,0.0,0.0,0.0,0.058099087,0.001467809,0.0,0.0,0.0,0.0,0.0,0.0,0.0,0.0,0.0,1.01e-05,0.0,0.0,0.0,0.0,0.0,0.0,0.0,0.0,0.0,0.0,0.0
555,RPRC0540035,3,0.199175425,0.094143778,0.019467511,0.126096046,0.0,0.0,0.140671273,0.013631613,0.0,0.0,0.181987109,0.0,0.0,0.0,0.0,0.0,0.0,0.0,0.0,0.052711805,0.0,0.036684862,0.0,0.0,0.0,0.0,0.0,0.0,0.0,0.0,0.0,0.0,0.0
556,RPRC0540035,4,0.062363121,0.531265333,0.0,0.173972881,0.0,0.0,0.097954739,0.0,0.0,0.0,0.042820043,2.39e-05,0.0,0.0,0.0,0.0,0.0,0.0,0.0,0.0,0.0,0.0,0.0,0.0,0.0,0.0,0.0,0.0,0.0,0.0,0.0,0.0,0.0
557,RPRC0540035,5,0.285331593,0.057234605,0.03927259,0.015849847,0.0,0.0,0.092918226,0.077394649,0.0,0.0,0.168097675,1.72e-05,0.0,0.0,0.0,0.0,0.0,0.0,0.0,0.080485627,0.0,0.045093931,0.0,0.0,0.0,0.0,0.0,0.0,0.0,0.0,0.0,0.0,0.0
558,RPRC0540035,6,0.135471431,0.029172273,0.090207937,0.308937563,0.0,0.0,0.098572598,0.043376937,0.0,0.0,0.075101611,0.0,0.0,0.0,0.0,0.0,0.0,0.0,0.0,0.02190348,0.0,0.03233503,0.0,0.0,0.0,0.0,0.0,0.0,0.0,0.0,0.0,0.0,0.0
559,RPRC0540035,7,0.100898442,0.37010742,0.0,0.150607634,0.0,0.0,0.104760473,0.0,0.0,0.0,0.090584277,0.0006244,0.0,0.0,0.0,0.0,0.0,0.0,0.0,0.0,0.0,0.0,0.0,0.0,0.0,0.0,0.0,0.0,0.0,0.0,0.0,0.0,0.0
560,RPRC0540036,1,0.153933669,0.022116114,0.006119424,0.275322347,0.0,0.001344549,0.197493622,0.0,0.0,0.0,0.173636489,0.000206854,0.0,0.0,0.0,0.0,0.0,0.0,0.000310281,0.056471075,0.0,0.0,0.0,0.0,0.0,0.0,0.0,0.0,0.0,0.0,0.0,0.0,0.0
561,RPRC0540036,2,0.137102499,0.007035331,0.01002967,0.218341009,0.0,0.000127419,0.116879335,0.0,0.0,0.0,0.179651237,0.0,0.0,0.0,0.0,0.0,0.0,0.0,0.0,0.218814278,0.0,0.0,0.0,0.0,0.0,0.0,0.0,0.0,0.0,0.0,0.0,0.0,0.0
562,RPRC0540036,3,0.254196848,0.038618148,0.219893418,0.182846856,0.0,0.00660066,0.143514351,0.0,0.0,0.0,0.054891203,0.00130013,0.0,0.0,0.0,0.0,0.0,0.0,0.000157159,4.29e-05,0.0,0.0,0.0,0.0,0.0,0.0,0.0,0.0,0.0,0.0,0.0,0.0,0.0
563,RPRC0540036,4,0.228734877,0.017311973,0.017911722,0.057829602,0.0,0.003725361,0.125589657,0.0,0.0,0.0,0.16771046,0.0,0.0,0.0,0.0,0.0,0.0,0.0,1.15e-05,0.333102661,0.0,0.0,0.0,0.0,0.0,0.0,0.0,0.0,0.0,0.0,0.0,0.0,0.0
564,RPRC0540036,5,0.000495786,8.5e-05,0.00024081,0.000141653,0.0,0.384743962,0.0,0.0,0.0,0.0,4.25e-05,0.612677952,0.0,0.0,0.0,0.0,0.0,0.0,1.42e-05,0.000155818,0.0,0.0,0.0,0.0,0.0,0.0,0.0,0.0,0.0,0.0,0.0,0.0,0.0
565,RPRC0540036,6,6.98e-05,0.207173401,5.24e-05,0.000209442,0.0,0.451261018,0.000174535,0.0,0.0,0.0,6.98e-05,0.335753556,0.0,0.0,0.0,0.0,0.0,0.0,0.0,0.0,0.0,0.0,0.0,0.0,0.0,0.0,0.0,0.0,0.0,0.0,0.0,0.0,0.0
566,RPRC0540036,7,0.166041162,0.110799031,8.47e-05,0.549564165,0.0,0.016355932,0.019661017,0.0,0.0,0.0,3.63e-05,0.00035109,0.0,0.0,0.0,0.0,0.0,0.0,0.10248184,0.0,0.0,0.0,0.0,0.0,0.0,0.0,0.0,0.0,0.0,0.0,0.0,0.0,0.0
567,RPRC0540037,1,0.06396878,0.171880161,0.0,0.525879892,0.0,0.077401123,0.090417528,0.0,0.0,6.12e-05,0.025152001,0.001480249,0.0,0.0,0.0,0.0,0.0,0.0,0.0,0.000489339,0.0,0.011597323,0.0,0.0,0.0,0.0,0.0,0.0,0.0,0.0,0.0,0.0,0.0
568,RPRC0540037,2,0.032069421,0.095724863,0.0,0.193465855,0.0,0.003678551,0.235250424,0.0,0.0,0.1673505,0.156090832,1.18e-05,0.0,0.0,0.0,0.0,0.0,0.0,0.0,0.0,0.0,0.087200528,0.0,0.0,0.0,0.0,0.0,0.0,0.0,0.0,0.0,0.0,0.0
569,RPRC0540037,3,0.168873635,0.01586315,0.0,0.140457788,0.0,0.002324073,0.246230137,0.0,0.0,0.11433899,0.23782564,0.0,0.0,0.0,0.0,0.0,0.0,0.0,0.0,0.0,0.0,0.029172522,0.0,0.0,0.0,0.0,0.0,0.0,0.0,0.0,0.0,0.0,0.0
570,RPRC0540037,4,0.222190853,0.004799548,0.0,0.174060929,0.0,0.001357855,0.103237342,0.0,0.0,0.020878707,0.249038746,0.0,0.0,0.0,0.0,0.0,0.0,0.0,0.0,0.149350649,0.0,0.028071308,0.0,0.0,0.0,0.0,0.0,0.0,0.0,0.0,0.0,0.0,0.0
571,RPRC0540037,5,0.000872743,0.30330006,0.0,0.000643648,0.0,0.623902253,0.000469099,0.0,0.0,6.55e-05,0.000567283,0.065804833,0.0,0.0,0.0,0.0,0.0,0.0,0.0,0.000207276,0.0,1.09e-05,0.0,0.0,0.0,0.0,0.0,0.0,0.0,0.0,0.0,0.0,0.0
572,RPRC0540037,6,0.096222925,0.000777397,0.0,0.272450676,0.0,0.00091143,0.057071628,0.0,0.0,0.021592859,0.254972657,0.0,0.0,0.0,0.0,0.0,0.0,0.0,0.0,0.129972657,0.0,0.034406498,0.0,0.0,0.0,0.0,0.0,0.0,0.0,0.0,0.0,0.0,0.0
573,RPRC0540037,7,0.071685674,0.038949722,0.0,0.096692305,0.0,0.00373205,0.400522866,0.0,0.0,0.117891107,0.19938999,3.79e-05,0.0,0.0,0.0,0.0,0.0,0.0,0.0,0.0,0.0,0.023491077,0.0,0.0,0.0,0.0,0.0,0.0,0.0,0.0,0.0,0.0,0.0
