SampleID,k__Bacteria|Other|Other,k__Bacteria|p__Actinobacteria|Other,k__Bacteria|p__Actinobacteria|c__Actinobacteria,k__Bacteria|p__Actinobacteria|c__Coriobacteriia,k__Bacteria|p__Actinobacteria|c__Thermoleophilia,k__Bacteria|p__Bacteroidetes|Other,k__Bacteria|p__Bacteroidetes|c__,k__Bacteria|p__Bacteroidetes|c__Bacteroidia,k__Bacteria|p__Bacteroidetes|c__Cytophagia,k__Bacteria|p__Bacteroidetes|c__Flavobacteriia,k__Bacteria|p__Cyanobacteria|c__4C0d-2,k__Bacteria|p__Cyanobacteria|c__Chloroplast,k__Bacteria|p__Cyanobacteria|c__Nostocophycideae,k__Bacteria|p__Firmicutes|Other,k__Bacteria|p__Firmicutes|c__Bacilli,k__Bacteria|p__Firmicutes|c__Clostridia,k__Bacteria|p__Firmicutes|c__Erysipelotrichi,k__Bacteria|p__Fusobacteria|c__Fusobacteriia,k__Bacteria|p__Gemmatimonadetes|c__Gemm-1,k__Bacteria|p__Lentisphaerae|c__[Lentisphaeria],k__Bacteria|p__Proteobacteria|c__Alphaproteobacteria,k__Bacteria|p__Proteobacteria|c__Betaproteobacteria,k__Bacteria|p__Proteobacteria|c__Deltaproteobacteria,k__Bacteria|p__Proteobacteria|c__Epsilonproteobacteria,k__Bacteria|p__Proteobacteria|c__Gammaproteobacteria,k__Bacteria|p__Spirochaetes|c__[Brachyspirae],k__Bacteria|p__Synergistetes|c__Synergistia,k__Bacteria|p__TM7|c__TM7-3,k__Bacteria|p__Tenericutes|c__Mollicutes,k__Bacteria|p__Tenericutes|c__RF3,k__Bacteria|p__Verrucomicrobia|c__Verrucomicrobiae,k__Bacteria|p__WPS-2|c__,k__Bacteria|p__[Thermi]|c__Deinococci
J160TKZ0.03,0,0,0.05513206,0.038189463,0,0,0,0.133220216,0,0,0,0,0,0,0.017890784,0.735930034,0.000436665,0.000224571,0,0,0,0,0,0.009157486,0.00558931,0,0,0,0,0,0.004229411,0,0
D160TL08.03,4.34E-05,0,0.046220008,0.020286413,0,0,0,0.31404121,0,0,0,0,0,0,0.085605479,0.508376653,8.69E-05,0.002128553,0,0,0,0.00906445,0,0.008847251,0.005285183,0,0,0,0,0,1.45E-05,0,0
G160QY9R.03,0,0,0.057053247,0.024805759,0,0,0,0.097170148,0,0,0,0,0,0,0.001910329,0.431235298,0,0.005673961,0,0,0,0.003122104,0,0.001026445,0.375621926,0,0,0,0,0,0.002380783,0,0
A160T94J.03,0.000156846,0,0.017786282,0.03031824,0,0,0,0.000470537,0,0,0,0,0,0,0.021346676,0.836394435,0.001442979,0,0,0,0,0,0,0.014382734,0.068463071,0,0,0,0,0,0.009238201,0,0
C160SYJK.03,1.33E-05,0,0.047995746,0.004267766,0,0,0,0.000983846,0,0,0,0,0,0,0.000678056,0.934108888,0.00061158,0,0,0,0,0,0,2.66E-05,0.011314233,0,0,0,0,0,0,0,0
D160RXDT.03,0,0,0.038929218,0.053997115,0,0,0,0.251001855,0,0,0.000698436,0,0,0,0.000423641,0.460738739,0.000389292,1.14E-05,0,0,0,0.006560718,0.003858572,0.000240445,0.177242437,0,0,4.58E-05,0,0,0.005862282,0,0
K160TL2F.03,0,0,0.064042944,0.002353887,0,0,0,0.034274888,0,0,0,0,0,0,0.044867379,0.832787921,0.000200942,0,0,0,0,0,2.87E-05,0.003416006,0.016706855,0,0,0,0,0,0.001320473,0,0
C160SW2B.03,1.61E-05,0,0.015682865,0.012156635,0,0,0,0.259282517,0,0,1.61E-05,0,0,0,0.034650436,0.553151064,0,0.026036132,0,0,0,0.005683831,0.003896564,0.072183042,0.017244711,0,0,0,0,0,0,0,0
B160T2L7.03,0.00017061,0,0.006687898,0.0991697,0,0,0,0.002149682,0,0,0,0,0,5.69E-05,0.013000455,0.716264786,0.000909918,0,0,0,3.41E-05,0,0,0.000284349,0.161271611,0,0,0,0,0,0,0,0
B160SZ50.03,0,0,0.002620075,0.036253568,0,0,0,0.16860874,0,0,0.002413227,0,0,0,0.002689025,0.774825213,8.27E-05,0.002358068,0,0,0,0.005640057,0.001282458,0.00103424,0.002054691,0,0,0,0,0,0.000137899,0,0
K160SJSS.03,0,0,0.004497102,0.009771481,0,0,0,0.139465678,0,0,0.000177663,0,0,0,0.012569677,0.692242777,0.000144351,0.0019654,0,0,0,0.011437074,0.004497102,0.016156255,0.106464723,0,0,0,0,0,0.000610718,0,0
D160TBMP.03,0,0,0.002696707,0.017232146,0,0,0,0.150996443,0,0,0.000210381,0,0,0,0.057510615,0.565600734,1.91E-05,0.117928317,0,0,0,0.010117431,0.008855143,0.010748575,0.012297747,0,0.045691007,0,0,0,9.56E-05,0,0
E160SYKG.03,1.34E-05,0,0.090890867,0.005532836,0,0,0,0.092761874,0,0,0,0,0,0,0.015168524,0.761018897,0.008820463,0,0,0,0,0,0.000601395,0.001710635,0.023481143,0,0,0,0,0,0,0,0
C160QYN5.03,0.000931428,0,0.000624882,0.001367666,0,0,0,1.18E-05,0,0,0,0,0,0.000129693,0.014266176,0.699349179,0,1.18E-05,0,0,0,1.18E-05,0,0.008418223,0.274641577,0,0,0,0.000235805,0,0,0,0
G160SRKH.03,0.000150568,0,0.154558458,0.025988105,0,0,0,0.033094933,0,0,0,0,0,0,0.005842054,0.728193932,0.001099149,1.51E-05,0,0,0,0,0.003658812,0.000767899,0.046631032,0,0,0,0,0,0,0,0
C160QX72.03,0.000164553,0,0.025478231,0,0,0,0,6.86E-05,0,0,0,1.37E-05,0,0,0.084374357,0.602934522,0,0,0,0,0,0,0,0,0.286966061,0,0,0,0,0,0,0,0
C160SRJG.03,3.36E-05,0,0.021115531,0.00547191,0,0,0,0.00046998,0,0,0,0,0,0,0.00396126,0.840290716,0.000386055,0,0,0,0,0,0,0,0.128270977,0,0,0,0,0,0,0,0
C160W558.03,8.14E-05,0,0.007518185,0.015779033,0,0,0,0.230235516,0,0,0,0,0,0,0.029319904,0.575420927,0.000213643,3.05E-05,0,0,0,0.008362582,0,0.000132255,0.132895875,0,0,0,1.02E-05,0,0,0,0
B160QGVP.03,0.010555213,0,0.530138877,0.002466308,0,0,0,0.000264247,0,0,0,0,0,0,0.020728735,0.283889721,0,0.005842802,0,0,0,0,0,0,0.146114096,0,0,0,0,0,0,0,0
B160S0BW.03,0.000464416,0,0.059543747,0.010780078,0,0,0,0.008134315,0,0,0,0,0,0,0.046807493,0.671263915,0,0.001224369,0,0,0,0,0.001477687,0,0.200303981,0,0,0,0,0,0,0,0
E160R9VS.03,4.12E-05,0,0.115873424,0.002233085,0,0,0,0.000216105,0,0,0,0,0,3.09E-05,0.010918446,0.839053254,0,0,0,0,0,0,0.000267559,0,0.031366092,0,0,0,0,0,0,0,0
H160QC64.03,0.004620314,0,0.376443238,0.004620314,0,0,0,0.008635005,0,0,0,0,0,0,0.011584973,0.236563971,0,0.006720456,0,0,0,0,0,9.77E-06,0.350801961,0,0,0,0,0,0,0,0
J160QX65.03,0.00033997,0,3.19E-05,0.009731636,0,0,0,3.19E-05,0,0,0,0,0,0,0.034379449,0.497035888,0,0,0,0,0,0,0,0.002815375,0.455633937,0,0,0,0,0,0,0,0
J160T95F.03,8.91E-05,0,0.058293338,0.013647185,0,0,0,0.00044557,0,0,0,0,0,0,0.032819442,0.789576199,0.00066199,0,0,0,2.55E-05,0,0.000305534,0,0.094524576,0,0,0,0,0,0.00961159,0,0
A160QF7X.03,0.012462887,0,0.326464272,0.012650652,0,0,0,0.001267412,0,0,0,0,0,0,0.012063887,0.359064931,0,0.001678148,0,0,0,0,0,0,0.274347811,0,0,0,0,0,0,0,0
K160QMJN.03,0.000170529,0,0.009085397,0.000341058,0,0,0,0.143566326,0,0,0,0,0,0,0.005617978,0.496494685,0,0.011207534,0,0,0,0,0,0,0.333516494,0,0,0,0,0,0,0,0
C160QL7D.03,0.00042324,0,0.056932153,0.006835963,0,0,0,0.045094267,0,0,0,0,0,0,0.005194306,0.720238553,0,0.012120046,0,0,0,0,0,0.000718225,0.152443247,0,0,0,0,0,0,0,0
G160T2M4.03,1.32E-05,0,0.074510632,0.042752868,0,0,0,0.002230699,0,0,0,0,0,0,0.005886934,0.841712755,0.00065997,6.60E-05,0,0,0,0,0.000263988,0,0.031784163,0,0,1.32E-05,0,0,0.000105595,0,0
C160VFKP.03,6.11E-05,0,0.025385521,0.008635051,0,0,0,0.060598187,0,0,0,0,0,0,0.020112791,0.774174321,0.000229249,0.000519631,0,0,0,0.010759426,0,3.06E-05,0.099494124,0,0,0,0,0,0,0,0
H160WS9F.03,1.30E-05,0,0.098314131,0.035357678,0,0,0,0.141925405,0,0,0,0,0,0,0.00449131,0.672772245,0.000130183,0,0,0,0,0.001861616,0,0,0.045134414,0,0,0,0,0,0,0,0
K160SYDC.03,2.51E-05,0,0.015256849,0.038730851,0,0,3.76E-05,0.139641502,0,0,0,0,0,0,0.030025178,0.523906154,0,0,0,0,0,0.000313154,0,0,0.252063683,0,0,0,0,0,0,0,0
E160W921.03,2.99E-05,0,0.019838601,0.037981021,0,0,0,0.299925278,0,0,0,0,0,0,0.004625271,0.545318688,0.000112082,0,0,0,0,0.005992677,0,0,0.086176493,0,0,0,0,0,0,0,0
J160Q2CZ.03,0.000102785,0,0.008531195,0,0,0,0,0,0,0,0,0,0,0,0.037516703,0.353787645,0,0.000205571,0,0,0,0.001747353,0,0,0.128276287,0,0,0,0.46983246,0,0,0,0
K160WS3N.03,0,0,0.026021795,0.009332711,0,0,0,0.232247262,0,0,0,2.74E-05,0,0,0.003650737,0.681123219,0.000466636,0,0,0,0,0.025610057,0,2.74E-05,0.021163295,0,0,0.00032939,0,0,0,0,0
A160Q1FC.03,0,0,0.000655126,0,0,0,0,3.28E-05,0,0,0,0,0,0,0.074602421,0.156296575,0,0,0,0,0.000163781,0,0,0,0.764760797,0,0,0,0.003488543,0,0,0,0
E160QT0M.03,0.000177378,0,0.049705355,0,0,0,0,0,0,0,0,0,0,0,0.026439228,0.742909793,0,0,0,0,0,0,0,0,0.180768245,0,0,0,0,0,0,0,0
C160R1LL.03,0,0,0.17187064,0.008836935,0,0,0,0.203662936,0,0,0,0,0,0,0.001188594,0.504842227,0.000124027,0.061744855,0,0,0,0.01497628,0.002025777,0.00234618,0.028278193,0,0,0,0,0,0.000103356,0,0
K160RQGH.03,4.62E-05,0,0.111504731,0.0163051,0,0,0,0.187272098,0,0,0,0,0,0,0.00213478,0.644772675,2.31E-05,0.014735749,0,0,0,0.009981537,0.003323333,0.00407339,0.005827371,0,0,0,0,0,0,0,0
F160QPHJ.03,0.000101177,0,0.023131695,0,0,0,0,3.79E-05,0,0,0,0,0,0,0.044631904,0.037878309,1.26E-05,0,0,0,0,0,0,0,0.894206326,0,0,0,0,0,0,0,0
J160QGRC.03,0.00010696,0,0.035983279,0,0,0,0,5.35E-05,0,0,0,0,0,0,0.024698951,0.697703024,0,0,0,0,0,8.91E-06,0,0,0.241445392,0,0,0,0,0,0,0,0
B160QM2M.03,0.000120875,0,0.000148769,0,0,0,0,3.72E-05,0,0,0,0,0,0,0.015062902,0.511887605,0,0,0,0,0,0,0,0.000753145,0.471989512,0,0,0,0,0,0,0,0
H160QSL1.03,0.000904686,0,0.000145582,0,0,0,0,0,0,0,0,0,0,0,0.144728906,0.575099307,0,0,0,0,0,0,0,0.001653391,0.277468128,0,0,0,0,0,0,0,0
D160Q7CX.03,0.000132745,0,0.000851779,0.000940276,0,0,0,5.53E-05,0,0,0,0,0,0,0.289925774,0.321972588,0,0,0,0,0,0,0,0,0.386121528,0,0,0,0,0,0,0,0
J160QKDT.03,1.00E-05,0,0.000672056,0,0,0,0,0,0,0,0,0,0,0,0.004393444,0.471603106,0,0,0,0,0,0,0,0,0.523321363,0,0,0,0,0,0,0,0
J160QV3F.03,0.000230791,0,0.000609947,0,0,0,0,6.59E-05,0,0,0,0,0,0,0.043215575,0.594187369,0,8.24E-06,0,0,0,0,0,0.000585219,0.361088673,0,0,0,0,0,0,0,8.24E-06
B160QSHB.03,0,0,0.022309507,0.007064442,0,0,0,0.256184919,0,0,0,0,0,1.41E-05,0.001540048,0.610509064,0.000155418,0.052714865,0,0,0,0,0.003758283,0.00012716,0.045608037,0,0,0,0,0,1.41E-05,0,0
A160Q97M.03,2.71E-05,0,0.001070954,0.006222379,0,0,0,0.010804436,0,0,0,0,0,0,0.00393135,0.230255131,0,0.020456579,0,0,0,0,1.36E-05,0.000122007,0.727096494,0,0,0,0,0,0,0,0
E160QPFQ.03,0.000533948,0,0.001262059,2.43E-05,0,0,0,0.000279109,0,0,0,0,0,0,0.218967296,0.109726352,0,1.21E-05,0,0,0,4.85E-05,0,0.026988654,0.642145501,0,0,0,0,0,0,0,1.21E-05
G160Q69Y.03,0,0,8.35E-06,0,0,0,0,0,0,0,0,0,0,0,0.477454977,1.67E-05,0,0,0,0,0,0,0,0,0.522519964,0,0,0,0,0,0,0,0
K160QLY3.03,0.000394016,0,0.050147457,0,0,0,0,1.19E-05,0,0,0,0,0,0.000680573,0.032834645,0.666447769,0,0,0,0,0,0,0,0,0.249483601,0,0,0,0,0,0,0,0
E160QV4B.03,0.000566666,0,0.104168906,0,0,0,0,0,0,0,0,0,0,0,0.044600549,0.551698534,0,0,0,0,0,0,0,0,0.298965345,0,0,0,0,0,0,0,0
D160TFQB.03,0.000359219,0,0.030507031,0.000199566,0,0,0,0.049306175,0,0,0,0,0,2.66E-05,0.016630523,0.414911592,0,1.33E-05,0,0,0,0,0,0,0.487806501,0,0,0.00023948,0,0,0,0,0
D160SJDG.03,7.96E-05,0,0.002488454,9.95E-06,0,0,0,0.203844163,0,0,0,0,0,0,0.131748686,0.036759436,0,0,0,0,0,0,0,9.95E-06,0.625049769,0,0,0,9.95E-06,0,0,0,0
G160QKHJ.03,0.000675971,0,0.039961828,0,0,0,0,0,0,0,0,0,0,0.000583191,0.075695521,0.540989039,0,0,0,0,0,0,0,0,0.34209445,0,0,0,0,0,0,0,0
B160SZ8D.03,0.001002777,0,0.038090096,0.017941993,0,0,0,0.040820734,0,0,0,0,0,0.000293119,0.013838322,0.735035483,0,0.000323974,0,0,0,0.004427646,0,0,0.148164147,0,6.17E-05,0,0,0,0,0,0
K160SHMP.03,0.003029018,0,0.000218089,1.21E-05,0,0,0,0,0,0,0,0,0,0,0.222317805,0.023117465,0,0,0,0,0,0,0,0,0.751305507,0,0,0,0,0,0,0,0
H160STV8.03,0,0,0.00892333,0.024958486,0,0,0,0.076317952,0,0,0,0.000100639,0,0,0.032942518,0.650983747,0,0,0,0,0,0,0,0,0.205773327,0,0,0,0,0,0,0,0
E160SWNP.03,1.05E-05,0,0.019982112,0.042100279,0,0,0,0.01548903,0,0,0,0,0,0,0.001588888,0.848003367,0,0.001662545,0,0,0,0.00082075,0,2.10E-05,0.070321461,0,0,0,0,0,0,0,0
C160SMD9.03,0,0,0.004375983,0,0,0,0,0.004386328,0,0,0,0,0,0,0.095899197,0.640124555,0,0,0,0,0,0.000765538,0,0,0.254448399,0,0,0,0,0,0,0,0
F160TWTF.03,0,0,0.006153173,0.012431284,0,0,0,0.008089705,0,0,0,0.003904298,0,0,0.410669665,0.206709145,0,0,0,0,0.001030735,0,0,3.12E-05,0.35098076,0,0,0,0,0,0,0,0
K160SW51.03,0,0,0.123113064,0.007772509,0,0,0,0.173779383,0,0,0,0,0,0,0.00397326,0.589594118,4.35E-05,0.002233146,0,0,0,0.005568365,0.000406027,0.00533635,0.088180276,0,0,0,0,0,0,0,0
G160S7KJ.03,0,0,3.46E-05,0,0,0,0,0.223800247,0,0,0,0,0,0,0.775992253,9.22E-05,0,0,0,0,0,0,0,0,8.07E-05,0,0,0,0,0,0,0,0
G160TL1J.03,0,0,0.061288202,0.000197174,0,0,0,0.248241867,0,0,0,0,0,0,0.031843575,0.604567861,3.29E-05,0.000197174,0,0,0,0.004863621,0,0.048471903,0.000295761,0,0,0,0,0,0,0,0
F160QF3F.03,0.000105617,0,0.014575104,2.11E-05,0,0,0,4.22E-05,0,0,0,0,0,0,0.040303331,0.596079508,0,0,0,0,0,0,0,0,0.34887307,0,0,0,0,0,0,0,0
C160QF9Z.03,0.000285256,0,0.098056695,0,0,0,0,0,0,0,0,0,0,0,0.139573305,0.454769121,0,0,0,0,0,0,0,0,0.307315624,0,0,0,0,0,0,0,0
B160T0BD.03,1.65E-05,0,0.030214521,0.000957096,0,0,0,0.101881188,0,0,0,0,0,0,0.022607261,0.79,0,0,0,0,0,0.000792079,0,0,0.053366337,0,0,0,0,0,0,0,0.000165017
B160ST6B.03,0,0,0.015330856,0.012604024,0,0,0,0.001232124,0,0,0,0,0,0,0.074291024,0.314636018,0,0,0,0,0,4.04E-05,0,0,0.581865557,0,0,0,0,0,0,0,0
B160PY4H.03,0,0,0,2.14E-05,0,0,0,0,0,0,0,0,0,0,0.998895798,0.000439537,0,0,0,0,0,0,0,0,0.000557461,0,0,0,8.58E-05,0,0,0,0
B160QC3F.03,0,0,0.00030416,5.29E-05,0,0,0,2.64E-05,0,0,0,0,0,0,0.998690788,0.000476077,0,0,0,0,0,5.29E-05,0,0,0.000383507,0,0,0,0,0,0,0,1.32E-05
A160S92C.03,9.64E-06,0,0.000106053,0,0,0,0,0.002043925,0,0,0,0,0,0,0.166888413,3.86E-05,0,0,0,0,0,0,0,0,0.830913403,0,0,0,0,0,0,0,0
G160QC4B.03,2.47E-05,0,0.000185582,0,0,0,0,0,0,0,0,0,0,0,0.808789142,0,0,0,0,0,0,0,0,0,0.191000532,0,0,0,0,0,0,0,0
H160SFDH.03,9.85E-06,0,0.002038786,0,0,0,0,0.003880588,0,0,0,0,0,0,0.343146428,4.92E-05,0,0,0,0,0,0,0,0,0.650875102,0,0,0,0,0,0,0,0
C160SDQY.03,0.000326477,0,0.468437326,0.004973978,0,0,0,0.136409902,0,0,0,0,0,0,0.028537958,0.320043786,7.68E-05,0,0,0.001325114,0.025350003,0,0.003187955,0.001939659,0.009391024,0,0,0,0,0,0,0,0
D160V0BQ.03,0.000107848,0,0.065356053,0.004699103,0,3.08E-05,0,0.252534434,0,0,0,0,0,0,0.006301421,0.653807044,0.000308138,0,0,0,0,0,0.006886883,0.006671186,0.003297076,0,0,0,0,0,0,0,0
D160TL6L.03,6.43E-05,0,0.159121997,0.005765223,0,0,0,0.299433576,0,0,0,0,0,0,0.003378347,0.468066355,0.000660981,0,0,0,0,0,0.00849177,0.008684556,0.046323752,0,0,9.18E-06,0,0,0,0,0
F160T8C2.03,8.23E-06,0,0.66312118,0.001464261,0,0,0,0.041723222,0,0,0,0,0,8.23E-06,0.008168604,0.257652411,0.000296143,0,0,4.94E-05,0,0,0.00228688,0.002015416,0.023206074,0,0,0,0,0,0,0,0
H160WTFN.03,0,0,0.070293785,0.007933922,0,0,0,0.344684847,0,0,0,0,0,0,0.00132232,0.53555892,5.75E-05,0.008068071,0,0,0.000306625,0.007531477,0.001169008,0.022441118,0.000574922,0,0,0,0,0,5.75E-05,0,0
K160WTJ4.03,3.14E-05,0,0.073987441,0.022684458,0,0,0,0.125965463,0,0,0,0,0,1.57E-05,0.021868132,0.67956044,3.14E-05,0.002747253,0,0,4.71E-05,0.002182104,0.001648352,0.058383046,0.010784929,0,6.28E-05,0,0,0,0,0,0
C160SRSL.03,9.25E-06,0,0.635321228,0.002147075,0,0,0,0.062792678,0,0,0,0,0,0,0.015196106,0.263460862,0.000249875,9.25E-06,0,0.004025765,0.004423714,9.25E-06,0.001304903,0.000712607,0.010328169,0,0,9.25E-06,0,0,0,0,0
E160V9S3.03,0.000244762,0,0.076781868,0.004185432,0,0,0,0.169889368,0,0,0,0,0,0,0.000954572,0.737296847,0.000220286,0,0,0,0,4.90E-05,0.001688858,0.006633053,0.002056002,0,0,0,0,0,0,0,0
E160T48S.03,1.58E-05,0,0.143685261,0.001425449,0,0,0,0.101808736,0,0,0,0,0,0,0.08893218,0.590531851,3.17E-05,3.17E-05,0,1.58E-05,0,0.000221737,0.002882575,0.064097691,0.006319491,0,0,0,0,0,0,0,0
A160TTHK.03,2.57E-05,0,0.097002262,0.018767997,0,0,0,0.058437886,0,0,0,0,0,2.57E-05,0.005476142,0.8063297,0.000179967,0,0,0,0,0,0.002442411,0.002930893,0.008381325,0,0,0,0,0,0,0,0
C160S70P.03,1.21E-05,0,0.134763543,0.007510418,0,0,0,0.139972381,0,0,0,0,0,0,0.020811125,0.656689117,0.000690474,0,0,0,0.000751042,0,0.007437736,0.016777304,0.014584747,0,0,0,0,0,0,0,0
G160SZZN.03,0.000223555,0,0.196970826,0.003670032,0,0,0,0.051864824,0,0,0,0,0,0,0.039029025,0.67075897,0.000316703,0,0,0,0,0,0.00380044,0.008644137,0.024702858,0,1.86E-05,0,0,0,0,0,0
E160SKS5.03,0,0,0.034022122,3.45E-05,0,0,0,0.17229299,0,0,0,0,0,0,0.281630121,0.367994854,0,1.15E-05,0,0,0,1.15E-05,0,0,0.144002481,0,0,0,0,0,0,0,0
C160SSVD.03,0.000777867,0,0.000255419,0,0,0,0,2.32E-05,0,0,0,0,0,0,0.020712154,0.850870166,0,0,0,0,1.16E-05,0,0,2.32E-05,0.127326344,0,0,0,0,0,0,0,0
J160TD1S.03,3.75E-05,0,0.133667267,0.00941768,0,0,0,0.127063635,0,0,0,0,0,0.000131322,0.010243134,0.704862674,1.88E-05,0,0,0,0,0,0,0.005778178,0.007410326,0,0,0,0,0,0.001369503,0,0
A160SSTH.03,0.001081571,0,0.011478613,8.14E-05,0,0,0,0,0,0,0,0,0,0.000255856,0.007408183,0.875619287,0,0,0,0,0,1.16E-05,0,0,0.104063452,0,0,0,0,0,0,0,0
G160TMTH.03,3.04E-05,0,0.211397087,0.001141535,0,0,0,0.123072708,0,0,0,0,0,0.000410953,0.021323876,0.612791282,0,0,0,0,0,3.04E-05,0,0,0.029786457,0,0,0,0,0,1.52E-05,0,0
F160SYRG.03,0.000579601,0,0.129157072,0.000266303,0,0,0,1.57E-05,0,0,0,0,0,9.40E-05,0.022620111,0.812491188,6.27E-05,0,0,0,0,0,0,3.13E-05,0.034682081,0,0,0,0,0,0,0,0
K160VTCD.03,4.15E-05,0,0.100192998,0.02029593,0,2.08E-05,0,0.247328118,0,0,0,0,0,0.000103762,0.00367319,0.57144043,0.000830099,4.15E-05,0,0,0.000269782,0.030858945,0.002075249,6.23E-05,0.018469712,0,0.004192002,0,0,0,0,0,0.000103762
D160V4YZ.03,3.16E-05,0,0.199269923,0.001801489,0,0,0,0.044547336,0,0,0,0,0,0.000300248,0.014696354,0.717956417,0.000158025,0,0,0,0,0,0,0,0.0212228,0,1.58E-05,0,0,0,0,0,0
J160T3SN.03,9.02E-05,0,0.202967872,0.003493889,0,0,0,0.046593781,0,0,0,0,0,0.000257852,0.015187458,0.72310608,3.87E-05,0,0,0,0,0,0,0.002127276,0.005582487,0,0,0,0,0,0.000554381,0,0
D160TD2P.03,0,0,0.005186939,0.010889351,0,0,0,0.108990158,0,0,0,0,0,0.000225519,0.020361153,0.828202774,0,0,0,0,0,0,0,0,0.024517148,0,0,0,0,0,0.001626959,0,0
J160WDD4.03,0,0,0.069424871,0.003471244,0,0,0,0.326474908,0,0,0,0,0,1.48E-05,0.001394431,0.562089273,0.000163178,0,0,0,0,0,0,0.009508834,0.027458427,0,0,0,0,0,0,0,0
H160VGCN.03,3.16E-05,0,0.016812565,0.002069968,0,0,0,0.132730778,0,0,0,0,0,0,0.005356635,0.827434188,0.000252821,1.58E-05,0,0,0,3.16E-05,1.58E-05,0,0.015232437,0,0,0,0,0,0,0,1.58E-05
A160TG7Z.03,0.000141456,0,0.1261788,0.003725009,0,0,0,0.009430404,0,0,0,0,0,3.14E-05,0.014302779,0.815054068,0.000172891,1.57E-05,0,0,0,6.29E-05,0,3.14E-05,0.030853137,0,0,0,0,0,0,0,0
G160V9R6.03,0.0003051,0,0.011448496,0.041464478,0,0,0,0.187926776,0,0,0,0,0,0,0.037716112,0.64745024,0.001423798,0.007656545,0,0,0,0.001423798,0,0.000493971,0.062690687,0,0,0,0,0,0,0,0
B160V5P5.03,0.000520118,0,0.080035784,0.006366246,0,0,0,0.034951941,0,0,0,0,0,0.000166438,0.025589814,0.745474972,0.000957017,0,0,0,0,0,0,4.16E-05,0.10589606,0,0,0,0,0,0,0,0
E160VWM4.03,4.23E-05,0,0.282808648,0.000112684,0,0,0,0.020438059,0,0,0,0,0,8.45E-05,0.006422988,0.568349884,0.000183111,1.41E-05,0,0,0,0,0,0.003281921,0.118247764,0,0,1.41E-05,0,0,0,0,0
C160V4Y2.03,0,0,0.156571408,0.000524194,0,0,0,0.065976176,0,0,0,0,0,1.81E-05,0.026950816,0.727726262,0.000307286,1.81E-05,0,0,0,3.62E-05,0,0.004067025,0.017786454,0,1.81E-05,0,0,0,0,0,0
A160TWGJ.03,2.69E-05,0,0.052052254,0.007459076,0,0,0,0.002204123,0,0,0,0,0,0,0.017377631,0.870400237,0.001330538,9.41E-05,0,0,0,0,0,1.34E-05,0.049041744,0,0,0,0,0,0,0,0
B160TXGX.03,1.43E-05,0,0.225477307,0.002400823,0,0,0,0.042500286,0,0,0,0,0,0.000185778,0.018677832,0.68807877,0.000100034,0,0,0,0,0,0,0.004815937,0.016505659,0,0,1.43E-05,0,0,0.001228993,0,0
F160T384.03,0.000300608,0,0.178004315,0.003456995,0,0,0,0.300723228,0,0,0,0,0,8.84E-06,0.006516127,0.478975103,0.000106097,0,0,0,8.84E-06,0,0,0.02888492,0.003014924,0,0,0,0,0,0,0,0
F160WLV9.03,5.69E-05,0,0.091570925,0.003071323,0,0,0,0.20293482,0,0,0,0,0,3.79E-05,0.001289197,0.631005195,0.00062564,0,0,0,0,0.023679521,0.005043036,0,0.02743336,0,0.01325219,0,0,0,0,0,0
E160TPM2.03,0.000250028,0,0.02828092,0.00515335,0,0,0,0.007292477,0,0,0,0,0,1.39E-05,0.00481998,0.871444049,0.000472275,0.000194466,0,0,0,4.17E-05,0,2.78E-05,0.082009112,0,0,0,0,0,0,0,0
F160SX2T.03,0.000952492,0,0.011857554,1.94E-05,0,0,0,0.010594044,0,0,0,0,0,7.78E-05,0.094218957,0.702064381,0.000116632,0,0,0,0,0,0,0,0.177493974,0,0,0,0,0,0.002604774,0,0
G160TXHW.03,2.82E-05,0,0.172316424,0.004052013,0,0,0,0.047395841,0,0,0,0,0,0.000240015,0.01526211,0.733188383,0.000127067,0,0,0,0,0,0,0,0.027389911,0,0,0,0,0,0,0,0
E160V5WT.03,7.62E-05,0,0.011385112,0.001280254,0,0,0,0.131652746,0,0,0,0,0,0,0.00409986,0.699338536,0.002972017,1.52E-05,0,0,0,0,0,0,0.149180028,0,0,0,0,0,0,0,0
F160VTZK.03,6.93E-05,0,0.017624503,0.00487388,0,0,0,0.071375774,0,0,0,0,0,0,0.003626536,0.889448397,0.00043888,0,0,0,0.000207891,0.008477317,0,0,0.003857526,0,0,0,0,0,0,0,0
D160VFHM.03,1.70E-05,0,0.122100619,0.004106219,0,1.70E-05,0,0.125545092,0,0,0,0,0,3.39E-05,0.00110291,0.721930941,0.00196827,0,0,0,0,0.012182913,0.003342666,0,0.00700772,0,0.000542971,0,0,0,0.000101807,0,0
A160TMSL.03,2.42E-05,0,0.2390179,0.002685051,0,0,0,0.030636188,0,0,0,0,0,0.000181422,0.008611514,0.710534591,0,0,0,0,0,0,0,0.000798258,0.007414127,0,0,0,0,0,9.68E-05,0,0
H160TJ4S.03,0.000562332,0,0.110981342,0.007166133,0,2.88E-05,0,0.172506272,0,0,0,0,0,0.00011535,0.002407936,0.674121175,1.44E-05,0,0,0,0,0,0,0.016639271,0.015456931,0,0,0,0,0,0,0,0
G160WDGF.03,0,0,0.081446065,0.00089421,0,0,0,0.309597241,0,0,0,0,0,0,0.01259193,0.560541635,0.000164243,0.002737376,0,0,0,7.30E-05,0,0.007372666,0.024581638,0,0,0,0,0,0,0,0
A160VFX3.03,1.06E-05,0,0.007419437,0.003630111,0,0,0,0.203869995,0,0,0,0,0,0,0.015125462,0.670455993,0.001666454,0,0,0,0,7.43E-05,1.06E-05,1.06E-05,0.097652104,0,0,0,0,0,7.43E-05,0,0
A160WB2W.03,3.45E-05,0,0.175294544,0.012575253,0,0,0,0.112970278,0,0,0,0,0,5.18E-05,0.0002415,0.657466664,8.63E-05,1.73E-05,0,0,0,0.025064256,0.002639251,8.63E-05,0.009798002,0,0.003674251,0,0,0,0,0,0
A160VL66.03,7.63E-05,0,0.000724458,3.81E-05,0,0,0,0.363601701,0,0,0,0,0,0,0.002516539,0.487731874,0.000476617,0.096600766,0,0,1.91E-05,1.91E-05,0,0.000552876,0.047185099,0,0.000419423,3.81E-05,0,0,0,0,0
C160VVLJ.03,0,0,0.16662418,0.003555472,0,0,0,0.00364939,0,0,0,0,0,0,0.4235171,0.361235963,5.37E-05,0,0,0,0,9.39E-05,0,0.000134169,0.041136141,0,0,0,0,0,0,0,0
A160T15Q.03,0.000143742,0,0.142944881,0,0,0,0,0.017079163,0,0,0,0,0,3.92E-05,0.01365549,0.803387084,7.84E-05,0,0,0,0,2.61E-05,0,1.31E-05,0.022632831,0,0,0,0,0,0,0,0
D160WDF1.03,0,0,0.11716031,0.003047063,0,0,0,0.355784366,0,0,0,0,0,4.33E-05,0.008303609,0.498808613,0.000144411,7.22E-05,0,0,0,2.89E-05,0,0.005213222,0.011379554,0,0,0,0,0,0,0,1.44E-05
E160SS57.03,2.82E-05,0,0.07514565,0,0,0,0,0.298706428,0,0,0,0,0,1.41E-05,0.319767524,0.229302148,0,0,0,0,1.41E-05,0,0,1.41E-05,0.077007716,0,0,0,0,0,0,0,0
F160V4FH.03,3.84E-05,0,0.103128844,0.006092405,0,1.92E-05,0,0.197589945,0,0,0,0,0,1.92E-05,0.005880996,0.589906212,0.002978936,5.77E-05,0,0,0,0.056446033,0.011243081,1.92E-05,0.02634917,0,5.77E-05,0,0,0,0.00017297,0,0
B160V3H8.03,0.000632009,0,0.199768865,0.003196157,0,0,0,0.085772585,0,0,0,0,0,1.81E-05,0.011177522,0.615630474,0,0,0,0,0,0,0,0,0.08380433,0,0,0,0,0,0,0,0
B160WF0F.03,1.56E-05,0,0.162248771,0.013564806,0,0,0,0.00737353,0,0,0,0,0,3.11E-05,0.05466368,0.741413104,0.000326675,0,0,0,0.001711157,0.012102545,0,0,0.006502396,0,0,0,0,0,4.67E-05,0,0
E160V4DL.03,0.000507786,0,0.149364327,0.029921763,0,0,0,0.131516588,0,0,0,0,0,0,0.013898292,0.545023697,0.000112841,0.01566614,0,0,0,0,1.88E-05,0.097551343,0.0122809,0,0.004137516,0,0,0,0,0,0
H160TXJV.03,0.000349241,0,0.164248171,0.003352716,0,0,0,0.038154609,0,0,0,0,0,8.73E-05,0.111966752,0.664466447,0,0.004575061,0,0,0,0,0,0,0.012764769,0,0,3.49E-05,0,0,0,0,0
G160SV9V.03,0.000146546,0,0.09134725,0,0,0,0,0.043296317,0,0,0,0,0,8.14E-05,0.136499821,0.717702804,1.63E-05,0,0,0,0,0,0,0,0.010909565,0,0,0,0,0,0,0,0
E160VHFJ.03,0.000798836,0,0.103691763,0.000385153,0,0,0,0.029613991,0,0,0,0,0,0.000242504,0.180651051,0.679581182,5.71E-05,0.000114119,0,0,4.28E-05,0,0,0,0.004821546,0,0,0,0,0,0,0,0
D160SV8Y.03,7.16E-05,0,0.147979174,0.02263253,0,0,0,0.101050221,0,0,0,0,0,0,0.004132897,0.695614835,1.79E-05,0.000876675,0,0,0,0.021040202,0,0.005421072,0.001162936,0,0,0,0,0,0,0,0
C160T257.03,0.000241072,0,0.051041541,0,0,0,0,0.000241072,0,0,0,0,0,1.10E-05,0.005391249,0.876746403,0.001117698,0.001808041,0,0,0,0,0,3.29E-05,0.062634918,0,0,0,0,0,0.000734174,0,0
J160TMVD.03,0.000428435,0,0.427229451,0.005490321,0,0,0,0.024008251,0,0,0,0,0,6.35E-05,0.053935259,0.458441765,0,0,0,0,0,0,0,0,0.030403047,0,0,0,0,0,0,0,0
E160TD0W.03,0.00034653,0,0.310729446,0.008804037,0,0,0,0.14324699,0,0,0,0,0,5.41E-05,0.139814173,0.340368622,0,0,0,0,0,0,0,0,0.056636056,0,0,0,0,0,0,0,0
E160SGZP.03,0.000662018,0,0.241062759,0.008738635,0,0,0,0.119052873,0,0,0,0,0,4.41E-05,0.0346456,0.565605967,0,0,0,0,0,0.021559714,0,0.003552829,0.00507547,0,0,0,0,0,0,0,0
C160TC7M.03,9.22E-05,0,0.081930953,0.006082613,0,0,0,0.52964813,0,0,0,0,0,0,0.004515879,0.356680737,0,0,0,0,9.22E-05,0,0,0.010414171,0.010506331,0,1.84E-05,0,0,0,0,0,1.84E-05
D160THGY.03,0.000563853,0,0.260442118,0.037315483,0,0,0,0.056009369,0,0,0,0,0,4.34E-05,0.012173435,0.504387931,0.00013012,0.040048,0,0,0,0,0,0.035840791,0.052655168,0,0.00039036,0,0,0,0,0,0
G160SH1H.03,0.000341248,0,0.05194085,0,0,0,0,5.69E-05,0,0,0,0,0,0.000127968,0.034210152,0.871392009,0,0,0,0,0,0,0,0,0.041859804,0,7.11E-05,0,0,0,0,0,0
J160VWN1.03,0,0,0.20954866,0.0016922,0,0,0,0.079223396,0,0,0,0,0,2.58E-05,0.00386235,0.656935438,0.00063296,0.000129176,0,0,0,2.58E-05,0,0.002079727,0.045844421,0,0,0,0,0,0,0,0
F160TX1P.03,0.000273159,0,0.113324714,0.012182908,0,0,0,0.336222752,0,0,0,0,0,1.82E-05,0.007393513,0.500573635,0.000163896,0.000655582,0,0,0,0,1.82E-05,0.021688853,0.007484566,0,0,0,0,0,0,0,0
E160T6W2.03,0,0,0.096808107,0.022612113,0,0,0,0.381786219,0,0,0,0,0,0,0.001085795,0.257109372,0,0.009013822,0,0,0,0,0,0.04413843,0.001396022,0,0.186050119,0,0,0,0,0,0
J160VJ0W.03,0.000441569,0,0.050712454,0.020397072,0,0,0,0.42458518,0,0,0,0,0,3.40E-05,0.00298908,0.477675311,0,0.002598461,0,0,1.70E-05,0,3.40E-05,0.020142321,0.000305701,0,6.79E-05,0,0,0,0,0,0
E160T5P3.03,3.81E-05,0,0.554122191,0,0,0,0,0.133455106,0,0,0,0,0,0,0.052933006,0.163688947,0.002873071,0,0,0,0,0,0,0.001712427,0.091158171,0,1.90E-05,0,0,0,0,0,0
A160TPMZ.03,6.77E-05,0,0.020481051,0.029384384,0,0,0,0.272719579,0,0,0,0,0,5.08E-05,0.030196855,0.535926471,0.000118485,0.000541648,0,0,0,0.006821375,0,0.071125104,0.032346519,0,0,0,0,0,0.000220044,0,0
E160VSFV.03,6.98E-05,0,0.048810548,0.074901751,0,0,0,0.346882776,0,0,0,0,0,2.33E-05,0.01481292,0.444875939,0,0.015580308,0,0,0,0,0.000930168,0.043578355,0.005394972,0,0.004139246,0,0,0,0,0,0
D160TBNY.03,0,0,0.009338521,0.046198743,0,0,0,0.265130201,0,0,0.000374139,0,0,0,0.000209518,0.540706375,0.000284346,0,0,0,0,0.010655492,0.00866507,0.014980545,0.027865908,0,0.075276863,0,0,0.000314277,0,0,0
E160T6CL.03,0.000148001,0,0.01037749,0,0,0,0,0.173283187,0,0,0,0,0,0,0.231160329,0.183773854,0,0,0,0,0,0,0,0,0.401187491,0,0,0,6.96E-05,0,0,0,0
K160SVK0.03,0,0,0.826590422,0,0,0,0,0.001036455,0,0,0,0,0,0,0.053949249,0.039992852,0,0,0,0,0.000232309,0,0,0,0.078198713,0,0,0,0,0,0,0,0
G160SG6G.03,0,0,0.001236739,2.75E-05,0,0,0,0.001099324,0,0,0,4.12E-05,0,0,0.099639971,0.120856923,0,0,0,0,0,0,0,1.37E-05,0.777084593,0,0,0,0,0,0,0,0
C160TY1Q.03,0,0,0.036354189,0.001773812,0,0,0,0.520264459,0,0,0,0,0,1.79E-05,0.002669677,0.409786426,0.000304594,1.79E-05,0,0,0,0.008994481,0,0.018705655,0.001110872,0,0,0,0,0,0,0,0
J160T7PQ.03,1.62E-05,0,0.244785772,0.023654002,0,0,0,0.069911075,0,0,0,0,0,1.62E-05,0.007760711,0.58200485,0.001099434,0.00960388,0,0,0,0.022473727,0,0.033290218,0.005367825,0,0,0,0,0,1.62E-05,0,0
C160VSDK.03,6.01E-05,0,0.068778299,0.031273791,0,0,0,0.117682414,0,0,0,0,0,0,0.004768201,0.74804664,0,0.000761309,0,0,0,0.002063549,0.000380655,0.024522178,0.000981689,0,0.000681172,0,0,0,0,0,0
F160TGDS.03,0,0,0.07540526,0.009747719,0,0,0,0.163929147,0,0,0,0,0,0,0.000751476,0.634052603,0.000171766,0.035748792,0,0,0,0.017949544,0,0.023038111,0.039205582,0,0,0,0,0,0,0,0
H160WDHQ.03,0,0,0.053895589,0.000521638,0,0,0,0.330613863,0,0,0,0,0,0,0.018403372,0.542273505,6.26E-05,6.26E-05,0,0,0,0,0,0.009931978,0.044234862,0,0,0,0,0,0,0,0
B160T3TK.03,0,0,0.000133224,0.000835675,0,0,0,0.037193586,0,0,0,0,0,0.001816684,0.143941963,0.815097859,0,0,0,0,0,0,0,1.21E-05,0.000968898,0,0,0,0,0,0,0,0
B160SKGB.03,0,0,0.707960892,0.021767932,0,0,0,0.034027067,0,0,0,0,0,0,0.062704389,0.156685505,5.03E-05,5.03E-05,0,0,0,0,0.000838518,0.000150933,0.015512586,0,0.000251555,0,0,0,0,0,0
H160WZN8.03,4.56E-05,0,0.176416013,0.027757498,0,0,0,0.153540792,0,0,0,0,0,0,0.015650666,0.563271887,0.000258563,0,0,0,0,0.021308633,0.001992456,1.52E-05,0.039605767,0,0,0,0,0,0.000136886,0,0
A160TMJQ.03,0,0,0.0382824,7.51E-05,0,0,0,0.262402716,0,0,0,0,0,0,0.183929806,0.121277683,0.013507016,0,0,0,0,0,0,0,0.380525256,0,0,0,0,0,0,0,0
D160TYGN.03,4.91E-05,0,0.037520045,0.006888765,0,0,0,0.231010898,0,0,0,0,0,1.64E-05,0.078525379,0.596279085,0.001636286,0,0,0,0,0,0,0,0.048074091,0,0,0,0,0,0,0,0
E160S8KD.03,6.21E-05,0,0.462201952,7.76E-05,0,0,0,0.057088782,0,0,0,0,0,9.31E-05,0.0656521,0.402894774,0,0,0,0,0,3.10E-05,0,0.002389041,0.009509626,0,0,0,0,0,0,0,0
A160TP6B.03,3.76E-05,0,0.205530249,0.015209125,0,1.88E-05,0,0.105541543,0,0,0,0,0,5.65E-05,0.003482287,0.31882694,0.00035764,0,0,0,0,0.014889131,0.007830441,0,0.025919512,0,0.302017844,0,0,0,0.000282348,0,0
B160TY4Z.03,2.00E-05,0,0.07030109,0.025627688,0,2.00E-05,0,0.091427428,0,0,0,0,0,2.00E-05,0.001520456,0.770211063,0.000240072,0,0,0,0,0.014504351,0.003260978,0,0.005881765,0,0.016945084,0,0,0,2.00E-05,0,0
K160SMMP.03,0,0,0.036740541,0.004283588,0,0,0,0.151568776,0,0,0,0,0,0,0.007752591,0.780090447,0,0.004957726,0,0,0,0.005041993,0.000589871,0.007963259,0.001011208,0,0,0,0,0,0,0,0
F160T17J.03,0,0,0.095751696,0.030100089,0,0,0,0.22986855,0,0,0,0,0,0,0.002520553,0.408212313,5.86E-05,0.024399537,0,0,0,0,1.47E-05,0.060625156,0.003253272,0,0.145180908,0,0,1.47E-05,0,0,0
J160T7M4.03,1.77E-05,0,0.234880051,0.142165641,0,1.77E-05,0,0.172822213,0,0,0,0,0,0,0.035514814,0.37612369,0.001737619,0,0,0,0,0,0,0,0.003102892,0,0.033617617,0,0,0,0,0,0
F160SGH9.03,0,0,0.107724861,0.063989898,0,0,0,0.169684146,0,0,0,0,0,0,0.006194222,0.640547412,0,0.000221832,0,0,0.000204768,0.004624337,3.41E-05,0.006211286,0.000494855,6.83E-05,0,0,0,0,0,0,0
J160SPMG.03,0,0,0.003920729,0.013755498,0,0,0,0.188606823,0,0,0.000131789,0,0,0,0.000691893,0.764822167,0.000115316,0.002174522,0,0,0,0.007133091,0.002306311,0.011861028,0.004480833,0,0,0,0,0,0,0,0
F160ST1C.03,0,0,0.004308205,0.001264365,0,0,0,0,0,0,0,0,0,0,0.331516395,0.424273927,0.00282843,0,0,0,0,0,0,0,0.235808678,0,0,0,0,0,0,0,0
A160TQHD.03,0,0,0.083203172,0.002379315,0,0,0,0.220895885,0,0,0,0,0,0,0.006927528,0.665665844,0.000105208,1.62E-05,0,0,8.09E-06,0.011419091,0.003067212,0.000979242,0.003690365,0,0,0,0,0,0.00164286,0,0
H160TXBG.03,0,0,0.069187462,0.008049382,0,0,0,0.062270267,0,0,0,0,0,0,0.014284163,0.827597438,0.000108566,0,0,0,0,0,0,0.006482932,0.01201979,0,0,0,0,0,0,0,0
E160VRXR.03,0,0,0.181197262,0.006775142,0,0,0,0.199145205,0,0,0,0,0,0,0.001923975,0.588860182,0.000137427,0,0,0,0.000632163,0.011818707,0.002075145,0.003366957,0.003820466,0,0,2.75E-05,0,0,0.000219883,0,0
A160TZPB.03,0,0,0.065370441,0.005455242,0,0,0,0.15669621,0,0,0,0,0,0,0.002166246,0.737012429,0.000132088,0,0,0,0.000237759,0.028531047,0.001413344,0.00055477,0.002311543,0,0,0,0,0,0.000118879,0,0
H160W0QC.03,0,0,0.135883831,0.007279159,0,0,0,0.117360141,0,0,0,0,0,0,0.003053151,0.695932235,3.72E-05,3.72E-05,0,0,0.000297868,0.008284464,0.002271246,0.022395979,0.006850973,0,0,1.86E-05,0,0,0.000297868,0,0
B160TF38.03,0,0,0.173038541,0.021741237,0,0,0,0.01774953,0,0,0,0,0,0,0.007227702,0.773170306,3.88E-05,3.88E-05,0,0,0,1.94E-05,0,0,0.006975798,0,0,0,0,0,0,0,0
K160T24B.03,0.000258676,0,0.260864374,0.007223018,0,0,0,0.0932227,0,0,0,0,0,0,0.105937599,0.470431391,0.000198981,0.007561286,0,0,0,0.009769978,0,0.040413085,0.004118911,0,0,0,0,0,0,0,0
E160TPY7.03,0,0,0.07387462,0.006645264,0,0,0,0.041511323,0,0,0,0,0,0,0.063035073,0.776028721,8.63E-05,5.18E-05,0,0,0,0,0,0.001829605,0.03693731,0,0,0,0,0,0,0,0
K160SC2M.03,1.76E-05,0,0.315695225,0.000245787,0,0,1.76E-05,0.050140449,0,0,0,0,0,0,0.033005618,0.419557584,0,0,0,0,0,7.02E-05,0,0.000140449,0.181039326,0,7.02E-05,0,0,0,0,0,0
B160V5DV.03,0,0,0.188650631,0.005413698,0,0,0,0.030313183,0,0,0,0,0,0,0.012326303,0.755942724,0.000105805,0,0,0,0,0,0,0.000299781,0.006947873,0,0,0,0,0,0,0,0
J160T32X.03,1.27E-05,0,0.899721732,0.000355777,0,0,0,0.025310987,0,0,0,0,0,0,0.026314786,0.041384481,0,0,0,0,0,0,0,0,0.006899531,0,0,0,0,0,0,0,0
K160SCK2.03,8.49E-06,0,0.025943577,0,0,0,0,0.609733513,0,0,0,0,0,0,0.073727669,0.091380174,0,0,0,0,0,0,0,0,0.199206572,0,0,0,0,0,0,0,0
G160TX6H.03,1.39E-05,0,0.032071912,0,0,0,0,0.158916879,0,0,0,0,0,0,0.378967373,0.224406281,0.009127733,0,0,0,0,0,0,0,0.196495949,0,0,0,0,0,0,0,0
G160TCLM.03,2.05E-05,0,0.393266953,0,0,0,0,0.169525939,0,0,0,0,0,0,0.080097212,0.212707267,0.001281801,0,0,0,0,0,0,0.006378244,0.136722075,0,0,0,0,0,0,0,0
D160TFLQ.03,0,0,0.331188393,0.111030776,0,0,0,0.03692189,0,0,0,0,0,0,0.09893235,0.252982431,0,2.41E-05,0,0,0,0,0.001373726,0,0.001205023,0,0.166341311,0,0,0,0,0,0
B160SDP4.03,0,0,0.003617305,1.12E-05,0,0,0,0.000750339,0,0,0,0,0,0,0.070229469,0.232437033,3.36E-05,0,0,0,0,0,0,0,0.692921058,0,0,0,0,0,0,0,0
F160T0XH.03,0,0,0.003495104,0,0,0,0,0,0,0,0,0,0,0,0.034844321,1.33E-05,0,0,0,0,0,0,0,0,0.961647235,0,0,0,0,0,0,0,0
G160T5B1.03,1.49E-05,0,0.000104051,0.001531029,0,0,0,0.489721293,0,0,0,0,0,0,0.015994054,0.417688592,4.46E-05,0,0,0,0.000133779,1.49E-05,0,0,0.07475288,0,0,0,0,0,0,0,0
A160T6SC.03,0,0,0.174322435,0.030791517,0,0,0,0.019118365,0,0,0,0,0,0,0.057759361,0.593915812,3.37E-05,1.68E-05,0,0,0,0,0,0,0.124041976,0,0,0,0,0,0,0,0
B160SYZM.03,1.60E-05,0,0.114249511,4.81E-05,0,0,0,0.384643762,0,0,0,0,0,1.60E-05,0.173740096,0.221826581,0.001732268,0,0,0,0,0,0,0.027924807,0.075770699,0,0,0,0,0,0,0,3.21E-05
B160TC9F.03,6.81E-05,0,0.001247972,0.021374358,0,0,0,0.270231329,0,0,0,0,0,0.000124797,0.006398693,0.573488536,0.000102107,0,0,0,0,0,0,1.13E-05,0.126941447,0,1.13E-05,0,0,0,0,0,0
C160S8VB.03,0,0,0.000662771,1.74E-05,0,0,8.72E-05,0.000183134,0,0,0,0,0,0,0.089727043,0.016534403,0,0,0,0,8.72E-06,3.49E-05,0,0,0.892709514,0,0,0,0,0,0,0,3.49E-05
B160S6ZS.03,0,0,0.000735285,0,0,0,0,0,0,0,0,0,0,0,0.008762148,0.707062413,0,0,0,0,0,0,0,0,0.283440154,0,0,0,0,0,0,0,0
B160TLVJ.03,0,0,0.000276045,0.004030255,0,0,0,0.193314194,0,0,0,0,0,0,0.12210843,0.521986971,0.004899796,0,0,0,0,0,0,0,0.15338431,0,0,0,0,0,0,0,0
D160SZNN.03,3.37E-05,0,3.37E-05,0,0,0,0,0.133777912,0,0,0,0,0,0,6.74E-05,0.503266983,0,0,0,0,0,0,0,0,0.362820383,0,0,0,0,0,0,0,0
B160SBRK.03,0,0,0.004124893,0,0,0,0,0.000128903,0,0,0,0,0,0,0.271798911,1.43E-05,0,0,0,0,0,0,0,0,0.72393297,0,0,0,0,0,0,0,0
B160SD4Z.03,0,0,0.004740982,0,0,0,0,0.249679744,0,0,0,0,0,0,0.161349025,0.00258599,0,0,0,0,0,0,0,0,0.58159637,0,0,0,4.79E-05,0,0,0,0
C160SR3K.03,0,0,1.70E-05,0,0,0,0,0,0,0,0,0,0,0,0.061218936,0.165762302,0,0,0,0,0,0,0,0,0.773001752,0,0,0,0,0,0,0,0
B160SKT2.03,0,0,3.88E-05,0,0,0,0,0.000407514,0,0,0,0,0,0,0.045408678,0.066793449,0,0,0,0,0,5.82E-05,0,0,0.887293332,0,0,0,0,0,0,0,0
C160SNZQ.03,0,0,0.001108131,0,0,0,0,0.023333711,0,0,0,0,0,0,0.039716419,0.254656039,0,0,0,0,0,0,0,0,0.6811857,0,0,0,0,0,0,0,0
J160SWYT.03,0,0,0.117920324,0.028627263,0,0,0,0.412969693,0,0,0,0,0,0,0.002382748,0.299163467,0,0.016439248,0,0,0,0,1.71E-05,0.07365949,0.006479704,0,0.042340922,0,0,0,0,0,0
E160SPSD.03,0,0,0.000182571,0,0,0,0,0.000280879,0,0,0,0,0,0,0.210743628,0.162109402,0,0,0,0,0,0,0,1.40E-05,0.626669475,0,0,0,0,0,0,0,0
B160RJN6.03,0,0,3.80E-05,0,0,0,0,0,0,0,0,0,0,0,0.066595672,0.243981288,0,0,0,0,0,0.001635416,0,0,0.687749591,0,0,0,0,0,0,0,0
J160Q98J.03,0,0,0.05330892,0,0,0,0,0,0,0,0,0,0,0,0.132879937,0.439811666,0,0,0,0,0,5.23E-05,0,0,0.373947162,0,0,0,0,0,0,0,0
E160QC2J.03,0.001399018,0,0.000714392,0,0,0,0,2.98E-05,0,0,0,0,0,0,0.058044352,0.274237238,0,0,0,0,0,0,0,0,0.665575234,0,0,0,0,0,0,0,0
A160QP5B.03,8.19E-05,0,0.472733972,0.001924179,0,0,0,0.208793908,0,0,0,0,0,0,0.015270613,0.108941292,0,0,0,0,0.0002047,8.19E-05,0,0,0.191967576,0,0,0,0,0,0,0,0
A160QF1K.03,6.40E-05,0,0.632252287,0.013497089,0,0,0,0.023156144,0,0,0,0,0,0.000639672,0.053156784,0.216145334,0.001727116,0,0,0,0,0,0,0.000191902,0.025714834,0,0,0,0,0,0.033454871,0,0
C160QXGL.03,0,0,0.011275652,0.012703901,0,0,0,0.174058483,0,0,0,0,0,0,0.065135684,0.64087048,0.018717583,0,0,0,0,0,0,0,0.077238217,0,0,0,0,0,0,0,0
A160RHNT.03,0,0,0.365322882,0.000634565,0,0,0,0,0,0,0,0,0,0,0.057745427,0.390966779,3.73E-05,0,0,0,0,0,0,0,0.18529302,0,0,0,0,0,0,0,0
A160QD95.03,0,0,0.050121779,0.039674401,0,0,0,0.112677862,0,0,0,0,0,0,0.129662864,0.605050635,0.002115113,0,0,0,0,0,0.000384566,6.41E-05,0.060120497,0,0,0,0,0,0.000128189,0,0
J160QPRY.03,0.000644621,0,0.000451234,0,0,0,0,0,0,0,0,0,0,0,0.269451428,0.600206279,0,0,0,0,0,0,0,0,0.129246438,0,0,0,0,0,0,0,0
G160T3MZ.03,0,0,0.12044806,0.001788833,0,0,0,0.064227608,0,0,0,0,0,0,0.001831424,0.770816474,0.006899783,0,0,0,0,0,0,4.26E-05,0.029430555,0,0,0,0,0,0.004514673,0,0
H160QFSD.03,6.77E-05,0,0.440018966,0.001557949,0,0,0,0.275960171,0,0,0,0,0,0,0.006164059,0.138657454,0,0,0,0,0,0,0,0,0.137573664,0,0,0,0,0,0,0,0
K160R4SS.03,0,0,0.051609135,0.004672179,0,0,0,0.020809639,0,0,0,0,0,0,0.051332493,0.687148434,0.013739895,0.010881259,0,0,0,0.021055544,0,9.22E-05,0.138659208,0,0,0,0,0,0,0,0
B160PSDM.03,0,0,0.003663683,0.006492603,0,0,0,0,0,0,0,0,0,0,0.013356212,0.8016046,0,0,0,0,0,0,0,0.002782544,0.172100357,0,0,0,0,0,0,0,0
B160QN8W.03,0,0,0.233569087,0.038899431,0,0,0,0.123943419,0,0,0,0,0,0,0.005606348,0.583318958,0.000690012,0,0,0,0,0,0.000345006,0,0.013541487,0,0,8.63E-05,0,0,0,0,0
F160Q14M.03,3.39E-05,0,0.057799348,0.062856367,0,0,0,0.343266359,0,0,0,0,0,0,0.015103177,0.485541678,0.003495791,0,0,0,0,0,0,0.004310345,0.027592995,0,0,0,0,0,0,0,0
C160QS7N.03,0,0,0.217536038,0.002318324,0,0,0,0,0,0,0,0,0,0,0.00609303,0.196998068,0.303462624,0,0,0,0,0.000208055,0,0,0.273383861,0,0,0,0,0,0,0,0
A160RK6G.03,0,0,0.369386112,0.014743232,0,0,0,0.02905284,0,0,0,0,0,0,0.007185777,0.546800471,0,0,0,0,0,6.19E-05,0,0,0.032769622,0,0,0,0,0,0,0,0
F160Q2L4.03,0,0,0.303871316,0.052707898,0,0,0,0.132427329,0,0,0,0,0,0,0.122108316,0.192115735,6.74E-05,0,0,0,0,0,0.000236056,0,0.193565792,0,0,0,0,0,0.002900115,0,0
H160R1TV.03,0,0,0.237739027,0.005102546,0,0,0,0,0,0,0,0,0,0.001238482,0.031308828,0.691717032,0.011839889,0,0,0,0,0,0,0,0.021054196,0,0,0,0,0,0,0,0
G160QCWC.03,5.18E-05,0,0.205931063,0.012886865,0,0,0,0.137666908,0,0,0,0,0,0,0.013300901,0.587206293,0.00843598,0,0,0,5.18E-05,0.004088604,0.002173688,0.013507918,0.014698271,0,0,0,0,0,0,0,0
E160QSXV.03,0,0,0.294267187,0.013447793,0,0,0,0,0,0,0,0,0,0.004126446,0.079028811,0.576523469,0.00574755,0,0,0,0,0,0,0,0.026858743,0,0,0,0,0,0,0,0
A160QYW9.03,0.00089163,0,0.050785749,0,0,0,0,0,0,0,0,0,0,0,0.044024223,0.828175502,0,0,0,0,0,0,0,0,0.076122896,0,0,0,0,0,0,0,0
F160RM7W.03,0,0,0.030849333,0.010933941,0,0,0,0.178913114,0,0,0,0,0,0,0.043800846,0.577416206,6.51E-05,0,0,0,0,0,0,0.000455581,0.157565897,0,0,0,0,0,0,0,0
K160PTN2.03,0,0,0.058248175,0.009489051,0,0,0,0.14540146,0,0,0,0,0,0,0.050510949,0.641605839,0.001605839,0,0,0,0,0,0,0.000291971,0.092846715,0,0,0,0,0,0,0,0
E160QSYR.03,0,0,0.126477805,0.016952933,0,0,0,0.000167299,0,0,0,0,0,0.000334597,0.251226857,0.598985055,0.001171091,0,0,0,0,0,0,0,0.004684363,0,0,0,0,0,0,0,0
H160R7YN.03,0.000222916,0,0.018780651,5.57E-05,0,0,0,0,0,0,0,0,0,0,0.012371823,0.929112795,0.002563531,0,0,0,0,0,0,2.79E-05,0.036836826,0,0,2.79E-05,0,0,0,0,0
B160SNDZ.03,0,0,0.032929883,0,0,0,0,0.001627713,0,0,0,0,0,0,0.009724541,0.506176962,0.004590985,0.001252087,0,0,0,0,0,0,0.44369783,0,0,0,0,0,0,0,0
B160Q677.03,0.000421186,0,0.002527114,0.013846478,0,0,0,0.05191113,0,0,0,0,0,0,0.043855955,0.819100769,0,0,0,0,0,0,0,0.030588607,0.037748763,0,0,0,0,0,0,0,0
D160R2DH.03,4.26E-05,0,0.257058899,0.007154721,0,0,0,0.00017035,0,0,0,0,0,0,0.038115924,0.55278736,0.012989225,0,0,0,0,0.000127763,0,0,0.131553171,0,0,0,0,0,0,0,0
B160RJ3Y.03,0,0,0.095300198,0.00043472,0,0,0,0.092160556,0,0,0,0,0,0,0.164710428,0.479061006,0,0,0,0,0,0,0,0,0.168333092,0,0,0,0,0,0,0,0
A160QHK9.03,0.000349203,0,0.010883483,0.019613549,0,0,0,0.058840647,0,0,0,0,0,0,0.039227098,0.791002212,0.012222093,0,0,0,0,0,0,0.02496799,0.042893726,0,0,0,0,0,0,0,0
J160Q1BN.03,0.00011554,0,0.002657423,0.004563836,0,0,0,0.012940497,0,0,0,0,0,0,0.050259965,0.87729636,0,0,0,0,0,0,0,0.020508377,0.031658001,0,0,0,0,0,0,0,0
J160R1XW.03,6.51E-05,0,0.014058839,0.01659724,0,0,0,0.090015621,0,0,0,0,0,0,0.008135902,0.843855767,0.008591513,0.000650872,0,0,0,0,0,0.004881541,0.013147618,0,0,0,0,0,0,0,0
K160Q684.03,0,0,0.209493195,0.075029068,0,0,0,0.135626838,0,0,0,0,0,0,0.102865741,0.379112236,0.000615553,0,0,0,0,0,0.000341974,0,0.096847001,0,0,0,0,0,6.84E-05,0,0
H160QWZX.03,0,0,0.102354434,0.003477607,0,0,0,0.089242916,0,0,0,0,0,0,0.002960665,0.723295268,0.001832793,9.40E-05,0,0,0,0,0,0.000939894,0.075802434,0,0,0,0,0,0,0,0
G160S95Z.03,0.000219408,0,0.111114594,0,0,0.000188064,0,0.164054664,0,0,0,0,0,0,0.004012036,0.692953862,0.005579238,0,0,0,0,0.000626881,0,0,0.01990346,0,0,0,0,0,0.001347793,0,0
J160SGDS.03,0,0,0.100352741,0.002417661,0,0.000356704,0,0.226031469,0,0,0,0,0,0,0.003051801,0.605921287,0.003923745,0,0,0,0,3.96E-05,0,7.93E-05,0.03456066,0,0,0,0,0,0.023265031,0,0
C160QYTH.03,0,0,0.176272126,0.017285206,0,0,0,0.129361741,0,0,0,0,0,0,0.003420067,0.62037251,0.004159542,0,0,0,4.62E-05,0.002957896,0.003327633,0.00402089,0.034986366,0,0,0,0,0,0.003789805,0,0
D160QSJ7.03,0,0,0.002285958,0.083300314,0,0,0,0.539455637,0,0,0,0,0,0,0.022493828,0.31552318,0.002438355,0.000121918,0,0,0,0.013959584,0,0.003139382,0.017281843,0,0,0,0,0,0,0,0
H160R1S7.03,0,0,0.108148575,0.009847394,0,0,0,0,0,0,0,0,0,0.000230348,0.053556003,0.733141376,0.008062194,0,0,0,0,5.76E-05,0,5.76E-05,0.086898935,0,0,0,0,0,0,0,0
J160PRF6.03,0,0,0.292846563,0.000261392,0,0,0,0,0,0,0,0,0,0,0.275943191,0.28530975,0,0,0,0,0,0,0,0,0.145595539,0,0,0,0,0,0,0,4.36E-05
D160R677.03,0,0,0.060720903,0.010021897,0,0,0,0.126200101,0,0,0,0,0,0,0.000294762,0.776486441,0.003073943,0,0,0,0,0.001305373,0.002526529,0.012548425,0.006695301,0,0,0,0,0,0.000126326,0,0
J160S6KK.03,0,0,0.404421617,0.021438142,0,0,0,0.048310258,0,0,0,0,0,0,0.076187286,0.391432187,0.011314575,3.72E-05,0,0,0,0.000483847,0,0,0.040345392,0,0,0,0,0,0.006029477,0,0
A160SHWX.03,0,0,0.170539164,0.000111976,0,0,0,0.076199541,0,0.000391915,0,0,0,0,0.032584962,0.626280723,0.009293992,5.60E-05,0,0,0,0.015116735,0,0.000895807,0.05615587,0,0,0,0,0,0.012373327,0,0
A160RJ4V.03,0,0,0,0,0,0,0,5.08E-05,0,0,0,0,0,0,0.019565991,0.194389389,0,0,0,0,0,0,0,0,0.7859938,0,0,0,0,0,0,0,0
A160R2B2.03,0,0,0.000163106,0,0,0,0,6.52E-05,0,0,0,0,0,0,0.211710977,0.281259175,0,3.26E-05,0,0,0,6.52E-05,0,0,0.506703637,0,0,0,0,0,0,0,0
H160Q0BT.03,0,0,0.188894588,0.001795332,0,0,0,0.079422074,0,0,0,0,0,0,0.037616483,0.685645892,0.005385996,0,0,0,0,0,0,0,0.001239634,0,0,0,0,0,0,0,0
F160R3X6.03,0,0,0.003627074,0,0,0,0,9.46E-05,0,0,0,0,0,0,0.33012679,0.481675393,0,0.001009273,0,0,0,3.15E-05,0,0,0.183435312,0,0,0,0,0,0,0,0
B160P4Q0.03,0,0,0.004737716,0,0,0,0,0.000146527,0,0,0,0,0,0,0.29012406,0.522125623,0,0.011868712,0,0,0,4.88E-05,0,0,0.170899678,0,0,0,0,0,0,0,4.88E-05
H160RLKZ.03,6.18E-05,0,0.351202622,0.057997898,0,0,0,0.117108762,0,0,0,0,0,0,0.001793112,0.455821431,0.001854943,0,0,0,0,0,0.000185494,6.18E-05,0.01366475,0,0,0.000247326,0,0,0,0,0
E160P61B.03,0,0,0.418646835,0,0,0,0,6.05E-05,0,0,0,0,0,0,0.249894189,0.299594897,6.05E-05,0,0,0,0,0.000120926,0,0.001209263,0.030292037,0,0,0,0,0,0,0,0.000120926
E160R7M5.03,3.45E-05,0,0.002520718,0,0,0,0,0,0,0,0,0,0,0,0.25894337,0.536222376,0,6.91E-05,0,0,0,0,0,0,0.202209945,0,0,0,0,0,0,0,0
J160R80G.03,0,0,0.222560644,0.001087784,0,0,0,0.355451612,0,0,0,0,0,0,0.069509409,0.339171108,0.000652671,0,0,0,0,7.25E-05,0,0,0.011494253,0,0,0,0,0,0,0,0
D160R5RN.03,0,0,0.0066957,0,0,0,0,0,0,0,0,0,0,0,0.081654872,0.816984213,0,0.001796407,0,0,0,0,0,0,0.092868808,0,0,0,0,0,0,0,0
H160QTS7.03,6.68E-05,0,0.026922306,0.003874674,0,0,0,0.002338166,0,0,0,0,0,0,0.06299686,0.813948828,0.016166745,0,0,0,0,0,0,0.00734852,0.066337097,0,0,0,0,0,0,0,0
E160Q0MY.03,0,0,0.087222724,0,0,0,0,0.016159791,0,0.008130081,0,0.000401485,0,0,0.151761518,0.040248921,0,0,0,0,0.108501455,0.377998595,0,0,0.202750176,0,0,0,0,0,0,0.004516712,0.002308542
D160QHRW.03,0,0,0.301067392,0.001203432,0,0,0,0,0,0,0,0,0,0,0.023336124,0.6023964,0.008633319,0,0,0,0,0,0,0,0.063363332,0,0,0,0,0,0,0,0
B160R737.03,0,0,0.208619472,0.001219434,0,0,0,0.277324947,0,0,0,0,0,0,0.200725242,0.297349336,6.42E-05,0.000320904,0,0,3.21E-05,0,0,0,0.014344394,0,0,0,0,0,0,0,0
J160RMG0.03,4.77E-05,0,0.195841877,0.006294407,0,0,0,0.271279386,0,0,0,0,0,0,0.011635115,0.420342378,0.00019074,0,0,0,4.77E-05,0.00019074,0,4.77E-05,0.093939249,0,0,0,0,0,0.000143055,0,0
B160QFTT.03,0.000102987,0,0.027960865,0.003759011,0,0,0,0.181977343,0,0,0,0,0,0,0.013027806,0.726776519,0.007209063,0,0,0,0,0,0.004325438,0.009217302,0.010762101,0,0,0,0,0,0.014881565,0,0
D160R96T.03,0.000458833,0,0.375528932,0.004690288,0,0,0,0.352434361,0,0,0,0,0,0,0.061126689,0.194697935,0.008768799,0,0,0,0,0,0,0.000152944,0.002141218,0,0,0,0,0,0,0,0
K160QV1Z.03,0,0,0.677662664,0.002340804,0,0,0,0.000130045,0,0,0,0,0,0,0.004551563,0.268195414,0.000173393,0,0,0,0,0,0,0,0.046946118,0,0,0,0,0,0,0,0
H160P6K3.03,0,0,0.008602571,4.89E-05,0,0,0,0.000488782,0,0,0,0,0,0,0.210078694,0.711520602,9.78E-05,0.000928687,0,0,0,0,0,4.89E-05,0.068185151,0,0,0,0,0,0,0,0
F160Q7YQ.03,4.65E-05,0,0.549276778,0,0,0,0,0,0,0,0,0,0,0,0.12855216,0.152365006,0.036742477,0,0,0,0,0,0,0,0.133017069,0,0,0,0,0,0,0,0
B160Q1XV.03,0,0,0.623424886,0.001452309,0,0,0,0.003203622,0,0,0,0,0,0,0.085899791,0.24838751,0,0,0,0,0,0,0,0.000982444,0.036649438,0,0,0,0,0,0,0,0
A160R34T.03,3.99E-05,0,0.000677993,0,0,0,0,0,0,0,0,0,0,0,0.197096594,0.18577012,0,0.001794688,0,0,7.98E-05,3.99E-05,0,0,0.614501077,0,0,0,0,0,0,0,0
D160QJW3.03,0,0,0.035509387,0.027463761,0,0,0,0.274433921,0,0,0,0,0,0,0.003123197,0.465458125,0.000101843,0,0,0,0,0.002036867,0,0.000237635,0.191635265,0,0,0,0,0,0,0,0
D160Q9SL.03,0.00025822,0,0.26523498,0.00154932,0,0,0,0.145377862,0,0,0,0,0,0,0.034515407,0.538474781,0,0,0,0,0,4.30E-05,0,0,0.014546394,0,0,0,0,0,0,0,0
K160QHJD.03,0,0,0.008271684,0.002854314,0,0,0,0.180287761,0,0,0,0,0,0,0.248907788,0.430535329,0.035242034,0.000349508,0,0,0,0.052018407,0,0.004194093,0.037339081,0,0,0,0,0,0,0,0
K160R055.03,0.000217136,0,0.021496504,0.0023885,0,0,0,0.319581361,0,0,0,0,0,0,0.025404959,0.60437747,0.002345073,0,0,0,0,0,0.000998827,0.001085682,0.022104486,0,0,0,0,0,0,0,0
E160Q8M9.03,5.13E-05,0,0.006520846,0.000872869,0,0,0,0.295697268,0,0,0,0,0,0,0.037533374,0.577120559,0.022283837,0.000410762,0,0,0,0.001180941,0,0.007188334,0.051139864,0,0,0,0,0,0,0,0
G160S96W.03,0.000170184,0,0.033242569,0.01316088,0,5.67E-05,0,0.041865214,0,0,0,0,0,0,0.006637168,0.88036079,0.002552757,0,0,0,0,0,0,0,0.012366689,0,0,0,0,0,0.009587021,0,0
E160R7QM.03,0,0,0.119640113,0,0,0,0,0,0,0,0,0,0,0,0.628215932,0.252094384,0,0,0,0,0,0,0,0,4.96E-05,0,0,0,0,0,0,0,0
E160P2XQ.03,0,0,0.057690327,0,0,0,0,0,0,0,0,0,0,0,0.942052127,5.15E-05,0,0,0,0,0.000154528,0,0,0,0,0,0,0,0,0,0,0,5.15E-05
J160P1F4.03,0,0,8.11E-05,0,0,0,0,0,0,0.000162186,0,0,0,0,0.999432348,0,0,0,0,0,0,0,0,0,0.000324373,0,0,0,0,0,0,0,0
F160QY4V.03,0.001012379,0,0.339745065,0.001334499,0,0,0,0,0,0,0,0,0,0,0.140490543,0.000598224,0,0,0,0,4.60E-05,9.20E-05,0,0,0.516681239,0,0,0,0,0,0,0,0
G160Q09X.03,3.56E-05,0,0.235015661,0.000925399,0,7.12E-05,0,0.021533314,0,0,0,0,0,0,0.091507688,0.546839408,0.009752278,0,0,0,0,0.00032033,0,0.000960991,0.093038155,0,0,0,0,0,0,0,0
B160PRG3.03,5.82E-05,0,0.272246132,0.001279516,0,0,0,5.82E-05,0,0,0,0,0,0,0.070315226,0.479236943,0,0.036815168,0,0,0.000290799,0,0,0,0.139699895,0,0,0,0,0,0,0,0
C160R9K4.03,0.000369853,0,0.025067806,0,0,0,0,0,0,0,0,0,0,0,0.467576231,0.231281335,0,0,0,0,0,0,0,0,0.275704775,0,0,0,0,0,0,0,0
E160PX75.03,6.04E-05,0,0.625944508,0.001269419,0,0,0,0.178020915,0,6.04E-05,0,0,0,0,0.039896029,0.042011727,0,0,0,0,0,0,0,0,0.112736505,0,0,0,0,0,0,0,0
K160RGBC.03,0,0,0.046433094,0,0.000295483,0,0,0.000802026,0,0,0,0.003503588,0,0,0.706585057,0.002363867,0,0,0,0,4.22E-05,0.000548755,0,0,0.239172647,0,0,0.000253271,0,0,0,0,0
B160PW46.03,0,0,0.000617347,0,0,0,0,0,0,0,0,0,0,0,0.997427719,0,0,0,0,0,0.000926021,0,0,0,0.000926021,0,0,0,0,0,0,0,0.000102891
D160R4RC.03,0,0,1.98E-05,0,0,0,0,0,0,0,0,0,0,0,0.999822075,3.95E-05,0,0,0,0,1.98E-05,9.88E-05,0,0,0,0,0,0,0,0,0,0,0
D160PMQN.03,0.000147037,0,0.021761506,0.021210116,0,0,0,0.177473901,0,0,0,0,0,0,0.055322747,0.691626231,0,0,0,0,7.35E-05,0.000477871,0,0.000330834,0.031576239,0,0,0,0,0,0,0,0
F160QMHR.03,0,0,0.099096494,0.01452837,0,0,0,0.204481388,0,0,0,0,0,0,0.002240694,0.630140947,0.006360679,0,0,0,0,0.000505963,0.001951572,0.015395735,0.012793639,0,0,0,0,0,0.012504518,0,0
B160QX2N.03,0,0,0.142230777,0.004705379,0,0,0,0.207678323,0,0,0,0,0,0,0.04421987,0.596299861,0,0,0,0,0,0.003689445,0,0.000427762,0.000748583,0,0,0,0,0,0,0,0
D160RHL3.03,0,0,0.492717731,0.060970576,0,0,0,0.123945987,0,0,0,0,0,0,0.005247951,0.301138039,0.003478979,0,0,0,0,0.000943452,0.001474144,0.001061383,0.009021758,0,0,0,0,0,0,0,0
K160R3NV.03,0.000242402,0,0.178589825,0.019634579,0,0,0,0.348816774,0,0,0,0,0,0,0.150107566,0.295912493,0.003363331,0,0,0,0,0,0,0,0.00333303,0,0,0,0,0,0,0,0
G160QYX6.03,0,0,0.343161634,0.003019538,0,0,0,0.312966252,0,0,0,0,0,0,0.029840142,0.301801573,0.000126871,0,0,0,0,2.54E-05,0,0,0.009058615,0,0,0,0,0,0,0,0
A160R2R8.03,0,0,0.167734029,0.002688172,0,3.95E-05,0,0.157179001,0,0,0,0,0,0,0.002688172,0.666389943,0.000158128,0,0,0,0,0,0,0,0.003123023,0,0,0,0,0,0,0,0
G160QN9S.03,0,0,0.213793499,0,0,0,0,0.103020558,0,0,0,0,0,0,0.208912369,0.466578615,0.000861376,0,0,0,0,0,0,0,0.006833582,0,0,0,0,0,0,0,0
A160QRCB.03,3.16E-05,0,0.014490461,0.001202265,0,0,0,0.20932072,0,0,0,0,0,0,0.019109691,0.707311671,0.005220363,0,0,0,3.16E-05,0,0.00329041,0.003258772,0.01736957,0,0,0,0,0,0.019362799,0,0
J160PYPB.03,0,0,0.011826409,0.009461127,0,0,0,0.344302756,0,0,0,0,0,0,0.00370218,0.593685726,0.001028383,0,0,0,0,0.006067462,0.00061703,0.00308515,0.026223776,0,0,0,0,0,0,0,0
B160R4CZ.03,0,0,0.021201413,0.006657988,0,0,0,0.173219267,0,0,0,0,0,0,0.319174261,0.47286591,3.72E-05,0,0,0,3.72E-05,0.006546401,0,0,0.000260368,0,0,0,0,0,0,0,0
B160S8L9.03,0,0,0.413815494,0.043004845,0,0,0,0.190899555,0,0,0,0,0,0,0.057339793,0.276259927,0,0,0,0,0,0.011188252,0,0,0.007492133,0,0,0,0,0,0,0,0
F160QQYT.03,0,0,0.221951714,0.000243457,0,8.12E-05,0,0.133130452,0,0,0,0,0,0,0.003530128,0.629052546,0,0,0,0,0,0,0.000892676,0.010346926,0.000770947,0,0,0,0,0,0,0,0
J160QXYH.03,0,0,0.025556723,0.007999187,0,0,0,0.257499237,0,0,0,0,0,0,0.032132326,0.668576077,3.39E-05,0,0,0,0,0,0,0.005321493,0.002881063,0,0,0,0,0,0,0,0
K160RHCC.03,0,0,0.012558953,0.000529914,0,0,0,0.460653913,0,0,0,0,0,0,0.05834349,0.444862487,0,0.014943564,0,0,0,0,0,0,0.008107678,0,0,0,0,0,0,0,0
K160QBKP.03,0,0,0.359200234,0.001973828,0,0,0,0.335404635,0,0,0,0,0,0,0.013195409,0.253673514,0.005263543,0,0,0,0,0,0,0,0.031288837,0,0,0,0,0,0,0,0
G160QNTX.03,0,0,0.749913948,0.00317436,0,0,0,0.080353387,0,0,0,0,0,0,0.009714308,0.118904654,0.00871993,0,0,0,0,0,0,0,0.029219413,0,0,0,0,0,0,0,0
E160QYBN.03,0.000124668,0,0.718957779,0.000664894,0,0,0,0.049700798,0,0,0,0,0,0,0.011261636,0.110663231,0.000831117,4.16E-05,0,0,0,4.16E-05,0,0,0.107712766,0,0,0,0,0,0,0,0
C160QD20.03,0,0,0.131116688,0.00476788,0,4.18E-05,0,0.226097867,0,0,0,0,0,0,0.001171058,0.633166039,0.000376412,0,0,0,0,0,0.001923881,0.000376412,0.000961941,0,0,0,0,0,0,0,0
H160PGYR.03,0,0,0.000166003,0,0,0,0,0,0.000132802,0,0,0,0.000132802,0,0.996115538,0,0,0,0,0,0.000166003,0.002390438,0,0,0.000896414,0,0,0,0,0,0,0,0
G160PY5D.03,0.000384714,0,0.098230315,0.006988972,0,0,0,0.450564247,0,0,0,0.000192357,0,0,0.057386509,0.345537317,0,0,0,0,0,0,0,0,0.040715568,0,0,0,0,0,0,0,0
C160R7PC.03,0,0,0.007027048,0,0,0,0,3.93E-05,0,0,0,0,0,0,0.062693833,0.084089035,0,0,0,0,0,0.000117772,0,0,0.846033055,0,0,0,0,0,0,0,0
E160T3M0.03,0,0,0.056542811,0.001174916,0,0,0,0.197826406,0,0,0,0,0,0,0.001542077,0.735497136,0.000367161,0,0,0,0,0,0,0,0.007049493,0,0,0,0,0,0,0,0
E160S9TP.03,8.83E-05,0,0.103894384,0.001412928,0,0,0,0.061020841,0,0,0,0,0,0,0.031261039,0.734192865,0.001677852,0,0,0,4.42E-05,0.043182621,0,0,0.023225009,0,0,0,0,0,0,0,0
K160R145.03,0,0,0.03987855,0.001221905,0,0,0,0.298107898,0,0,0,0,0,0,0.000370274,0.648979894,3.70E-05,0,0,0,0,0,0.002925168,0.007775762,0.000703521,0,0,0,0,0,0,0,0
J160QRJ5.03,0,0,0.000162001,0,0,0,0,0.99844479,0,0,0,0,0,0,0.000680404,6.48E-05,0,0,0,0,3.24E-05,0.000486003,0,0,0.000129601,0,0,0,0,0,0,0,0
A160PB7V.03,0,0,0.001904889,0,0,0,0,0.987133643,0,0,0,0,0,0,0.002406176,0.000601544,0,0,0,0,0.000100257,0.004043712,0,0,0.003809778,0,0,0,0,0,0,0,0
J160PQJC.03,0,0,0.430542226,0.001559501,0,0,0,0.106705854,0,0,0,0,0,0,0.140714971,0.027651152,0,0,0,0,0,0,0.000419866,0,0.29240643,0,0,0,0,0,0,0,0
F160R9MV.03,0,0,0.307792729,0.001338957,0,0,0,0.102764946,0,0,0,0,0,0,0.011046395,0.568621544,0,0,0,0,0,0,0,0,0.008435429,0,0,0,0,0,0,0,0
D160QZNF.03,7.82E-05,0,0.279093396,0.001641266,0,0,0,0.481711606,0,0,0,0,0,0,0.027471669,0.165924189,0,0,0,0,3.91E-05,0,0,7.82E-05,0.043962485,0,0,0,0,0,0,0,0
C160R50B.03,4.08E-05,0,0.330940241,0.007995105,0,0,0,0.179889863,0,0,0,0,0,0,0.047929839,0.226514379,0,0,0,0,0,0.015908627,0,0,0.190781154,0,0,0,0,0,0,0,0
F160RGPF.03,0.001015784,0,0.241170495,0.003047351,0,0,0,0.098452883,0,0,0,0,0,3.91E-05,0.082200344,0.510040631,0,0,0,0,0,0.008790436,0,0,0.055243007,0,0,0,0,0,0,0,0
F160P2W3.03,0,0,0.012817525,0,0,0,0,0,0,0,0,0,0,0,0.501806106,0.484852016,0,0,0,0,0,0.000116523,0,0,0.00040783,0,0,0,0,0,0,0,0
D160Q8LD.03,0,0,0.270196537,0,0,0,0,0.281665832,0,0,0,0,0,0,0.014086075,0.164022048,0.227325873,0,0,0,0,0,0,5.57E-05,0.042647959,0,0,0,0,0,0,0,0
J160QX58.03,0,0,0,0,0,0,0,3.80E-05,0,0,0,3.80E-05,0,0,0.194619652,0.099551638,0,0,0,0,0,0,0,0,0.705752717,0,0,0,0,0,0,0,0
J160QK9X.03,0,0,0.043971433,0,0,0,0,7.00E-05,0,0,0,0,0,0,0.919759137,0.022685898,0,0,0,0,0.000560146,0.004551183,0,0,0.007351911,0,0,0,0,0,0,0,0.001050273
G160QVBJ.03,0,0,0,2.82E-05,0,0,0,5.63E-05,0,0,0,2.82E-05,0,0,0.244008899,5.63E-05,0,0,0,0,0,8.45E-05,0,0,0.755737659,0,0,0,0,0,0,0,0
K160QS8K.03,2.79E-05,0,2.79E-05,0,0,0,0,0,0,0,0,0,0,0,0.165550346,5.58E-05,0,0,0,0,0,5.58E-05,0,0,0.834282206,0,0,0,0,0,0,0,0
J160QPL7.03,0,0,0.000231374,0,0,0,0,7.71E-05,0,0,0,0,0,0,0.400161962,7.71E-05,3.86E-05,0,0,0,0,3.86E-05,0,0,0.599375289,0,0,0,0,0,0,0,0
D160QYM8.03,2.81E-05,0,0.000224902,0,0,0,0,0,0,0,0,0,0,0,0.290039639,0,0,0,0,0,0,2.81E-05,0,0,0.709679233,0,0,0,0,0,0,0,0
J160QKKR.03,0,0,0.190232089,0,0,0,0,0,0,0,0,0,0,0,0.74950555,0.038506559,0,0,0,0,0,0,0,0,0.021755802,0,0,0,0,0,0,0,0
H160R5ZW.03,0,0,0.016266689,0,0,0,0,0,0,4.23E-05,0,0,0,0,0.980057462,0,0,0,0,0,8.45E-05,0.001732297,0,0,0.001816799,0,0,0,0,0,0,0,0
E160Q7FK.03,0,0,0.691871658,0,0,0,0,0.00013369,0,0,0,0,0,0,0.306925134,0.00026738,0,0,0,0,0.00013369,0.000320856,0,0,0.000347594,0,0,0,0,0,0,0,0
B160P19Y.03,0,0,0.000208609,0,0,0,0,0,0,0,0,0,0,0,0.999304638,0.000139072,6.95E-05,0,0,0,0,0,0,0,0.000278145,0,0,0,0,0,0,0,0
H160R5YZ.03,0,0,0.213458125,0,0,0,0,3.23E-05,0,0,0,0,0,0,0.78605777,9.68E-05,0,0,0,0,6.45E-05,0.000225916,0,0,6.45E-05,0,0,0,0,0,0,0,0
K160QK8Y.03,0,0,0.003751407,0,0,0,0,0.36701263,0,0,0,0,0,0,0.628673252,6.25E-05,0,0,0,0,6.25E-05,0,0,0,0.00018757,0,0,0,0,0,0,0,0.000250094
G160PSQM.03,0,0,0.013842697,0,0,0,0,0,0,0,0,0,0,0,0.985348315,0.000179775,0,0,0,0,0,0.000179775,0,0,0.000359551,0,0,0,0,0,0,0,8.99E-05
F160QZ1V.03,0,0,3.74E-05,0,0,0,0,3.74E-05,0,0,0,0,0,0,0.999813189,3.74E-05,0,0,0,0,0,0,0,0,7.47E-05,0,0,0,0,0,0,0,0
K160QM3J.03,0,0,0.001756158,0,0,0,0,0,0,0,0,0,0,0,0.340606752,8.78E-05,0,0,0,0,0,4.39E-05,0,0,0.657505378,0,0,0,0,0,0,0,0
B160R3W9.03,0,0,0.033531659,0,0,0,0,0,0,0,0,0,0,0,0.966101072,0,0,0,0,0,0,3.67E-05,0,0,0.000330542,0,0,0,0,0,0,0,0
B160V9X0.03,5.91E-05,0,0.112572374,0.009051164,0,0,0,0.153078105,0,0,0.001606995,0,0,0,0.002965851,0.695214463,0.000224507,0,0,0,0,0,0.008625783,0.00952381,0.007077868,0,0,0,0,0,0,0,0
C160SRHH.03,2.71E-05,0,0.088331235,0.053762131,0,0,0,0.103666707,0,0,0,0,0,0,0.013697703,0.702305058,0.000473735,0.000730905,0,0,0.000243635,0.00679471,0.00169191,0.008608438,0.019517873,0,0,0.000148888,0,0,0,0,0
H160TMKZ.03,0,0,0.051541691,0.006761113,0,0,0,0.11317788,0,0,0,0,0,0,0.027956414,0.788911775,4.72E-05,0.001603799,0,0,0,0.001053476,0.000361641,0.005581849,0.002987468,0,0,0,0,0,1.57E-05,0,0
C160SLF8.03,0,0,0.422958785,0.005414317,0,0,0,0.042273319,0,0,0,0,0,0,0.048277657,0.454663774,3.47E-05,0,0,0,0.001856833,0,0.006993492,0.01056833,0.006958785,0,0,0,0,0,0,0,0
J160WR7F.03,0,0,0.084888106,0.003309895,0,0,0,0.054835576,0,0,0,0,0,0,0.027533058,0.800072455,0.000247007,0,0,0,0,0.007097337,0.001449108,0.018393795,0.001976057,0,0,0,0,0,6.59E-05,0,0.000131737
J160TS0Q.03,3.78E-05,0,0.002946139,0.134603279,0,0,0,0.047704782,0,0,0,0,0,0,0.017022134,0.732593861,1.26E-05,2.52E-05,0,0,0,0.043361116,0,0.00414222,0.017538338,0,0,1.26E-05,0,0,0,0,0
H160S90K.03,0,0,0.072771997,0.000611144,0,0,0,0.000168065,0,0,0,0,0,0,0.030771111,0.628057631,0,0,0,0,0,0,0,1.53E-05,0.267604773,0,0,0,0,0,0,0,0
H160TF0K.03,0,0,0.097368619,0.003039828,0,0,0,2.82E-05,0,0,0,0,0,0,0.055290995,0.599213221,0,0,0,0,0,9.41E-06,0,0,0.245049691,0,0,0,0,0,0,0,0
A160T6WZ.03,1.26E-05,0,0.012186227,0.027252377,0,0,0,0.112958398,0,0,0,0,0,0,0.108217214,0.560893405,0,0,0,0,0,0.067546154,0,0.02358016,0.087353489,0,0,0,0,0,0,0,0
J160TPZ4.03,6.76E-05,0,0.144550116,0.003016816,0,0,0,0.120550873,0,0,0,0,0,0,0.005763065,0.664308229,0.000175868,0,0,0,0,0.014028869,0.010335638,0.002651551,0.034551333,0,0,0,0,0,0,0,0
C160V2J2.03,3.46E-05,0,0.139187802,0.001903048,0,0,0,0.35157953,0,0,0,0,0,0,0.018972815,0.470906428,0.000103803,0,0,0,0,0,0,0,0.017311973,0,0,0,0,0,0,0,0
B160TK8J.03,5.83E-05,0,0.000641138,0.060281518,0,0,0,0.000743137,0,0,0,0,0,0,0.046948767,0.804919275,0,5.83E-05,0,0,0,0.02309553,0,0,0.063254065,0,0,0,0,0,0,0,0
A160TQW2.03,2.36E-05,0,0.235898887,0.1673505,0,0,0,0.000624882,0,0,0,0,0,1.18E-05,0.009385022,0.490815412,0.000106112,0,0,0,0,0,0,4.72E-05,0.095724863,0,1.18E-05,0,0,0,0,0,0
D160S815.03,0,0,0.098498596,0.000811022,0,0,0,0.480053933,0,0,0,0,0,0,0.003619185,0.413154773,0.000212893,0,0,0,0,0,0,0,0.003629322,0,0,2.03E-05,0,0,0,0,0
C160TQV5.03,1.43E-05,0,0.160230309,0.003757519,0,0,0,0.223108025,0,0,0,0,0,0,0.031746032,0.541697027,0.000828654,0,0,0,0,0,0,0,0.038618148,0,0,0,0,0,0,0,0
J160T21M.03,3.53E-05,0,0.144876138,0.00531089,0,0,0,0.218081728,0,0,0,0,0,0,0.056231915,0.538693627,0.000635189,0,0,0,0,0,0,0.016691368,0.018614581,0,0,0,0,0,0.000829275,0,0
K160SS7Y.03,3.34E-05,0,0.155476027,0,0,0,0,0.000434804,0,0,0,0,0,0,0.031272472,0.627556566,0,0,0,0,0,0,0,1.67E-05,0.18520996,0,0,0,0,0,0,0,0
K160TF1G.03,0,0,0.368810797,0.002161657,0,0,0,1.46E-05,0,0,0,0,0,0,0.041684924,0.525720796,0,0,0,0,0,0,0,0,0.061607221,0,0,0,0,0,0,0,0
A160SVQ8.03,4.05E-05,0,0.022585938,0.01008771,0,0,0,0.082423481,0,0,0,0,0,0,0.01231592,0.699090486,0,0,0,0,0,0.001235643,0,0.007575911,0.164644398,0,0,0,0,0,0,0,0
K160SWRQ.03,7.34E-05,0,0.05380738,0.004404424,0,0,0,0.020492806,0,0,0,0,0,0,0.016492121,0.835274542,0.002642654,0.001663894,0,0,0,1.22E-05,0,7.34E-05,0.064010962,0,0,1.22E-05,0,0,0.001039933,0,0
A160TDKQ.03,0,0,0.050298109,0.008300018,0,0,0,0.230505333,0,0,0,0,0,0,0.073925494,0.531090484,0,9.68E-05,0,0,0,0.033573573,0,0.038595084,0.033615073,0,0,0,0,0,0,0,0
B160W5P3.03,7.18E-05,0,0.171131308,0.004077972,0,0,0,0,0,0,0,0,0,0,0.008765845,0.727337957,0.000490313,3.59E-05,0,0,0,0,0,3.59E-05,0.088053097,0,0,0,0,0,0,0,0
F160RV0F.03,0,0,0.089870897,0,0,0,0,2.57E-05,0,0,0,0,0,0,0.02809429,0.746997238,0,0,0,0,0,0,0,0,0.135011883,0,0,0,0,0,0,0,0
C160SRG7.03,1.44E-05,0,0.188339258,0.026870655,0,0,0,0.196586117,0,1.44E-05,0,0,0,0,0.013946259,0.518587815,0.000187102,4.32E-05,0,0,0,0.026611592,0.002921662,0.010189836,0.015687742,0,0,0,0,0,0,0,0
D160T7X0.03,2.66E-05,0,0.040678912,0.011195665,0,0,0,0.140377439,0,0,0,0,0,0,0.001195267,0.737187405,0.000517949,0.000411703,0,0,0,0,0.000863248,0.026827098,0.040692192,0,0,0,0,0,2.66E-05,0,0
B160T0HW.03,0,0,0.02942503,0.02630392,0,0,0,0.173212578,0,0,0,0,0,0,0.033736853,0.607299428,0,1.80E-05,0,0,0,0.025726605,0,0.006278302,0.097999242,0,0,0,0,0,0,0,0
D160V2JZ.03,0,0,0.200049438,0.04114987,0,0,0,0.000567083,0,0,0,0,0,0,0.00222471,0.721765809,0.000116325,0,0,0,0,0,0,0.000101784,0.034024981,0,0,0,0,0,0,0,0
F160T6JN.03,0,0,0.124585938,0,0,0,0,0.000839366,0,0,0,0,0,0,0.016307688,0.800500622,0.001079185,0,0,0,0,0,0,0.000179864,0.050137146,0,0,0,0,0,0.006370191,0,0
F160SX0V.03,0,0,0.073512921,0.106720526,0,0,0,0.250828279,0,0,0,0,0,0,0.055265304,0.455642489,0.00115959,0,0,0,0,0,0,0.01075488,0.032685152,0,0,0,0,0,0.013430858,0,0
D160TCFT.03,0,0,0.076504775,0.067073378,0,0,0,0.147469667,0,0,0,0,0,0,0.000169935,0.602012031,8.50E-05,0,0,0,0,0.001733338,8.50E-05,1.70E-05,0.104849947,0,0,0,0,0,0,0,0
B160VKL1.03,4.72E-05,0,0.3018343,0.001013816,0,0,0,0.010939784,0,0,0,0,0,0,0.016763333,0.6559155,0.001178856,0,0,0,0,0,0,0.002098364,0.010208893,0,0,0,0,0,0,0,0
D160VKLY.03,0,0,0.332323615,0.003218478,0,0,0,0.072778619,0,0,0,0,0,0,0.015603307,0.546888805,0.002050991,0,0,0,0,0,0,0,0.027136186,0,0,0,0,0,0,0,0
C160W5XV.03,0,0,0.136876164,0.035548147,0,0,0,0.122179734,0,0,0,0,0,0,0.178274559,0.509744964,3.27E-05,7.63E-05,0,0,0,0,0,0.000119837,0.017147651,0,0,0,0,0,0,0,0
H160T7QM.03,0,0,0.104502545,0.017209899,0,0,0,0.225735856,0,0,0,0,0,0,0.033163695,0.457493234,0.000233091,0,0,0,0,0,0,0.002861842,0.154863188,0,0,0,0,0,0.003936651,0,0
B160TQ93.03,1.45E-05,0,0.153809303,0.025608269,0,1.45E-05,0,0.088728878,0,0,0,0,0,1.45E-05,0.005385866,0.624629812,0.001567853,0,0,0,0.000725858,2.90E-05,0.004587422,2.90E-05,0.09479705,0,0,0,0,0,5.81E-05,0,0
D160S2JL.03,1.50E-05,0,0.281617901,0,0,0,0,0.186400516,0,0,0,0,0,1.50E-05,0.021551013,0.498957693,0,0,0,0,0,0,0,0.005503982,0.005938901,0,0,0,0,0,0,0,0
B160TJ94.03,1.35E-05,0,0.16553592,0.003588598,0,0,0,0.11608098,0,0,0,0,0,0,0.017699235,0.665285395,0.000121877,0,0,0,0,0.007150112,0,0.005213623,0.019310718,0,0,0,0,0,0,0,0
H160SY68.03,0.000167983,0,0.056628777,0.03669485,0,0,0,0.254381544,0,0,0,0,0,0,0.004031581,0.617354462,0.000503948,0,0,0,0,0.025141385,0.002295761,3.73E-05,0.002706385,0,0,1.87E-05,0,0,3.73E-05,0,0
K160S7JK.03,0,0,0.033724585,0.00036903,0,0,0,0.321722775,0,0,0,0,0,0,0.001452312,0.554080758,0,0.013939812,0,0,0,0,0,0.068199133,0.00649969,0,1.19E-05,0,0,0,0,0,0
B160W0VW.03,5.23E-05,0,0.026811509,0.01921644,0,0,0,0.183366668,0,0,0,1.31E-05,0,0,0.012575657,0.45328575,0.001856282,0.004640705,0,0,0,0.009856596,0,0.001398748,0.286873995,0,0,5.23E-05,0,0,0,0,0
A160V3W0.03,0,0,0.237189542,0.004100335,0,0,0,0.107510282,0,0,0,0,0,0,0.088626511,0.508083341,0.005137769,0,0,0,0,0.013820104,0,0.023243464,0.012288654,0,0,0,0,0,0,0,0
C160VX7N.03,0,0,0.151012724,0.009778021,0,0,0,0.128754062,0,0,0,0,0,0,0.294069418,0.380963226,0.000136649,0.000227749,0,0,0,0,0,6.07E-05,0.034997419,0,0,0,0,0,0,0,0
E160T4R9.03,6.48E-05,0.000375589,0.291275967,0.066414547,0,0,0,0.320818008,0,0,0,0,0,0,0.005038077,0.307296793,6.48E-05,9.07E-05,0,0,0,0.006656996,0.001113817,1.30E-05,0.000777081,0,0,0,0,0,0,0,0
H160V646.03,0.000171659,0,0.432053656,0.006915409,0,0,0,0.059222384,0,0,0,0,0,0,0.023455988,0.393700112,0.000588545,0,0,0,0.003224739,0.03130326,0.005456307,0.001054477,0.042534669,0,0,0,0,0,0.000318795,0,0
G160S450.03,0,0,0.228479556,0,0,0,0,0.066990564,0,0,0,0,0,0,0.021946548,0.494596827,0,0,0,0,0,0,0,3.51E-05,0.187951363,0,0,0,0,0,0,0,0
D160THHV.03,1.72E-05,0,0.111034791,0.021636844,0,1.72E-05,0,0.20381564,0,0,0,0,0,0,0.001906103,0.599684033,0.001047498,0,0,0,0.000120205,3.43E-05,0.001734382,0.000240409,0.057234605,0,0,0,0,0,0.0014768,0,0
G160W0FY.03,1.02E-05,0,0.219511695,0.023082758,0,0,0,0.268485681,0,0,0,0,0,1.02E-05,0.005350444,0.429921486,0.000358746,0,0,0,0,0,0,1.02E-05,0.053258441,0,0,0,0,0,0,0,0
F160T83V.03,0,1.26E-05,0.111960443,0.026955776,0,0,0,0.406657585,0,0,0,0,0,0,0.004591438,0.439188678,1.26E-05,0.000239663,0,0,0,0.008451273,0.000895583,0.00049194,0.000542395,0,0,0,0,0,0,0,0
J160TCGS.03,1.04E-05,0,0.11365082,0.01368106,0,0,0,0.136591622,0,0,0,0,0,0,0.004807141,0.538483196,0.00172056,0,0,0,0,0.005411944,0,0.086038436,0.099604793,0,0,0,0,0,0,0,0
D160TL7H.03,0,2.55E-05,0.159519354,0.046078843,0,0,0,0.12412011,0,0,0,0,0,0,0.017846005,0.563396596,0.00049643,0.000114561,0,0,0,0.036646682,0,0.045162358,0.006300836,0,0,0,0,0,0.000292766,0,0
K160SLMX.03,0,0,0.001244728,0.003566983,0,0,0,0.000102179,0,0,0,0,0,0,0.20016906,0.34592305,0.007542683,0,0,0,0,0,0,9.29E-06,0.441442027,0,0,0,0,0,0,0,0
J160TL8R.03,0,2.66E-05,0.269863414,0.012449511,0,1.33E-05,0,0.026001807,0,0,0,0,0,0,0.060227997,0.624162946,0.000558036,0.000146152,0,0,0,0.000730761,0,0.002962904,0.002816752,0,0,2.66E-05,0,0,1.33E-05,0,0
C160VT79.03,0,0,0.019543402,0.030034385,0,0,0,0.29504573,0,0,0.001052607,0,0,0,0.003251386,0.614383289,0.000537999,0,0,0,0.000467825,0.004233819,0.001508737,0.02734439,0.00249117,0,0,2.34E-05,0,0,8.19E-05,0,0
E160TQS7.03,0.000104238,0,0.099621765,0.000565864,0,0,0,0.063823451,0,0,0,0,0,0,0.033222146,0.679870149,0.000580755,0,0,0,0,0.012553236,0,0.005435268,0.104208238,0,0,1.49E-05,0,0,0,0,0
J160VTDP.03,0,0,0.054560794,0.001599174,0,0,0,0.370781706,0,0,0,0,0,0,0.013951848,0.411252141,0,0.007895134,0,0,0,0.008877304,0,0.13037675,0.000705148,0,0,0,0,0,0,0,0
K160SLTY.03,0,0,0.046541496,0,0,0,0,0,0,0,0,0,0,0,0.081365054,0.814494526,0,0,0,0,0,0,0,0,0.05757446,0,0,1.22E-05,0,0,0,0,1.22E-05
J160TX8N.03,2.42E-05,0,0.016427204,0,0,0,0,0.090955346,0,0,0,0,0,0,0.110572691,0.625461359,0.000912622,0,0,0,0,0.003755482,0,0.00080763,0.151067284,0,0,1.62E-05,0,0,0,0,0
H160X7TT.03,2.24E-05,0,0.082030375,0.069004525,0,0,0,0.234241297,0,0,0,0,0,0,0.00417768,0.590912146,0.000772815,4.48E-05,0,0,0,0,0.002520048,0,0.016273912,0,0,0,0,0,0,0,0
F160V6YF.03,1.96E-05,0,0.174626866,0.025569521,0,0,0,0.171013354,0,0,0,0,0,0,0.001099764,0.591516104,0.000451689,1.96E-05,0,0,0.003672427,0.015062844,0.002062058,0,0.012234878,0,0,0,0,0,0.002651218,0,0
D160VZLD.03,1.05E-05,0,0.247033091,0.00384076,0,0,0,0.095432949,0,0,0,0,0,0,0.044885614,0.570033698,0.000146514,3.14E-05,0,0,0,0.023651548,0,0.009638529,0.005274504,0,0,2.09E-05,0,0,0,0,0
E160SV7Z.03,3.47E-05,0,0.105003295,0,0,0,0,0,0,0,0,0,0,0,0.024918192,0.499774522,0,0,0,0,0,0,0,0,0.370269301,0,0,0,0,0,0,0,0
H160WH8Y.03,0,0,0.018158579,0.022709242,0,0,0,0.162909339,0,0,0,0,0,0,0.024670545,0.604114329,0.000473798,0.033441315,0,0,0,0,0.003261492,0.000253427,0.130007933,0,0,0,0,0,0,0,0
C160X7VQ.03,1.34E-05,0,0.058090285,0.021592859,0,0,0,0.182339695,0,0,0,0,0,0,0.0023724,0.72242923,0.000187647,0.00727804,0,0,0,0,0,0.003739545,0.001956895,0,0,0,0,0,0,0,0
A160WXGK.03,0,0,0.109556075,0.020878707,0,0,0,0.156220591,0,0,0,0,0,0,0.004409669,0.689750208,0.0004571,0.004261784,0,0,1.34E-05,2.69E-05,0,0.008053024,0.006359065,0,0,0,0,0,1.34E-05,0,0
J160T88C.03,2.82E-05,0,0.084806949,0.027413487,0,1.41E-05,0,0.249330175,0,0,0,0,0,0,0.004230476,0.518938432,0.000690978,0,0,0,0,0,0.010759512,0,0.101221198,0,0,0,0,0,0.002566489,0,0
B160WXFN.03,0,0,0.125270765,0.059859475,0,0,0,0.229116989,0,0,0,0,0,0,0.002985238,0.569151938,0.001064856,0.002766806,0,0,0,9.10E-06,0.001419808,0,0.008355025,0,0,0,0,0,0,0,0
J160SS9R.03,0.000112229,0,0.153161793,0,0,0,0,1.02E-05,0,0,0,0,0,0,0.024251638,0.68293305,0,0,0,0,0,0,0,0,0.139531087,0,0,0,0,0,0,0,0
F160WH81.03,3.69E-05,0,0.244489939,0.055902912,0,0,0,0.130526199,0,0,0,0,0,0,0.003412088,0.558936904,0.000184437,0,0,0,0,0,0,3.69E-05,0.006473745,0,0,0,0,0,0,0,0
G160VVYB.03,3.45E-05,0,0.173908043,0.014950434,0,1.15E-05,0,0.111254226,0,0,0,0,0,0,0.010028291,0.648319801,0.000310509,0.00033351,0,0,0,0.030763392,0,0.001679049,0.008395243,0,0,1.15E-05,0,0,0,0,0
G160SKJY.03,0,0,0.16362153,0,0,0,0,0.05253666,0,0,0,0,0,0,0.010123022,0.762329047,0,0,0,0,0,0,0,1.07E-05,0.011379007,0,0,0,0,0,0,0,0
G160S7QY.03,0,0,0.02754471,0.000245139,0,0,0,2.23E-05,0,0,0,0,0,1.11E-05,0.141500919,0.43211321,0,0,0,0,0,0,0,0,0.398562594,0,0,0,0,0,0,0,0
E160VJ7Z.03,3.51E-05,0,0.118507082,0.031463092,0,0,0,0.225715522,0,0,0,0,0,0,0.010936056,0.578558312,0.000456156,0,0,0,0.003789607,0.017216978,0.003228183,0,0.009614372,0,0,0,0,0,0.000479549,0,0
F160TQN9.03,0,0,0.097398581,0.029161361,0,0,0,0.104402401,0,0,0,0,0,0,0.000363835,0.735655812,9.10E-05,0,0,0,0,0.00125523,0,0.028433691,0,0,0.00323813,0,0,0,0,0,0
G160TC8J.03,1.01E-05,2.03E-05,0.111347475,0.032172451,0,0,0,0.246905326,0,0,0,0.000101299,0,0,0.000688831,0.539435564,0.000131688,0,0,0,0,0.003515063,0.00148909,0.000293766,0.063889058,0,0,0,0,0,0,0,0
F160VH80.03,2.04E-05,0,0.019637031,0.001284666,0,0,0,0.399806281,0,0,0,0,0,0,0.018026101,0.524357667,1.02E-05,0,0,0,0.000101958,0.000479201,0.000978793,0.034798124,0.000499592,0,0,0,0,0,0,0,0
C160WX6J.03,0,0,0.019794112,0.010270303,0,0,0,0.522376738,0,0,0,0,0,0,0.081247366,0.356799711,0,0.000108362,0,0,0,0.001252182,4.82E-05,0.006465595,0.001637469,0,0,0,0,0,0,0,0
J160WJ8L.03,0,0,0.019254081,0.055879203,0,0,0,0.263566713,0,0,0,0,0,0,0.01174546,0.613918017,0,0.005496122,0,0,3.53E-05,0.000564912,0,0.015723381,0.013734421,0,0,0,0,0,0,0,8.24E-05
K160W4K8.03,0,0,0.029787565,0.010835372,0,0,0,0.178608878,0,0,0,0,0,0,0.14062682,0.630781778,3.88E-05,0,0,0,0,0.006058488,0,0.002446697,0.000699056,0,0,0,0,0,0.000116509,0,0
H160TQ4P.03,1.58E-05,0,0.042660333,0.017292162,0,1.58E-05,0,0.091813143,0,0,0,0,0,0,0.045922407,0.772209026,0.000380048,1.58E-05,0,0,0,0.007315914,0,0.008329375,0.014030087,0,0,0,0,0,0,0,0
H160W61G.03,0,0,0.119781051,0.030458939,0,0,0,0.131714774,0,0,0,0,0,0,0.005933986,0.635676244,3.29E-05,0,0,0,0,0.014859623,0.002202643,0.055246893,0.004092971,0,0,0,0,0,0,0,0
D160WDS9.03,0,0,0.099386836,0.008537721,0,0,0,0.066167339,0,0,0,0,0,0,0.010594536,0.800217324,0,0,0,0,0,0.003647935,0.001474697,0.007722757,0.002250854,0,0,0,0,0,0,0,0
F160T1V2.03,0,0,0.0145107,0.012487573,0,0,0,0.210387708,0,0,0,0,0,0,0.012295725,0.651167658,0.000418578,0,0,0,0,0.012505014,3.49E-05,0.071681462,0.014388615,0,0,0,0,0,0.000122085,0,0
H160T8LY.03,0,0,0.016848287,0.006486981,0,0,0,0.178464562,0,0,0,0,0,0,0.007190389,0.686972444,0.000156313,0,0,0,0.001150016,0.007246215,0.00111652,0.085771069,0.008452057,0,0.000145148,0,0,0,0,0,0
K160SRTH.03,1.63E-05,0.000325807,0.248248786,0.077330336,0,0,0,0.092268595,0,0,0,0,0,0,0.008845665,0.555224318,0,1.63E-05,0,0,0,0.004447268,0.001466132,0.010947121,0.000863389,0,0,0,0,0,0,0,0
J160WMYG.03,0,0,0.018128477,0.021629626,0,1.38E-05,0,0.247059312,0,0,0,0,0,0,0.00207578,0.619827849,0.000152224,0.000304448,0,0,0.00037364,0.047078686,0.005549251,0,0.037806869,0,0,0,0,0,0,0,0
D160WN1K.03,4.16E-05,1.39E-05,0.117354936,0.061826354,0,0,0,0.166960285,0,0,0,0,0,0,0.016021862,0.580019143,0.000221948,0,0,0,8.32E-05,0.017644856,0.010598011,0,0.029213888,0,0,0,0,0,0,0,0
G160RYHP.03,0,0,0.029843112,0,0,0,0,0.105607258,0,0,0,0,0,0,0.359273714,0.281030054,0,0,0,0,3.34E-05,0,0,0,0.224212504,0,0,0,0,0,0,0,0
E160ST39.03,0,0,0.032966042,0.000157732,0,0,0,0.000123932,0,0.000146466,0,1.13E-05,0,0,0.959598008,0.002918047,0,0,0,0,0,1.13E-05,1.13E-05,1.13E-05,0.004044706,0,0,0,0,0,0,0,0
K160TQT4.03,0,0,0.18458612,0.001713213,0,0,0,0.308290188,0,0,0,0,0,0,0.325447514,0.115276571,0.001927365,0,0,0,0,0.005681317,0,0,0.057077712,0,0,0,0,0,0,0,0
D160WDW0.03,0,0,0.09172011,0.001486869,0,0,0,0.044731468,0,0,0,0,0,0,0.226953531,0.574038909,3.58E-05,0.000107485,0,0,0,1.79E-05,0,3.58E-05,0.060872058,0,0,0,0,0,0,0,0
C160WGZS.03,0,0,0.087752301,0.014540648,0,0,0,0.176148593,0,0,0,0,0,0,0.232836782,0.467469961,0.000169471,6.78E-05,0,0,0,0.008270205,0,0.008880302,0.003863948,0,0,0,0,0,0,0,0
B160W5Q0.03,2.25E-05,0,0.194487914,0.004874863,0,0,0,0.036578364,0,0,0,0,0,0,0.004908639,0.7483985,0.000371525,6.76E-05,0,0,0,0,0,0.003118562,0.007171566,0,0,0,0,0,0,0,0
G160TJZK.03,5.17E-05,0,0.010464305,0.002971346,0,0.000193783,0,0.196651422,0,0,0,0,0,0,0.00537426,0.639188177,0.001395241,7.75E-05,0,0,0,0.029054595,0,0.03296902,0.081608661,0,0,0,0,0,0,0,0
A160T4HL.03,4.22E-05,0,0.194405025,0.001629877,0,0,0,0.013966363,0,0,0,0,0,0,0.009371795,0.748661674,0.00021076,0,0,0,0,4.22E-05,0,1.41E-05,0.031656152,0,0,0,0,0,0,0,0
K160SS48.03,0,0,0.024157752,0.012661459,0,0,0,0.453171468,0,0,0,0,0,0,0.094633583,0.349837987,2.22E-05,0.004327755,0,0,0,0.001331617,1.11E-05,0.049391895,0.010453194,0,0,0,0,0,0,0,0
F160T16M.03,2.05E-05,0,0.793079038,7.18E-05,0,0,0,0.012085522,0,0,0,0,0,0,0.043150854,0.049173096,0.000913083,0,0,0,0,0,0,3.08E-05,0.101465036,0,1.03E-05,0,0,0,0,0,0
D160TBGH.03,2.99E-05,0,0.019249154,0.007379008,0,0,0,0.07483569,0,0,0,0,0,0,0.019637522,0.830282812,0.000278829,0,0,0,0,0.018731328,0,0.002668791,0.026906991,0,0,0,0,0,0,0,0
F160QH0G.03,0,0,0.129853764,0.001916564,0,0,0,0.004603254,0,0,0,0,0,0,0.003229279,0.841108982,0,0,0,0,8.75E-06,0,0.000446323,0,0.018833084,0,0,0,0,0,0,0,0
K160SWK2.03,0,0,0.070172302,2.23E-05,0,0,0,0.000849219,0,0,0,0,0,0,0.049388786,0.226897893,0,1.12E-05,0,0,0,1.12E-05,0,0.000178783,0.652468322,0,0,0,0,0,0,0,0
H160SR9G.03,7.85E-05,0,0.055386354,0.000926246,0,0,0,9.42E-05,0,0,0,0,0,0,0.007033188,0.49540017,0,0,0,0,0,0,0,3.14E-05,0.441049954,0,0,0,0,0,0,0,0
K160TGYL.03,4.02E-05,0,0.484047402,0.00099201,0,0,0,0.079602123,0,0,0,0,0,0,0.022521315,0.3585581,5.36E-05,0,0,0,0,1.34E-05,0,0.021636549,0.032535257,0,0,0,0,0,0,0,0
H160STTC.03,0,0,0.084453071,1.66E-05,0,0,0,0.000447895,0,0,0,0,0,0,0.01058359,0.726784115,0,0,0,0,0,0,0,3.32E-05,0.177681563,0,0,0,0,0,0,0,0
K160SP56.03,0,0,0.343004245,0.004082739,0,0,0,0.055369885,0,0,0,0,0,1.81E-05,0.004895673,0.539246681,0.001354891,0.002782043,0,0,0,0.020973715,0,0.011724325,0.016511607,0,0,3.61E-05,0,0,0,0,0
G160T53V.03,0,0,0.289587758,0.010990214,0,0,0,0.23346542,0,0,0,0,0,0,0.002167393,0.383913129,0.000207982,0,0,0,0,0.001773321,0.000240821,0.021060928,0.056593034,0,0,0,0,0,0,0,0
E160SWGC.03,0,0,0.124612591,1.21E-05,0,0,0,9.69E-05,0,0,0,0,0,1.21E-05,0.017154964,0.747312349,0,0,0,0,0,0,0,0,0.110799031,0,0,0,0,0,0,0,0
D160S0S4.03,0,0,0.000495403,0,0,0,0,0.003400263,0,0,0,0,0,0,0.086860574,0.018044661,0,0,0,0,0,7.51E-06,0,7.51E-06,0.891184087,0,0,0,0,0,0,0,0
J160RPPL.03,0,0,0.055912634,1.92E-05,0,0,0,0.057019148,0,0,0,0,0,0,0.219224478,0.140325219,0,0,0,0,0,0,0,0,0.527499278,0,0,0,0,0,0,0,0
D160RBPT.03,0,0,0.000986377,0,0,0,0,1.86E-05,0,0,0,0,0,0,0.061564803,0.000725824,0,1.86E-05,0,0,0,0,0,0,0.936667163,0,0,0,0,0,0,0,1.86E-05
G160RXJK.03,0,0,0.011139321,0,0,0,0,2.52E-05,0,0,0,0,0,0,0.08543229,0.092847295,0,0,0,0,0,0,0,0,0.810555873,0,0,0,0,0,0,0,0
A160SXLP.03,2.45E-05,0,0.101097342,6.12E-05,0,0,0,0.000489339,0,0,0,0,0,1.22E-05,0.090539863,0.635809794,0,0,0,0,0,7.34E-05,1.22E-05,0,0.171880161,0,0,0,0,0,0,0,0
H160TY2M.03,2.55E-05,0,0.012525216,0.00040857,0,0,0,0.048211231,0,0,0,0,0,0,0.047674983,0.803720538,0.000306427,0.007252113,0,0,0,6.38E-05,0,0.005796583,0.073925589,0,0,2.55E-05,0,0,6.38E-05,0,0
E160SYWX.03,0,0,0.102042093,5.21E-05,0,0,0,0.000406542,0,0,0,0,0,0,0.095214269,0.739979777,0,0,0,0,0,0,0,0,0.062305199,0,0,0,0,0,0,0,0
F160VBPJ.03,2.11E-05,0,0.054101775,0.015753693,0,2.11E-05,0,0.047419672,0,0,0,0,0,0,0.003235322,0.865586111,0.000253751,0,0,0,0,0.010668105,0.001120732,0.000380626,0.001215889,0,0,0.000126875,0,0,9.52E-05,0,0
D160X7ZS.03,1.12E-05,0,0.050629089,0.03638092,0,0,0,0.12362579,0,0,0,0,0,0,0.048269306,0.688933624,0.000391433,0.010266734,0,0,0,8.95E-05,0,0.020287424,0.021081474,0,0,0,0,0,3.36E-05,0,0
F160SPVZ.03,0,0,0.26505891,1.23E-05,0,0,0,0.00041728,0,0,0,0,0,0,0.366605302,0.059536082,0,0,0,0,0,1.23E-05,0,1.23E-05,0.308345606,0,0,0,0,0,0,0,0
H160SX8G.03,0,0,0.642732469,0.002672688,0,0,0,0.007887158,0,0,0,0,0,0,0.021697866,0.244316446,0.000141816,0,0,0,0,3.27E-05,1.09E-05,0,0.08050792,0,0,0,0,0,0,0,0
J160SS64.03,0,0,0.090488675,7.88E-05,0,0,0,0.000213788,0,0,0,0,0,3.38E-05,0.013884982,0.764191599,0,0,0,0,0,0,0,0,0.131097184,0,0,0,0,0,1.13E-05,0,0
H160STR9.03,0,0,0.041083472,0,0,0,0,0,0,0,0,0,0,2.42E-05,0.014854836,0.830831339,0,0,0,0,0,0,0,0,0.113206179,0,0,0,0,0,0,0,0
F160SR8K.03,0,0,0.08925011,0,0,0,0,0,0,0,0,0,0,0,0.062687979,0.538271772,0,0,0,0,0,0,0,0,0.309773242,0,0,0,0,0,0,0,1.69E-05
G160SXKS.03,0,0,0.142497928,0,0,0,0,1.43E-05,0,0,0,0,0,1.43E-05,0.02623082,0.655127582,0,0,0,0,0,0,0,0,0.176115096,0,0,0,0,0,0,0,0
D160T62Q.03,0,0,0.28987432,0.001733514,0,0,0,0.086312228,0,0,0,0,0,0,0.16851435,0.437614461,0,0,0,0,0,0,0,0,0.015867246,0,0,8.39E-05,0,0,0,0,0
J160RC1C.03,0,0,0.091261681,0,0,0,0,0,0,0,0,0,0,0,0.448343181,0.441028711,0,0,0,0,0,0,0,0,0.019366426,0,0,0,0,0,0,0,0
K160W1WM.03,2.41E-05,0,0.246525097,0.004753861,0,0,0,0.184869691,0,0,0,0,0,0,0.005333012,0.468291506,0.000723938,0,0,0,0,0.015033784,0.000989382,0,0.04601834,0,0.027437259,0,0,0,0,0,0
H160SSLP.03,0,0,0.275875899,0.006992791,0,0,0,0.058029884,0,0,0,0,0,0,0.000627295,0.644930741,0.000493609,0,0,0,0,0,0,0.00207727,0.010972512,0,0,0,0,0,0,0,0
G160WX57.03,4.97E-05,0.000434907,0.408812456,0.073312872,0,0,0,0.038607304,0,0,0,0,0,0,0.006113548,0.456552804,3.73E-05,0,0,0,0,0.01330815,0,0.000484611,0.002236664,0,0,2.49E-05,0,0,0,0,2.49E-05
K160SYYQ.03,0,0,0.111780097,5.63E-05,0,0,0,0.00011254,0,0,0,0,0,0,0.041850716,0.631995048,0,0,0,0,0,0,0,0,0.214205329,0,0,0,0,0,0,0,0
E160VFYX.03,2.69E-05,1.35E-05,0.175282442,0.025436624,0,0,0,0.351036182,0,0,0,0,0,0,0.004080094,0.398071718,0.000175054,0.000269313,0,0,0,0,0,0.024655616,0.02095256,0,0,0,0,0,0,0,0
B160SKWS.03,0,0,0.000807718,0.000246803,0,0,0,0.001155486,0,0,0,0,0,0,0.992910029,0.004655598,0,2.24E-05,0,0,0,3.37E-05,1.12E-05,0,0.000157056,0,0,0,0,0,0,0,0
G160T0LS.03,0.00013423,0,0.356944389,5.37E-05,0,0,0,1.34E-05,0,0,0,0,0,0,0.058685351,0.358944415,0,0,0,0,0,1.34E-05,0,1.34E-05,0.225197654,0,0,0,0,0,0,0,0
B160T22J.03,4.11E-05,0,0.345098039,0,0,0,0,0.015799199,0,0,0,0,0,0,0.25402936,0.130859255,0.010840776,0,0,0,0,0.010686788,0,0,0.232645519,0,0,0,0,0,0,0,0
K160T0PN.03,8.58E-05,0,0.311209515,3.43E-05,0,0,0,0.000429089,0,0,0,0,0,0,0.149425879,0.440176441,0,0,0,0,0,0,0,6.87E-05,0.098570276,0,0,0,0,0,0,0,0
E160S5Q5.03,0,0,0.037312097,0,0,0,0,0.039280601,0,0,0,0,0,0,0.515837509,0.150053686,0,0,0,0,0,0,0,0,0.257516106,0,0,0,0,0,0,0,0
J160SKQ7.03,0,0,0.004728042,0,0,0,0,6.67E-05,0,0,0,0,0,0,0.994185271,0.000238309,0,0,0,0,0,0,0,0,0.000591005,0,0,0.000190647,0,0,0,0,0
C160S87T.03,0,0,0.021249607,2.33E-05,0,0,0,0.000477127,0,0,0,0,0,0,0.977993972,0.000151284,0,0,0,0,0,0,0,0,0.000104735,0,0,0,0,0,0,0,0
A160SZ0L.03,0,0,0.026179724,3.27E-05,0,0,0,0.000163623,0,0,0,0,0,0,0.64564653,0.001178088,0,0,0,0,0,0,0,0,0.326799311,0,0,0,0,0,0,0,0
D160RWCP.03,0,0,0.001115611,0,0,0,0,0.000106976,0,0,0,0,0,0,0.084893406,0.000168106,0,0,0,0,0,4.58E-05,0,0,0.913670054,0,0,0,0,0,0,0,0
C160S3QG.03,0,0,0.082459246,0.010121593,0,6.68E-05,0,0.112039017,0,0,0,0,0,0,0.000668092,0.761758418,0.000300641,0,0,0,0,0.005127606,0.003256948,0,0.02339992,0,0,0,0,0,0.00080171,0,0
A160R6PN.03,0,0,0.12145078,0.008649126,0,0,0,0.218911283,0,0,0,0,0,0,0.002036017,0.614103758,0,0,0,0,0,0.003267097,0,0.031455673,0.000126265,0,0,0,0,0,0,0,0
A160SBCP.03,0,0,0.086984972,0.062863848,0,9.03E-05,0,0.217879868,0,0,0,0,0,0,0.000609233,0.605149149,0.000112821,0,0,0,0,0.002933345,0.001173338,0.010199016,0.00952209,0,0,0,0,0,0.002482061,0,0
A160RSFM.03,0,0,0.270823519,0.033231981,0,2.14E-05,0,0.080296347,0,0,0,0,0,0,0.037621515,0.531283457,0.001584515,0,0,0,0.004111173,0.004068348,0,0.000278361,0.036529485,0,0,0,0,0,0.000149887,0,0
G160RPX1.03,0,0,0.011635506,0.003231076,0,0,0,0,0,0,0,0,0,1.82E-05,0.129606099,0.499364676,0,0,0,0,0,1.82E-05,0,7.26E-05,0.35605373,0,0,0,0,0,0,0,0
C160RSVH.03,0,0,0.128590314,0.000736089,0,0,0,0,0,0,0,0,0,0,0.168218964,0.480801586,0,1.50E-05,0,0,0,0.000105156,0,0.000330489,0.22120238,0,0,0,0,0,0,0,0
B160S0Q8.03,6.98E-05,0,0.048558766,0.003611809,0,0,0,0.000174484,0,0,0,0,0,0,0.038159548,0.619713149,0,0.033169319,0,0,0,0.000191932,0,0.001012004,0.255339196,0,0,0,0,0,0,0,0
G160SB0G.03,0,0,0.000723038,0,0,0,0,0,0,0,0,0,0,0,0.030215389,0.837050004,0,0,0,0,0,0,0,0,0.132011569,0,0,0,0,0,0,0,0
H160TYZ2.03,2.22E-05,0,0.091133553,0.011277694,0,0,0,0.196703443,0,0,0,0,0,0,0.022266216,0.592045556,0.000667319,0,0,0,0,0.00638402,0.005138358,0,0.074361598,0,0,0,0,0,0,0,0
G160SBM1.03,0,0,0.016042022,0,0,0,0,0,0,0,0,0,0,0,0.045388172,0.833089965,0,0,0,0,0,0,0,0,0.105479841,0,0,0,0,0,0,0,0
D160V0SJ.03,0,0,0.008730435,0.028597985,0,0,0,0.010157845,0,0,0,0,0,0,0.045677107,0.832163189,0.003817491,0,0,0,0,0.049710369,0,0.001244834,0.019900745,0,0,0,0,0,0,0,0
J160SQ7G.03,4.02E-05,0,0.114905585,0.02032945,0,0,0,0.02717959,0,0,0,0,0,0,0.011771796,0.692105263,0.002611491,0.009642427,0,0,0,2.01E-05,0,4.02E-05,0.121353957,0,0,0,0,0,0,0,0
A160S7N7.03,0,0,0.011946669,0,0,0,0,7.36E-05,0,0,0,0,0,0,0.040648113,0.506936182,0,0,0,0,0,0,0,0,0.440395442,0,0,0,0,0,0,0,0
J160R98M.03,1.41E-05,0,0.158293506,0.00223503,0,0,0,1.41E-05,0,0,0,0,0,0,0.079505201,0.637995502,8.43E-05,0,0,0,0,0,0,2.81E-05,0.121830194,0,0,0,0,0,0,0,0
D160TYKK.03,1.71E-05,0,0.353617436,0.022941509,0,1.71E-05,0,0.090927754,0,0,0,0,0,0,0.004909928,0.520948454,0.000393479,0,0,0,0,0,0,0.000342155,0.00588507,0,0,0,0,0,0,0,0
K160SL0Y.03,0,0,0.021350576,0.003309339,0,0,0,0.173381931,0,0,0,0,0,0,0.013054352,0.649865796,0,0,0,0,0,0.008418227,0,0,0.130619777,0,0,0,0,0,0,0,0
B160W0P2.03,0,0,0.152292256,0.023202754,0,0,0,0.059094305,0,0,0,0,0,0,0.015450712,0.710545979,0.00124086,0,0,0,0,0.006431126,0,0,0.031368415,0,0,8.01E-05,0,0,0.000293537,0,0
A160SN7K.03,0,0,0.062500925,0.03356778,0,2.96E-05,0,0.24406604,0,0,0,0,0,0,0.017191086,0.626164211,0,1.48E-05,0,0,0,0,0,0.013311616,0.002102613,0,0,0,0,0,0.001051307,0,0
C160S2LD.03,0,0,0.343012287,0.007040633,0,0,0,0.063227647,0,0,0,0,0,0,0.029819152,0.491946988,0.001334499,0.000713267,0,0,0,0,0,0,0.062905527,0,0,0,0,0,0,0,0
J160RNZJ.03,0,4.66E-05,0.453866965,0.011272818,0,0,0,0.247193457,0,0,0,0,0,0,0.007510029,0.265183319,0,1.55E-05,0,0,0,0,0.000404267,0.000621949,0.013853904,0,0,0,0,0,3.11E-05,0,0
D160QKFQ.03,0,0,0.139518875,0.00293959,0,0,0,0.159035517,0,0,0.00018605,0,0,0,0.000800015,0.61824406,0.000167445,0,0,0,0.00107909,0.032484325,0,0,0.045545033,0,0,0,0,0,0,0,0
A160SDQ1.03,0,0,0.399305102,0.032722171,0,0,0,0.203885554,0,0,0,0,0,0,0.004567402,0.345377137,0.000179434,0,0,0,0,0,0.00114185,0.001174475,0.011646875,0,0,0,0,0,0,0,0
D160TYJN.03,0,0,0.406433524,0.117891107,0,0,0,0,0,0,0,0,0,3.79E-05,0.013469481,0.421797446,0.000132611,0.00128822,0,0,0,0,0,0,0.038949722,0,0,0,0,0,0,0,0
G160VXQV.03,0.000484135,0,0.140715775,0.040257709,0,0.000223447,0,0.266144049,0,0,0,0,0,1.86E-05,0.002662744,0.391479219,0.000391032,0.000446894,0,0,0.000744823,0.038730821,0.017093699,1.86E-05,0.10025324,0,0,0,0,0,0.000335171,0,0
G160RCNR.03,0,0,0.013151099,1.99E-05,0,0,0,0.147939926,0,0,0,0,0,1.99E-05,0.017899003,0.566609718,0,0.001450197,0,0,0,0.000715165,0,0.000437046,0.251738249,0,0,0,1.99E-05,0,0,0,0
C160T47T.03,0,0,0.067940495,0.002533283,0,1.35E-05,0,0.098488115,0,0,0,0,0,0,0.002021236,0.800220989,0.001131892,0.000592896,0,0,0,0,0.000269498,0.0112246,0.013757883,0,0,0,0,0,0.001805638,0,0
K160WBCN.03,0,0,0.316240878,0.03038388,0,0,0,0.037462081,0,0,0,0,0,0,0.219911553,0.378775142,0.001827419,0,0,0,0,0,4.87E-05,0,0.015313768,0,0,3.65E-05,0,0,0,0,0
D160S11V.03,0,0,0.013184805,0.00052217,0,0,0,0.034223924,0,0,0,0,0,0,0.129237196,0.294264827,2.18E-05,0.002958966,0,0,0,0.023824029,0,0.0078108,0.493951525,0,0,0,0,0,0,0,0
H160RYFW.03,0,0,0.104258417,0.006552777,0,0,0,0.257405171,0,0,0,0,0,0,0.054482171,0.564941753,0,7.10E-05,0,0,0,0,0.000514988,0.005061088,0.006712601,0,0,0,0,0,0,0,0
E160VB8G.03,0,0,0.232633349,0.130136691,0,0,0,0.000172481,0,0,0,0,0,0,0.034668621,0.573304299,0.000776163,0,0,0,0,0,0,0,0.028308395,0,0,0,0,0,0,0,0
D160S6CH.03,0,0,0.061580332,0,0,0,0,1.02E-05,0,0,0,0,0,2.03E-05,0.092340032,0.593005189,0,0,0,0,0,0,0,0,0.253043982,0,0,0,0,0,0,0,0
J160SFH6.03,1.89E-05,0,0.077327682,0.002308289,0,0,0,0.133559117,0,0,0,0,0,0,0.001929881,0.603295934,0,0.061604828,0,0,0,0,0,0.108905833,0.011049515,0,0,0,0,0,0,0,0
G160W7ZJ.03,0,0,0.128242546,0.02221593,0,0.000108902,0,0.082046479,0,0,0,0,0,0,0.011521791,0.73959445,0.000392046,0,0,0,0,0.005292619,0,0.000762311,0.009822926,0,0,0,0,0,0,0,0
F160RFRC.03,0,0,0.005303678,3.42E-05,0,0,0,0.174131737,0,0,0,0,0,1.71E-05,0.048434559,0.238443114,0,0.000239521,0,0,0,0,0,0,0.533396065,0,0,0,0,0,0,0,0
E160TYHR.03,0,0,0.208004186,0.039598947,0,0,0,0.02607859,0,0,0,0,0,1.69E-05,0.027074472,0.662429951,0.000624536,0,0,0,0,0,0,3.38E-05,0.036138681,0,0,0,0,0,0,0,0
A160VK4K.03,0,0,0.250337801,0.11433899,0,0,0,1.35E-05,0,0,0,0,0,0,0.005512918,0.613866069,5.40E-05,0,0,0,0,0,0,0,0.015876662,0,0,0,0,0,0,0,0
F160T3L1.03,2.73E-05,0,0.140139757,0.001558932,0,0,0,0.180466859,0,0,0,0,0,0,0.01446798,0.62558289,0.000191448,0,0,0,0,0,0,0,0.037564785,0,0,0,0,0,0,0,0
B160VK3L.03,1.72E-05,0,0.199372544,0.086792388,0,0,0,0.062866304,0,0,0,0,0,0,0.006050472,0.617820451,0,0,0,0,0,0,0.004930014,0,0.022133352,0,0,0,0,0,0,0,1.72E-05
H160S1W0.03,1.98E-05,0,0.238580589,0.000811431,0,0,0,0.145127454,0,0,0,0,0,0,0.048725459,0.528202185,0.001484326,0,0,0,0,1.98E-05,0,0,0.037028974,0,0,0,0,0,0,0,0
H160QX1C.03,0,0,0.232175169,0,0,0,0,1.40E-05,0,0,0,0,0,1.40E-05,0.034071622,0.422241237,0,0,0,0,0,0,0,0.002047944,0.309435974,0,0,0,0,0,0,0,0
J160VB7K.03,0,0,0.112968255,0.011353315,0,0,0,0.152677167,0,0,0,0,0,0,0.080647305,0.596918544,0,0,0,0,0,0,0,0,0.045435413,0,0,0,0,0,0,0,0
A160W21B.03,0,0,0.120144383,0.018665021,0,0,0,0.129476893,0,0,0,0,0,0,0.016233706,0.566533879,0.000149619,1.87E-05,0,0,1.87E-05,0.001196955,0,0,0.147562139,0,0,0,0,0,0,0,0
J160W5M9.03,0,0,0.088271159,0.031941559,0,0,0,0.188081474,0,0,0,0,0,2.26E-05,0.017003884,0.487015626,0.000575829,0.000180652,0,0,0,0,0.008084184,0,0.178823051,0,0,0,0,0,0,0,0
J160X7YH.03,0,0,0.092629715,0.068073235,0,0,0,0.19090575,0,0,0,0,0,1.67E-05,0.03598276,0.551150981,0.001052421,0.003173967,0,0,0,0,0.001135946,6.68E-05,0.053289232,0,0,0,0,0,0.002522468,0,0
J160S01G.03,0,0,0.052759861,0.020791844,0,4.46E-05,0,0.310510359,0,0,0,0,0,0,0.001040335,0.561320334,0.000312101,0,0,0,0,0,0,0.001144369,0.052076212,0,0,0,0,0,0,0,0
F160QZY1.03,0,0,0.323675398,0.006393033,0,0,0,0.082249077,0,0,0,2.65E-05,0,0,0.164259904,0.261333404,0,0,0,0,0,0,0,0,0.162062713,0,0,0,0,0,0,0,0
D160S4CQ.03,0,0,0.001333834,5.93E-05,0,0,0,0.000503893,0,0,0,0,0,9.88E-06,0.096055804,0.152610362,0,0,0,0,0,0,0,0,0.749426945,0,0,0,0,0,0,0,0
K160SQ2Z.03,0,0,0.089479573,1.51E-05,0,0,0,1.51E-05,0,0,0,0,0,1.51E-05,0.00464181,0.511476005,0,0,0,0,0,0,0,0,0.394357253,0,0,0,0,0,0,0,0
F160R9L1.03,0,0,0.009555959,0,0,0,0,0.093707262,0,0,0,0,0,3.46E-05,0.081346836,0.506413918,0,0.000155804,0,0,3.46E-05,0.003670042,0,0.001056003,0.303990306,0,0,0,3.46E-05,0,0,0,0
D160R7N2.03,0,0,0.003650171,0.000955414,0,0,0,0.13788584,0,0,0,0,0,2.45E-05,0.063657521,0.329066634,0,0,0,0,0,0.001310632,0,3.67E-05,0.463412543,0,0,0,0,0,0,0,0
C160SNXR.03,3.59E-05,0,0.116791728,1.20E-05,0,0,0,0,0,0,0,0,0,0,0.007647291,0.343254467,0,0,0,0,0,0,0,0,0.532258644,0,0,0,0,0,0,0,0
B160QPTT.03,0,0,0.176762698,0.002901408,0,0,0,0.257983521,0,0,0,0,0,0,0.124146781,0.300388714,0,0,0,0,0,0,0,0,0.137816877,0,0,0,0,0,0,0,0
C160QPMC.03,0,0,0.000494896,0,0,0,0,0,0,0,0,0,0,0,0.40303124,0.065326322,0,0,0,0,0,0,0,0,0.531147541,0,0,0,0,0,0,0,0
G160RQ40.03,0,0,0.006733129,1.19E-05,0,0,0,2.37E-05,0,0,0,0,0,0,0.059566851,0.348024514,0,0,0,0,0,0,0,0,0.585639944,0,0,0,0,0,0,0,0
E160R5X5.03,0,0,0.167301069,0.100386684,0,0,0,0.34849858,0,0,0,0,0,0,0.060177633,0.309271343,0,0,0,0,0,0,0,0,0.014364691,0,0,0,0,0,0,0,0
E160SF8W.03,0.000360479,0,0.000410546,2.00E-05,0,0,0,6.01E-05,0,0,0,0,0,0,0.001682237,0.716603082,0,1.00E-05,0,0,0,0,0,0,0.280853535,0,0,0,0,0,0,0,0
H160RP0F.03,0,0,0.018230791,8.51E-05,0,0,0,0.058378225,0,0,0,0,0,0,0.008335696,0.570768358,0,0.02869294,0,0,0,0.005301956,0,0.000198469,0.310008506,0,0,0,0,0,0,0,0
G160VLCQ.03,0,0,0.015243733,0.00799186,0,5.55E-05,0,0.152696328,0,0,0,0,0,0,0.057274998,0.748700398,0.000110998,0,0,0,0,0.013504764,0,0.001831468,0.002589955,0,0,0,0,0,0,0,0
H160SQ1K.03,0,0,0.030519745,0,0,0,0,9.41E-05,0,0,0,0,0,3.14E-05,0.103353094,0.50328827,0,0,0,0,0,0,0,0,0.362713424,0,0,0,0,0,0,0,0
J160S33V.03,0,0,7.56E-05,0,0,0,0,0,0,0,0,0,0,0,0.0006235,0.151510571,0,0,0,0,0,1.89E-05,0,0,0.847771459,0,0,0,0,0,0,0,0
D160W5N6.03,0,0,0.142121773,0.024644092,0,0,0,0.166444141,0,0,0,0,0,0,0.003329848,0.537762406,0.000530845,0,0,0,0,0,0,0.000160862,0.125006032,0,0,0,0,0,0,0,0
K160S1MC.03,0,0,0.002311184,0,0,0,0,1.83E-05,0,0,0,0,0,0,0.242701885,0.276388316,0,0,0,0,2.75E-05,0,9.17E-06,0,0.478222589,0,0,0,0,0,0,0,0.000320998
F160SFBP.03,0,0,0.000486322,0,0,0,0,0,0,0,0,0,0,0,0.009118541,0.393998342,0,0,0,0,1.11E-05,0,0,0,0.596385742,0,0,0,0,0,0,0,0
J160PNW9.03,0,0,0.563732197,0.045127285,0,0,0,0.037770551,0,0,0,0,0,0,0.143299316,0.198429965,0,6.73E-05,0,0,0,0.000201862,0,6.73E-05,0.010990243,0,0,0.000314007,0,0,0,0,0
G160RF9T.03,1.39E-05,0,0.106513154,0.018271317,0,0,0,0.167792981,0,0,0,0,0,0,0.119444908,0.555481395,8.34E-05,0,0,0,0,0,0,0,0.03239891,0,0,0,0,0,0,0,0
E160TB6Z.03,0,0,0.056478456,0.012527233,0,6.05E-05,0,0.073650448,0,0,0,0,0,0,0.003888284,0.815253571,0.000378238,0.001089325,0,0,0,0.02370794,0.000272331,0.001043936,0.011589204,0,0,3.03E-05,0,0,0,0,3.03E-05
K160W2ZG.03,0.001240851,0,0.113492906,0.025824087,0,3.60E-05,0,0.262359056,0,0,0,0,0,0,0.001870268,0.446058949,0.001438668,8.99E-05,0,0,0.017857464,0.073426008,0.008991674,3.60E-05,0.04727822,0,0,0,0,0,0,0,0
J160QV5K.03,0,0,0.033322679,1.60E-05,0,0,0,0.000159821,0,0,0,0,0,6.39E-05,0.002605082,0.617324596,0,0,0,0,0,0,0,0.001038837,0.345469075,0,0,0,0,0,0,0,0
B160W3YV.03,0,0,0.008034128,0.002341605,0,0,0,0.111979868,0,0,0,0,0,0,0.004023793,0.846382624,0.000363353,0,0,0,2.69E-05,0.004225655,0.003081768,0,0.019540292,0,0,0,0,0,0,0,0
J160T9P3.03,0,0,0.77006182,2.97E-05,0,0,0,0.005082328,0,0,0,0,0,0,0.076977947,0.020730547,0.000193188,0,0,0,2.97E-05,0.000133745,0,0,0.126760982,0,0,0,0,0,0,0,0
K160S6VV.03,0,0,0.020519875,0,0,0,0,0.000567239,0,0,0,0,0,0,0.942907384,0.000907583,0,0,0,0,0,0,0,0,0.035083739,0,0,0,0,0,0,0,1.42E-05
J160SD5W.03,0,0,0.01010929,0,0,0,0,0,0,0,0,0,0,0,0.186338798,0.748076047,0,0,0,0,0,0,0,0,0.055475865,0,0,0,0,0,0,0,0
K160VLW5.03,0,0,0.692488775,0.00191756,0,0,0,0.020376029,0,0,0,0,0,0,0.01808431,0.133761537,0.000420928,0,0,0,0,0.028030681,0,0.001060115,0.103813295,0,0,4.68E-05,0,0,0,0,0
A160SCZQ.03,0,0,0.012701936,0.00012332,0,1.37E-05,0,0.307340267,0,0,0,0,0,0,0.090420794,0.371069182,0,0,0,0,0,5.48E-05,0,0.000849536,0.214686014,0,0,0,0,0,0.002740439,0,0
C160T4BL.03,1.48E-05,0,0.026123333,0.008945128,0,0,0,0.274510095,0,0,0,0,0,0,0.004895343,0.564447939,0.000178012,0,0,0,0,0.0085446,1.48E-05,0.103914791,0.008322084,0,0,0,0,0,8.90E-05,0,0
F160VY6S.03,0,0,0.14373137,0.002428095,0,1.97E-05,0,0.030222871,0,0,0,0,0,0,0.023905877,0.782537458,0.000592218,0,0,0,0,0.001342361,0,0.005665555,0.007659356,0,0.001895098,0,0,0,0,0,0
A160VM99.03,0,0,0.04199862,0.028877318,0,0,0,0.403550593,0,0,0,0,0,0,0.006618154,0.489157937,0.000595948,0,0,0,0,0.01614286,0,0.010821153,0.002237417,0,0,0,0,0,0,0,0
G160W4DC.03,0,0,0.125158366,0.0130212,0,1.41E-05,0,0.271164729,0,0,0,0,0,0,0.006179791,0.575776345,7.04E-05,0.000183001,0,0,0,0.004223092,0,0.003744475,0.00046454,0,0,0,0,0,0,0,0
E160V9PB.03,0,0,0.024889987,0.019602386,0,0,0,0.239542205,0,0,0,0,0,0,0.001391474,0.685266032,0.000208721,0,0,0,0,0.01448872,0,0.004713617,0.009844677,0,0,0,0,0,5.22E-05,0,0
E160SJJ2.03,0,0,0.047952615,0.007888766,0,0,0,0.482863701,0,0,0,0,0,0,0.000567252,0.43624347,0.000145111,0.001068545,0,0,0,0.004801857,0.000171495,0.013759168,0.004538019,0,0,0,0,0,0,0,0
F160S6YR.03,0,0,0.108721504,0.055811985,0,0.000322496,0,0.190050995,0,0,0,0,0,0,0.041642311,0.573660129,0.000725616,2.02E-05,0,0,0,4.03E-05,0,0.000322496,0.028681999,0,0,0,0,0,0,0,0
K160TZKQ.03,1.81E-05,0,0.161278032,0.028031788,0,9.07E-05,0,0.22369185,0,0,0,0,0,0,0.001959504,0.54209304,0.000399158,0,0,0,0.001397053,0,0.004408883,0,0.036631831,0,0,0,0,0,0,0,0
D160WJ79.03,0,0,0.028914699,0.015234627,0,6.66E-05,0,0.3860179,0,0,0,0,0,0,0.017988407,0.537275978,8.88E-05,0.000155455,0,0,2.22E-05,0.003864176,0,0.004441582,0.005929512,0,0,0,0,0,0,0,0
F160W4SQ.03,0,0,0.055315938,0.007268155,0,0,0,0.067274442,0,0,0,0.000176045,0,0,0.034831814,0.790216913,0.000138321,0.005784345,0,0,0,0.005721471,0,0.029223515,0.004049041,0,0,0,0,0,0,0,0
A160V0CZ.03,0,0,0.176101836,0.268555833,0,0,0,0.179364166,0,0,0,0,0,0,0.006482015,0.308641975,8.53E-05,0,0,0,0,0.006311435,0.000298514,0.048209983,0.004349773,0,0.001599181,0,0,0,0,0,0
G160SLS2.03,0,0,0.102322832,0.011821842,0,0,0,0.234999041,0,0,0,0,0,0,0.009776983,0.560578951,3.20E-05,0.000143779,0,0,0.000319509,0.025289156,0.000159755,0.016358873,0.038197329,0,0,0,0,0,0,0,0
E160S5R2.03,0,1.37E-05,0.251610609,0.020886621,0,0,0,0.075708873,0,0,0,0,0,0,0.098551478,0.467083396,0.00038299,0,0,0,0,0,0.002065409,0.009492675,0.07390335,0,0,0,0,0,0,0,0.000300921
J160SQMK.03,0,0,0.037284382,0.002114236,0,0,0,0.253188133,0,0,0,0,0,0,0.000218135,0.664407007,5.03E-05,0.01391033,0,0,0,0.004715082,0.001090677,0.018843547,0.004178133,0,0,0,0,0,0,0,0
D160W638.03,0,0,0.422194039,0.024904883,0,0,0,0.068912492,0,0,0,0,0,0,0.031230184,0.423065948,0.000507292,0,0,0,0,0.007133798,0,0.00060241,0.021306278,0,0,0.000142676,0,0,0,0,0
D160V7D4.03,0,0,0.210149986,0.017854499,0,0.000253855,0,0.336633454,0,0,0,0,0,0,0.003850141,0.411605424,0.000465402,0,0,0,0,0.015273635,0.000253855,0.002009689,0.00165006,0,0,0,0,0,0,0,0
H160VQWN.03,0,0,0.029667669,0.008652056,0,1.22E-05,0,0.151672609,0,0,0,0,0,0,0.135926111,0.546113876,0.007569028,0,0,0,0,0,0,0,0.120386483,0,0,0,0,0,0,0,0
C160RS7M.03,0,0,0.000552593,0.000142334,0,0,0,0.000125589,0,0,0,0,0,8.37E-06,0.009913176,0.002243861,0,0,0,0,0,0,8.37E-06,6.70E-05,0.986938721,0,0,0,0,0,0,0,0
J160WCJF.03,0.000716016,0,0.157628725,0.013056755,0,0.000105296,0,0.238685901,0,0,0,0,0,2.11E-05,0.001410972,0.512267032,0.001031905,0.001410972,0,0,0.009560914,0.038580604,0.005012109,2.11E-05,0.020490681,0,0,0,0,0,0,0,0
C160V1LW.03,0,0,0.441264695,0.011165313,0,0,0,0.070673252,0,0,0,0,0,0,0.134195855,0.25801418,0.001939159,0,0,0,4.54E-05,0.012195491,1.51E-05,0.000333293,0.070158163,0,0,0,0,0,0,0,0
G160R60V.03,0,0,0,0,0,0,0,0,0,0,0,0,0,0,0,0,0,0,0,0,0,0,0,0,1,0,0,0,0,0,0,0,0
F160R2CL.03,0,0,0.000179278,1.49E-05,0,0,0,0.423395832,0,0,0,0,0,0,0.000418316,0.011466348,0,0,0,0,0,0,0,0,0.564525286,0,0,0,0,0,0,0,0
F160T69S.03,0,0,0.527494204,0,0,0,0,8.07E-05,0,0,0,0,0,0,0.02252829,0.266244478,0,0,0,0,0,0,0,0,0.183652282,0,0,0,0,0,0,0,0
B160SMPK.03,1.01E-05,0,0.079523063,0,0,0,0,0,0,0,0,0,0,0,0.010375196,0.058109141,0,0,0,0,0,0,0,0,0.851982547,0,0,0,0,0,0,0,0
C160RCMV.03,1.96E-05,0,0.239700008,0,0,0,0,3.92E-05,0,0,0,0,0,0,0.220568654,0.395766429,0,0,0,0,0,0,0,0,0.143906164,0,0,0,0,0,0,0,0
H160QRK4.03,8.68E-05,0,0.139383104,0,0,0.00015622,0,0.215254031,0,0,0,0,0,0,0.112166079,0.066584506,0.003159119,0,0,0,0,0.000729027,0,0,0.462481123,0,0,0,0,0,0,0,0
C160R7SL.03,0,0,0.029901945,0,0,0,0,0,0,0,0,0,0,0,0.065471855,0.258066559,0,0,0,0,0,0,0,0,0.64655964,0,0,0,0,0,0,0,0
C160R9GC.03,1.17E-05,0,0.263402339,0,0,0,0,2.33E-05,0,0,0,0,0,0,0.089667888,0.058545522,0,0,0,0,0,0,0,0,0.588349243,0,0,0,0,0,0,0,0
G160R5Y2.03,0,0,0.001442455,1.02E-05,0,0,0,0.176501279,0,0,0,0,0,1.02E-05,0.037258312,0.106506394,0,0,0,0,0,0,0,0,0.6782711,0,0,0,0,0,0,0,0
H160T6BP.03,0,0,0.373034254,0,0,0,0,0.000469674,0,0,0,0,0,0,0.01371771,0.482095716,0,0,0,0,0,0,0,3.24E-05,0.130650255,0,0,0,0,0,0,0,0
K160SNGS.03,0,0,0.036238046,0,0,0,0,3.47E-05,0,0,0,0,0,0,0.219805967,8.68E-05,0,0,0,0,0,0,0,0,0.743834499,0,0,0,0,0,0,0,0
H160R330.03,0,0,0.01794176,1.41E-05,0,0,0,0.424696635,0,0,0,0,0,0,0.059941788,0.142521689,0,0,0,0,0,0,0,0,0.354884068,0,0,0,0,0,0,0,0
G160R3Z0.03,0,0,8.16E-05,0,0,0,0,0.266469618,0,0,0,0,0,0,0.008150942,0.247266397,0,0,0,0,0,0,0,0.000117867,0.47768691,0,0,0,0.000226667,0,0,0,0
F160TXS5.03,0,0,0.073258865,0.014993628,0,3.00E-05,0,0.215878252,0,0,0,0,0,0,0.002354,0.664967389,7.50E-05,0.007616763,0,0,0,0.005142814,0,0.01359922,0.002084114,0,0,0,0,0,0,0,0
F160V7FY.03,0,0,0.126309723,0.001833613,0,0,0,0.072907935,0,0,0,0,0,0,0.007002654,0.777678821,0.000192093,0,0,0,0,0.005588153,0,0.003143336,0.005343671,0,0,0,0,0,0,0,0
D160R0ZK.03,5.02E-05,8.37E-05,0.697840281,0.02462749,0,0,0,0.00726603,0,0,0,0,0,0,0.005709024,0.242926503,0,0,0,0,3.35E-05,0,0.003147497,0.000217646,0.018098108,0,0,0,0,0,0,0,0
J160V014.03,0,0,0.046728691,0.001640924,0,0,0,0.159545961,0,0,0,0,0,0,0.012239183,0.753138831,1.51E-05,0,0,0,0,0.01070364,0,0.006367988,0.009619727,0,0,0,0,0,0,0,0
A160QT1J.03,0,0,0.579559664,0.025109414,0,0,0,0.000200965,0,0,0,0,0,0,0.003248928,0.369294837,0,0,0,0,0,0,0.002199446,4.47E-05,0.020342086,0,0,0,0,0,0,0,0
K160QS16.03,0,0,0.009955661,0,0,0,0,0.000882667,0,0,0,0,0,6.16E-05,0.001847442,0.080959028,0,0,0,0,0,0,0,0,0.90629362,0,0,0,0,0,0,0,0
J160SNND.03,0,0,0.032702367,0.004177172,0,0,0,0.218680616,0,0,0,0,0,0,0.010988597,0.630019192,0.000846724,0,0,0,0,0.015542092,0,0.074586987,0.012399804,0,0,0,0,0,5.64E-05,0,0
C160RT17.03,0,0,0.162396003,0.000420973,0,0,0,0.093921367,0,0,0,0,0,0,0.31232898,0.364596143,0.002802796,0,0,0,0,1.11E-05,3.32E-05,0.000110782,0.063378643,0,0,0,0,0,0,0,0
A160SN5R.03,2.33E-05,0,0.32612642,0.004514988,0,0,0,0.060649786,0,0,0,0,0,0,0.290518525,0.301503444,0.000256004,0,0,0,0,0,0,0,0.016407559,0,0,0,0,0,0,0,0
E160V993.03,0,0,0.531715991,0.02801007,0,0,0,0.10737487,0,0,0,0,0,0,0.109346666,0.196017676,0.001531663,0,0,0,0,0.007887185,3.52E-05,0,0.01792222,0,0,0.000158448,0,0,0,0,0
C160SM77.03,0,0,0.003196422,6.55E-05,0,0,0,0.000545464,0,0,0,0,0,0,0.690678012,0.002192767,1.09E-05,0,0,0,0,0,0,0,0.303310969,0,0,0,0,0,0,0,0
F160SFZY.03,0,0,0.067271501,0.001176975,0,0,0,0.405075706,0,0,0,0,0,0,0.08470545,0.425709557,0.000159382,0,0,0,0,1.23E-05,0,0,0.015889168,0,0,0,0,0,0,0,0
J160RXXR.03,0,0,0.003499352,6.68E-05,0,0,0,0.000213701,0,0,0,0,0,0,0.117228299,0.00480827,0,0,0,0,0,0.000173632,0,0,0.874009964,0,0,0,0,0,0,0,0
F160S6MM.03,0,0,0.001803721,1.21E-05,0,0,0,3.63E-05,0,0,0,0,0,0,0.240827049,0.006464343,0,0,0,0,3.63E-05,0,0,0,0.750820148,0,0,0,0,0,0,0,0
E160S314.03,0,0,0.0034687,0.000196342,0,0,0,0.001014431,0,0,0,0,0,0,0.293628718,0.000932622,4.91E-05,0,0,0,0,0,0,0,0.700710102,0,0,0,0,0,0,0,0
C160RZQN.03,0,0,0.00018665,2.33E-05,0,0,0,0.000711603,0,0,0,0,0,0,0.004712909,0.003021395,0,0,0,0,0,4.67E-05,0,4.67E-05,0.991250787,0,0,0,0,0,0,0,0
K160S1P5.03,0,0,0.002142996,0,0,0,0,0,0,0,0,0,0,0,0.576959543,2.60E-05,0,0,0,0,0,0,0,0,0.420871485,0,0,0,0,0,0,0,0
J160S4KP.03,0,0,0.000639636,0,0,0,0,7.11E-05,0,0,0,0,0,0,0.169201521,0.00053303,0,0,0,0,0.000142141,0,0,0,0.829412601,0,0,0,0,0,0,0,0
E160SMG3.03,0,0,0.003525613,1.75E-05,0,0,0,5.24E-05,0,0,0,0,0,0,0.788829741,0.000401431,0,0,0,0,0,0,0,0,0.207173401,0,0,0,0,0,0,0,0
K160SNKH.03,0,0,0.025595776,1.41E-05,0,0,0,0,0,0,0,0,0,0,0.678817484,2.82E-05,1.41E-05,0,0,0,0,0,0,0,0.295530269,0,0,0,0,0,0,0,0
G160SQRL.03,0,0,0.213297254,2.37E-05,0,0,0,0,0,0,0,0,0,2.37E-05,0.02639512,0.442284412,0,0,0,0,0,0,0,0,0.317975741,0,0,0,0,0,0,0,0
A160RVT0.03,0,0,0.001085889,0,0,0,0,0.000104126,0,0,0,0,0,0,0.997129087,0.001190016,0,0,0,0,0,0,0,0,0.000490882,0,0,0,0,0,0,0,0
G160QXJD.03,0,0,0.001216237,0,0,0,0,0.823594993,0,0,0,0,0,0,0.160340546,0.013936046,0,0,0,0,0,0,0,0,0.000912178,0,0,0,0,0,0,0,0
B160QVXH.03,0,0,0.000180874,5.43E-05,0,0,0,0.986126938,0,0,0,0,0,0,0.000542623,0.00126612,3.62E-05,0,0,0,0,3.62E-05,0,0,0.000976721,0,0,0,0,0,0,0,0.010780111
D160SKPB.03,0,0,5.67E-05,0,0,0,0,0.000538282,0,0,0,0,0,0,0.998498477,0.000736596,0,0,0,0,0,0,0,8.50E-05,8.50E-05,0,0,0,0,0,0,0,0
E160RCLY.03,0,0,0.004164115,0,0,0,0,0,0,0,0,0,0,0,0.984690753,0.001592162,0,0,0,0,0.001959584,0,0,0,0.007593386,0,0,0,0,0,0,0,0
F160QMKM.03,0,0,1.29E-05,0,0,0,0,1.29E-05,0,0.000516349,0,0,0,0,0.999444925,1.29E-05,0,0,0,0,0,0,0,0,0,0,0,0,0,0,0,0,0
F160RMKX.03,2.32E-05,0,0.002295067,0,0,0,0,0,0,0,0,0,0,2.32E-05,0.580350519,0.215689911,0,0,0,0,0,2.32E-05,0,0,0.201594955,0,0,0,0,0,0,0,0
C160P1NJ.03,0,0,0.105923254,0,0,0,0,0,0,0,0,0,0,0,0.009130195,0.836143874,0,0,0,0,0,3.25E-05,0,0.000974754,0.04776294,0,0,0,0,0,0,0,3.25E-05
J160P7JC.03,0.000186298,0,0.067416515,0.00067533,0,0,0,0,0,0,0,0,0,0,0.028247403,0.79341903,0.010176517,0,0,0,0,0.000209585,0,0,0.099669321,0,0,0,0,0,0,0,0
B160P4QT.03,0.000186289,0,0.001159132,4.14E-05,0,0,0,0,0,0,0,0,0,2.07E-05,0.10051333,0.426167412,0,0,0,0,0,4.14E-05,0,0,0.471808246,0,0,0,0,0,0,0,6.21E-05
H160P2WX.03,5.49E-05,0,0.002689869,0,0,0,0,0,0,0,0,0,0,2.74E-05,0.077567041,0.64403151,0,0,0,0,8.23E-05,0.000192134,0,0,0.275354761,0,0,0,0,0,0,0,0
A160P1L3.03,6.51E-05,0,0.036151376,2.17E-05,0,0,0,2.17E-05,0,0,0,0,0,0.000520788,0.132822672,0.706883083,0,0,0,0,0,0,0,2.17E-05,0.123491884,0,0,0,0,0,0,0,0
D160PFNM.03,4.75E-05,0,0.093100582,0.247880299,0,0,0,0.000973756,0,0,0,0,0,0,0.118750742,0.463484147,0,0,0,0,0,0,0,0,0.075762974,0,0,0,0,0,0,0,0
D160PP43.03,0,0,0.062455893,0,0,0,0,0.001340861,0,0,0,0.000188191,0,0,0.206963068,0.595059986,0,0,0,0,0,0.001482004,0.000870383,0,0.131592566,0,0,0,0,0,0,0,4.70E-05
J160PSM7.03,0,0,0.040103693,0.001957115,0,0,0,0.111246545,0,0,0,0,0,0,0.002386307,0.809558962,0.002712493,0.000274683,0,0,0,6.87E-05,0,0,0.031674364,0,0,0,0,0,0,0,1.72E-05
G160RLK2.03,0,0,0.096852425,0.034468524,0,0,0,0.083333333,0,0,0,0,0,0,0.00371517,0.732920537,0.024793602,0,0,0,0,0,0,0.005650155,0.018266254,0,0,0,0,0,0,0,0
G160P1GG.03,2.37E-05,0,0.018994254,0.005532077,0,0,0,0,0,0,0,0,0,4.75E-05,0.11391804,0.624578565,0,0,0,0,0,4.75E-05,0,0,0.23685835,0,0,0,0,0,0,0,0
C160RJF0.03,5.19E-05,0,0.076294702,0.010606571,0,0,0,0.002308031,0,0,0,0,0,0,0.007079692,0.868131013,0.012162548,0,0,0,0,0,0,0,0.023365577,0,0,0,0,0,0,0,0
B160PQ1Z.03,0.000381732,0,0.032967796,0.173688229,0,0,0,0,0,0,0,0,0,0,0.257946974,0.238999167,0,0,0,0,0,0,0,0.000104109,0.295911993,0,0,0,0,0,0,0,0
F160RJD1.03,0.000378583,0,0.087101136,0.001757707,0,0,0,2.70E-05,0,0,0,0,0,0,0.003650622,0.88831801,0.003866955,0,0,0,0,0,0,0,0.014899946,0,0,0,0,0,0,0,0
C160PL6B.03,0,0,0.031350008,0.000528196,0,0,0,0.060711512,0,0,0,0,0,0,0.002827404,0.840484698,0.009538605,0,0,0,0,0,0,0,0.054528507,0,0,0,0,0,0,0,3.11E-05
A160PQ12.03,5.90E-05,0,0.063380697,0.091474559,0,0,0,0.000412712,0,0,0,0,0,5.90E-05,0.190377926,0.48198809,0.00241731,0,0,0,0,0,0,8.84E-05,0.16974235,0,0,0,0,0,0,0,0
B160RJQC.03,2.47E-05,0,0.00540714,4.94E-05,0,0.000123451,0,0.194533603,0,0,0,0,0,0,0.167794183,0.045355785,0,0.011875957,0,0,0,0.000123451,0,2.47E-05,0.57468767,0,0,0,0,0,0,0,0
B160PRBH.03,5.30E-05,0,0.067259824,0.07650143,0,0.000238322,0,0.11211736,0,0,0,0,0,0.000105921,0.029260672,0.666534265,0.001006249,0,0,0,0,0.011465946,0.001774176,0.000105921,0.033576952,0,0,0,0,0,0,0,0
B160PTG2.03,0.000158403,0,0.068588627,0.050134643,0,0,0,0.149136702,0,0,0,0,0,0,0.00095042,0.699588151,0.000158403,0,0,0,0,0.001267226,0,0.028987803,0.001029621,0,0,0,0,0,0,0,0
B160P86X.03,9.01E-05,0,0.21769106,0,0,0,0,0,0,0,0,0,0,0,0.123287671,0.403253425,0,0,0,0,0,0,0,0,0.255677722,0,0,0,0,0,0,0,0
C160RK5F.03,0.000275429,0,0.388575206,0.038339714,0,0,0,0.018123227,0,0,0,0,0,0,0.069353017,0.353292753,0.010053158,0,0,0,0,0.006031895,0,0,0.115955601,0,0,0,0,0,0,0,0
A160PFPF.03,0.000155841,0,0.009630969,0.064642813,0,0,0,0.003490837,0,0,0,0,0,0,0.469642189,0.26150106,0,0,0,0,0,3.12E-05,0,9.35E-05,0.190811619,0,0,0,0,0,0,0,0
D160PX8S.03,0,0,0.020523127,0.324533358,0,0,0,0.058402606,0,0,0,3.04E-05,0,0,0.180140678,0.403154593,0,0,0,0,0,0,0.000121799,0,0.013093389,0,0,0,0,0,0,0,0
A160PK2M.03,0,0,0.109531519,0.114616007,0,0.000328848,0,0.080618233,0,0,0,0,0,0,0.085702722,0.526282505,0.004376202,0,0,0,0,0.014140443,0.003086107,0.000303552,0.06096327,0,0,0,0,0,0,0,5.06E-05
H160PY69.03,0,0,0.237448955,0.000240211,0,4.80E-05,0,0.152029786,0,0,0,0,0,0,0.08164785,0.48923853,0.000288254,0,0,0,0,0.00127312,0,0.003651213,0.0337497,0,0,0,0,0,0,0,0.000384338
E160RK7C.03,0,0,0.06581596,0.05589504,0,0.000107836,0,0.138173976,0,0,0,0,0,0,0.049281093,0.513838965,0.000107836,0,0,0,0,0.003414809,0.002048886,0.007872035,0.155930985,0,0,0.000179727,0,0,0.007332854,0,0
J160RKNM.03,4.44E-05,0,0.436597182,0.011511623,0,0,0,0.118938619,0,0,0,0,0,0,0.002622339,0.395706476,0.000177786,0,0,0,0,0.002577892,0,0.020712032,0.011111605,0,0,0,0,0,0,0,0
K160RJ9X.03,0,0,0.119588806,0.012450029,0,0,0,0.085018085,0,0,0,0,0,3.81E-05,0.038796878,0.675880449,0.004949553,0.000533029,0,0,0,0,0,3.81E-05,0.062707025,0,0,0,0,0,0,0,0
E160RJ31.03,9.47E-05,0,0.000416548,0,0,0,0,0,0,0,0,0,0,0,0.082665909,0.334791252,0,0,0,0,0,1.89E-05,0,0,0.582012686,0,0,0,0,0,0,0,0
K160P065.03,0.000108369,0,0,0,0,0,0,0,0,0,0,0,0,0,0.382311051,0.13360374,0,0,0,0,0.000201257,0.000216738,0,0,0.483527882,0,0,0,0,0,0,0,3.10E-05
D160PB6Z.03,4.00E-05,0,0.34997198,0,0,0,0,0,0,0,0,0,0,0,0.104635337,0.394724201,0,0,0,0,0,0,0,0,0.150628452,0,0,0,0,0,0,0,0
A160P8T1.03,7.49E-05,0,0.007935518,0,0,0,0,0.617697702,0,0,0,0,0,0,0.099193971,0.273974996,0,0,0,0,0,7.49E-05,0,0,0.001048087,0,0,0,0,0,0,0,0
A160PFR1.03,0,0,0.230415094,7.55E-05,0,0,0,0,0,0,0,0,0,0,0.057987421,0.453006289,0,0,0,0,0,0,0,0,0.258515723,0,0,0,0,0,0,0,0
K160PQ05.03,0.000326205,0,0.264951069,0.182964842,0,7.25E-05,0,0.158644436,0,0,0,0,0,0,0.007321493,0.320369699,0.00028996,0,0,0,0,0.037839797,0.002827111,0,0.024392896,0,0,0,0,0,0,0,0
F160PLLZ.03,0,0,0.400231887,0.008511962,0,0,0,0,0,0,0,0,0,0,0.027741644,0.550986935,0,0,0,0,0,0,0,0,0.012527572,0,0,0,0,0,0,0,0
E160P05C.03,0.000416653,0,0.101182654,0,0,0,0,3.21E-05,0,0,0,0,0,0.000288452,0.184833819,0.54591199,0,0,0,0,0,0,0,0,0.16727028,0,0,0,0,0,0,0,6.41E-05
C160PJ06.03,0.000154795,0,0.018531213,0.000132682,0,0,0,0.260011941,0,0,0,0,0,0.000862431,0.420800071,0.298180049,0.000154795,0,0,0,0,0.00024325,0,8.85E-05,0.000818204,0,0,0,0,0,0,0,2.21E-05
H160PF3K.03,0.000174764,0,0.001856868,0,0,0,0,0,0,0,0,0,0,0,0.04532943,0.333952289,0,0,0,0,0,0,0,0,0.618686648,0,0,0,0,0,0,0,0
B160P6J9.03,0.00103114,0,0.007076201,0,0,0,0,0,0,0,0,0,0,0,0.110950711,0.007862446,0,0,0,0,0,0,0,0,0.873079501,0,0,0,0,0,0,0,0
C160RH9K.03,2.69E-05,0,0.003421152,0.004283174,0,0.000242444,0,0.10918054,0,0,0,0,0,0,0.009212866,0.751818329,0.00315177,2.69E-05,0,0,0,0,0,2.69E-05,0.03510048,0,0,0,0,0,0.083508432,0,0
D160P5C1.03,3.26E-05,0,0.000455811,0,0,0,0,0.022155659,0,0,0,0,0,0,0.133747904,0,0,0,0,0,0,0,0,0,0.843608068,0,0,0,0,0,0,0,0
A160PXM7.03,0.005840505,0,0.010655814,0,0,0,0,0,0,0,0,0,0,0,0.019354438,0.656435428,0,3.11E-05,0,0,0,0,0,0,0.307682749,0,0,0,0,0,0,0,0
A160PC2Z.03,3.42E-05,0,0.054572171,0.00427146,0,0,0,0.326202843,0,0,0,0,0,0,0.010729907,0.469758065,0.000170858,0,0,0,0,0.000136687,0,0,0.134123838,0,0,0,0,0,0,0,0
J160P4YN.03,2.30E-05,0,0.072491477,0,0,0,0,0.000575878,0,9.21E-05,0,0,0,0,0.33725698,0.000944439,0,6.91E-05,0,0,0,6.91E-05,0,4.61E-05,0.588132314,0,0,0,0,0,0,0,0.000299456
C160RFPK.03,0,0,0.002803925,0,0,0,0,0,0,0,0,0,0,0,0.378249549,0.216903665,0,0,0,0,0,0,0,0,0.40204286,0,0,0,0,0,0,0,0
E160PMH8.03,9.62E-05,0,0.096720176,0.005524117,0,0,0,0.449917234,0,0,0,0,0,0,0.029699349,0.377430034,0,0,0,0,0,0.012260846,0,0.026177003,0.002175001,0,0,0,0,0,0,0,0
D160P8C7.03,8.09E-05,0,0.056482705,0.000485293,0,0,0,0.388665714,0,0,0,0,0,0,0.071985118,0.468658165,0.000647057,0,0,0,0,0.003882343,0,0.000242646,0.008870076,0,0,0,0,0,0,0,0
C160NSYM.03,0.000374012,0,0.00721308,0,0,0,0,0,0,0,0,0,0,0.000213721,0.033901475,0.615783287,0,0,0,0,0,0,0,0,0.342514426,0,0,0,0,0,0,0,0
G160PSPN.03,0,0,0.166127,0.001419616,0,0,0,0.285454516,0,0,0,0,0,0,0.008772909,0.530856714,0.000733734,0,0,0,0,0,0,0.002615922,0.002041695,0,0,0,0,0,0.001977892,0,0
E160PLNT.03,1.78E-05,0,0.58294849,0,0,1.78E-05,0,0.194831261,0,0,0,0,0,0,0.052220249,0.048543517,0,0,0,0,0,8.88E-05,0,0,0.121314387,0,0,0,0,0,0,0,1.78E-05
G160PQS2.03,4.98E-05,0,0.071914141,0.009163575,0,9.96E-05,0,0.154660226,0,0,0,0,0,0,0.001917378,0.758460121,2.49E-05,0.00049802,0,0,0,0,0,0.000896437,0.002315795,0,0,0,0,0,0,0,0
B160NXSZ.03,0.00040467,0,0.248669648,0,0,0,0,0,0,0,0,0,0,0,0.068186877,0.370090848,0,0,0,0,0,0,0,0,0.312647957,0,0,0,0,0,0,0,0
C160NVW8.03,0.000178301,0,0.012641526,0,0,0,0,0,0,0,0,0,0,0,0.043915485,0.274351431,0,0,0,0,0,1.78E-05,0,0,0.668877597,0,0,0,0,0,0,0,1.78E-05
H160PMRG.03,0,0,0.545116804,0.023910027,0,0,0,0,0,0,0,0,0,0,0.02084538,0.284939864,0,0,0,0,0,4.34E-05,0,0,0.125144559,0,0,0,0,0,0,0,0
F160PSBP.03,0,0,0.161227804,0.022314179,0,5.24E-05,0,0.083494841,0,0,0,0,0,0,0.027028443,0.647582631,0,5.24E-05,0,0,0,0,0,0,0.058247342,0,0,0,0,0,0,0,0
B160PHZD.03,0,0,0.463729687,0.004034244,0,0,0,0,0,0,0,0,0,0,0.038656767,0.473086102,0,0,0,0,0,0,0,0,0.020493201,0,0,0,0,0,0,0,0
K160PLPM.03,0,0,0.152523572,0.000523818,0,0,0,0.167252111,0,0,0,0,0,0,0.003974857,0.662599371,0.000739508,0,0,0,0,0,0,0.002403402,0.00228015,0,0,0,0,0,0.007703211,0,0
B160P04K.03,0.000495499,0,0.191675613,0,0,0,0,8.26E-05,0,0,0,0,0,8.26E-05,0.161367578,0.239408704,0,0,0,0,0,0,0,0,0.406887439,0,0,0,0,0,0,0,0
B160PPNJ.03,0.004080988,0,0.000421263,0,0,0,0,0,0,0,0,0,0,0,0.033832706,0.522761381,0,0,0,0,0,0,0,0,0.438903662,0,0,0,0,0,0,0,0
H160PMG8.03,0,0,0.238089204,3.17E-05,0,0,0,0.224689559,0,0,0,0,0,0,0.08068297,0.312214901,0.001330461,0,0,0,0,0.001330461,0,0.004529904,0.137100862,0,0,0,0,0,0,0,0
E160P3K3.03,3.65E-05,0,0.000765683,0,0,0,0,0.002096512,0,0,0,0,0,0,0.362496126,3.65E-05,0,0,0,0,0,0,0,0,0.634568756,0,0,0,0,0,0,0,0
F160QYJK.03,0,0,0.000192691,0,0,4.28E-05,0,0.175348449,0,0,0,0,0,0,0.098614769,0.00974158,0,0,0,0,0,0,0,0,0.716059691,0,0,0,0,0,0,0,0
G160PT6Q.03,0,0,0.235111279,0.002968778,0,0,0,0.158620415,0,0,0,0,0,0,0.004164259,0.543445775,0,0,0,0,0,0,0,0,0.055669569,0,0,0,0,0,0,0,1.99E-05
B160NXVF.03,0.000348816,0,0.405525978,0,0,0,0,0,0,0,0,0,0,0,0.577804296,0.001193317,0,0,0,0,0,0,0,0,0.015127593,0,0,0,0,0,0,0,0
J160RMF3.03,2.19E-05,0,0.044072848,0,0,0,0,0,0,0,0,0,0,0,0.024173223,0.455346381,0,0,0,0,4.38E-05,4.38E-05,0,0,0.476297968,0,0,0,0,0,0,0,0
F160RJVJ.03,0,0,0.00511579,0,0,0,0,0,0,0,0,0,0,0,0.314347052,0.034851322,0,0,0,0,0,0,0,0,0.645685836,0,0,0,0,0,0,0,0
A160PPD4.03,8.27E-05,0,0.100769422,0.010962191,0,0,0,0.246173575,0,0,0,0,0,0,0.002895673,0.636220733,0.000165467,0,0,0,0,0.001489203,0,8.27E-05,0.001158269,0,0,0,0,0,0,0,0
C160NSSY.03,2.66E-05,0,0.001938293,0,0,0,0,0,0,0,0,0,0,0,0.196989007,0,0,0,0,0,0,0,0,0,0.801019595,0,0,0,0,0,0,0,2.66E-05
K160NR81.03,0.000108213,0,0.02977672,0,0,0,0,0,0,0,0,0,0,1.80E-05,0.088211954,0.647729322,0,0,0,0,0,1.80E-05,0,0,0.23413772,0,0,0,0,0,0,0,0
H160PFQ7.03,0.000533404,0,0.034537938,0,0,0,0,0.279570609,0,0,0,0,0,0,0.112114949,0.564008534,0,0,0,0,0,0.000133351,0,0,0.009101213,0,0,0,0,0,0,0,0
D160NVXQ.03,0.000159179,0,0.072983406,0,0,0,0,0,0,0,0,0,0,0,0.915336862,0.004894743,0,0,0,0,3.98E-05,0.000139281,0,0,0.006367146,0,0,7.96E-05,0,0,0,0,0
H160NXKF.03,0.000154218,0,0.003238575,0,0,0,0,0,0,0,0,0.001422231,0,0,0.780650799,0,0,0,0,0,3.43E-05,1.71E-05,0,0,0.21448277,0,0,0,0,0,0,0,0
B160NXC3.03,0.000217197,0,0.001194581,0,0,0,0,0,0,0,0,0,0,0,0.834088996,0.157114544,0,0,0,0,5.43E-05,0.000352944,0,0,0.006543046,0,0,0,0,0,0,0,0.000434393
C160NYNS.03,0,0,1.94E-05,0,0,0,0,0,0,0,0,0,0,0,0.71658344,7.74E-05,0,0,0,0,0,0,0,0,0.28330043,0,0,0,0,0,0,0,1.94E-05
A160P5PX.03,0,0,0.001421813,0,0,0,0,2.59E-05,0,0,0,0,0,0,0.670604658,0.000129256,0,0,0,0,0.000103405,2.59E-05,0,0,0.327689166,0,0,0,0,0,0,0,0
G160NSZY.03,0,0,0.000101947,0,0,0,0,0,0,0,0,0,0,0,0.998368845,0,0,0,0,0,0,0.000254868,0,0,0.00127434,0,0,0,0,0,0,0,0
B160RFT5.03,0.008175741,0,0.002211675,0,0,0,0,2.49E-05,0,0,0,0,0,0,0.967595239,0.021793693,0,0,0,0,0,0,0,0,0.000198802,0,0,0,0,0,0,0,0
C160NQB7.03,0.001954053,0,0.079376815,0,0,0,0,1.76E-05,0,0,0,0,0,0,0.21297421,0.644626353,0,0,0,0,0,0,0,0,0.061050964,0,0,0,0,0,0,0,0
E160P6T8.03,0.197468418,0,0.002591384,0,0,0,0,2.49E-05,0,0,0,0,0,0,0.799616276,7.48E-05,0,0,0,0,0,4.98E-05,0,0,0.00017442,0,0,0,0,0,0,0,0
D160T6TB.03,0.001037447,0,0.01570991,0.002717123,0,0.000296413,0,0.213368244,0,0,0,0,0,0,0.029394329,0.658383559,0.001185654,0.04535125,0,0,0,0.005878866,0.004297994,0,0.022379212,0,0,0,0,0,0,0,0
K160RNGX.03,0,0,0.000108292,2.71E-05,0,0,0,0.000189512,0,0,0,0,0,0,0.106045429,0.434875599,0,0,0,0,0,2.71E-05,0,0,0.458727022,0,0,0,0,0,0,0,0
F160S29S.03,0,0,0.099136347,0.002159133,0,0,0,0.158948916,0,0,0,0,0,0,0.039369717,0.59353179,0.000689085,0,0,0,0,0.032478868,0,0,0.073686145,0,0,0,0,0,0,0,0
H160RNPX.03,0,0,0.008401059,0,0,0,0,6.09E-05,0,0,0,0,0,3.04E-05,0.295954707,0.64739902,0,9.13E-05,0,0,0,0,0,0,0.048062582,0,0,0,0,0,0,0,0
F160RFVN.03,0.000222494,0,0.028961323,0.000667482,0,0,0,0.130678236,0,0,0,0,0,0,0.013757556,0.264397226,0,0,0,0,0,3.71E-05,0,0,0.5612786,0,0,0,0,0,0,0,0
E160RQJC.03,0,0,0.020952809,0.00112448,0,0,0,0.095018554,0,0,0,0,0,3.75E-05,0.031335507,0.569699014,0.002773717,0,0,0,0,0,0,0.000224896,0.278833539,0,0,0,0,0,0,0,0
F160RXZM.03,0.000204583,0,0.001432079,0,0,0,0,8.18E-05,0,0,0,0,0,0.000818331,0.105851064,0.686129296,0,0,0,0,0,0,0,4.09E-05,0.205441899,0,0,0,0,0,0,0,0
C160S9XQ.03,0,0,0.009474682,7.02E-05,0,0,0,7.02E-05,0,0,0,0,0,0,0.008457031,0.820928519,7.02E-05,0,0,0,3.51E-05,0,0,0,0.160894129,0,0,0,0,0,0,0,0
K160Q5WK.03,0,0,0.099416239,0.001017159,0,0,0,0.375862374,0,0,0,0,0,0,0.163585707,0.358880241,0.000176897,0,0,0,0,4.42E-05,0,0,0.000398019,0,0,0,0,0,0.00061914,0,0
H160Q4V2.03,5.09E-05,0,0.0519355,0.006511013,0,0,0,0.127575156,0,0,0,0,0,0,0.001322549,0.752988453,0.005341065,0,0,0,0,0.007528359,0.005493667,0.00467979,0.03657358,0,0,0,0,0,0,0,0
K160SPXS.03,0,0,0.20822608,0.010898735,0,0,0,0.060572868,0,0,0,0,0,0,0.001040583,0.690673093,0.002245468,0,0,0,0,0,5.48E-05,0,0.023933403,0,0,0,0,0,0.002355003,0,0
C160SH5P.03,0,0,0.061158004,0,0,0,0,0.017917962,0,0,0,0,0,0,0.001554865,0.736265364,0.005182882,0.060047386,0,0,0,0,0,0,0.117836517,0,0,3.70E-05,0,0,0,0,0
D160S16L.03,0.000968617,0,0.163657497,0.000619915,0,0,0,0.270864006,0,0,0,0,0,0,0.003603255,0.482332429,0.014684231,0,0,0,0,0,0.000619915,0.000464936,0.0621852,0,0,0,0,0,0,0,0
G160RV1B.03,0,0,0.214111072,0.004016766,0,0,0,0.155664222,0,0,0,0,0,0,0.008615671,0.548434044,0.010886017,0.005937827,0,0,0,0,0,0.032890907,0.019443474,0,0,0,0,0,0,0,0
K160SGCW.03,0,0,0.2756917,0,0,0,0,0.121917937,0,0,0,0,0,0,0.002211557,0.574016563,0.00696405,0,0,0,0,0,0,0,0.014257482,0,0,0,0,0,0.004940711,0,0
J160SL6N.04,0,0,0.140141984,0.00422358,0,0,0,0.005504134,0,0,0,0,0,0,0.015501438,0.740294752,0.003212617,0,0,0,0.000179727,0.000134795,0,0,0.075754853,0,0,0,0,0,0.015052121,0,0
B160SCW7.03,0.000856813,0,0.005206789,0.003789751,0,0.000428407,0,0.297643763,0,0,0,0,0,0,0.004481793,0.645180425,0.004547701,6.59E-05,0,0,0,0,0,0.006854507,0.030944142,0,0,0,0,0,0,0,0
J160RXMX.03,0,0,0.170296619,0.001742377,0,0,0,0.001244555,0,0,0,0,0,0,0.013690106,0.746276706,0.007218419,0,0,0,0,4.15E-05,0,0.0097905,0.049699233,0,0,0,0,0,0,0,0
B160RW0B.03,0.000673627,0,0.110081958,0,0,0,0,0.254013697,0,0,0,0,0,0,0.033681374,0.569439766,0.002975188,0,0,0,0,0,0.004883799,0,0.024250589,0,0,0,0,0,0,0,0
G160S443.03,0.00075903,0,0.010224584,0.002768228,0,0.000312542,0,0.212439166,0,0,0,0,0,0,0.004822074,0.765325713,0.00232174,0,0,0,0,0,0,4.46E-05,0.000982274,0,0,0,0,0,0,0,0
A160SDSF.03,0.000230574,0,0.074168012,0.001460303,0,0,0,0.199100761,0,0,0,0,0,0,0.059449696,0.597763431,0.002997464,0,0,0,0,0.020252094,0.006033356,0,0.038544309,0,0,0,0,0,0,0,0
E160T0T8.03,0,0,0.023327518,0.000689683,0,4.06E-05,0,0.113594872,0,0,0,0,0,0,0.17526066,0.618524078,0.006612844,0.022434987,0,0,0,0.001663353,0,0,0.037810865,0,0,0,0,0,4.06E-05,0,0
E160RHK6.03,0,0,0.056942707,5.00E-05,0,0,0,0,0,0,0,0,0,0,0.047085314,0.864698524,0.002351764,0,0,0,0,0,0.004753565,0,0.024118089,0,0,0,0,0,0,0,0
J160RXKG.03,8.56E-05,0,0.030977238,0.000171145,0,0.000171145,0,0.195875406,0,0,0,0,0,0,0.005861715,0.759498545,0.006845798,0,0,0,0,0,0,0.000171145,0.00034229,0,0,0,0,0,0,0,0
K160Q5GJ.03,7.98E-05,0,0.229992416,0.000359238,0,0,0,0.314333613,0,0,0,0,0,0,0.009300283,0.353051531,0,0,0,0,0,0,0,0,0.092883088,0,0,0,0,0,0,0,0
J160SBVR.03,0.000147929,0,0.107938856,0.003205128,0,0,0,0.147928994,0,0,0,0,0,0,0.036094675,0.542455621,0.00295858,0.003106509,0,0,0,0.024654832,0,0.023767258,0.031213018,0,0,0,0,0,0.0765286,0,0
K160RQHG.03,0,0,0.337059127,0.004602452,0,0,0,0.190860846,0,0,0,0,0,0,0.004884234,0.452214343,0.000187855,0,0,0,0,0.000798384,0,0.0027239,0.006668858,0,0,0,0,0,0,0,0
K160RN29.03,5.58E-05,0,0.054336293,0.0051935,0,0,0,0.172669906,0,0,0,0,0,0,0.015133747,0.714245826,0.006533758,0,0,0,0,0,0.003797398,0.003127269,0.024850617,0,0,5.58E-05,0,0,0,0,0
J160RNK7.03,4.40E-05,0,0.070900774,0.001055595,0,8.80E-05,0,0.201090781,0,0,0,0,0,0,0.028940887,0.685696692,0.005629838,0,0,0,0,0,0,0.000175932,0.006289585,0,0,8.80E-05,0,0,0,0,0
J160RRHH.03,0,0,0.003090632,0.035482058,0,0,0,0.232519868,0,0,0,0,0,0,0.048928313,0.566267962,0.002528699,4.01E-05,0,0,0,0,0,0,0.104318857,0,0,0,0,0,0.006823473,0,0
J160S1ZM.03,0,0,0.450258708,0,0,0,0,0.001493572,0,0,0,0,0,0,0.01600256,0.304262015,0.032378514,0,0,0,0,0,0,0,0.07995946,0,0,0,0,0,0.11564517,0,0
G160RGSN.03,4.34E-05,0,0.308259587,0.000433802,0,0,0,0.172045809,0,0,0,4.34E-05,0,0,0.084114177,0.410116259,0.000520562,0,0,0,0,0,0,0,0.024423044,0,0,0,0,0,0,0,0
E160STSG.03,0,0,0.114944962,0,0,0,0,0.048899238,0,0,0,0,0,0,0.026164268,0.760584251,0.000592718,0,0,0,0,0,0,4.23E-05,0.048772227,0,0,0,0,0,0,0,0
F160RFXG.03,0.000169193,0,0.013264754,0,0,0,0,0,0,0,0,0,0,0,0.079250135,0.2394085,0,0,0,0,0,0,0,0,0.667907417,0,0,0,0,0,0,0,0
E160Q5VN.03,0,0,0.551669801,0.025771362,0,0,0,0,0,0,0,0,0,0,0.208915773,0.188532506,0.000101662,0,0,0,0,0,0,0,0.024602247,0,0,0,0,0,0.000406649,0,0
C160RTZJ.03,0.000290192,0,0.0024459,0,0,0,0,0,0,0,0,0,0,0.000912031,0.326424011,0.431058785,0,0,0,0,0,0,0,0,0.238869082,0,0,0,0,0,0,0,0
B160PBCB.03,0,0,0.134260353,3.38E-05,0,0,0,0.000337507,0,0,0,0,0,0,0.001046272,0.64281616,0,0,0,0,0,0,0,0,0.221505957,0,0,0,0,0,0,0,0
F160P8JV.03,0.000526692,0,0.008728039,0,0,0,0,3.76E-05,0,0,0,0,0,0,0.157405666,0.216545653,0,0,0,0,0,0,0,0,0.61675633,0,0,0,0,0,0,0,0
H160SLT1.03,0,0,0.105823532,0.009532031,0,0,0,0.164310636,0,0,0,0,0,0,0.003776843,0.56328909,0.002266106,0.000863278,0,0,0,0.054386533,0,0.088665875,0.007086076,0,0,0,0,0,0,0,0
D160STXT.03,0.000184238,0,0.003224172,0.018193542,0,0,0,0.019391092,0,0,0,0,0,0,0.048777118,0.79448206,0.013633642,0.000736954,0,0,0,9.21E-05,0,0,0.100962646,0,0,4.61E-05,0,0,0.000276358,0,0
D160RQXV.03,4.53E-05,0,0.18166576,0.012280225,0,0,0,0.140474896,0,0,0,0,0,0,0.0525648,0.585145913,0.000271887,0.000271887,0,0,0,0.018760196,0,9.06E-05,0.008428494,0,0,0,0,0,0,0,0
F160SSZK.03,0.000266085,0,0.019956362,0.003299452,0,5.32E-05,0,0.161886009,0,0,0,0,0,0,0.033899207,0.660316109,0.001809377,0.078548241,0,0,0,0.009898356,0,0,0.030067586,0,0,0,0,0,0,0,0
J160SB6X.03,6.78E-05,0,0.031396216,0.00162745,0,6.78E-05,0,0.24784702,0,0,0,0,0,0,0.009425646,0.682647318,0.00169526,0.000135621,0,0,0,0.009696888,0,6.78E-05,0.015325151,0,0,0,0,0,0,0,0
B160SG0V.03,0.00082282,0,0.362150302,0.00828305,0,0,0,0.149204608,0,0,0,0,0,0,0.06165661,0.413933077,0,0,0,0,0,0.003455842,0,0.000274273,0.000219419,0,0,0,0,0,0,0,0
J160S2S8.03,0,0,0.000382775,0,0,0,0,4.78E-05,0,0,0,0,0,0,0.031866029,0.461004785,0.000478469,0,0,0,0,0,0,0,0.506220096,0,0,0,0,0,0,0,0
H160Q2XW.03,0,0,0.061652494,0.064525396,0,0,0,0.001091703,0,0,0,0,0,0,0.031142266,0.781142266,0.005860722,0,0,0,0,5.75E-05,0,0.001321535,0.053033785,0,0,0,0,0,0.000172374,0,0
C160S2RC.03,0,0,0.004325054,0.019284184,0,0,0,0.31513372,0,0,0,0,0,0,0.050868979,0.480041267,0.001904611,0,0,0,0,0.032497421,0,0,0.095944766,0,0,0,0,0,0,0,0
B160S21F.03,0,0,0.187699289,0.001349031,0,0,0,0.255396125,0,0,0,0,0,0,0.03041452,0.45732156,0.005580083,0.002146186,0,0,0,0,0,0.026796664,0.033296542,0,0,0,0,0,0,0,0
F160SDW9.03,6.92E-05,0,0.012429887,0.00332387,0,0,0,0.057544491,0,0,0,0,0,0,0.263105048,0.633474136,0.000830967,0,0,0,0,0,0,0,0.010387092,0,0,0,0,0,0.018835261,0,0
A160RTMW.03,0,0,0.194483663,0.001663977,0,0,0,0.067012908,0,0,0,0,0,0,0.024959661,0.606141589,0,0,0,0,0,0.036204115,0,0,0.069534086,0,0,0,0,0,0,0,0
E160STD1.03,0.000536931,0,0.30400349,0.062955133,0,0,0,0.099130843,0,0,0,0,0,0,0.183596765,0.341320179,0,0,0,0,0,0.004094097,0,0,0.004362563,0,0,0,0,0,0,0,0
F160SM4D.03,0.000873628,0,0.271584305,0.035780757,0,3.80E-05,0,0.206631975,0,0,0,0,0,0,0.153796483,0.318950127,0,0,0,0,0,0.01223079,0,0,0.000113951,0,0,0,0,0,0,0,0
K160SPYP.03,0.002257108,0,0.019539146,0.004716346,0,0,0,0.468771055,0,0,0,0,0,0,0.000875893,0.497540763,0.000505323,0,0,0,0,0,0,0.000168441,0.005592238,0,0,0,0,0,3.37E-05,0,0
B160RHBG.03,0,0,0.005139997,0.013932098,0,0,0,0.258284864,0,0,0,0,0,0,0.019004464,0.534153929,0.006222102,0.000135263,0,0,0,0,0,0,0.16234952,0,0,0,0,0,0.000777763,0,0
J160Q3GY.03,0.000114064,0,0.691190449,0.002851603,0,0,0,0.109843732,0,0,0,0,0,0,0.007338124,0.141895745,0.000798449,3.80E-05,0,0,0,0,0,3.80E-05,0.045891791,0,0,0,0,0,0,0,0
J160Q5HF.03,0,0,0.501719526,0.001570925,0,0,0,0.025262175,0,0,0,0,0,4.25E-05,0.006326158,0.45064323,0.002335159,0,0,0,0,0,0.002972021,0.000424574,0.008703774,0,0,0,0,0,0,0,0
B160S2PF.03,0.000233663,0,0.279772568,0.122595218,0,0,0,0.000272607,0,0,0,0,0,3.89E-05,0.052846795,0.487421139,0,0,0,0,0,3.89E-05,0,0,0.056780123,0,0,0,0,0,0,0,0
H160RVB5.03,0,0,0.250835826,0,0,0,0,8.80E-05,0,0,0,0,0,0.000263945,0.055296498,0.643630125,0,0,0,0,0,0,0,0,0.049797642,0,0,0,0,0,8.80E-05,0,0
D160Q3Q9.03,3.29E-05,0,0.347577223,0,0,0,0,0.269350965,0,0,0,0,0,0,0.045067272,0.194743248,0,0,0,0,0,3.29E-05,0,0,0.1431955,0,0,0,0,0,0,0,0
E160QDNY.03,0.000753352,0,0.267440108,0,0,0,0,0.007985536,0,0,0,0,0,0,0.246496911,0.056953443,0,0,0,0,0.171161669,0.069609763,0,0.00015067,0.050625283,0,0,0,0.116920295,0,0,0.011902968,0
F160QF8T.03,4.03E-05,0,0.249294639,0,0,0,0,0.04764208,0,0,0,0,0,0,0.210197501,0.437363966,0.000161225,0,0,0,0,0,0,4.03E-05,0.055259976,0,0,0,0,0,0,0,0
H160R684.03,0.000146929,0,0.385982956,0.117837202,0,0.000293858,0,0.042021746,0,0,0,0,0,0,0.001175433,0.44798707,0.000146929,0,0,0,0,0,0,0.000293858,0.004114017,0,0,0,0,0,0,0,0
D160S6DD.03,0.0003386,0,0.090519187,0.011060948,0,0,0,0.049322799,0,0,0,0,0,0,0.034198646,0.769525959,0.000225734,0,0,0,0,0,0,0,0.044808126,0,0,0,0,0,0,0,0
K160S4JS.03,0.000546498,0,0.060205848,0.032334457,0,0,0,0.209126514,0,0,0,0,0,0,0.019856089,0.645687221,0,0,0,0,0,0,0,0,0.032243374,0,0,0,0,0,0,0,0
J160SF9S.03,0,0,0.101700642,0.039531479,0,0,0,0.116792432,0,0,0,0,0,0,0.00574389,0.706047978,0.001689379,0,0,0,0,0,0,0,0.0284942,0,0,0,0,0,0,0,0
K160S7Q1.03,0.000113045,0,0.000791318,0,0,0,0,0,0,0,0,0,0,0,0.060705404,0.754465295,0,0,0,0,0,0.001017409,0,0,0.182907529,0,0,0,0,0,0,0,0
K160V15F.03,0,0,0.012100344,0.001770782,0,0,0,0.012395475,0,0,0,0,0,0,0.000393507,0.956025578,0,0,0,0,0,0,0,0,0.017314314,0,0,0,0,0,0,0,0
C160V0RM.03,0,0,0.000264131,0.020602219,0,0,0,0.047807713,0,0,0,0,0,0,0.00264131,0.915742208,0.004094031,0,0,0,0,0.005810882,0,0.00118859,0.001848917,0,0,0,0,0,0,0,0
J160S321.03,0.000221214,0,0.044353501,0.037164031,0,0,0,0.352062825,0,0,0,0,0,0,0.028094237,0.479703573,0,0,0,0,0,0,0,0.000110607,0.058290012,0,0,0,0,0,0,0,0
F160S7P4.03,0,0,0.309401335,0,0,0,0,0,0,0,0,0,0,0,0.07770603,0.464156725,0,0,0,0,0,0.000109445,0,0,0.148626464,0,0,0,0,0,0,0,0
H160SL01.03,0,0,0.003286771,0.005341002,0,0,0,0.110928513,0,0,0,0,0,0,0.018077239,0.840591619,0,0,0,0,0,0.002054232,0,0.004382361,0.015338263,0,0,0,0,0,0,0,0
C160S6H7.03,0,0,0.002950288,0,0,0,0,0.000442543,0,0,0,0,0,0,0.032600679,0.622510695,0,0,0,0,0,0.000295029,0,0,0.341200767,0,0,0,0,0,0,0,0
G160SB1C.03,0,0,0.000344531,0.010508183,0,0,0,0,0,0,0,0,0,0,0.007924203,0.933161068,0,0,0,0,0,0.000172265,0,0,0.04788975,0,0,0,0,0,0,0,0
F160S69P.03,0,0,0.030262657,0,0,0,0,0,0,0,0,0,0,0,0.148648649,0.683669585,0,0,0,0,0,0,0,0,0.137419109,0,0,0,0,0,0,0,0
C160T898.03,0,0,0.067455133,0.002475418,0,0,0,0.064292099,0,6.88E-05,0,0,0,0,0.00171904,0.84349859,0.003781888,0,0,0,0,0,0,6.88E-05,0.006119783,0,0,0,0,0,0.010520525,0,0
K160RFYC.03,0.000453378,0,0.078132084,0,0,0,0,0,0,0,0,0,0,0,0.375698957,0.542693063,0,0,0,0,0,0,0,0,0.003022518,0,0,0,0,0,0,0,0
C160RZGX.03,0,0,0.053098814,0,0,0,0,0.153903592,0,0,0,0,0,0,0.000912636,0.770845433,0,0,0,0,0,0,0,0,0.021239525,0,0,0,0,0,0,0,0
J160S3DC.03,0.000140331,0,0.474038731,0.028627561,0,0,0,0.001824305,0,0,0,0,0,0,0.002806624,0.479651979,0.000280662,0,0,0,0,0,0,0.000982318,0.011647488,0,0,0,0,0,0,0,0
D160SHBP.03,0,0,0.323029366,0.042417998,0,0,0,0.084664262,0,0,0,0,0,0,0.000515198,0.507126911,0,0,0,0,0,0.005151984,0,0,0.007899708,0,0,0,0,0,0.029194573,0,0
E160RRFP.03,0,0,0.089628681,0.081145967,0,0,0,0.115076825,0,0,0,0,0,0,0.001440461,0.687419974,0.002400768,0,0,0,0,0,0,0.000800256,0.022087068,0,0,0,0,0,0,0,0
H160SM2J.03,0.000111757,0,0.066271793,0.014081359,0,0,0,0.038220831,0,0.000223514,0,0,0,0,0.000894055,0.838623156,0.001229325,0.012405007,0,0,0,0.008046491,0,0.006370139,0.013522575,0,0,0,0,0,0,0,0
F160V5QZ.03,0.004164273,0,0.023406088,0.026995979,0,0,0,0.201895462,0,0,0,0,0,0,0.005313038,0.685812751,0.003159104,0,0,0,0,0.003733487,0.000287191,0.000287191,0.044945434,0,0,0,0,0,0,0,0
F160TB7W.03,0,0,0.008581752,0.006323397,0,0,0,0.005984643,0,0,0,0,0,0,0.000225836,0.959688347,0.003387534,0,0,0,0,0,0,0,0.015808491,0,0,0,0,0,0,0,0
J160TKMX.03,0,0,0.014776869,0.004531573,0,0,0,0.017929268,0,0,0,0,0,0,9.85E-05,0.954979805,0.001379174,0,0,0,0,0,0,0.00039405,0.005910748,0,0,0,0,0,0,0,0
A160T4PJ.03,0,0,0.306764552,0.00831523,0,0,0,0.123380028,0,0,0,0,0,0,0.00794067,0.548505506,0.00037456,0.000224736,0,0,0,0.002097535,0,0,0.002322271,0,0,0,0,0,7.49E-05,0,0
E160T6XW.03,7.38E-05,0,0.005760284,0.037294144,0,0,0,0.026216675,0,0,0,0,0,0,0.011372868,0.893360904,0.000443099,0,0,0,0,0.019717894,0,7.38E-05,0.005686434,0,0,0,0,0,0,0,0
G160S7RV.03,0,0,0.136032389,0.029959514,0,0,0,0.005182186,0,0,0,0,0,0,0.017975709,0.699595142,0.030121457,0,0,0,0,0,0,0,0.081133603,0,0,0,0,0,0,0,0
C160SGJ6.03,0.000325309,0,0.051236174,0.009352635,0,0,0,0.109791802,0,0,0,0,0,0,0.016509434,0.78830514,0.000406636,0,0,0,0,0.010409889,0,0,0.010653871,0,0,0,0,0,0.003009109,0,0
E160T67F.03,0,0,0.541706387,7.94E-05,0,0,0,0.002700985,0,0,0,0,0,0,0.004130918,0.384334287,0.003098189,0,0,0,0,0,0,0,0.063949793,0,0,0,0,0,0,0,0
E160RVWQ.03,0,0,0.039367226,0,0,0,0,0.084893129,0,0,0,0,0,0,0.013162662,0.707764763,0,0,0,0,0,0,0,0,0.154812221,0,0,0,0,0,0,0,0
C160S28W.03,0,0,0.05799458,0.007407407,0,0,0,0.034507678,0,0,0,0,0,0,0.052935863,0.829087624,0.000361337,0,0,0,0,0.007768744,0,0.003974706,0.005058717,0,0,0,0,0,0.000903342,0,0
F160VFJJ.03,0,0,0.017747753,0.003148795,0,0,0,0.113471117,0,0,0,0,0,0,0.007099101,0.836262667,0.002404534,0.000114502,0,0,0,0,0,0.007671609,0.011621916,0,0,0,0,0,0.000458007,0,0
K160V9NF.03,0,0,0.010299302,0.04175019,0,0,0,0.087509504,0,0,0,0,0,0,0.004976844,0.841432225,0.001658948,0,0,0,0,0.002419299,0,0.003801756,0.001175088,0,0,0,0,0,0.004976844,0,0
J160SKR8.03,0,0,0.063917252,0.008486938,0,0,0,0.062988994,0,0,0,0,0,0,0.008089113,0.698978915,0.001326084,0,0,0,0,0.00331521,0,0.001193476,0.006099987,0,0,0,0,0,0.145604031,0,0
F160SLM0.03,0,0,0.169436202,0.009495549,0,0,0,0.037537092,0,0,0,0,0,0,0.010979228,0.74925816,0.000296736,0.000445104,0,0,0,0,0,0.000296736,0.022255193,0,0,0,0,0,0,0,0
J160SFWT.03,0,0,0.049468012,0.024181291,0,0,0,0.000829073,0,0,0,0,0,0,0.00690894,0.910045599,0.000552715,0.000138179,0,0,0,0,0,0,0.007876192,0,0,0,0,0,0,0,0
D160TSNY.03,0,0,0.084988962,0.001931567,0,0,0,0.092577263,0,0,0,0,0,0,0.002483444,0.806153422,0.000965784,0,0,0,0,0,0,0.000551876,0.010347682,0,0,0,0,0,0,0,0
H160RV3H.03,9.04E-05,0,0.072533237,0.018449851,0,0,0,0.066654608,0,0,0,0,0,0,0.000361762,0.836031473,9.04E-05,0,0,0,0,0,0,0.004793344,0.000994845,0,0,0,0,0,0,0,0
C160SHKW.03,0,0,0.195554893,0.012902745,0,0,0,0.354713604,0,0,0,0,0,0,0.05325179,0.372687947,0.001417064,0,0,0,0,0,0,0,0.009471957,0,0,0,0,0,0,0,0
J160TDX3.03,0,0,0.004258944,0.010477002,0,0,0,0.049914821,0,0,0,0,0,0,0.00834753,0.916609881,0.003492334,0,0,0,0,0,0,0,0.006899489,0,0,0,0,0,0,0,0
F160SQSH.03,0,0,0.025065812,0.001602381,0,0,0,0.117889436,0,0,0,0,0,0,0,0.852924345,0.001831292,0,0,0,0,0,0,0,0.000686735,0,0,0,0,0,0,0,0
B160RX7R.03,0,0,0.036770805,0.001244125,0,0,0,0.146806746,0,0,0,0,0,0,0.014653027,0.778683992,0,0.021288361,0,0,0,0,0,0,0.000552944,0,0,0,0,0,0,0,0
H160TRZP.03,0,0,0.000101245,0.003644831,0,0,0,0.000202491,0,0,0,0,0,0,0.028044953,0.950187304,0,0,0,0,0,0.008808343,0,0,0.009010833,0,0,0,0,0,0,0,0
E160SDGJ.03,0,0,0.085592446,0.017819068,0,0,0,0.013402376,0,0,0,0,0,0,0.189917758,0.635699056,0.000761499,0,0,0,0,0,0,0,0.041577825,0,0,0,0,0,0.015229973,0,0
J160SK88.03,0.002418623,0,0.010883805,0.005542679,0,0,0,0.235513454,0,0,0,0,0,0,0.001108536,0.734959186,0.001209312,0,0,0,0,0,0,0.003829487,0.004434143,0,0,0,0,0,0,0,0.000100776
F160SG7C.03,0,0,0.119126328,0.115230224,0,0,0,0.158323495,0,0,0,0,0,0,0.021487603,0.57674144,0.000590319,0,0,0,0,0,0,0,0.00850059,0,0,0,0,0,0,0,0
F160T2XZ.03,0,0,0.040872418,0.004964979,0,0,0,0.069509708,0,0,0,0,0,0,0.000531962,0.881638443,0.000443302,0,0,0,0,0,0,0.000177321,0.001861867,0,0,0,0,0,0,0,0
E160VWJY.03,0.002394548,0,0.077730705,0.031865905,0,0,0,0.14127832,0,0,0,0,0,0,0.007736231,0.728495119,0.00276294,0,0,0,0,0.005894272,0,0,0.00184196,0,0,0,0,0,0,0,0
B160SH9S.03,0,0,0.056456059,0.004741427,0,0,0,0.119417797,0,0,0,0,0,0,0,0.817399934,0.000110266,0,0,0,0,0,0,0,0.001874518,0,0,0,0,0,0,0,0
B160SPNC.03,0,0,0.139271503,0.001071319,0,0,0,0.095500459,0,0,0,0,0,0,0.002754821,0.732476278,0.002295684,0,0,0,0,0.002295684,0.000153046,0,0.024181206,0,0,0,0,0,0,0,0
D160RZ9B.03,0,0,0.058275254,0.010496263,0,0,0,0.004030565,0,0,0,0,0,0,0.002351163,0.915526073,0.000755731,0,0,0,0,0,0,8.40E-05,0.008480981,0,0,0,0,0,0,0,0
K160S483.03,0.000821243,0,0.228989871,0.044210238,0,0,0,0.043662743,0,0,0,0,0,0,0.000273748,0.662058582,0,0,0,0,0,0.018067342,0,0.000136874,0.001779359,0,0,0,0,0,0,0,0
J160S3T6.03,0,0,0.092197523,0.019095927,0,0,0,0.085633299,0,0,0,0,0,0,0.021184544,0.71266597,0.002536178,0.004177234,0,0,0,0,0,0.000149187,0.062360137,0,0,0,0,0,0,0,0
H160SHH5.03,0.000221959,0,0.102397159,0.007102693,0,0,0,0.299274933,0,0,0,0,0,0,0.005253033,0.48853211,0.00347736,0,0,0,0,0,0.000295946,0,0.027374963,0,0,0,0,0,0.066069843,0,0
F160VCV3.03,0,0,0.591958446,0.006156214,0,0,0,0.015775298,0,0,0,0,0,0,0.005194306,0.301846864,0.00230858,0,0,0,0,0.041169681,0,0,0.035590612,0,0,0,0,0,0,0,0
E160SDK3.03,0,0,0.146425279,0.005615623,0,0,0,0.034112815,0,0,0,0,0,0,0.014416227,0.786271059,0.000754337,0,0,0,0,0.003352611,0,0.006537591,0.001927751,0,0,0,0,0,0.000586707,0,0
K160V6RZ.03,0,0,0.037676318,0.004268745,0,0,0,0.030530809,0,0,0,0,0,0,0.00074239,0.914903489,0.000927988,0,0,0,0,0,0,0.00937268,0.001299183,0,0,0,0,0,0.000278396,0,0
H160TXT2.03,0,0,0.070280694,0.01049925,0,0,0,0.086886651,0,0,0,0,0,0,0.000107135,0.790872081,0.001607028,0,0,0,0,0,0,0.026248125,0.012856225,0,0,0,0,0,0.000642811,0,0
H160S5P8.03,0.00052283,0,0.31544092,0.032241199,0,0,0,0.128790519,0,0,0,0,0,0,0.017601952,0.495294528,0.002091321,0,0,0,0,0.00644824,0,0,0.001568491,0,0,0,0,0,0,0,0
B160TX7D.03,0,0,0.143884246,0,0,0,0,0.103172463,0,0,0,0,0,0,0.003235373,0.730115934,0.005122675,0,0,0,0,0,0,0,0.014469309,0,0,0,0,0,0,0,0
D160T49P.03,0.000214892,0,0.011281831,0.031051896,0,0,0,0.148168046,0,0,0,0,0,0,0.002256366,0.779305899,0.000429784,0,0,0,0,0.019017943,0,0.000322338,0.007736113,0,0,0,0,0,0.000214892,0,0
J160RPQH.03,0,0,0.408905308,0.002333269,0,0,0,0.001555512,0,0,0,0,0,0,0.001555512,0.557845615,0.001166634,0.001361073,0,0,0,0,0,0.005249854,0.020027221,0,0,0,0,0,0,0,0
C160SLNT.03,0,0,0.107346241,0.025626424,0,0,0,0.064777904,0,0,0,0,0,0,0.000711845,0.778331435,0,0,0,0,0,0.002705011,0.000569476,0.002562642,0.002420273,0,0,0,0,0,0.014948747,0,0
J160SDY3.03,0,0,0.034824638,0.024538357,0,0,0,0.052174991,0,0,0,0,0,0,0.01586318,0.855496344,0.000991449,0,0,0,0,0.002726484,0.00334614,0.004213657,0.005081175,0,0,0,0,0,0.000743587,0,0
D160Q015.03,0,0,0.022443831,0.001249499,0,0,0,0.002616875,0,0,0,0,0,7.07E-05,0.038404413,0.866657236,0.004502912,0,0,0,0,0,0,4.72E-05,0.064007356,0,0,0,0,0,0,0,0
F160S9ZK.04,0,0,0.490631105,0.000148008,0,0,0,0.053638032,0,0,0,0,0,0,0.081685513,0.272867207,0,0,0,0,1.48E-05,0,0,0,0.101000533,0,0,0,0,0,0,0,1.48E-05
F160QPPL.03,0,0,0.00109529,2.61E-05,0,0,0,0,0,0,0,0,0,0,0.041099463,0.829943149,0.011500548,0,0,0,0,0,0,5.22E-05,0.11620508,0,0,7.82E-05,0,0,0,0,0
A160R5W8.03,0,0,0.006740276,0.007815573,0,0,0,0.122164232,0,0,0,0,0,0,0.144404521,0.681948123,0.005507619,0,0,0,0,0,0,0,0.020719138,0,0,0,0,0,0.010700517,0,0
E160QB3C.03,0.000124809,0,0.330462729,0.000748853,0,0,0,0.213360791,0,0,0,0,0,0,0.021373522,0.3412899,0.005866018,0,0,0,0,0.004056289,0,0.009111049,0.073574839,0,0,3.12E-05,0,0,0,0,0
A160QZMG.03,0,0,0.000186185,0.032644449,0,0,0,3.10E-05,0,0,0,0,0,0,0.0033203,0.847638553,0.011046981,0,0,0,0,0,0,0,0.105132502,0,0,0,0,0,0,0,0
K160QZLK.03,0,0,0.001417583,0.004436511,0,0,0,2.63E-05,0,0,0,0,0,0,0.01378206,0.808600005,0.011550679,0,0,0,0,0,0,0,0.160186911,0,0,0,0,0,0,0,0
A160RW24.03,0,0,0.028815773,0.009015461,0,0,0,0.00050554,0,0,0,0,0,0,0.010995492,0.894131525,0.023507604,0,0,0,0,4.21E-05,0,0,0.032986477,0,0,0,0,0,0,0,0
H160R7BT.03,0,0,0.072328805,0.008122112,0,0,0,0.002777389,0,0,0,0,0,0,0.00312748,0.871563273,0.011249592,0,0,0,0,0,0,7.00E-05,0.030761331,0,0,0,0,0,0,0,0
D160Q3P8.03,0,0,0.008727346,0.010306773,0,0,0,0.119044244,0,0,0,0,0,0,0.438837704,0.399028045,2.02E-05,0,0,0,0,0,0,0,0.024035638,0,0,0,0,0,0,0,0
E160RCBY.03,0,0,0.141310292,0.095072733,0,0,0,0.002488242,0,0,0,0,0,0,0.007027234,0.727687849,0.007519414,0,0,0,0,0,0,0.000218747,0.018648146,0,0,0,0,0,2.73E-05,0,0
G160RW17.03,0,0,0.084359387,0.001883753,0,0,0,0.002511671,0,0,0,0,0,5.46E-05,0.030112752,0.870594338,0.006634088,0,0,0,0,0,0,0,0.003849409,0,0,0,0,0,0,0,0
G160QXS9.03,0,0,0.523338748,0.0001083,0,0,0,0.047884273,0,0,0,0,0,0,0.07871896,0.253020809,0,0,0,0,0,1.55E-05,0,7.74E-05,0.096820608,0,0,0,0,0,0,0,1.55E-05
K160Q5FM.03,3.90E-05,0,0.184882314,0.117744643,0,0,0,5.86E-05,0,0,0,0,0,1.95E-05,0.10062844,0.503552051,0.002010227,0,0,0,0,0,0,0.000117101,0.090713923,0,0,0.000234201,0,0,0,0,0
B160QB48.03,0,0,0.095354036,0.028862967,0,0,0,0.100201421,0,0,0,0,0,0,0.144336971,0.620797273,0.001770734,0,0,0,0,0,8.85E-05,0.000442684,0.008056841,0,0,8.85E-05,0,0,0,0,0
A160S6GB.03,0,0,0.075048621,0.000457614,0,0,0,0.000133471,0,0,0,0,0,0,0.165465431,0.754051787,0.003660908,0,0,0,0,1.91E-05,0,0,0.001163101,0,0,0,0,0,0,0,0
D160Q0LZ.03,0,0,0.096512183,0.000597229,0,0,0,0.205805065,0,0,0,0,0,0,0.004921166,0.679216436,0.006999522,7.17E-05,0,0,0,0,0,2.39E-05,0.005852843,0,0,0,0,0,0,0,0
G160SL7T.03,0,0,0.072783786,0.004565175,0,0,0,0.000809428,0,0,0,0,0,0,0.004209027,0.893932526,0.001068445,0,0,0,0,0,0,3.24E-05,0.022599236,0,0,0,0,0,0,0,0
G160R79X.03,0,0,0.036122216,0.008614125,0,0,0,9.52E-05,0,0,0,0,0,0,0.00245098,0.851156482,0.026651437,0,0,0,2.38E-05,0,0,2.38E-05,0.074861984,0,0,0,0,0,0,0,0
J160QDWW.03,7.52E-05,0,0.057287617,0.065138328,0,2.51E-05,0,0.050063959,0,0,0,0,0,0,0.005919386,0.791943615,0.0042138,0,0,0,0,0.011337129,0.003962979,0,0.010032858,0,0,0,0,0,0,0,0
D160RZBL.03,0,0,0.020604821,0.02224701,0,0,0,0.219588523,0,0,0,0,0,0,0.010286918,0.716675962,0.001301357,0,0,0,0,0,0,0.006692694,0.002602714,0,0,0,0,0,0,0,0
D160QP4F.03,0.000225002,0,0.4100441,0.000945009,0,0,0,0.177616776,0,0,0,0,0,0,0.018675187,0.308230582,0.001597516,0,0,0,0,0.004567546,0,0.001552516,0.076523265,0,0,2.25E-05,0,0,0,0,0
C160PZB0.03,0,0,0.285588642,0.001853248,0,0,0,0.130072873,0,0,0,0,0,0,0.005088579,0.511025254,0.01184194,0,0,0,0,0,0,0.000910918,0.029651966,0,0,0,0,0,0.023966579,0,0
K160Q008.03,4.45E-05,0,0.089554894,0.016296856,0,0,0,0.002112144,0,0,0,0,0,0.000200098,0.205033572,0.651651919,0.017675308,0,0,0,0,0,0,0.00028903,0.017141714,0,0,0,0,0,0,0,0
E160Q5DQ.03,0,0,0.32828993,0.071135756,0,0,0,0.000198039,0,0,0,0,0,0,0.074205367,0.445707496,0.008278047,0.000277255,0,0,0,0,0,0.000237647,0.071591247,0,0,7.92E-05,0,0,0,0,0
G160QJZR.03,0,0,0.204421731,0.109395252,0,0,0,0.20479206,0,0,0,0,0,3.70E-05,0.007147354,0.402066437,0.000296263,0,0,0,0,0.000851757,0,0.066548161,0.004443951,0,0,0,0,0,0,0,0
F160RW3Y.03,0,0,0.032357857,0.00778722,0,0,0,0.209401557,0,0,0,0,0,0,0.014187676,0.634462895,0.003804715,0.001351207,0,0,0,0.019556946,0,0.013903211,0.012409771,0,0,0,0,0,0.050776944,0,0
F160S9FK.03,0,0,0.007843929,0.001178273,0,0,0,0.183861031,0,0,0,0,0,0,0.193859516,0.51668939,0.005016075,0,0,0,0,1.68E-05,0.000875288,0.000706964,0.089952701,0,0,0,0,0,0,0,0
J160QV9M.03,0,0,0.436733716,0.001676245,0,0,0,0.089798851,0,0,0,0,0,0,0.006178161,0.413888889,0.003208812,0,0,0,0,0,0,0.001293103,0.002011494,0,0,0,0,0,0.045210728,0,0
G160R783.03,0,0,0.021014493,0.01115942,0,0,0,0.096376812,0,0,0,0,0,0,0.00115942,0.865072464,0.000869565,0,0,0,0,0,0,0.002463768,0.001884058,0,0,0,0,0,0,0,0
H160R6YT.03,0,0,0.0153125,0.001944444,0,0,0,0.353611111,0,0,0,0,0,0,0.019236111,0.559375,0.007847222,0.001979167,0,0,0,0.01125,0,0.007361111,0.022083333,0,0,0,0,0,0,0,0
B160RYGS.03,0,0,0.292024513,0.020586077,0,0,0,0.085020068,0,0,0,0,0,0,0.001898925,0.428035044,0.009019896,0,0,0,0,0,0,0.00032368,0.04589789,0,0,0,0,0,0.117193906,0,0
K160QDLR.03,0,0,0.136656955,0.146023362,0,0,0,0.00013614,0,0,0,0,0,0,0.03858197,0.608734718,0.002259918,0.000108912,0,0,0,0,0,0,0.067470798,0,0,2.72E-05,0,0,0,0,0
G160Q3F5.03,1.90E-05,0,0.371489952,0.000228141,0,0,0,0.262514496,0,0,0,0,0,0,0.007699766,0.280955912,0.000152094,0,0,0,0,0.000988612,0,0.021445275,0.05450674,0,0,0,0,0,0,0,0
A160TVYY.03,0.003045551,0,0.018273305,0.007680085,0,0,0,0.121557203,0,0,0,0,0,0,0.014962924,0.70815678,0.000264831,0.101430085,0,0,0,0.002913136,0.000529661,0.010460805,0.010725636,0,0,0,0,0,0,0,0
J160PZYH.03,0.000393041,0,0.04073147,0.067892679,0,0.000248236,0,0.130344842,0,0,0,0,0,0,0.002647856,0.709418506,0.002875406,0,0,0,0,0.014459775,0.003578743,0,0.027409445,0,0,0,0,0,0,0,0
H160QPSX.03,0,0,0.038019659,0.028424322,0,0,0,0.084996383,0,0,0,0,0,0,0.000680822,0.824730863,0.003042424,0,0,0,0,0.006191226,0.008850687,0,0.005063614,0,0,0,0,0,0,0,0
K160S7LF.03,0.000108448,0,0.089903481,0.003795684,0,0,0,0.211148465,0,0,0,0,0,0,0.031992192,0.60861078,0,0,0,0,0,0.002494306,0.000867585,0,0.051079059,0,0,0,0,0,0,0,0
C160R7V2.03,0,0,0.176702958,0,0,0,0,0.000192697,0,0,0,0,0,0,0.065420561,0.756912997,0,0,0,0,0,0,0,0,0.000770787,0,0,0,0,0,0,0,0
D160RZKM.03,0,0,0.000502513,0,0,0,0,0.241541039,0,0,0,0,0,0,0.047236181,0.558291457,0,0,0,0,0,0,0,0,0.152428811,0,0,0,0,0,0,0,0
K160S51S.03,0.000146156,0,0.021923414,0.014907922,0,0,0,0.084185911,0,0,0,0,0,0,0.002046185,0.858228588,0.002046185,0,0,0,0,0,0.001169249,0.002192341,0.003069278,0,0,0,0,0,0.010084771,0,0
B160S1LG.03,0,0,0.012628138,0.015896598,0,0,0,0.575843114,0,0,0,0,0,0,0.08067152,0.136532462,0,0,0,0,0,0,0,0,0.178428168,0,0,0,0,0,0,0,0
J160RW31.03,0,0,0.173144417,0.002989731,0,0,0,0.095151436,0,0,0,0,0,0,0.008319251,0.698687118,0.000519953,0,0,0,0,0,0,0,0.021188093,0,0,0,0,0,0,0,0
B160W0N5.03,0.002192327,0,0.021425012,0.015645242,0,0,0,0.095764823,0,0,0,0,0,0,0.001295466,0.852914798,0.002790234,0,0,0,0,0.003089188,0,0.001993024,0.002889885,0,0,0,0,0,0,0,0
D160R9FG.03,0,0,0.05613677,8.51E-05,0,0,0,0,0,0,0,0,0,0,0.015650251,0.928042868,0,0,0,0,0,0,0,0,8.51E-05,0,0,0,0,0,0,0,0
F160TZMJ.03,0,0,0.042783354,0.011402397,0,0,0,0.041418965,0,0,0,0,0,0,0.000292369,0.892018322,0.000779651,0,0,0,0,0,0,0.005847383,0.001851671,0,0,0,0,0,0.003605886,0,0
K160T68B.03,0,0,0.017980414,0.014288008,0,0,0,0.072403275,0,0,0,0,0,0,0.000321079,0.877187349,0.000321079,0,0,0,0,0,0,0.014288008,0.003210788,0,0,0,0,0,0,0,0
B160S7BJ.03,0.000913242,0,0.122945205,0.016324201,0,0,0,0.090296804,0,0,0,0,0,0,0.000799087,0.757077626,0.000799087,0,0,0,0,0.004109589,0.000342466,0.004794521,0.001598174,0,0,0,0,0,0,0,0
G160T733.03,0.001286312,0,0.008253832,0.037838997,0,0.000107193,0,0.276342588,0,0,0,0,0,0,0.004823668,0.615392861,0.010183299,0,0,0,0,0.006002787,0,0,0.039768464,0,0,0,0,0,0,0,0
E160S27Z.03,0,0,0.249111901,0.003996448,0,0,0,0.060242747,0,0,0,0,0,0,0.000740083,0.683688573,0,0,0,0,0,0,0,0.000148017,0.002072232,0,0,0,0,0,0,0,0
K160S49X.03,0,0,0.16501845,0.014612546,0,0,0,0.187749077,0,0,0,0,0,0,0.004575646,0.547896679,0,0,0,0,0,0,0.000147601,0,0.08,0,0,0,0,0,0,0,0
K160S6BL.03,0.000177321,0,0.015692881,0.00265981,0,0,0,0.077134498,0,0,0,0,0,0,0.022431067,0.853799096,0,0,0,0,0,0.000265981,0.000354641,0,0.027484706,0,0,0,0,0,0,0,0
D160V3GC.03,0,0,0.073634204,0,0,0,0,0.197658636,0,0,0,0,0,0,0.00542925,0.714285714,0.00458093,0,0,0,0,0,0,0,0.003223617,0,0,0,0,0,0,0,0.001187648
E160SNFW.03,0.000162443,0,0.078784925,0.027777778,0,0,0,0.106562703,0,0,0,0,0,0,0.010558804,0.703703704,0.000812216,0.001137102,0,0,0,0.00877193,0,0.019655621,0.042072775,0,0,0,0,0,0,0,0
G160VKDP.03,0.000919842,0,0.134296978,0.006570302,0,0,0,0.073718791,0,0,0,0,0,0,0.002628121,0.77674113,0.001051248,0,0,0,0,0,0,0.001576873,0.002496715,0,0,0,0,0,0,0,0
G160VGBR.03,0,0,0.110134334,0.003555907,0,0,0,0.185104702,0,0,0,0,0,0,0.004938759,0.675523508,0.003654682,0,0,0,0,0,0,0.01560648,0.001481628,0,0,0,0,0,0,0,0
B160SPLK.03,0,0,0.004315816,0.011043412,0,0,0,0.06511805,0,0,0,0,0,0,0.000253872,0.908479309,0.000253872,0.000253872,0,0,0,0,0.000761615,0.009393247,0.000126936,0,0,0,0,0,0,0,0
K160W1YH.03,0,0,0.113415501,0.003673856,0,0,0,0.109149087,0,0,0,0,0,0,0.000118511,0.770443233,0.001540649,0,0,0,0,0,0,0.000355534,0.001185115,0,0,0,0,0,0.000118511,0,0
C160T4YF.03,7.60E-05,0,0.275089265,0.001215528,0,0,0,0.006685406,0,0,0,0,0,0,0.056446099,0.656841146,0.000683735,7.60E-05,0,0,0.000455823,0.000227912,0,0.000303882,0.001215528,0,0,0,0,0,0.000683735,0,0
H160R0CP.03,0,0,0.049814767,0.041356975,0,0,0,0.137095459,0,0,0,0,0,0,0.00943638,0.750460169,0.001630979,0.000302896,0,0,0,0,0,0,0.009902374,0,0,0,0,0,0,0,0
C160RVF4.03,0,0,0.147627417,0.042143395,0,7.17E-05,0,0.17524479,0,0,0.002367203,0,0,0,0.005272408,0.617337972,0.000681468,0,0,0,0.001076002,0.002690004,0.000609734,0.000573868,0.002259603,0,0,0,0,0,0.002044403,0,0
B160RN36.03,0,0,0.047956102,0.002674475,0,0,0,0.205611786,0,0,0,0,0,0,0.003296982,0.733590021,0.000461116,0.000484172,0,0,0,0,0,0.00308948,0.002397805,0,0,0,0,0,0.000438061,0,0
E160S4LL.04,0,0,0.064894918,0.007005449,0,2.22E-05,0,0.105726676,0,0,0,0,0,0,0.000778383,0.805470922,0.002223952,0,0,0,0,0.011319915,0.001734683,0,0.000800623,0,0,0,0,0,0,0,2.22E-05
K160R136.03,1.90E-05,0,0.04010106,0.211656092,0,3.80E-05,0,0.063466434,0,0,0.000208959,0,0,0,0.01762851,0.640914099,0.00398921,0,0,0,0.001120778,0.008054405,0.002127579,0,0.009536112,0,0,0,0,0,0.001139774,0,0
E160RSC7.03,0,0,0.006031577,0.005735912,0,0,0,0.098180671,0,0,0,0,0,0,0.143338655,0.703605149,0.003567698,0.001064396,0,0,0,0,0,0.000275955,0.021977805,0,0,0,0,0,0.016222183,0,0
G160QJ4G.03,0,0,0.053494427,0.001830608,0,0,0,0.051501098,0,0,0,0,0,0,0.146977463,0.491680905,0.000142381,0,0,0,2.03E-05,0.000183061,0,0,0.254169718,0,0,0,0,0,0,0,0
K160R8DV.03,0,0,0.042785773,0.00605005,0,0,0,0.20719131,0,0,0,0,0,4.58E-05,0.00517921,0.73285819,0.002062517,0.000160418,0,0,0,0,0,2.29E-05,0.00364378,0,0,0,0,0,0,0,0
B160S6F9.03,0,0,0.18407767,0.007508091,0,0,0,0.000550162,0,0,0,0,0,0,0.013656958,0.783268608,0.008122977,0,0,0,0,3.24E-05,0,0.00012945,0.002653722,0,0,0,0,0,0,0,0
F160Q322.03,0,0,0.457957706,0,0,0,0,0.045058481,0,0,0,0,0,0,0.019906833,0.380592513,0.007808573,0,0,0,3.35E-05,0.00010054,0,0,0.088541841,0,0,0,0,0,0,0,0
C160QPQK.03,1.62E-05,0,0.000646465,0.008872727,0,0,0,0,0,0,0,0,0,0,0.017761616,0.819862626,0.030707071,0,0,0,0,0,0,4.85E-05,0.122020202,0,0,6.46E-05,0,0,0,0,0
D160QVQG.03,0,0,0.024237128,0.052682411,0,0,0,0.179409939,0,0,0,0,0,0,0.00333433,0.707291834,0.000183963,0.001885621,0,0,0,0,0,0,0.030974774,0,0,0,0,0,0,0,0
A160S6S7.03,9.12E-05,0,0.22808565,0.033517854,0,0,0,0.027799745,0,0,0,0,0,0,0.082030537,0.601496441,0.000395401,0,0,0,0,0.011284141,3.04E-05,0.001672851,0.000182493,0,0,0,0,0,0.013413225,0,0
F160VVC4.03,0,0,0.002514201,0.002514201,0,0,0,0.070118261,0,0,0,0,0,0,0.002141726,0.903529193,9.31E-05,9.31E-05,0,0,0,0,0,0.018158115,0.000838067,0,0,0,0,0,0,0,0
E160R6QK.03,0,0,0.16851145,0.00019084,0,0,0,0,0,0,0,0,0,0,0.03778626,0.646946565,0,0,0,0,0,0,0,0,0.146564885,0,0,0,0,0,0,0,0
D160QXK9.03,0,0,0.000833036,0.000357015,0,0,0,0.085088659,0,0,0,0,0,0,0.15696775,0.719385934,0,0.00023801,0,0,0,0,0,0.00023801,0.036891586,0,0,0,0,0,0,0,0
G160S20J.03,0,0,0.267888615,0.006168488,0,0,0,0.090764892,0,0,0,0,0,0,0.00211491,0.614733874,0,0,0,0,0,0.003877335,0,0.011279521,0.002291153,0,0,0,0,0,0.000881213,0,0
J160TN6S.03,0.00046225,0,0.029583975,0.008782743,0,0,0,0.095531587,0,0,0,0,0,0,0.019876733,0.837442219,0.000154083,0.004160247,0,0,0,0,0,0.000154083,0.00385208,0,0,0,0,0,0,0,0
K160T77X.03,0,0,0.032164993,0.001389186,0,0,0,0.117012182,0,0,0,0,0,0,0.008335114,0.824107715,0.000427442,0,0,0,0,0.004488138,0.000213721,0.001175465,0.010365463,0,0,0,0,0,0.000320581,0,0
G160QVTL.03,0,0,0.006881565,0.000181094,0,0,0,0,0,0,0,0,0,0,0.366352771,0.62368707,0,0,0,0,0,0,0,0,0.002897501,0,0,0,0,0,0,0,0
K160S808.03,0,0,0.011733073,0.008066487,0,0,0,0.068565143,0,0,0,0,0,0,0.004399902,0.884258128,0.000366659,0.00012222,0,0,0,0.009410902,0,0.008555365,0.003055488,0,0,0,0,0,0.001466634,0,0
F160SJ13.04,0,0,0.09642165,0.011469647,0,0,0,0.242890621,0,0,0,0,0,0,0.000630943,0.639393393,0.003425121,0,0,0,0,2.25E-05,0.002275902,0,0.003470188,0,0,0,0,0,0,0,0
B160Q46H.04,0,0,0.026203668,0.002358879,0,0,0,0.287344341,0,0,0,0,0,0,0.000694863,0.653976265,0.000182859,0,0,0,0,0.003547461,0.000731435,0.024411652,0.000530291,0,0,0,0,0,1.83E-05,0,0
F160SGV8.04,0,0,0.103153627,0.001667907,0,0,0,0.335351928,0,0,0,0,0,0,0.018911498,0.527084242,0.000179621,0,0,0,0,0.003284494,0,0.008750096,0.001565266,0,0,0,0,0,5.13E-05,0,0
K160RTPR.03,0,0,0.213697812,0.002537422,0,0,0,0.091368502,0,0,0,0,0,0,0.003070493,0.668429357,0.007143162,0,0,0,0,0,0,0.009019574,0.001983027,0,0,0,0,0,0.00275065,0,0
J160R4GY.03,0,0,0.039096666,0.004158203,0,0,0,0.24440196,0,0,0,0,0,2.39E-05,0.001935715,0.703118652,0.00136217,0,0,0,0,0,0,0.003273987,0.002437567,0,0,0,0,0,0.000191182,0,0
A160R97Q.03,0,0,0.001868196,0.00724731,0,0,0,0.414739419,0,0,0,0,0,0,0.000483154,0.482542034,0.002061457,3.22E-05,0,0,0,0.020968885,0,0.018295433,0.051761902,0,0,0,0,0,0,0,0
K160SFXS.04,0,0,0.161172161,0.00195226,0,0,0,0.224429417,0,0,0,0,0,0,0.000986193,0.602081069,0.003059212,0,0,0,0,0,0,0.003381234,0.002938453,0,0,0,0,0,0,0,0
F160RC28.03,1.96E-05,0,0.338080459,0.008034101,0,0,0,0.127583091,0,0,0,0,0,0,0.005028679,0.508741259,0.004891176,0,0,0,0,0,0,0.00125717,0.0013161,0,0,0,0,0,0.005048322,0,0
E160Q5XG.03,0,0,0.026237448,0.007531325,0,0,0,0.143872745,0,0,0,0,0,0,0.021771972,0.789011819,0.000399893,2.22E-05,0,0,0,0.003310228,0.004998667,0.000644273,0.002199413,0,0,0,0,0,0,0,0
F160Q7JF.03,0,0,0.13511386,0.00118077,0,0,0,0.19465842,0,0,0,0,0,0,0.004610627,0.58318808,0.003092494,0,0,0,0,0,0,0.004666854,0.073039078,0,0,0,0,0,0.000449817,0,0
G160QHV6.03,0,0,0.458344215,0.002402716,0,0,0,0.143379472,0,0,0,0,0,0,0.003499608,0.381770697,0.002663881,0,0,0,0,0,0,0.002037085,0.005902324,0,0,0,0,0,0,0,0
B160R7ZK.03,0,0,0.324780059,0.010752688,0,0,0,0.089714348,0,0,0,0,0,0,0.036629738,0.511920278,0.000217226,0.001846421,0,0,0,0,0,2.72E-05,0.024112089,0,0,0,0,0,0,0,0
A160S945.03,0,0,0.283579986,0.005073996,0,0,0,0.080902044,0,0,0,0,0,0,0.051162791,0.554474982,0,0,0,0,0,0.003100775,0,0.01564482,0.006060606,0,0,0,0,0,0,0,0
E160QDKV.03,2.17E-05,0,0.000498699,8.67E-05,0,0,0,0,0,0,0,0,0,0,0.130832611,0.653816132,0.031808326,8.67E-05,0,0,0,0,0,0.000108413,0.182610581,0,0,0.000130095,0,0,0,0,0
C160S2KH.03,0,0,0.003493645,0.019153101,0,0,0,0.203374712,0,0,0,0,0,0,0.009341163,0.693872494,0.05228078,9.91E-05,0,0,0,0,0,0,0.018186774,0,0,0,0,0,0.000198221,0,0
K160SJ5V.03,0.000674878,0,0.060232833,0.011304201,0,0,0,0.115066644,0,0,0,0,0,0,0.001181036,0.804960351,0.000843597,0,0,0,0,0.001181036,0.000506158,0.003711827,0.000337439,0,0,0,0,0,0,0,0
F160SFSP.03,2.09E-05,0,0.084343403,0.011534677,0,0,0,0.181770604,0,0,0,0,0,0,0.046306182,0.642843685,0.001905001,0,0,0,0,0.02011765,0,0.000146539,0.011011325,0,0,0,0,0,0,0,0
G160S1WX.04,1.89E-05,0,0.087361402,0.019795622,0,0,0,0.164314992,0,0,0,0,0,0,0.051812395,0.645284373,0.002380008,0,0,0,0,0.018001171,0,7.56E-05,0.010955592,0,0,0,0,0,0,0,0
J160R776.03,0,0,0.04910953,0.018261835,0,0.000164521,0,0.127832847,0,0,0.000699214,0,0,0,0.004400938,0.746802122,0.001480689,0,0,0,0.000822605,0.006827623,0.003578333,0.000452433,0.03652367,0,0,0,0,0,0.003043639,0,0
G160TD79.03,9.29E-05,0,0.046565666,0.014871271,0,0,0,0.091923041,0,0,0,0,0,0,0.000650618,0.834835951,9.29E-05,0,0,0,0,0.004833163,0.000371782,0.003624872,0.0010224,0,0,0,0,0,0.001115345,0,0
H160V6W5.03,0,0,0.021800714,0.007390073,0,0,0,0.113068112,0,0,0,0,0,0,0.000246336,0.850351028,0.000615839,0,0,0,0,0.002463358,0,0.003695036,0.000369504,0,0,0,0,0,0,0,0
H160T9QX.03,0.000580552,0,0.022496372,0.020899855,0,0,0,0.1,0,0.000145138,0,0,0,0,0.000870827,0.832656023,0.000725689,0,0,0,0,0.006966618,0.000435414,0.013788099,0.000290276,0,0,0,0,0,0.000145138,0,0
C160TDJT.03,0,0,0.00756043,0.004578852,0,0,0,0.088488979,0,0,0,0,0,0,0.005537216,0.860717708,0.000319455,0.000106485,0,0,0,0.020871047,0,0.006921521,0.004898307,0,0,0,0,0,0,0,0
F160TDH1.03,0,0,0.042167594,0.002512112,0,0,0,0.123093486,0,0,0,0,0,0,0.000897183,0.805490759,0.000358873,0,0,0,0,0.003588731,0.000179437,0.021532388,0.000179437,0,0,0,0,0,0,0,0
A160TLHC.03,0.000120236,0,0.013466394,0.001082121,0,0,0,0.099675364,0,0,0,0,0,0,0.001683299,0.838884213,0.000601178,0.001082121,0,0,0,0.000961885,0.000240471,0.036070699,0.000480943,0,0,0,0,0,0.005651076,0,0
E160SPP8.03,0,0,0.328302961,0.024060364,0,0,0,0.060079727,0,0,0,0,0,0,0.000711845,0.573889522,0,0,0,0,0,0.005694761,0.000284738,0,0.000569476,0,0,0,0,0,0.006406606,0,0
D160SV72.03,0,0,0.019562036,0.000975535,0,0,0,0.334531358,0,0,0,0,0,0,0.002002413,0.567196365,0.000487767,0.002336149,0,0,0,0.002182117,0,0.070058789,0.000179704,0,0,0,0,0,0.000487767,0,0
B160RX6V.03,0,0,0.040155642,0.007315175,0,0,0,0.072840467,0,0,0,0,0,0,0.006225681,0.861322957,0.003735409,0,0,0,0,0,0.001089494,0.003735409,0.003579767,0,0,0,0,0,0,0,0
C160S60H.03,0,0,0.010433387,0.021554689,0,0,0,0.068447604,0,0,0,0,0,0,0.001031873,0.87755102,0.000917221,0.000229305,0,0,0,0,0.000917221,0.017885806,0.001031873,0,0,0,0,0,0,0,0
B160SN6N.03,9.29E-05,0,0.004457238,0.019036122,0,0,0,0.0106788,0,0,0,0,0,0,0.007614449,0.923484075,0.00102145,0,0,0,0,0.015786053,0,9.29E-05,0.017736094,0,0,0,0,0,0,0,0
F160T8L1.03,0.000137382,0,0.07926913,0.074323396,0,0,0,0.160049457,0,0,0,0,0,0,0.013875532,0.662728397,0.000274763,0,0,0,0,0.00728122,0,0,0.000549526,0,0,0,0,0,0.001511197,0,0
A160SG1R.03,0.001186803,0,0.00427249,0.0084263,0,0.000356041,0,0.099928792,0,0,0,0,0,0,0.011155946,0.853904581,0.002017565,0,0,0,0,0.008901021,0,0.000237361,0.009613102,0,0,0,0,0,0,0,0
G160SH2D.03,0,0,0.008267025,0.017050739,0,0,0,0.486824429,0,0,0,0,0,0,0.036478247,0.396093831,0,0.000206676,0,0,0,0,0,0,0.055079053,0,0,0,0,0,0,0,0
E160SJ20.03,0,0,0.020413755,0.004110152,0,0,0,0.18865598,0,0,0,0,0,0,0.000137005,0.768735443,0,0,0,0,0,0.00082203,0.00027401,0.016440608,0.000411015,0,0,0,0,0,0,0,0
H160S8N1.03,0.001864512,0,0.080236172,0.016034804,0,0,0,0.072529521,0,0,0,0,0,0,0.005407085,0.809011809,0.000310752,6.22E-05,0,0,0,0.01379739,0,0.000186451,0.000559354,0,0,0,0,0,0,0,0
K160SJLS.03,0,0,0.038991916,0.015374861,0,0,0,0.061657949,0,0,0,0,0,0,0.015691869,0.858456174,0.000158504,0,0,0,0,0.004438104,0.001902045,0,0.003328578,0,0,0,0,0,0,0,0
F160T770.03,0,0,0.059453471,0.024926145,0,0,0,0.187038405,0,0,0,0,0,0,0.000184638,0.709379616,0.001661743,0,0,0,0,0.015694239,0.000923191,0,0.000369276,0,0,0,0,0,0.000369276,0,0
A160RD69.03,2.30E-05,0,0.064536139,0.048775445,0,0,0,0.176308413,0,0,0,0,0,0,0.01982723,0.661351836,0.001952856,2.30E-05,0,0,2.30E-05,0.017024307,0.000666268,0.009281809,0.000206773,0,0,0,0,0,0,0,0
A160SPBG.03,0.000254755,0,0.04857337,0.002972147,0,0,0,0.072435462,0,0,0,0,0,0,0.00110394,0.862347147,0.000339674,0,0,0,0,0.010275136,0,0,0.00169837,0,0,0,0,0,0,0,0
J160T1C4.03,0.000459982,0,0.003334867,0.006554738,0,0,0,0.129829807,0,0,0,0,0,0,0.004714811,0.841191352,0.000459982,0,0,0,0,0.006554738,0,0,0.006899724,0,0,0,0,0,0,0,0
F160SDHY.03,0,0,0.011082964,0.025965801,0,0,0,0.043302723,0,0,0,0,0,0,0.000712476,0.845155161,0.000554148,0,0,0,0,0,0,0.003008233,0.069268524,0,0,0,0,0,0.000949968,0,0
D160S9SQ.03,0.00017094,0,0.211794872,0.048376068,0,0,0,0.086495726,0,0,0,0,0,0,0.00034188,0.598803419,0.001367521,0.038290598,0,0,0,0.002222222,0,0.008205128,0.003931624,0,0,0,0,0,0,0,0
E160T70L.03,0.000235128,0,0.001058077,0.004114743,0,0,0,0.212085587,0,0,0,0,0,0,0.002703974,0.762285446,0.000117564,0.000117564,0,0,0,0.007524101,0.000352692,0,0.009405126,0,0,0,0,0,0,0,0
H160TR3H.03,0,0,0.042834218,0.004443896,0,0,0,0.041599802,0,0,0,0,0,0,0.009875324,0.883471176,0.00160474,0,0,0,0,0.014936428,0,0,0.001234416,0,0,0,0,0,0,0,0
D160VYZ0.03,0,0,0.005114544,0.000639318,0,0,0,0.132658498,0,0,0,0,0,0,0.004794885,0.774427278,0.000106553,0,0,0,0,0.000852424,0,0.080447523,0.000958977,0,0,0,0,0,0,0,0
B160S1Q2.03,0.00015528,0,0.095496894,0.136801242,0,0,0,0.152950311,0,0,0,0,0,0,0.043944099,0.397670807,0,0,0,0,0,0,0,0,0.172981366,0,0,0,0,0,0,0,0
C160TFNJ.03,0.001086788,0,0.011954665,0.01381773,0,0,0,0.182269834,0,0,0,0,0,0,0.016612327,0.685142059,0.000310511,0.031516845,0,0,0,0.002484086,0.000465766,0.020648968,0.033690421,0,0,0,0,0,0,0,0
A160VTFL.03,0,0,0.066273768,0.008117425,0,0,0,0.259868787,0,0,0,0,0,0,0.001556766,0.658289781,0.003558323,0,0,0,0,0,0,0.001111976,0.001223174,0,0,0,0,0,0,0,0
C160S2NJ.03,0,0,0.042428346,0.012976755,0,0,0,0.039381629,0,0,0,0,0,0,0.000225683,0.891446626,0.000112841,0,0,0,0,0.000789889,0.000564207,0.010381404,0.00169262,0,0,0,0,0,0,0,0
K160T3VG.03,0,0,0.224124752,0,0,0,0,0.001375936,0,0,0,0,0,0,0.003516282,0.709983183,0.005656627,0,0,0,0,0,0,0,0.05534322,0,0,0,0,0,0,0,0
G160R8HL.03,0.000253485,0,0.139670469,0.001013942,0,0,0,0.147148289,0,0,0,0,0,0,0.001647655,0.697591888,0,0,0,0,0,0,0,0.000380228,0.012294043,0,0,0,0,0,0,0,0
C160SL9N.03,0,0,0.04920778,0.002447507,0,0,0,0.000128816,0,0,0,0,0,0,0.013525699,0.932371506,0.000128816,0.00167461,0,0,0,0,0,0,0.000515265,0,0,0,0,0,0,0,0
F160S952.03,0,0,0.162843124,0.003713035,0,0.001193476,0,0.05662379,0,0,0,0,0,0,0.000397825,0.762630951,0.000265217,0,0,0,0,0,0,0,0.012332582,0,0,0,0,0,0,0,0
G160RPTB.03,0,0,0.005661199,0,0,0,0,0.000145159,0,0,0,0,0,0,0.044273479,0.735810713,0,0,0,0,0,0,0,0,0.21410945,0,0,0,0,0,0,0,0
F160T9N6.03,0,0,0.005343906,0,0,0,0,0,0,0,0,0,0,0,0.003102913,0.814687123,0.012756421,0,0,0,0,0,0,0,0.164109636,0,0,0,0,0,0,0,0
D160T96B.03,0,0,0.031538707,0.006159074,0,0,0,0.086014654,0,0,0,0,0,0,0.002973346,0.796325794,0.00456621,0,0,0,0,0.067006478,0,0,0.005309547,0,0,0.000106191,0,0,0,0,0
F160SJFC.03,0,0,0.097176384,0.001466813,0,0.000122234,0,0.106466202,0,0,0,0,0,0,0.000366703,0.788412175,0.000366703,0,0,0,0,0.00220022,0,0,0.003422564,0,0,0,0,0,0,0,0
B160SP9K.03,0,0,0.000420743,0.000420743,0,0,0,0.000631114,0,0,0,0,0,0,0.00557484,0.98716735,0.000315557,0.000315557,0,0,0,0.000105186,0,0.000105186,0.004943726,0,0,0,0,0,0,0,0
B160RXQR.03,0,0,0.323951863,0.01552795,0,0,0,0,0,0,0,0,0,0,0.029309006,0.200892857,0,0,0,0,0,0,0,0,0.430318323,0,0,0,0,0,0,0,0
E160V4M3.03,0.000174338,0,0.078103208,0.014644351,0,0,0,0.128312413,0,0,0,0,0,0,0.011680614,0.72402371,0.001569038,0.008716876,0,0,0,0,0,0.02179219,0.005404463,0,0,0,0,0,0.005578801,0,0
E160V3WX.03,0,0,0.028979754,0.009659918,0,0,0,0.156543602,0,0,0,0,0,0,0.176789731,0.557099378,0,0.062855631,0,0,0,0.000793966,0.000132328,0.000529311,0.006616382,0,0,0,0,0,0,0,0
A160VK9Q.03,0,0,0.022635216,0.016797713,0,0,0,0.124731951,0,0,0,0,0,0,0.003097451,0.826900167,0,0.000357398,0,0,0,0.000119133,0,0.005360972,0,0,0,0,0,0,0,0,0
C160RZ8F.03,0,0,0.1231082,0.014117913,0,0,0,0.150779309,0,0,0,0,0,0,0.001807093,0.697876666,0.002597696,0,0,0,0,0,0,0.000112943,0.009600181,0,0,0,0,0,0,0,0
B160T6ZP.03,0,0,0.028213533,0.008311871,0,0,0,0.178880824,0,0,0,0,0,0,0.004448607,0.761765395,0.000234137,0.000117069,0,0,0,0.005385156,0,0.006204636,0.006438773,0,0,0,0,0,0,0,0
F160QNR2.03,6.84E-05,0,0.122380094,0.002303464,0,0,0,0.23082537,0,0,0,0,0,0,0.007115652,0.481401236,0,0,0,0,0,0.080598445,0,0.003284147,0.072023171,0,0,0,0,0,0,0,0
D160S3L6.04,0,0,0.104674797,0.005826558,0,0,0,0.330691057,0,0,0,0,0,0,0.006842818,0.434033424,0,0,0,0,2.26E-05,0.05767841,0,0.003387534,0.056842818,0,0,0,0,0,0,0,0
J160Q7XT.03,0,0,0.480476761,0.060204268,0,0,0,0.225568032,0,0,0,0,0,0,0.01557392,0.166419623,0.000304575,0,0,0,0,4.06E-05,0,2.03E-05,0.051391906,0,0,0,0,0,0,0,0
E160QCVG.03,0,0,0.058098841,0.00101147,0,0,0,0.376529848,0,0,0,0,0,0,0.001517205,0.529362976,0,0,0,0,0,0.022940141,0,0.000991241,0.009548277,0,0,0,0,0,0,0,0
C160QJ31.03,0,0,0.032832703,0.00189148,0,0,0,0.260713681,0,0,0,0,0,0,0.000310541,0.684179324,0.00378296,0.011461803,0,0,0,0,0,0.002823104,0.000508159,0,0,0,0,0,0.001496245,0,0
H160RX4F.04,0,0,0.286946319,0.007157524,0,0,0,0.222411264,0,0,0,0,0,0,0.009562922,0.287943678,0,0,0,0,0,0.010002933,0,0,0.12637137,0,0,0,0,0,0.049603989,0,0
A160SC1Q.03,0,0,0.030635785,0.002140814,0,0,0,0.293549875,0,0,0,0,0,0,0.000166098,0.648703516,0.000166098,0,0,0,0,0.003008213,0.000848943,0.020134724,0.000645935,0,0,0,0,0,0,0,0
B160R6ZQ.04,0,0,0.068179169,0.003340974,0,0,0,0.396021911,0,0,0,0,0,0,0.002292063,0.489355503,0,0,0,0,0.001806457,0.027699002,0,0.000796395,0.010508527,0,0,0,0,0,0,0,0
E160QYVD.03,0,0,0.285479709,0.004118122,0,0,0,0.309380457,0,0,0,0,0,0,0.007193682,0.242030912,0,0,0,0,0,0.007767092,0,0,0.118617562,0,0,0,0,0,0.025412464,0,0
B160QXVN.03,0,0,0.004937473,0.042259595,0,0,0,0.201358344,0,0,0,0,0,0,0.051918931,0.507891332,0.007761966,0,0,0,0,0,0,0,0.065200517,0,0,0,0,0,0.118671841,0,0
D160S1V3.03,0,0,0.053903011,0.00306472,0,0,0,0.367022715,0,0,0,0,0,0,0.018726339,0.531075356,0.000743645,0.000112674,0,0,0,0.00833784,0,0.016224986,0.00076618,0,0,0,0,0,2.25E-05,0,0
B160SF7Z.03,0,0,0.020557204,0.004862806,0,0,0,0.069571476,0,0,0,0,0,0,0.025384899,0.876077454,0.000825097,0,0,0,0,0.001474641,0,0.000596879,0.000438881,0,0,0,0,0,0.000210663,0,0
C160QTQG.03,0,0,0.016421376,0.009661836,0,0,0,0.257442984,0,0,0,0,0,0,0.046324383,0.65649927,0.000430663,0.000355765,0,0,0,1.87E-05,0,0,0.012844999,0,0,0,0,0,0,0,0
G160Q8CM.03,0,0,0.027300263,0.005696748,0,0,0,0.233165507,0,0,0,0,0,0,0.00272802,0.709245181,0.003751028,0.017270776,0,0,0,2.01E-05,0,0,0.0007823,0,0,0,0,0,4.01E-05,0,0
D160S50W.03,0,0,0.067751748,0.008809703,0,0,0,0.234207719,0,0,0,0,0,0,0.019614427,0.664243669,0.001362936,0,0,0,0,3.95E-05,0,0.000632086,0.003041915,0,0,0,0,0,0.00029629,0,0
C160Q25B.03,0,0,0.316130542,0.004086188,0,0,0,0.378935431,0,0,0,0,0,0,0.039511818,0.244505247,0,0,0,0,0,0,0,5.40E-05,0.016776772,0,0,0,0,0,0,0,0
H160V0YR.03,0,0,0.011321748,0.002896261,0,0,0,0.019747235,0,0,0,0,0,0,0.000131648,0.943391259,0.001843075,0,0,0,0,0,0,0,0.020668773,0,0,0,0,0,0,0,0
F160SQ6D.03,0.000148412,0,0.010092015,0.00296824,0,0,0,0.025230039,0,0,0,0,0,0,0.00148412,0.956218462,0.000148412,0,0,0,0.000445236,0.00222618,0,0.000890472,0,0,0,0.000148412,0,0,0,0,0
A160T3JQ.03,0.000318928,0,0.016903205,0.009408388,0,0,0,0.143358316,0,0,0,0,0,0,0.00191357,0.785042258,0.000318928,0.012278743,0,0,0,0.003508212,0.000318928,0.026311593,0.000318928,0,0,0,0,0,0,0,0
D160VKFZ.03,0,0,0.032322228,0.003356539,0,0,0,0.026479364,0,0,0,0,0,0,0.000870214,0.926777723,0.000124316,0,0,0,0,0.001243163,0,0.008453506,0.000372949,0,0,0,0,0,0,0,0
D160TG8W.03,0,0,0.013747521,0.031460674,0,0,0,0.137475215,0,0,0,0,0,0,0.001850628,0.740515532,0.000396563,0,0,0,0,0,0,0.072306675,0.002247191,0,0,0,0,0,0,0,0
A160TZLM.03,0,0,0.032295271,0.034437304,0,0,0,0.064590542,0,0,0,0,0,0,0.000988631,0.830614599,0.001977261,0,0,0,0,0,0,0.003295436,0.001482946,0,0,0,0,0,0.03031801,0,0
K160SF1C.04,0,0,0.025799481,0.003932584,0,0,0,0.217394123,0,0,0,0,0,0,0.00298185,0.739498704,8.64E-05,0.001101988,0,0,2.16E-05,0.000713051,4.32E-05,0.007886776,0.00054019,0,0,0,0,0,0,0,0
G160Q2JB.03,0,0,0.02474829,0.01767735,0,0,0,0.310083775,0,0,0,0,0,0,0.000153716,0.619514257,0,0,0,0,0,0.002075167,0,0.025478441,0.000269003,0,0,0,0,0,0,0,0
E160QVSP.03,0,0,0.036060161,0.015884079,0,0,0,0.239068232,0,0,0,0,0,0,0.00212766,0.655282465,0.000623624,0,0,0,0,0.008804109,0,0.021826853,0.001980924,0,0,0,0,0,0.018341893,0,0
A160RSBB.03,2.55E-05,0,0.058604128,0.004981606,0,0,0,0.370989168,0,0,0,0,0,0,0.004470672,0.545651952,0.000919681,0,0,0,0,0.003806458,0.000255467,0.008558144,0.001098508,0,0,0,0,0,0.000638667,0,0
H160NS0C.03,0,0,5.27E-05,0,0,0,0,8.10E-06,0,0,0,0,0,0,8.10E-05,5.27E-05,0,0,0,0,0,0,0,0,0.999805561,0,0,0,0,0,0,0,0
K160RJ83.03,0,0,0.000300933,0,0,0,0,0.119771291,0,0,0,0,0,0,0.082756545,0.160698164,0,0,0,0,0,0,0,0,0.636473067,0,0,0,0,0,0,0,0
J160V5RW.03,0.002273639,0,0.224154072,0.002541126,0,0,0,0.188578307,0,0,0,0,0,0,0.002942357,0.564664973,0.002808613,0,0,0,0,0.008693326,0.000133743,0.000267487,0.002942357,0,0,0,0,0,0,0,0
F160VBRB.03,0.001265467,0,0.044291339,0.010686164,0,0,0,0.058633296,0,0,0,0,0,0,0.012795276,0.865860517,0.000140607,0,0,0,0,0.004640045,0,0.000843645,0.000843645,0,0,0,0,0,0,0,0
C160VMB6.03,0,0,0.041992018,0.027936838,0,0,0,0.041992018,0,0,0,0,0,0,0.000867604,0.871594656,0.001041124,0,0,0,0,0.004338018,0,0.006767309,0.003470415,0,0,0,0,0,0,0,0
C160TYX8.03,0.00307377,0,0.13852459,0.005122951,0,0,0,0.156454918,0,0,0,0,0,0,0.002151639,0.661270492,0.003381148,0,0,0,0,0.000922131,0.000307377,0.00102459,0.002663934,0,0,0,0,0,0.025102459,0,0
E160TCMJ.03,0.000117592,0,0.008584196,0.018579492,0,0,0,0.17215428,0,0,0,0,0,0,0.003292568,0.759524929,0.000823142,0.024223895,0,0,0,0.000117592,0,0.000235183,0.012347131,0,0,0,0,0,0,0,0
H160QQK6.03,0,0,0.452519541,0.000166306,0,0,0,0.000498919,0,0,0,0,0,0,0.544320639,0.002494595,0,0,0,0,0,0,0,0,0,0,0,0,0,0,0,0,0
F160QGWV.03,4.22E-05,0,0.020567451,0.018816581,0,0,0,0.211264635,0,0,0,0,0,0,0.022887881,0.680919734,0.002636853,2.11E-05,0,0,0,0.041155996,0.000316422,4.22E-05,0.001328974,0,0,0,0,0,0,0,0
H160R46D.03,8.16E-05,0,0.154768704,0,0,0,0,8.16E-05,0,0,0,0,0,0,0.041200946,0.801990699,0,0,0,0,0,0,0,0,0.001876479,0,0,0,0,0,0,0,0
H160RRSS.03,0.000119204,0,0.000119204,0.000119204,0,0,0,0.154249613,0,0,0,0,0,0,0.023006318,0.768983192,0,0,0,0,0,0,0,0,0.053403266,0,0,0,0,0,0,0,0
J160RXFQ.03,0,0,0.024119633,0.001447178,0,0,0,0.037144235,0,0,0,0,0,0,0.006110307,0.921209198,0,0.004341534,0,0,0,0.000964785,0,0,0.003055154,0,0,0,0,0,0.001607976,0,0
A160S1SD.03,0,0,0.307158351,0.022885033,0,0,0,0.028633406,0,0,0,0,0,0,0.003362256,0.579826464,0.00032538,0.040455531,0,0,0,0.007049892,0,0.007266811,0.003036876,0,0,0,0,0,0,0,0
G160R33X.03,0,0,0.07375616,0,0,0,0,7.95E-05,0,0,0,0,0,0,0.08869814,0.833730726,0,0,0,0,0,0,0,0,0.003735495,0,0,0,0,0,0,0,0
D160VBQF.03,0,0,0.007255747,0.000502874,0,0,0,0.164439655,0,0,0,0,0,0,0.00158046,0.80933908,7.18E-05,0,0,0,0,0.000718391,7.18E-05,0.014942529,0.001077586,0,0,0,0,0,0,0,0
G160THCP.03,0,0,0.10761265,0.005177722,0,0,0,0.158690176,0,0,0,0,0,0,0.006017352,0.704170165,0.00447803,0,0,0,0,0.011614889,0,0,0.002239015,0,0,0,0,0,0,0,0
H160R216.03,6.60E-05,0,0.123803235,0,0,0,0,0.000264114,0,0,0,0,0,0,0.110399472,0.763750413,0,0,0,0,0,0,0,0,0.001716738,0,0,0,0,0,0,0,0
K160SGBZ.03,0,0,0.189947487,0.008552138,0,0,0,0.046661665,0,0,0,0,0,0,0.003150788,0.734283571,0.000300075,0,0,0,0,0.003300825,0,0.0060015,0.00780195,0,0,0,0,0,0,0,0
H160SHJ2.03,9.73E-05,0,0.06800934,0.014788869,0,0,0,0.14837517,0,0,0,0,0,0,0.00019459,0.76133489,9.73E-05,9.73E-05,0,0,0,0.003210741,0.000681066,0,9.73E-05,0,0,0,0,0,0.003016151,0,0
K160RVVT.03,0,0,0.000137429,0,0,0,0,0.143063286,0,0,0,0,0,0,0.036899608,0.566549852,0,6.87E-05,0,0,0,0,0,0,0.25328111,0,0,0,0,0,0,0,0
C160S2XJ.03,0,0,0.053658537,0.001125704,0,0,0,0.140838024,0,0,0,0,0,0,0.051657286,0.397873671,0,0,0,0,0,0,0.000500313,0,0.354346467,0,0,0,0,0,0,0,0
K160RCSF.03,0,0,0.197499144,0,0,0,0,0.451695786,0,0,0,0,0,0,0.294964029,0.008050702,0,0,0,0,0,0,0,0,0.047790339,0,0,0,0,0,0,0,0
E160RYL3.03,0,0,0.277106852,0.078892098,0,0,0,0.065765293,0,0,0,0,0,0,0.003281701,0.521921764,0.000131268,0.000787608,0,0,0,0.016408506,0,0.000131268,0.035573641,0,0,0,0,0,0,0,0
H160Q8SR.03,0,0,0.043658865,0.037499642,0,0,0,0.385051709,0,0,0,0,0,0,0.005185206,0.505715186,8.59E-05,0,0,0,0,0.009883404,0,0.006904059,0.006015985,0,0,0,0,0,0,0,0
H160RHM0.03,0,0,0.015680836,0.003440183,0,0,0,0.30268281,0,0,0,0,0,0,0.00712038,0.645981119,0.002106779,2.67E-05,0,0,0,0.010400555,0,0.002720145,0.009840525,0,0,0,0,0,0,0,0
D160S8B6.03,0,0,0.032609719,0.001601055,0,0,0,0.345804295,0,0,0,0,0,0,0.006733848,0.595451121,0.000635713,0.000258994,0,0,0,0.0016246,0,0.013608966,0.001271426,0,0,0,0,0,0.000400264,0,0
A160R4DW.03,0.001698252,0,0.021922884,0.014242155,0,0,0,0.107723185,0,0,0,0,0,0,0.000926319,0.796595778,0.001350882,0,0,0,0,0.018063221,0,0.003049134,0.002663167,0,0,3.86E-05,0,0,0.031726427,0,0
H160PZ1W.03,0,0,0.106257719,0.042795389,0,0,0,0.337669823,0,0,0,0,0,0,0.002099629,0.489151914,0.0002676,0,0,0,0,0.017846851,0.002161383,0,0.001749691,0,0,0,0,0,0,0,0
J160QBFB.03,0,0,0.505986317,0,0,0,0,0.023314058,0,0,0,0,0,0,0.02673481,0.384569963,0,0,0,0,0,0,0,0,0.059394853,0,0,0,0,0,0,0,0
K160SGX2.03,0,0,0.059271523,0.017384106,0,0,0,0.031291391,0,0,0,0,0,0,0.000662252,0.865066225,0.000496689,0.005794702,0,0,0,0.001986755,0,0.017549669,0.000331126,0,0,0.000165563,0,0,0,0,0
E160R5QR.03,0,0,0.125492773,0,0,0,0,0,0,0,0,0,0,0,0.02869032,0.845159877,0,0,0,0,0,0,0,0,0.00065703,0,0,0,0,0,0,0,0
D160QZKN.03,0,0,0.00124189,0,0,0,0,0.331199281,0,0,0,0,0,0,0.001006359,0.156820761,4.28E-05,0,0,0,0,0.047448772,0,8.56E-05,0.462154465,0,0,0,0,0,0,0,0
J160S1HR.03,0,0,0.000663658,0,0,0,0,0.000398195,0,0,0,0,0,0,0.034775684,0.610698168,0,0,0,0,0,0,0,0,0.353331564,0,0,0,0,0,0.000132732,0,0
D160SKKV.03,0,0,0.60383168,0.000855286,0,0,0,0,0,0,0,0,0,0,0.004276428,0.348614437,0.0083818,0,0,0,0,0,0,0,0.034040369,0,0,0,0,0,0,0,0
G160RZLJ.03,0,0,0.001491951,0,0,0,0,0,0,0,0,0,0,0,0.00062819,0.898390263,0,0,0,0,0,0,0,0,0.099489596,0,0,0,0,0,0,0,0
B160P5NH.04,0,0,0.210892857,0,0,0,0,0.002857143,0,0,0,0,0,0,0.170714286,0.001428571,0,0,0.011964286,0,0.296785714,0.278928571,0,0,0.026428571,0,0,0,0,0,0,0,0
F160S32Y.03,0,0,0.00083668,0,0,0,0,0,0,0,0,0,0,0,0.001171352,0.872322624,0,0,0,0,0,0,0,0,0.125669344,0,0,0,0,0,0,0,0
A160TP1L.03,0.007901404,0,0.077339288,0.018980547,0,0,0,0.193885,0,0,0,0,0,0,0.03379568,0.596513076,0.002619487,0.010993258,0,0,0,0.010177352,0.002705372,0.001202388,0.043887147,0,0,0,0,0,0,0,0
E160T9S5.03,0,0,0.073919573,0.004371767,0,0,0,0.288503254,0,0,0,0,0,0,0.075521442,0.538127816,0.000433839,0,0,0,0,0.003771066,0.003337227,0.008376439,0.000600701,0,0,0,0,0,0.003036876,0,0
F160SZXV.03,0,0,0.06712382,0.000742286,0,0,0,0.106818423,0,0,0,0,0,0,0.002474285,0.819624616,3.53E-05,0,0,0,0.000212082,3.53E-05,0,0.002792407,0.000141388,0,0,0,0,0,0,0,0
E160TRBS.03,0,0,0.081928534,0.013690975,0,0,0,0.293378039,0,0,0,0,0,0,0.011797212,0.583061687,0.001552265,0,0,0,0,0.006643693,0.005184564,0.000403589,0.001645401,0,0,0,0,0,0.000714042,0,0
H160WDQH.03,0,0,0.035688198,0.010800376,0,0,0,0.302619222,0,0,0,0,0,0,0.027574872,0.61149953,0.000626109,0,0,0,0,0.00073046,0,0.009130752,0.001200042,0,0,0,0,0,0.000130439,0,0
B160SZK9.03,0,0,0.073623603,0.024802398,0,0,0,0.16343009,0,0,0,0,0,0,0.003032161,0.701008449,0.000988008,0,0,0,0,0.017409376,0,0.007393023,0.008176615,0,0,0,0,0,0.000136277,0,0
C160VWJ1.03,0,0,0.034653146,0.001485596,0,0,0,0.30109159,0,0,0,0,0,0,0.00852603,0.652758042,0,0.000387547,0,0,0,0,6.46E-05,0.000613616,0,0,0,0,0,0,0.000419842,0,0
E160W0TL.03,0,0,0.129226011,0.029564091,0,0,0,0.054776291,0,0,0,0,0,0,0.160120846,0.599338225,0.00172637,0,0,0,0,0.004351892,0,0.003812401,0.017083873,0,0,0,0,0,0,0,0
C160ST5C.03,0,0,0.101192348,0.001172333,0,0,0,0.254825151,0,0,0,0,0,0,0.001458268,0.631658708,0.000171561,0,0,0,0,0.000543276,0,0.002659194,0.006290567,0,0,0,0,0,2.86E-05,0,0
J160VWL7.03,0.002449636,0,0.164271873,0.023911374,0,0,0,0.151438704,0,0,0,0,0,0,0.007860773,0.622317283,0.00190121,7.31E-05,0,0,0,0.020364886,0.000584988,0.001572155,0.002339951,0,0,0,0,0,0.000914043,0,0
A160STC2.03,0,0,0.053814273,0.042870095,0,0,0,0.379743557,0,0,0,0,0,0,0.004047403,0.489476752,0.000194275,0.00751198,0,0,0,0.001457065,0,0.019848465,0.001036135,0,0,0,0,0,0,0,0
E160T0ZL.03,0,0,0.364307778,0.005179181,0,0,0,0.086095176,0,0,0,0,0,0,0.02101865,0.466451448,0.001323827,0,0,0,0,0.016280744,0,4.65E-05,0.039296746,0,0,0,0,0,0,0,0
F160SSRP.03,0,0,0.083971044,0.011127198,0,0,0,0.291830403,0,0,0,0,0,0,0.002895553,0.552843847,0.000910031,0,0,0,0,0.012699069,0,0.039710445,0.001778697,0,0,0,0,0,0.002233713,0,0
F160SXNK.03,0,0,0.088779,0.009381643,0,0,0,0.112256216,0,0,0,0,0,0,0.014696368,0.750161752,0.001709955,0,0,0,0,0.005730659,0.000693225,0.014003143,0.00258804,0,0,0,0,0,0,0,0
F160SWXX.03,0,0,0.256321039,0.005003811,0,0,0,0.197037479,0,0,0,0,0,0,0.00487126,0.503065248,0.000795308,0,0,0,0,0.018689731,0,9.94E-05,0.013056301,0,0,0,0,0,0.00106041,0,0
G160SVPC.03,0,0,0.005528854,0.030534351,0,0,0,0.010743568,0,0,0,0,0,0,0.005214714,0.927402381,0.000691107,0,0,0,0,0.017937361,0,0.000314139,0.001633525,0,0,0,0,0,0,0,0
B160T0JS.03,0,0,0.00498246,0.024200519,0,0,0,0.034826377,0,0,0,0,0,0,0.012812039,0.774823326,0.008490518,0,0,0,0,0.069652753,0,0,0.070212009,0,0,0,0,0,0,0,0
G160SXW2.03,2.63E-05,0,0.401254824,0.001522589,0,0,0,0.020502455,0,0,0,0,0,0,0.002572651,0.564198147,0.000210012,2.63E-05,0,0,0,0.006326622,0.000472528,0.000131258,0.002756412,0,0,0,0,0,0,0,0
C160SYQK.03,0,0,0.318603838,0,0,0,0,0.000457493,0,0,0,0,0,0,0.184585161,0.45819317,0.002314379,0,0,0,0,0,0,2.69E-05,0.035819048,0,0,0,0,0,0,0,0
K160SS10.03,0,0,0.003835166,0.00117403,0,0,0,0.599381677,0,0,0,0,0,3.91E-05,0.110476265,0.23805424,0,3.91E-05,0,0,0,0,0.001017493,0.000156537,0.045787187,0,0,0,0,0,3.91E-05,0,0
C160SSBN.03,0,0,0.276266062,0.027891156,0,0,0,0.029931973,0,0,0,0,0,0,0.225623583,0.346409675,0.000415722,0,0,0,0,0.004913076,0.001549509,0.000755858,0.086243386,0,0,0,0,0,0,0,0
E160TQB0.03,0,0,0.059550217,0.02262567,0,0,0,0.102139713,0,0,0,0,0,0,0.004811794,0.78606286,0.002115824,0,0,0,3.41E-05,0,0,0.000682524,0.018462273,0,0,0,0,0,0.003514998,0,0
B160R8YN.03,0,0,0.011305705,0.006034333,0,0,0,0.046263222,0,0,0,0,0,0,0.007421536,0.896167852,0.005236692,0.000693602,0,0,0,0,0,0.005860933,0.021016126,0,0,0,0,0,0,0,0
D160S17H.03,0,0,0.208363741,0.008519883,0,0,0,0.002613669,0,0,0,0,0,0,0.016768215,0.749461143,0.0021724,1.70E-05,0,0,0,0,0.0005431,0.000135775,0.011405102,0,0,0,0,0,0,0,0
D160TQBX.03,0,0,0.060512403,0.00451403,0,0,0,0.058926393,0,0,0,0,0,0,0.001748678,0.865839772,0.001301342,0,0,0,0,0,0,0.00105734,0.005937373,0,0,0,0,0,0.000162668,0,0
B160RP6G.03,0,0,0.007363254,0.010330133,0,0,0,0.080510303,0,0,0,0,0,0,0.005502212,0.868890927,0.002643219,0.001186752,0,0,0,0,0,0.009089438,0.014483763,0,0,0,0,0,0,0,0
C160SWQT.03,0,0,0.113891032,0.007347809,0,0,0,0.130974687,0,0,0,0,0,0,0.043866417,0.680627503,0.002939123,3.67E-05,0,0,0,0.000293912,0,0,0.01917778,0,0,0,0,0,0.000844998,0,0
A160VZ0F.03,0,0,0.01029155,2.65E-05,0,0,0,0.085983385,0,0,0,0,0,0,0.178607334,0.293613419,0,0,0,0,0,0.018757606,0,0,0.41272025,0,0,0,0,0,0,0,0
A160SKY5.03,0,0,0.013257227,0.007963543,0,0,0,0.075952863,0,0,0,0,0,0,0.012106426,0.874056343,0.000644449,0,0,0,0,0.00699687,0,0.001657153,0.006628614,0,0,0,0,0,0.000736513,0,0
J160TN4M.03,0,0,0.364153414,0.009990645,0,0,0,0,0,0,0,0,0,0,0.006772685,0.386716558,0.004677268,3.74E-05,0,0,0,0.001721235,0,0,0.225930776,0,0,0,0,0,0,0,0
G160TK7K.03,0,0,0.0038711,0.005152921,0,0,0,0.109646986,0,0,0,0,0,0,0.013561668,0.767964724,0.000897275,0,0,0,0,0.041889917,0,0.001820186,0.055195221,0,0,0,0,0,0,0,0
J160TN5J.03,0,0,0.063040567,0.012919336,0,0,0,0.216299352,0,0,0,0,0,0,0.010277567,0.646183911,0.007925307,0.001628488,0,0,0,3.62E-05,0,3.62E-05,0.041653096,0,0,0,0,0,0,0,0
B160SZF9.03,0,0,0.350104052,0.093524299,0,0,0,0.108458808,0,0,0,0,0,0,0.007742686,0.427836945,0.000550863,0,0,0,0,0.010037948,0.000183621,3.06E-05,0.001530175,0,0,0,0,0,0,0,0
E160RBZK.03,0,0,0.229419187,0.004703093,0,0,0,0.003211869,0,0,0,0,0,0,0.029786258,0.651932857,0.007226704,0,0,0,0,0,0,0.008106145,0.065613888,0,0,0,0,0,0,0,0
J160RGCB.03,0,0,0.049693669,0.004389568,0,0,0,0.150442478,0,0,0,0,0,0,0.050045774,0.650595056,0.009952818,0,0,0,0,0.015539541,0.001713575,0.006619563,0.059904697,0,0,0,0,0,0.00110326,0,0
C160SXPG.03,0,0,0.146313922,0.005839652,0,0,0,0.095563801,0,0,0,0,0,0,0.00493628,0.637457654,0.004226488,6.45E-05,0,0,0,3.23E-05,0,0,0.105565414,0,0,0,0,0,0,0,0
E160T0RG.03,0,0,0.020513735,0.010673088,0,0,0,0.01736235,0,0,0,0,0,0,0.020632655,0.890682602,0.003894637,0.000386491,0,0,0,0,0,0,0.035854442,0,0,0,0,0,0,0,0
J160T1ZT.03,0,0,0.171018591,0.013597256,0,0,0,0.128060887,0,0,0,0,0,0,0.014740389,0.615005114,0.000842308,0.002948078,0,0,0,0,0,0.000240659,0.053546718,0,0,0,0,0,0,0,0
H160SM9J.03,0,0,0.022479958,0.015702912,0,0,0,0.093473649,0,0,0,0,0,0,0.046392463,0.403344445,0.001928428,0.108074603,0,0,0,0.012920466,0,0,0.295683077,0,0,0,0,0,0,0,0
D160T0GZ.03,0,0,0.037178691,0.004619396,0,0,0,0.039687073,0,0,0,0,0,0,0.001266609,0.909499565,2.48E-05,0,0,0,0,0.006556563,0,0.000149013,0.001018254,0,0,0,0,0,0,0,0
A160T0KP.03,0,0,0.177202967,0.01099172,0,0,0,0.411439607,0,0,0,0,0,0,0.00265034,0.382347503,0.001109445,0,0,0,0,0,0,0.00756066,0.006533396,0,0,0,0,0,0.000164362,0,0
C160T1M8.03,0,0,0.339977792,0.02245213,0,0,0,0.116621076,0,0,0,0,0,0,0.005579178,0.479240582,0.000216667,0,0,0,0,0.022804214,0.003006256,0.000243751,0.00966877,0,0,0,0,0,0.000189584,0,0
J160RCDS.03,0,0,0.223884959,0.011398843,0,0,0,0.182673759,0,0,0,0,0,0,0.006663939,0.545449231,0.0005261,0,0,0,0,0.010463553,0,0,0.018939615,0,0,0,0,0,0,0,0
E160SV5T.03,0,0,0.332419061,0.003409295,0,0,0,0.044397734,0,0,0,0,0,0,0.008330984,0.593858143,0.000435775,0,0,0,0,0.006792956,0,0.000281972,0.004178309,0,0,0,0,0,0.005895773,0,0
F160TMMV.03,0,0,0.128067667,0,0,0,0,3.97E-05,0,0,0,0,0,0,0.005758081,0.654713684,0.010642522,0,0,0,0,7.94E-05,0,0,0.200698912,0,0,0,0,0,0,0,0
B160T1LC.03,0,0,0.15239702,0.000878673,0,0,0,0.151694081,0,0,0,0,0,0,0.00752144,0.538310136,0.003057782,0,0,0,0,0.017749192,0.000808379,3.51E-05,0.127161535,0,0,0,0,0,0.000386616,0,0
D160SV0L.03,0,0,0.225423344,0.042788953,0,0,0,0.196329128,0,0,0,0,0,0,0.015030117,0.41058643,0.003125355,0,0,0,0,5.68E-05,0,0,0.050147744,0,0,0,0,0,0.056512104,0,0
H160RKL0.03,0,0,0.367978697,0.019763668,0,0,0,4.16E-05,0,0,0,0,0,0,0.038237497,0.537779812,0,0,0,0,0,4.16E-05,0,0.000499293,0.035657818,0,0,0,0,0,0,0,0
K160SS8V.03,0.000387203,0,0.184647403,0.003242825,0,0,0,0.173128116,0,0,0,0,0,0,0.002081216,0.573931562,0.001984415,0.000242002,0,0,0,0.017859736,0.000435603,0.025216592,0.016843328,0,0,0,0,0,0,0,0
G160SVSB.03,0,0,0.198913995,0.006866351,0,0,0,0.053844806,0,0,0,0,0,0,0.001050972,0.722403223,0.001576458,0,0,0,0,0.000210194,0,0.000665616,0.014398318,0,0,0,0,0,7.01E-05,0,0
H160SWMS.03,0,0,0.197596051,0.024940974,0,0,0,0.177591758,0,0,0,0,0,0,0.026743936,0.528182013,4.29E-05,0,0,0,0,0.037518781,0.00257566,4.29E-05,0.004764971,0,0,0,0,0,0,0,0
D160RFQG.03,0,0,0.226073813,0,0,0,0,0.000806147,0,0,0,0,0,0,0.7707016,0.001385565,0,0,0,0,0,2.52E-05,0,0,0.001007684,0,0,0,0,0,0,0,0
K160SWLW.03,0,0,0.101709793,0.001908251,0,0,0,0.154873674,0,0,0,0,0,0,0.002824212,0.697389512,0.003778338,0,0,0,0,0.0224792,0.00751851,0,0.00675521,0,0,0,0,0,0.000763301,0,0
B160SW37.03,0,0,0.002448783,0.002759192,0,0,0,0.086397186,0,0,0,0,0,0,0.171621715,0.608263779,0.02300476,0,0,0,0,0.053873215,0,0,0.051631372,0,0,0,0,0,0,0,0
B160T71V.03,0,0,0.003872697,0.005014647,0,0,0,0.117769723,0,0,0,0,0,0,0.041209473,0.797179882,0.00064545,4.96E-05,0,0,0,0.01479569,0.000794399,0.013455141,0.005213247,0,0,0,0,0,0,0,0
C160STZP.03,0,0,0.001559586,0.00912019,0,0,0,0.158874385,0,0,0,0,0,0,0.014443126,0.647262248,0.003119173,0,0,0,0,0.016240041,0,0,0.149381251,0,0,0,0,0,0,0,0
D160RFWK.03,0,0,0,0,0,0,0,8.15E-05,0,0,0,0,0,0,0.039073531,0.264907136,0,0,0,0,0,5.43E-05,0,0,0.695883567,0,0,0,0,0,0,0,0
B160RB2F.03,0,0,0.004738695,0,0,0,0,6.77E-05,0,0,0,0,0,0,0.11785811,0.425805578,0,0.002437043,0,0,0,0,0,0,0.449092878,0,0,0,0,0,0,0,0
E160RCW8.03,0,0,0.034962954,0,0,0,0,0.000178534,0,0,0,0,0,0,0.047460351,0.497247597,0,0,0,0,0,2.98E-05,0,0,0.420120808,0,0,0,0,0,0,0,0
F160RMJ3.03,0,0,0.000296244,0,0,0,0,0.21605048,0,0,0,0,0,0,0.220583007,0.182723071,0,0,0,0,0,0,0,0,0.380347198,0,0,0,0,0,0,0,0
A160RFS8.03,0,0,0.008545513,0,0,0,0,0,0,0,0,0,0,0,0.191034503,0,0,0,0,0,0,0,0,0,0.800419984,0,0,0,0,0,0,0,0
D160RCRJ.03,0,0,4.46E-05,0,0,0,0,2.23E-05,0,0,0,0,0,0,0.032857143,6.70E-05,0,0,0,0,0,0,0,0,0.967008929,0,0,0,0,0,0,0,0
F160RM6N.03,0,0,0.544398854,0,0,0,0,2.58E-05,0,0,0,0,0,0,0.385048128,0.004206343,0,0,0,0,0.000335475,0.002606384,0,0,0.06337901,0,0,0,0,0,0,0,0
F160RJ90.03,0,0,5.65E-05,1.88E-05,0,0,0,5.65E-05,0,0,0,0,0,0,0.014187203,0.000226091,1.88E-05,0,0,0,0,0,0,0,0.985435979,0,0,0,0,0,0,0,0
E160RC6F.03,0,0,0,0,0,0,0,0,0,0,0,0,0,0,1,0,0,0,0,0,0,0,0,0,0,0,0,0,0,0,0,0,0
B160RCTB.03,0,0,2.11E-05,0,0,0,0,0,0,0,0,0,0,0,0.000969707,0,0,0,0,0,0,0,0,0,0.999009212,0,0,0,0,0,0,0,0
F160RFZ8.03,0,0,2.02E-05,0,0,0,0,0,0,0,0,0,0,0,0.004966687,0,0,0,0,0,0,2.02E-05,0,0,0.994992934,0,0,0,0,0,0,0,0
H160RC7D.03,0,0,0,0,0,0,0,0,0,0,0,0,0,0,0.000229051,0.000114526,0,0,0,0,0,0,0,0,0.999656423,0,0,0,0,0,0,0,0