SampleID,Unclassified|Other|Other|Other|Other,k__Bacteria|Other|Other|Other|Other,k__Bacteria|p__Actinobacteria|c__Acidimicrobiia|o__Acidimicrobiales|f__C111,k__Bacteria|p__Actinobacteria|c__Actinobacteria|o__Actinomycetales|Other,k__Bacteria|p__Actinobacteria|c__Actinobacteria|o__Actinomycetales|f__,k__Bacteria|p__Actinobacteria|c__Actinobacteria|o__Actinomycetales|f__Actinomycetaceae,k__Bacteria|p__Actinobacteria|c__Actinobacteria|o__Actinomycetales|f__Corynebacteriaceae,k__Bacteria|p__Actinobacteria|c__Actinobacteria|o__Actinomycetales|f__Dermabacteraceae,k__Bacteria|p__Actinobacteria|c__Actinobacteria|o__Actinomycetales|f__Dermacoccaceae,k__Bacteria|p__Actinobacteria|c__Actinobacteria|o__Actinomycetales|f__Geodermatophilaceae,k__Bacteria|p__Actinobacteria|c__Actinobacteria|o__Actinomycetales|f__Gordoniaceae,k__Bacteria|p__Actinobacteria|c__Actinobacteria|o__Actinomycetales|f__Intrasporangiaceae,k__Bacteria|p__Actinobacteria|c__Actinobacteria|o__Actinomycetales|f__Kineosporiaceae,k__Bacteria|p__Actinobacteria|c__Actinobacteria|o__Actinomycetales|f__Microbacteriaceae,k__Bacteria|p__Actinobacteria|c__Actinobacteria|o__Actinomycetales|f__Micrococcaceae,k__Bacteria|p__Actinobacteria|c__Actinobacteria|o__Actinomycetales|f__Mycobacteriaceae,k__Bacteria|p__Actinobacteria|c__Actinobacteria|o__Actinomycetales|f__Nocardioidaceae,k__Bacteria|p__Actinobacteria|c__Actinobacteria|o__Actinomycetales|f__Nocardiopsaceae,k__Bacteria|p__Actinobacteria|c__Actinobacteria|o__Actinomycetales|f__Promicromonosporaceae,k__Bacteria|p__Actinobacteria|c__Actinobacteria|o__Actinomycetales|f__Propionibacteriaceae,k__Bacteria|p__Actinobacteria|c__Actinobacteria|o__Actinomycetales|f__Pseudonocardiaceae,k__Bacteria|p__Actinobacteria|c__Actinobacteria|o__Actinomycetales|f__Sporichthyaceae,k__Bacteria|p__Actinobacteria|c__Actinobacteria|o__Bifidobacteriales|f__Bifidobacteriaceae,k__Bacteria|p__Actinobacteria|c__Coriobacteriia|o__Coriobacteriales|f__Coriobacteriaceae,k__Bacteria|p__Actinobacteria|c__Thermoleophilia|o__Solirubrobacterales|f__,k__Bacteria|p__Actinobacteria|c__Thermoleophilia|o__Solirubrobacterales|f__Patulibacteraceae,k__Bacteria|p__Bacteroidetes|Other|Other|Other,k__Bacteria|p__Bacteroidetes|c__Bacteroidia|o__Bacteroidales|Other,k__Bacteria|p__Bacteroidetes|c__Bacteroidia|o__Bacteroidales|f__Bacteroidaceae,k__Bacteria|p__Bacteroidetes|c__Bacteroidia|o__Bacteroidales|f__Porphyromonadaceae,k__Bacteria|p__Bacteroidetes|c__Bacteroidia|o__Bacteroidales|f__Prevotellaceae,k__Bacteria|p__Bacteroidetes|c__Bacteroidia|o__Bacteroidales|f__[Paraprevotellaceae],k__Bacteria|p__Bacteroidetes|c__Cytophagia|o__Cytophagales|f__Cytophagaceae,k__Bacteria|p__Bacteroidetes|c__Flavobacteriia|o__Flavobacteriales|f__Flavobacteriaceae,k__Bacteria|p__Bacteroidetes|c__Flavobacteriia|o__Flavobacteriales|f__[Weeksellaceae],k__Bacteria|p__Bacteroidetes|c__Sphingobacteriia|o__Sphingobacteriales|f__Sphingobacteriaceae,k__Bacteria|p__Bacteroidetes|c__[Saprospirae]|o__[Saprospirales]|f__Chitinophagaceae,k__Bacteria|p__Chlorobi|c__OPB56|o__|f__,k__Bacteria|p__Chloroflexi|c__Anaerolineae|o__SHA-20|f__,k__Bacteria|p__Chloroflexi|c__Ktedonobacteria|o__Thermogemmatisporales|f__Thermogemmatisporaceae,k__Bacteria|p__Cyanobacteria|c__4C0d-2|o__MLE1-12|f__,k__Bacteria|p__Cyanobacteria|c__Chloroplast|o__Streptophyta|f__,k__Bacteria|p__Cyanobacteria|c__ML635J-21|o__|f__,k__Bacteria|p__Firmicutes|Other|Other|Other,k__Bacteria|p__Firmicutes|c__Bacilli|Other|Other,k__Bacteria|p__Firmicutes|c__Bacilli|o__Bacillales|Other,k__Bacteria|p__Firmicutes|c__Bacilli|o__Bacillales|f__Bacillaceae,k__Bacteria|p__Firmicutes|c__Bacilli|o__Bacillales|f__Listeriaceae,k__Bacteria|p__Firmicutes|c__Bacilli|o__Bacillales|f__Planococcaceae,k__Bacteria|p__Firmicutes|c__Bacilli|o__Bacillales|f__Staphylococcaceae,k__Bacteria|p__Firmicutes|c__Bacilli|o__Bacillales|f__[Exiguobacteraceae],k__Bacteria|p__Firmicutes|c__Bacilli|o__Gemellales|f__,k__Bacteria|p__Firmicutes|c__Bacilli|o__Gemellales|f__Gemellaceae,k__Bacteria|p__Firmicutes|c__Bacilli|o__Lactobacillales|Other,k__Bacteria|p__Firmicutes|c__Bacilli|o__Lactobacillales|f__,k__Bacteria|p__Firmicutes|c__Bacilli|o__Lactobacillales|f__Aerococcaceae,k__Bacteria|p__Firmicutes|c__Bacilli|o__Lactobacillales|f__Carnobacteriaceae,k__Bacteria|p__Firmicutes|c__Bacilli|o__Lactobacillales|f__Enterococcaceae,k__Bacteria|p__Firmicutes|c__Bacilli|o__Lactobacillales|f__Lactobacillaceae,k__Bacteria|p__Firmicutes|c__Bacilli|o__Lactobacillales|f__Leuconostocaceae,k__Bacteria|p__Firmicutes|c__Bacilli|o__Lactobacillales|f__Streptococcaceae,k__Bacteria|p__Firmicutes|c__Bacilli|o__Turicibacterales|f__Turicibacteraceae,k__Bacteria|p__Firmicutes|c__Clostridia|o__Clostridiales|Other,k__Bacteria|p__Firmicutes|c__Clostridia|o__Clostridiales|f__,k__Bacteria|p__Firmicutes|c__Clostridia|o__Clostridiales|f__Clostridiaceae,k__Bacteria|p__Firmicutes|c__Clostridia|o__Clostridiales|f__Lachnospiraceae,k__Bacteria|p__Firmicutes|c__Clostridia|o__Clostridiales|f__Peptococcaceae,k__Bacteria|p__Firmicutes|c__Clostridia|o__Clostridiales|f__Peptostreptococcaceae,k__Bacteria|p__Firmicutes|c__Clostridia|o__Clostridiales|f__Ruminococcaceae,k__Bacteria|p__Firmicutes|c__Clostridia|o__Clostridiales|f__Veillonellaceae,k__Bacteria|p__Firmicutes|c__Clostridia|o__Clostridiales|f__[Mogibacteriaceae],k__Bacteria|p__Firmicutes|c__Clostridia|o__Clostridiales|f__[Tissierellaceae],k__Bacteria|p__Firmicutes|c__Erysipelotrichi|o__Erysipelotrichales|f__Erysipelotrichaceae,k__Bacteria|p__Fusobacteria|c__Fusobacteriia|o__Fusobacteriales|Other,k__Bacteria|p__Fusobacteria|c__Fusobacteriia|o__Fusobacteriales|f__Fusobacteriaceae,k__Bacteria|p__Fusobacteria|c__Fusobacteriia|o__Fusobacteriales|f__Leptotrichiaceae,k__Bacteria|p__GN02|c__3BR-5F|o__|f__,k__Bacteria|p__GN02|c__BD1-5|o__|f__,k__Bacteria|p__Proteobacteria|c__Alphaproteobacteria|o__BD7-3|f__,k__Bacteria|p__Proteobacteria|c__Alphaproteobacteria|o__Caulobacterales|f__Caulobacteraceae,k__Bacteria|p__Proteobacteria|c__Alphaproteobacteria|o__Rhizobiales|Other,k__Bacteria|p__Proteobacteria|c__Alphaproteobacteria|o__Rhizobiales|f__Aurantimonadaceae,k__Bacteria|p__Proteobacteria|c__Alphaproteobacteria|o__Rhizobiales|f__Bradyrhizobiaceae,k__Bacteria|p__Proteobacteria|c__Alphaproteobacteria|o__Rhizobiales|f__Hyphomicrobiaceae,k__Bacteria|p__Proteobacteria|c__Alphaproteobacteria|o__Rhizobiales|f__Methylobacteriaceae,k__Bacteria|p__Proteobacteria|c__Alphaproteobacteria|o__Rhizobiales|f__Methylocystaceae,k__Bacteria|p__Proteobacteria|c__Alphaproteobacteria|o__Rhizobiales|f__Phyllobacteriaceae,k__Bacteria|p__Proteobacteria|c__Alphaproteobacteria|o__Rhizobiales|f__Rhizobiaceae,k__Bacteria|p__Proteobacteria|c__Alphaproteobacteria|o__Rhodobacterales|f__Rhodobacteraceae,k__Bacteria|p__Proteobacteria|c__Alphaproteobacteria|o__Rhodospirillales|f__Acetobacteraceae,k__Bacteria|p__Proteobacteria|c__Alphaproteobacteria|o__Rhodospirillales|f__Rhodospirillaceae,k__Bacteria|p__Proteobacteria|c__Alphaproteobacteria|o__Rickettsiales|f__mitochondria,k__Bacteria|p__Proteobacteria|c__Alphaproteobacteria|o__Sphingomonadales|f__Erythrobacteraceae,k__Bacteria|p__Proteobacteria|c__Alphaproteobacteria|o__Sphingomonadales|f__Sphingomonadaceae,k__Bacteria|p__Proteobacteria|c__Betaproteobacteria|Other|Other,k__Bacteria|p__Proteobacteria|c__Betaproteobacteria|o__Burkholderiales|Other,k__Bacteria|p__Proteobacteria|c__Betaproteobacteria|o__Burkholderiales|f__Alcaligenaceae,k__Bacteria|p__Proteobacteria|c__Betaproteobacteria|o__Burkholderiales|f__Burkholderiaceae,k__Bacteria|p__Proteobacteria|c__Betaproteobacteria|o__Burkholderiales|f__Comamonadaceae,k__Bacteria|p__Proteobacteria|c__Betaproteobacteria|o__Burkholderiales|f__Oxalobacteraceae,k__Bacteria|p__Proteobacteria|c__Betaproteobacteria|o__Neisseriales|f__Neisseriaceae,k__Bacteria|p__Proteobacteria|c__Betaproteobacteria|o__Rhodocyclales|f__Rhodocyclaceae,k__Bacteria|p__Proteobacteria|c__Deltaproteobacteria|o__Desulfovibrionales|f__Desulfovibrionaceae,k__Bacteria|p__Proteobacteria|c__Deltaproteobacteria|o__Myxococcales|f__Haliangiaceae,k__Bacteria|p__Proteobacteria|c__Epsilonproteobacteria|o__Campylobacterales|f__Campylobacteraceae,k__Bacteria|p__Proteobacteria|c__Gammaproteobacteria|o__Cardiobacteriales|f__Cardiobacteriaceae,k__Bacteria|p__Proteobacteria|c__Gammaproteobacteria|o__Enterobacteriales|f__Enterobacteriaceae,k__Bacteria|p__Proteobacteria|c__Gammaproteobacteria|o__HOC36|f__,k__Bacteria|p__Proteobacteria|c__Gammaproteobacteria|o__Pasteurellales|f__Pasteurellaceae,k__Bacteria|p__Proteobacteria|c__Gammaproteobacteria|o__Pseudomonadales|f__Moraxellaceae,k__Bacteria|p__Proteobacteria|c__Gammaproteobacteria|o__Pseudomonadales|f__Pseudomonadaceae,k__Bacteria|p__Proteobacteria|c__Gammaproteobacteria|o__Xanthomonadales|f__Sinobacteraceae,k__Bacteria|p__Proteobacteria|c__Gammaproteobacteria|o__Xanthomonadales|f__Xanthomonadaceae,k__Bacteria|p__SR1|c__|o__|f__,k__Bacteria|p__Spirochaetes|c__Spirochaetes|o__Spirochaetales|f__Spirochaetaceae,k__Bacteria|p__TM7|c__TM7-3|Other|Other,k__Bacteria|p__TM7|c__TM7-3|o__|f__,k__Bacteria|p__TM7|c__TM7-3|o__CW040|f__,k__Bacteria|p__TM7|c__TM7-3|o__CW040|f__F16,k__Bacteria|p__Tenericutes|c__Mollicutes|o__Mycoplasmatales|f__Mycoplasmataceae,k__Bacteria|p__WPS-2|c__|o__|f__,k__Bacteria|p__[Thermi]|c__Deinococci|o__Deinococcales|f__Deinococcaceae,k__Bacteria|p__[Thermi]|c__Deinococci|o__Thermales|f__Thermaceae
G160SRK8.04,0,0,0,0,0,0.002138289,0,0,0,0,0,0,0,0,0.001788387,0,0,0,0,0,0,0,0,1.94E-05,0,0,0,0,0,0.020294306,0.004373773,0.005229089,0,0,0.000894194,0.000291585,0,0,0,0,0,0,0,0,7.78E-05,0,7.78E-05,0,0,0.000116634,0,0,0.094084715,0,0,0,0.00674533,5.83E-05,0,0,0.798650934,0,1.94E-05,0,0,0.009019692,0.000349902,0.000291585,0,0.026359271,0,0,0.000622048,0,7.78E-05,0.003751725,0,0,0,0,0,0,0,0,0,0,0,0,0,0,0,0,0,0,0,0,0,0,0,0,0.018719748,0,0,0,0.001127461,0,0,0,0.00404331,0,7.78E-05,0,0.000349902,5.83E-05,0,0,5.83E-05,0.000233268,0,0,0,0,0
J160SVP4.04,0,0,0,0,0,8.19E-05,5.46E-05,0,0,0,0,0,0,0,0.000327627,0,0,0,0,2.73E-05,0,0,0,0.007999563,0,0,0,0,0,0,0.028257843,0,0,0,0.000300325,0,0,0,0,0,0,0,0,0,0.000491441,0,0,0,0,8.19E-05,0,0,0.00578808,0,0,0,0.009692303,0,0,0,0.815709722,0,2.73E-05,0,0,0.017910285,0,0,0,0.106506129,0,0,0,0,5.46E-05,0.002675622,0,0,0,0,0,0,0,0,0,0,0,0,0,0,0,0,0,0,0,0,0,0,0,0,0,0,0,0,0.004013433,0,0,0,0,0,0,0,0,0,0,0,0,0,0,0,0,0,0
C160SRG0.04,0,0,0,0,0,0.000689212,0,0,0,0,0,0,0,0,0.000321632,0.000551369,0,0,0,0,0,0,0,2.30E-05,0,0,0,4.59E-05,0,0.021227715,0.003239294,0.033197023,0,0.00018379,0.001424371,0,0,0,0,0,0,0,0,0,0.011280096,0,0,0,0,2.30E-05,0,0,0.089069105,0.000367579,0,0.000137842,0.035448447,0,0,0,0.652292777,0,0.000344606,0.000918949,0,0.000895975,0,2.30E-05,0,0.016564051,4.59E-05,0.000551369,0.000114869,0,0.000252711,0.101474913,0,0,0,0,0,0,0,0,0,0,0,0,0,0,0,0,0,0,0,0,0,0,0,0,0.027223856,0,0,0,0.00062029,0,0,0,0.001194633,0,0,0,0,0,0,0,0.000252711,0,0,0,0,0,0
J160SKKM.04,0,0,0,0,0,0.002002689,0,0,0,0,0,0,0,0,0.00180242,0,0,0,0,0.000257489,0,0,0,0.021886533,0,0,0,0,0,0,0.00557892,0,0,0,0,0,0,0,0,0,0,0,0,0,0.000686636,0,0,0,0,0.000114439,0,0,0.052928218,0,0,0,0.003175693,0,0,0,0.877835951,0,0,0,0,0,0,0,0,0.027951821,0,0,0,0,0,0,0,0,0.000371928,0,0,0,0,0,0,0,0,0,0,0,0,0,0,0.000371928,0,0,0,0,0.000114439,0,0,0,0,0,0.004920894,0,0,0,0,0,0,0,0,0,0,0,0,0,0,0,0,0,0
F160T884.04,0,0,0,0,0,0,0,0,0,0,0,0,0,0,0.001579493,0,0,0,0,0,0,0,0,0,0,0,0,0,0,0,0,0,0,0,0.000904918,0,0,0,0,0,0,0,0,0,0.000658122,0,0,0,0,1.65E-05,0,0,0.006120535,0,0,0,1.65E-05,0,0,0,0.985077083,0,0,0,0,0,0,0,0,0.00561049,0,1.65E-05,0,0,0,0,0,0,0,0,0,0,0,0,0,0,0,0,0,0,0,0,0,0,0,0,0,0,0,0,0,0,0,0,0,0,0,0,0,0,0,0,0,0,0,0,0,0,0,0,0,0,0
E160T0GR.04,0,0,0,0,0,4.79E-05,1.60E-05,0,0,0,0,0,0,0,3.20E-05,0,0,0,0,4.79E-05,0,0,0,4.79E-05,0,0,0,0,0,1.60E-05,0.000143779,0,0,0,0.000479264,0,0,0,0,0,0,0,0,0,0.004089718,0,0,0,0,0.001262061,0,0,0.007492492,1.60E-05,0,0,0.005990798,0,0,0,0.971819286,0,0,0,0,6.39E-05,0,0,0,0.00760432,0,0,0,0,0,0.00052719,0,0,0,0,0,0,0,0,0,0,0,0,0,0,0,0,0,0,0,0,0,0,0,0,0,0,0,0,0.000303534,0,0,0,0,0,0,0,0,0,0,0,0,0,0,0,0,0,0
F160SGBR.04,0,0,0,0,0,7.72E-05,2.57E-05,0,0,0,0,0,0,0,0.000411872,0,0,0,0,0,0,0,0,0,0,0,0,0,0,0.022524262,0,0.00779983,0,0,0.000283162,0,0,0,0,0,0,0,0,0,0.012896749,0,0,0,0,0,0,0,0.095683064,0.001081165,0,0,0.068962854,0,0,0,0.712976549,0,0,0,0,5.15E-05,0,0,0,0.031353772,0,0,0,0,0,0.000926712,0,0,0,0,0,0,0,0,0,0,0,0,0,0,0,0,0,0,0,0,0,0,0,0,0.044404973,0,0,0,0,0,0,0,0.000540582,0,0,0,0,0,0,0,0,0,0,0,0,0,0
F160SBCG.04,0,0,0,0,0,4.91E-05,0,0,0,0,0,0,0,0,0.003586959,0,0,0,0,0,0,0,0,2.46E-05,0,0,0,0,0,7.37E-05,0.000319387,0.031029654,0,0,0.000466796,0,0,0,0,0,0,0,0,0,0.018819252,0,0,0,0,0,0,0,0.132766627,0.000368523,0,0,0.057735302,0,0,0,0.725401076,0,2.46E-05,0,0,9.83E-05,0,0,0,0.028572832,0,0,0,0,0,0.00041766,0,0,0,0,0,0,0,0,0,0,0,0,0,0,0,0,0,0,0,0,0,0,0,0,0,0,0,0,0.000147409,0,0,0,0,0,0,0,0,0,0,0,0,9.83E-05,0,0,0,0,0
G160SL0Q.04,0,0,0,0,0,0.000771412,2.27E-05,0,0,0,0,0,0,0,0.004923426,0,0,0,0,9.08E-05,0,0,0,9.08E-05,0,0,0,0,0,0.000226886,0,0,0,0,0.001633579,0,0,0,0,0,0,0,0,0,0.002404991,0,6.81E-05,0,0,0.000136132,0,0,0.05554169,0,0,0,4.54E-05,0,0,0,0.918933636,0,0,0,0,0,0,0,0,0.014883721,0,9.08E-05,0,0,0,0,0,0,0,2.27E-05,0,0,0,0,0,0,0,0,0,0,0,0,0,0,0,0,0,0,2.27E-05,0,2.27E-05,0,0,0,0,0,2.27E-05,0,0,2.27E-05,0,0,2.27E-05,0,0,0,0,0,0,0,0,0,0
K160SP9B.04,0,0,0,0,0,0.014432217,0.00013388,0,0,0,0,0,0,0,0.000883605,0,0,0,0,0,0,0,0,0.000562294,0,0,0,0,0,0.005730045,0.009559001,0.007657911,0,8.03E-05,0.016493962,0,0,0,0,0,0,0,0,0,0.005783597,0,0,0,0,2.68E-05,0,0,0.11312823,5.36E-05,0,2.68E-05,0.037700485,0,0,0,0.66821967,0,0,0,0,0.003025678,0,5.36E-05,0,0.040137093,0.000508742,0,0.001526227,0,0,0.014726752,0,0,0,0,0,0,0,0,0,0,0,0,0,0,0,0,0,0,0,0,0,0,0,0,0.010656813,0,0,0,0.00747048,0,0.038825073,0,0.000562294,0,0.000696174,0,2.68E-05,0,0,0,0.000990709,0.000267759,5.36E-05,0,0,0,0
C160TGYC.04,0,0,0,0,0,0.001442858,0,0,0,0,0,0,0,0,0.002064779,0,0,0,0,0,0,0,0,7.46E-05,0,0,0,0,0,0.005895816,0.000149261,0.004527588,0,0,0.000298522,0,0,0,0,0,0,0,0,4.98E-05,0.003059854,0,0,0,0,0,0,0,0.024578337,4.98E-05,0,0,0.034578835,0,0,0,0.882158316,0,0,0,0,0.000547291,0,0,0,0.025225136,0,0,0,0,0,0.004651973,0,0,0,0,0,0,0,0,0,0,0,0,0,0,0,0,0,0,0,0,0,0,0,0,0.008358625,0,0,0,0.002263794,0,0,0,2.49E-05,0,0,0,0,0,0,0,0,0,0,0,0,0,0
J160SB14.04,0,0,0,0,0,1.52E-05,0.000106354,0,0,0,0,0,0,0,0.000288675,0.002354979,0,0,0,0,0,0,0,0,0,0,0,0,0,0,0,0,0,0,0,0,0,0,0,0,0,0,0,0,0.005530402,0,0,0,0,0.007961348,0,0,0.019705856,0,0,0,0,0.000440609,0,0,0.962806527,0,0,0,0,0,0,0,0,0,0,0,0,0,0,1.52E-05,0,0,0,0,0,0,0,0,0,0,0,0,0,0,0,0,0,0,0,0,0,0,1.52E-05,0,0,0,0,0,0,0,0.000744477,0,0,1.52E-05,0,0,0,0,0,0,0,0,0,0,0,0,0
G160NVWW.04,0,0,0,0,0,2.06E-05,0.00010304,0,0,0,0,0,0,0,6.18E-05,0,0,0,0,0,0,0,0,0,0,0,0,0,0,0,0,0,0,0,0,0,0,0,0,0,0,0,0,0,0.110994333,0,0,0,0,0.399629057,0,0.001030397,0.000226687,0,0,0,6.18E-05,0.036496651,0,0,0.451066461,0,0,0,0,4.12E-05,0,0,0,0.000247295,0,0,0,0,0,0,0,0,0,0,0,0,0,0,0,0,0,0,0,0,0,0,0,0,0,0,0,0,0,0,0,0,0,0,2.06E-05,0,0,0,0,0,0,0,0,0,0,0,0,0,0,0,0,0,0
K160NXTL.04,0,1.70E-05,0,0,0,0.000697409,0.000612359,0,0,0,0,0,0,0,6.80E-05,0,0,0,8.50E-05,6.80E-05,0,0,0,5.10E-05,0,0,0,0,0,0.000680399,0.000612359,0.002194288,0,0,0.0005103,0,0,0,0,0,0,0,0,0,0.266223273,0,0,0,0,0.043494531,0,3.40E-05,0.000578339,0,0,0,0.001020599,0.020241882,0,0,0.657163755,0,5.10E-05,0,0,0.00047628,0,0,0,0.002075218,0,0,0,0,0,0.002109238,0,0,0,0,0,0,0,0,0,0,0,0,0,0,0,0,0,0,0,0,0,0,3.40E-05,0,0.000595349,0,0,0,0.00027216,0,0,0,3.40E-05,0,0,0,0,0,0,0,0,0,0,0,0,0,0
K160SMPB.04,0,0,0,0,0,0,0,0,0,0,0,0,0,0,0,0,0,0,0,0,0,0,0,0,0,0,0,0,0,0,0,0,0,0,0,0,0,0,0,0,0,0,0,0,0.096640308,0,0,0,9.84E-05,0.165820843,0,3.93E-05,0,0,0,0,0,0,0,0,0,0,0,0,0,0,0,0,0,0,0,0,0,0,0,0,0,0,0,0,0,0,0,0,0,0,0,0,0,0,0,0,0,0,0,0,0,0,0.000314725,0,0,0,0,0,0,0,0.732837641,0,0,0,0.00424879,0,0,0,0,0,0,0,0,0,0,0,0
A160P055.04,0,0,0,0,0,0,0.00251708,0,0,0,0,0,0,0,0.004045307,0,0,0,0,0,0,0,0,0,0,0,0,0,0,0,4.49E-05,0,0,0,0,0,0,0,0,0,0,0,0,0,0.416689141,0,0,0,0,0.063443905,0,0.000179791,0,0,0,2.25E-05,0,0.007259079,0,0,0.505596009,0,0,0,0,0,0,0,0,2.25E-05,0,0,0,0,0,0,0,0,0,0,0,0,0,0,0,0,0,0,0,0,0,0,0,0,0,0,0,0,0,0,0,0,0,0,0,0,0,0,0,0.000179791,0,0,0,0,0,0,0,0,0,0,0,0,0
A160SNGK.04,0,0,0,0,0,0,0,0,0,0,0,0,0,0,2.26E-05,0,0,0,0,0,0,0,0,0,0,0,0,0,0,0,4.52E-05,0,0,0,0,0,0,0,0,0,0,0,0,0,0.089607599,0,2.26E-05,0,0,0.702295601,0,0,9.05E-05,0,0,0,2.26E-05,0.02603189,0,0,0.001831957,0,0,0,0,0.000113084,0,0,0,4.52E-05,0,0,0,0,0,2.26E-05,0,0,0,0,0,0,0,0,0,0,0,0,0,0,0,0,0,0,0,0,0,0,2.26E-05,0,4.52E-05,0,0,0,0,0,0.179780617,0,0,0,0,0,0,0,0,0,0,0,0,0,0,0,0
G160SS7Q.04,0,0,0,0,0,0,0.001996281,5.87E-05,0,0,0,0,0,0,0,0.014463255,0,0,0,0,0,0,0,0,0,0,0,0,0,0,0,0,0,0,0,0,0,0,0,0,0,0,0,0,0.004540562,0,0,0,0,0.259164302,0,1.96E-05,0,0,0,0,0,0.00197671,0,0,0.686955671,0,0,0,0,0,0,0,0,0,0,0,0,0,0,0,0,0,0,0,0,0,0,0,0,0,0,0,0,0,0,0,0,0,0,0,0,0,1.96E-05,0,0,0,0,0,0,0,0.030805363,0,0,0,0,0,0,0,0,0,0,0,0,0,0,0,0
K160SNXJ.04,0,0,0,0,0,0,0.002224043,0,0,0,0,0,0,0,0,0,0,0,0,7.02E-05,0,0,0,0,0,0,0,0,0,0,0,0,0,0,0,0,0,0,0,0,0,0,0,0,0.093597097,0,0,0,0,0.002715674,0,0,0,0,0,0,0,0,0,0,2.34E-05,0,0,0,0,0,0,0,0,0,0,0,0,0,0,0,0,0,0,0,0,0,0,0,0,0,0,0,0,0,0,0,0,0,0,0,0,0,0,0,0,0,0,0,0,0,0.877818097,0,0,0,0.02317687,0,0.000374576,0,0,0,0,0,0,0,0,0,0
D160SS9J.04,0,0,0,0,0,0,0,0,0,0,0,0,0,0,0.000287212,0.001112946,0,0,0,0,0,0,0,0,0,0,0,0,0,0,0,0,0,0,0,0,0,0,0,0,0,0,0,0,0.284842392,0,0,0,0,0.005151863,0,0,0.019027788,0,0,0,0,0,0,0,0.682415452,0,0,0,0,0,0,0,0,3.59E-05,0,0,0,0,0,3.59E-05,0,0,0,0,0,0,0,0,0,0,0,0,0,0,0,0,0,0,0,0,0,0,0,0,0,0,0,0,0,0,0.007090544,0,0,0,0,0,0,0,0,0,0,0,0,0,0,0,0
F160SQ2R.04,0,0,0,0,0,0,2.07E-05,0,0,0,0,0,0,0,2.07E-05,0,0,0,0,0,0,0,0,0,0,0,0,0,0,0,0,0,0,0,0,0,0,0,0,0,0,0,0,0,0.254731796,0,0,0,0,0.02863873,0,0,0.00014464,0,0,0,2.07E-05,0,0,0,0.662492768,0,0,0,0,0,0,0,0,0.000206629,0,0,2.07E-05,0,0,2.07E-05,0,0,0,0,0,0,0,0,0,0,0,0,0,0,0,0,0,0,0,0,0,0,0,0,0,0,0,0,2.07E-05,0,0.05366146,0,0,0,0,0,0,0,0,0,0,0,0,0,0,0,0
H160SR97.04,0,0,0,0,0,0,0,0,0,0,0,0,0,0,0.001714649,0,0,0,0,8.30E-05,0,0,0,0,0,0,0,0,0,0,0,0,0,0,0,0,0,0,0,0,0,0,0,0,0.058851185,0,0,0,0,0.011781299,0,2.77E-05,0.082662684,0,0,0,0,0,0,0,0.844215825,0,0,0,0,0,0,0,0,2.77E-05,0,0,0,0,0,0,0,0,0,0.000110623,0,0,0,0,0,0,0,0,0,0,0,0,0,0,0,0,0,0,5.53E-05,0,0,0,0,0,0,0,0.000470146,0,0,0,0,0,0,0,0,0,0,0,0,0,0,0,0
H160TBMG.04,0,0,0,0,0,0.001672474,0,0,0,0,0,0,0,0,0.002055749,0,0,0,0,0,0,0,0,0.000174216,0,0,0,0,0,0.004320557,0.005574913,0.000592334,0,0,0.000801394,0,0,0,0,0,0,0,0,0.000243902,0.006097561,0,0,0,0,3.48E-05,0,0,0.04358885,0.000174216,0,0,0.098641115,0,0,0,0.758327526,0,0,0.000522648,0,0.001254355,0,0,0,0.066829268,0,0,0,0,0,0.001114983,0,0,0,0,0,0,0,0,0,0,0,0,0,0,0,0,0,0,0,0,0,3.48E-05,0,0,0.001637631,0,0,0,0.00271777,0,0,0,0.003031359,0,0,0,0,0.000522648,0,0,3.48E-05,0,0,0,0,0,0
B160T6WR.04,0,3.37E-05,0,0,0,0.035928345,3.37E-05,0,0,0,0,0,0,0,3.37E-05,0,0,0,0,3.37E-05,0,0,0,0.002155027,0,0,0,0,0,0.002794801,0.04360563,0,0,0.000942824,0.002087683,0,0,0,0,0,0,0,0,0,0.000269378,0,0,0,0,6.73E-05,0,0,0.005387568,3.37E-05,0,0,0.035456933,0,0,0,0.629335309,0,0,0,0,0.010371069,0,0.000336723,0,0.184322177,0.000808135,0,0.001683615,0,0.000202034,0.009933329,0,0,0,0,0,0,0,0,0,0,0,0,0,0,0,0,0,0,0,0,0,0,0,0,0.000370395,0,0,0,0.0308775,0,0,0,0.000538757,0,0,0,0,0,0,0,0.002289716,0,6.73E-05,0,0,0,0
A160PXM0.04,0,0,0,0,0,0,2.19E-05,0,0,0,0,0,0,0,0.000284638,0,0,0,0,0,0,0,0,0,0,0,0,0,0,8.76E-05,0.001445087,4.38E-05,0,0,0.000109476,0,0,0,0,0,0,0,0,0.001007182,0.000569277,0,0,0,0,0.000240848,0,0,0.006765633,0,0,0,0.000262743,2.19E-05,0,0,0.871431074,0,0,0,0,0,0,0,0,0.117424242,0,0,0,0,0,2.19E-05,0,0,0,0,0,0,0,0,0,0,0,0,0,0,0,0,0,2.19E-05,0,0,0,0,0,0,0.000153267,0,0,0,0,0,4.38E-05,0,4.38E-05,0,0,0,0,0,0,0,0,0,0,0,0,0,0
H160SHBG.04,0,0.000134476,0,3.36E-05,0,0.028307279,0,0,0,0,0,0,0,0,0.000840477,0,0,0,0,0,0,0,0,0.001445621,0,0,0,6.72E-05,0,0.00632039,0.019532695,0.024340225,0,0.000571525,0.000874096,0,0,0,0,0,0,0,0,0.000134476,0.004975626,0,0,0,0,0.000100857,0,0,0.034257858,6.72E-05,0,0,0.033282905,0,0,0,0.470163053,0,0,3.36E-05,0,0.006589343,0,0,0,0.081156497,0.000134476,0,0.000302572,0,0.000100857,0.261455707,0,0,0,0,0,0,0,0,0,0,0,0,0,0,0,0,0,0,0,0,0,0,0,0,0.004336863,0,0,0,0.019499075,0,0,0,0.000302572,0,0,0,3.36E-05,0,0,0,0.000504286,0.000100857,0,0,0,0,0
C160SRH8.04,0,0.000206462,0,0,0,0.015097553,0.00023227,0,0,0,0,0,0,0,0.000877465,2.58E-05,0,0,0,0,0,0,0,0.004284092,0,0,0,0.000154847,0,0.003767936,0.025059358,0.024259317,0,5.16E-05,0.000980696,0,0,0,0,0,0,0,0,0.000722618,0.001083927,0,0,0,0,2.58E-05,0,0,0.023846392,0,0,2.58E-05,0.046918551,0,0,0,0.671105605,0,2.58E-05,0.000103231,0,0.003587282,0,2.58E-05,0,0.122122432,0.000361309,0,0.000387117,0,0.003071126,0.033756581,0,0,0,0,0,0,0,0,0,0,0,0,0,0,0,0,0,0,0,0,0,0,0,0,0.01071023,0,0,0,0.00477444,0,0,0,0.000722618,0,0,0,0,0.001006504,0,0,0.000335501,0.000283886,0,0,0,0,0
A160SY61.04,0,7.38E-05,0,0,0,0.019974155,0,0,0,0,0,0,0,0,0.001439911,0.000590733,0,0,0,0,0,0,0,0.000110762,0,0,0,0,0,0.022410929,0.015728263,0.000332287,0,0.000332287,0.001107624,0,0,0,0,0,0,0,0,0.000221525,0.000516891,0,0,0,0,0,0,0,0.02569688,3.69E-05,0,3.69E-05,0.053535167,0,0,0,0.686616208,0,0,3.69E-05,0,0.003729001,0,0,0,0.103415174,0,0,0.000147683,0,0.00047997,0.030127377,0,0,0,0,0,0,3.69E-05,0,0,0,0,0,0,0,0,0,0,0,0,0,0,0,0,0,0.024515414,0,0,0,0.005353517,0,0,0,0.002436773,0,0,0,0,0,0,0,0.000664574,0.000295366,0,0,0,0,0
A160SJLK.04,0,0,0,0,0,0.005789415,0,0,0,0,0,0,0,0,0.000672319,0,0,0,0,0,0,0,0,0.000821723,0,0,0,0,0,0.139095357,0.012475255,0.00070967,0,0,0.001718149,0,0,0,0,0,0,0,0,0,0.000784372,0,3.74E-05,0,0,0,0,0,0.036604041,0,0,0,0.049153998,0,0,0,0.518955664,0,0,3.74E-05,0,0.006723191,0,0,0,0.092257125,0.000859074,0,0.001195234,0,3.74E-05,0.083218168,0,0,0,0,0,0,0,0,0,0,0,0,0,0,0,0,0,0,0,0,0,0,0,0,0.015015127,0,0,0,0.017181489,0,0,0,0.016098308,0,0,0,0,0,0,0,0.000522915,0,0,3.74E-05,0,0,0
B160T6XN.04,0,0,0,0,0,0.004688721,0,0,0,0,0,0,0,0,0.000639371,0,0,0,0,2.37E-05,0,0,0,9.47E-05,0,0,0,0,0,0.000118402,0.010348339,0,0,4.74E-05,0.000994577,0,0,0,0,0,0,0,0,4.74E-05,2.37E-05,0,0,0,0,0.000165763,0,0,0.000260485,2.37E-05,0,0,0.024082976,0,0,0,0.837339269,0,0,0,0,0.001468185,0,0,0,0.113523882,0,0,2.37E-05,0,2.37E-05,0.002391721,0,0,0,0,0,0,0,0,0,0,0,0,0,0,0,0,0,0,0,0,0,0,0,0,0,0,0,0,0.003291577,0,0,0,0.000378887,0,0,0,0,0,0,0,0,0,0,0,0,0,0
A160SHHV.04,0,0.00034389,0,0.000218839,0,0.014537156,0,0,0,0,0,0,0,0,0.002188389,3.13E-05,0,0,0,0,0,0,0,0.004720668,0,0,0,0,0,0.000656517,0.011723513,0.000875356,0,0,0.000125051,0,0,0,0,0,0,0,0,0.000656517,0.000531466,0,0,0,0,0,0,0,0.005283396,0,0,0,0.019539188,0,0,0,0.79069622,0,6.25E-05,0,0,0.009628912,0,0,0,0.133648045,3.13E-05,0,0.001062932,0,3.13E-05,0.000250102,0,0,0,0,0,0,0,0,0,0,0,0,0,0,0,0,0,0,0,0,0,0,0,0,0,0,0,0,0.002876168,0,0,0,0,0,0,0,0,0,0,0,0.000156314,0.000125051,0,0,0,0,0
J160SYQB.04,0,2.48E-05,0,0,0,0.002852395,4.96E-05,0,0,0,0,0,0,0,0.002902002,0,0,0,0,0,0,0,0,0.000496069,0,0,0,0,0,0,0.021578987,4.96E-05,0,0,2.48E-05,0,0,0,0,0,0,0,0,0.000372051,0.000421658,0,0,0,0,0,0,0,0.007565047,0,0,0,0.016990351,0,0,0,0.836694198,0,2.48E-05,0,0,0.008581988,0,0,0,0.064265694,0.000496069,0,0.00079371,0,0,0.028796785,0,0,0,0,0,0,2.48E-05,0,0,0,0,0,0,0,0,0,0,0,0,0,0,0,0,0,0,0,0,0,0.006895354,0,0,0,2.48E-05,0,0,0,0,0,0,0,7.44E-05,0,0,0,0,0,0
A160T77P.04,0,0.000101327,0,0.000126659,0,0.003267808,0,0,0,0,0,0,0,0,0.002102543,0,0,0,0,0,0,0,0,0.00040531,0,0,0,0,0,0.001266592,0.010842031,0.000177323,0,0,0.000303982,0,0,0,0,0,0,0,0,0.00040531,0.000607964,0,0,0,0,0,0,0,0.021658729,0,0,0,0.012463269,0,0,0,0.829542,0,0,0,0,0.006915594,0,2.53E-05,0,0.104696524,0.000177323,0,0.000658628,0,2.53E-05,0.000329314,0,0,0,5.07E-05,0,0,0,0,0,0,0,2.53E-05,0,0,0,0,0,0,0,0,0,0,2.53E-05,0,0.000101327,0,0,0,0.003217145,0,0,0,0.000354646,0,0,0,2.53E-05,7.60E-05,0,0,2.53E-05,0,0,0,0,0,0
D160SBS7.04,0,7.13E-05,0,0.000713487,0,0.007372702,2.38E-05,0,0,0,0,0,0,0,0.002235594,0,0,0,0,0,0,0,0,0.01422218,0,0,0,0,0,0.000118915,0.056746022,2.38E-05,0,0,0.000499441,7.13E-05,0,0,0,0,0,0,0,0.000832402,0.000380527,0,0,0,0,0,0,0,0.010321783,0,0,0,0.000118915,2.38E-05,2.38E-05,0,0.749898923,0,0,0,0,0.009275335,0,0,0,0.13584798,4.76E-05,0,0.000428092,0,0,0,0,0,0,0.00016648,0,0,0,0,0,0,0,7.13E-05,0,0,0,0,0,0,0,0,0,0,0.000237829,0,0,0,0,0,0.000665921,0,7.13E-05,0,0,0,0.000261612,0,0.009203986,0,0,0,0,2.38E-05,0,0,0,0,0
K160SPLB.04,0,0,0,0,0,0.005752511,0.000108949,0,0,0,0,0,0,0,0.002614778,0.007670015,0,0,0,0.000174319,0,0,0,0.000435796,0,0,0,0,0,0.018804611,0.023031835,0.047371059,0,0.002505829,0.00117665,0,0,0,0,0,0,0,0,0,0.000544745,0,0,0,0,0.000130739,0,0,0.068376441,0,0,0.000675484,0.06491186,2.18E-05,0,0,0.534003007,0,0.001547077,0.010829538,0,0.007212429,0,0,0,0.080818425,0.000108949,0,0.000348637,0,4.36E-05,0.076612991,0,0,0,0,0,0,0,0,0,0,0,0,0,0,0,0,0,0,0,0,0,0.000806223,0,0,0.033229469,0,0,0,0.003900377,0,2.18E-05,0,0.005011658,2.18E-05,0,0,0,0,0,0,0.000915172,0.000174319,8.72E-05,0,0,0,0
K160SRSC.04,0,0,0,0,0,0.018998619,0,0,0,0,0,0,0,0,0.004804709,0.000660647,0,0,0,0,0,0,0,0.006246121,0,0,0,0,0,0,0.001401373,0,0,0,0,0,0,0,0,0,0,0,0,8.01E-05,0.000180177,0,0,0,0,2.00E-05,0,0,0.005445336,0,0,0,2.00E-05,0,0,0,0.841644812,0,0,0,0,0.006386259,0,0,0,0.056695562,0,0,0,0,0,2.00E-05,0,0,0,0,0,0,0,0,0,0,0,0,0,0,0,0,0,0,0,0,0,0,2.00E-05,0,0,0,0,0,0.051070049,0,0,0,0.000580569,0,0,0,0,0,0,0,0,0.005725611,0,0,0,0,0
D160TBG8.04,0,0.000237425,0,0,0,0.016178815,0,0,0,0,0,0,0,0,0.000712275,0,0,0,0,0,0,0,0,0.00505376,0,0,0,0,0,0,0.080453142,3.39E-05,0,0,3.39E-05,0,0,0,0,0,0,0,0,0.000576603,0.000237425,0,0,0,0,3.39E-05,0,0,0.001119289,0,0,0,0.022691042,0,0,0,0.645592375,0,3.39E-05,0,0,0.00868297,0,0,0,0.199063867,0.001322796,0,0.001390632,0,6.78E-05,0.000271343,0,0,0,0,0,0,0,0,0,0,0,0,0,0,0,0,0,0,0,0,0,0,0,0,0,0,0,0,0.014381169,0,0,0,0.000101754,0,0,0,0,0,0,0,0.000576603,0,0.001153207,0,0,0,0
A160T8BV.04,0,0.000267086,0,2.97E-05,0,0.018369588,0.000445143,0,0,0,0,0,0,0,0.000801258,0,0,0,0,0,0,0,0,0.002136689,0,0,0,0,0,0.004926255,0.012938837,0.002344422,0,0,8.90E-05,0,0,0,0,0,0,0,0,0.000771582,0.003501795,0,0,0,0,5.94E-05,0,0,0.107991809,0,0,0,0.02661958,0,0,0,0.680386978,0,0,0,0,0.000148381,0,0,0,0.129210315,0,0,0,0,0,0,0,0,0,0,0,0,0,0,0,0,0,0,0,0,0,0,0,0,0,0,0,0,2.97E-05,0,0,0,0,0,0.006439742,0,0,0,0.000949639,0,0,0,0,0,0,0,0,0.001543164,0,0,0,0,0
J160SYJB.04,0,0,0,0,0,0.00050766,2.99E-05,0,0,0,0,0,0,0,0,0.000179174,0,0,0,2.99E-05,0,0,0,0.000179174,0,0,0,0,0,0.000119449,0.001254218,0.044017081,0,0,0.000119449,0,0,0,0,0,0,0,0,2.99E-05,0.008809389,0,0,0,0,0,0,0,0.058888524,0,0,0,0.006689163,0,0,0,0.751963449,0,0,0,0,8.96E-05,0,0,0,0.123570341,0,0,0,0,0,0,0,0,0,0,0,0,0,0,0,0,0,0,0,0,0,0,0,0,0,0,0,0,0,0,0.003165407,0,0,0,0.000358348,0,0,0,0,0,0,0,0,0,0,0,0,0,0,0,0,0,0
D160SZZF.04,0,0,0,0,0,0.005562851,0,0,0,0,0,0,0,0,0.00191508,0,0,0,0,0,0,0,0,0.004687386,0,0,0,0,0,0.000255344,0.000966659,1.82E-05,0,0,0,0,0,0,0,0,0,0,0,1.82E-05,0,0,0,0,0,0,0,0,0.005033924,0,0,0,0,0,0,0,0.913274239,0,0,0,0,0,0,0,0,0.066462391,0,3.65E-05,0,0,0,0,0,0,0,0,0,0,0,0,0,0,0,0,0,0,0,0,0,0,0,0,0,0,0,0,0,0,0,0,0.001313198,0,0,0,0.000127672,0,0,0,0,0,0,0,0,0.000328299,0,0,0,0,0
H160TD72.04,0,3.06E-05,0,6.12E-05,0,0.004040651,0,0,0,0,0,0,0,0,0.001132607,0,0,0,0,0,0,0,0,0.000244888,0,0,0,0,0,0.000336721,0.01077507,0,0,0,0.000459165,0,0,0,0,0,0,3.06E-05,0,0.001040774,0.001377495,0,0,0,0,3.06E-05,0,0,0.010499571,3.06E-05,0,0,0.011724011,0,0,0,0.808099669,0,0,0,0,0.006550753,0,0,0,0.137841313,0.000153055,0,0.000244888,0,3.06E-05,0.000428554,0,0,0,0,0,0,0,0,0,0,0,0,0,0,0,0,0,0,0,0,0,0,0,0,0.000183666,0,0,0,0.004101873,0,0,0,0.000489776,0,0,0,0,3.06E-05,0,0,3.06E-05,0,0,0,0,0,0
C160SS0S.04,0,3.32E-05,0,0,0,0.009700674,0,0,0,0,0,0,0,0,0.001362081,0.01049799,0,0,3.32E-05,0,0,0,0,0.000564765,0,0,0,9.97E-05,0,0.047307398,0.022258397,0.048835587,0,3.32E-05,0.00089698,0,0,0,0,0,0,0,0,6.64E-05,0.003388592,0,0,0,0,3.32E-05,0,0,0.03750706,3.32E-05,0,0,0.092654729,0,0,0,0.548553204,0,0.00066443,0.00023255,0,0.003621142,0,3.32E-05,0,0.036012093,0.000199329,0,0.000199329,0,0.000830537,0.049533238,0,0,0,0,0,0,0,0,0,0,0,0,0,0,0,0,0,0,0,0,0,0,0,0,0.077970832,0,0,0,0.002391947,0,0,0,0.003953357,0,0,0,0,0,0,0,0.000265772,0.000199329,3.32E-05,0,0,0,0
G160PX8K.04,0,0,0,0,0,0.007135263,2.36E-05,0,0,0,0,0,0,0,0.000307147,0,0,0,0,4.73E-05,0,0,0,0.016396929,0,0,0,0,0,0.002102776,0.037046663,4.73E-05,0,0,7.09E-05,0,0,0,0,0,0,0,0,0,4.73E-05,0,2.36E-05,0,0,0.000236267,0,0,0.005883048,0,0,0,0.013845245,0,0.000118133,0,0.811364442,0,4.73E-05,0,0,0.017011223,0,0,0,0.083922032,0,0,0,0,0,0,0,0,0,0,0,0,0,0,0,0,0,0,0,0,0,0,0,0,0,0,0,0,0,0,0.000519787,0,0,0,0.003638512,0,0,0,0.000165387,0,0,0,0,0,0,0,0,0,0,0,0,0,0
J160SJHV.04,0,0,0,0,0,0.000181758,6.06E-05,0,0,0,0,0,0,0,0.00175699,0,0,0,0,0.000181758,0,0,0,0,0,0,0,0,0,3.03E-05,3.03E-05,0.003968374,0,0,0.000151465,0,0,0,0,0,0,3.03E-05,0,3.03E-05,0.0055739,0,0,0,0,0.000545273,0,0,0.066553573,9.09E-05,0,0,0.032928418,0,0,0,0.855018024,0,0,0,0,0,0,0,0,0.031989337,0,0.000272636,0,0,0.000121172,6.06E-05,0,0,0,0,0,0,0,0,0,0,0,0,0,0,0,0,0,0,0,0,0,0,0,0,3.03E-05,0,0,0,0.000272636,0,0,0,9.09E-05,3.03E-05,0,0,0,0,0,0,0,0,0,0,0,0,0
J160SPP1.04,0,2.50E-05,0,0.000274677,0,0.007316403,0.002422154,0,0,0,0,0,0,0,0.004095188,0,0,0,0,2.50E-05,0,0,0,0.001198592,0,0,0,0,0,0.008490024,0.02764252,0.007116638,0,0,0.001423328,0,0,0,0,0,0,0,0,7.49E-05,0.000699178,0,0,0,0,0,0,0,0.023022948,2.50E-05,0,0,0.020151322,0,0,0,0.755637126,0,9.99E-05,0,0,0.006217694,0,0,0,0.120808051,0.000524384,2.50E-05,0.002347242,0,0.000998826,0.003820511,0,0,0,0,0,0,0,0,0,0,0,0,0,0,0,0,0,0,0,0,0,0,0,0,0.000599296,0,0,0,0.004095188,0,0,0,0.000199765,0.000124853,0,0,0,2.50E-05,0,0,9.99E-05,0.000224736,0.000149824,0,0,0,0
B160SK8Y.04,0,0,0,0,0,0.043247511,0,0,0,0,0,0,0,0,0.000350893,0,0,0,0,8.77E-05,0,0,0,0.001052678,0,0,0,0,0,0.037457783,0.032325979,0.11684723,0,8.77E-05,0.017369183,0,0,0,0,0,0,0,0,0,0.002719418,0,0,0,0,4.39E-05,0,0,0.029124084,0,0,0,0.056581429,0,0,0,0.35387517,0,0.005438835,0,0,0.034168165,0,0.000131585,0,0.108952147,0.000350893,0,0.000789508,0,0.001710601,0.122329927,0,0,0,0,0,0,0,0,0,0,0,0,0,0,0,0,0,0,0,0,0,0,0,0,0.022632572,0,0,0,0.010395193,0,0,0,0.001052678,0,0,0,0,0,0,0,0.000745647,4.39E-05,8.77E-05,0,0,0,0
E160T7WS.04,0,0,0,0,0,0.004094671,0,0,0,0,0,0,0,0,0.001597212,0,0,0,0,0,0,0,0,0.000290402,0,0,0,2.90E-05,0,0.003223464,0.016030202,0.002148976,0,0,0.000232322,0,0,0,0,0,0,0,0,0.000667925,0.002352258,0,0,0,0,2.90E-05,0,0,0.016552926,2.90E-05,0,0,0.020153913,0,0,0,0.822825613,0,0.000145201,0,0,0.000755046,0,0,0,0.096878176,0.000145201,0,0.000290402,0,2.90E-05,0.007811819,0,0,0,0,0,0,0,0,0,0,0,0,0,0,0,0,0,0,0,0,0,0,0,0,5.81E-05,0,0,0,0.003455786,0,0,0,0,0,0,0,0,0,0,0,0,0.000174241,0,0,0,0,0
H160SLNL.04,0,0,0,0,0,0.009928843,0,0,0,0,0,0,0,0,0.001572067,0,0,0,0,0,0,0,0,0.005254013,0,0,0,4.14E-05,0,0.000703293,0.147153732,0.002689062,0,0.001861658,0.000496442,0,0,0,0,0,0,0,0,0.000248221,0.000372332,0,0,0,0,0.000206851,0,0,0.004012907,0,0,0,0.010177064,8.27E-05,0,0,0.543893761,0,0.000165481,4.14E-05,0,0.034875062,0,0.000165481,0,0.189806388,0.000910144,0,0.002109879,0,0.007281152,0.013983121,0,0,0,0,0,0,0,0,0,0,0,0,0,0,0,0,0,0,0,0,0,4.14E-05,0,0,0.000579183,0,0,0,0.019526725,0,8.27E-05,0,0.001696177,0,0,0,0,4.14E-05,0,0,0,0,0,0,0,0,0
C160SQFS.04,0,2.37E-05,0,0,0,0.037178941,0,0,0,0,0,0,0,0,0.001750154,0,0,0,0,0,0,0,0,0.002412374,0,0,0,0,0,0,0.075705974,9.46E-05,0,0,0.000212857,0,0,0,0,0,0,0,0,2.37E-05,0.000141904,0,4.73E-05,0,0,0,0,0,0.019511849,0,0,0,0.010264415,0,0,0,0.629676931,0,0,0,0,0.008679816,0,0,0,0.116314271,0.000141904,0,0.002128565,0,0,0.094082588,0,0,0,0,0,0,0,0,0.000118254,0,0,0,0,0,0,0,0,0,0,0,0,0,0,0,0,0,0,0,0.001442694,0,0,0,4.73E-05,0,0,0,0,0,0,0,0,0,0,0,0,0,0
F160SH25.04,0,0,0,0,0,0,0.709174372,0,0,0,0,0,0,0,0,0,0,0,0,0,0,0,0,0,0,0,0,0,0,0,6.51E-05,0.000683683,0,0,0,0,0,0,0,0,0,0,0,0,0,0,0,0,0,0,0,0,0,0,0,0.012338846,0.000520901,0,0,0,0.212267222,0,0,0,0,0,0,0,0,0.000195338,0,0,0,0,0,3.26E-05,0,0,0,0,0,0,0,0,0.000162782,0,0,0,0,0,0,0,0,0,0,0,0,0,0,0,0,0,0,0,0,0,0,0,0,0.064559187,0,0,0,0,0,0,0,0,0,0,0,0,0
F160SLF1.04,0,0,0,0,0,0.003350368,0,0,0,0,0,0,0,0,0.005131576,0,0,0,0,0,0,0,0,0.010072309,0,0,0,0,0,0,0.00144193,0,0,0,0,0,0,0,0,0,0,0,0,2.12E-05,0.001611569,0,0,0,0,4.24E-05,0,0,0.041179838,0,0,0,0.004092538,0,0,0,0.83621366,0,0,0,0,0.000360483,0,0,0,0.041222248,0,0,0,0,0,0,0,0,0,0,0,0,0,0,0,0,0,0,0,0,0,0,0,0,0,0,0,0,0,0,0,0,0,0,0.049089251,0,0,0,0,0,0,0,0,0,0,0,0,0.006170614,0,0,0,0,0
D160T9MZ.04,0,4.91E-05,0,0,0,0.005503686,0,0,0,0,0,0,0,0,0.00039312,0,0,0,0,0,0,0,0,0.001474201,0,0,0,0,0,0,0.086486486,4.91E-05,0,0,0.000687961,0,0,0,0,0,0,0,0,0.00039312,0.00034398,0,0,0,0,0,0,0,0.003783784,0,0,0,0.008058968,0,0,0,0.435135135,0,0,0.005257985,0,0.016461916,0,0,0,0.172235872,0.001277641,0,0.004619165,0,0.000884521,0.142604423,0,0,0,0,0,0,0,0,0,0,0,0,0,0,0,0,0,0,0,0,0,0,0,0,0.004127764,0,0,0,0.107321867,0,0,0,0.000687961,0,0,0,0,0,0,0,0.001818182,4.91E-05,0.00029484,0,0,0,0
H160SJ0W.04,0,0,0,0,0,0.003961704,0,0,0,0,0,0,0,0,0.002641136,0.004060746,0,0,0,6.60E-05,0,0,0,0.001155497,0,0,0,9.90E-05,0,0.002938263,0.028029052,0.009970287,0,0,0.00039617,0,0,0,0,0,0,0,0,0.000198085,0.00141961,0,0,0,0,0,0,0,0.026411357,3.30E-05,0,0.000198085,0.038956751,0,0,0,0.743380654,0,0.000165071,0.000264114,0,0.021459227,0,0.000165071,0,0.069990096,9.90E-05,0,0.000165071,0,0,0.012578409,0,0,0,0,0,0,0,0,0,0,0,0,0,0,0,0,0,0,0,0,0,9.90E-05,0,0,0.016309013,0,0,0,0.008682734,0,0,0,0.001518653,3.30E-05,0,0,0,0,0,0,0,0.004555959,0,0,0,0,0
H160TDJL.04,0,0,0,0,0,0.00052473,0,0,0,0,0,0,0,0,0,0,0,0,0,0,0,0,0,0,0,0,0,0,0,1.94E-05,0.000136041,0,0,0,0.00034982,0,0,0,0,0,0,1.94E-05,0,0,0.000116607,0,1.94E-05,0,0,0,0,0,0.000466427,0.000310951,0,0,0.016441551,0,0,0,0.978797007,0,0,0,0,5.83E-05,0,0,0,0.002371004,0,0,0,0,0,0.000252648,0,0,0,0,0,0,0,0,0,0,0,0,0,0,0,0,0,0,0,0,0,0,3.89E-05,0,0,0,0,0,5.83E-05,0,0,0,1.94E-05,0,0,0,0,0,0,0,0,0,0,0,0,0,0
J160TCLD.04,0,0,0,0,0,0.000324846,0,0,0,0,0,0,0,0,0.00039981,0.001974062,0,0,0,0,0,0,0,0,0,0,0,0,0,2.50E-05,0,7.50E-05,0,5.00E-05,0.001374347,0,0,0,0,0,0,0,0,0,0.003973113,0,0,0,0,0,0,0,0.030060721,0,0,0,0.000574727,0,0,0,0.933931383,0,0,0,0,0,0,0,0,0.011869362,0,0,0,0,0,0,0,0,0,0,0,0,0,0,0,0,0,0,0,0,0,0,0,0,0,0,0,0,0,0,0.0153677,0,0,0,0,0,0,0,0,0,0,0,0,0,0,0,0,0,0,0,0,0,0
J160SPM7.04,0,0,0,0,0,0.000993834,6.08E-05,0,0,0,0,0,0,0,0.001987668,0,0,0,0,0,0,0,0,0.00026367,0,0,0,0,0,0.000507058,0.005293688,0.014177349,0,0.000101412,0.0003448,0,0,0,0,0,0,0,0,0.000101412,0.000912705,0,2.03E-05,0,0,0,0,0,0.058778192,0,0,2.03E-05,0.019613013,0,0,0.000446211,0.829689275,0,0.000324517,2.03E-05,0,0.001176375,0,0,0,0.038576992,0,0,0.000141976,0,4.06E-05,0.009674671,0,0,0,0,0,0,0.000121694,0,0,0,0,0,0,0,0,0,0,0,0,0,0,4.06E-05,0,0,0.014846666,0,0,0,0.000689599,0,0,0,0.000547623,0,0,0,0,2.03E-05,0,0,0.000182541,0.000283953,0,0,0,0,0
D160SQ1B.04,0,0,0,0,0,0.000121902,0.083746445,0,0,0,0,0,0,0,0.000203169,0,0,0,0,0.000243803,0,0,0,0,0,0,0,0,0,0,4.06E-05,0.000203169,0,0,0,0,0,0,0,0,0.000568874,0,0,0,0.001381552,0,0,0,0,0.798577814,0,4.06E-05,0.003250711,0,0,0,0.001544088,0.041852905,0,0,0.043031288,0,0,0,0,0,0,0,0,0.000853312,0,0,0,0,0,0.001259651,0,0,0,0,0,0,0.000893946,0,0,0,0,0,0,0,0,0,0,0,0,0,0,0,0.000609508,0,0,0,0,0,8.13E-05,0,0.021373425,0,0.000121902,0,0,0,0,0,0,0,0,0,0,0,0,0,0
J160SKQ0.04,0,0,0,0,0,0,0.011473472,0.000591058,0,0,0,0,0,0,0,0,0,0,0,0,0,0,0,0,0,0,0,0,0,0,0,3.48E-05,0,0,0,0,0,0,0,0,0,0,0,0,0.005701968,0,0,0,0,0.662784229,0,3.48E-05,3.48E-05,0,0,0,0,0.318719143,0,0,0.000625826,0,0,0,0,0,0,0,0,0,0,0,0,0,0,0,0,0,0,0,0,0,0,0,0,0,0,0,0,0,0,0,0,0,0,0,0,0,0,0,0,0,0,0,0,0,0,0,0,0,0,0,0,0,0,0,0,0,0,0,0,0,0
G160TDKH.04,0,0,0,0,0,0.018827187,0,0,0,0,0,0,0,0,0.000690906,0,0,0,0,0,0,0,0,0.00293635,0,0,0,0,0,0.006218154,0.038949823,8.64E-05,0,0,0.003972709,0,0,0,0,0,0,0,0,0,0.001813628,0,0,0,0,0,0,0,0.007859055,8.64E-05,0,0,0.020727179,0,0,0,0.660678815,0,0.000172726,0,0,0.021763537,0,0.000604543,0,0.117194922,0.001640902,0,0.001554538,0,0.000345453,0.050090681,0,0,0,0,0,0,0,0,0,0,0,0,0,0,0,0,0,0,0,0,0,0,0,0,0.002504534,0,0,0,0.0319544,0,0,0,0.007686329,0,0,0,0,0,0,0,0.001640902,0,0,0,0,0,0
A160TB6R.04,0,0,0,0,0,0.007400168,0.000186168,0,0,0,0,0,0,0,0.002327097,0,0,0,0,0,0,0,0,4.65E-05,0,0,0,0,0,0.052266592,0.009773806,0.001023923,0,0.001535884,0.000977381,0,0,0,0,0,0,0,0,0,0.00265289,0,0,0,0,4.65E-05,0,0,0.030484967,9.31E-05,0,0.000372335,0.080703714,0,0,0,0.65037699,0,0,4.65E-05,0,0.003723355,0,0.000186168,0,0.055012566,4.65E-05,0,0.000186168,0,0.000605045,0.004886903,0,0,0,0,0,0,0,0,0,0,0,0,0,0,0,0,0,0,0,0,0,4.65E-05,0,0,0.086056036,0,0,0,0.005212697,0,0,0,0.003723355,0,0,0,0,0,0,0,0,0,0,0,0,0,0
E160SK81.04,0,0,0,0,0,0.022019912,0,0,0,0,0,0,0,0,0.001569648,0.000134541,0,0,0,0,0,0,0,0.005964661,0,0,0,0,0,0.060498699,0.044533142,0.006727061,0,0.001435106,0.003408377,0,0,0,0,0,0,0,0,0,0.002018118,0,0,0,0,0.002197507,0,0,0.061664723,0,0,0.000224235,0.031886268,0,0,0,0.448336174,0,8.97E-05,0.001031483,0,0.017131581,0,0.001973271,0,0.076240022,0.004125931,0,0.002690824,0,0.00107633,0.028298502,0,0,0,0,0,0,0,0,0,0,0,0,0,0,0,0,0,4.48E-05,0,0,0,0,0,0,0.115974527,0,0,0,0.050452955,0,0.000224235,0,0.002690824,0,0,0,0,0.000134541,0,0,0.004843484,0,0.000358777,0,0,0,0
H160TB7N.04,0,0.000199273,0,0,0,0.037064714,0,0,0,0,0,0,0,0,0.000946545,0,0,0,0,0,0,0,0,0.000797091,0,0,0,4.98E-05,0,0.002739999,0.025207991,0.004633089,0,0.000249091,0.000249091,0,0,0,0,0,0,0,0,9.96E-05,0.000797091,0,0,0,0,9.96E-05,0,0,0.014198177,0.000249091,0,0,0.070193793,0,0,0,0.536541623,0,4.98E-05,0.000249091,0,0.007173816,0,0,0,0.158621033,0.000249091,0,0.000597818,0,0.000249091,0.093558511,0,0,0,0,0,0,0,0,0,0,0,0,0,0,0,0,0,0,0,0,0,0,0,0,0.025058536,0,0,0,0.017037812,0,0.000697454,0,0.001096,4.98E-05,0,0,0,0,0,0,0.000946545,4.98E-05,0,0,0,0,0
B160SPYG.04,0,3.83E-05,0,0,0,0.030568521,0,0,0,0,0,0,0,0,0.000726911,0.000879945,0,0,0,0,0,0,0,0.000420843,0,0,0,0.000344326,0,0.007689953,0.027507843,0.054327033,0,0,0.001032979,0,0,0,0,0,0,0,0,0,0.001989441,0,0,0,0,7.65E-05,0,0,0.025518402,0,0,0,0.01304614,3.83E-05,0,0,0.539980106,0,0.000459102,0,0,0.013964343,0,0,0,0.143966639,0.001683373,0,0.00099472,0,0.00099472,0.118830821,0,0,0,0,0,0,0,0,0,0,0,0,0,0,0,0,0,0,0,0,0,0,0,0,0.000306068,0,0,0,0.00952636,0,0,0,0.0045145,0,0,0,0,0,0,0,0,0,0.000573877,0,0,0,0
D160SYZD.04,0,0,0,0,0,0.003069046,0,0,0,0,0,0,0,0,0.003223269,0,0,0,0,4.63E-05,0,0,0,0,0,0,0,0,0,1.54E-05,0,0,0,0,6.17E-05,0,0,0,0,0,0,0,0,3.08E-05,0,0,0,0,0,3.08E-05,0,0,0.000339291,0,0,0,0.002421308,0,0,0,0.968276245,0,0,0,0,0,0,0,0,0.022393239,0,0,0,0,0,1.54E-05,0,0,0,0,0,0,0,0,0,0,0,0,0,0,0,0,0,0,0,0,0,0,7.71E-05,0,0,0,0,0,0,0,0,0,0,0,0,0,0,0,0,0,0,0,0,0,0,0,0
C160SGV1.04,0,0,0,0,0,0.015582067,0,0,0,0,0.000208688,0,0,0.000208688,0.006886717,0.000660847,0,0,0,3.48E-05,0,0,0,0.001113005,0,0,0,0,0,0.016277695,0.014747313,3.48E-05,0,0.013390839,0.00222601,0,0,0,0,0,0,0,0,0,0.000173907,0,0,0,0,0.000173907,0,0,0.043894125,0,0,0.000104344,0.054885047,3.48E-05,0,0,0.625091301,0,3.48E-05,0.001912977,0,0.008660568,0,0.000139126,0,0.079475497,0.000208688,0,0.000939098,0,0.000382595,0.056241522,0,0,0,0,0,0,0,0,0,0,0,0,0,0,0,0,0,0,0,0,0,0,0,0,0.027164273,0,0,0,0.015199471,0,0,0,0.005182428,0,0,0,3.48E-05,0.000347814,0,0,0.006017182,0.002052103,0.000278251,0,0,0,0
F160SQS8.04,0,0,0,0,0,0.005651437,0,0,0,0,0,0,0,0,0.000608616,0.000130418,0,0,0,0,0,0,0,0.00099987,0,0,0,0.000130418,0,0.011259401,0.0058688,0.092422727,0,0,0.001260705,0,0,0,0,0,0,0,0,8.69E-05,0.004260314,0,0,0,0,4.35E-05,0,0,0.020040864,0.001130287,0,0,0.084901969,0,0,0,0.675303221,0,0.002651828,0,0,0.003347389,0,0,0,0.075642308,0,0,8.69E-05,0,0.000130418,0.001956267,0,0,0,0,0,0,0,0,0,0,0,0,0,0,0,0,0,0,0,0,0,0,0,0,0.001912794,0,0,0,0.006390471,0,4.35E-05,0,0.003564752,0,0,0,0,0,0,0,0.00017389,0,0,0,0,0,0
F160SV5L.04,0,0,0,7.74E-05,0,0.008315928,0,0,0,0,0,0,0,0,0.000541502,0.000386787,0,0,0,0,0,0,0,0.000193394,0,0,0,7.74E-05,0,0.01315077,0.006846136,0.033108997,0,0.006962172,0.001044326,0,0,0,0,0,0,0,0,0.000116036,0.006691421,0,0,0,0,0.000116036,0,0,0.057244527,0.000154715,0,0,0.081457415,0,0,0,0.595729868,0,7.74E-05,0.00092829,0,0.002939584,0,0,0,0.09719966,0.000154715,0,7.74E-05,0,0.00092829,0.040071169,0,0,0,0,0,0,0,0,0,0,0,0,0,0,0,0,0,0,0,0,0,0,0,0,0.036280653,0,0,0,0.0067301,0,0,0,0.001972615,0,0,0,0,0.000116036,0,0,7.74E-05,0.000116036,0.000116036,0,0,0,0
H160SX87.04,0,0,0,0,0,0.002242669,2.10E-05,0,0,0,0,0,0,0,0.004129027,0.003290646,0,0,0,2.10E-05,0,0,0,0.000104798,0,0,0,0,0,0.002242669,0.000251514,0,0,0,0.000817422,0,0,0,0,0,0,0,0,6.29E-05,0.00178156,0,0,0,0,0.000377271,0,0,0.01729161,6.29E-05,0,0,0.007251996,0,0,0,0.904634151,0,0,0,0,8.38E-05,0,0,0,0.053488713,0,0,2.10E-05,0,0,0.001006057,0,0,0,0,0,0,0,0,0,0,0,0,0,0,0,0,0,0,0,0,0,0,0,0,0.000649745,0,0,0,8.38E-05,0,0,0,2.10E-05,0,0,0,0,0,0,0,4.19E-05,2.10E-05,0,0,0,0,0
H160SGHZ.04,0,0,0,0,0,0.000125713,2.51E-05,0,0,0,0,0,0,0,0.000678852,0,0,0,0,0,0,0,0,0.000427426,0,0,0,0,0,0.000955422,0.000351998,0.018806728,0,0,0.000226284,0,0,0,0,0,0,0,0,0.000351998,0.000578282,0,0.000175999,0,0,0.000226284,0,0,0.022276419,0,0,0,0.003167978,7.54E-05,0.038166595,0,0.813214995,0,0,0,0,0.000175999,0,0,0,0.09974103,0,0,0,0,0.000100571,0,0,0,0,0,0,0,0,0,0,0,0,0,0,0,0,0,0,0,0,0,0,0,0,0,0,0,0,0,7.54E-05,0,0,0,5.03E-05,0,0,0,0,0,0,0,0,0,0,0,0,0,2.51E-05
K160SW23.04,0,0,0,0,0,0.005837405,6.56E-05,0,0,0,0,0,0,0,0.002393992,0.000196766,0,0,0,0,0,0,0,0.002066048,0,0,0,0,0,0.028039222,0.039386089,0.000459122,0,0.000163972,0.000524711,0,0,0,0,0,0,0,0,0.000229561,0.003607385,0,0,0,0,0,0,0,0.027088184,0.000262355,0,3.28E-05,0.063785131,0,0,0,0.698750533,0,6.56E-05,0,0,0.003312236,0,0,0,0.085265471,3.28E-05,0,0.000196766,0,0,0.001213393,0,0,0,0,0,0,0,0,0,0,0,0,0,0,0,0,0,0,0,0,0,0,0,0,0.005542256,0,0,0,0.029121438,0,0,0,0.002295609,0,0,0,0,0,0,0,6.56E-05,0,0,0,0,0,0
B160SNFN.04,0,0,0,0,0,0.000887291,0,0,0,0,0,0,0,0,0,0,0,0,0,0,0,0,0,4.55E-05,0,0,0,0,0,0.018769623,0.000932793,0.032511262,0,0,0.00063703,0,0,0,0,0,0,0,0,4.55E-05,0.00946444,0,0,0,0,9.10E-05,0,0,0.050279838,0.000455021,0,0,0.074964736,4.55E-05,0,0,0.738977112,0,0.00020476,4.55E-05,0,0.000591528,0,0,0,0.044978842,6.83E-05,0,6.83E-05,0,4.55E-05,0.001547072,0,0,0,0,0,0,0,0,0,0,0,0,0,0,0,0,0,0,0,0,0,0,0,0,0.022318788,0,0,0,0.0010693,0,4.55E-05,0,0.000841789,0,0,0,0,4.55E-05,0,0,2.28E-05,0,0,0,0,0,0
E160SYK7.04,0,0,0,0,0,0.000123415,3.09E-05,0,0,0,0,0,0,0,0.000154269,0,0,0,0,0,0,0,0,0,0,0,0,0,0,0.005214279,0.000586221,0.033136898,0,0,6.17E-05,0,0,0,0,0,0,0,0,6.17E-05,0.005491963,0,0,0,0,3.09E-05,0,0,0.071210392,6.17E-05,0,3.09E-05,0.054919626,0,3.09E-05,0,0.783869674,0,3.09E-05,0,0,0.002314029,0,0,0,0.03696276,0,6.17E-05,0,0,0,6.17E-05,0,0,0,0,0,0,0,0,0,0,0,0,0,0,0,0,0,0,0,0,0,0,0,0,0.001203295,0,0,0,0.002961957,0,0,0,0.001388418,0,0,0,0,0,0,0,0,0,0,0,0,0,0
H160T70C.04,0,0,0,0,0,5.78E-05,0,0,0,0,0,0,0,0,0.001185279,0,0,0,0,8.67E-05,0,0,0,2.89E-05,0,0,0,0,0,0.009568963,0.001445463,0.002399468,0,0,0.000838368,0,0,0,0,0,0,0,0,0.00037582,0.000607094,0,0,0,0,0,0,0,0.012055159,0,0,0,0.016738458,0,0,0,0.865658697,0,2.89E-05,0,0,8.67E-05,0,0,0,0.087623948,0,0,0,0,0,0.000115637,0,0,0,0,0,0,0,0,0,0,0,0,0,0,0,0,0,0,0,0,0,0,0,0,0,0,0,0,0,0,0,0,0.001098552,0,0,0,0,0,0,0,0,0,0,0,0,0,0
G160TFN9.04,0,3.11E-05,0,0,0,9.34E-05,0,0,0,0,0,0,0,0,0.000249058,0,0,0,0,0,0,0,0,0.000311323,0,0,0,0,0,0.007160425,0.000466984,0.001494349,0,0,0.000716042,0,0,0,0,0,0,0,0,0.000747175,0.001432085,0,0.000249058,0,0,0,0,0,0.008561377,0,0,0,0.007814203,0,0.027053952,0,0.812272345,0,0,0,0,6.23E-05,0,0,0,0.130537654,0,0,0,0,0,0.000747175,0,0,0,0,0,0,0,0,0,0,0,0,0,0,0,0,0,0,0,0,0,0,0,0,0,0,0,0,0,0,0,0,0,0,0,0,0,0,0,0,0,0,0,0,0,0,0
C160T9QP.04,0,0,0,0,0,0.001956551,0.000809607,0,0,0,0,0,0,0,0.000404804,0,0,0,0,0,0,0,0,6.75E-05,0,0,0,0,0,0.04560788,0.008365943,0.009040615,0,0.000134935,0.001146944,0,0,0,0,0,0,0,0,0,0.011267035,0,0,0,0,0,0,0,0.072797193,0.000134935,0,0,0.029618135,0,0,0,0.680677371,0,0.00074214,0.011469437,0,0.002091486,0,0,0,0.007826204,6.75E-05,0,0.000404804,0,6.75E-05,0.006139522,0,0,0,0,0,0,0,0,0,0,0,0,0,0,0,0,0,0,0,0,0,0,0,0,0.102820132,0,0,0,0.000674673,0,0,0,0.005397382,0,0,0,0,6.75E-05,0,0,0.000202402,0,0,0,0,0,0
H160SSBF.04,0,9.09E-05,0,0,0,0.001318661,0,0,0,0,0,0,0,0,0.00106857,0,0,0,0,0,0,0,0,0.003933248,0,0,0,0,0,0.001295926,0.011072208,0.000454711,0,0,2.27E-05,0,0,0,0,0,0,0,0,0.000522917,0.000363769,0,0,0,0,0.000227355,0,0,0.007025282,0,0,6.82E-05,0.012345398,0,0,0,0.781306839,0,2.27E-05,0,0,0.003796835,0,0,0,0.103355766,0.000113678,0,0.000682066,0,4.55E-05,0.066137686,0,0,0,0,0,0,0,0,0,0,0,0,0,0,0,0,0,0,0,0,0,0,0,0,0.000636595,0,0,0,0.00397872,0,4.55E-05,0,4.55E-05,0,0,0,0,0,0,0,0,2.27E-05,0,0,0,0,0
C160SZF2.04,0,0,0,0,0,0.00302813,0,0,0,0,0,0,0,0,0.000743751,0,0,0,0,0,0,0,0,0.000743751,0,0,0,0.00010625,0,0.044651632,0.008553138,0.021223471,0,0.0002125,0.000850001,0,0,0,0,0,0,0,0,0.000159375,0.007198449,0,0,0,0,5.31E-05,0,0,0.049193827,0.000239063,0,0.000185938,0.041517252,0,0,0,0.722235503,0,2.66E-05,0,0,0.001646878,0,0,0,0.072196988,0.000159375,0,0.000398438,0,2.66E-05,0.015725025,0,0,0,0,0,0,0,0,0,0,0,0,0,0,0,0,0,0,0,0,0,5.31E-05,0,0,0.002868754,0,0,0,0.003984381,0,0,0,0.001832815,0,0,0,0,0.000132813,0,0,2.66E-05,2.66E-05,0,0,0,0,0
K160SZ4S.04,0,0,0,0,0,8.94E-05,0,0,0,0,0,0,0,0,0.000506389,0,0,0,0,0,0,0,0,0,0,0,0,0,0,0.008697983,0.000982991,0.009710762,0,0,0.003693664,0,0,0,0,0,0,0,0,0.000297876,0.008012868,0,0,0,0,0,0,0,0.06767746,0.000238301,0,0,0.033272765,0,0,0,0.819695571,0,0,0,0,0.000238301,0,0,0,0.038872837,0,0,0,0,0,0.00399154,0,0,0,0,0,0,0,0,0,0,0,0,0,0,0,0,0,0,0,0,0,0,0,0,0.002383009,0,0,0,0.000506389,0,0,0,0.001131929,0,0,0,0,0,0,0,0,0,0,0,0,0,0
K160SLRV.04,0,0,0,0,0,0.005612961,0,0,0,0,0,0,0,0,0.002763958,0,0,0,0,0,0,0,0,0.000106306,0,0,0,0,0,0.024386614,0.006782328,0,0,0.000127567,0.001381979,0,0,0,0,0,2.13E-05,0,0,0,0.002083599,0,0,0,0,0,0,0,0.030658672,0.000127567,0,0.000127567,0.047710167,0,0,0,0.792107837,0,2.13E-05,0,0,0.002615129,0,6.38E-05,0,0.039630905,4.25E-05,0,0.00017009,0,0,0.024174002,0,0,0,0,0,0,0,0,0,0,0,0,0,0,0,0,0,0,0,0,0,0.000276396,2.13E-05,0,0.007760344,0,0,0,0.004592423,0,0,0,0.006101969,0,0,0,0,0,0,0,0.000446486,2.13E-05,0,0,0,0,6.38E-05
K160TCM9.04,0,0,0,0,0,0.019614329,0,0,0,0,0,0,0,0,0.00092614,0,0,0,0,0,0,0,0,0.000826911,0,0,0,3.31E-05,0,0.01458671,0.022260444,0.01607515,0,0.000231535,0.001058446,0,0,0,0,0,0,0,0,0,0.002050739,0,0,0,0,0,0,0,0.026428075,0.000198459,0,3.31E-05,0.043693977,0,0,0,0.720338703,0,3.31E-05,0.000264612,0,0.005556842,0,0.000363841,0,0.057916846,0.001587669,0,0.003969173,0,0.000595376,0.038037906,0,0,0,0,0,0,0,0,0,0,0,0,0,0,0,0,0,0,0,0,0,0,0,0,0.016438991,0,0,0,0.002216121,0,0,0,0.003076109,0,0,0,0,0,0,0,0.001323058,0.000198459,6.62E-05,0,0,0,0
C160SXP7.04,0,0,0,0,0,0.00181095,0,0,0,0,0,0,0,0,9.70E-05,0,0,0,0,0,0,0,0,0,0,0,0,9.70E-05,0,0.026323449,0.005853248,0.13869935,0,0,0.000549753,0,0,0,0,0,0,0,0,0,0.005465188,0,0,0,0,0,0,0,0.024868221,0.001422889,0,0,0.128092358,0,0,0,0.565145684,0,0.010218931,9.70E-05,0,0.007373153,0,0,0,0.0754778,3.23E-05,0,0.000388061,0,0,0.002554733,0,0,0,0,0,0,0,0,0,0,0,0,0,0,0,0,0,0,0,0,0,0,0,0,0.000743783,0,0,0,0.002263687,0,0,0,0.002328364,0,0,0,0,0,0,0,6.47E-05,3.23E-05,0,0,0,0,0
H160SWJV.04,0,0,0,0,0,0,0.000685286,0,0,0,0,0,0,0,0,0,0,0,0,0.0004264,0,0,0,0,0,0,0,0,0,0,0,0,0,0,0,0,0,0,0,0,0,0,0,0,0.004385831,0,0,0,0,0.024137301,0,0,0,0,0,0,0,0.002345201,0,0,0.963481863,0,0,0,0,0,0,0,0,0,0,0,0,0,0,0,0,0,0,0,0,0,0,0,0,0,0,0,0,0,0,0,0,0,0,0,0,0,1.52E-05,0,0,0,0,0,0,0,0.004522889,0,0,0,0,0,0,0,0,0,0,0,0,0,0,0,0
D160SS41.04,0,0,0,0,0,0.014426402,0,0,0,0,0,0,0,0,0.000197622,0.000131748,0,0,0,0,0,0,0,0.000296433,0,0,0,0.000197622,0,0.012450183,0.006916768,0.233786766,0,0.000526992,0.001021047,0,0,0,0,0,0,0,0,0,0.004182998,0,0,0,0,6.59E-05,0,0,0.046243536,0.000494055,0,0,0.033398109,0,0,0,0.36840025,0,0.001844472,3.29E-05,0,0.006323902,0.000164685,0.000428181,0,0.062053292,0.00065874,0,0.000955173,0,0.031026646,0.141464379,0,0,0,0,0,0,0,0,0,0,0,0,0,0,0,0,0,0,0,0,0,0,0,0,0.02605316,0,0,0,0.003260762,0,0,0,0.002898455,0,0,0,0,3.29E-05,0,0,0,3.29E-05,3.29E-05,0,0,0,0
B160SGDK.04,0,0,0,0,0,0.016209553,0,0,0,0,0,0,0,0,0.00027735,0.002588598,0,0,0,0,0,0,0,0.0001849,0,0,0,0.000308166,0,0.03183359,0.013959938,0.142742681,0,0,0.001232666,0,0,0,0,0,0,0,0,3.08E-05,0.002650231,0,0,0,0,3.08E-05,0,0,0.011525424,9.24E-05,0,0,0.015192604,0,0,0,0.502650231,0,0.003389831,0,0,0.022064715,0,0,0,0.103636364,0,0,3.08E-05,0,0.000585516,0.116610169,0,0,0,0,0,0,0,0,0,0,0,0,0,0,0,0,0,0,0,0,0,0,0,0,0.000493066,0,0,0,0.010785824,0,0,0,0.000801233,0,0,0,0,0,0,0,0,0,9.24E-05,0,0,0,0
F160T891.04,0,0,0,0,0,0.002654584,4.58E-05,0,0,0,0,0,0,0,0.001464598,0,0,0,0,0,0,0,0,0.000411918,0,0,0,0.000137306,0,0.002700352,0.009016431,0.101881093,0,0,0.00105268,0,0,0,0,0,0,0,0,0.000366149,0.002746121,0,0,0,0,0.000137306,0,0,0.035470731,0,0,4.58E-05,0.034692663,0,0,0,0.640120829,0,0.000320381,0.001418829,0,0.004622637,0,0,0,0.082566708,0.000411918,0,0.000457687,0,0.001235754,0.035653806,0,0,0,0,0,0,0,0,0,0,0,0,0,0,0,0,0,0,0,0,0,0,0,0,0.031351549,0,0,0,0.007139915,0,0,0,0.001830747,0,0,0,0,0,0,0,0,0,4.58E-05,0,0,0,0
J160SH9K.04,0,0,0,7.93E-05,0,0.018365728,0,0,0,0,0,0,0,0,0.000119,0,0,0,0,0,0,0,0,0.00507735,0,0,0,3.97E-05,0,0.01511305,0.030781436,0.024831416,0,3.97E-05,0.000476002,0,0,0,0,0,0,0,0,0.000158667,0.003609679,0,0,0,0,0.000119,0,0,0.015311384,0.000238001,0,0,0.037445458,0,0,0,0.512336374,0,0.000396668,0,0,0.071796906,0,0,0,0.137643792,0,0,0,0,3.97E-05,0.099642999,0,0,0,0,0,0,0,0,0,0,0,0,0,0,0,0,0,0,0,0,0,0,0,0,0.000476002,0,0,0,0.025862753,0,0,0,0,0,0,0,0,0,0,0,0,0,0,0,0,0,0
A160SPB7.04,0,0,0,0,0,2.40E-05,0,0,0,0,0,0,0,0,0.000958888,0,0,0,0,2.40E-05,0,0,0,0.002996524,0,0,0,0,0,0.001438332,0.007838907,0.014527149,0,0,0.000143833,0,0,0,0,0,0,0,0,0.000359583,7.19E-05,0,7.19E-05,0,0,0.000958888,0,0,0.002541052,0,0,0,0.000575333,9.59E-05,0.00098286,0,0.85762915,0,0.000431499,0,0,0.000647249,0,0,0,0.107395421,0,0,0,0,4.79E-05,0,0,0,0,0,0,0,0,0,0,0,0,0,0,0,0,0,0,0,0,0,0,0,0,0,0,0,0,0,4.79E-05,0,0.000167805,0,2.40E-05,0,0,0,0,0,0,0,0,0,0,0,0,0,0
C160SZK2.04,0,0,0,0,0.000129042,0.003587375,0.291093504,0,0,0,0,0,0,0.000258084,0.002787313,0,0.000180659,0,0,0.000283893,0,0,0,7.74E-05,0.000206468,0,0,5.16E-05,0,0.006477921,0.003819651,0.005806901,0,0.003690608,0.001135572,0,0,0,0,0,0,0,0,0,0.00100653,0,0,0,0,0.004877797,0,0,0.024776112,0,0,0.026608512,0.029653909,0,0.000980721,0,0.538131984,0,0,0,0,0.000903296,0,0.000232276,0,0.020104782,0.000361318,0.000541977,0.000464552,0,5.16E-05,0.00082587,0,0,0,0,0,0,0.000232276,0,0,0,0,0,0,0,0,0,0,0,0,0,0,0,0,0,0.028647379,0,0,0,0.000232276,0,0,0,0.000541977,0,0,0,0.000154851,0,0,0,0.000954913,0.000129042,0,0,0,0,0
J160PFQ1.04,0,0,0,0,0,0.004883002,2.16E-05,0,0,0,0,0,0,0,0.004191604,0,0,0,0,0,0,0,0.000972279,0,0,0,0,0,0.00062658,0.038113346,0.030572781,0.000129637,0,0.000648186,0.001317979,0,0,0,0,0,0,0,0,0,0.000129637,0,0,0,0,0.005984919,0,0,6.48E-05,0,0,0,4.32E-05,0.004191604,0,0,0.83499341,0,4.32E-05,0,0,0.00967958,0,0.003608236,0,0.001793315,0,0,6.48E-05,0,0,0,0,0,0,0,0,0,0,0,0,0,0,0,0,0,0,0,0,0,0,0,0,6.48E-05,0,0,0.027872005,0,0,0,0,0,0,0,0.028368948,0,0,0,0,0,0,0,0,0.001188341,0.00017285,0.000259274,0,0,0
A160SJSK.04,0,0,0,0,0,0.000671682,0,0,0,0,0,0,0,0,0.00057093,0,0,0,0,0,0,0,0,6.72E-05,0,0,0,6.72E-05,0,0.01222461,0.005541376,0.101020956,0,0.000335841,0.002552391,0,0,0,0,0,0,0,0,0,0.006145889,0,0,0,0,0,0,0,0.025960505,0.000335841,0,3.36E-05,0.060686459,0,0,0,0.693847394,0,6.72E-05,0,0,0.000973939,0,0,0,0.022031166,3.36E-05,0,3.36E-05,0,3.36E-05,0.016523375,0,0,0,0,0,0,0,0,0,0,0,0,0,0,0,0,0,0,0,0,0,0,0,0,0.046950564,0,0,0,0.001712789,0,0,0,0.001444116,0,0,0,0,0.000100752,0,0,3.36E-05,0,0,0,0,0,0
J160TFLH.04,0,0,0,0,0,0.000536749,0,0,0,0,0,0,0,0,0.001147532,0,0,0,0,0,0,0,0,0,0,0,0,0,0,3.70E-05,0,0,0,0,0,0,0,0,0,0,0,0,0,0,0.001388143,0,0,0,0,1.85E-05,0,0,0.026208147,0,0,0,0,0,0,0,0.970238205,0,0,0,0,0,0,0,0,0.000166577,0,0,0,0,0,0,0,0,0,0,0,0,0,0,0,0,0,0,0,0,0,0,0,0,0,0,0,0,0,0,0,0,0,0,0,0,0,0,3.70E-05,0,0,0,0,0,0,0,0,0.000222103,0,0,0,0,0
D160T7LX.04,0,0,0,0,0,0.005165211,0,0,0,0,0,0,0,0,0.001762248,0,0,0,0,0,0,0,0,0,0,0,0,0,0,0,0,0,0,0,4.56E-05,0,0,0,0,0,0,0,0,0,0.000394987,0,0,0,0,0.000106343,0,0,0.058306115,0,0,0,0,0,0,0,0.919498671,0,0,0,0,0,0,0,0,0.010619066,0,0,0,0,0,0,0,0,0,0,0,0,0,0,0,0,0,0,0,0,0,0,0,0,0,0,0,0,0,0,0,0,0,0,0,0,0,0,0.000410179,0,0,0,0,0,0,0,0,0.003691607,0,0,0,0,0
C160T9NW.04,0,0,0,0,0,0.001513009,0.632371805,0,0,0,0,0,0,0,0.000460481,0,0,0,0,6.58E-05,0,0,0,6.58E-05,0,0,0,0,0,0.000263132,0.000756504,0.000328915,0,0,0.000394698,0,0,0,0,0,0,0,0,3.29E-05,0.000164457,0,0,0,0,0.000493372,0,0,0.001348551,0,0,0.095944479,0.001480117,0,0,0,0.221195277,0,0,6.58E-05,0,0.000296023,0,0,0,0.009867447,0,3.29E-05,3.29E-05,0,0.000361806,0.00088807,0,0,0,0,0,0,0,0,0,0,0,0,0,0,0,0,0,0,0,0,0,0,0.000131566,0,0.000789396,3.29E-05,0,0,0.00023024,0,0,0,0.030391738,0,0,0,0,0,0,0,0,0,0,0,0,0,0
E160SS50.04,0,0,0,0,0,0.020602497,0,0,0,0,0,0,0,0,0.00236175,0,0,0,0,0,0,0,0,0.011733374,0,0,0,0,0,2.51E-05,0,0,0,0,2.51E-05,0,0,0,0,0,0,0,0,0,5.02E-05,0,0,0,0,0,0,0,0.0001005,0,0,0,0.000175875,0,0,0,0.943644632,0,0,0,0,0,0,0,0,0.021255747,0,0,0,0,0,0,0,0,0,0,0,0,0,0,0,0,0,0,0,0,0,0,0,0,0,0,0,0,0,0,0,0,0,0,2.51E-05,0,0,0,0,0,0,0,0,0,0,0,0,0,0,0,0,0,0
J160T949.04,0,0.000149656,0,0,0,0.000710865,0,0,0,0,0,0,0,0,0.000224484,0,0,0,0,0,0,0,0,0,0,0,0,0,0,0.002544148,0.007744687,0.142023346,0,3.74E-05,0.002880874,0,0,0,0,0,0,0,0,0,0.010214008,0,0,0,0,0,0,0,0.035618078,7.48E-05,0,3.74E-05,0.012720742,0,0,0,0.574304101,0,0.000112242,0,0,0.005275367,0,0,0,0.056270578,0.000149656,0,0,0,0.000636037,0.035468423,0,0,0,0,0,0,0,0,0,0,0,0,0,0,0,0,0,0,0,0,0,0,0,0,0.100905418,0,0,0,0.010176594,0,0,0,0.001646214,0,0,0,0,0,0,0,0,7.48E-05,0,0,0,0,0
C160SQMB.04,0,0,0,0,0,5.63E-05,0,0,0,0,0,0,0,0,0.001773998,0,0,0,0,5.63E-05,0,0,0,0,0,0,0,0,0,0.000140794,0.000140794,0.003181933,0,2.82E-05,0.000422381,0,0,0,0,0,0,0,0,0,0.001605046,0,0,0,0,5.63E-05,0,0,0.079407541,2.82E-05,0,0,0.042040943,0,0,0,0.857995664,0,0,2.82E-05,0,0,0,0,0,0.007321263,0,2.82E-05,0,0,8.45E-05,0.002337172,0,0,0,2.82E-05,0,0,0,0,0,0,0,0,0,0,0,0,0,0,0,0,0,0,0,0,0.000197111,0,0,0,2.82E-05,0,0,0,0.003012981,0,0,0,0,0,0,0,0,0,0,0,0,0,0
G160SN5J.04,0,0,0,0,0,0.000240799,0,0,0,0,0,0,0,0,0.00068535,0,0,0,0,0,0,0,0,0.000222276,0,0,0,0,0,0,0,0,0,0,0,0,0,0,0,0,0,0,0,1.85E-05,0.000537166,0,0,0,0,0.000129661,0,0,0.003167429,0,0,0,0,0,0,0,0.984403653,0,0,0,0,0,0,0,0,0.010502528,0,0,0,0,0,1.85E-05,0,0,0,0,0,0,0,0,0,0,0,0,0,0,0,0,0,0,0,0,0,0,0,0,7.41E-05,0,0,0,0,0,0,0,0,0,0,0,0,0,0,0,0,0,0,0,0,0,0
J160T956.04,0,0.000469239,0,0,0,0.000182482,0,0,0,0,0,0,0,0,0.000130344,0,0,0,0,0,0,0,0,0.000104275,0,0,0,0,0,0.006673618,0.000677789,0.024530761,0,7.82E-05,0.002241919,0,0,0,0,0,0,0,0,2.61E-05,0.024921794,0,0,0,0,2.61E-05,0,0,0.07898853,7.82E-05,0,0,0.009280501,0,0,0,0.743769552,0,5.21E-05,0,0,0.000729927,0,0,0,0.041762252,2.61E-05,0,0,0,2.61E-05,0.032325339,0,0,0,0,0,0,0,0,0,0,0,0,0,0,0,0,0,0,0,0,0,0,0,0,0.03076121,0,0,0,0.000782065,0,0,0,0.001251303,0,0,0,0,0,0,0,0,0.000104275,0,0,0,0,0
A160SR8B.04,0,0,0,0,0,1.29E-05,2.57E-05,0,0,0,0,0,0,0,0,0.001647807,0,0,0,0,0,0,0,0,0,0,0,0,0,1.29E-05,0,1.29E-05,0,0,0,0,0,0,0,0,0,0,0,0,0.00166068,0,0,0,0,0.059784498,0,0,3.86E-05,0,0,0,1.29E-05,0.000952638,0,0,0.934628407,0,0,0,0,0,0,0,0,0.000115861,0,0,0,0,0,2.57E-05,0,0,0,0,0,0,0,0,0,0,0,0,0,0,0,0,0,0,0,0,0,0,0,0,0,0,0,0,2.57E-05,0,0.001042753,0,0,0,0,0,0,0,0,0,0,0,0,0,0,0,0
F160SYWP.04,0,0,0,0,0,0,1.68E-05,0,0,0,0,0,0,0,0.0001006,0,0,0,0,0,0,0,0,0,0,0,0,0,0,0,0,1.68E-05,0,0,0,0,0,0,0,0,0,0,0,0,0.033466349,0,0,0,0,0.010277992,0,0,0.008534254,0,0,0,1.68E-05,0,0,0,0.94728547,0,0,0,0,0,0,0,0,0,0,0,0,0,0,0,0,0,0,0,0,0,0,0,0,0,0,0,0,0,0,0,0,0,0,0,0,0,0,0,0,0,0,0,0,0,0.000285034,0,0,0,0,0,0,0,0,0,0,0,0,0,0,0,0
D160SXKK.04,0,0,0,0,0,0,0,0,0,0,0,0,0,0,0,0.064661067,0,0,0,0,0,0,0,0,0,0,0,0,0,0,0,0,0,0,0,0,0,0,0,0,0,0,0,0,0.000151939,0,0,0,0,0.005817108,0,0,0,0,0,0,2.17E-05,0.003668251,0,0,0.925593106,0,0,0,0,0,0,0,0,4.34E-05,0,0,0,0,0,0,0,0,0,0,0,0,0,0,0,0,0,0,0,0,0,0,0,0,0,0,0,0,0,0,0,0,0,0,0,0,4.34E-05,0,0,0,0,0,0,0,0,0,0,0,0,0,0,0,0
C160SYYH.04,0,0,0,0,0,0,2.71E-05,0,0,0,0,0,0,0,0.003412091,0,0,0,0,0,0,0,0,0,0,0,0,0,0,0,0,0,0,0,0,0,0,0,0,0,0,0,0,0,0.001205064,0,0,0,0,0.040552434,0,0,0.018671722,0,0,0,0,0,0,0,0.936104529,0,0,0,0,0,0,0,0,0,0,0,0,0,0,0,0,0,0,0,0,0,0,0,0,0,0,0,0,0,0,0,0,0,0,0,0,0,0,0,0,0,0,0,0,0,2.71E-05,0,0,0,0,0,0,0,0,0,0,0,0,0,0,0,0
D160SS5X.04,0,0,0,0,0,0,8.02E-05,0,0,0,0,0,0,0,0,0,0,0,0,0,0,0,0,0,0,0,0,0,0,0,4.58E-05,2.29E-05,0,0,0,0,0,0,0,0,0,0,0,0,0.000206202,0,0,0,0,0.006403721,0,0,1.15E-05,0,0,0,0,0.000126012,0,0,0.990835462,0,0,0,0,0,0,0,0,1.15E-05,0,0,0,0,0,1.15E-05,0,0,0,0,0,0,0,0,0,0,0,0,0,0,0,0,0,0,0,0,0,0,1.15E-05,0,0,0,0,0,0,0,0.002119299,0,0,5.73E-05,0,0,0,0,0,0,0,0,0,0,0,0,5.73E-05
B160SF8N.04,0,0,0,0,0,0,0,0,0,0,0,0,0,0,4.67E-05,0,0,0,0,0,0,0,0,0,0,0,0,0,0,0,0,0,0,0,0,0,0,0,0,0,0,0,0,2.34E-05,0,0,0,0,0,0,0,0,0,0,0,0,0,0,0,0,0.999135615,0,0,0,0,0,0,0,0,0.000677491,0,0,0,0,0,0,0,0,0,0,0,0,0,0,0,0,0,0,0,0,0,0,0,0,0,0,0,0,9.34E-05,0,0,0,0,0,0,0,0,0,0,0,0,0,0,0,0,0,0,0,0,0,0,0,2.34E-05
D160TJ8X.04,0,0.000188573,0,0,0,0.002828588,0,0,0,0,0,0,0,0,0.000113144,0,0,0,0,0,0,0,0,0.002640015,0,0,0,0,0,3.77E-05,0.034961343,0,0,0,7.54E-05,0,0,0,0,0,0,0,0,0.000565718,0.000301716,0,0,0,0,0.000150858,0,0,0.004261739,0,0,0,0.009240053,0.002413728,0,0.002526872,0.805996606,0,0,0,0,0.00569489,0,0,0,0.116914954,0.000264002,0,0.000565718,0,0,0.003168018,0,0,0,0,0,0,0,0,0,0,0,0,0,0,0,0,0,0,0,0,0,0,0,0,0,0,0,0,0.003507449,0,0.003168018,0,7.54E-05,7.54E-05,0,0,0,0,0,0,0.000226287,0,3.77E-05,0,0,0,0
F160SXLG.04,0,0,0,0,0,0,0,0,0,0,0,0,0,0,0,0.002542873,0,0,0,0,0,0,0,0,0,0,0,0,0,0,0,0,0,0,0,0,0,0,0,0,0,0,0,0,0.001505381,0,0,0,0,0.000488232,0,0,0.003539679,0,0,0,2.03E-05,4.07E-05,0,0,0.991822121,0,0,0,0,0,0,0,0,0,0,0,0,0,0,0,0,0,0,0,0,0,0,0,0,0,0,0,0,0,0,0,0,0,0,0,0,0,0,0,0,0,0,0,0,0,4.07E-05,0,0,0,0,0,0,0,0,0,0,0,0,0,0,0,0
G160SB07.04,0,0,0,0,0,0,0.000280348,0,0,0,0,0,0,0,0.001962433,0.092006588,0,0,0,0,0,0,0,0,0,0,0,0,0,0,0,0,0,0,0,0,0,0,0,0,0,0,0,0,0.008480516,0,0,0,0,0.112874965,0,0,0,0,0,0,0,3.50E-05,0,0,0.780417718,0,0,0,0,0,0,0,0,0,0,0,0,0,0,0,0,0,0,0,0,0,7.01E-05,0,0,0,0,0,0,0,0,0,0,0,0,0,0,0,0,0,5.26E-05,0,0,0,0,0,0.003819736,0,0,0,0,0,0,0,0,0,0,0,0,0,0,0,0
K160TF17.04,0,0,0,0,0,0,0,0,0,0,0,0,0,0,0.002005944,0,0,0,0,0,0,0,0,0,0,0,0,0,0,0,0,0,0,0,0.00026003,0,0,0,0,0,0,0,0,0,0.003157504,0,0,0,0,0,0,0,0.089301634,0,0,0,3.71E-05,0,0,0,0.905237741,0,0,0,0,0,0,0,0,0,0,0,0,0,0,0,0,0,0,0,0,0,0,0,0,0,0,0,0,0,0,0,0,0,0,0,0,0,0,0,0,0,0,0,0,0,0,0,0,0,0,0,0,0,0,0,0,0,0,0,0,0,0
B160SYG0.04,0,0,0,0,0,0,0,0,0,0,0,0,0,0,4.84E-05,0,0,0,0,2.42E-05,0,0,0,0,0,0,0,0,0,4.84E-05,7.26E-05,0,0,0,0,0,0,0,0,0,0,0,0,0,0.000193503,0,0,0,0,0,0,0,0.021164405,0,0,0,2.42E-05,0,0,0,0.798369736,0,0,0,0,0,0,0,0,0,0,0,0,0,0,0,0,0,0,0,0,0,0,0,0,0,0,0,0,0,0,0,0,0,0,0,0,0,0,0,0.180030477,0,0,0,0,0,0,0,2.42E-05,0,0,0,0,0,0,0,0,0,0,0,0,0,0
B160SKRY.04,0,0,0,0,0,0.004401791,0,0,0,0,0,0,0,0,0.002277671,0,0,0,0,0,0,0,0,0.003147793,0,0,0,0,0,0,0,0,0,0,0,0,0,0,0,0,0,0,0,0,0,0,0,0,0,2.56E-05,0,0,0.000102367,0,0,0,0,0,0,0,0.927472809,0,0,0,0,0,0,0,0,0.062546385,0,0,0,0,0,0,0,0,0,0,0,0,0,0,0,0,0,0,0,0,0,0,0,0,0,0,0,0,0,0,0,0,0,0,0,0,2.56E-05,0,0,0,0,0,0,0,0,0,0,0,0,0,0,0,0
A160SQRC.04,0,0,0,0,0,0,0.000921934,0,0,0,0,0,0,0,0,0.156376257,0,0,0,0,0,0,0,0,0,0,0,0,0,0.000921934,0,0,0,0,0,0,0,0,0,0,0,0,0,0,0.000244041,0,0,0,0,0.650532824,0,0,0.002467529,0,0,0,0.001735405,0.008243174,0,0,0.047398248,0,0,0,0,0,0.000488083,0.000488083,0,0.001518479,0,0,0,0,0,0,0,0,0,0,0,0,0,0,0,0,0,0,0,0,0,0,0,0,0,0,0,0,0.00037962,0,0.000460967,0,0,0,0,0,0.127823423,0,0,0,0,0,0,0,0,0,0,0,0,0,0,0,0
C160SRJ7.04,0,0,0,3.21E-05,0,0.000224972,3.21E-05,0,0,0,0,0,0,0,9.64E-05,0,0,0,0,0,0,0,0,0.00054636,0,0,0,0,0,0.001189137,0.018736944,0.000514221,0,0,0,0,0,0,0,0,0,0,0,0.000160694,6.43E-05,0,0,0,0,0,0,0,0.001189137,0,0,0,0.00028925,0,0,0,0.835931223,0,0.000128555,0,0,0.004820826,0,0,0,0.123123895,0.00054636,0,0,0,0,0,0,0,0,0,0,0,0,0,0.001189137,0,0,0,0,0.000353527,0,0,0,0,0,0,0,0,0,0,0.003920938,0,0,0,0.006781295,0,0,0,0.000128555,0,0,0,0,0,0,0,0,0,0,0,0,0,0
D160TF0B.04,0,0,0,0,0,0,0,0,0,0,0,0,0,0,0.001168359,0,0,0,0,0,0,0,0,0,0,0,0,0,0,0,0,0,0,0,9.87E-05,0,0,0,0,0,0,0,0,0,6.58E-05,0,0,0,0,0,0,0,0.001991147,0,0,0,0,0,0,0,0.996675937,0,0,0,0,0,0,0,0,0,0,0,0,0,0,0,0,0,0,0,0,0,0,0,0,0,0,0,0,0,0,0,0,0,0,0,0,0,0,0,0,0,0,0,0,0,0,0,0,0,0,0,0,0,0,0,0,0,0,0,0,0,0
G160SKZT.04,0,0,0,0,0,0,0,0,0,0,0,0,0,0,0.004612464,0,0,0,0,0,0,0,0,0,0,0,0,0,0,0.000159662,1.77E-05,0,0,0,0,0,0,0,0,0,0,0,0,0,0.000141922,0,0,0,0,1.77E-05,0,0,0.019744895,0,0,0,0,0,0,0,0.971917189,0,0,0,0,0,0,0,0,1.77E-05,0,0,0,0,0,0,0,0,0,0,0,0,0,0,0,0,0,0,0,0,0,0,0,0,0,0,0,0,0,0,0,0,0,0,0,0,0.003370647,0,0,0,0,0,0,0,0,0,0,0,0,0,0,0,0
J160SBKX.04,0,0,0,0,0,0,1.49E-05,0,0,0,0,0,0,0,0.000728765,0,0,0,0,0,0,0,0,0,0,0,0,0,0,0,0,0,0,0,0,0,0,0,0,0,0,0,0,0,7.44E-05,0,0,0,0,0.000104109,0,0,0.001353421,0,0,0,0,0,0,0,0.997694722,0,0,0,0,0,0,0,0,0,0,0,0,0,0,0,0,0,0,0,0,0,0,0,0,0,0,0,0,0,0,0,0,0,0,0,0,0,2.97E-05,0,0,0,0,0,0,0,0,0,0,0,0,0,0,0,0,0,0,0,0,0,0,0,0
E160NYVR.04,0,0,0,0,0,0.000566114,0,0,0,0,0,0,0,0,0,0.000606551,0,0,0,0.002224019,0,0.00036393,0,0,0,0,0,0,0,4.04E-05,0.000101092,8.09E-05,0,0,2.02E-05,0,0,0,0,0,0,0,0,0,0,0.00111201,0.002628387,0,0,0.00788516,0,0,4.04E-05,0,0,0,6.07E-05,0,0,0,0.977234129,0,0,0,0,0.000161747,0,0,0,0.000343712,0,0,0,0,0,0.000222402,0,0,0,0.002729478,0,0,0,0.001556814,0,0,0,0,0,0.001051355,0,0,0,0,0,0,0,0,0,0,0,0.000930044,0,0,4.04E-05,0,0,0,0,0,0,0,0,0,0,0,0,0,0,0,0,0,0
G160RC75.04,0,0,0,0,0,0,0.00044449,0,0,0,0,0,0,0,0,0,0,0.000170958,0,0.000273532,0,0,0,0,0,0,0,0,0,0,1.71E-05,0,0,0,0,0,0,0,0,0,0,0,0,0,1.71E-05,0,0,0,0,0.072605737,0,0,1.71E-05,0,0,0,3.42E-05,0,0,0,0.000683831,0,0,0,0,1.71E-05,0,0,0,8.55E-05,0,0,0,0,0,0,0,0,0,0,0,0,0.000341915,0,0,0,0,0,0,0,0,0,0,0,0,0,0,0,8.55E-05,0,0,0,0,0,0,0,0.924932472,0,1.71E-05,0,0,0,0.000256437,0,0,0,0,0,0,0,0,0,0
A160SFBG.04,0,0,0,0,0,0,0,0,0,0,0,0,0,0,0,0,0,0,0,0,0,0,0,0,0,0,0,0,0,0,0,0,0,0,0,0,0,0,0,0,0,0,0,0,0.000244038,0,8.72E-05,0,0,0.001272486,0,0,0,0,0,0,0,0.000313764,0,0,0.960709803,0,0,0,0,0,0,0,0,0,0,0,0,0,0,0,0,0,0,0,0,0,6.97E-05,0,0,0,0,0,0,0,0,0,0,0,0,0,0,0,0,0,0,0,0,0,0,0,0.037303026,0,0,0,0,0,0,0,0,0,0,0,0,0,0,0,0
J160NS05.04,0,0,0,0,0,0,0,0,0,0,0,0,0,0,6.25E-05,6.25E-05,0,0,0,0.000937793,0,0,0,0,0,0,0,0,0,0,0.000250078,0.000125039,0,0,0,0,0.001688028,0,0,0,0,0,0,0,6.25E-05,0,0,0,0,0.000375117,0,0,0.003376055,0,0,0,0.000375117,0,0,0,0.026133167,0,0,0,0,6.25E-05,0,0,0,0.000625195,0,0,0,0,0,0,0,0,0,0,0,0,0,0,0,0,0,0,0,0,0,0,0,0,0,0,0,0,0,0,0,0,0,0,0.000125039,0,6.25E-05,0,0.965676774,0,0,0,0,0,0,0,0,0,0,0,0,0,0
G160SPVR.04,0,0,0,0,0,0,0.000248578,0,0,0,0,0,0,0,0,0,0,0,0,0,0,0,0,0,0,0,0,0,0,0,0,2.76E-05,0,0,0,0,0,0,0,0,0,0,0,0,0.005523946,0,0,0,0,0.674170027,0,5.52E-05,8.29E-05,0,0,0,2.76E-05,0.092001326,0.000138099,0,0.003231509,0,0,0,0,0,0,0,0,0.000248578,0,0,0,0,0,0,0,0,0,0,0,0,0,0,0,0,0,0,0,0,0,0,0,0,0,0,0,0,0,0,0,0,0,0,0,0,0.2242446,0,0,0,0,0,0,0,0,0,0,0,0,0,0,0,0
K160SNK8.04,0,0,0,0,0,0,0.001647892,0,0,0,0,0,0,0,0,0,0,0,0,2.70E-05,0,0,0,0,0,0,0,0,0,0,0,0,0,0,0,0,0,0,0,0,0,0,0,0,0.002782505,0,0,0,0,0.512359186,0,0,0,0,0,0,0,0.099521841,0,0,5.40E-05,0,0,0,0,0,0,0,0,0,0,0,0,0,0,0,0,0,0,5.40E-05,0,0,0.000243132,0,0,0,0,0,0,0,0,0,0,0,0,0,0,0,0,0,2.70E-05,0,0,0,0,0,0.383283356,0,0,0,0,0,0,0,0,0,0,0,0,0,0,0,0
C160SMFW.04,0,0,0,0,0,0,0.000419982,0,0,0,0,0,0,0,0,0,0,0,0,0,0,0,0,0,0,0,0,0,0,0,0,0,0,0,0,0,0,0,0,0,0,0,0,0,0.008045977,0,0,0,0,0.841600354,0,0.000110522,0,0,0,0,0,0.130680813,0,0,0,0,0,0,0,0,0,0,0,0,0,0,0,0,0,0,0,0,0,0,0,0,0,0,0,0,0,0,0,0,0,0,0,0,0,0,0,0,0,0,0,0,0,0,0,0,0.019142352,0,0,0,0,0,0,0,0,0,0,0,0,0,0,0,0
C160SM70.04,0,0,0,0,0,0,0.000294178,0,0,0,0,0,0,0,0,0,0,0,0,0,0,0,0,0,0,0,0,0,0,0,0,0,0,0,0,0,0,0,0,0,0,0,0,0,0.000339436,4.53E-05,0,0,0,0.957977869,0,0,0,0,0,0,0,0.004095857,0,0,0.000181032,0,0,0,0,0,0,0,0,0,0,0,0,0,0,0,0,0,0,0,0,0,0,0,0,0,0,0,0,0,0,0,0,0,0,0,0,0,0,0,0,0,0,0,0,0,0.037066371,0,0,0,0,0,0,0,0,0,0,0,0,0,0,0,0
J160SKP3.04,0,0,0,0,0,0,0.018142706,0,0,0,0,0,0,0,0,4.06E-05,0,0,0,0,0,0,0,0,0,0,0,0,0,0,0,0,0,0,0,0,0,0,0,0,0,0,0,0,0.000608816,0,0,0,0,0.763130124,0,8.12E-05,0,0,0,0,0,0.217712477,0,0,0.000284114,0,0,0,0,0,0,0,0,0,0,0,0,0,0,0,0,0,0,0,0,0,0,0,0,0,0,0,0,0,0,0,0,0,0,0,0,0,0,0,0,0,0,0,0,0,0,0,0,0,0,0,0,0,0,0,0,0,0,0,0,0,0
A160QC43.04,0,0,0,0,0,1.02E-05,0,0,0,0,0,0,0,0,0,0,0,0,0,1.02E-05,0,0,0,1.02E-05,0,0,0,0,0,0,2.05E-05,0,0,0,0,0,0,0,0,0,0,0,0,0,0.000153542,0,0,0,0,0.998976385,0,0,0,0,0,0,0,0.000501571,0,0,0.000225195,0,0,0,0,0,0,0,0,7.17E-05,0,0,0,0,0,0,0,0,0,0,0,0,0,0,0,0,0,0,0,0,0,0,0,0,0,0,0,0,0,0,0,0,0,0,0,0,0,0,0,0,0,0,0,0,0,0,0,0,0,0,0,0,2.05E-05
C160Q551.04,0,0,0,0,0,0,0.000812811,0,0,0,0,0,0,0,1.73E-05,3.46E-05,0,0,0,0,0,0,0,0,0,0,0,0,0,0,0,0,0,0,3.46E-05,0,0,0,0,0,0,0,0,0,0.000380465,0,0,0,0,0.521842142,0,0.000242114,0,0,0,0,0,0,0,0,0.000553403,0,0,0,0,0,0,0,0,8.65E-05,0,0,0,0,0,0,0,0,0,0,0,0,0,0,0,0,0,0,0,0,0,0,0,0,0,0,0,0,0.000172939,0,0,0,0,0,0,0,0,0,0,0,0,0,0.447098091,0,0,0,0,0,0,0.028534864,0,0,0.000190232
B160QC36.04,0,0,0,0,0,0,0,0,0,0,0,0,0,0.00023985,0,0,0,0,0,0.000218045,0,0,0,6.54E-05,0,0,0,0,0,0,0.000305264,0,0,0,0,0,0,0,0,0,0,0,0,0,0.010444377,0,0,0,0.000130827,0.984431556,0,0,0.000305264,0,0,0,0,0,0,0,0.002289477,0,0,0,0,0,0,0,0,6.54E-05,0,0.000806768,0,0,0,0,0,0,0,0,0,0,0.000501505,0,0,0,0,0,0,0,0,0,0,0,0,0,0,0,0.000196241,0,0,0,0,0,0,0,0,0,0,0,0,0,0,0,0,0,0,0,0,0,0,0,0
A160Q989.04,0,0,0,0,0,0,0.000128411,0,0,0,0,0,0,0,0.315569823,0.060048154,0,0,0,0.000144462,0,0,0,0,0,0,0,0,0,0,0,0,0,0,0,0,0,0,0,0,0,0,0,0,0.002744783,0,1.61E-05,0,0,0.620144462,0,0,3.21E-05,0,0,0,0,0,0,0,0.000256822,0,0,0,0,0,0,0,0,1.61E-05,0,0,0,0,0,0,0,0,0,0,0,0,0,0,0,0,0,0,0,0,0,0,0,0,0,0,0,0,0,0,0.000160514,0,0,0,0,0,1.61E-05,0,0,0,0,0,0,0,0,0,0,0,0,0.000722311,0,0,0
C160WB2N.04,0,0,0,0,0,0.014492117,2.20E-05,0,0,0,0,0,0,0,0.001668789,0,0,0,0,0,0,0,0,0.000153704,0,0,0,0,0,2.20E-05,0.010386017,0.002810592,0,0.000263493,0.000439155,0,0,0,0,0,0,0,0,0.00263493,0.002085987,0,0,0,0,0,0,0,0.040885337,0.000526986,0,0.000329366,0.109042203,0,0,0,0.690439594,0,0.00039524,2.20E-05,0,0.000614817,0,0,0,0.091124676,2.20E-05,0,0,0,2.20E-05,0.005269861,0,0,0,0,0,0,0,0,0,0,0,0,0,0,0,0,0,0,0,0,0,0,0,0,0.017895569,0,0,0,0.008278073,0,0,0,0.000131747,0,0,0,0,0,0,0,2.20E-05,0,0,0,0,0,0
A160VFHD.04,0,0.000148902,0,0,0,0.009095421,0,0,0,0,0,0,0,0,0.000967862,0,0,0,0,0,0,0,0,0.000297804,0,0,0,0,0,0.001563469,0.010820201,0.00147661,0,0,0.001824048,0,0,0,0,0,0,0,0,0.000446706,0.00352401,0,0,0,0,2.48E-05,0,0,0.043169128,0.000496339,0,0,0.111502668,0,0,0,0.72214915,0,0.002146668,0,0,0.001563469,0,0,0,0.059511106,0.000210944,0,0.000223353,0,0.000210944,0.006700583,0,0,0,0,0,0,0,0,0,0,0,0,0,0,0,0,0,0,0,0,0,0,0,0,0.016279935,0,0,0,0.003002854,0,0,0,0.002643008,0,0,0,0,0,0,0,0,0,0,0,0,0,0
B160V9RW.04,0,7.95E-05,0,0,0,0.007562424,0.000533685,0,0,0,0,0,0,0,0.001703249,0,0,0,0,1.14E-05,0,0,0,0.000647234,0,0,0,0,0,0.007403454,0.035541122,0.004405737,0,0,0.000579105,0,0,0,0,0,0,2.27E-05,0,0.001090079,0.002384548,0,0,0,0,3.41E-05,0,0,0.039288269,0.00038607,0,0,0.043591811,0.000147615,0,0,0.690542428,0,0.000283875,0,0,0.00646099,0,2.27E-05,0,0.068027752,7.95E-05,0,0.000397425,0,0.000283875,0.016691837,0,0,0,0,0,0,0,0,0,0,0,0,0,0,0,0,0,0,0,0,0,0,0,0,0.06424654,0,0,0,0.005246006,0,0,0,0.001987123,0,0,0,0,0,0,0,0.000147615,0.000170325,0,0,0,0,0
B160TKMP.04,0,0,0,0,0,0.006818217,0,0,0,0,0,0,0,0,0.000294423,0,0,0,0,0,0,0,0,0,0,0,0,0,0,0.035981591,0.005687013,0.021973254,0,3.10E-05,0.000356407,0,0,0,0,0,0,0,0,0.002696295,0.000588846,0,0,0,0,0,0,0,0.00661677,0.000232439,0,0,0.015062061,0.000883269,0,0,0.737405668,0,0.000511366,0,0,0.004571305,0,3.10E-05,0,0.105449925,0,0,0,0,1.55E-05,0.017479429,0,0,0,0,0,0,0,0,0,0,0,0,0,0,0,0,0,0,0,0,0,0,1.55E-05,0,0.032711946,0,0,0,0.003904979,0,0,0,0.000681822,0,0,0,0,0,0,0,0,0,0,0,0,0,0
A160VGBJ.04,0,6.91E-05,0,0,0,0.004473897,0,0,0,0,0,0,0,0,0.001343157,0,0,0,0,0,0,0,0,0.000809845,0,0,0,0,0,0.008631758,0.038783653,0.001520928,0,0.001214767,0.00154068,0,0,0,0,0,0,0,0,0.00012839,0.000464179,0,0,0,0,1.98E-05,0,0,0.054141071,0.00012839,0,0,0.070002173,0,0,0,0.614375728,0,0.000888854,0.000859225,0,0.009372469,0,0,0,0.043810615,0.000928358,0,0.000967863,0,0.000237028,0.014982124,0,0,0,0,0,0,0,0,0.000730835,0,0,0,0,0,0,0,0,0,0,0,0,0,0,0,0.102465088,0,0,0,0.022665771,0,0,0,0.004325755,0,0,0,0,0.000118514,0,0,0,0,0,0,0,0,0
D160TL8J.04,0,0,0,0,0,0.000457159,0,0,0,0,0,0,0,0,3.52E-05,0,0,0,0,0,0,0,0,0.000650572,0,0,0,0,0,0.007156296,0.013327941,0.04059923,0,0,0.002127547,0,0,0,0,0,0,0,0,7.03E-05,0.000650572,0,0,0,0,0,0,0,0.015103828,8.79E-05,0,0,0.02582948,0.000123081,0,0,0.760360804,0,0.000228579,3.52E-05,0,0.000123081,0,0,0,0.095511051,0,0,0,0,0.000158247,0.019499587,0,0,0,0,0,0,0,0,0,0,0,0,0,0,0,0,0,0,0,0,0,0,0,0,0.017090711,0,0,0,0,0,3.52E-05,0,0.000439576,0,0,0,0,0.000281329,0,0,0,1.76E-05,0,0,0,0,0
B160TMMM.04,0,0.000434554,0,0,0,0.005812164,0,0,0,0,0,0,0,0,0.000271596,0,0,0,0,1.81E-05,0,0,0,0.000235384,0,0,0,0,0,0.028952181,0.025729236,0.000398341,0,0.01120788,0.003458328,0,0,0,0,0,0,0,0,0.000905321,0.00076047,0,0,0,0,1.81E-05,0,0,0.024153977,0.000307809,0,0,0.022705463,1.81E-05,0,0,0.556700284,0,0.000235384,0.013163374,0,0.014159228,0,0,0,0.126002644,0.000688044,0,0.000977747,0,0.001846856,0.042079342,0,0,0,0,0,0,0,0,0,0,0,0,0,0,0,0,0,0,0,0,0,0,0,0,0.106411487,0,0,0,0.004689565,0,1.81E-05,0,0.00664506,0,0,0,0,0,0,0,0.000344022,0.000217277,0.000434554,0,0,0,0
E160VY6K.04,0,0,0,0,0,0.001041473,0.000278966,0,0,0,0,0,0,0,0.000427748,0,0,0,0,0,0,0,0,0.000520736,0,0,0,0,0,0,0.011567789,1.86E-05,0,0,1.86E-05,0,0,0,0,0,0,0,0,0.000297564,0.00040915,0,0,0,0,0,0,0,0.01123303,1.86E-05,0,3.72E-05,0.007067138,0,0.000855496,0.00762507,0.899776827,0,0.000148782,0,0,0.000204575,0,0,0,0.057504184,0,0,5.58E-05,0,0,7.44E-05,0,0,0,0,0,0,0,0,0,0,0,0,0,0,0,0,0,0,0,0,0,0.000148782,0,0,0.000260368,0,0,0,0.000390552,0,0,0,0,0,0,0,0,0,0,0,1.86E-05,0,0,0,0,0,0
D160VBP9.04,0,0,0,0,0,0.007033119,1.12E-05,0,0,0,0,0,0,0,0.000245991,0,0,0,0,1.12E-05,0,0,0,0.000905696,0,0,0,0,0,0.035064964,0.013976787,0.00422658,0,0,0.000771519,0,0,0,0,0,0,0,0,0.00039135,0.003734598,0,0,0,0,6.71E-05,0,0,0.060949974,0.000201266,0,3.35E-05,0.044792808,0.000122996,0,0,0.728235347,0,0.002180379,0.000279536,0,0.002102109,0,5.59E-05,0,0.07006284,0.000458439,0,0.000816244,0,0.00023481,0.017029318,0,0,0,0,0,0,0,0,0,0,0,0,0,0,0,0,0,0,0,0,0,0,0,0,0.000380169,0,0,0,0.003768142,0,0,0,0.000928059,0,0,0,0,0,0,0,0.000614979,0.000301899,1.12E-05,0,0,0,0
C160TL19.04,0,0.000127675,0,0,0,0.002910985,0,0,0,0,0,0,0,0,0.001685307,0,0,0,0,0,0,0,0,0.00010214,0,0,0,0,0,0.01225678,0.003421684,5.11E-05,0,5.11E-05,5.11E-05,0,0,0,0,0,0,0,0,0.001838517,0.000536234,0,0,0,0,0,0,0,0.003625964,0.000383024,0,0.001634237,0.016546652,0,0,0,0.881007099,0,0.000280885,2.55E-05,0,0.002374751,0,0,0,0.058858077,0.00010214,0,0,0,0.000663909,0.004698432,0,0,0,0,0,0,0,0,0,0,0,0,0,0,0,0,0,0,0,0,0,0.000306419,0,0,0.00278331,0,0,0,0.003574894,0,0,0,0,0,0,0,0,0.00010214,0,0,0,0,0,0,0,0,0
E160WJ72.04,0,1.66E-05,0,0,0,0.008006911,8.31E-05,0,0,0,0,0,0,0,0.000581415,0,0,0,0,0,0,0,0,0,0,0,0,0,0,0,0.003405429,0,0,0,3.32E-05,0,0,0,0,0,0,0,0,0.0012625,0.000730921,0,0,0,0,0,0,0,0.007525167,0.000249178,0,3.32E-05,0.031246885,0,3.32E-05,0,0.824695173,0,0,0,0,1.66E-05,0,0,0,0.109521911,0,0,0,0,0,0.002325659,0,0,0,0,0,0,0,0,0,0,0,0,0,0,0,0,0,0,0,0,0,0,0,0,0.010216286,0,0,0,1.66E-05,0,0,0,0,0,0,0,0,0,0,0,0,0,0,0,0,0,0
D160TQ8W.04,0,0,0,0,0,0.000544978,0.000459825,0,0,0,0,0,0,0,0.000102183,0,0,0,0,0,0,0,0,0,0,0,0,0,0,0.00616506,0,3.41E-05,0,0,0.00524541,0,0,0,0,0,0,0,0,0.000902619,0.0006131,0,0,0,0,5.11E-05,0,0,0.047821792,0.000221397,0,0,0.07702919,1.70E-05,3.41E-05,0,0.837256037,0,0.000749344,0,0,0.000596069,0,0,0,0.021662863,0,0,0,0,0,1.70E-05,0,0,0,0,0,0,0,0,0,0,0,0,0,0,0,0,0,0,0,0,0,0,0,0,0,0,0,0,0,0,0,0,0.000459825,1.70E-05,0,0,0,0,0,0,0,0,0,0,0,0,0
C160PX6Y.04,0,0,0,0,0,0,0.001805836,0,0,0,0,0,0,0,0,0,0,0,0,5.42E-05,0,0,0.02992271,0.061452615,0,0,0,0,0,0,0,0,0,0,0.001029327,0,0,0,0,0,0,1.81E-05,0,0,0.000487576,0,0,0,0,0.066689541,0,0,0.018094481,0,0,0.00010835,0,0,0,0,0.710650823,0,0,0,0,0,0,0,0,0.109596215,0,0,0,0,0,0,0,0,0,0,0,0,0,0,0,0,0,0,0,0,0,0,0,0,0,0,0,0,1.81E-05,0,0,0,0,0,0,0,5.42E-05,0,1.81E-05,0,0,0,0,0,0,0,0,0,0,0,0,0,0
B160QB34.04,0,3.26E-05,0,0,0,0.074719394,0,0,0,0,0,0,0,0,0.000326286,0,0,0,0,0,0,0,0,0.003882798,0,0,0,0,0,0.000130514,0.089532759,0.000619943,0,0,0.001239885,0,0,0,0,0,0,0,0,0.000163143,6.53E-05,0,0,0,0,6.53E-05,0,0,0.002283999,0,0,0,0.004437484,0,0,0,0.1555077,0,0.004111198,0,0,0.033607413,0,9.79E-05,0,0.271371705,0.000130514,0,0.00407857,0,0,0.31940094,0,0,0,0,0,0,0,0,0,0,0,0,0,0,0,0,0,0,0,0,0,0,0,0,0.000652571,0,0,0,0.029496215,0,0,0,6.53E-05,3.26E-05,0,0,3.26E-05,0,0,0,0.003915427,0,0,0,0,0,0
A160PSBG.04,0,0.004848342,0,0,0,0.03805751,0,0,0,0,0,0,0,0,0.000571552,0,0,0,0,0,0,0,0.006562999,0.026922091,0,0,0,0,0,1.97E-05,0.154654211,3.94E-05,0,0,3.94E-05,0,0,0,0,0,0,0,0,0.000118252,0.000118252,0,0,0,0,0.000118252,0,0,0.004375333,0,0,0,0,0,0,0,0.487415992,0,0.006346203,0.000335048,0,0.008435326,0,0,0,0.259484814,0,0,5.91E-05,0,0,0.000335048,0,0,0,0,0,0,0,0,0,0,0,0,0,0,0,0,0,0,0,0,0,0,0,0,0,0,0,0,0.001005144,0,0,0,0,0,0,0,0,0,0,0,9.85E-05,3.94E-05,0,0,0,0,0
E160V2JR.04,0,2.13E-05,0,0,0,0.023765491,0,0,0,0,0,0,0,0,0.003528687,0,0,0,0,0,0,0,0,0.000212571,0,0,0,0,0,0.012988117,0.023467891,0.001551772,0,0,0.001594286,0,0,0,0,0,0,0,0,0.000701486,0.0005952,0,0,0,0,0,0,0,0.019726633,0.000637714,0,0,0.078566418,0,0,0,0.670344153,0,0,0,0,0.002508343,0,0,0,0.141593861,0,0,0,0,0,0.002317029,0,0,0,0,0,0,0,0,0,0,0,0,0,0,0,0,0,0,0,0,0,0,0,0,0.008184002,0,0,0,0,0,0,0,0.005101715,0,0,0,0,0,0,0,0.002593372,0,0,0,0,0,0
E160TK7B.04,0,1.67E-05,0,0,0,0.018378234,0,0,0,0,0,0,0,0,0.000702353,0,0,0,0,1.67E-05,0,0,0,0.001020084,0,0,0,0,0,0.000334454,0.017726049,0.006538571,0,8.36E-05,0.001003361,0,0,0,0,0,0,1.67E-05,0,0.001086975,0.000585294,0,0,0,0,1.67E-05,0,0,0.010167394,0.000117059,0,0,0.027157645,8.36E-05,0,0,0.776718674,0,0.00086958,0,0,0.002893025,0,5.02E-05,0,0.105352932,0.000217395,0,0.000367899,0,0,0.018930082,0,0,0,0,0,0,0,0,0,0,0,0,0,0,0,0,0,0,0,0,0,0,1.67E-05,0,0.000301008,0,0,0,0.008863024,0,0,0,0.000284286,0,0,0,0,0,0,0,3.34E-05,0,5.02E-05,0,0,0,0
D160TL78.04,0,0,0,0,0,6.07E-05,9.10E-05,0,0,0,0,0,0,0,0.000257869,0,0,0,0,0,0,0,0,0,0,0,0,0,0,0.001592719,0.000318544,0.006386045,0,0,0.000303375,0,0,0,0,0,0,0,0,0.000288206,0.001289344,0,0,0,0,0,0,0,0.024725066,0.000166856,0,1.52E-05,0.018081153,7.58E-05,0,0,0.893424346,0,4.55E-05,0,0,0,0,0,0,0.029230186,0,0,0,0,0,0.021357603,0,0,0,0,0,0,0,0,0,0,0,0,0,0,0,0,0,0,0,0,0,0,0,0,0.002153963,0,0,0,0,0,0,0,7.58E-05,1.52E-05,0,0,0,3.03E-05,0,0,0,1.52E-05,0,0,0,0,0
B160Q670.04,0,4.53E-05,0,0,0,0.053456221,0.000423057,0,0,0,0,0,0,0,0.002054846,0,0,0,0,0,0,0,0,0.037652036,0,0,0,0,0,0,0.094991312,0,0,0,0.000513712,0,0,0,0,0,0,0,0,0.000196419,0.001027423,0,0,0,0,3.02E-05,0,0,0.033376143,1.51E-05,0,7.55E-05,0.001072751,0,0.0018131,0,0.611951348,0,0,0,0,0,0,0,0,0.161244995,0,0,0,0,0,0,0,0,0,0,0,0,0,0,0,0,0,0,0,0,0,0,0,0,0,0,0,0,0,0,0,0,0,0,0,0,6.04E-05,0,0,0,0,0,0,0,0,0,0,0,0,0,0,0,0
B160VM92.04,0,6.06E-05,0,0,0,0.001802566,0,0,0,0,0,0,0,0,0.000817971,0,0,0,0,0,0,0,0,0.000227214,0,0,0,0,0,0.035263644,0.019767636,0.069603284,0,3.03E-05,0.000742233,0,0,0,0,0,0,0,0,0.000196919,0.003105261,0,0,0,0,0,0,0,0.124043807,6.06E-05,0,0.000257509,0.101958586,0.00037869,0,0,0.515912568,0,4.54E-05,0.006377145,0,0.001620795,0,0.000121181,0,0.055182756,6.06E-05,0,0.000302952,0,0.000166624,0.032567369,0,0,0,0,0,0,0,0,0,0,0,0,0,0,0,0,0,0,0,0,0,4.54E-05,0,0,0.016980475,0,0,0,0.005150189,0,0,0,0.007119378,0,0,0,0,0,0,0,0,0,3.03E-05,0,0,0,0
B160VWJQ.04,0,0,0,0,0,0.000138427,0,0,0,0,0,0,0,0,0.000311462,0,0,0,0,0,0,0,0,1.73E-05,0,0,0,0,0,0.022511766,6.92E-05,0.000917082,0,3.46E-05,0.000173034,0,0,0,0,0,0,0,0,0.000138427,0.001470792,0,0,0,0,0,0,0,0.016040282,0.000397979,0,0.000415282,0.051200858,0,0,0,0.898619186,0,1.73E-05,0,0,6.92E-05,0,0,0,0.004983389,0,0,0,0,0,0.000830565,0,0,0,0,0,0,0,0,0,0,0,0,0,0,0,0,0,0,0,0,0,3.46E-05,0,0,0.001090116,0,0,0,0.000294158,0,0,0,0.000103821,0,0,0,0,0.000121124,0,0,0,0,0,0,0,0,0
E160TRCG.04,0,0,0,0,0,0.005157896,0,0,0,0,0,0,0,0,0.001175589,0,0,0,0,0,0,0,0,0.001013945,0,0,0,0,0,0.000279202,0.043658433,1.47E-05,0,0,0.000102864,0,0,0,0,0,0,0,0,0.002865498,0.000558405,0,0,0,0,0,0,0,0.007832361,0.000117559,0,0,0.015194486,0,0,0,0.746675288,0,0.007127008,0,0,0.075428723,0,0,0,0.091196309,0.000352677,0,0.000367372,0,0,5.88E-05,0,0,0,0,0,0,0,0,0,0,0,0,0,0,0,0,0,0,0,0,0,0,0,0,0,0,0,0,0.000822912,0,0,0,0,0,0,0,0,0,0,0,0,0,0,0,0,0,0
A160TSNQ.04,0,5.83E-05,0,0,0,0.002434118,0,0,0,0,0,0,0,0,0.000233209,0,0,0,0,0,0,0,0,0.000291511,0,0,0,0,0,0.030535798,0.007695896,0.082789179,0,2.92E-05,0.000626749,0,0,0,0,0,0,0,0,0.000437267,0.010348647,0,0,0,0,0,0,0,0.080413363,0.000189482,0,0,0.052821828,0.001428405,0,0,0.598618237,0,0.001384678,0.000641325,0,0.001836521,1.46E-05,0,0,0.036934468,0,0,4.37E-05,0,0.006981693,0.042604361,0,0,0,0,0,0,0,0,0,0,0,0,0,0,0,0,0,0,0,0,0,5.83E-05,0,0,0.03358209,0,0,0,0.004401819,0,0,0,0.002565299,0,0,0,0,0,0,0,0,0,0,0,0,0,0
E160TJZB.04,0,0.000112699,0,0,0,0.026766093,1.88E-05,0,0,0,0,0,0,0,0.000864028,0,0,0,0,1.88E-05,0,0,0,0.000394448,0,0,0,0,0,0.042187118,0.010969402,0.01527076,0,0.000469581,0.000732546,0,0,0,0,0,0,0,0,0.001577791,0.00227277,0,0,0,0,0,0,0,0.047953568,0.00163414,0,0,0.082589831,3.76E-05,0,0,0.626758579,0,0.000206615,5.63E-05,0,0.002141287,0,0.000150266,0,0.066567742,0.000206615,1.88E-05,0.00052593,0,0.001427525,0.013692969,0,0,0,0,0,0,0,0,0,0,0,0,0,0,0,0,0,0,0,0,0,0,0,0,0.051034016,0,0,0,0.001352392,0,0,0,0.000864028,0,0,0,0,9.39E-05,0,0,5.63E-05,0.000957944,1.88E-05,0,0,0,0
A160WTHX.04,0,0,0,0,0,0.016132833,6.43E-05,0,0,0,0,0,0,0,0.003128013,0,0,0,0,2.14E-05,0,0,0,4.28E-05,0,0,0,0,0,0.005741832,0.005377611,0.00122121,0,4.28E-05,0.000364221,0,0,0,0,0,0,0,0,0.001349759,0.000792716,0,0,0,0,8.57E-05,0,0,0.023310123,0.001135512,0,2.14E-05,0.095404392,0,0,0,0.731226567,0,0.000471344,0,0,0.000921264,0,0,0,0.094547402,0.000171398,0,8.57E-05,0,0.000171398,0.008784146,0,0,0,0,0,0,0,0,0,0,0,0,0,0,0,0,0,0,0,0,0,0,0,0,0.000835565,0,0,0,0.005763257,0,0,0,0.002699518,0,0,0,6.43E-05,0,0,0,2.14E-05,0,0,0,0,0,0
E160VKFR.04,0,5.60E-05,0,0,0,0.001158056,0,0,0,0,0,0,0,0,0.003399455,0,0,0,0,1.87E-05,0,0,0,0.000130748,0,0,0,0,0,0.01436363,0.001382196,0.000579028,0,0.001811797,0.002278755,0,0,0,0,0,0,3.74E-05,0,0.000149427,0.000709776,0,0,0,0,0,0,0,0.058687288,3.74E-05,0,0.00033621,0.041503231,1.87E-05,0,0,0.723486122,0,1.87E-05,5.60E-05,0,0.004800329,0,0,0,0.037001756,0,0,0.000130748,0,0.000186783,0.004538832,0,0,0,0,0,0,0,0,0,0,0,0,0.000130748,0,0,0,0,0,0,0,0,5.60E-05,0,0,0.087003624,0,0,0,0.004202622,0,0,0,0.011599238,0,0,0,0,0,0,0,0,9.34E-05,0,0,0,0,3.74E-05
D160PSDD.04,0,1.77E-05,0,0,0,0.026316719,0.001412978,0,0,0,0,0,0,0,0.002843619,0,0,0,0,0,0,0,0,0,0,0,0,0,0,0,0.075859267,0,0,0,0.000300258,0,0,0,0,0,0,0,0,0.001448303,0.006199442,0,0,0,0,5.30E-05,0,0,0.057207955,3.53E-05,0,0.00015896,0.008071638,0,0.027411777,0,0.623759229,0,0,0,0,0,0,0,0,0.168903882,0,0,0,0,0,0,0,0,0,0,0,0,0,0,0,0,0,0,0,0,0,0,0,0,0,0,0,0,0,0,0,0,0,0,0,0,0,0,0,0,0,0,0,0,0,0,0,0,0,0,0,0,0
C160VTDG.04,0,4.83E-05,0,0,0,0.001063264,0,0,0,0,0,0,0,0,0.000499412,0,0,0,0,0,0,0,0,3.22E-05,0,0,0,0,0,0.00246484,0.00491357,0.031092423,0,6.44E-05,0.000144991,0,0,0,0,0,0,0,0,0.000306091,0.002964252,0,0,0,0,0,0,0,0.049876758,0.00011277,0,6.44E-05,0.094437195,6.44E-05,0,0,0.770931001,1.61E-05,0.000128881,0.000386642,0,0.000660513,0,0,0,0.031801266,6.44E-05,0,6.44E-05,0,0.000193321,0.002223189,0,0,0,0,0,0,0,0,0,0,0,0,0,0,0,0,0,0,0,0,0,0,0,0,0.001997648,0,0,0,0.002319849,0,1.61E-05,0,0.000982714,0,0,0,0,3.22E-05,0,0,3.22E-05,0,0,0,0,0,0
C160Q8L5.04,0,0,0,0,0,0.003352763,4.61E-05,0,0,0,0,0,0,0,0.00087664,0,0,0,0,0,0,0,0,0.027114317,0,0,0,0,0,0.007305332,0.001968595,6.15E-05,0,0,0.001245751,0,0,0,0,0,0,0,0,0.000292213,0.000938158,0,0,0,0,0.000230695,0,0,0.023269405,0,0,0,0.000230695,0,0,0,0.859614586,0,0,0,0,0.001907076,0,0,0,0.068162594,0,1.54E-05,0,0,0,0,0,0,0,0,0,0,0,0,0,0,0,0,0,0,0,0,0,0,0,0,0,0,0,0,0,0,0,0,0.003075929,0,0,0,0.000169176,0,0,0,0,0,0,0,0,0.000123037,0,0,0,0,0
B160W4SH.04,0,0,0,0,0,0.000337414,0,0,0,0,0,0,0,0,0.000393649,0,0,0,0,0,0,0,1.87E-05,0.000131216,0,0,0,0,0,0.008566555,0.000318668,0.000637337,0,5.62E-05,1.87E-05,0,0,0,0,0,0,0,0,0.003580333,9.37E-05,0,0,0,0,0,0,0,0.0019495,3.75E-05,0,0,0.02052599,0,0.000224942,0,0.917727332,0,1.87E-05,0,0,9.37E-05,0,0,0,0.038577614,0,0,0,0,5.62E-05,0.006485838,0,0,0,0,0,0,0,0,0,0,0,0,0,0,0,0,0,0,0,0,0,0,0,0,0.000131216,0,0,0,1.87E-05,0,0,0,0,0,0,0,0,0,0,0,0,0,0,0,0,0,0
B160Q7YH.04,0,0,0,0,0,0,0,0,0,0,0,0,0,0,0.001712146,0,0,0,0,3.06E-05,0,0,0,0,0,0,0,0,0,0,0,0,0,0,4.59E-05,0,0,0,0,0,0,0,0,0.000733777,4.59E-05,0,0,0,0,0.000473897,0,0,3.06E-05,0,0,0,0,0,0,0,0.926331881,0,0,0,0,0,0,0,0,0.070473133,0,0,0,0,0,0,0,0,0,0,0,0,0,0,0,0,0,0,0,0,0,0,0,0,0,0,0,0,0,0,0,0,0,0,0,0,1.53E-05,0,0.000107009,0,0,0,0,0,0,0,0,0,0,0,0,0,0
E160V0RD.04,0,0,0,0,0,0.005507204,0,0,0,0,0,0,0,0,0.000245857,0,0,0,0,0,0,0,0,0.000590058,0,0,0,0,0,0.082853912,0.019963613,0.001819344,0,9.83E-05,0.002409402,0,0,0,0,0,0,0.0003442,0,0.0003442,0.001327629,0,0,0,0,0,0,0,0.038992968,0.000295029,0,9.83E-05,0.101539067,0.000295029,0,0,0.521217485,0,0.000147514,0.030535477,0,0.002999459,0,0,0,0.099670551,0.000491715,0,0.000540886,0,9.83E-05,0.05723558,0,0,0,0,0,0,0,0,0,0,0,0,0,0,0,0,0,0,0,0,0,0,0,0,0.006539804,0,0,0,0.022471358,0,0,0,0.001032601,0,0,0,4.92E-05,0,0,0,0.000196686,4.92E-05,0,0,0,0,0
B160VBR3.04,0,0,0,0,0,0.000661401,0,0,0,0,0,0,0,0,0.001283897,0,0,0,0,0,0,0,0,0.000103749,0,0,0,0,0,0.014109896,0.004772465,0.002100922,0,7.78E-05,0.000129687,0,0,0,0,0,0,7.78E-05,0,0.000453903,0.000544683,0,0,0,0,1.30E-05,0,0,0.022228274,6.48E-05,0,0,0.025392626,1.30E-05,0,0,0.822316461,0,0.000453903,2.59E-05,0,0.000337185,0,0,0,0.072663373,0,0,0,0,0,0.030229934,0,0,0,0,0,0,0,0,0,0,0,0,0,0,0,0,0,0,0,0,0,1.30E-05,2.59E-05,0,0.000985618,0,0,0,0.000804057,0,0,0,9.08E-05,0,0,0,2.59E-05,0,0,0,0,0,0,0,0,0,0
A160WZN1.04,0,0.000204734,0,0,0,0.007754319,0.000102367,0,0,0,0,0,0,0,0.001919386,0,0,0,0,0,0,0,0,0,0,0,0,0,0,0.024184261,0.002431222,0.006551504,0,0.005323097,0.002303263,0,0,0,0,0,0,0,0,0.000102367,0.00112604,0,0,0,0,0.000179143,0,0,0.068816379,0.000537428,0,0.002021753,0.107460013,0,0.00212412,0,0.642866283,0,0.000307102,0.000179143,0,0.002482406,0,0,0,0.039411388,0,0,0.000204734,0,0.000588612,0.003480486,0,0,0,0,0,0,0,0,0,0,0,0,0,0,0,0,0,0,0,0,0,0.000690979,0,0,0.068560461,0,0,0,0.005118362,0,0,0,0.00212412,0.000460653,0,0,2.56E-05,0.00028151,0,0,7.68E-05,0,0,0,0,0,0
C160VM9Z.04,0,0.000163937,0,0,0,0.005519226,0.000528243,0,0,0,0,0,0,0,0.000965409,0,0,0,0,0.000109292,0,0,0,9.11E-05,0,0,0,0,0,0.030328421,0.010437349,0.083790233,0,0.000473597,0.002586568,0,0,0,0,0,0,0,0,0.000382521,0.002149402,0,0,0,0,5.46E-05,0,0,0.06559318,0.000473597,0,0.00103827,0.079764659,0,0,0,0.528388495,1.82E-05,0,0.00373413,0,0.001949034,0,7.29E-05,0,0.061330807,1.82E-05,0,1.82E-05,0,0.000145722,0.049472668,0,0,0,0,0,0,0,0,0,0,0,0,0,0,0,0,0,0,0,0,0,0.001202208,0,0,0.053789687,0,0,0,0.004499171,0,0,0,0.0108563,0,0,0,0,0,0,0,0,1.82E-05,3.64E-05,0,0,0,0
A160TX75.04,0,7.71E-05,0,0,0,0.000462309,0,0,0,0,0,0,0,0,0.000410941,0,0,0,0,0,0,0,0,5.14E-05,0,0,0,0,0,0.014151791,0.012276872,0,0,7.71E-05,0.013021703,0,0,0,0,0,0,0,0,0.000462309,0.004263516,0,0,0,0,0,0,0,0.067368691,0.000513677,0,0,0.039347631,0,0,0,0.747836137,0,7.71E-05,0.000102735,0,0.002054707,0,0,0,0.029048414,0,0,2.57E-05,0,0.001232824,0.007679466,0,0,0,0,0,0,0,0,0,0,0,0,0,0,0,0,0,0,0,0,0,0,0,0,0.054192886,0,0,0,0.003005008,0,0,0,0.002183126,0,0,0,0,0,0,0,0,7.71E-05,0,0,0,0,0
E160QCV7.04,0,0,0,0,0,0.004850862,1.47E-05,0,0,0,0,0,0,0,0.002639223,0,0,0,0,2.95E-05,0,0,0,0,0,0,0,0,0,0,4.42E-05,1.47E-05,0,0,0.000117954,0,0,0,0,0,0,0,0,7.37E-05,0.001061587,0,0,0,0,0.000117954,0,0,0.078321513,1.47E-05,0,1.47E-05,0.021511877,0,0,0,0.879554134,0,0,0,0,0,0,0,0,0.011515268,0,0,0,0,0,0,0,0,0,0,0,0,0,0,0,0,0,0,0,0,0,0,0,0,0,0,0,0,2.95E-05,0,2.95E-05,0,0,0,0,0,0,0,4.42E-05,0,0,0,0,0,0,0,0,0,0,0,0,0,0
C160Q97D.04,0,1.43E-05,0,0,0,0.000157562,0.000157562,0,0,0,0,0,0,0,0.00022918,0,0,0,0,0,0,0,0,4.30E-05,0,0,0,0,0,0.011988999,7.16E-05,0.000658894,0,1.43E-05,0.078694818,0,0,0,0,0,0,0,0,0,0.004597932,0,0,0,0,0.000200533,0,0,0.043572922,0.00011459,0,0,0.007949695,1.43E-05,0.000243504,0,0.85056006,0,0,0,0,0,0,0,0,0.000386742,0,0,0,0,0,5.73E-05,0,0,0,0,0,0,0,0,0,0,0,0,0,0,0,0,0,0,0,0,0,0,0,0,5.73E-05,0,0,0,0.00011459,0,0,0,8.59E-05,0,0,0,0,0,0,0,0,0,0,1.43E-05,0,0,0
D160WJ8C.04,0,0,0,0,0,0.004639519,0.00043639,0,0,0,0,0,0,0,0.000689037,0.003674866,0,0,0,0,0,0,0,0.001332139,0,0,0,0,0,2.30E-05,0.017478582,0,0,0.001332139,0.000160775,0,0,0,0,0,0,0,0,0.000206711,0.000321551,0,0,0,0,0.00066607,0,0,0.003582995,4.59E-05,0,0.000757941,0.016031604,0,0,0.044029491,0.827740646,0,0.002939893,0,0,0.001791497,0,0,0,0.058912699,0,2.30E-05,0,0,0,0.000574198,0,0,0,0,0,0,0,0,0,0,0,0,0,0.00011484,0,0,0,0,0,0,0,0,0,0,0.011552861,0,0,0,0.000734973,0,9.19E-05,0,0.00011484,0,0,0,0,0,0,0,0,0,0,0,0,0,0
E160TQH5.04,0,1.15E-05,0,0,0,0.000184621,1.15E-05,0,0,0,0,0,0,0,1.15E-05,0,0,0,0,2.31E-05,0,0,0,1.15E-05,0,0,0,0,0,0.027854703,0.000369242,0.002157759,0,0,0.000207699,0,0,0,0,0,0,0,0,9.23E-05,0.002457768,0,0,0,0,1.15E-05,0,0,0.026793132,0.000103849,0,0,0.022996861,4.62E-05,0,0,0.876107726,0,0.000184621,0,0,6.92E-05,0,0,0,0.03958968,1.15E-05,0,0,0,0.000184621,0.000173082,0,0,0,0,0,0,0,0,0,0,0,0,0,0,0,0,0,0,0,0,0,0,0,0,0,0,0,0,0.000311548,0,0,0,2.31E-05,0,0,0,0,0,0,0,0,0,0,0,0,0,0
E160QC5X.04,0,0,0,0,0,2.50E-05,0,0,0,0,0,0,0,0,0.000412392,0,0,0,0,6.25E-05,0,0,0,0,0,0,0,0,0,1.25E-05,0,0.000162457,0,0,0.010784669,0,0,0,0,0,0,0,0,1.25E-05,0.001112208,0,0,0,0,0.001362142,0,0,0.007935417,1.25E-05,0,0,0.000487372,0,0.001699554,0,0.974919084,0,0,0,0,0,0,0,0,0.000312418,0,0,0,0,0,0,0,0,0,0,0,0,0,0,0,0,0,0,0,0,0,0,0,0,0,0,0,0,0,0,0,0,0,0,0.000274928,0,0.000324915,0,1.25E-05,0,0,0,0,0,0,0,0,0,0,7.50E-05,0,0,0
D160QF9R.04,0,0,0,0,0,0,0.003323753,0,0,0,0,0,0,0,0,0,0,0,0,3.91E-05,0,0,0,0,0,0,0,0,0,0,0,0,0,0,0,0,0,0,0,0,0,0,0,0,7.82E-05,0,0,0,0,0.963028135,0,0,0,0,0,0,0,0.033237531,0,0,0,0,0,0,0,0,0,0,0,0,0,0,0,0,0,0,0,0,0,0,0,0,0,0,0,0,0,0,0,0,0,0,0,0,0,0,0,0,3.91E-05,0,0,0,0,0,0,0,0.000254169,0,0,0,0,0,0,0,0,0,0,0,0,0,0,0,0
E160V0YJ.04,0,4.40E-05,0,0,0,0.003695286,2.93E-05,0,0,0,0,0,0,0,0.001129115,0,0,0,0,0,0,0,0,0.00019063,0,0,0,0,0,0.013842657,0.008285065,0.076882469,0,0.000337268,0.000733192,0,0,0,0,0,0,0,0,0.000894494,0.003812596,0,0,0,0,0,0,0,0.058200748,0.000234621,0,7.33E-05,0.02786128,0.001393064,0,0,0.676706503,0,0.000615881,0,0,0.003211379,0,0,0,0.06425691,0,0,0.000161302,0,0.000219957,0.032744336,0,0,0,0,0,0,0,0,0,0,0,0,0,0,0,0,0,0,0,0,0,8.80E-05,0,0,0.012273627,0,0,0,0.007830486,0,0,0,0.004135201,0,0,0,0,1.47E-05,0,0,8.80E-05,0,1.47E-05,0,0,0,0
C160X7TL.04,0,0,0,0,0,0.001297618,0,0,0,0,0,0,0,0,0.000222449,0,0,0,0,0,0,0,0,0.000111224,0,0,0,0,0,0.031328205,0.005690982,0.099119474,0,0.000556122,0.002243025,0,0,0,0,0,0,0,0,9.27E-05,0.003614793,0,0,0,0,3.71E-05,0,0,0.081453332,7.41E-05,0,0.001964964,0.103401613,3.71E-05,0,0,0.551913986,0,0.002372787,0.000111224,0,0.000797108,1.85E-05,0.000148299,0,0.022782464,0.000166837,0,0.000166837,0,0.008972101,0.026712392,0,0,0,0,0,0,0,0,0,0,0,0,0,0,0,0,0,0,0,0,0,0.000185374,1.85E-05,0,0.038465103,0,0,0,0.000908333,0,0,0,0.011511725,0,0,0,0,0.002743535,0,0,0.000278061,0.000481972,0,0,0,0,0
C160V9WS.04,0,6.85E-05,0,0,0,0.000465517,0.000205375,0,0,0,0,0,0,0,0.000328601,0,0,0,0,0,0,0,0,4.11E-05,0,0,0,0,0,0.05345236,0.007749497,0.094472665,0,0.000369676,0.001177485,0,0,9.58E-05,0,0,0,0,0,0,0.00194422,0,0,0,0,4.11E-05,0,0,0.163615702,4.11E-05,0,0.000260142,0.121034544,5.48E-05,0,0,0.429932774,0,0,2.74E-05,0,0.000903652,0,2.74E-05,0,0.062009666,0.000109534,0,8.22E-05,0,0.000177992,0.048975177,0,0,0,0,0,0,0,0,0,0,0,0,0,0,0,0,0,0,0,0,0,1.37E-05,9.58E-05,0,0.004395033,0,0,0,0.001903145,2.74E-05,0,0,0.005791585,4.11E-05,0,0,0,0,0,0,6.85E-05,0,0,0,0,0,0
C160WH7T.04,0,1.96E-05,0,0,0,0.000176658,0,0,0,0,0,0,0,0,0,0,0,0,0,0,0,0,0,0,0,0,0,0,0,0.008263652,0.000942174,0.03672516,0,1.96E-05,0.001845091,0,0,0,0,0,0,0,0,1.96E-05,0.006555961,0,0,0,0,0,0,0,0.09574844,0.000157029,0,0,0.06073097,0.000314058,0,0,0.738841126,0,0.000333687,0,0,0.000157029,0,0,0,0.027480077,1.96E-05,0,0,0,0.000490716,0.013445609,0,0,0,0,0,0,0,0,0,0,0,0,0,0,0,0,0,0,0,0,0,0,0,0,0.006928905,0,0,0,0.0001374,0,0,0,0.000157029,0,0,0,0,0.000353315,0,0,0,0.0001374,0,0,0,0,0
D160TYYV.04,0,0.00021368,0,2.37E-05,0,0.018162824,9.50E-05,0,0,0,0,0,0,0,0.000451103,0,0,0,0,2.37E-05,0,0,0,0.000854721,0,0,0,0,0,0.059901707,0.040622997,0.072176452,0,0.001305824,0.001519504,0,0,0,0,0,0,0,0,0.00052233,0.001661958,0,0,0,0,0,0,0,0.047152117,0.000261165,0,0,0.056886441,0.000118711,0,0,0.372539709,0,0.006814027,0,0,0.00821482,0,0,0,0.111422398,0.001020917,4.75E-05,0.001543247,0,0.000830979,0.047864384,0,0,0,0,0,0,0,0,0,0,0,0,0,0,0,0,0,0,0,0,0,0,0,0,0.09290344,0,0,0,0.048362972,0,0,0,0.005080842,0.000356134,0,0,0,0,0,0,0.001044659,0,0,0,0,0,0
E160VB87.04,0,4.33E-05,0,0,0,0.00229559,0,0,0,0,0,0,0,0,0.001050341,0,0,0,0,0,0,0,0,0,0,0,0,0,0,0.003638293,0.000747149,0.000801291,0,0,0.018267263,0,0,0,0,0,0,0,0,4.33E-05,0.000476443,0,0,0,0,4.33E-05,0,0,0.068456216,2.17E-05,0,0,0.023378198,0,0,0,0.831826401,0,0.000108283,0,0,9.75E-05,0,0,0,0.025283971,0,0,1.08E-05,0,7.58E-05,0.005728146,0,0,0,0,0,0,0,0,0,0,0,0,0,0,0,0,0,0,0,0,0,0,3.25E-05,4.33E-05,0.009518034,0,0,0,0,0,0,0,0.007893796,0,0,0,0,0,0,0,0.000119111,0,0,0,0,0,0
B160T9RY.04,0,2.12E-05,0,0,0,0.001930748,0.000275821,0,0,0,0,0,0,0,0.00084868,0,0,0,0,2.12E-05,0,0,0,2.12E-05,0,0,0,0,0,0.108949334,0.003479589,0.037320716,0,0.00021217,0.002185352,0,0,0,0,0,0,0,0,6.37E-05,0.003712976,0,0,0,0,0,0,0,0.127790036,0.000297038,0,0.000190953,0.069167445,0.000106085,0,0,0.461066791,0,0.002015616,0.017546465,0,0.001018416,0,0.000106085,0,0.030382755,4.24E-05,0,0.000127302,0,0.000466774,0.029194602,0,0,0,0,0,0,0,0,0,0,0,0,0,0,0,0,0,0,0,0,0,6.37E-05,0,0,0.095115845,0,0,0,0.001209369,0,0,0,0.004858695,0,0,0,0,0,0,0,8.49E-05,0.000106085,0,0,0,0,0
D160W0VN.04,0,4.32E-05,0,0,0,0.001340468,0.000162153,0,0,0,0,0,0,0,0.003199827,0,0,0,0,0,0,0,0,0,0,0,0,0,0,0.01669099,0.003383601,0.002907951,0,0.000616183,0.003643046,0,0,0,0,0,0,0,0,3.24E-05,0.001535052,0,0,0,0,0,0,0,0.084860278,2.16E-05,0,0.001394519,0.02483109,1.08E-05,0,0,0.81525323,0,0,0.000205394,0,0.00045403,0,0,0,0.01191287,0,0,2.16E-05,0,0.000140533,0.001967461,0,0,0,0,0,0,0,0,0,0,0,0,0,0,0,0,0,0,0,0,0,0.000335117,0,0,0.018961137,0,0,0,0.000648614,0,0,0,0.004918653,0,0,0,0,0,0,0,0.000399978,5.41E-05,5.41E-05,0,0,0,0
E160TQS0.04,0,0,0,0,0,0.004439111,0.000116512,0.00038449,0,0,0,0,0,0,0.001165121,0,0,0,0,0,0,0,0,0.000326234,0,0,0,0,0,0,0.005382859,2.33E-05,0,0,0,0,0,0,0,0,0,0,0,0.000128163,0.000279629,0,0,0,0,0.000139815,0,0,0.002306939,1.17E-05,0,4.66E-05,0.030817449,0,1.17E-05,0.012979447,0.867094654,0,8.16E-05,0,0,0.000128163,0,0,0,0.067740131,4.66E-05,0,0.000442746,0,0,0,0,0,0,0,0,0,0,0,0,0,0,0,0,0,0,0,0,0,0,0,0,0,9.32E-05,0,0,0,0,0,0.005312951,0,0.000396141,0,8.16E-05,0,0,0,0,0,0,0,0,0,2.33E-05,0,0,0,0
C160V6VY.04,0,6.00E-05,0,0,0,0.008766487,0,0,0,0,0,0,0,0,0.002762044,0,0,0,0,0,0,0,0,2.00E-05,0,0,0,0,0,0.012969598,0.00424314,0.005383984,0,0.000660489,0.000600444,0,0,0,0,0,0,0,0,0.0005404,0.000360267,0,0,0,0,0,0,0,0.020875448,0.000140104,0,0.000160118,0.082561095,0,0,0,0.742669575,0,2.00E-05,2.00E-05,0,0.003362488,0,0,0,0.08686428,0,0,0.000280207,0,0.000240178,0.001561155,0,0,0,0,0,0,0,0,0,0,0,0,0,0,0,0,0,0,0,0,0,0,0,0,0.017552989,0,0,0,0.005163821,2.00E-05,0,0,0.001881392,2.00E-05,0,0,0,4.00E-05,0,0,0.000100074,0.000100074,0,0,0,0,0
A160V3G4.04,0,7.76E-05,0,0,0,0.001350093,0,0,0,0,0,0,0,0,0.002079454,0,0,0,0,0,0,0,0,6.21E-05,0,0,0,0,0,0.008069522,0.008100559,1.55E-05,0,0,0.004903786,0,0,0,0,0,0,0,0,6.21E-05,0.001427685,0,0,0,0,0,0,0,0.062725016,0.000201738,0,0,0.051567349,0,0,0,0.754515829,0,0.001070764,0.000418994,0,0.002653631,0,0,0,0.031486654,9.31E-05,0,0.000294848,0,0.000310366,0.005959032,0,0,0,0,0,0,0,0,0,0,0,0,0,0,0,0,0,0,0,0,0,0,0,0,0.044072005,0,0,0,0.004810677,0,0,0,0.013283675,0,0,0,0,0,0,0,1.55E-05,0.000372439,0,0,0,0,0
B160QHK2.04,0,0,0,0,0,0.030592492,1.15E-05,0,0,0,0,0,0,0,0.007328371,0,0,0,0,2.30E-05,0,0,0,0.000322633,0,0,0,0,0,0,0.003756366,0,0,0,3.46E-05,0,0,0,0,0,0,0,0,0.000725924,0.000276542,0,0,0,0,0,0,0,0.029371097,4.61E-05,0,0,0.032631991,0,4.61E-05,0,0.803724103,0,0,0,0,0,0,0,0,0.087583251,0,0,0,0,0,0,0,0,0,0,0,0,0,0,0,0,0,0,0,0,0,0,0,0,0,0,0,0,1.15E-05,0,0,0,0,0,0.000772014,0,0,0,0.002742378,0,0,0,0,0,0,0,0,0,0,0,0,0,0
A160TN59.04,0,8.73E-05,0,0,0,0.007016809,0.000157093,0,0,0,0,0,0,0,0.000576007,0,0,0,0,5.24E-05,0,0,0,0.000296731,0,0,0,0,0,0.029620708,0.005288789,0.006178981,0,0.004555689,0.070517184,0,0,0,0,0,0,0,0,0.000209457,0.004712782,0,0,0,0,1.75E-05,0,0,0.046045627,0.000209457,0,0.00036655,0.061719991,1.75E-05,0,0,0.665654291,0,0.000593461,0.000244366,0,0.002897488,1.75E-05,0.000226912,0,0.016390009,0.000296731,0.000226912,0.000593461,0,0.000418914,0.006231345,0,0,0,0,0,0,0,0,0,0,0,0,0,0,0,0,0,0,0,0,0,1.75E-05,1.75E-05,0,0.054615908,0,0,0,0.003909864,1.75E-05,0,0,0.00830846,0,0,0,0,0.000925102,0,0,0.000192002,0.000506188,5.24E-05,0,0,0,0
D160WZF6.04,0,0,0,0,0,0.015979403,0.000258831,0,0,0,0,0,0,0.000231586,0.00777855,2.72E-05,0,0,0,8.17E-05,0,0,0,0.000585775,0,0,0,0,0,0.001198796,0.018322503,0.002111515,0,0.010094405,0.000830983,0,0,0,0,0,0,0,0,0.000122604,0.005530808,0,0,0,0,0.000340567,0,0,0.039342297,0.000108981,0,0.002860763,0.087566581,0,0,0,0.636533301,0,0.002751781,0,0,0.013704415,0,0,0,0.052951353,0.000299699,0,0.002261365,0,1.36E-05,0.022041495,0,0,0,0,0,0,0,0,0,0,0,0,0.000122604,0,0,0,0,6.81E-05,0,0,0,0.000885474,0,0,0.046235373,0,0,0,0.021360361,0,8.17E-05,0,0.003337556,0.002969744,0,0,0.000694757,8.17E-05,0,0,0,0,0,0,0.000231586,0,0
A160QHRN.04,0,0,0,0,0,0.001097713,0.000202655,0,0,0,0,0,0,0,0.004863715,0.00224609,0,0,0,0,0,0,0.00040531,0.02281555,0,0,0,0,0,0,0,0,0,0,5.07E-05,0,0,0,0,0,0,0,0,0.000168879,6.76E-05,0,0,0,0,3.38E-05,0,0,8.44E-05,0,0,0,0.000135103,0,0.115682102,0,0.834785693,0,0,0,0,0,0,0,0,0.017343871,0,0,0,0,0,0,0,0,0,0,0,0,0,0,0,0,0,0,0,0,0,0,0,0,0,0,0,0,1.69E-05,0,0,0,0,0,0,0,0,0,0,0,0,0,0,0,0,0,0,0,0,0,0,0,0
A160VXQM.04,0,0,0,0,0,0.004039796,0,0,0,0,0,0,0,0,0.000322324,0,0,0,0,0,0,0,0,0,0,0,0,0,0,4.30E-05,0.007327503,0,0,0,4.30E-05,0,0,0,0,0,0,0,0,0.002449664,0.000257859,0,0,0,0,0,0,0,0.005608441,8.60E-05,0,0,0.018136107,2.15E-05,0,0,0.806132755,0,0.000257859,0,0,0.000257859,0,0,0,0.154672626,0,0,0,0,0,0,0,0,0,0,0,0,0,0,0,0,0,0,0,0,0,0,0,0,0,0,0,0,0,0,0,0,0,0,0.000343812,0,0,0,0,0,0,0,0,0,0,0,0,0,0,0,0,0,0
E160WDS2.04,0,0,0,0,0,0.002967023,0.000207881,3.78E-05,0,0,0,0,0,0,0.000113389,0.000926013,0,0,0,0.000113389,0,0,0,3.78E-05,0,0,0,0,0,0.010715298,0.001133894,0.023263725,0,0,0.000453558,0,0,0,0,0,0,0,0,0.000548049,0.003080412,0,0,0,0,1.89E-05,0,0,0.032882925,0.000226779,0,1.89E-05,0.040291033,0.000566947,0,0,0.818784844,0,0.000132288,1.89E-05,0,0.000585845,0,0,0,0.056052159,0,0,1.89E-05,0,0,0.003836341,0,0,0,0,0,0,0,0,0,0,0,0,0,0,0,0,0,0,0,0,0,1.89E-05,0,0,0.00064254,0,0,0,0.001776434,0,0,0,0.00032127,0,0,0,0,0,0,0,0.000132288,7.56E-05,0,0,0,0,0
C160W7Z9.04,0,0,0,0,0,0.000371943,0.000102605,0,0,0,0,0,0,0,0.001141479,0,0,0,0,0.00020521,0,0,0,0.000641281,0,0,0,0,6.41E-05,8.98E-05,0.000949095,0,0,0,0.000243687,0,0,0,0,0,0,0,0,1.28E-05,0.000384768,0,0,0,0,0.000294989,0,0,0.005553489,0,0,0.000153907,0.003847683,0,0.011684131,0.00598956,0.947748464,6.41E-05,0,0,0,0,0,0,0,0.019879696,0,7.70E-05,0,0,0,0,0,0,0,0,6.41E-05,3.85E-05,1.28E-05,0,0,0,0,5.13E-05,0,1.28E-05,0,0,0,0,0,0,0,0,0,7.70E-05,0.00011543,0,0,0,0,0,2.57E-05,0,0,7.70E-05,0,0,0,0,0,0,2.57E-05,0,0,0,0,0,0
C160TY4R.04,0,5.22E-05,0,0,0,0.01256055,1.31E-05,0,0,0,0,0,0,0,0.000509212,0,0,0,0,0,0,0,0,5.22E-05,0,0,0,0,0,0.000130567,0.006306389,0.00118816,0,0,0.000678949,0,0,0,0,0,0,0,0,0.003460027,0.001723485,0,6.53E-05,0,0,0,0,0,0.021700244,0.000548382,0,0,0.030800768,6.53E-05,0,0,0.828474063,0,0.00107065,0,0,0.00118816,0,0,0,0.08900756,1.31E-05,0,0,0,0,0.000235021,0,0,0,0,0,0,0,0,0,0,0,0,0,0,0,0,0,0,0,0,0,0,0,0,0,0,0,0,0,0,0,0,0.00015668,0,0,0,0,0,0,0,0,0,0,0,0,0,0
C160QKH9.04,0,0,0,0,0,0,0.000211945,0,0,0,0,0,0,0,0,1.41E-05,0,0,0,0,0,0,0,0,0,0,0,0,0,0,0,0,0,0,0,0,0,0,0,0,0,0,0,0,0.022353157,0,0,0,0,0.006443135,0,0,0.251451825,2.83E-05,0,0,0,0,0,0,0.525242677,0,0,0,0,0,0,0,0,2.83E-05,0,0,0,0,0,0,0,0,0,0,0,0,0,0,0,0,0,0,0,0,0,0,0,0,0,0,0,0,0,0,0,0,0,0,0,0,0.146906306,0,0,0,0,0,0.047320306,0,0,0,0,0,0,0,0,0,0
B160QBKG.04,0,0,0,0,0,0.000600003,4.09E-05,0,0,0,0,0,0,0,0.000913641,0,0,0,0,1.36E-05,0,0,0,0.000927277,0,0,0,0,0,9.55E-05,0.000150001,0,0,0,0.001322733,0,0,0,0,0,0,0,0,0.000490911,0.005672753,0,0,0,0,0.00114546,0,0,0.075273069,0,0,0,0,1.36E-05,0,0,0.871053959,0,0,0,0,0,0,0,0,0.041141096,0,0,0,0,1.36E-05,6.82E-05,0,0,0,0,0,0,0,0,0,0,0,0,0,0,0,0,0,0,0,0,0,0,0,0,0.000163637,0,0,0,1.36E-05,0,0,0,0.000859095,0,0,0,2.73E-05,0,0,0,0,0,0,0,0,0,0
B160TX8F.04,0,1.29E-05,0,0,0,0.000865823,0,0,0,0,0,0,0,0,2.58E-05,0,0,0,0,5.17E-05,0,0,0,0,0,0,0,0,0,0.00136981,1.29E-05,0.017510306,0,0.000374759,0.000258455,0,0,0,0,0,0,0,0,2.58E-05,0.001188892,0,0,0,0,0,0,0,0.053319204,0,0,0.000348914,0.004690953,5.17E-05,0,0,0.901942287,0,0,0,0,0,0,0,0,0.014279622,0,0,0,0,0,0.002468242,0,0,0,0,0,0,0,0,0,0,0,0,0,0,0,0,0,0,0,0,0,0,1.29E-05,0,0.00080121,0,0,0,0.000167996,0,0,0,2.58E-05,0,0,0,0,0,0,0,3.88E-05,0.000155073,0,0,0,0,0
D160W0DT.04,0,0.000421334,0,0,0,0.002194445,0,0,0,0,0,0,0,0,0.000122889,1.76E-05,0,0,0,0,0,0,0,8.78E-05,0,0,0,0,0,0.008514448,0.006829114,0.005038447,0,0,0.007092448,0,0,0,0,0,0,0,0,0.000509111,0.001281556,0,0,0,0,0,0,0,0.055106913,0.000245778,0,0,0.037358239,0,0,0,0.796794354,0,5.27E-05,0,0,0.006144447,0,0,0,0.044204909,0,0,0.000140445,0,0.001070889,0.00577578,0,0,0,0,0,0,0,0,0,0,0,0,0,0,0,0,0,0,0,0,0,0,0,0,0.00918156,0,0,0,0.009111337,0,0,0,0.001632667,0,0,0,0,0,0,0,0.000368667,0.000702223,0,0,0,0,0
D160TZM9.04,0,3.39E-05,0,0,0,0.001592195,0,0,0,0,0,0,0,0,0.002472984,0,0,0,0,0,0,0,0,5.08E-05,0,0,0,0,0,0.014770148,0.000711406,0.001016295,0,0.000169382,0.003302957,0,0,0,0,0,0,0,0,0.000101629,0.005030658,0,0,0,0,6.78E-05,0,0,0.155950405,0.000423456,0,0.000203259,0.089162912,0,0,0,0.644127511,0,0,0,0,0.002168095,0,0,0,0.00973949,0,0,1.69E-05,0,0.000135506,0.000897727,0,0,0,0,0,0,3.39E-05,0,0,0,0,0,0,0,0,0,0,0,0,0,0,0.000254074,0,0,0.052864257,0,0,0,0.001710763,0,0,0,0.012873065,0,0,0,0,0,0,0,0,0.000118568,0,0,0,0,0
B160V63Z.04,0,1.62E-05,0,0,0,0.005019674,0.015334294,0,0,0,0,0,0,0,0.000404812,4.86E-05,0,0,0,4.86E-05,0,0,0,0.00045339,0,0,0,0,0,0.036028304,0.006023609,0.034295707,0,3.24E-05,0.001263015,0,0,0,0,0,0,0,0,0.000210502,0.001764982,0,0,0,0,0.000210502,0,0,0.063895591,9.72E-05,0,0.000421005,0.058568259,3.24E-05,0,0,0.524248263,0,0.00038862,0,0,0.00077724,0,4.86E-05,0,0.042974885,0.000631507,0,0.00097155,0,0.000145732,0.004129087,0,0,0,0,0,0,0,0,0,0,0,0,0,0,0,0,0,0,0,0,0,0,1.62E-05,0,0.185112619,0,0,0,0.003853814,0,0,0,0.000858202,0.011302362,0,0,0,0,0,0,0.000372427,0,0,0,0,0,0
C160VB7B.04,0,0,0,0,0,0.001978356,2.36E-05,0,0,0,0,0,0,0,0.000965626,0,0,0,0,0,0,0,0,3.53E-05,0,0,0,0,0,0,0.006688727,0.014778789,0,1.18E-05,0.000471037,0,0,0,0,0,0,0,0,2.36E-05,0.000353278,0,4.71E-05,0,0,0,0,0,0.057760925,0,0,0,0.01035104,0,0,0,0.874551043,0,0.000282622,0,0,0.000129535,0,0,0,0.027390808,0,0,0,0,0,0,0,0,0,0,0,0,0,0,0,0,0,0,0,0,0,0,0,0,0,0,0,0,0,0,9.42E-05,0,0,0,0.000494589,0,0,0,0.003568106,0,0,0,0,0,0,0,0,0,0,0,0,0,0
C160WTFF.04,0,0,0,0,0,0.000231046,6.60E-05,0,0,0,0,0,0,0,1.65E-05,0.001666832,0,0,0,1.65E-05,0,0,0,1.65E-05,0,0,0,0,0,0.00562762,0.000214543,0.148116975,0,1.65E-05,0.000841667,0,0,0,0,0,0,0,0,0.000115523,0.00211242,0,0,0,0,0,0,0,0.024243324,8.25E-05,0,6.60E-05,0.053982242,0.000610622,0,0,0.709080107,0,1.65E-05,0,0,3.30E-05,0,0,0,0.047050863,0,0,0,0,1.65E-05,0.000528105,0,0,0,0,0,0,0,0,0,0,0,0,0,0,0,0,0,0,0,0,0,0,0,0,0.000693138,0,0,8.25E-05,0.000247549,0,1.65E-05,0,0.004125821,0,0,0,0,0,0,0,4.95E-05,1.65E-05,0,0,0,0,0
B160TN6K.04,0,0.000103738,0,0,0,0.00124485,0.000592786,0,0,0,0,0,0,0,0.00042977,0,0,0,0,8.89E-05,0,0,0,0.000118557,0,0,0,0,0,0.047363585,0.001985832,0.073149767,0,0.000237114,0.001200391,0,0,0,0,0,0,0,0,0.000118557,0.007202347,0,0,0,0,2.96E-05,0,0,0.064109784,0.000192655,0,0.000355671,0.124751771,0.000177836,0,0,0.629197664,0,0.001318948,0,0,0.000711343,0,0.000103738,0,0.014167581,7.41E-05,0,0.000118557,0,0.00040013,0.00290465,0,0,0,0,0,0,0,0,0,0,0,0,0,0,0,0,0,0,0,0,0,4.45E-05,0,0,0.024422775,0,0,0,0.000785441,0,0,0,0.002000652,1.48E-05,0,0,0,5.93E-05,0,0,4.45E-05,0.000177836,0,0,0,0,0
C160TVYQ.04,0,0,0,0,0,7.41E-05,0,0,0,0,0,0,0,0,0.000382593,0,0,0,0,1.23E-05,0,0,0,6.17E-05,0,0,0,0,0,0.004011058,0.001764866,0.016217017,0,0.000160442,0.002024042,0,0,0,0,0,0,0.000246834,0,0.000246834,0.001419298,0,0,0,0,2.47E-05,0,0,0.040986844,9.87E-05,0,9.87E-05,0.016463851,3.70E-05,1.23E-05,0,0.80238442,0,0.000666453,0,0,0.000123417,0,0,0,0.058450374,0,0,0,0,0,0.050489966,0,0,0,0,0,0,0,0,0,0,0,0,0,0,0,0,0,0,0,0,0,0,0,0,0.000777528,0,0,0,0.002530052,0,0,0,0.000222151,0,0,0,0,0,0,0,0,1.23E-05,0,0,0,0,0
A160TBNQ.04,0,1.42E-05,0,0,0,0.001501799,4.25E-05,0,0,0,0,0,0,0,0.005780511,0,0,0,0,0,0,0,0,5.67E-05,0,0,0,0,0,0.015570542,0.002861919,0.008826613,0,0.00170015,0.000722564,0,0,0,0,0,0,0,0,0.000170015,0.001445128,0,0,0,0,0,0,0,0.027939135,0.000722564,0,0.001855997,0.082712306,1.42E-05,0,0,0.664801224,0,0.000453373,0,0,0.0007509,0,1.42E-05,0,0.00422204,0,0,0,0,0,0.005752175,0,0,0,0,0,0,0,0,0,0,0,0,0,0,0,0,0,0,0,0,0,0.000439205,4.25E-05,0,0.166685557,0,0,0,0.000311694,1.42E-05,5.67E-05,0,0.003910345,0,0,0,0,0.00060922,0,0,0,0,0,0,0,0,0
D160TRZG.04,0,1.49E-05,0,0,0,0.029389848,1.49E-05,0,0,0,0,0,0,0,0.003964351,0,0,0,0,2.98E-05,0,0,0,0.000998539,0,0,0,0,0,0.004262422,0.072207815,0.002339861,0,2.98E-05,0.000447107,0,0,0,0,0,0,0,0,0.000745179,0.000104325,0,0,0,0,5.96E-05,0,0,0.004247519,8.94E-05,0,1.49E-05,0.047467883,0,0,0,0.657903365,0,0.000223554,0,0,0.006065755,0,0.000178843,0,0.152403946,0.001922561,0,0.000894214,0,0,0.000134132,0,0,0,0,0,0,0,0,0,0,0,0,0,0,0,0,0,0,0,0,0,0,0,0,8.94E-05,0,0,0,0.010819995,0,0,0,0.002786968,0,0,0,0,0,0,0,2.98E-05,1.49E-05,0.000104325,0,0,0,0
D160TS0H.04,0,0,0,0,0,0.075863493,0,0,0,0,0,0,0,0,0.000914373,0,0,0,0,0.000501431,0,0,0,0.001504292,0,0,0,0,0,0.011975341,0.044656815,0.00917323,0,0,0.000619414,0,0,0,0,0,0,0,0,0.00014748,5.90E-05,0,0,0,0,0,0,0,0.01401056,0,0,0,0.030262809,0,0,0,0.688995074,0,0.000530926,0,0,0.005987671,0,0.000117984,0,0.079668466,0.003893461,0,0.002507153,0,0,0.016134265,0,0,0,0,0,0,0,0,0,0,0,0,0,0,0,0,0,0,0,0,0,0,0,0,0.00274312,0,0,0,0.008111377,0,0,0,0.000117984,0,0,0,0,0,0,0,0.000884877,0.000530926,8.85E-05,0,0,0,0
B160QL75.04,0,0,0,0,0,0.02004819,0,0,0,0,0,0,0,0,0.002116026,0,0,0,0,1.54E-05,0,0,0,0,0,0,0,0,0,0.000695045,0.000262573,0.000247127,0,0,0.002502162,0,0,0,0,0,0,0,0,0.001343754,0.001436427,0,0,0,0,1.54E-05,0,0,0.025253305,0,0,1.54E-05,0.000324354,0,0.000247127,0,0.91441678,0,0,0,0,0,0,0,0,0.029871494,0,0,0,0,1.54E-05,3.09E-05,0,0,0,0,0,0,0,0,0,0,0,0,0,0,0,0,0,0,0,0,0,0,0,0,0,0,0,0,0.001003954,0,0,0,0.000108118,0,0,0,0,0,0,0,0,0,0,3.09E-05,0,0,0
B160Q7XL.04,0,0,0,0,0,0.038742453,0.001444524,0,0,0,0,0,0,0,0.004187496,0.028793092,0,0,0,3.25E-05,0,0,1.62E-05,4.87E-05,0,0,0,0,0,0.000941375,9.74E-05,0,0,0,6.49E-05,0,0,0,0,0,0,0,0,0.001379601,0.000243459,0,0,0,0,0.001671752,0,0,0.005502175,3.25E-05,0,0.000324612,0.006784393,0,0,0,0.887700448,0,0,0,0,0,0,0,0,0.021765241,0,0,0,0,0,0,0,0,0,0,0,0,0,0,0,0,0,0,0,0,0,0,0,0,0,0,0,0,0,0,0,0,0,0,0.000227228,0,0,0,0,0,0,0,0,0,0,0,0,0,0,0,0,0,0
C160TZKH.04,0,0,0,0,0,0.003689567,0,0,0,0,0,0,0,0,0.000218103,0,0,0,0,0,0,0,0,0,0,0,0,0,0,0.00345329,0.003707743,0.000236278,0,0,0.000436205,0,0,0,0,0,0,0,0,0.00041803,0.006779353,0,0,0,0,0,0,0,0.039967285,0.000109051,0,0,0.024027626,0,0,0,0.87871683,0,1.82E-05,0,0,0,0,0,0,0.036568521,0,0,0,0,0,0,0,0,0,0,0,0,0,0,1.82E-05,0,0,0,0,0,0,0,0,0,0,0,0,0,0,0,0,0,0,0,0.000381679,0,0,0,9.09E-05,0,0,0,0,0,0,0,0,0.001163213,0,0,0,0,0
A160VJ7R.04,0,0,0,0,0,0.000560055,0,0,0,0,0,0,0,0,0.000646217,0,0,0,0,0,0,0,0,0,0,0,0,0,0,0,0.002627951,0.000129243,0,0,0.000215406,0,0,0,0,0,0,0,0,0.001033948,0.000646217,0,0,0,0,0.000129243,0,0,0.008530071,0,0,0,0.004738928,0,0,0,0.934430467,0,0.000129243,0,0,0,0,0,0,0.045407548,0,0,0,0,0,4.31E-05,0,0,0,0,0,0,0,0,0,0,0,0,0,0,0,0,0,0,0,0,0,0,0,0,0,0,0,0,0.000129243,0,0,0,0.000560055,0,0,0,0,0,0,0,0,4.31E-05,0,0,0,0,0
A160VLCH.04,0,0,0,0,0,0.003507504,0,0,0,0,0,0,0,0,0.002222311,0,0,0,0,0,0,0,0,0.000267748,0,0,0,0,0,0,0.006760646,0,0,0.00046856,4.02E-05,0,0,0,0,0,0,0,0,0,1.34E-05,0,0,0,0,0,0,0,0.021299383,0,0,8.03E-05,0.009317643,0,0,0.001151318,0.8869968,0,0.00254361,0,0,0.001593103,0,0,0,0.045262862,0,0,0.000187424,0,0,0.000749695,0,0,0,0,0,0,0,0,0,0,0,0,0,0,0,0,0,0,0,0,0,0,0,0,0.001057606,0,0,0,0.015944415,5.35E-05,0,0,0.000481947,0,0,0,0,0,0,0,0,0,0,0,0,0,0
A160VDM5.04,0,0,0,0,0,0,0,0,0,0,0,0,0,0,0.002480081,0,0,0,0,0,0,0,0,1.95E-05,0,0,0,0,0,0,1.95E-05,0,0,0,0,0,0,0,0,0,0,0,0,0.000312451,0,0,0,0,0,1.95E-05,0,0,0.000175754,0,0,0,0.000234338,0,0.604749258,0,0.231877832,0,0,0,0,0,0,0,0,0.159896891,0,0,0,0,0,3.91E-05,0,0,0,0,0,0,1.95E-05,0,0,0,0,0,0,0,0,0,0,0,0,0,0,0,0,0,0.000156226,0,0,0,0,0,0,0,0,0,0,0,0,0,0,0,0,0,0,0,0,0,0
E160P8SV.04,0,0,0,0,0,0,2.06E-05,0,0,0,0,0,0,0,0,0,0,0,0,2.06E-05,0,0,0.00496467,0,0,0,0,0,0,0,0.00142142,0,0,0,0,0,0,0,0,0,0,0,0,3.09E-05,0.003069444,0,0,0,0,0.016840739,0,0,2.06E-05,0,0,0,0,0.000360505,0,0,0.972900315,0,0,0,0,0,0,0,0,0.000226603,0,0,0,0,0,0,0,0,0,0,0,0,0,0,0,0,0,0,0,0,0,0,0,0,0,0,0,0,2.06E-05,0,0,0,0,0,0,0,0,0,2.06E-05,0,0,0,0,0,0,0,0,0,0,8.24E-05,0,0,0
F160V00X.04,0,1.46E-05,0,0,0,0.003973568,0,0,0,0,0,0,0,0,0.001455519,0,0,0,0,4.37E-05,0,0,0,0.00114986,0,0,0,0,0,0,0.039066139,0,0,7.28E-05,1.46E-05,0,0,0,0,0,0,0,0,0.001339078,0.002940149,0,0,0,0,0.000116442,0,0,0.04215184,0,0,0,0.014496973,0,0.000174662,0.000116442,0.681415929,0,4.37E-05,0,0,0.015981602,0,0,0,0.173410573,0,0,0.000305659,0,2.91E-05,0.000174662,0,0,0,2.91E-05,0,0,0,0,0,0,0,0,0,0,0,0,0,0,0,0,0,0,0,0,0.001382743,0,0,0,0.020042501,0,0,0,5.82E-05,0,0,0,0,0,0,0,0,0,0,0,0,0,0
J160Q8CD.04,0,0.002373619,0,0,0,0.000551019,1.41E-05,0,0,0,0,0,0,0,0.000226059,0,0,0,0,0,0,0,0,0,0,0,0,0,0,0.062575942,0.001766086,0.084023284,0,0,0.000791206,0,0,0,0,0,0,0,0,0.00032496,0.008434824,0,0,0,0,1.41E-05,0,0,0.11177202,4.24E-05,0,0,0.016587075,0,0,0,0.36793919,0,0.000664048,0,0,0.000282574,0,0,0,0.04627144,0,0,0,0,0.000141287,0.217030716,0,0,0,0,0,0,0,0,0,0,0,0,0,0,0,0,0,0,0,0,0,0,0,0,0.073144197,0,0,0,0.000197802,0,0.000310831,0,0.004238605,0,0,0,9.89E-05,0.000183673,0,0,0,0,0,0,0,0,0
G160TYJF.04,0,0.00245282,0,0,0,0.003258223,0,0,0,0,0,0,0,0,0.004466329,0,0,0,0,0,0,0,0,0,0,0,0,0,0,0.000787099,0.001867072,0.0063334,0,1.83E-05,0.002342992,0,0,0,0,0,0,0,0,0.001043364,0.001189801,0,0,0,0,0,0,0,0.020446267,0.000109828,0,0,0.039977302,0,0,0,0.745657228,0,0,0,0,0.000128132,0,0,0,0.040142044,0,0,0,0,3.66E-05,0.006900844,0,0,0,0,0,0,0,0,0,0,0,0,0,0,0,0,0,0,0,0,0,0,0,0,0.117204518,0,0,0,1.83E-05,0,0,0,0.005363255,0,0,0,0,0,0,0,0.000256265,0,0,0,0,0,0
J160QKFH.04,0,0,0,0,0,0.025620046,0,0,0,0,0,0,0,0,0.000767067,0,0,0,0,0,0,0,0.000127845,0.001534134,0,0,0,0,0,0.011403733,0.067604193,0.004270008,0,0,0.000153413,0,0,0,0,0,0,0,0,0.000690361,0.000306827,0,0,0,0,7.67E-05,0,0,0.005650729,0.000153413,0,0,0.11380721,0,0,0,0.475147021,0,0.000639223,0.000562516,0,0.008079775,0.000153413,0.000127845,0,0.213986193,0,0.00023012,0.000562516,0,0,0.004576835,0,0,0,0,0,0,0,0,0,0,0,0,0,0,0,0,0,0,0,0,0,0,0,0,5.11E-05,0,0,0,0.060956277,0,2.56E-05,0,0.000178982,0.001252877,0,0,0,2.56E-05,0,0,0.001278445,0,0,0,0,0,0
F160VK3C.04,0,0.000717441,0,0,0,0.067005249,0,0,0,0,0,0,0,0,0.000868482,0,0,0,0,0,0,0,0,0.00013216,0,0,0,0,0,5.66E-05,0.073688781,0.001170562,0,0,0.000660801,0,0,0,0,0,0,0,0,0.018294755,0.001170562,0,0,0,0,7.55E-05,0,0,0.025676849,0.00013216,0,0,0.085413284,0,0,0,0.413076313,0,0.00015104,0,0,0.008269456,0,0,0,0.199071102,0,0,0.003379526,0,9.44E-05,0.035400068,0,0,0,0,0,0,0,0,0,0,0,0,0,0,0,0,0,0,0,0,0,0,0,0,0.041403919,0,0,0,0.020560359,0,0,0,0.003360646,0,0,0,7.55E-05,0,0,0,9.44E-05,0,0,0,0,0,0
F160V5RN.04,0,4.46E-05,0,0,0,0.000609086,0.00010399,0,0,0,0,0,0,0,0.000564519,0,0,0,0,0,0,0,0,4.46E-05,0,0,0,0,0,0.0736251,0.002896871,0.009849363,0,1.49E-05,0.00108447,0,0,0,0,0,0,0,0,0.001069614,0.002347209,0,0,4.46E-05,0,0,0,0,0.02761684,0.000401105,0,0,0.040526488,0,0,7.43E-05,0.668568203,0,5.94E-05,0,0,0.000831922,0,0,0,0.042962831,0,0,0,0,0.000237692,0.111447841,0,0,0,0,0,0,0,0,0,0,0,0,0,0,0,0,0,0,0,0,0,0,0,0,0.000876489,0,0,0,0.000891345,0,0,0,0.013147339,0,0,0,2.97E-05,0,0,0,2.97E-05,0,0,0,0,0,0
H160TYHJ.04,0,1.61E-05,0,0,0,0.026092409,0.00014469,0,0,0,0,0,0,0,0.001720202,0,0,0,0,1.61E-05,0,0,0,0.000257226,0,0,0,0,0,0,0.008440243,0,0,0,8.04E-05,0,0,0,0,0,0,0,0,4.82E-05,3.22E-05,0,0,0,0,0,0,0,0.016012347,1.61E-05,0,0,0.028712903,0,0,0,0.859393589,0,0,0,0,0,0,0,0,0.058969165,0,0,0,0,0,1.61E-05,0,0,0,0,0,0,0,0,0,0,0,0,0,0,0,0,0,0,0,0,0,0,0,0,3.22E-05,0,0,0,0,0,0,0,0,0,0,0,0,0,0,0,0,0,0,0,0,0,0
K160QJVW.04,0,0,0,0,0,0.011355205,0.001048421,0,0,0,0,0,0,0,0.00145166,0,0,0,0,0,0,0,0,0.034468854,0,0,0,0,0,8.06E-05,0.000741959,6.45E-05,0,0,6.45E-05,0,0,0,0,0,0,0,0,4.84E-05,9.68E-05,0,0,0,0,0,0,0,0.002000065,0,0,0.000854866,0,0,0,0,0.819865157,0,0,0,0,0.000338721,0,0,0,0.122278138,0,0,0,0,0,0,0,0,0,0,0,0,0,0,0,0,0,0,0,0,0,0,0,0,0,0,0,0,1.61E-05,0,8.06E-05,0,0,0,0.004903384,0,0,0,6.45E-05,0.000112907,0,0,0,0,0,0,0,6.45E-05,0,0,0,0,0
J160TQTY.04,0,0,0,0,0,0.036167846,4.89E-05,6.11E-05,0,0,0,0,0,0,0.000256683,0,0,0,0,0.000378913,0,0,7.33E-05,0,0,0,0,0,0,0,0,0,0,0,0.00012223,0,0,0,0,0,0,0,0,0.002701282,8.56E-05,0,0,0,0,1.22E-05,0,0,0.001870118,8.56E-05,0,0,0.021891386,0.000171122,0,0,0.766430763,0,0,0,0,0,0,0,0,0.168885141,0,0.00073338,0,0,0,0,0,0,0,0,0,0,0,0,0,0,0,0,0,0,0,0,0,0,0,0,0,0,0,0,0,0,0,0,0,0,1.22E-05,0,1.22E-05,0,0,0,0,0,0,0,0,0,0,0,0,0,0
F160V2HV.04,0,0,0,0,0,0.051494631,0,0,0,0,0,0,0,0,0.003269784,0,0,0,0,0,0,0,0,0.00444905,0,0,0,0,0,3.57E-05,0.116104133,1.79E-05,0,0,0.000107206,0,0,0,0,0,0,0,0,0.004252506,3.57E-05,0,0,0,0,1.79E-05,0,0,0.000268015,5.36E-05,0,0,0.069630318,0,0,0,0.596458627,0,0,0,0,1.79E-05,0,0,0,0.153697715,0,0,0,0,0,8.93E-05,0,0,0,0,0,0,0,0,0,0,0,0,0,0,0,0,0,0,0,0,0,0,0,0,0,0,0,0,0,0,0,0,0,0,0,0,0,0,0,0,0,0,0,0,0,0,0
F160VK4B.04,0,0.002028681,0,0,0,0.022140609,0,0,0,0,0,0,0,0,0.001259182,0,0,0,0,0,0,0,0,5.25E-05,0,0,0,0,0,0.021773347,0.016072053,0.000192375,0,0,0.008044771,0,0,0,0,0,0,1.75E-05,0,0.042987058,0.003217908,0,0,0,0,0,0,0,0.024606506,0.00012242,0,0,0.056435817,0,0,0,0.571598461,0,0.000174886,0,0,0.023312347,0,0,0,0.12493879,0,0,0.000629591,0,0.000297307,0.039017139,0,0,0,0,0,0,0,0,0,0,0,0,0,0,0,0,0,0,0,0,0,0,0,0,0.019027632,0,0,0,0.011070304,0,0,0,0.010510668,0,0,0,0,0,0,0,0.000472193,0,0,0,0,0,0
J160WXFF.04,0,0.002604099,0,0,0,0.007734174,0,0,0,0,0,0,0,0,0.001458295,0,0,0,0,0,0,0,0,0.000182287,0,0,0,2.60E-05,0,0.018775553,0.008749772,0.025051431,0,0.010754928,0.003385329,0,0,0,0,0,2.60E-05,0,0,0.001822869,0.003489492,0,0,0,0,0,0,0,0.059139085,0.000338533,0,0,0.084945705,0,0,0,0.552537694,0,0.001484336,0,0,0.005156116,0.000156246,0.000807271,0,0.100466134,0.000286451,0,0.000468738,0,0.003880107,0.046509205,0,0,0,0,0,0,0,0,0,0,0,0,0,0,0,0,0,0,0,0,0,0,0,0,0.046561287,0,0,0,0.004895706,0,0,0,0.004843624,0,0,0,0,0.002291607,0,0,0.000364574,0.000807271,0,0,0,0,0
G160W213.04,0,0.00257269,0,0,0,0.001862982,0,0,0,0,0,0,0,0,0.003792499,0,0,0,0,0.000820599,0,0,0,0.000155249,0,0,0,0,0,0.015569208,0.009825013,0.003282397,0,0.004812704,0.000887134,0,0,0,0,0,0,4.44E-05,0,0.002195657,0.001153275,0,0,0,0,4.44E-05,0,0,0.052230034,0.000332675,0,0.004568742,0.077735146,0,0,0,0.589811262,0,0.000177427,0.00108674,0,0.005965978,0.00013307,0.000864956,0,0.049901306,0.00026614,0,0.000243962,0,0.000199605,0.008960057,0,0,0,0,0,0,0,0,0,0,0,0,0,0,0,0,0,0,0,0,0,0.000931491,0,0,0.134800062,0,0,0,0.014415933,2.22E-05,0,0,0.008449955,8.87E-05,0,0,0,0.000931491,0,0,0.000377032,0.000465746,2.22E-05,0,0,0,0
K160W2Z7.04,0,0,0,0,0,0.007550309,0,0,0,0,0,0,0,0,0.000511885,0,0,0,0,0,0,0,0,0.000639857,0,0,0,0,0,0.000431903,0.028441629,0.000207953,0,0,1.60E-05,0,0,0,0,0,0,0,0,0.002495441,0.000415907,0,0,0,0,0,0,0,0.005422785,6.40E-05,0,0,0.032712672,0,0,0,0.781584925,0,8.00E-05,0,0,0.007246377,0,0,0,0.13102665,0,0,0,0,0,3.20E-05,0,0,0,0,0,0,0,0,0,0,0,0,0,0,0,0,0,0,0,0,0,0,0,0,3.20E-05,0,0,0,0.001087756,0,0,0,0,0,0,0,0,0,0,0,0,0,0,0,0,0,0
G160VTFC.04,0,0.00465093,0,0,0,0.001125225,0,0,0,0,0,0,0,0,0.00025005,0.000125025,0,0,0,2.50E-05,0,0,0,0,0,0,0,0,0,0.024629926,0.005276055,0.026730346,0,0.000225045,0.001075215,0,0,0,0,0,0,0,0,0.00155031,0.0030006,0,0,0,0,0.00420084,0,0,0.043658732,0.0005001,0,0,0.062437487,7.50E-05,0,0,0.636027205,0,2.50E-05,0.00055011,0,0.003225645,0,0,0,0.052985597,0,0,0.000125025,0,0.000525105,0.035307061,0,0,0,0,0,0,0,0,0,0,0,0,0,0,0,0,0,0,0,0,0,0,0,0,0.083241648,0,0,0,0.00410082,0,0,0,0.00265053,0,0,0,0,0.001525305,0,0,2.50E-05,0.00015003,0,0,0,0,0
K160W5M2.04,0,0.002785976,0,0,0,0.01270216,0,0,0,0,0,0,0,0,0.000377759,0,0,0,0,0,0,0,0,0.00016527,0,0,0,0,0,0.011852202,0.026230669,0.010034234,0,0,0.004037304,0,0,0,0,0,0,0,0,0.000873569,0.00632747,0,0,0,0,0,0,0,0.05149333,0.00021249,0,0,0.067264786,0,0,0,0.648896234,0,4.72E-05,0,0,0.000637469,0,0,0,0.102821391,0,0,0.000802739,0,0.000330539,0.009373155,0,0,0,0,0,0,0,0,0,0,0,0,0,0,0,0,0,0,0,0,0,0,0,0,0.031424861,0,0,0,0.007814898,0,0,0,0.001558258,0,0,0,0,0,0,0,0.000590249,0.001345768,0,0,0,0,0
K160W1Y8.04,0,0.005373926,0,0,0,0.010061315,0,0,0,0,0,0,0,0,0.001396747,0,0,0,0,0,0,0,0,9.47E-05,0,0,0,0,0,0.040718733,0.012120925,0.001325726,0,0.013612367,0.003906158,0,0,0,0,0,0,0,0,0.008546199,0.000804905,0,0,0,0,0.000378779,0,0,0.057882152,9.47E-05,0,0,0.07921214,0,0,0,0.471390355,0,0.000236737,0.0040482,0,0.010084989,0,0.000426126,0,0.076986814,9.47E-05,0,0.000236737,0,0.000946947,0.045784901,0,0,0,0,0,0,0,0,0,0,0,0,0,0,0,0,0,0,0,0,0,0,0,0,0.107691579,0,0,0,0.015695651,0,0,0,0.029236997,0,0,0,0,7.10E-05,0,0,0.000236737,0.001302053,0,0,0,0,0
K160WH8Q.04,0,0.001695944,0,0,0,0.002320765,0,0,0,0,0,0,0,0,8.93E-05,0,0,0,0,0,0,0,0,0.000303485,0,0,0,0,0,0.015459869,0.003338332,0.016227506,0,0,0.00017852,0,0,0,0,0,0,0,0,0.001535276,0.006319623,0,0,0,0,0,0,0,0.033329763,0.000214225,0,0,0.077817052,0,0,0,0.767602114,0,0.002124393,3.57E-05,0,0.001356755,0,0.000124964,0,0.050039274,0.000249929,0,0.000232077,0,0.001803056,0.006944444,0,0,0,0,0,0,0,0,0,0,0,0,0,0,0,0,0,0,0,0,0,0,0,0,0.009657955,0,0,0,0.000589117,0,0,0,0.000321337,0,0,0,0,0,0,0,1.79E-05,7.14E-05,0,0,0,0,0
J160PF3C.04,0,0,0,0,0,0,3.96E-05,0,0,0,0,0,0,0,0,0,0,0,0,1.32E-05,0,0,0,0,0,0,0,0,0,6.61E-05,1.32E-05,0,0,0,0.000356779,0,0,0,0,0,0,0,0,0.000660703,0.006131321,0,0,0,0,0.001136409,0,0,0.036127225,2.64E-05,0,0,6.61E-05,0,0,0,0.896930375,0,0,1.32E-05,0,0,0,0,0,0.058353265,0,0,0,0,0,1.32E-05,0,0,0,0,0,0,0,0,0,0,0,0,0,0,0,0,0,0,0,0,0,0,0,0,2.64E-05,0,0,0,0,0,0,0,2.64E-05,0,0,0,0,0,0,0,0,0,0,0,0,0,0
J160THHM.04,0,0,0,0,0,0,0,0,0,0,0,0,0,0,6.23E-05,0,0,0,0,0,0,0,0,0,0,0,0,0,0,0,0,0,0,0,9.78E-05,0,0,0,0,0,0,0,0,0.000320194,0.001378611,0,8.89E-06,0,0,0,0,0,0.010175039,8.89E-06,0,0,0.000435819,0,0,0,0.979987904,0,8.89E-06,0,0,0,0,0,0,0.007497865,0,0,0,0,0,0,0,0,0,0,0,0,0,0,0,0,0,0,0,0,0,0,0,0,0,0,0,0,8.89E-06,0,0,0,0,0,0,0,0,0,8.89E-06,0,0,0,0,0,0,0,0,0,0,0,0,0,0
G160W0NV.04,0,0.001302932,0,0,0,0.005041779,0.008752301,0,0,0,0,0,0,0,0.003313978,0,0,0,0,0,0,0,0,0.000311571,0,0,0,0,0,0.013539159,0.005211726,0.001132984,0,0.064240193,0.003710523,0,0,0,0,0,0.002747486,0,0,0.000849738,0.005693245,0,0,0,0,8.50E-05,0,0,0.054298258,8.50E-05,0,0.005070103,0.029910778,0,2.83E-05,0,0.453646792,0,0.003229004,0.000651466,0,0.003285654,0,5.66E-05,0,0.028098003,0,0,5.66E-05,0,0.000141623,0.141283104,0,0.000226597,0,0,0,0,0,0,0,0,0,0,0,0,0,0,0,0,0,0,0,0.003172355,0,0,0.067922391,0,0,0,0.084350659,0.000311571,0,0,0.004446962,0.001756125,0,0,0,0.000566492,0,0,0.000991361,0.00036822,0.000113298,0,0,0,0
J160VWL0.04,0,0,0,0,0,0.004586787,0.000523055,0,0,0,0,0,0,0,0.003419973,0,0,0,0,0,0,0,0,0.000603525,0,0,0,0,0,0.012110727,0.057173896,0.030538344,0,0.003943027,0.002132454,0,0,0,0,0,0,0,0,0.002655508,0.001891044,0,0,0,0,0,0,0,0.022370645,0.000201175,0,0.001569164,0.034481371,0,0,0,0.557737185,0,0,0,0,0.005552426,0,0,0,0.14540919,0,0,0.00024141,0,0,0.038022049,0,0,0,0,0,0,0,0,0,0,0,0,0,0,0,0,0,0,0,0,0,0.00032188,0,0,0.018910437,0,0,0,0.054518387,0,0,0,0.000523055,0,0,0,0,0,0,0,0.00056329,0,0,0,0,0,0
K160TL26.04,0,0.000524881,0,0,0,0.028040779,0,0,0,0,0,0,0,0,0.000524881,0,0,0,0,2.02E-05,0,0,0,0.000242253,0,0,0,0,0,0.01558494,0.034198042,0.000383567,0,0.000403755,0.000423943,0,0,0,0,0,0,0,0,0.004522055,0.000686383,0,0,0,0,2.02E-05,0,0,0.020268497,0.000161502,0,2.02E-05,0.026506511,0,0,0,0.649318664,0,2.02E-05,4.04E-05,0,0.011769456,0,0,0,0.153023115,0.000262441,0,4.04E-05,0,0.000201877,0.023882104,0,0,0,0,0,0,0,0,0,0,0,0,0,0,0,0,0,0,0,0,0,0,0,0,0.007893409,0,0,0,0.019965681,0,0,0,0.000545069,0,0,0,0,0.00018169,0,0,0.000141314,8.08E-05,0.000100939,0,0,0,0
G160QB41.04,0,0.000190662,0,0,0,0.006376578,4.24E-05,0,0,0,0,0,0,0,0.001143971,0,0,0,0,0,0,0,0,0.001398187,0,0,0,0,0,0.001038048,0.019807643,0.045652911,0,0,0.000360139,0,0,0,0,0,0,0,0,0.001080417,0.002309126,0,0,0,0,0,0,0,0.031204983,0.000169477,0,0,0.017117193,0,0,0,0.727268876,0,0.001334633,0,0,0.016693501,0,0.000190662,0,0.073913228,0.000423693,0,0.000783832,0,0.000105923,0.032200661,0,0,0,0,0,0,0,0,0,0,0,0,0,0,0,0,0,0,0,0,0,0,0,0,0.002626896,0,0,0,0.015316499,0,0,0,0.000635539,0,0,0,0,0,0,0,0.000614355,0,0,0,0,0,0
G160WLV2.04,0,0.000821618,0,0,0,0.008809567,0.000136936,0,0,0,0,0,0,0,0.001825817,0,0,0,0,0,0,0,0,0.000387986,0,0,0,0,0,4.56E-05,0.007668432,0.004518897,0,0.000342341,4.56E-05,0,0,0,0,0,0,0,0,0.001392186,0.002305094,0,0.047220194,0,0,0,0,0,0.024169253,0.000410809,0,0.000410809,0.03019445,0,0,0,0.764058791,0,4.56E-05,2.28E-05,0,0.001415008,0,0,0,0.062123425,2.28E-05,0,4.56E-05,0,6.85E-05,0.006207778,0,0,0,0,0,0,0,0,0,0,0,0,0,0,0,0,0,0,0,0,0,0,0,0,0.02279989,0,0,0,0.012369911,0,0,0,4.56E-05,0,0,0,0,0,0,0,6.85E-05,0,0,0,0,0,0
F160TQVV.04,0,1.88E-05,0,0,0,0.022918862,0,0,0,0,0,0,0,0,0.007075117,0,0,0,0,0,0,0,0,0,0,0,0,0,0,0.000150534,0,3.76E-05,0,0,0.000620954,0,0,0,0,0,0,0,0,0.002220382,0.004610116,0,0,0,0,0,0,0,0.058313262,0.000376336,0,0,0.056488033,0,0,0,0.783136384,0,0,0,0,0,0,0,0,0.056299865,0,1.88E-05,0,0,0,1.88E-05,0,0,0,0,0,0,0,0,0,0,0,0,0,0,0,0,0,0,0,0,0,0,0,0,0.00088439,0,0,0,0,0,0,0,0.006811681,0,0,0,0,0,0,0,0,0,0,0,0,0,0
F160QH07.04,0,0,0,0,0,0,0,0,0,0,0,0,0,0,0.001207458,0.000347912,0,0,0,2.05E-05,0,0,0,0.000716288,0,0,0,0,0,0.00026605,0.001084665,0.035732558,0,0,0.005730307,0,0,0,0,0,0,0,0,0.000347912,0.002148865,0,0,0,0,0,0,0,0.055195137,2.05E-05,0,0,0.000347912,0,0.037103739,0,0.658105315,0,0,0,0,0,0,0,0,0.200683544,0,0,0,0,0,0,0,0,0,0,0,0,0,0,0,0,0,0.000122792,0,0,0,0,0,0,0,0,0,0,0,0,0,0,0,0,0.000122792,0,0,0,0.000511635,0,0,0,0,0,0,0,0,0.000184188,0,0,0,0,0
F160W3YM.04,0,6.13E-05,0,0,0,0.000633299,0,0,0,0,0,0,0,0,0.002574055,0,0,0,0,6.13E-05,0,0,0,0,0,0,0,0,0,0.012625128,0.00040858,2.04E-05,0,0,2.04E-05,0,0,0,0,0,0,0,0,0.001961185,4.09E-05,0,0,0,0,0,0,0,0.000143003,2.04E-05,0,0,0.013340143,0,0,0,0.900674157,0,0,0,0,0.00020429,0,0,0,0.067048008,0,0,0,0,0,0.000143003,0,0,0,0,0,0,0,0,0,0,0,0,0,0,0,0,0,0,0,0,0,0,0,0,2.04E-05,0,0,0,0,0,0,0,0,0,0,0,0,0,0,0,0,0,0,0,0,0,0
J160QFTL.04,0,0,0,0,0,0.013283658,0,0,0,0,0,0,0,0,0.000620939,0,0,0,0,0,0,0,0,0.003814339,0,0,0,0,0,0.000133058,0.0099572,2.22E-05,0,0,0,0,0,0,0,0,0,0,0,0.000155235,0.000199588,0,0,0,0,0,0,0,0.000620939,6.65E-05,0,0,0.04344355,0,0.002461579,0,0.694875036,0,0,0,0,0,0,0,0,0.230279644,0,0,0,0,0,4.44E-05,0,0,0,0,0,0,0,0,0,0,0,0,0,0,0,0,0,0,0,0,0,0,0,0,2.22E-05,0,0,0,0,0,0,0,0,0,0,0,0,0,0,0,0,0,0,0,0,0,0
H160V7FQ.04,0,3.41E-05,0,0,0,0.006337632,1.70E-05,0,0,0,0,0,0,0,0.00035777,0,0,0,0,0,0,0,0,0.000511099,0,0,0,0,0,0,0.015912227,1.70E-05,0,0.000817759,0.000119257,0,0,0,0,0,0,0,0,0.000494063,0.004156942,0,0,0,0,0,0,0,0.075199755,0,0,3.41E-05,0.015332981,0,1.70E-05,0.0082287,0.78499753,0,0,0,0,0.002265874,0,0,0,0.068231767,0,0,0.000681466,0,0,0.000851832,0,0,0,0,0,0,0,0,0,0,0,0,0,0,0,0,0,0,0,0,0,0,0,0,0.004514711,0,0,0,0.01076716,0,0,0,0.00010222,0,0,0,0,0,0,0,0,0,0,0,0,0,0
K160TL01.04,0,0.000828936,0,0,0,0.001020229,0.00014347,0,0,0,0,0,0,0,0.000430409,0,0,0,0,0,0,0,0,6.38E-05,0,0,0,0,0,0.015813553,0.015861376,0.000685467,0,0.000430409,0.00044635,0,0,0,0,0,0,0,0,0.004893912,0.000988347,0,0,0,0,0,0,0,0.032487925,0.000111588,0,0,0.031037286,0,0,0,0.665795221,0,6.38E-05,0,0,0.00677496,0,0,0,0.170872455,3.19E-05,0,3.19E-05,0,0.000111588,0.02048429,0,0,0,0,0,0,0,0,0,0,0,0,0,0,0,0,0,0,0,0,0,0,0,0,0.025601377,0,0,0,0.00412874,0,0,0,0.000781113,0,0,0,0,0,0,0,1.59E-05,4.78E-05,1.59E-05,0,0,0,0
K160W0Q4.04,0,0.000374611,0,0,0,0.011004191,0,0,0,0,0,0,0,0,0.000327784,0,0,0,0,0,0,0,0,0.000187305,0,0,0,2.34E-05,0,0.001287724,0.017232095,0.106647,0,0.000117066,0.000398024,0,0,0,0,0,0,0,0,0.004495329,0.003160778,0,0,0,0,0,0,0,0.02177425,0.000421437,0,0.000140479,0.076186463,0,0,0,0.648521458,0,7.02E-05,0.000304371,0,0.002341317,0,0,0,0.07890239,4.68E-05,0,0.000468263,0,0.001334551,0.007843413,0,0,0,0,0,0,0,0,0,0,0,0,0,0,0,0,0,0,0,0,0,0,0,0,0.003418323,0,0,0,0.010957365,0,0.000866287,0,0.000187305,0,0,0,0.000210719,0,0,0,0.000421437,0.000327784,0,0,0,0,0
H160VH7S.04,0,0.002599725,0,0,0,0.01865563,0,0,0,0,0,0,0,0,0.001123081,0,0,0,0,0,0,0,0,0.001060688,0,0,0,0,0,0.009733372,0.025331725,0.005428227,0,0,0.000353563,0,0,0,0,0,0,0,0,0.002412545,0.00122707,0,0,0,0,0,0,0,0.027702675,0.000291169,0,0,0.079884364,0,2.08E-05,0,0.571502849,0,8.32E-05,2.08E-05,0,0.004346741,0,0.000311967,0,0.090886402,0.001268666,0,0.003078075,0,0.000207978,0.015390375,0,0,0,0,0,0,0,0,0,0,0,0,0,0,0,0,0,0,0,0,0,0,0,0,0.120793644,0,0,0,0.015161599,0,0,0,0.000894306,0,0,0,0,4.16E-05,0,0,0.00018718,0,0,0,0,0,0
K160V156.04,0,0.000726831,0,0,0,0.002722311,3.96E-05,0,0,0,0,0,0,0,0.000409668,0,0,0,0,0,0,0,0,0.000317162,0,0,0,0,0,0.010466361,0.012911155,0.012580777,0,0.000660755,0.001176144,0,0,0,0,0,0,0,0,0.001599027,0.00906556,0,0,0,0,0,0,0,0.065124024,0.000105721,0,0.000158581,0.0601155,1.32E-05,1.32E-05,0,0.712716893,0,0.000132151,2.64E-05,0,0.003131979,0,2.64E-05,0,0.075775396,0.000145366,0,0.000290732,0,0.000105721,0.010677803,0,0,0,0,0,0,0,0,0,0,0,0,0,0,0,0,0,0,0,0,0,3.96E-05,0,0,0.011364988,0,0,0,0.003951316,1.32E-05,0,0,0.003343421,0,0,0,0,2.64E-05,0,0,2.64E-05,0,0,0,0,0,0
H160W617.04,0,2.08E-05,0,0,0,0.02283124,0,0,0,0,0,0,0,0,0.001829826,0.027780088,0,0,0,2.08E-05,0,0,0,0.000187141,0,0,0,0,0,0.00526075,0.006882642,0.000727772,0,0,0,0,0,0,0,0,0,0,0,0.001413957,0.001039674,0,0,0,0,4.16E-05,0,0,0.015907012,8.32E-05,0,0,0.04470598,0,0,0,0.790006654,0,0,0,0,0.001705065,0,0,0,0.04901023,6.24E-05,0,0.000249522,0,0.000103967,0.024536305,0,0,0,0,0,0,0,0,0,0,0,0,0,0,0,0,0,0,0,0,0,2.08E-05,0,0,0.001206022,0,0,0,0.002973468,0,0,0,0.000291109,0,0,0,0,0,0,0,0.000332696,0.000769359,0,0,0,0,0
H160V7CX.04,0,0,0,0,0,0.003968783,0,0,0,0,0,0,0,0,0.000459076,0,0,0,0,0,0,0,0,0.001525316,0,0,0,0,0,0.001406845,0.012276571,0,0,2.96E-05,0,0,0,0,0,0,0,0,0,0.000651591,0.000148089,0,0,0,0,0,0,0,0.002561938,1.48E-05,0,1.48E-05,0.02578228,0,0,0,0.845661735,0,4.44E-05,0.000148089,0,0.002339805,0,0,0,0.092985028,0,0,0.000148089,0,1.48E-05,0.007108268,0,0,0,0,0,0,0,0,0,0,0,0,0,0,0,0,0,0,0,0,0,0,0,0,0.000592356,0,0,0,0.002014009,0,0,0,4.44E-05,0,0,0,0,0,0,0,5.92E-05,0,0,0,0,0,0
J160TL6C.04,0,2.18E-05,0,0,0,0.002610057,2.18E-05,0,0,0,0,0,0,0,0.000108752,0,0,0,0,0,0,0,0,0.00045676,0,0,0,0,0,0.000261006,0.00454585,0.08363059,0,0,0.000478511,0,0,0,0,0,0,0,0,0.001544284,0.007221159,0,0,0,0,0,0,0,0.059857317,0.000478511,0,0,0.044653732,0,8.70E-05,0,0.702061945,0,2.18E-05,0,0,0.000848269,0,0,0,0.082891074,2.18E-05,0,0.000391509,0,0,0.004002088,0,0,0,0,0,0,0,0,0,0,0,0,0,0,0,0,0,0,0,0,0,0,0,0,0,0,0,0,0.003567078,0,0,0,6.53E-05,0,0,0,0,0,0,0,4.35E-05,0.000108752,0,0,0,0,0
J160WR76.04,0,0.00033264,0,0,0,0.000282744,0,0,0,0,0,0,0,0,0.000432432,0,0,0,0,0,0,0,0,1.66E-05,0,0,0,0,0,0.032548857,0.001679834,0.030419958,0,0.000349272,0.000997921,0,0,0,0,0,0,0,0,0.001164241,0.009164241,0,0,0,0,0,0,0,0.078536383,3.33E-05,0,0.000182952,0.055534304,0,0,0,0.749970894,0,0.00016632,0,0,1.66E-05,0,0,0,0.022536383,0,0,0,0,0.000548857,0.005172557,0,0,0,0,0,0,0,0,0,0,0,0,0,0,0,0,0,0,0,0,0,1.66E-05,0,0,0.004257796,0,0,0,0.001031185,8.32E-05,0,0,0.004490644,0,0,0,0,0,0,0,1.66E-05,1.66E-05,0,0,0,0,0
G160TZP3.04,0,0.001591033,0,0,0,0.063356368,0,0,0,0,0,0,0,0,0.000284961,0,0,0,0,0,0,0,0,0.000427442,0,0,0,9.50E-05,0,0.029635962,0.073187528,0.054261357,0,0,0.001258579,0,0,0,0,0,0,0,0,0.003585761,0.006055425,0,0,0,0,0,0,0,0.115456769,0.000166227,0,0,0.033292964,0,0,0,0.360404645,0,0.000474935,0.000308708,0,0.005271782,0,0.000189974,0,0.160504381,0.000854884,0,0.002113462,0,0.003443281,0.011422194,0,0,0,0,0,0,0,0,0,0,0,0,0,0,0,0,0,0,0,0,0,0,0,0,0.068746883,0,0,0,0.003063333,0,0,0,0.000403695,0,0,0,0,0,0,0,0,0,0.000142481,0,0,0,0
H160W0MY.04,0,0.000350607,0,0,0,0.001805624,0.000122712,0,0,0,0,0,0,0,0.000946638,0,0,0,0,7.01E-05,0,0,0,1.75E-05,0,0,0,0,0,0.055360774,0.003979384,0.028241358,0,0.000964168,0.001875745,0,0,0,0,0,1.75E-05,0,0,0.00054344,0.00639857,0,0,0,0,0.000122712,0,0,0.091034991,0.000245425,0,0.00106935,0.097924409,0,0,0,0.588247668,0,0,0.010973985,0,0.000508379,0,5.26E-05,0,0.026470794,0,0,8.77E-05,0,1.75E-05,0.048979735,0,0,0,0,0,0,0,0,0,0,0,0,0,0,0,0,0,0,0,0,0,0.000350607,0,0,0.009939696,0,0,0,0.001788093,0,8.77E-05,0,0.020983802,8.77E-05,0,0,0,1.75E-05,0,0,5.26E-05,0.000227894,3.51E-05,0,0,0,0
F160T71M.04,0,3.93E-05,0,0,0,0.000167121,0,0,0,0,0,0,0,0,0.000176951,0,0,0,0,0.000216274,0,0,0,0,0,0,0,0,0,0.009083491,0.000599668,5.90E-05,0,0,0.003145798,0,0,0,0,0,0,0,0,0.000285088,0.004846495,0,0,0,0,0.000137629,0,0,0.026188768,0.000294919,0,0,0.018953432,0,6.88E-05,0,0.902391789,0,0,0,0,0.00031458,0,0,0,0.019110722,0,2.95E-05,9.83E-06,0,0,0.003686482,0,0,0,0,0,0,0,0,0,0,0,0,0,0,0,0,0,0,0,0,0,0,0,0,0.003804449,0,0,0,0.000776619,0,0,0,0.005593622,0,0,0,0,0,0,0,0,1.97E-05,0,0,0,0,0
K160V9N6.04,0,0.000275024,0,0,0,0.001562637,6.25E-05,0,0,0,0,0,0,0,0.000925081,0,0,0,0,3.75E-05,0,0,0,3.75E-05,0,0,0,0,0,0.020139262,0.004025352,0.038865901,0,0.000350031,0.002162689,0,0,0,0,0,0.00011251,0,0,0.000762567,0.006963109,0,0,0,0,0,0,0,0.08388234,0.000125011,0,0.000362532,0.057129999,0,6.25E-05,0,0.653682197,0,0,0.001412624,0,0.000375033,0,0,0,0.057017489,1.25E-05,0,6.25E-05,0,2.50E-05,0.051904542,0,0,0,0,0,0,0,0,0,0,0,0,0,0,0,0,0,0,0,0,0,0.000312527,0,0,0.01017589,0,0,0,0.004375383,0,0,0,0.002562724,0,0,0,0,0,0,0,8.75E-05,6.25E-05,8.75E-05,0,0,0,0
J160X7Y8.04,0,0.001193752,0,0,0,0.004208482,2.02E-05,0,0,0,0,0,0,0,0.001598414,0,0,0,0,2.02E-05,0,0,0,6.07E-05,0,0,0,0,0,0.031786177,0.00354079,0.028123988,0,0.009185821,0.001355617,0,0,0,0,0,0,0,0,0.000768857,0.005402234,0,0,0,0,0.000161865,0,0,0.068165264,0.000222564,0,0.000687925,0.138778731,2.02E-05,0,0,0.601246358,0,0.000728391,0.000485594,0,0.002023309,0,0.000182098,0,0.054568631,6.07E-05,2.02E-05,0.000485594,0,0.000101165,0.011836355,0,0,0,0,0,0,0,0,0,0,0,6.07E-05,0,0,0,0,0,0,0,0,0,0.000364196,2.02E-05,0,0.014345257,0,0,0,0.003783587,0,0,0,0.009732114,0,0,0,0,0.00406685,0,0,0.000202331,0.000343962,4.05E-05,0,0,0,0
H160V9P3.04,0,0.000969039,0,0,0,0.001518161,0,0,0,0,0,0,0,0,0.000807533,0.0012436,0,0,0,0,0,0,0,8.08E-05,0,0,0,0,0,0.019203127,0.002842515,0.0049421,0,3.23E-05,0.001663517,0,0,0,0,0,0,0,0,0.001308203,0.007219342,0,0,0,0,0,0,0,0.072080366,0.000193808,0,0.000872135,0.037227256,0,0,0,0.743656831,0,0,0.00122745,0,0.000969039,0,6.46E-05,0,0.03360951,1.62E-05,0,9.69E-05,0,3.23E-05,0.016118352,0,0,0,0,0,0,0,0,0,0,0,0,0,0,0,0,0,0,0,0,0,4.85E-05,0,0,0.037727926,0,0,0,0.003488541,0,0,0,0.010207213,0,0,0,0,0,0,0,0.000193808,0.00024226,8.08E-05,0,0,0,1.62E-05
F160WXGB.04,0,0.000614334,0,0,0,0.000307167,0,0,0,0,0,0,0,0,0.000187713,0.00552901,0,0,0,3.41E-05,0,0,0,1.71E-05,0,0,0,0,0,0.00225256,0.00059727,0.002354949,0,0.000170648,0.039795222,0,0,0,0,0,0,0,0,0.000511945,0.013481229,0,0,0,0,1.71E-05,0,0,0.120375427,1.71E-05,0,0,0.074948805,5.12E-05,0,0,0.679658703,0,0.000153584,0,0,0.000324232,1.71E-05,8.53E-05,0,0.018191126,0,6.83E-05,1.71E-05,0,0.001672355,0.025921502,0,0,0,0,0,0,0,0,0,0,0,0,0,0,0,0,0,0,0,0,0,0,0,0,0.008498294,0,0,0,0.000255973,0,0,0,0.003225256,0,0,0,0,0.000426621,0,0,0,0.000221843,0,0,0,0,0
G160X7ZK.04,0,0.000737199,0,0,0,0.008825326,0,0,0,0,0,0,0,0,0.003917686,0,0,0,0,0.000231691,0,0,0,2.11E-05,0,0,0,0,0,0.020409883,0.002653917,0.014828233,0,0.002864545,0.004486383,0,0,0,0,0,0,6.32E-05,0,0.000674011,0.00810919,0,0,0.000484445,0,2.11E-05,0,0,0.084293447,0.000189565,0,0.00082145,0.07174,0,0,0,0.688965183,0,0.00029488,2.11E-05,0,0.001811403,4.21E-05,0.000421257,0,0.047349243,0.000105314,0.001727152,0.000168503,0,0.000252754,0.008130253,0,0,0,0,0,0,0,0,0,0,0,0,0,0,0,0,0,0,0,0,0,0.000252754,4.21E-05,0,0.01689239,0,0,0,0.001558649,0,0,0,0.005539524,2.11E-05,0,0,0,0.000800388,0,0,0.00014744,4.21E-05,4.21E-05,0,0,0,0
J160VTC5.04,0,5.94E-05,0,0,0,0.014163184,0,0,0,0,0,0,0,0,0.00190163,0,0,0,0,0,0,0,0,0.002456272,0,0,0,1.98E-05,0,0.001961056,0.050016837,0.000970624,0,3.96E-05,0,0,0,0,0,0,0,3.96E-05,0,0.002575124,0.000316938,0,0,0,0,3.96E-05,0,0,0.008854466,5.94E-05,0,7.92E-05,0.05393895,0,0,0,0.557118238,0,1.98E-05,1.98E-05,0,0.015054573,0,0,0,0.149812808,0.001545075,0,0.002297803,0,0,0.090268011,0,0,0,0,0,0,0,0,0,0,0,0,0,0,0,0,0,0,0,0,0,0,0,0,0.02272052,0,0,0,0.023413822,0,0,0,0.000178278,0,0,0,0,0,0,0,0,5.94E-05,0,0,0,0,0
H160TXRY.04,0,0.004377063,0,0,0,0.002735664,1.76E-05,0,0,0,0,0,0,0,0.000335339,0,0,0,0,0,0,0,0,5.29E-05,0,0,0,0,0,0.016696377,0.00224148,0.041105561,0,0.002947458,0.00158845,0,0,0,0,0,0,0,0,0.001023668,0.008242292,0,0,0,0,1.76E-05,0,0,0.074198274,0.000105897,0,0.000194144,0.054095554,1.76E-05,0,0,0.672920454,0,5.29E-05,0.000282391,0,0.001217812,0,3.53E-05,0,0.044123617,0,0.000247092,0.000229443,0,0.000794225,0.042764609,0,0,0,0,0,0,0,0,0,0,0,0,0,0,0,0,0,0,0,0,0,3.53E-05,0,0,0.023650259,0,0,0,0.001447255,0,0,0,0.001306059,0,0,0,0,0.000141196,0,0,0.000194144,0.000494185,5.29E-05,0,0,0,1.76E-05
F160V4F8.04,0,2.50E-05,0,0,0,0.001243055,0,0,0,0,0,0,0,0,7.51E-05,0,0,0,0,8.34E-06,0,0,0,0.000108454,0,0,0,0,0,0.000383762,0.002277543,0.000800894,0,0,0.000425475,0,0,0,0,0,0,0,0,0.000400447,0.005389351,0,0,0,0,0,0,0,0.024118599,0.001343167,0,0,0.111641333,0,0,0,0.839804448,0,5.84E-05,0,0,0.000717468,0,0,0,0.009160229,2.50E-05,0,8.34E-06,0,3.34E-05,0.000400447,0,0,0,0,0,0,0,0,0,0,0,0,0,0,0,0,0,0,0,0,0,0,0,0,0,0,0,0,8.34E-06,0,0,0,0.00154339,0,0,0,0,0,0,0,0,0,0,0,0,0,0
J160V0BH.04,0,6.29E-05,0,0,0,0.002526815,0,0,0,0,0,0,0,0,0.00035648,0,0,0,0,6.29E-05,0,0,0,0.000251633,0,0,0,0,0,0.003575285,0.018348239,0.013577697,0,0,0.00071296,0,0,0,0,0,0,0,0,0.000230664,0.006112585,0,0,0,0,2.10E-05,0,0,0.246380155,4.19E-05,0,0,0.027354603,0,1.05E-05,0,0.635037797,0,1.05E-05,0,0,0.001321073,0,0,0,0.02191304,0.000283087,0,0.000754899,0,0.000293572,0.011522694,0,0,0,0,0,0,0,0,0,0,0,0,0,0,0,0,0,0,0,0,0,0,0,0,0.00109041,0,0,0,0.00269457,0,0,0,0.002055003,0.00251633,0,0,0,0,0,0,0.000597628,0.000262118,2.10E-05,0,0,0,0
J160TMKR.04,0,0,0,0,0,0.000620239,1.35E-05,0,0,0,0,0,0,0,0.002211286,0,0,0,0,1.35E-05,0,0,0,8.09E-05,0,0,0,0,0,0.000310119,0.000471921,0.018350974,0,6.74E-05,0.00039102,0,0,0,0,0,0,0,0,0.001078676,0.000485404,0,0,0,0,0,0,0,0.011366548,8.09E-05,0,6.74E-05,0.026063507,0,0,0,0.860082249,0,0.001334861,0.000175285,0,0.000215735,0,0,0,0.0602036,0,0.000175285,0,0,0.002575339,0.00973505,0,0,0,0,0,0,0,0,0,0,0,0,0,0,0,0,0,0,0,0,0,2.70E-05,0,0,0.002076451,0,0,0,0.000701139,0,0.000202252,0,0.000256186,0,0,0,0,0.000188768,0,0,0,0.000377537,0,0,0,0,0
J160TKYS.04,0,0.000732547,0,0,0,0.003296462,0.000146509,0,0,0,0,0,0,0,0.000244182,0,0,0,0,0,0,0,0,0.001343003,0,0,0,0,0,0.017800894,0.053817791,0.012282372,0,0.001880204,0.000805802,0,0,0,0,0,0,0,0,0.002979025,0.002026714,0,0,0,0,0,0,0,0.027324006,0.000195346,0,7.33E-05,0.019388079,0,0,0,0.594535199,0,0.000268601,0,0,0.017629966,0,0,0,0.157009255,0.000634874,0,2.44E-05,0,0.00041511,0.044734208,0,0,0,0,0,0,0,0,0,0,0,0,0,0,0,0,0,0,0,0,0,9.77E-05,0,0,0.02532171,0,0,0,0.013771885,2.44E-05,0,0,0.000756965,0,0,0,0,0.000390692,0,0,2.44E-05,2.44E-05,0,0,0,0,0
G160TQBP.04,0,0.000146421,0,0,0,0.00027953,0,0,0,0,0,0.000745414,0,0,0.000106488,0,0,0,0,0,0,0,0,1.33E-05,0,0,0,0,0,0.018595426,0.001024945,0.000638927,0,5.32E-05,0.00095839,0,0,0,0,0,0,0,0,0.001118122,0.005164657,0,0,0,0,1.33E-05,0,0,0.05717062,0.000199665,0,0.000306152,0.106873785,0,0,0,0.780981285,0,3.99E-05,7.99E-05,0,9.32E-05,0,0,0,0.018848335,3.99E-05,0,0,0,0.000292841,0.000159732,0,0,0,0,0,0,0,0,0,0,0,0,0,0,0,0,0,0,0,0,0,0,0,0,0.001450896,0,0,0,0.000332774,0,0,0,0.0042462,0,0,0,0,0,0,0,0,2.66E-05,0,0,0,0,0
H160W0TC.04,0,0.000605547,0,0,0,0.000449835,3.46E-05,0,0,0,0,0,0,0,0.000640149,0,0,0,0,3.46E-05,0,0,0,0,0,0,0,0,0,0.049637537,0.002058859,0.011349677,0,0.00025952,0.000674752,0,0,0,0,0,5.19E-05,0,0,0.000311424,0.016228654,0,0,0,0,0,0,0,0.109257946,0.000553643,0,0.001314902,0.062336719,0,1.73E-05,0,0.689285282,0,0,0.000674752,0,0.000224917,0,0,0,0.025432966,0,0,0,0,0.000155712,0.006245783,0,0,0,0,0,0,0,0,0,0,0,0,0,0,0,0,0,0,0,0,0,0.00025952,0,0,0.018045295,0,0,0,0.000449835,1.73E-05,0,0,0.003304555,0,0,0,0,0,0,0,6.92E-05,1.73E-05,0,0,0,0,0
H160WN1B.04,0,0,0,0,0,0.001105473,7.25E-05,0,0,0,0,0,0,0,0.001250453,0,0,0,0,0,0,0,0,7.25E-05,0,0,0,0,0,0.03836535,0.000978615,0.028742298,0,0.00014498,0.001576658,0,0,0,0,0,0,0,0,0.000163103,0.006125408,0,0,0,0,0,0,0,0.078089888,3.62E-05,0,0,0.064008699,0,5.44E-05,0,0.72174701,0,0.001250453,0,0,0.00021747,0,0,0,0.050253715,5.44E-05,0,0,0,0.000126858,0.00021747,0,0,0,0,0,9.06E-05,0,0,0,0,0,0,0,0,0,0,0,0,0,0,0,0,5.44E-05,0,0.001776006,0,0,0,0.001631026,0,0,0,0.001739761,0,0,0,0,0,0,0,0,5.44E-05,0,0,0,0,0
K160X7VH.04,0,0.001074797,0,0,0,0.000855451,0,0,0,0,0,0,0,0,4.39E-05,0,0,0,0,0,0,0,0,0,0,0,0,0,0,0.048146523,0.003246326,0.080061417,0,0.000526431,0.002807633,0,0,0,0,0,0,0,0,0.000592235,0.007984207,0,0,0,0,4.39E-05,0,0,0.079973678,2.19E-05,0,0.001030928,0.09848651,0,2.19E-05,0,0.550800614,0,0.001842509,0,0,0.00032902,4.39E-05,2.19E-05,0,0.02039921,0,8.77E-05,0,0,0.018556701,0.034612854,0,0,0,0,0,0,0,0,0,0,0,0,0,0,0,0,0,0,0,0,0,0,0,0,0.035227023,0,0,0,0.000263216,0,4.39E-05,0,0.008620311,0,0,0,0.000241281,0.003334064,0,0,0.000153542,0.000504497,0,0,0,0,0
G160TMJH.04,0,0,0,0,0,0.017165838,0,0,0,0,0,0,0,0,0.005958302,0,0,0,0,1.06E-05,0,0,0,0,0,0,0,0,0,0,9.52E-05,0,0,0.006021801,0.00189438,0,0,0,0,0,0,0,0,0.000740819,0.001481638,0,0,0,0,0.00033866,0,0,0.025156101,0,0,0,0.000592655,0,0,0,0.884601545,0,0,0,0,0,0,0,0,0.03340036,0,0,0,0,0,0,0,0,0,0,0,0,0,0,0,0,0,0,0,0,0,0,0,0,0,0,0,0,0,0,0.022531485,0,0,0,0,0,1.06E-05,0,0,0,0,0,0,0,0,0,0,0,0,0,0,0,0
H160TK89.04,0,7.16E-05,0,0,0,0.000358243,0,0,0,0,0,0,0,0,2.05E-05,0,0,0,0,2.05E-05,0,0,0,0,0,0,0,0,0,0.000307066,0.000163768,0.000696015,0,0,0.000174004,0,0,0,0,0,0,0,0,0.000143297,0.003387957,0,0,0,0,0,0,0,0.041832567,0.00020471,0,0,0.029990072,0,0,1.02E-05,0.91504519,0,0,0,0,8.19E-05,0,0,0,0.00630508,4.09E-05,0,2.05E-05,0,0,6.14E-05,0,0,0,0,0,0,0,0,0,0,0,0,0,0,0,0,0,0,0,0,0,0,3.07E-05,0,0.000736957,0,0,0,0.000133062,0,0,0,0.000163768,0,0,0,0,0,0,0,0,0,0,0,0,0,0
F160V6Y6.04,0,0,0,0,0,0.000664873,0,0,2.11E-05,0,0,0,0,0,2.11E-05,0,0,0,0,0,0,0,0,0,0,0,0,0,0,0.001414173,0.000253285,3.17E-05,0,0,0.000337713,0,0,0,0,0,0,0,0,0.000422141,0.000907604,0,0,0,0,0,0,0,0.011535011,5.28E-05,0,0,0.00564614,0,0,0,0.950525038,0,5.28E-05,0,0,3.17E-05,0,0,0,0.027924648,0,0,0,0,0,0,0,0,0,0,0,0,0,0,0,0,0,0,0,0,0,0,0,0,0,0,0,0,0,0,0,0,0,0,0.000126642,0,0,0,1.06E-05,0,0,0,0,0,0,0,0,1.06E-05,0,0,0,0,1.06E-05
F160W5MZ.04,0,0.00183935,0,0,0,0.00025082,0,0,0,0,0,0,0,0,0.000292624,0,0,0,0,4.18E-05,0,0,0,0,0,0,0,0,0,0.017682838,0.000877871,0.00443116,0,0,0.078339569,0,0,0,0,0,0,0,0,0.00025082,0.00848609,0,0,0,0,2.09E-05,0,0,0.094789206,0.000271722,0,0,0.113558932,0.000167214,0,0,0.633739523,0,0,0,0,0.000188115,0,0,0,0.009217649,0,0,2.09E-05,0,2.09E-05,0.000773363,0,0,0,0,0,0,0,0,0,0,0,0,0,0,0,0,0,0,0,0,0,0,0,0,0.032084108,0,0,0,0.000459837,0,0,0,0.00209017,0,0,0,0,0,0,0,2.09E-05,8.36E-05,0,0,0,0,0
H160QJ2T.04,0,0.004023072,0,0,0,0.00031506,0,0,0,0,0,0,0,0,2.42E-05,0,0,0,0,0,0,0,0,2.42E-05,0,0,0,0,0,0.049658281,0.001114827,0.109034947,0,0.00031506,0.000290824,0,0,0,0,0,0,0,0,0.000848238,0.006664728,0,0,0,0,2.42E-05,0,0,0.036207649,0.000193883,0,0,0.028476564,0,0,0,0.543260143,0,0.00130871,0,0,4.85E-05,0,4.85E-05,0,0.072439533,0,0,0,0,0.000242354,0.069967525,0,0,0,0,0,0,0,0,0,0,0,0,0,0,0,0,0,0,0,0,0,0,0,0,0.073627066,0,0,0,0.000751297,0,0,0,0.000169648,0,0,0,0,0.000920944,0,0,0,0,0,0,0,0,0
H160TYXY.04,0,0,0,0,0,0.00561039,2.08E-05,0,0,0,0,0,0,0,0.000477922,0,0,0,0,6.23E-05,0,0,0,0.000332468,0,0,0,0,0,0.011802597,0.068716883,0.002036364,0,0,0.000228571,0,0,0,0,0,0,0,0,0.000207792,8.31E-05,0,0,0,0,0,0,0,0.007750649,0,0,0,0.018638961,0,0,0,0.719833766,0,0.000685714,0,0,0.025080519,0,0,0,0.126441558,0.000166234,0,0,0,0.000311688,0.006358442,0,0,0,0,0,0,0,0,0,0,0,0,0,0,0,0,0,8.31E-05,0,0,0,0,0,0,8.31E-05,0,0,0,0.004966234,0,0,0,2.08E-05,0,0,0,0,0,0,0,0,0,0,0,0,0,0
J160W0FQ.04,0,0.000149901,0,0,0,0.000986846,0,0,0,0,0,0,0,0,0.000899404,0,0,0,0,0,0,0,0,0,0,0,0,0,0,0.00768241,0.003447716,0.000824454,0,0,0.081458534,0,0,0,0,0,0,0,0,0.001586449,0.001898742,0,0,0,0,0,0,0,0.051903114,1.25E-05,0,0,0.076224501,0,1.25E-05,0,0.731502879,0,1.25E-05,1.25E-05,0,0.001349106,0,0,0,0.012991393,0,0,5.00E-05,0,1.25E-05,0.00253582,0,0,0,0,0,0,0,0,0,0,0,0,0,0,0,0,0,0.000174884,0,0,0,0,0,0,0.0199243,0,0,0,0.000949371,0,0,0,0.003285323,0,0,0,0,0,0,0,2.50E-05,8.74E-05,0,0,0,0,0
J160WMY7.04,0,2.14E-05,0,0,0,0.002227887,0,0,0,0,0,0,0,0,0.00021422,0,0,0,0,0,0,0,0,0.000278486,0,0,0,0,0,0.03785266,0.003963068,0.233713931,0,0,0.00042844,0,0,0,0,0,0,0,0,0.000235642,0.003727427,0,0,0,0,2.14E-05,0,0,0.058546304,0.001606649,0,0.000149954,0.113150961,0,0,0,0.424262548,0,0.006469442,0,0,0.000149954,0,0,0,0.102697029,0.000128532,0,4.28E-05,0,0,0.003791693,0,0,0,0,0,0,0,0,0,0,0,0,0,0,0,0,0,0,0,0,0,0,0,0,0.003363253,0,0,0,0.000449862,0,0,0,0.002506373,0,0,0,0,0,0,0,0,0,0,0,0,0,0
H160VRXJ.04,0,0.000152125,0,0,0,0.00086204,1.69E-05,0,0,0,0,0,0,0,0.00018593,0,0,0,0,0,0,0,0,0.000101416,0,0,0,0,0,0.000253541,0.001318414,0.144856496,0,0,0.001436733,0,0,0,0,0,0,0,0,0.001487441,0.007758358,0,0,0,0,0,0,0,0.075166492,3.38E-05,0,0,0.043355532,0,0,0,0.677394273,0,8.45E-05,8.45E-05,0,0.000693012,0,0,0,0.035022481,3.38E-05,0,0.000253541,0,1.69E-05,0.003059396,0,0,0,0,0,0,0,0,0,0,0,0,0,0,0,0,0,0,0,0,0,0,0,0,0.003127007,0,0,0,0.000540888,0,0,0,0.002636828,0,0,0,0,0,0,0,6.76E-05,0,0,0,0,0,0
G160W1WD.04,0,0,0,0,0,0.000407941,0,0,0,0,0,0,0,0,3.89E-05,9.71E-05,0,0,0,1.94E-05,0,0,0,0,0,0,0,0,0,0.00036909,0.000932437,0.304188197,0,0.000524496,0.000485644,0,0,0,0,0,0,0,0,3.89E-05,0.004001709,0,0,0,0,0,0,0,0.033179222,0.00101014,0,0.000641051,0.118244687,0,0,0,0.349508528,0,0.01167489,0,0,0.00013598,0,0,0,0.164419752,1.94E-05,0,0,0,0.000660476,0.002117409,0,0,0,0,0,0,0,0,0,0,0,0,0,0,0,0,0,0,0,0,0,0,0,0,0.004098838,0,0,0,0.001048992,0,0,0,0.001826023,0,0,0,0,0,0,0,0,0.000310812,0,0,0,0,0
J160Q69Q.04,0,0,0,0,0,2.29E-05,0,0,0,0,0,0,0,0,0.001908593,0,0,0,0,0,0,0,0,0,0,0,0,0,0,0,0,0,0,0,0,0,0,0,0,0,0,0,0,0,0.000640007,0,0,0,0,0.001200014,0,0,0.005840067,0,0,0,0,0,0,0,0.631184356,0,0,0,0,0,0,0,0,0,0,0,0,0,0,0,0,0,0,0,0,0,0,0,0,0,0,0,0,0,0,0,0,0,0,0,0,0,0,0,0,0,0,0,0,0,0,0,0,0,0,0,0.354678339,0,0,0,0,0,0,0.004525766,0,0,0
G160Q7CP.04,0,0,0,0,0,1.31E-05,0,0,0,0,0,0,0,0,0.001153977,1.31E-05,0,0,0,0,0,0,0,0,0,0,0,0,0,0.000996617,0.000616329,0.008077841,0,0,0.04762779,0,0,0,0,0,0,0,0,0.000262268,0.009992394,0,0,0,0,0.00194078,0,0,0.092095256,0,0,0,9.18E-05,0,0.000196701,0,0.830312885,0,0,0,0,0,0,0,0,0.002242388,0,0,0,0,0,0,0,0,0,0,0,0,0,0,0,0,0,0,0,0,0,0,0,0,0,0,0,0,0,0,0,0,0,0,0,0,0,0,0.000157361,0,0,0,0,0,0,0,0,0.003750426,0,0.000458968,0,0,0
G160TX68.04,0,0,0,0,0,0.025867705,0,0,0,0,0,0,0,0,0.000653799,0,0,0,0,2.84E-05,0,0,0,0,0,0,0,0,0,0.004249694,0.000454817,0,0,0.000241621,0.000170556,0,0,0,0,0,0,0,0,0.000966486,0.000639586,0,0,0,0,0,0,0,0.014468859,0,0,0,0.010844538,0,0,0,0.871215782,0,0,0,0,0,0,0,0,0.06832201,0,0,0,0,0,0,0,0,0,0,0,0,0,0,0,0,0,0,0,0,0,0,0,0,0,0,0,0,0,0,0.001819267,0,0,0,0,0,0,0,5.69E-05,0,0,0,0,0,0,0,0,0,0,0,0,0,0
J160WCJ6.04,0,9.55E-05,0,0,0,0.001432049,0,0,0,0,0,0,0,0,0.000167072,0,0,0,0,0,0,0,0,0.000167072,0,0,0,0,0,0.082605375,0.002124206,0.012769106,0,0,0.00085923,0,0,0,0,0,0,0,0,0.000525085,0.00494057,0,0,0,0,0,0,0,0.046350661,0.002148074,0,0,0.172299394,0,0,2.39E-05,0.570528426,0,0.001217242,0,0,0.00028641,0,0,0,0.089455344,9.55E-05,0,2.39E-05,0,0,0.000644422,0,0,0,0,0,0,0,0,0,0,0,0,0,0,0,0,0,0,0,0,0,0,0,0,0.001312712,0,0,0,0.001097904,0,0,0,0.00883097,0,0,0,0,0,0,0,0,0,0,0,0,0,0
F160V0S9.04,0,0.000177725,0,0,0,0.00057267,0,0,0,0,0,0,0,0,3.95E-05,0,0,0,0,0,0,0,0,0,0,0,0,0,0,0.070319905,0.000868878,0.076441548,0,0,0.001816746,0,0,0,0,0,0,0,0,0.001619273,0.017101106,0,0,0,0,0,0,0,0.202349921,0.000394945,0,0,0.178830964,0,0,0,0.378416272,0,0,0.004166667,0,0.000236967,0,3.95E-05,0,0.060801738,7.90E-05,0,1.97E-05,0,0,0.000276461,0,0,0,0,0,0,0,0,0,0,0,0,0,0,0,0,0,0,0,0,0,0,0,0,0.003120063,0,0,0,0.00035545,0,0,0,0.001796998,0,0,0,0,0,0,0,5.92E-05,1.97E-05,7.90E-05,0,0,0,0
G160VK9H.04,0,0,0,0,0,0.000125033,0,0,0,0,0,0,0,0,0.015560885,0,0,0,0,0,0,0,0,0,0,0,0,0,0,1.14E-05,2.27E-05,0.001739091,0,0,0,0,0,0,0,0,0,0,0,0.000193232,0.000659263,0,0,0,0,0.000136399,0,0,0.027814088,3.41E-05,0,0,0.020164361,0,0.007774759,0,0.870375212,0,0,0,0,0,0,0,0,0.052184094,0,0,0,0,0,0.002898485,0,0,0,0,0,0,0,0,0,0,0,0,0,0,0,0,0,0,0,0,0,0,0,0,0.000306898,0,0,0,0,0,0,0,0,0,0,0,0,0,0,0,0,0,0,0,0,0,0
F160V3WP.04,0,0,0,0,0,4.43E-05,0,0,0,0,0,0,0,0,0.000250967,0,0,0,0,0,0,0,0,0,0,0,0,0,0,4.43E-05,2.95E-05,0.020594054,0,0.000383832,0.001018631,0,0,0,0,0,0,0,0,0.000103339,0.000310018,0,0.000147628,0,0,0,0,0,0.013404588,1.48E-05,0,0.000501934,0.010097729,0,0.013138859,0,0.902034309,0,0,0,0,0,0,0,0,0.02629248,0,0,0,0,0,0.009743423,0,0,0,1.48E-05,0,0,0,0,0,0,0,0,0,0,0,0,0,0,0,0,0,0,0,0,0.001668192,0,0,0,0,0,0,0,2.95E-05,0,0,0,0,0,0,0,0,0,0,0,0,0,0.000132865
F160TTHB.04,0,0,0,0,0,0.000394115,0.762874409,0,0,0,0,0.00170783,0,0,0.006174461,0,0,0,0,0,0,0,0,0,0,0,0,0,0,0,0.004860746,0.003284288,0,0,0,0,0,0,0,0,0,0,0,0,0,0,0,0,0,0.002758802,0,0,0.000131372,0,0,0.005648975,0.006174461,0,0,0,0.094850236,0,0,0,0,0,0,0,0,0.001050972,0,0,0,0,0,0,0,0,0,0,0,0,0,0,0,0,0,0,0,0,0,0,0,0,0,0,0,0,0.000131372,0,0.109432475,0,0,0,0,0,0,0,0,0.000525486,0,0,0,0,0,0,0,0,0,0,0,0,0
K160Q6XC.04,0,2.80E-05,0,0,0,0,0,0,0,0,0,0,0,0,0.008999033,0.007905692,0,0,0,0,0,0,0,0,0,0,0,0,0,7.01E-05,0,1.40E-05,0,0,0,0,0,0,0,0,0,0,0,0,2.80E-05,0,0,0,0,9.81E-05,0,0,7.01E-05,0,0,0,5.61E-05,0,0,0,0.982548605,0,0,0,0,0,0,0,0,0,0,0,0,0,0,0,0,0,0,0,0,0,0,0,0,0,0,0,0,0,0,0,0,0,0,0,0,0,0,0,5.61E-05,0,0,0,0,0,0.000112137,0,1.40E-05,0,0,0,0,0,0,0,0,0,0,0,0,0,0
F160QGS1.04,0,0,0,0,0,2.64E-05,1.32E-05,0,0,0,0,0,0,0,0,0,0,0,0,0,0,0,0,0,0,0,0,0,0,0,1.32E-05,0,0,0,0,0,0,0,0,0,0,0,0,0,0.007588555,0,0,0,0,0.013606609,0,0,0.099363881,0,0,0,5.28E-05,0.000884232,0,0,0.504909465,0,0,0,0,0,0,0,0,0.000184765,0,0,0,0,0,0,0,0,0,0,0,0,0,0,0,0,0,0,0,0,0,0,0,0,0,0,0,0,0,0,0,0,0,0,0,0,0.372881803,0,0,0,0,0,0.00047511,0,0,0,0,0,0,0,0,0,0
G160QJ47.04,0,0.002012835,0,0,0,0.000685531,0,0,0,0,0,0,0,0,0.000160443,0,0,0,0,0,0,0,0,7.29E-05,0,0,0,0,0,0.137252042,0.000204201,0.000452159,0,1.46E-05,0.00134189,0,0,0,0,0,0,0,0,0.000189615,0.005659277,0,0,0,0,1.46E-05,0,0,0.055644691,0.000802217,0,0,0.103033839,0,2.92E-05,0,0.630761377,0,0,0,0,1.46E-05,0,0,0,0.007730455,2.92E-05,0,0,0,0,0,0,0,0,0,0,0,0,0,0,0,0,0,0,0,0,0,0,0,0,0,0,0,0,0,0.04531797,0,0,0,0.000131272,0,0,0,0.007628355,0,0,0,0,0,0,0,0,0.000816803,0,0,0,0,0
K160QC29.04,0,0,0,0,0,0,0,0,0,0,0,0,0,0,0,0,0,0,0,0,0,0,0,0,0,0,0,0,0,0,0,0,0,0,0,0,0,0,0,0,0,0,0,0,0.000286234,0,0,0,0,0.020734821,0,0,0,0,0,0,0,0,0,0,0.97888735,0,0,0,0,0,0,0,0,0,0,0,0,0,0,0,0,0,0,0,0,0,0,0,0,0,0,0,0,0,0,0,0,0,0,0,0,0,0,0,0,0,0,0,0,0,9.16E-05,0,0,0,0,0,0,0,0,0,0,0,0,0,0,0,0
K160QF7P.04,0,1.43E-05,0,0,0,0.000913216,0,0,0,0,0,0,0,0,0.003923975,0,0,0,0,0,0,0,0,0,0,0,0,0,0,0.000185497,0.000256842,0.000556491,0,0,0.003082104,0,0,0,0,0,0,0,0,0.000399532,0.000470877,0,0,0,0,0.000956023,0,0,0.004123741,0,0,0.000642105,0.000413801,0,5.71E-05,0,0.981093576,0,0,0,0,0,0,0,0,0.001526783,0,0,0,0,0,1.43E-05,0,0,0,0,0,0,0,0,0,0,0,0,0,0,0,0,0,0,0,0,0,0,0,0,0.000956023,0,0,0,0.000171228,0,0.000114152,0,7.13E-05,0,0,0,0,0,0,0,0,5.71E-05,0,0,0,0,0
K160QGVG.04,0,0,0,0,0,0.000147909,0,0,0,0,0,0,0,0,0.006750034,0,0,0,0,0,0,0,0,0.000134463,0,0,0,0,0,0.000161355,6.72E-05,0.000268926,0,0,0.002985075,0,0,0,0,0,0,0,0,6.72E-05,0.000618529,0,0,0,0,0.001761463,0,0,0.004262471,0,0,6.72E-05,8.07E-05,0,0.000510959,0,0.979749899,0,0,0,0,0,0,0,0,0.000510959,0,0,0,0,0,0,0,0,0,0,0,0,0,0,0,0,0,0,0,0,0,0,0,0,0,0,0,0,0,0,0.001667339,0,0,0,0.000121017,0,0,0,1.34E-05,0,0,0,0,0,0,0,0,4.03E-05,0,1.34E-05,0,0,0
H160PW3Z.04,0,0,0,0,0,0,0,0,0,0,0,0,0,0,0.000422678,0,0,0,0,0,0,0,0,0,0,0,0,0,0,0,1.41E-05,0,0,0,0,0,0,0,0,0,0,0,0,0,4.23E-05,0,0,0,0,0.000154982,0,0,0.001831605,0,0,7.04E-05,0,0,0,0,0.995970469,0,0,0,0,0,0,0,0,1.41E-05,0,0,0,0,0,0,0,0,0,0,0,0,0,0,0,0,0,0,0,0,0,0,0,0,0,0,0,0,1.41E-05,0,0.001408927,0,0,0,0,0,0,0,0,0,0,0,0,0,0,0,0,0,0,0,0,0,5.64E-05
F160QF36.04,0,0,0,0,0,0,0.001628103,0,0,0,0,0,0,0,0,0,0,0,0,0,0,0,0,0,0,0,0,0,0,0,0,0,0,0,0,0,0,0,0,0,0,0,0,0,0.02283175,0,5.75E-05,0,0,0.219353356,0,0.004233068,0,0,0,0,1.92E-05,0.00078532,0,0,0.573551946,0,0,0,0,0,0,0,0,0,0,0,0,0,0,0,0,0,0,0,0,0,0.000191542,0,0,0,0,0,0,0,0,0,0,0,0,0,0,0,0.000402237,0,0,0,0,0,0,0,0.176850291,0,0,0,0,9.58E-05,0,0,0,0,0,0,0,0,0,0,0
F160QGR4.04,0,0,0,0,0,4.58E-05,5.72E-05,0,0,0,0,0,0,0,0,0,0,0,0,2.29E-05,0,0,0,0,0,0,0,0,0,1.14E-05,0,0,0,0,0,0,0,0,0,0,0,0.000205905,0,0,0.018737345,0,0,0,0,0.188174196,0,0.009666091,6.86E-05,0,0,0,0,0,0,0,0.175579679,0,0,0,0,0,0,0,0,4.58E-05,0,0,0,0,0,0,0,0,0,0,0,0,0,0,0,0,0,0,0,0,0,5.72E-05,0,0,0,0,0,0,0,0,0,0,0,0,0,0,0.607327926,0,0,0,0,0,0,0,0,0,0,0,0,0,0,0,0
G160Q7FB.04,0,0,0,0,0,0,0.005343579,0,0,0,0,0,0,0,0,0.826606018,0,0,0,0,0,0,0,0,0,0,0,0,0,0,0,0,0,0,0,0,0,0,0,0,0,0,0,0,0.000338574,0,0,0,0,0.161426132,0,0,0,0,0,0,0,1.47E-05,0,0,0.001560384,0,0,0,0,0,0,0,0,0,0,0,0,0,0,0,0,0,0,0.000603545,0,0,0,0,0,0,0,0,0,0,0,0,0,0,0,0,0,0,0,0,0,0,0,0,0,0,0,0,0,0,0,0,0,0,0,0,0,0,0,0.004107048,0,0,0
B160QYW2.04,0,0,0,0,0,0.003984459,0,0,0,0,0,0,0,0,0.002197833,0,0,0,0,5.67E-05,0,0,0,0,0,0,0,0,0,0,2.84E-05,0,0,0,2.84E-05,0,0,0,0,0,0,0,0,0,0.000311951,0,0,0,0,0,0,0,0.003020248,0,0,0,0,0,0,0,0.98979071,0,0,0,0,0,0,0,0,0.000155975,0,0,0,0,0,0,0,0,0,0,0,0,7.09E-05,0,0.000170155,0,2.84E-05,0,0,0,0,0,0,0,0,0,0,0,7.09E-05,4.25E-05,0,0,0,0,0,0,0,0,0,0,0,0,0,0,0,0,0,0,0,4.25E-05,0,0,0
C160R3NM.04,0,0,0,0,0,0.008282787,0,0,0,0,0,0,0,0,0.000101942,0,0,0,0,0,0,0,0,0.016208777,0,0,0,0,0,0,0.002726948,2.55E-05,0,0,0.000382282,0,0,0,0,0,0,0,0,0.000433253,0.000458739,0,0,0,0,0,0,0,0.002650492,0,0,0,0.006065549,0,0,0,0.606937153,5.10E-05,0,0,0,0,0,0,0,0.355675621,0,0,0,0,0,0,0,0,0,0,0,0,0,0,0,0,0,0,0,0,0,0,0,0,0,0,0,0,0,0,0,0,0,0,0,0,0,0,0,0,0,0,0,0,0,0,0,0,0,0,0,0,0
C160R7YF.04,0,2.53E-05,0,0,0,0.005770837,0,0,0,0,0,0,0,0,0.000177175,0,0,0,0,0,0,0,0,5.06E-05,0,0,0,0,0,0.007011061,0.009010605,0.062922372,0,0,0.011971956,0,0,0,0,0,0,0,0,0.000582146,0.006479536,0,0,0,0,2.53E-05,0,0,0.03419474,0.000404971,0,0,0.023792047,0,0,0,0.630818295,0,2.53E-05,0,0,0.001265534,0,0,0,0.194689818,0,0,7.59E-05,0,0,0.007643828,0,0,0,0,0,0,7.59E-05,0,7.59E-05,0,2.53E-05,0,0,0,0,0,0,2.53E-05,0,0,0,0,0,2.53E-05,0,0,0,0,0.002176719,0,0,0,0.00035435,0,0,0,0,0,0,0,7.59E-05,0.000227796,0,0,0,0,0
B160QX5Y.04,0,0,0,0,0,0,0,0,0,0,0,0,0,0,0,0,0,0,0,0,0,0,0,0,0,0,0,0,0,0,4.44E-05,0,0,0,0,0,0,0,0,0,0,0,0,0,0.000296011,0,0,0,0,0,0,0,0.001346851,0,0,0,1.48E-05,0.004306964,0,0,0.99314734,0,0,0,0,0,0,0,0,0,0,0,0,0,0,0,0,0,0,0,0,0,0,0,0,0,0,0,0,0,0,0,0,0,0,0,0,0,1.48E-05,0,0.000636424,0,0,0,0,0,0,0,1.48E-05,0,2.96E-05,0,0.000148006,0,0,0,0,0,0,0,0,0,0
B160Q1BF.04,0,0,0,0,0,0.053720625,0,0,0,0,0,0,0,0,0.001634175,0,0,0,0,0,0,0,0,0,0,0,0,0,0,0,0.015766336,0,0,0,4.60E-05,0,0,0,0,0,0,0,0,0.000276199,0.001242894,0,0,0,0,2.30E-05,0,0,0.009966166,0,0,0,0.000506364,0,0.023177665,0,0.697539531,0.000207149,0,0,0,0,0,0,0,0.195870831,0,0,0,0,0,0,0,0,0,0,0,0,0,0,2.30E-05,0,0,0,0,0,0,0,0,0,0,0,0,0,0,0,0,0,0,0,0,0,0,0,0,0,0,0,0,0,0,0,0,0,0,0,0,0,0
E160QX6V.04,0,2.45E-05,0,7.36E-05,0,0.009542032,0,0,0,0,0,0,0,0,7.36E-05,0,0,0,0,0,0,0,0,0,0,0,0,0,0,0,0,0,0,0,0,0,0,0,0,0,0,0,0,0,0.000539652,0,0,0,0,0.000883067,0,0,0.004758751,4.91E-05,0,0,0.003090735,0.002183138,0,0,0.687590453,0.003900213,0,0,0,0,0,0,0,0.279736061,0,0,0,0,0,0,0,0,0,0,0,0,0,0,0,0,0,0,0,0,0,0,0,0,0,0,0,0,4.91E-05,0,0,0,0,0,0,0,0.006573945,0,0,0,2.45E-05,0,0.000907597,0,0,0,0,0,0,0,0,0,0
E160R9T4.04,0,0,0,0.005992509,0,0,0,0,0,0,0,0,0,0,0,0,0,0,0,0,0,0,0,0,0,0,0,0,0,0,0.000340483,0,0,0,0,0,0,0,0,0,0,0,0,0,4.54E-05,0,0,0,0,0,0,0,0.000181591,0,0,0,0,0.000567472,0,0,0.442742027,0.000158892,0,0,0,0,0,0,0,0.447667688,0,0,0,0,0,0,0,0,0,0,0,0,0.000181591,0,6.81E-05,0,2.27E-05,0,0,0,0,0,0,6.81E-05,0,0,0,0,0,4.54E-05,0.000476677,0,0,0,0.100783112,0,0,0,0.000658268,0,0,0,0,0,0,0,0,0,0,0,0,0,0
B160Q468.04,0,9.41E-05,0,0,0,0.002234295,0,0,0,0,0,0,0,0,0.002328371,0,0,0,0,0,0,0,0,0,0,0,0,0,0,0,0.023542416,0,0,0,0.00021167,0,0,0,0,0,0,0,0,0.000164632,0.008513841,0,0,0,0,0.000446859,0,0,0.048731155,0,0,0,0.000376302,0,0,0,0.87222183,0.000188151,0,0,0,0,0,0,0,0.038570992,0,0,0,0,9.41E-05,0,0,0,0,0,0,0,0.000164632,0,0.000235189,0,0.000164632,0,0,0,0,0,0,0.000305746,0,0,0,0,7.06E-05,2.35E-05,0,0,0,0,0,0,0,0,0.001317058,0,0,0,0,0,0,0,0,0,0,0,0,0,0
B160R730.04,0,1.61E-05,0,0,0,0.001855347,0,0,0,0,0,0,0,0,0.000919607,0,0,0,0,0,0,0,0,0.005662843,0,0,0,0,0,8.07E-05,8.07E-05,0.001000274,0,0,0.000112934,0,0,0,0,0,0,0,0,6.45E-05,0.000403336,0,0,0,0,0.00041947,0,0,0.002436152,0,0,0,6.45E-05,0,3.23E-05,0,0.913944146,0,0,0,0,0,0,0,0,0.072390817,0,0,0,0,0,0,0,0,0,0,0,0,0.000161335,0,9.68E-05,0,9.68E-05,0,0,0,0,0,0,4.84E-05,0,0,0,0,1.61E-05,6.45E-05,0,0,0,0,0,0,0,0,0,3.23E-05,0,0,0,0,0,0,0,0,0,0,0,0,0
E160P8C1.04,0,0,0,0,0,0,0,0,0,0,0,0,0,0,9.98E-05,0,0,0,0,0,0,0,0,0.002396286,0,0,0,0,0,0,2.50E-05,0,0,0,0,0,0,0,0,0,0,0,0,0,0.01525136,0,0,0,0,0.002371324,0,0,0.008137387,0,0,0,0,0,0.045454545,0,0.707079028,0,0,0,0,0,0,0,0,0.218785882,0,0,0,0,0,0,0,0,0,0,0,0,9.98E-05,0,0.000174729,0,0,0,0,0,0,0,0,0,0,0,0,0,2.50E-05,2.50E-05,0,0,0,0,0,0,0,0,0,0,0,0,7.49E-05,0,0,0,0,0,0,0,0,0,0
E160R77W.04,0,0.000362964,0,0,0,0.028014255,0,0,0,0,0,0,0,0,0.000791922,0,0,0,0,0.000395961,0,0,0,0,0,0,0,0,0,0.004520557,0.079786181,0.018940144,0,0.0020458,0.000956906,0,0,0,0,0,0,0,0,0.000428958,0.00122088,0,0,0,0,0,0,0,0.012670758,0.000395961,0,0,0.044644625,0,0,0,0.554576651,3.30E-05,9.90E-05,0,0,0.007457269,0,0.000230977,0,0.12806045,0,0,0.001451858,0,9.90E-05,0.009536065,0,0,0,0,0,0,6.60E-05,0,3.30E-05,0,0,0,0,0,0,0,0,0,0,0,0,0,0,3.30E-05,0.067313403,0,0,0,0.028245232,0,0,0,0.000659935,0,0,0,0,6.60E-05,0,0,0,0.00663235,0.000230977,0,0,0,0
B160RP67.04,0,0.00016146,0,0,0,0.019375151,0,0,0,0,0,0,0,0,0.000403649,0,0,0,0,0.00783079,0,0,0,0.001009122,0,0,0,0,0,0.036086219,0.035359651,0.036409139,0,0,0.001049487,0,0,0,0,0,0,0,0,0.000686203,0.006135465,0,0,0,0,4.04E-05,0,0,0.081416001,0.001210947,0,0,0.10753209,0,4.04E-05,0,0.432227335,0.000201824,4.04E-05,0,0,0.004480504,0,0,0,0.121740534,0.000444014,0,0.000968758,0,0.000524744,0.06954872,0,0,0,0,0,0,4.04E-05,0,8.07E-05,0,4.04E-05,0,0,0,0,0,0,0,0,0,0,0,0.000121095,0,0.018487124,0,0,0,0.003309922,0,0,0,0.012674578,0,0,0,0,0,0,0,0.000322919,0,0,0,0,0,0
F160PMG2.04,0,0,0,0,0,3.01E-05,1.50E-05,0,0,0,0,0,0,0,0.002524873,0,0,0,0,0,0,0,0,0.000330638,0,0,0,0,0,0,3.01E-05,0,0,0,0,0,0,0,0,0,0,0,0,0,0.000676305,0,0,0,0,0.000180348,0,0,0.001262437,0,0,0,0,0,0.077835222,0,0.888484776,0,0,0,0,0,0,0,0,0.027984009,0,0,0,0,0,0,0,0,0,0,0,0,0.000135261,0,0.000270522,0,1.50E-05,0,0,0,0,0,0,4.51E-05,0,0,0,0,9.02E-05,6.01E-05,1.50E-05,0,0,0,1.50E-05,0,0,0,0,0,0,0,0,0,0,0,0,0,0,0,0,0,0
D160QYV5.04,0,8.74E-05,0,0,0,0.001625846,0,0,0,0,0,0,0,0,0.000821664,0,0,0,0,0,0,0,0,0,0,0,0,0,0,0.001328648,0.001958008,0.001695775,0,0,3.50E-05,0,0,0,0,0,0,0,0,1.75E-05,0.001048933,0,0,0,0,0,0,0,0.004562857,0,0,0,0.006695687,0,0,0,0.97407388,8.74E-05,0,0,0,0,0,0,0,0.004947466,0,0,0,0,1.75E-05,0,0,0,0,0,0,0,5.24E-05,0,6.99E-05,0,5.24E-05,0,0,0,0,0,0,1.75E-05,0,0,0,0,1.75E-05,0,0.000524466,0,0,0,0.000227269,0,0,0,3.50E-05,0,0,0,0,0,0,0,0,0,0,0,0,0,0
C160R8DM.04,0,2.18E-05,0,0,0,0.003385906,0.000131067,0,0,0,0,0,0,0,0.000502425,0,0,0,0,6.55E-05,0,0,0,6.55E-05,0,0,0,0,0,0.001114072,0.002839792,0.029228013,0,0.000283979,0.000371357,0,0,0,0,0,0,0,0,0.001026694,0.009283936,0,0,0,0,0,0,0,0.063043383,0.000174756,0,0.000524269,0.037310498,0,0,0,0.743544934,0,0,0.000895627,0,0.00072087,0,0,0,0.044737647,0,0,0,0,0.000218446,0.036065359,0,0,0,0,0,0,0.000983005,0,0.001157761,0,0.00048058,0,0,0,0,0,0,0.000109223,0,0,0,0,0.000502425,0.000283979,0.014177116,0,0,0,0.00465289,0,0,0,0.000393202,0.000830093,0,0,2.18E-05,0,0,0,0.000152912,0.000699026,0,0,0,0,0
C160R4CR.04,0,0.000299868,0,0,0,0.009675743,0,0,0,0,0,0,0,0,4.00E-05,0,0,0,0,0,0,0,0,0.002019112,0,0,0,0,0,0.00033985,0.001519331,0.000359842,0,4.00E-05,0.000379833,0,0,0,0,0,0,0,0,0,0.004238135,0,0,0,0,0,0,0,0.030506577,0,0,0,4.00E-05,0,0,0,0.908060453,0,0,0,0,0.000139938,0,1.00E-04,0,0.040602135,0,0,2.00E-05,0,0,0,0,0,0,0,0,0,0.00015993,0,1.00E-04,0,2.00E-05,0,0,0,0,0,0,0,0,0,0,0,4.00E-05,1.00E-04,0.00065971,0,0,0,0.00033985,0,0,0,8.00E-05,1.00E-04,0,0,2.00E-05,0,0,0,0,0,0,0,0,0,0
D160S1QR.04,0,0,0,0.030885157,0,0.206242151,4.65E-05,0,0,0,0,0,0,0,0.01521001,0,0,0,0,0,0,0,0,0.068142704,0,0,0,0,0,0,0.441183311,0,0,0,0,0,0,0,0,0,0,0,0,0,4.65E-05,0,0,0,0,0.000790734,0,0,0,0,0,0,0,0,0.022512675,0,0.135308619,0,0,0,0,0,0,0,0,0.076840783,0,0,0,0,0,4.65E-05,0,0,0,0,0,0,0.00037211,0,0.00037211,0,0.000139541,0,0,0,0,0,0,0.00037211,0,0,0,0,0.000139541,0,0,0,0,0,0,0,0.0013489,0,0,0,0,0,0,0,0,0,0,0,0,0,0,0,0
C160RTMN.04,0,0,0,0,0,0,0,0,0,0,0,0,0,0,0.001929051,0,0,0,0,2.51E-05,0,0,0,0,0,0,0,0,0,0.001427999,0,0.002229682,0,0,0.000175368,0,0,0,0,0,0,0,0,0.000601263,0.000150316,0,0,0,0,7.52E-05,0,0,0.001177473,0,0,0,0.000425894,0,0.000150316,0,0.913142599,0,0,0,0,0,0,0,0,0.07821425,0,0,0,0,0,0,0,0,0,0,0,0,2.51E-05,0,0.000150316,0,5.01E-05,0,0,0,0,0,0,2.51E-05,0,0,0,0,0,2.51E-05,0,0,0,0,0,0,0,0,0,0,0,0,0,0,0,0,0,0,0,0,0,0,0
B160QY4M.04,0,0,0,0,0,0,0,0,0,0,0,0,0,0,0.000247437,0,0,0,0,0,0,0,0,0,0,0,0,0,0,0,0,0,0,0,0.000141393,0,0,0,0,0,0,0,0,0,0.028808766,0,0,0,0,0.009225875,0,7.07E-05,0.00427713,0,0,0,0,0,0.00077766,0,0.849628844,3.53E-05,0,0,0,0,0,0,0,0.106115235,0,0,0,0,0,0,0,0,0,0,0,0,0.000106045,0,0.000176741,0,0.000212089,0,0,0,0,0,0,3.53E-05,0,0,0,0,3.53E-05,0.000106045,0,0,0,0,0,0,0,0,0,0,0,0,0,0,0,0,0,0,0,0,0,0,0
B160RCBQ.04,0,0.000201865,0,4.04E-05,0,0.006823045,0,0,0,0,0,0,0,0,0.000645969,0,0,0,0,0.000161492,0,0,0,0,0,0,0,4.04E-05,0,0.012515645,0.022689652,0.051717873,0,4.04E-05,0.000282611,0,0,0,0,0,0,0,0,0.000444104,0.002866486,0,0,0,0,0,0,0,0.017764141,0.000322984,0,0,0.072025516,0,0,0,0.603577052,8.07E-05,0.000363357,0,0,0.001574549,0,4.04E-05,0,0.052363842,0,0,0.000121119,0,0.000807461,0.027938148,0,0,0,0,0,0,4.04E-05,0,4.04E-05,0,0,0,0,0,0,0,0,0,0,0,0,0,4.04E-05,0,0.118616012,0,0,0,0.005208123,0,0,0,0.000363357,0,0,0,0,0.000201865,0,0,0,4.04E-05,0,0,0,0,0
A160RNZ9.04,0,0.000616836,0,0,0,0.00892598,3.63E-05,0,0,0,0,0,0,0,0.000253991,0,0,0,0,0,0,0,0,0.001995646,0,0,0,7.26E-05,0,0.000544267,0.021516691,0.000145138,0,0,0.00065312,0,0,0,0,0,0,0,0,0.001560232,0.002648766,0,0,0,0,0.000544267,0,0,0.004680697,0,0,0,0.002177068,0,0,0,0.799310595,0,3.63E-05,3.63E-05,0,0.004027576,0,3.63E-05,0,0.124564586,7.26E-05,0.000108853,0.000689405,0,0.000108853,0.000399129,0,0,0,0,0,0,0.000145138,0,0.000217707,0,0,0,0,0,0,0,0,7.26E-05,0,0,0,0,0,0,0.000580552,0,0,0,0.022859216,0,0,0,0.000290276,0,0,0,0,0,0,0,7.26E-05,0,0,0,0,0,0
C160RHJZ.04,0,6.62E-05,0,0,0,0.044971355,0,0,0,0,0,0,0,0,3.31E-05,0,0,0,0,0,0,0,0,0.00321224,0,0,0,6.62E-05,0,0.000430506,0.138589926,0.000827897,0,0,0.007285492,0,0,0,0,0,0,0,0,9.93E-05,0.0020863,0,0,0,0,0.000529854,0,0,0.007980925,0.000198695,0,0,0.027188131,0,3.31E-05,0,0.297082492,0,0.000430506,0.002318111,0,0.049839388,0,0,0,0.207338477,0.001324635,0,0.001490214,0,3.31E-05,0.154253734,0,0,0,0,0,0,6.62E-05,0,9.93E-05,0,0,0,0,0,0,0,0,0,0,0,0,0,3.31E-05,0,0.000231811,0,0,0,0.050269894,0,0,0,0,0,0,0,0,0,0,0,0.001092824,0.000496738,0,0,0,0,0
C160R6YL.04,0,0.000291651,0,0,0,0.025373678,0.000145826,0,0,0,0,0,0,0,0.000546847,0,0,0,0,0,0,0,0,0.005942399,0,0,0,0.000692672,0,0.000619759,0.108786001,0.001093693,0,0,0.00051039,0,0,0,0,0,0,0,0,0.000583303,0.000874954,0,0,0,0,0,0,0,0.002989428,0.000255195,0,0,0.016551221,0,0,0,0.486875684,0,0.000182282,0.001932191,0,0.023660226,0,0.000473934,0,0.203755013,0.00102078,0,0.001421801,0,0.000218739,0.059278163,0,0,0,0,0,0,0.000218739,0,0.000145826,0,7.29E-05,0,0,0,0,0,0,0,0,0,0,0,0,0,0.014072184,0,0,0,0.039919796,0,0,0,7.29E-05,0.000255195,0,0,3.65E-05,0,0,0,0.001057237,0,7.29E-05,0,0,0,0
E160RSC0.04,0,8.62E-05,0,0,0,0.011727676,0,0,0,0,0,0,0,0,0.000905446,0,0,0,0,4.31E-05,0,0,0,0.002931919,0,0,0,0.000948562,0,0.00206959,0.082093735,0.023929634,0,0,0.000172466,0,0,0,0,0,0,0,0,0.000646747,0.002759453,0,0,0,0,0.000862329,0,0,0.013064287,0.000129349,0,8.62E-05,0.032294227,0,0,0,0.635795283,0,0.00073298,0,0,0.024921312,0,4.31E-05,0,0.134825163,0.002543871,0,0.001034795,0,8.62E-05,0.004484112,0,0,0,0,0,0,4.31E-05,0,0,0,0,0,0,0,0,0,0,0,0,0,0,0.000172466,0,0,0.007588497,0,0,0,0.012590006,0,4.31E-05,0,0.000215582,4.31E-05,0,0,0,0,0,0,0,0,8.62E-05,0,0,0,0
A160QY9J.04,0,0,0,0,0,0.015800187,0,0,0,0,0,0,0,0,0.000193867,0,0,0,0,0,0,0,0,0.005072862,0,0,0,0.001098582,0,0.001518627,0.055930725,0.000129245,0,0,0.00025849,0,0,0,0,0,0,0,0,0.000387735,0.000355423,0,0,0,0,0,0,0,0.001874051,0,0,0,0.005492908,0,0.000872403,0,0.699150215,3.23E-05,0.000872403,6.46E-05,0,0.024685773,0,0,0,0.155320043,0,0,0.000613913,0,0.000161556,0.018449708,0,0,0,0,0,0,3.23E-05,0,0,0,0,0,0,0,0,0,0,3.23E-05,0,0,0,0,0,0,0.002229474,0,0,0,0.009370254,0,0,0,0,0,0,0,0,0,0,0,0,0,0,0,0,0,0
D160QVQ7.04,0,0,0,0,0,0.000504674,0,0,0,0,0,0,0,0,0.00045661,0,0,0,0,2.40E-05,0,0,0,0,0,0,0,0.000240321,0,0.000672899,0.087284612,0.002499339,0,0,4.81E-05,0,0,0,0,0,0,0,0,0.001441926,0.001489991,0,0,0,0,0,0,0,0.000961284,0,0,0,0.00216289,0,0,0,0.731585398,0,0,0,0,7.21E-05,0,0,0,0.164403643,0,0,0,0,0,0,0,0,0,0,0,0,0,0,0,0,0,0,0,0,0,0,0,0,0,0,0,0,0,0,0.006152219,0,0,0,0,0,0,0,0,0,0,0,0,0,0,0,0,0,0,0,0,0,0
E160PMR8.04,0,0,0,0,0,0.000359885,0,0,0,0,0,0,0,0,0.006261996,0,0,0,0,0,0,0,0.002591171,0.008445298,0,0,0,0.000119962,0,0.000887716,0.006597889,0,0,0,2.40E-05,0,0,0,0,0,0,0,0,2.40E-05,0.000887716,0,0,0,0,0.000119962,0,0,0.001799424,0,0,0,2.40E-05,0,0.000863724,0,0.938987524,0,0,0,0,0,0,0,0,0.031142035,0,0,0,0,0,0,0,0,0,0,0,0,0.000287908,0,0.000167946,0,9.60E-05,0,0,0,0,0,0,7.20E-05,0,0,0,0,2.40E-05,7.20E-05,0,0,0,0,0,0,0.000143954,0,0,0,0,0,0,0,0,0,0,0,0,0,0,0,0
B160Q3DY.04,0,0,0,0.000448471,0,0.062158041,0,0,0,0,0,0,0,0,0.001435106,0,0,0,0,0,0,0,0,0.018476993,0,0,0,0.001569648,0,0,0.094761862,4.48E-05,0,0,0,0,0,0,0,0,0,0,0,8.97E-05,0,0,0,0,0,0,0,0,0.000807247,0,0,0,0.011839627,0,0,0,0.403130326,0,8.97E-05,0,0,0.014889228,0,0,0,0.226298323,0.00031393,0,0.004170778,0,0,0.124002153,0,0,0,0,0,0,0,0,0,0,0,0,0,0,0,0,0,0,0,0,0,0,0,0,0,0,0,0,0.035474034,0,0,0,0,0,0,0,0,0,0,0,0,0,0,0,0,0,0
C160RSFD.04,0,0,0,0,0,0.020248745,0,0,0,0,0,0,0,0,0.001047349,0,0,0,0,4.36E-05,0,0,0.000174558,0.001309186,0,0,0,8.73E-05,0,0.036395374,0.034955269,0.209993454,0,0,0.001658302,0,0,0,0,0,0,0,0,0.000261837,0.003578442,0,0,0,0,0.000480035,0,0,0.022692559,4.36E-05,0,0,0.042548549,4.36E-05,0,0,0.351691032,0,0.000610954,4.36E-05,0,0.007025966,0,0,0,0.110757146,0.000130919,0,0.001701942,0,0.004014837,0.121754309,0,0,0,0,0,0,0,0,4.36E-05,0,0,0,0,0,0,0,0,0,0,0,0,0,0,4.36E-05,0.006458652,0,0,0,0.015753873,0,0,0,0.003753,0,0,0,0,0,0,0,0.000567314,8.73E-05,0,0,0,0,0
D160R8ZB.04,0,0,0,0,0,0.006701167,0,0,0,0,0,0,0,0,0.000684151,0,0,0,0,0,0,0,0,0.000684151,0,0,0,0,0,0.000280677,0.034716253,0.000473643,0,0,0.013174283,0,0,0,0,0,0,0,0,3.51E-05,0.00756074,0,0,0,0,1.75E-05,0,0,0.054170687,0,0,0,0.015314446,0,0,0,0.784089115,0,1.75E-05,0,0,0.002157705,0,0,0,0.030225419,0,0,0.00294711,0,5.26E-05,0.036803789,0,0,0,0,0,0,0.001385843,0,0.001526182,0,0.000245592,0,0,0,0,0,0,0.00022805,0,0,0,0,0.000315762,0.000157881,0,0,0,0,0.005771424,0,0,0,0,0,0,0,0,0,0,0,0.00022805,3.51E-05,0,0,0,0,0
A160PT6H.04,0,0,0,0,0,0.000124241,8.87E-05,0,0,0,0,0,0,0,0.000479216,0,0,0,0,8.87E-05,0,0,0,0.000266231,0,0,0,3.55E-05,0,0,8.87E-05,0,0,0,0.000337226,0,0,0,0,0,0,0,0,0,0.000301729,0,0,0,0,1.77E-05,0,0,0.002804302,0,0,0,0.000106492,0,0.000585709,0,0.982623975,0,0,0,0,0,0,0,0,0.005661851,0,0,0,0,0,0,0,0,0,0,0,0,0.00227184,7.10E-05,0.001721629,0,0.001047176,0,0,0,0,0,0,0.000266231,0,0,0,0,0.000461467,0.000532462,1.77E-05,0,0,0,0,0,0,0,0,0,0,0,0,0,0,0,0,0,0,0,0,0,0
B160QT0D.04,0,0,0,0,0,0.005430669,0,0,0,0,0,0,0,0,0.000189222,0,0,0,0,0,0,0,0,0,0,0,0,0,0,0,0,0,0,0,0,0,0,0,0,0,0,0,0,0,0.024769149,0,0,0,0,0.620950651,0,0.00060551,0.138623978,0,0,0,0.000794732,0.000529821,0.000227066,0,0.174424765,0,0,0,0,0,0,0,0,0.032054193,0,0,0,0,0,0,0,0,0,0,0,0,0,0,0,0,0,0,0,0,0,0,0,0,0,0,0,0,1.89E-05,0,0,0,0,0,0,0,0.001267787,0,0.000113533,0,0,0,0,0,0,0,0,0,0,0,0,0,0
C160RPWT.04,0,0,0,2.45E-05,0,0.004388546,0,0,0,0,0,0,0,0,0.000171619,0,0,0,0,2.45E-05,0,0,0.003358831,0.00237815,0,0,0,2.45E-05,0,0,0.04648426,7.36E-05,0,0,0,0,0,0,0,0,0,0,0,2.45E-05,0.000514857,0,0,0,0,0.00090713,0,0,0.000171619,2.45E-05,0,0,0.001176817,0.000343238,0.000147102,0,0.810998333,0.000196136,0,0,0,0,0,0,0,0.125649701,0,0,0,0,0,7.36E-05,0,0,0,0,0,0,9.81E-05,0,0.000147102,0,4.90E-05,0,0,0,0,0,0,2.45E-05,0,0,0,0,4.90E-05,2.45E-05,0.000122585,0,0,0,0.001863293,0,0.000122585,0,4.90E-05,0,0.000220653,0,4.90E-05,0,0,0,0,0,0,2.45E-05,0,0,0
C160RSV8.04,0,0,0,0,0,0,0.000529895,0,0,0,0,0,0,0,0.00147929,0,0,0,0,0,0,0,8.83E-05,0,0,0,0,0,0,0,0.000132474,0,0,0,0,0,0,0,0,0,0,0,0,0,0.038329065,0,0,0,0,0.003356001,0,0,0.000507816,0,0,0,0,0,0.122140775,0,0.82453855,0.000287026,0,0,0,0,0,0,0,0.007528923,0,0,0,0,0,0,0,0,0,0,0,0,0.000375342,0,0.000242868,0,0.000132474,0,0,0,0,0,0,8.83E-05,0,0,0,0,4.42E-05,0.000154553,2.21E-05,0,0,0,0,0,0,0,2.21E-05,0,0,0,0,0,0,0,0,0,0,0,0,0,0
B160RCDK.04,0,0,0,0,0,0.002638199,0,0,0,0,0,0,0,0,0.000797595,0,0,0,0,0,0,0,0,2.05E-05,0,0,0,0,0,0.032803648,0.000613535,0.007648731,0,0,0.001901957,0,0,0,0,0,0,0,0,0.000102256,0.013415956,0,0,0,0,2.05E-05,0,0,0.041474937,0.000858948,0,0,0.056322474,0,0,0,0.826124302,0,0,0,0,6.14E-05,0,0,0,0.009959711,0,0,0,0,0,0,0,0,0,0,0,0,4.09E-05,0,0.000143158,0,2.05E-05,0,0,0,0,0,0,0,0,0,0,0,2.05E-05,2.05E-05,0.00034767,0,0,0,0.004540156,0,0,0,0.000102256,0,0,0,0,0,0,0,0,0,0,0,0,0,0
C160RMDW.04,0,0,0,0,0,0.007151629,4.33E-05,0,0,0,0,0,0,0,0.05524814,0,0,0,0,0,0,0,0,0,0,0,0,0,0,0,0,0,0,0,0.009665535,0,0,0,0,0,0,0,0,2.89E-05,0.000202268,0,0,0,0,0.013002962,0,1.44E-05,0,0,0,0,4.33E-05,0,0,0,0.832377375,0,0,0,0,0,0,0,0,0.003900889,0,0,0,0,0,0,0,0,0,0,0,0,0.000736835,0,0.000231164,0,0.000231164,0,0,0,0,0,0,0.000115582,0,0,0,0,0.000173373,0.000187821,0,0,0,0,0,0,0.076645236,0,0,0,0,0,0,0,0,0,0,0,0,0,0,0,0
C160QTQ7.04,0,2.88E-05,0,0,0,0.000546731,5.76E-05,0,0,0,0,0,0,0,2.88E-05,0,0,0,0,0.004460175,0,0,0,0,0,0,0,2.88E-05,0,0.071017495,0.000949586,0.015941529,0,0,0.00086326,0,0,0,0,0,0,0,0,0.001179788,0.016171731,0,0,0,0,5.76E-05,0,0,0.079765193,8.63E-05,0,0,0.046040516,0,0,0,0.680939227,0,0,0,0,2.88E-05,0,0,0,0.042127072,0,0,0,0,0.002417127,8.63E-05,0,0,0,0,0,0,0,0,0,0,0,0,0,0,0,0,0,0,0,0,0,0,0,0,0.032516114,0,0,0,0.000460405,0,0,0,0.000949586,0,0,0,2.88E-05,0,0,0,0,0.003222836,0,0,0,0,0
B160RCLQ.04,0,0,0,0,0,0,0.000724991,0,0,0,0,0,0,0.000355098,0.000384689,0,0,0,0,0.00128723,0,0,0,0,0,0.00020714,0,0,0,0,0.000162753,0,0.00010357,0,0,0,0,0,0,0,0,0.000621421,0,0,0.026262447,0,0,0,0,0.699172918,0,0,0,0,0,0,0,0,0,0.001405596,0,0,0,0.000399485,0.001006111,0.000458668,0,0,0.000355098,0,0,0,0,0,0,0,0.000133162,0,0,0,0,0,0.048337698,0.000133162,0.042685724,0.000147957,0.016260523,0,0,0.000147957,0,0,0,0.009853966,0,0,0,0.000118366,0.022903813,0.024087472,0,0,0,0,0,0,0,0,0.009010609,0,0,0.000177549,0,0,0,0,0,0,0,0.092813707,0,0.000281119,0
D160QN5G.04,0,0,0,0,0,0,0,0,0,0,0,0,0,0,0,0,0,0,0,0.000168518,0,0,0,0,0,0,0,0,0,0,0,0,0,0,0,0,0,0,0,0,0,0,0,0,2.25E-05,0,0,0,0,8.99E-05,0,0,0,0,0,0,0,0,0,0,0.990394446,0.000179753,0,0,0,0,0,0,0,1.12E-05,0,0,0,0,0,0,0,0,0,0,0,0,0,0,0,0,0,0,0,0,0,0,0,4.49E-05,0,0,0,0,4.49E-05,0,0.008920246,4.49E-05,0,0,0,0,0,0,0,0,0,0,7.86E-05,0,0,0,0,0,0,0,0,0,0
E160RMKP.04,0,0,0,0,0,0.092797863,5.68E-05,0,0,0,0,0,0,0,0.019241701,0,0,0,0,2.84E-05,0,0,0,0,0,0,0,0,0,0,0,0,0,0,0,0,0,0,0,0,0,0,0,0,0.056957708,0,0,0,0,0.013216235,0,5.68E-05,0,0,0,0,0,0.000113688,0.004178035,0,0.805593452,0,0,0,0,0,0,0,0,0,0,0,0,0,0,0,0,0,0,0,0,0,0.000312642,0,0.000255798,0,8.53E-05,0,0,0,0,0,0,5.68E-05,0,0,0,0,0.000255798,0.000170532,0,0,0,0,0,0,0,0,0.00028422,0,0,0,0,0,0,0,0,0,0,0.006338108,0,0,0
C160QNBJ.04,0,0,0,0,0,0,3.34E-05,0,0,0,0,0,0,0,0,0,0,0,0,0,0,0,0,0,0,0,0,0,0,0,0,0,0,0,0,0,0,0,0,0,0,0,0,0,0.002405251,0,0,0,0,0.997060248,0,1.67E-05,0,0,0,0,0,0,0,0,0.000384172,0,0,0,0,0,0,0,0,3.34E-05,0,0,0,0,0,0,0,0,0,0,0,0,0,0,0,0,0,0,0,0,0,0,0,0,0,0,0,0,5.01E-05,0,1.67E-05,0,0,0,0,0,0,0,0,0,0,0,0,0,0,0,0,0,0,0,0,0,0
B160RCV0.04,0,0,0,0,0,0,0,0,0,0,0,0,0,0,0,0,0,0,0,1.48E-05,0,0,0,0,0,0,0,0,0,0,0,0,1.48E-05,0,0,0,0,0,0,0,0,0,0,0,0.001569278,0,0,0,0,0.993826521,0,0,0,0,0,0,0,0,0,0,4.44E-05,0,0,0,1.48E-05,0,0,0,0,0,0,0,0,0,0,0,0,0,0,0,0,0,0.00134721,0,0.001376819,0,0.00045894,0,0,0,0,0,0,0.000370113,0,0,0,0,0.000488549,0.000384917,0,0,0,0,0,0,0,0,0,0,0,0,0,0,0,0,0,0,0,8.88E-05,0,0,0
D160S1NY.04,0,0,0,0,0,0,9.43E-05,0,0,0,0,0,0,0,0,0,0,0,0,0,0,0,0,0,0,0,0,0,0,0,0,0,0,0,0,0,0,0,0,0,0,0,0,0,0.000754314,0,0,0,0,0.543577333,0,0,3.14E-05,0,0,0,0,0.057264984,0,0,0.000660025,0,0,0,0,0,0,0,0,0,0,0,0,0,0,0,0,0,0,0,0,0,0.000691454,0,0.000408587,0,0.000220008,0,0,0,0,0,0,0.000220008,0,0,0,0,0.000282868,6.29E-05,0,0,0,0,0,0,0.042335858,0,0,0,0,0,0.353395983,0,0,0,0,0,0,0,0,0,0
C160RC57.04,0,0,0,0,0,0,0,0,0,0,0,0,0,0,0,0,0,0,0,0,0,0,0,0,0,0,0,0,0,0,0,0,0,0,0,0,0,0,0,0,0,0,0,0,0.001779317,0,0,0,0,0.992522061,0,2.40E-05,0,0,0,0,0,0,0,0,0.000120224,0,0,0,0,0,0,0,0,0,0,0,0,0,0,0,0,0,0,0,0,0,0.001130107,0,0.001731227,0,0.001033927,0,0,0,0,0,0,0.000432807,0,0,0,0,0.000336627,0.000889658,0,0,0,0,0,0,0,0,0,0,0,0,0,0,0,0,0,0,0,0,0,0,0
A160QVTC.04,0,0,0,0,0,0,0.001769682,0,0,0,0,0,0,0,0,0,0,0,0,0.006021236,0,0,0,0,0,0,0,0,0,0,2.16E-05,0,0,0,0,0,0,0,0,0,0,0,0,0,0.000496374,0,0,0,0,0.356137776,0,0,0,0,0,0,0,0,0,0,0.139459599,0,0,0,0,0,0,0,0,2.16E-05,0,0,0,0,0,0,0,0,0,0,0,0,0,0,0,0,0,0,0,0,0,0,0,0,0,0,0,0,0.006560773,0,0.487720131,0,0,0,4.32E-05,0,0,0,0,0,0,0.001748101,0,0,0,0,0,0,0,0,0,0,0
B160PY48.04,0,0,0,0,0,0,0,0,0,0,0,0,0,0,0,0,0,0,0,4.49E-05,0,0,0,0,0,0,0,0,0,2.24E-05,4.49E-05,0.000179437,0,0,0,0,0,0,0,0,0,0,0,0,0.001278486,0,0,0,0,0.942939171,0,0,6.73E-05,0,0,0,4.49E-05,0.022923022,0,0,0.000583169,0,0,0,0,0,0,0,0,2.24E-05,0,0,0,0,0,0,0,0,0,0,0,0,0.004441055,0,0.006998026,0,0.001233626,0,0,0,0,0,0,0.002041091,0,0,0,0,0.001188767,0.001457922,0,0,0,0,0,0,0,0,0,0,0,0,0,0,0,0,0,0,0,0.014489503,0,0,0
A160QVW5.04,0,0,0,0,0,0,0.006890331,0,0,0,0,0,0,0,0,0,0,0,0,0,0,0,0,0,0,0,0,0,0,0,0,0,0,0,0,0,0,0,0,0,0,0,0,0,0.000851895,0,0,0,0,0.506927915,0,0,0,0,0,0,0,0,0,0,0.000651449,0,0,0,0,0,0,0,0,0,0,0,0,0,0,0,0,0,0,0,0,0,0,0,0,0,0,0,0,0,0,0,0,0,0,0,0,0,0.000225502,0,0,0,0,0,0,0,0,0,0,0.104231916,0,0,0.380220992,0,0,0,0,0,0,0,0,0,0
A160QXKZ.04,0,0,0,0,0,0,0.001056809,0,0,0,0,0,0,0,0,0,0,0,0,9.39E-05,0,0,0,0,0,0,0,0,0,2.35E-05,0,0,0.000117423,0,0,0,0,0,0,0,0,0,0,0,0.000634086,0,0,0,0,0.337709307,0,0.003475729,2.35E-05,0,0,0,4.70E-05,0,0,0,0.0003053,0,0,0,0,0,0,0,0,0,0,0,0,0,0,0.00100984,0,0,0,0,0,0,0,0,0,0,0,0,0,0,0,0,0,0.000117423,0,0,0,0,0.000117423,0,0,0,0,0,0,0,0,0,0,0.003099974,0.628167493,0,0.024001315,0,0,0,0,0,0,0,0,0,0
E160R7P4.04,0,0,0,0,0,0,2.17E-05,0,0,0,0,0,0,0,0,0,0,0,0,0,0,0,0,0,0,0,0,0,0,0,0,0,0,0,0,0,0,0,0,0,0,0,0,0,0.011503724,0,0,0,0,0.036549533,0,0,0,0,0,0,0,0,0.000108423,0,0.948715725,0,0,0,0,0,0,0,0,0,0,0,0,0,0,0,0,0,0,0,0,0,0.001160131,0,0.000824018,0,0.000336113,0,0,0,0,0,0,0.000227689,0,0,0,0,0.000227689,0.00032527,0,0,0,0,0,0,0,0,0,0,0,0,0,0,0,0,0,0,0,0,0,0,0
D160RJV9.04,0,0,0,0,0,0,0.000104537,0,0,0,0,0,0,0,0.004808697,0,0,0,0,0,0,0,0,0,0,0,0,0,0,0,0,0,0,0,0,0,0,0,0,0,0,0,0,0,0.002717959,0,0,0,0,0.016098683,0,0,0,0,0,0,0,0.001944386,0,0,0.945640811,0,0,0,0,0,0,0,0,0,0,0,0,0,0,0,0,0,0,0,0,0,0.000209074,0,0.000167259,0,0,0,0,0,0,0,0,4.18E-05,0,0,0,0,8.36E-05,0.000104537,0,0,0,0,0,0,0.028078612,0,0,0,0,0,0,0,0,0,0,0,0,0,0,0,0
C160RK56.04,0,6.26E-05,0,0,0,0.003003692,0,0,0,0,0,0,0,0,0.000292026,0,0,0,0,0,0,0,0,0,0,0,0,0,0,0.000980372,0.005631923,0.067437058,0,2.09E-05,0.00120982,0,0,0,0,0,0,4.17E-05,0,0.000563192,0.008385307,0,0,0,0,0,0,0,0.02334119,0.000146013,0,0,0.027951023,0,0,0,0.78967898,0,0,0,0,0,0,0,0,0.020191485,0,0,0,0,0,0.03024551,0,0,0,0,0,0,0.000312885,0,0.000292026,0,6.26E-05,0,0,0,0,0,0,4.17E-05,0,0,0,0,6.26E-05,6.26E-05,0.017438101,0,0,0,0.001480987,0,0,0,0.001063808,0,0,0,0,0,0,0,0,0,0,0,0,0,0
D160QM2D.04,0,0,0,0,0,0,0,0,0,0,0,0,0,0,0,0,0,0,0,0,0,0,0,0,0,0,0,0,0,0,0,0,0,0,0,0,0,0,0,0,0,0,0,0,0.043119657,0,0,0,0,0,0,0,0.263458105,0,0,0,0,0,0,0,0.693232631,0,0,0,0,0,0,0,0,3.16E-05,0,0,0,0,0,0,0,0,0,0,0,0,0,0,0,0,0,0,0,0,0,0,0,0,0,0,0,0,0,0,0,0,0,0,1.58E-05,0,0,0,0,0,6.32E-05,0,7.90E-05,0,0,0,0,0,0,0,0,0,0
D160R0CG.04,0,2.21E-05,0,0,0,0.001106513,0,0,0,0,0,0,0,0,6.64E-05,0,0,0,0,0.002345807,0,0,0,0.000132782,0,0,0,0,0,0.012968332,0.001925333,0.129307102,0,0.000110651,0.000243433,0,0,0,0,0,0,0,0,0.000752429,0.005598955,0,0,0,0,0,0,0,0.022639255,8.85E-05,0,0.000132782,0.035386284,0,0,0,0.602562684,0,0,0.002655631,0,0.000132782,0,0,0,0.038263217,6.64E-05,0,0,0,0.000663908,0.028282471,0,0,0,0,0,0,0.000663908,0,0.00081882,0,0.000221303,0,0,0,0,0,0,0.000199172,0,0,0,0,0.000265563,0.000265563,0.106225242,0,0,0,0.002301547,0,0,0,0.002279417,0.000508996,0,0,0,0,0,0,2.21E-05,0.000774559,0,0,0,0,0
D160RPPC.04,0,0,0,0,0,0.128631177,0,0,0,0,0,0,0,0,0.002024943,0,0,0,0,0,0,0,0,0,0,0,0,0,0,0,0,1.89E-05,0,0,0,0,0,0,0,0,0,0,0,0,0.024829205,0,0,0,0,0.000813762,0,0,0.11990689,0,0,0,0,1.89E-05,0.000397419,0,0.653129199,0,0,0,0,0,0,0,0,5.68E-05,0,0,0,0,0,0,0,0,0,0,0,0,0.000889461,0,0.000548816,0,0.00032172,0,0,0,0,0,0,9.46E-05,0,0,0,0,0.000132473,0.000113548,1.89E-05,0,0,0,1.89E-05,0,0,0,0.068034292,0,0,0,0,0,0,0,0,0,0,0,0,0,0
D160TPYX.04,0,5.26E-05,0,2.63E-05,0,0.001157925,0,0,0,0,0,0,0,0,0.000236848,0,0,0,0,0,0,0,0,0,0,0,0,0,0,0.038106266,0.001578989,0.042527435,0,0,0.000763178,0,0,0,0,0,0,0,0,0.000263165,0.011079239,0,0,0,0,0.000315798,0,0,0.036369378,0.000789494,0,0,0.058159425,0,0,0,0.723861154,0,0.000184215,0,0,0.000342114,0,0,0,0.065817522,0,0,0,0,0.000763178,0.001157925,0,0,0,0,0,0,2.63E-05,0,0,0,2.63E-05,0,0,0,0,0,0,7.89E-05,0,0,0,0,2.63E-05,0,0.01473723,0,0,0,0.001000026,0,0,0,0.000552646,0,0,0,0,0,0,0,0,0,0,0,0,0,0
A160QMJF.04,0,2.08E-05,0,0,0,0.029231603,0,0,0,0,0,0,0,0,0.000145845,0,0,0,0,0,0,0,0,0,0,0,0,0,0,6.25E-05,0.000145845,0,0,0,2.08E-05,0,0,0,0,0,0,0,0,0.000458372,8.33E-05,0,0,0,0,0,0,0,0.000562547,4.17E-05,0,0,0.002791899,0,0.000104175,0,0.942828569,0.000104175,0,0,0,0,0,0,0,0.023376948,0,0,0,0,0,0,0,0,0,0,0,0,0,0,0,0,0,0,0,0,0,0,0,0,0,0,0,0,0,0,0,0,0,0,2.08E-05,0,0,0,0,0,0,0,0,0,0,0,0,0,0,0,0,0,0
D160R33P.04,0,0,0,0,0,0,0.000147117,0,0,0,0,0,0,0,0,0,0,0,0,0.004222265,0,0,0,0,0,0,0,0,0,0,0,0,0,0,0,0,0,0,0,0,0,0,0,0,0.00998926,0,0,0,0,0.036543922,0,0,0,0,0,0,0,0.00085328,0,0,0.945198829,0,0,0,0,0,0,0,0,0,0,0,0,0,0,0,0,0,0,0,0,0,0.000750298,0,0.000823857,0,5.88E-05,0,0,0,0,0,0,0.000308946,0,0,0,0,7.36E-05,0.000264811,0,0,0,0,0,0,0,0,0,0,0.000294234,0,0.000470775,0,0,0,0,0,0,0,0,0,0
D160R9F7.04,0,0,0,0,0,0,1.57E-05,0,0,0,0,0,0,0,0,0,0,0,0,0.00213998,0,0,0,0,0,0,0,0,0,0,6.29E-05,0,0,0,0,0,0,0,0,0,0,0,0,0,0.000833963,0,0,0,0,0.006577291,0,0,0,0,0,0,0,3.15E-05,0,0,0.988371727,0,0,0,0,0,0,0,0,0,0,0,0,0,0,0,0,0,0,0,0,0,0.000676611,0,0.000566465,0,0.000188822,0,0,0,0,0,0,0.000173087,0,0,0,0,0.000141616,0.000141616,0,0,0,0,0,0,0,0,0,0,1.57E-05,0,6.29E-05,0,0,0,0,0,0,0,0,0,0
B160RK74.04,0,4.45E-05,0,0,0,0.000957108,0,0,0,0,0,0,0,0,6.68E-05,0,0,0,0,0.000244842,0,0,0,0,0,0,0,0,0,0.012642732,0.000734525,0.116967525,0,0,0.001313241,0,0,0,0,0,0,0,0,0.000200325,0.018429897,0,0,0,0,0,0,0,0.042157277,0.001535825,0,0,0.079373205,0,0,0,0.69060921,0,0.0005342,2.23E-05,0,2.23E-05,0,0,0,0.017940214,0,0,2.23E-05,0,4.45E-05,0.000578717,0,0,0,0,0,0,0.00013355,0,4.45E-05,0,0,0,0,0,0,0,0,0,0,0,0,0,0,0,0.014868565,0,0,0,0.000244842,0,0,0,0.0002671,0,0,0,0,0,0,0,0,0,0,0,0,0,0
D160PZSK.04,0,0,0,0,0,0,0,0,0,0,0,0,0,0,0,0,0,0,0,0,0,0,0,0,0,0,0,0,0,0.000662419,0,0.006024856,0,0,0.002081888,0,0,0,0,0,0,0,0,0.004006056,0.028263201,0,0,0,0,0,0,0,0.723550565,0,0,0,0.000567788,0,0,0,0.160210712,0,0,0,0,0,0,0,0,0,0,0,0,0,0,3.15E-05,0,0,0,0,0,0,0.000567788,0,0.0010094,0,0.000220806,0,0,0,0,0,0,0.00025235,0,0,0,0,6.31E-05,0,0.049429058,0,0,0,0,0,0,0,0.023058482,0,0,0,0,0,0,0,0,0,0,0,0,0,0
D160RRVC.04,0,0,0,0,0,0,5.47E-05,0,0,0,0,0,0,0,0.034481816,0,0,0,0,2.73E-05,0,0,0,0,0,0,0,0,0,0,0,0.000109379,0,0,0,0,0,0,0,0,0,0,0,0,0.011211375,0,0,0,0,0.005550998,0,2.73E-05,0.000164069,0,0,0,2.73E-05,0.507738584,0.092863002,0,2.73E-05,0,0,0,0,0,0,0,0,0,0,0,0,0,0,0,0,0,0,0,0,0,0.000875034,0,0.001011758,0,0.000656276,0,0,0,0,0,0,0.000300793,0,0,0,0,0.000246103,0.000136724,0,0,0,0,0.133333333,0,0.050697293,0,0.1105551,0,0,0,0.049904293,0,0,0,0,0,0,0,0,0,0
A160RPT3.04,0,0,0,0,0,0,0,0,0,0,0,0,0,0,0.051071366,0,0,0,0,0,0,0,0,0,0,0,0,0,0,0,0,0,0,0,0,0,0,0,0,0,0,0,0,0,0.387695256,0,0,0,0,0.057110505,0,0.000783927,0,0,0,0,0,0.360838511,0.007636026,0,0.001509785,0,0,0,0,0,0,0,0,0,0,0,0,0,0,0,0,0,0,0,0,0,0.001538819,0,0.001800128,0,0.000522618,0,0,0,0,0,0,0.000348412,0,0,0,0,0.000319378,0.000696824,0,0,0,0,0,0,0.118227745,0,0.0098136,0,0,0,8.71E-05,0,0,0,0,0,0,0,0,0,0
E160RS7D.04,0,0,0,0,0,0,0,0,0,0,0,0,0,0,0,0,0,0,0,0,0,0,0,0,0,0,0,0,0,0,0,0,0,0,0,0,0,0,0,0,0,0,0,1.69E-05,6.77E-05,0,0,0,0,0.000101511,0,0,0,0,0,0,0,0,0,0,0.00387433,0,0,0,0,0,0,0,0,0.605630467,0,0,0,0,0,0,0,0,0,0,0,0,0.000575228,0,0.000338369,0,0.00021994,0,0,0,0,0,0,0.000118429,0,0,0,0,0.000169185,0.000101511,0,0,0,0,0,0,0.388786438,0,0,0,0,0,0,0,0,0,0,0,0,0,0,0,0
E160QXK2.04,0,0,0,0,0,0,0,0,0,0,0,0,0,0,0,0,0,0,0,0,0,0,0,0,0,0,0,0,0,0.126255302,0,0,0,0,0,0,0,0,0,0,0,0,0,0,0.005003082,0,0,0,0,0.019432259,0,0,0,0.00056194,0,0,0.030870464,0,0.000163144,0,0.705017583,0,0,0,0,0,0,0,0,1.81E-05,0,0,0,0,0,0,0,0,0,0,0,0,1.81E-05,0,0,0,1.81E-05,0,0,0,0,0,0,0,0,0,0,0,5.44E-05,0,0.112587463,0,0,0,0,0,0,0,0,0,0,0,0,0,0,0,0,0,0,0,0,0,0
D160P3JX.04,0,0,0,0,0,0,0,0,0,0,0,0,0,0,0,0,0,0,0,0,0,0,0,0,0,0,0,0,0,0,0,0,0,0,0,0,0,0,0,0,0,0,0,0,0,0,0,0,0,0,0,0,1.45E-05,0,0,0,0,0,0,0,0.996393029,1.45E-05,0,0,0,0,0,0,0,0,0,0,0,0,0,0,0,0,0,0,0,0,0.000666348,0,0.000507004,0,0.000202802,0,0,0,0,0,0,0.000246259,0,0,0,0,0.000246259,0.00017383,0.001535498,0,0,0,0,0,0,0,0,0,0,0,0,0,0,0,0,0,0,0,0,0,0
D160RJ3Q.04,0,0,0,0,0,0.029006681,0.000456558,0,0,0,0,0,0,0,0.002800225,0,0,0,0,0,0,0,0,0,0,0,0,0,0,0.000608745,3.04E-05,0,0,0,0,0,0,0,0,0,0,0,0,1.52E-05,0.00088268,0,0,0,0,0.015599081,0,1.52E-05,0,0,0,0,0,0,0,0,0.947587089,0,0,0,0,0,0,0,0,3.04E-05,0,0,0,0,0,0,0,0,0,0,0,0,0.000760931,0,0.000608745,0,0.000289154,0,0,0,0,0,0,0.000197842,0,0,0,0,0.000197842,0.00010653,0,0,0,0,1.52E-05,0,0.000791368,0,0,0,0,0,0,0,0,0,0,0,0,0,0,0,0
E160RFVF.04,0,0,0,0,0,0.257390136,0.000256876,0,0,0,0,0,0,0,0.029441985,0,0,0,0,0,0,0,0,0,0,0,0,0,0,0,0,0,0,0,0,0,0,0,0,0,0,0,0,0,0.006026715,0,0,0,0,0.44390215,0,0.000948467,0,0,0,0,0,0,3.95E-05,0,0.168491148,0,0,0,0,0,0,0,0,0,0,0,0,0,0,0,0,0,0,0,0,0,0.005592001,0,0.004860892,0,0.003813626,0,0,0,0,0,0,0.002568764,0,0,0,0,0.00144246,0.002489725,0,0,0,0,0,0,0.072656497,0,0,0,0,7.90E-05,0,0,0,0,0,0,0,0,0,0,0
B160R9MM.04,0,0.000111012,0,0,0,0.002997336,0,0,0,0,0,0,0,0,0.008917999,0,0,0,0,3.70E-05,0,0,0,0,0,0,0,0,0,3.70E-05,0,3.70E-05,0,0,0.00044405,0,0,0,0,0,0,0,0,0,0.00151717,0,0,0,0,0.000111012,0,0,0.013950562,0,0,0,3.70E-05,3.70E-05,0,0,0.970100651,0,0,0,0,0,0,0,0,3.70E-05,0,0,0,0,0,0,0,0,0,0,0,0,0.000703079,0,0.000333037,0,3.70E-05,0,0,0,0,0,0,0.000259029,0,0,0,0,7.40E-05,0.000222025,0,0,0,0,0,0,0,0,0,0,0,0,0,0,0,0,0,0,0,0,0,0,0
A160RNGP.04,0,0,0,0,0,0,0,0,0,0,0,0,0,0,0.001030456,0,0,0,0,2.29E-05,0,0,0,0,0,0,0,0,0,0,0,0,0,2.29E-05,0,0,0,0,0,0,0,0,0,0,0.002015113,0,0,0,0,0.017197161,0,0,0,0,0,0,0,0,2.29E-05,0,0.97533776,0,0,0,0,0,0,0,0,0,0,0,0,0,0,0,0,0,0,0,0,0,0.001030456,0,0.001236547,0,0.000572475,0,0,0,0,0,0,0.000870163,0,0,0,0,0.00022899,0.000412182,0,0,0,0,0,0,0,0,0,0,0,0,0,0,0,0,0,0,0,0,0,0,0
A160S0RX.04,0,0,0,0,0,0,0,0,0,0,0,0,0,0,4.39E-05,0,0,0,0,0.000687859,0,0,0,0,0,0,0,0,0,0,0,0,0,0,0,0,0,0,0,0,0,0,0,0,0.000629317,0,0,0,0,0.013962065,0,0,0,0,0,0,0,0,0.000175623,0,0.954528158,0,0,0,0,0,0,0,0,0,0,0,0,0,0,0,0,0,0,0,0,0,0.003995434,0,0.003527105,0,0.000717129,0,0,0,0,0,0,0.000878117,0,0,0,0,0.001185458,0.001097647,0,0,0,0,0,0,0,0,0.018572181,0,0,0,0,0,0,0,0,0,0,0,0,0,0
E160QRHY.04,0,0,0,0,0,0,0,0,0,0,0,0,0,0,0,0,0,0,0,0,0,0,0,0,0,0,0,0,0.000104402,1.74E-05,0,0,0,0,0,0,0,0,0,0,0,0,0,0,0,0,0,0,0,0.000174004,0,0,1.74E-05,0,0,0,0.00043501,0,0,0,0.774630242,0,0,0,0,0,0,0,0,1.74E-05,0,0,0,0,0,0,0,0,0,0,0,0,0,0,0,0,0,0,0.000226205,0,0,0,0,0,0,0,0,0,6.96E-05,0,0.210370628,0,0,0,0,0,0,0,0.013920306,0,0,0,1.74E-05,0,0,0,0,0,0,0,0,0,0
C160RZL9.04,0,0,0,0,0,0,5.46E-05,0,0,0,0,0,0,0,0.003984499,0,0,0,0,0,0,0,0,0,0,0,0,0,0,0,0,0,0,0,0.001091643,0,0,0,0,0,0,0,0,0,0.517411713,0,0,0,0,0.258719502,0,0.005813001,0,0,0,0,0,0,0.007122974,0,0.201490093,0,0,0,0,0,0,0,0,0,0,0,0,0,0,0,0,0,0,0,0,0,0.001228099,0,0.001391845,0,0.000354784,0,0,0,0,0,0,0.000682277,0,0,0,0,0.000218329,0.000436657,0,0,0,0,0,0,0,0,0,0,0,0,0,0,0,0,0,0,0,0,0,0,0
B160QKDL.04,0,0,0,0,0,0,0,0,0,0,0,0,0,0,0,0,0,0,0,0,0,0,0,0,0,0,0,0,0,0,0,0,0,0,0,0,0,0,0,0,0,0,0,0,0.009971386,0,0,0,0,0.007110032,0,0,0.042790254,0,0,0,0,0,0,0,0.616491806,0,0,0,0,0,0,0,0,0,0,0,0,0,0,0,0,0,0,0,0,0,0,0,0,0,0,0,0,0,0,0,0,0,0,0,0,0,0,0,2.17E-05,0,0,0,0,0,0,0,0,0,0.0002818,0,0.323333044,0,0,0,0,0,0,0,0,0,0
B160RQJ4.04,0,0,0,0,0,1.81E-05,0,0,0,0,0,0,0,0,0.001921334,0,0,0,0,0,0,0,0,0,0,0,0,0,0,0,0,0,0,0,0,0,0,0,0,0,0,0,0,0,0.000308138,0,0,0,0,9.06E-05,0,0,0,0,0,0,0,0,0,0,0.994090991,0,0,0,0,0,0,0,0,5.44E-05,0,0,0,0,0,0,0,0,0,0,0,0,0.001395686,0,0.001196302,0,0.000489396,0,0,0,0,0,0,0.000126881,0,0,0,0,0.000181258,0.000126881,0,0,0,0,0,0,0,0,0,0,0,0,0,0,0,0,0,0,0,0,0,0,0
C160QV5B.04,0,0,0,0,0,0,0,0,0,0,0,0,0,0,5.63E-05,0,0,0,0,0,0,0,0,0,0,0,0,0,0,0,0,0,0,0,0,0,0,0,0,0,0,0,0,0,0.053838653,0,0,0,0,0.013651877,0,3.75E-05,0,0,0,0,0,0,0.000862619,0,0.926227356,0.001050144,0,0,0,0,0,0,0,0,0,0,0,0,0,0,0,0,0,0,0,0,9.38E-05,0,0.000187526,0,0.000112515,0,0,0,0,0,0,3.75E-05,0,0,0,0,5.63E-05,1.88E-05,0,0,0,0,0,0,0.003769268,0,0,0,0,0,0,0,0,0,0,0,0,0,0,0,0
A160R60M.04,0,0,0,0,0,1.11E-05,0,0,0,0,0,0,0,0,0,0,0,0,0,0,0,0,0,0,0,0,0,0,0,0,0,0,0,0,0,0,0,0,0,0,0,0,0,0,8.92E-05,0,0,0,0,0.000312061,0,0,0,0,0,0,0,0,0,0,0.994984731,0,0,0,0,0,0,0,0,0,0,0,0,0,0,0,0,0,0,0,0,0,0.00128168,0,0.001359695,0,0.000423512,0,0,0,0,0,0,0.000189466,0,0,0,0,0.000289771,0.000468092,0,0,0,0,0,0,0.000590687,0,0,0,0,0,0,0,0,0,0,0,0,0,0,0,0
E160R9G4.04,0,0,0,0,0,0,1.57E-05,0,0,0,0,0,0,0,0,0,0,0,0,0,0,0,0,0,0,0,0,0,0,0,0,0,0,0,0,0,0,0,0,0,0,0,0,0,0.000861758,0,0,0,0,0.311972173,0,0.000830422,0,0,0,0,0,0,0,0,0.682324554,0,0,0,0,0,0,0,0,0,0,0,0,0,0,0,0,0,0,0,0,0,0.000955768,0,0.001112452,0,0.000235025,0,0,0,0,0,0,0.000235025,0,0,0,0,0.000360372,0.000329035,0,0,0,0,0,0,0.000767748,0,0,0,0,0,0,0,0,0,0,0,0,0,0,0,0
E160RM6F.04,0,0,0,0,0,0,0,0,0,0,0,0,0,0,0,0,0,0,0,0,0,0,0,0,0,0,0,0,0,0.00016086,0,0,0,0,0,0,0,0,0,0,0,0,0,0,0.000390661,0,0,0,0,0.226399485,0,0,0,0,0,0.0001149,0,0,0,0,0.000735362,0,0,0,0,0,0,0,0,0,0,0,0,0,0,0,0,0,0,0,0,0,0.020176487,0,0.012639029,0,0.013696112,0,0,0,0,0,0,0.005009652,0,0,0,0,0.012156448,0.008341759,0,0,0,0,0,0,0.700179244,0,0,0,0,0,0,0,0,0,0,0,0,0,0,0,0
B160RJ8S.04,0,0,0,0,0,3.44E-05,3.44E-05,0,0,0,0,0,0,0,0,0,0,0,0,3.44E-05,0,0,0,0,0,0,0,0,0,0,0.000137765,0,0,0,0,0,0,0,0,0,0,0,0,0,0.40637162,0,0,0,0,0.02111245,0,0.000344412,3.44E-05,0,0,0,0.000241088,0.198760117,0,0,0.002927501,0,0,0,0,0,0,0,0,0.00027553,0,0,0,0,0,0,0,0,0,0,0,0,0.005235061,0,0.002342001,0,0.00144653,0,0,0,0,0,0,0.000688824,0,0,0,0,0.000792147,0.001239883,0,0,0,0,0.000103324,0,0.357843981,0,0,0,0,0,0,0,0,0,0,0,0,0,0,0,0
C160R3W2.04,0,0,0,0,0,0,0,0,0,0,0,0,0,0,0,0,0,0,0,0,0,0,0,0,0,0,0,0,0,0,0,0,0,0,0,0.000270176,0,0,0,0,0,0,0,0,0.585182755,0,0,0,0,0.240534177,0,0.000250878,0,0,9.65E-05,0,0,0,0,0,0.000578949,0,0,0,0,0,0,0,0,0,0,0,0,0,0,0,0,0,0,0,0,0,0.04668262,0,0.049191401,0,0.023389556,0,0,0,0,0,0,0.014454437,0,0,0,1.93E-05,0.01956849,0.019780771,0,0,0,0,0,0,0,0,0,0,0,0,0,0,0,0,0,0,0,0,0,0,0
J160RCW1.04,0,0,0,0,0,2.66E-05,0.000372222,0,0,0,0,0,0,0,0,0,0,0,0,0,0,0,0,0,0,0,0,0,0,0,0,0,0,0,0,0,0,0,0,0,0,0,0,0,0.002020632,0,0,0,0,0.010236095,0,0,0.000930554,0,0,0,0,0,0,0,0.873949803,0,0,0,0,0,0,0,0,0,0,0,0,0,0,0,0,0,0,0,0,0,0.035361055,0,0.02454004,0,0.008880145,0,0,0,0,0,0,0.007816654,0,0,0,2.66E-05,0.010342444,0.011459109,0,0,0,0,0,0,0.013798788,0,0,0,0,0.000239285,0,0,0,0,0,0,0,0,0,0,0
F160RN22.04,0.000207979,0,0,0,0,0.010121668,0.106520157,0.000277306,0,0,0,0,0,0.011646851,0.056570418,0,0,0,0,0.001005234,0,0,0.000173316,0.000866581,0,0,0,0,0.000207979,0.003535651,0.024229609,0.010017678,0,0.00010399,0.007244619,0,0,0,0,0,0,0,0,3.47E-05,0.004540885,0,0,0,0,0.003293008,0,0,0.009116434,0,0,0.02915179,0.018406184,0.000173316,0.000381296,0,0.387881729,0,0,0,0.000207979,0.003674304,0,0,0,0.049811085,0.000277306,0.000935908,0.002703733,0,0.001317203,0.008804465,0,0,0,0.000762591,0,0,0.010606953,0,0.006759333,0,0.00544213,0,0.000589275,0.000242643,0,0,0,0.003916947,0,0,0,0,0.004298243,0.00384762,0.134354744,0,0,0,0.004679538,0,0.000207979,0,0.000658602,0.069534473,0,0,0,0,0,0,0.000485285,0.000173316,0,0,0,0,0
G160RBPL.04,0,4.22E-05,0,0,0,0.000295271,0.003079259,0,0,0,0,0,0,0,0,0,0,0,0,0.00385962,0,0,0,2.11E-05,0,0,0,0,0,0,2.11E-05,0,0,0,0,0,0,0,0,0,0,0,0,0,0.000210908,0,0,0,0,0.003184713,0,0,0,0,0,0,0.000337453,0,0,0,0.285864934,0,0,0,0,0,0,0,0,0.000105454,0,0,0,0,0,0,0,0,0,0,0,0,0.183637744,0,0.207048551,0,0.094423588,0,0,0,0,0,0,0.074534947,0,0,0,8.44E-05,0.070316784,0.071877505,0,0,0,0,0,0,0,0,0,0,0,0.000485089,0.000569452,0,0,0,0,0,0,0,0,0,0
H160RFS1.04,0,0,0,0,0,1.98E-05,0.000951041,0,0,0,0,0,0,0,1.98E-05,0,0,0,0,0,0,0,0,0,0,0,0,0,0,0,0,0,0,0,0,0,0,0,0,0,0,0,0,0,0.021220107,0,0,0,0,0.368488835,0,0,0,0,0,0,0,0.126567732,0,0,0.003526778,0,0,0,0,0,0,0,0,0,0,0,0,0,0,0,0,0,0,0,0,0,0.003705098,0,0.00247667,0,0.001367122,0,0,0,0,0,0,0.000673654,0,0,0,0,0.001069921,0.001565255,0,0,0,0,0,0,0.468328347,0,1.98E-05,0,0,0,0,0,0,0,0,0,0,0,0,0,0
J160P1KX.04,0,3.68E-05,0,0,0,1.84E-05,0.000239411,0,0,0,0,0,0,0,0.000902394,0,0,0,0,0,0,0,0,0,0,1.84E-05,0,0,0,0,5.52E-05,0,0,0,0,0,0,0,0,0,1.84E-05,0,0,0,0.362615101,0,0,0,0,0.074622468,0,0.0006814,1.84E-05,0,0,1.84E-05,0,0.001657459,0.000515654,0,0.557697974,0,0,0,0,0,0,0,0,3.68E-05,0,0,0,0,0,1.84E-05,0,0,0,0,0,0,0.000331492,0,0.000184162,0,0.000184162,0,0,0,0,0,0,1.84E-05,0,0,0,0,1.84E-05,7.37E-05,0,0,0,0,0,0,0,0,0,0,0,0,1.84E-05,0,0,0,0,0,0,0,0,0,0
H160QS0Z.04,0,0,0,0,0,0,0,0,0,0,0,0,0,0,0,0,0,0,0,0,0,0,0,0,0,0,0,0,0,0,0,0,0,0,0,0,0,0,0,0,0,0,0,0,0.389421621,0,0,0,0,0.05561724,0,0.000242253,0,0,0,0,0,0,0.000504694,0,0.473120016,0,0,0,0,0,0,0,0,0,0,0,0,0,0,0,0,0,0,0,0,0,0,0,0,0,0,0,0,0,0,0,0,0,0,0,0,0,2.02E-05,0,0.000242253,0,0,0,0,0,0.080589482,0,0,0,0.000201877,0,4.04E-05,0,0,0,0,0,0,0,0,0,0
F160RJ2T.04,0,3.11E-05,0,0,0,0,0,0,0,0,0,0,0,0,0,0,0,0,0,0,0,0,0,0,0,0,0,0,0,0,0,0,0,0,0,0,0,0,0,0,0,0,0,0,0.124476352,0,0,0,0,0.665052248,0,0.001152415,0,0,0,0,0,0,9.34E-05,0,0.194399888,0,0,0,0,0,0,0,0,0,0,0,0,0,0,0,0,0,0,0,0,0,0.00068522,0,0.00068522,0,0.000233598,0,1.56E-05,0,0,0,0,0.000186878,0,0,0,0,0.000155732,0.000140159,0,0,0,0,0,0,0,0,0.00545061,0,0,0,0,0,0,0,0,0,0,0.007241524,0,0,0
K160RFSY.04,0,1.70E-05,0,0,0,0,3.41E-05,0,0,0,0,0,0,0,0,0,0,0,0,0,0,0,0,0,0,0,0,0,0,0,0,0,0,0,0,0,0,0,0,0,0,0,0,0,0.059799192,0,0,0,0,0.16615243,0,8.52E-05,1.70E-05,0,0,0,0,0,0.000119326,0,0.717539164,0,0,0,0,0,0,0,0,0,0,0,0,0,0,0,0,0,0,0,0,0,0.003767281,0,0.001670559,0,0.001483047,0,0,0,0,0,0,0.000886419,0,0,0,0,0.000835279,0.000767093,0,0,0,0,0,0,0,0,0.025808431,0,0,0,0,0,0,0,0,0,0,0.021018359,0,0,0
H160R9H1.04,0,0,0,0,0,0,0,0,0,0,0,0,0,0,0,0,0,0,0,2.89E-05,0,0,0,1.45E-05,0,0,0,0,0,0,0,0,0,0,0,0,0,0,0,0,0,0,0,0,0.043180964,0,1.45E-05,0,0,0.103781768,0,5.78E-05,0,0,0,0,0,0,0,0,0.841949287,0,0,0,0,0,0,0,0,0,0,0,0,0,0,0,0,0,0,0,0,0,0.001575737,0,0.001185416,0,0.000361407,0,0,0,0,0,0,0.000289126,0,0,0,0,0.000260213,0.000462602,0,0,0,0,0,0,0.006837829,0,0,0,0,0,0,0,0,0,0,0,0,0,0,0,0
J160R5YR.04,0,0.000208962,0,0,0,0,0.000951939,0,0,0,0,0,0,0,0,0,0,0,0,0,0,0,0,0,0,0,0,0,0,0,4.64E-05,0,0,0,0,0,0,0,0,0,0,0,0,0,0.128070583,0,0,0,0,0.49695844,0,0.000742977,2.32E-05,0,0,0,0,0,0.000139308,0,0.369375435,0,0,0,0,0,0,0,0,4.64E-05,0,0,0,0,0,0,0,0,0,0,0,0,0.001114465,0,0.000859067,0,0.00023218,0,0,0,0,0,0,0.000208962,0,0,0,0,0.000441142,0.00058045,0,0,0,0,0,0,0,0,0,0,0,0,0,0,0,0,0,0,0,0,0,0,0
K160QX14.04,0,0,0,0,0,0,1.73E-05,0,0,0,0,0,0,0,0,0,0,0,0,0,0,0,0,0,0,0,0,0,0,0,0,1.73E-05,0,0,0,0,0,0,0,0,0,0,0,0.005690789,0.07706855,0,0,0,0,0.027256797,0,0.0001041,0,0,0,0,3.47E-05,0,6.94E-05,0,0.889706265,0,0,0,0,0,0,0,0,0,0,0,0,0,0,0,0,0,0,0,0,0,0,0,0,0,0,0,0,0,0,0,0,0,0,0,0,0,0,0,0,0,0,0,0,0,3.47E-05,0,0,0,0,0,0,0,0,0,0,0,0,0,0,0,0
K160R7SC.04,0,0,0,0,0,0,0,0,0,0,0,0,0,0,0,0,0,0,0,0,0,0,0,0,0,0,0,0,0,0,0,0,0,0,0,0,0,0,0,0,0,0,0,0,0.128314448,0,0,0,0,0.285915747,0,4.92E-05,0,0,0,0,0,0,0.000360756,0,0.580735615,0,0,0,0,0,0,0,0,0,0,0,0,0,0,0,0,0,0,0,0,0,0.000819901,0,0.000819901,0,0.000311562,0,0,0,0,0,0,0.000344358,0,0,0,0,0.00016398,0.00040995,0,0,0,0,0,0,0.001754587,0,0,0,0,0,0,0,0,0,0,0,0,0,0,0,0
J160QYQN.04,0,0,0,0,0,0,0.000242435,0,0,0,0,0,0,0,0,0,0,0,0,0.000154277,0,0,0,0,0,0,0,0,0,0,0.000154277,0,0,0,0,0,0,0,0,0,0,0,0,0,0.035153065,0,0,0,0,0.600026447,0,2.20E-05,0,0,0,0,0,0,0,0,0.000308554,0,0,0,0,0,0,0,0,8.82E-05,0,0,0,0,0,0.000661186,0,0,0,0,0,0,0.0009477,0,0.000749344,0,0.000176316,0,0,0,0,0,0,0.000154277,0,0,0,0,0.000352633,0.000396712,0,0,0,0,2.20E-05,0,0,0,0,0,0.134551385,2.20E-05,0.225817116,0,0,0,0,0,0,0,0,0,0
H160RM7N.04,0,1.86E-05,0,0,0,0,0,0,0,0,0,0,0,0,0.001377923,0,0,0,0,0,0,0,0,0,0,0,0,0,0,0,1.86E-05,1.86E-05,0,0,0,0,0,0,0,0,0,0,0,0,0.01079994,0,0,0,0,0.003910323,0,0,0,0,0,0,0,0,5.59E-05,0,0.98128631,0,0,0,0,0,0,0,0,0,0,0,0,0,0,0,0,0,0,0,0,0,0.001135856,0,0.000577238,0,0.00031655,0,0,0,0,0,0,0.000130344,0,0,0,0,0.000167585,0.000167585,0,0,0,0,0,0,0,0,0,0,0,1.86E-05,0,0,0,0,0,0,0,0,0,0,0
F160R20Z.04,0,1.17E-05,0,0,0,0,0,0,0,0,0,0,0,0,0,0,0,0,0,0.000477978,0,0,0,0,0,0,0,0,0,0,0,0,0,0,0,0,0,0,0,0,0,0,0,0,0.006458532,0,0,0,0,0.007262935,0,1.17E-05,0,0,0,0,0,0.000804402,3.50E-05,0,0.935880995,0,0,0,0,0,0,0,0,0,0,0,0,0,0,2.33E-05,0,0,0,0,0,0,0.000571242,0,0.000781086,0,0.000198186,0,0,0,0,0,0,0.000139896,0,0,0,0,0.00029145,0.000186528,0,0,0,0,0,0,0,0,0,0,0.040290051,0,0.006575112,0,0,0,0,0,0,0,0,0,0
J160RNK0.04,0,0.000147536,0,0,0,0.091737976,0,0,0,0,0,0,0,0,0.000649159,0,0,0,0,0,0,0,0,0.001622898,0,0,0,0,0,0.000118029,0.099085276,0.000383594,0,0,0.0097964,0,0,0,0,0,0,0,0,0.00138684,0.000708174,0,0,0,0,0.000118029,0,0,0.006107996,0,0,0,0.004809678,0,0,0,0.428031868,0,5.90E-05,0,0,0.012747123,0,0,0,0.167128947,0.001150782,0,0.002419593,0,0.000354087,0.134552965,0,0,0,0,0,0,0,0,0,0,0,0,0,0,0,0,0,0,0,0,0,0,0,0,2.95E-05,0,0,0,0.036706993,0,0,0,2.95E-05,0,0,0,0,0,0,0,0,0.000118029,0,0,0,0,0
F160R98D.04,0,2.34E-05,0,0,0,0.002059395,0,0,0,0,0,0,0,0,4.68E-05,0,0,0,0,0,0,0,0,0.001708362,0,0,0,0,0,0.008752428,0.011162856,0.137230582,0,0,0.000327631,0,0,0,0,0,0,0,0,9.36E-05,0.015234841,0,0,0,0,2.34E-05,0,0,0.063443402,0,0,0,0.011116052,0,0,0,0.615571833,0,0.00571014,0,0,0.014064731,0,0,0,0.1067609,4.68E-05,0,0,0,0.000257424,0.001778568,0,0,0,0,0,0,7.02E-05,0,4.68E-05,0,4.68E-05,0,0,0,0,0,0,0,0,0,0,0,0,2.34E-05,0.00042124,0,0,0,0.002972081,0,0,0,0.000561653,0,0.000163815,0,0.000280827,0,0,0,0,0,0,0,0,0,0
F160R9VK.04,0,0,0,0,0,0.005563057,0,0,0,0,0,0,0,0,0.000135026,0,0,0,0,0,0,0,0,0.067323792,0,0,0,0,0,0,0.104266811,0,0,0,0,0,0,0,0,0,0,0,0,0,0.001080205,0,0,0,0,0.000486092,0,0,0.019362679,0,0,0,0.070402376,0,0,0,0.477639752,0,0,0,0,0,0,0,0,0.252551985,0,0,0,0,0,0,0,0,0,0,0,0,0.000216041,0,0.000135026,0,5.40E-05,0,0,0,0,0,0,0,0,0,0,0,0,5.40E-05,0,0,0,0,0,0,0,0,0.000675128,0,0,0,0,0,0,0,0,0,0,5.40E-05,0,0,0
J160QX2F.04,0,0,0,0,0,0.063866196,0,0,0,0,0,0,0,0,0.002815191,0,0,0,0,0,0,0,0,0.005740782,0,0,0,0,0,0.000248399,0.00952197,0.000248399,0,0,0.007203577,0,0,0,0,0,0,0,0,0.001738794,0.0001104,0,0,0,0,2.76E-05,0,0,0.003863988,0,0,0,5.52E-05,0.000165599,0,0,0.744783617,0,0,0,0,0,0,0,0,0.107667255,0,0,0,0,0,0,0,0,0,0,0,0,0,0,0,0,0,0,0,0,0,0,0,0,0,0,0,0,0,0,0.0001104,0,0,0,0.051667035,0,0,0,0.0001104,2.76E-05,0,0,0,0,0,0,0,2.76E-05,0,0,0,0,0
H160RHLS.04,0,0,0,0,0,0.00140433,0,0,0,0,0,0,0,0,0.000842598,0,0,0,0,7.02E-05,0,0,0,0.000351083,0,0,0,0,0,0.001544763,0.00629608,0,0,0,2.34E-05,0,0,0,0,0,0,0,0,0.000234055,0.002434172,0,0,0,0,2.34E-05,0,0,0.011936805,0,0,0,0.04983031,4.68E-05,0,0,0.860573435,0,0,0.000257461,0,0.004259801,0,0,0,0.038478642,0.000304272,0,4.68E-05,0,0.000140433,0.012217671,0,0,0,0,0,0,0.000280866,0,0.000234055,0,2.34E-05,2.34E-05,0,0,0,0,0,0.000140433,0,0,0,0,4.68E-05,2.34E-05,0.002949093,0,0,0,0.004634289,0,0,0,2.34E-05,0,0,0,0.000234055,0,0,0,2.34E-05,0,4.68E-05,0,0,0,0
H160R7TV.04,0,0,0,0,0,0,0,0,0,0,0,0,0,0,3.67E-05,0,0,0,0,0.000257017,0,0,0,0,0,0,0,0,0,0,0,0,0,0,0,0,0,0,0,0,0,0,0,0,0.045198362,0,0,0,0,0.215417378,0,5.51E-05,0,0,0,0,0,0.027464155,0,0,0.70843201,0,0,0,0,0,0,0,0,0,0,0,0,0,0,0,0,0,0,0,0,0,0.000385526,0,0.000514035,0,9.18E-05,0,0,0,0,0,0,5.51E-05,0,0,0,0,5.51E-05,0.000183584,0,0,0,0,0,0,0,0,0,0,0.001854198,0,0,0,0,0,0,0,0,0,0,0,0
H160RFWB.04,0,0,0,0,0,0,0,0,0,0,0,0,0,0,0,0,0,0,0,0,0,0,0,0,0,0,0,0,0,0,0,0,0,0,0,0,0,0,0,0,0,0,0,0,0.041053337,0,0,0,0,0.11070867,0,2.58E-05,0,0,0,0,0,0,0,0,0.842489237,0,0,0,0,0,0,0,0,0,0,0,0,0,0,0,0,0,0,0,0,0,0.000257792,0,0.000399577,0,6.44E-05,0,0,0,0,0,0,6.44E-05,0,0,0,0,9.02E-05,0.000103117,0,0,0,0,0,0,0.004743368,0,0,0,0,0,0,0,0,0,0,0,0,0,0,0,0
J160RKKS.04,0,0,0,0,0,0.002109776,0,0,0,0,0,0,0,0,0.002994521,0,0,0,0,6.81E-05,0,0,0.000340287,0.010582911,0,0,0,0,0,0,0.145370402,0,0,0,0.000306258,0,0,0,0,0,0,0,0,0.000170143,0,0,0,0,0,3.40E-05,0,0,6.81E-05,0,0,0,0.006533501,0,0.059890428,0,0.655119611,0,3.40E-05,0,0,0.011910028,0,0,0,0.097968489,0,0,0.005376527,0,0,0,0,0,0,0,0,0,0.000136115,0,0.000136115,0,3.40E-05,0,0,0,0,0,0,0,0,0,0,0,0.000102086,3.40E-05,0,0,0,0,0.000680573,0,0,0,0,0,0,0,0,0,0,0,0,0,0,0,0,0,0
G160PL64.04,0,0,0,0,0,0.073698929,0,0,0,0,0,0,0,0,0.001330059,0,0,0,0,0,0,0,0,0.000579769,0,0,0,0,0,0.001125435,0.072607598,0.001159539,0,0,0.000852602,0,0,0,0,0,0,0,0,3.41E-05,0.003205784,0,0,0,0,6.82E-05,0,0,0.019848578,0,0,0,0.027726622,0,0,0,0.666496146,0,6.82E-05,0,0,0.007946252,0,0,0,0.113464293,0.000716186,0,0,0,0.000204625,0.007434691,0,0,0,0,0,0,0,0,3.41E-05,0,0,0,0,0,0,0,0,3.41E-05,0,0,0,0,3.41E-05,0,0.000477457,0,0,0,0,0,0,0,0.000238729,0,0,0,0,0,0,0,0,0.000613874,0,0,0,0,0
H160RJMZ.04,0,0,0,0,0,1.63E-05,1.63E-05,0,0,0,0,0,0,0,0,0,0,0,0,0,0,0,0,0,0,0,0,0,0,0,0,0,0,1.63E-05,0,0,0,0,0,0,0,0,0,0,0.052129066,0,0,0,0,0.202395913,0,6.53E-05,8.16E-05,0,0,0,3.26E-05,0,0,0,0.741215257,0,0,0,0,0,0,0,0,0,0,0,0,0,0,3.26E-05,0,0,0,0,0,0,0.000979256,0,0.000848689,0,0.000277456,0,0,0,0,0,0,0.000505949,0,0,0,0,0.000114247,0.000375382,0,0,0,0,0,0,0.000848689,0,3.26E-05,0,0,0,0,1.63E-05,0,0,0,0,0,0,0,0,0
K160Q3P1.04,0,0,0,0,0,0.045576972,0,0,0,0,0,0,0,0,0.001599192,0,0,0,0,0,0,0,0,0.015655248,0,0,0,0,0,0.005344668,0.063083915,0.000294588,0,0,0.00021042,0,0,0,0,0,0,0,0,0.000589176,0.000505008,0,0,0,0,8.42E-05,0,0,0.00883764,4.21E-05,0,0,0.135173807,8.42E-05,4.21E-05,0,0.524955812,0,4.21E-05,0,0,0.002861712,0,0,0,0.174732767,0.004881744,0,0.001094184,0,0,0,0,0,0,0,0,0,8.42E-05,0,8.42E-05,0,0,0,0,0,0,0,0,4.21E-05,0,0,0,0,0,4.21E-05,0.000252504,0,0,0,0.013424796,0,0,0,0.000378756,0,0,0,0,0,0,0,0,0,0,0,0,0,0
F160S1ZD.04,0,0,0,0,0,0,0,0,0,0,0,0,0,0,0.000347048,0,0,0,0,0,0,0,0,0,0,0,0,0,0,0,0,0,0,0,0.000134963,0,0,0,0,0,0,0,0,0,0.000539853,0,0,0,0,0.000134963,0,0,0.001966606,0,0,0,0,0,0,0,0.99321328,0,0,0,0,0,0,0,0,1.93E-05,0,0,0,0,0,1.93E-05,0,0,0,0,0,0,0.000771218,0,0.001041144,0,0.000694096,0,0,0,0,0,0,0.000289207,0,0,0,0,0.000289207,0.00040489,0,0,0,0,0,0,1.93E-05,0,0,0,0,0,5.78E-05,0,0,0,0,0,0,0,0,0,5.78E-05
F160QPRQ.04,0,0,0,0,0,0,0,0,0,0,0,0,0,0,0.001707807,0,0,0,0,7.18E-05,0,0,0,0,0,0,0,0,0,0,0,0,0,0,7.18E-05,0,0,0,0,0,0,0,0,0,0.000114811,0,0,0,0,4.31E-05,0,0,0.009687141,0,0,0,0,0,0,0,0.988274971,0,0,0,0,0,0,0,0,0,0,0,0,0,0,0,0,0,0,0,0,0,0,0,0,0,0,0,0,0,0,0,0,0,0,0,0,0,2.87E-05,0,0,0,0,0,0,0,0,0,0,0,0,0,0,0,0,0,0,0,0,0,0,0,0
H160QTS0.04,0,0.000601153,0,0,0,0.017893136,0.000141448,0,0,0,0,0,0,0,0.001803458,0,0,0,0,0,0,0,0,0.000282895,0,0,0,0,0,0,0.022737721,0.005410375,0,0,0.002121716,0,0,0,0,0,0,0,0,0.000141448,0.006541957,0,0,0,0,0.000106086,0,0,0.071961526,0,0,0,0.048728739,0,0,0,0.597439796,0,0,0,0,0.002404611,0,0,0,0.03005764,0,0,0,0,0.00219244,0.004738499,0,0,0,0,0,0,0,0,0,0,0,0,0,0,0,0,0,0,0,0,0,0,3.54E-05,0,0.16439761,0,0,0,0.008699035,0,0,0,0.011457265,0,0.000106086,0,0,0,0,0,0,0,0,0,0,0,0
J160R8YF.04,0,9.42E-05,0,0,0,0.057207483,0,0,0,0,0,0,0,0,0.000141369,0,0,0,0,0,0,0,0,0.004947929,0,0,0,0,0,0.001696433,0.067857311,0.002686019,0,0.000659724,0.00089534,0,0,0,0,0,0,0,0,0.001272325,0.000848216,0,0,0,0,0,0,0,0.016445973,0,0,0,0.033174685,9.42E-05,0,0,0.474105839,0,0,0,0,0.011827906,0,0,0,0.179963244,0,0,0,4.71E-05,0.00240328,0.015362141,0,0,0,0,0,0,0.000141369,0,4.71E-05,0,9.42E-05,0,0,0,0,0,0,4.71E-05,0,0,0,0,4.71E-05,0,0.007351209,0,0,0,0.112105933,0,0,0,0.003769851,0,0,0,0,0,0,0,0.004523821,0,0.000141369,0,0,0,0
G160R96L.04,0,0,0,0,0,0.015560318,0,0,0,0,0,0,0,0,0.000616541,0,0,0,0,0,0,0,0,0.007809518,0,0,0,0,0,0.00032295,0.141334664,0.00032295,0,0,0.004315786,0,0,0,0,0,0,0,0,0.001203723,0.002935909,0,0,0,0,0,0,0,0.023193682,0,0,0,0.015707114,0,0,0.000176155,0.609436012,0,2.94E-05,0,0,0.006958105,0,0,0,0.145738528,0.001409236,0,0,0,0,0,0,0,0,0,0,0,0.000234873,0,0.000146795,0,5.87E-05,0,0,0,0,0,0,5.87E-05,0,0,0,0,5.87E-05,8.81E-05,0,0,0,0,0.022107396,0,0,0,0,0,0,0,0,0,0,0,0,0.000176155,0,0,0,0,0
K160Q253.04,0,0,0,0,0,0.04841607,0.000633995,0,0,0,0,0,0,0,0.001394789,0,0,0,0,6.34E-05,0,0,0,0.002620512,0,0,0,0,0,0,0.000612862,0,0,4.23E-05,0.000105666,0,0,0,0,0,0,0,0,0.000528329,0.00046493,0,0,0,0,4.23E-05,0,0,0.005579154,0,0,0,0.008326465,0,2.11E-05,0,0.882140366,0,0,0,0,0,0,0,0,0.04761301,0,0,0,0,0,0,0,0,0,0,0,0,0.000443796,0,0.000253598,0,4.23E-05,0,0,0,0,0,0,8.45E-05,0,0,0,0,6.34E-05,0.000105666,2.11E-05,0,0,0,0.000380397,0,0,0,0,0,0,0,0,0,0,0,0,0,0,0,0,0,0
J160PY62.04,0,0,0,0,0,0.003714926,2.63E-05,0,0,0,0,0,0,0,0.002529311,0,0,0,0,5.27E-05,0,0,0,0.013516006,0,0,0,0,0,0,0.026952971,2.63E-05,0,0,0.000316164,0,0,0,0,0,0,0,0,0.001949677,0.000605981,0,0,0,0,0.000816757,0,0,0.004004742,0,0,0,0.004004742,7.90E-05,5.27E-05,0,0.771808721,0,0,0,0,0.000711369,0,0,0,0.159372942,0,2.63E-05,0.00079041,0,0,0.006507706,0,0,0,0,0,0,0.000184429,0,2.63E-05,0,2.63E-05,0,0,0,0,0,0,5.27E-05,0,0,0,0,0,2.63E-05,0,0,0,0,0.001580819,0,0,0,0,0,0,0,0.000237123,0,0,0,0,0,0,0,0,0,0
J160QV36.04,0,0,0,0,0,0,0,0,0,0,0,0,0,0,5.97E-05,0,0,0,0,0,0,0,0,0,0,0,0,0,0,0,0,0,0,0,0,0,0,0,0,0,0,0,0,0,0.034798535,0,0,0,0,0,0,0,0.34478022,0,0,0,0.009396401,0.011626055,0,0,0.594660774,0,0,0,0,0,0,0,0,0,0,0,0,0,0,0,0,0,0,0,0,0,0,0,0,0,0,0,0,0,0,0,0,0,0,0,0,0,0,0,0.004678293,0,0,0,0,0,0,0,0,0,0,0,0,0,0,0,0,0,0,0,0,0,0
G160RN2Z.04,0,2.85E-05,0,0,0,0.004820858,0,0,0,0,0,0,0,0,0.001454815,0,0,0,0,0,0,0,0,5.71E-05,0,0,0,0,0,0.004992013,0.000827248,0.005990415,0,0.000142629,0.000599042,0,0,0,0,0,0,0,0,0.000228206,0.008044272,0,0,0,0,0,0,0,0.141259699,0,0,8.56E-05,0.033089913,0,0,0,0.745492926,0,0,0.000256732,0,0.000285258,0,0,0,0.033945687,2.85E-05,0,0,2.85E-05,0.000199681,0.00379393,0,0,0,0,0,0,0.000228206,0,0.000399361,0,0.000114103,0,0,0,0,0,0,0.000199681,0,0,0,0,2.85E-05,0.000228206,0.00798722,0,0,0,0.004735281,0,0,0,0.000228206,0,0,0,0,5.71E-05,0,0,2.85E-05,0.000114103,0,0,0,0,0
G160R6QB.04,0,0,0,0,0,0,0,0,0,0,0,0,0,0,0.001257531,0,0,0,0,2.92E-05,0,0,2.92E-05,0.052874773,0,0,0,0,0,0,0.07782067,0,0,0,0,0,0,0,0,0,0,0,0,0.000467918,8.77E-05,0,0,0,0,0,0,0,0,0,0,0,0,5.85E-05,0.21375095,0,0.530619407,0,0,0,0,0,0,0,0,0.120956893,0,0,0,0,0,0,0,0,0,0,0,0,0.000965082,0,0.000497163,0,0.000233959,0,0,0,0,0,0,0.00011698,0,0,0,0,8.77E-05,0.000146224,0,0,0,0,0,0,0,0,0,0,0,0,0,0,0,0,0,0,0,0,0,0,0
H160QYK7.04,0,0,0,0,0,0,0,1.75E-05,0,0,0,0,0,0,0,0,0,0,0,0,0,0,0,0,0,0,0,0,0,0.019565674,0,0,0,0,0,0,0,0,0,0,0,0,0,1.75E-05,0.045898028,0,0,0,0,0.405528745,0,6.99E-05,0,0,0,0,0,0,1.75E-05,0,0.311809344,0,0,0,0,0,0,0,0,0.006364527,0,0,0,0,0,0,0,0,0,0,0,0,0.000507064,0,0.000629459,0,0.00010491,0,0,0,0,0,0,0.00017485,0,0,0,0,0.000227305,0.000157365,0,0,0,0,0.208910337,0,0,0,0,0,0,0,0,0,0,0,0,0,0,0,0,0,0
K160R6PF.04,0,0,0,0,0,0,7.29E-05,0,0,0,0,0,0,0,0.004138484,0,0,0,0,0,0,0,0,5.47E-05,0,0,0,0,0,7.29E-05,0,0,0,0,0.000401087,0,0,0,0,0,0,0,0,7.29E-05,0.001367341,0,0,0,0,0.000109387,0,0,0.017921278,0,0,0,0,0,0.001002716,0,0.967913074,0,0,0,0,0,0,0,0,0.003956172,0,3.65E-05,0,0,0,0,0,0,0,0,0,0,0.000619861,0,0.00105741,0,0.000109387,0,0,0,0,0,0,0.000364624,0,0,0,0,0.000328162,0.000273468,0.000109387,0,0,0,0,0,0,0,1.82E-05,0,0,0,0,0,0,0,0,0,0,0,0,0,0
H160QV43.04,0,0,0,0,0,0.010725899,0,0,0,0,0,0,0,0,0.000258845,0,0,0,0,0,0,0,0,0,0,0,0,0,0,0,0,0,0,0,0,0,0,0,0,0,0,0,0,1.62E-05,8.09E-05,0,0,0,0,4.85E-05,0,0,0.005419572,0,0,0,0.000113245,0.0001456,0,0,0.795932894,0,0,0,0,0,0,0,0,0.186870076,0,0,0,0,0,0,0,0,0,0,0,0,0,0,0,0,0,0,0,0,0,0,0,0,0,0,0,0,0,0,1.62E-05,0,0,0,0,0,0.000339734,0,0,0,0,0,1.62E-05,0,0,0,0,0,0,0,0,0,1.62E-05
H160RQ3S.04,0,0,0,0,0,0,0,0,0,5.58E-05,0,0,0,0,0,0,0,0,0,0,0,0,0,0,0,0,0,0,0,0,1.40E-05,0,0,0,0,0,0,0,0,0,0,0,0,6.98E-05,0.000739614,0,0,0,0,0.00389344,0,0,5.58E-05,0,0,0,0,0.003377105,0,0,0.969005987,0,0,0,0,0,0,0,0,0.002051382,0,0,0,0,0,0,0,0,0,0,0,0,0.000516334,0,0.000655884,0,8.37E-05,0,0,0,0,0,0,0.00036283,0,0,0,0,9.77E-05,0.00016746,0,0,0,0,0,0,0.01885318,0,0,0,0,0,0,0,0,0,0,0,0,0,0,0,0
J160QXVF.04,0,0,0,0,0,0.003693268,0,0,0,0,0,0,0,0,7.61E-05,0,0,0,0,3.81E-05,0,0,0,0.000913798,0,0,0,0,0,0.013250076,0.042910448,0,0,0,0.0001523,0,0,0,0,0,0,0,0,0.000114225,0.003426744,0,0,0,0,0.000875723,0,0,0.03636156,0,0,0,0.015153823,0,0,0,0.836353945,0,0,0,0,0,0,0,0,0.043443497,0.000494974,0,0,0,0,0,0,0,0,0,0,0,0,0,0,0,0,0,0,0,0,0,0,0,0,0,0,0,0,0,0.000761499,0,0,0,0,0,0,0,0.001979896,0,0,0,0,0,0,0,0,0,0,0,0,0,0
H160R0ZB.04,0,0.00800707,0,0,0,0.002517273,0,0,0,0,0,0,0,0,0.004659633,0,0,0,0,0,0,0,0,0,0,0,0,0,0,0.041909914,0.003508114,0.01226501,0,0.035268598,0.000455251,0,0,0,0,0,0,0,0,0,0.001231857,0,0,0,0,2.68E-05,0,0,0.009560281,0,0,0,0,0,0,0,0.743854105,0,0,0,0,0.000856944,0,0.000214236,0,0.000294574,0,0.003829468,0,0.000428472,0.024556799,0,0,0,0,0,0,0,0.000160677,0,5.36E-05,0,0,0,0,0,0,0,0,2.68E-05,0,0,0,0,2.68E-05,0,0.061378609,0,0,0,0.04102619,0,0,0,0.003642012,0,0,0,2.68E-05,0,0,0,0.000214236,0,0,0,0,0,0
G160RHC4.04,0,0,0,0,0,0.003195399,0,0,0,0,0,0,0,0,0.000299569,0,0,0,0,0,0,0,0,0.001158332,0,0,0,0,0,0.001258188,0.001318102,0.000519252,0,0,0,0,0,0,0,0,0,0,0,0.00015977,0.001218246,0,0,0,0,0,0,0,0.007329446,0,0,0,0.003814507,0,2.00E-05,0,0.954445598,0,0,0,0,0,0,0,0,0.023346381,0,3.99E-05,0,0,2.00E-05,0,0,0,0,0,0,0,0.000359482,0,0.000698993,0,5.99E-05,0,0,0,0,0,0,3.99E-05,0,0,0,0,7.99E-05,3.99E-05,0,0,0,0,0.000579166,0,0,0,0,0,0,0,0,0,0,0,0,0,0,0,0,0,0
F160RCT3.04,0,0,0,0,0,0,0,0,0,0,0,0,0,0,0,0,0,0,0,0,0,0,0,0,0,0,0,0,0,0,0,0,0,0,0,0,0,0,0,0,0,0,0,0,0.000673717,0,0,0,0,0.001347434,0,0,0,0,0,0,0,0,0,0,0.845759667,0,0,0,0,0,0,0,0,0,0,0,0,0,0,0,0,0,0,0,0,0,0.000326651,0,0.000224572,0,0.000163325,0,0,0,0,0,0,0.00014291,0,0,0,0,6.12E-05,0.00014291,0,0,0,0,0,0,0.151137152,0,0,0,0,2.04E-05,0,0,0,0,0,0,0,0,0,0,0
J160PLMT.04,0,0,0,0,0,0.018557125,0,0,0,0,0,0,0,0,0.0002349,0,0,0,0,0,0,0,0.000146813,0.000440438,0,0,0,0,2.94E-05,0.027688875,0.062307308,0.054819861,0,0.00543207,0.001027689,0,0,0,0,0,0,0,0,0,0.011128402,0,0,0,0,0.004169481,0,0,0.045188948,0,0,0,2.94E-05,0.000968964,0,0,0.469330828,0,8.81E-05,0,0,0.022755968,0,0.000293625,0,0.044043809,0.000469801,0.001174502,0.003376692,0,0,0,0,0,0,0,0,0,0.00011745,0,0.00011745,0,0,0,0,0,0,0,0,0,0,0,0,0.00011745,2.94E-05,5.87E-05,0.197374989,0,0,0,0.01885075,0,0,0,0.005461432,0,0,0,0,0,0,0,0.000675338,0.001380039,0.000499163,0.00161494,0,0,0
K160RLJV.04,0,3.19E-05,0,0,0,0.012085845,0,0,0,0,0,0,0,0,0.000542109,0,0,0,0,0,0,0,0,0,0,0,0,0,0,0.008928856,0.005580535,0.006409643,0,0,0.000573998,0,0,0,0,0,0,0,0,0,0.003188877,0,0,0,0,6.38E-05,0,0,0.02752001,0,0,0,0.059376893,0,0,0,0.74760037,0,0.000127555,0,0,0.001658216,0,0,0,0.026467681,0,0,9.57E-05,0,0.000223221,0.013680283,0,0,0,0,0,0,3.19E-05,0,0.000127555,0,6.38E-05,0,0,0,0,0,0,3.19E-05,0,0,0,0,3.19E-05,0,0.082145477,0,0,0,0.002295992,0,0,0,0.000191333,0,0,0,0,0.000733442,0,0,0,0.000159444,3.19E-05,0,0,0,0
F160QYBF.04,0,0,0,0,0,0.002224601,4.17E-05,0,0,0,0,0,0,0,0.000862033,0,0,0,0,0,0,0,2.78E-05,0.031672761,0,0,0,0,0,0,4.17E-05,8.34E-05,0,0,0,0,0,0,0,0,0,0,0,0.000764707,0.000152941,0,0,0,0,1.39E-05,0,0,0.002780752,0,0,0,1.39E-05,0,0,0,0.887171002,0,0,0,0,0,0,0,0,0.073870667,0,0,0,0,0,0,0,0,0,0,0,0,8.34E-05,0,0,0,1.39E-05,0,0,0,0,0,0,2.78E-05,0,0,0,0,2.78E-05,2.78E-05,0,0,0,0,0,0,0,0,0,9.73E-05,0,0,0,0,0,0,0,0,0,0,0,0,0
G160TP1C.04,0,0,0,0,0,0.003120741,0,0,0,0,0,0,0,1.98E-05,0.002310929,0,0,0,0,0,0,0,0,0.00090857,0,0,0,0,0,0.000217267,0.001520867,0.000572794,0,0,0.000118509,0,0,0,0,0,0,0,0,0.001501116,9.88E-05,0,0,0,0,0,0,0,0.002014656,0,0,0,0.027671888,0,0.002310929,0,0.89644275,0,0,0,0,3.95E-05,0,0,0,0.057378182,0,0,0,0,0,0.003436765,0,0,0,0,0,0,0.000138261,0,5.93E-05,0,7.90E-05,0,0,0,0,0,0,1.98E-05,0,0,0,0,0,1.98E-05,0,0,0,0,0,0,0,0,0,0,0,0,0,0,0,0,0,0,0,0,0,0,0
H160R04Y.04,0,0,0,0,0,0.018939077,0.000565658,0,0,0,0,0,0,0,0.000188553,0,0,0,0,0,0,0,0,0.00613844,0,0,0,0,0,2.10E-05,0.061070142,4.19E-05,0,0,0,0,0,0,0,0,0,0,0,0.000502807,0.000188553,0,0,0,0,0,0,0,0.001927428,0,0,0,0.017200201,0,4.19E-05,0,0.740593313,0,2.10E-05,0,0,0.01435096,0,0,0,0.111015671,0,2.10E-05,0,0,0,0.007625911,0,0,0,0,0,0,0,0,0,0,0,0,0,0,0,0,0,0,0,0,0,0,0,2.10E-05,0,0,0,0,0.019504735,0,0,0,0,0,0,0,0,0,0,0,0,0,2.10E-05,0,0,0,0
G160QYMY.04,0,0,0,0,0,0,0,0,0,0,0,0,0,0,0,0,0,0,0,0,0,0,0,0,0,0,0,0,0,0,1.38E-05,0,0,0,0,0,0,0,0,0,0,0,0,0,8.27E-05,0,0,0,0,0,0,0,0.000358374,0,0,0,0,0,0,0,0.999352171,0,0,0,0,1.38E-05,0,6.89E-05,0,2.76E-05,0,0,0,0,0,0,0,0,0,0,0,0,0,0,0,0,0,0,0,0,0,0,0,0,0,0,0,0,5.51E-05,0,0,0,0,0,2.76E-05,0,0,0,0,0,0,0,0,0,0,0,0,0,0,0,0,0,0
H160R5QJ.04,0,1.44E-05,0,0,0,0,0.000172744,0,0,0,0,0,0,0,0.004836829,0,0,0,0,0.00043186,0,0,0,0,0,0,0,0,0,0,2.88E-05,0,0,0,0,0,0,0,0,0,0,0,0,0,0.001511509,0,0,0,0,0.003181367,1.44E-05,0,2.88E-05,0,0,0,0,0.019275339,4.32E-05,0,0.968416658,0,0,0,0,0,0,0,0,2.88E-05,0,0,0,0,0,0,0,0,0,0,0,0,0.000374278,0,0.000172744,0,0.000172744,0,0,0,0,0,0,8.64E-05,0,0,0,0,0.000158349,0.000172744,1.44E-05,0,0,0,0,0,0,0,0.000820533,0,4.32E-05,0,0,0,0,0,0,0,0,0,0,0,0
K160R503.04,0,0,0,0,0,0,0,0,0,0,0,0,0,0,0.000193282,0,0,0,0,0,0,0,0,0,0,0,0,0,0,0,0,0,0,0,0.000966408,0,0,0,0,0,0,0,0,0,0.004716069,0,0,0,0,0.000541188,0,0,0.008388419,0,0,0,3.87E-05,3.87E-05,0.000115969,0,0.907804708,0,0,0,0,0,0,0,0,0.077080676,0,0,0,0,0,0,0,0,0,0,0,0,0,0,7.73E-05,0,3.87E-05,0,0,0,0,0,0,0,0,0,0,0,0,0,0,0,0,0,0,0,0,0,0,0,0,0,0,0,0,0,0,0,0,0,0,0,0
J160RH9B.04,0,0,0,0,0,0.000580759,0,0,0,0,0,0,0,0,0.000178695,0,0,0,0,0,0,0,0,0,0,0,0,0,0,0.005316179,0.002948469,0.132502401,0,0,0.000469075,0,0,0,0,0,0,0,0,4.47E-05,0.0136255,0,0,0,0,6.70E-05,0,0,0.062945342,0,0,0,0.087136188,0,0,0,0.64685385,0,0.000111684,0,0,0.00071478,0,0,0,0.040362751,4.47E-05,0,0,0,0,0.00029038,0,0,0,0,0,0,0.000111684,0,2.23E-05,0,4.47E-05,0,0,0,0,0,0,0,0,0,0,0,2.23E-05,4.47E-05,0.002099667,0,0,0,0.002211352,0,0,0,0.001250866,0,0,0,0,0,0,0,0,0,0,0,0,0,0
F160R6ZH.04,0,0.000104694,0,0,0,0.000226837,0.000366428,0,0,0,0,0,0,0,0.000191939,0,0,0,0,0,0,0,0,0,0,0,0,0,0,0.003681731,0.004222649,0.007503054,0,0,0.000279183,0,0,0,0,0,0,0,0,0,0.006578259,0,0,0,0,0.000279183,0,0,0.050741581,0,0,0,0.005950096,0,0,0,0.882603385,0,0,0,0,0,0,0,0,0.002530099,0,0.000645612,0,0,0.000209388,0,0,0,0,0,0,0,0.000628163,0,0.000471122,0,0.000104694,0,0,0,0,0,0,0.000226837,0,0,0,0,0.000139592,6.98E-05,0.030465887,0,0,0,0.000593265,0,0,0,0.001116734,6.98E-05,0,0,0,0,0,0,0,0,0,0,0,0,0
J160RZBC.04,0,4.85E-05,0,0,0,0.001116207,0.002717721,0,0,0,0,0,0,0,0.000194123,0,0,0,0,0,0,0,0,0,0,0,0,0,0,0.005920749,0.013370217,0.008905389,0,0.001407391,0.000849288,0,0,0,0,0,0,0,0,0,0.014486424,0,0,0,0,0.000436777,0,0,0.062531848,0,0,0,0.010385577,0,0,0,0.793016428,0,0.000582369,0,0,0.000800757,0.000145592,7.28E-05,0,0.012011356,2.43E-05,0,9.71E-05,0,0.0006309,0.016937225,0,0,0,0,0,0,7.28E-05,0,0.000145592,0,0,0,0,0,0,0,0,0,0,0,0,0,9.71E-05,2.43E-05,0.016476184,0,0,0,0.003324355,0,0,0,0.03251559,0,0,0,0,0.000655165,0,0,0,0,0,0,0,0,0
J160RFPB.04,0,0,0,0,0,0,5.18E-05,0,0,0,0,0,0,0,0,0,0,0,0,0,0,0,0,0,0,0,0,0,0,0,0,0,0,0,0,0,0,0,0,0,0,0,0,0,0.003952296,0,0,0,0,0.3100913,0,0,0,0,0,0,0,0.001121831,0,0,0.683384822,0,0,0,0,0,0,0,0,0,0,0,0,0,0,0,0,0,0,0,0,0,0.000396956,0,0.00048325,0,5.18E-05,0,0,0,0,0,0,8.63E-05,0,0,0,0,5.18E-05,0.000103554,0,0,0,0,0,0,0.000224366,0,0,0,0,0,0,0,0,0,0,0,0,0,0,0,0
H160R5W1.04,0,0,0,0,0,0.000316276,0,0,0,0,0,0,0,0,0.00025302,0,0,0,0,0,0,0,0,0.00012651,0,0,0,0,0,0.01318869,0.001644633,0.042602315,0,0,0.000569296,0,0,0,0,0,0,0,0,0,0.010816623,0,0,0,0,0,0,0,0.047219938,0,0,0,0.016003542,0.00012651,3.16E-05,0,0.832120944,0,9.49E-05,0,0,0.000158138,0,0,0,0.028591309,0,0,0.00012651,0,0.00012651,6.33E-05,0,0,0,0,0,0,3.16E-05,0,9.49E-05,0,6.33E-05,0,0,0,0,0,0,3.16E-05,0,0,0,0,6.33E-05,3.16E-05,0.000727434,0,0,0,0.000632551,0,0.00012651,0,0.004016699,0,0,0,0,0,0,0,0,0,0,0,0,0,0
F160QV1R.04,0,0,0,0,0,0.000958982,1.45E-05,0,0,0,0,1.45E-05,0,0,0.004373538,0,0,0,0,1.45E-05,0,0,0,0,0,0,0,0,0,1.45E-05,0,0,0,0,0,0,0,0,0,0,0,0,0,0,5.81E-05,0,0,0,0,8.72E-05,0,0,1.45E-05,0,0,0,0,0,0.00020342,0,0.994129869,0,0,0,0,0,0,0,0,8.72E-05,0,0,0,0,0,0,0,0,0,0,0,0,0,0,0,0,0,0,0,0,0,0,0,0,0,0,0,0,2.91E-05,0,0,0,0,0,0,0,0,0,0,0,0,0,0,0,0,0,0,0,0,0,0,0,0
K160P7J5.04,0,0,0,0,0,0.000549132,0,0,0,0,0,0,0,0,0.000701669,0,0,0,0,0,0,0,0,0.002318558,0,0,0,0,0,0.018243388,0.033283505,0.20403307,0,0,0.000762683,0,0,0,0,0,0,0,0,6.10E-05,0.003843924,0,0,0,0,6.10E-05,0,0,0.139815126,3.05E-05,0,0,0.060801123,0,0,0,0.396015742,0,0.018426432,0,0,9.15E-05,0,0,0,0.118978614,3.05E-05,0,0,0,0,0,0,0,0,0,0,0,0,0,0,0,0,0,0,0,0,0,0,0,0,0,0,0,0,3.05E-05,0,0,0,0,0,0,0.000396595,0,0.001525367,0,0,0,0,0,0,0,0,0,0,0,0,0,0
J160PJ00.04,0,0,0,0,0,0.004017857,0,0,0,0,0,0,0,0,0.001041667,0,0,0,0,0,0,0,0.000357143,0.000208333,0,0,0,0,2.98E-05,0.014077381,0.035565476,0.030565476,0,0.006875,0.000625,0,0,0,0,0,0,0,0,0,0.003869048,0,0,0,0,0.206279762,0,0,0.022559524,0,0,0,2.98E-05,0.000446429,2.98E-05,0,0.455833333,0,0,0,0,0.00047619,0,0.007738095,0,0.003065476,0,0.004553571,0.001190476,0,0,0,0,0,0,0,0,0,0.00047619,0,0.000208333,0,0.000267857,0,0,0,0,0,0,2.98E-05,0,0,0,0.000208333,0.000119048,2.98E-05,0.144404762,0,0,0,0.002261905,0,0,0,0.04610119,0,0,0,0,0,0,0,8.93E-05,0.002202381,0.000178571,0.003988095,0,0,0
H160RCQD.04,0,0,0,0,0,0,0.000136477,0,0,0,0,0,4.55E-05,0,0,0,0,0,0,4.55E-05,0,0,0,0,0,0,0,0,0,0,0,0,0,0,0,0,0,0,0,0,0,0,0,0,0.000363938,0,0,0,0,0.001558111,0,1.14E-05,0,0,0,0,0,0,0.026431017,0,0.947979574,0,0,0,0,0,0,0,0,0,0,7.96E-05,0,0,0,0,0,0,0,0,0,0,0.00607322,0,0.007119542,0,0.001671841,4.55E-05,0,0,0,0,0,0.001433007,0,0,0,0,0.002195003,0.002115391,0,0,0,0,0,0,0,0,0,0,0,1.14E-05,0.002649926,0,0,0,0,0,0,0,0,0,3.41E-05
F160RGP6.04,0,0,0,0,0,0,0,0,0,0,0,0,0,0,0.002066806,0,0,0,0,0.000333869,0,0,0,0,0,0,0,0,0,0,0,0,0,0,9.54E-05,0,0,0,0,0,0,0,0,0,0.000556448,0,0,0,0,0.00011129,0,0,0.008728279,0,0,0,0,1.59E-05,0.002988919,0,0.952415778,0,0,0,0,0,0,0,0,0.025644287,0,0,0,0,0,0,0,0,0,0,0,0,0.002496065,0,0.002082704,0,0.000556448,0,0,0,0,0,0,0.000826722,0,0,0,0,0.000381564,0.000651839,4.77E-05,0,0,0,0,0,0,0,0,0,0,0,0,0,0,0,0,0,0,0,0,0,0
K160RQH7.04,0,0,0,0,0,0.034254987,9.96E-05,0,0,0,0,0,0,0,0.001626448,0,0,0,0,0,0,0,3.32E-05,0.006970492,0,0,0,0,0,0.000763435,0.046967836,0,0,0,3.32E-05,0,0,0,0,0,0,0,0,0.000896206,0.000132771,0,0,0,0,6.64E-05,0,0,0.000730242,0,0,0,0.004281873,0,3.32E-05,0,0.817871013,0,0,0,0,0,0,0,0,0.085139576,0,0,0,0,3.32E-05,0,0,0,0,0,0,0,0,0,3.32E-05,0,0,0,0,0,0,0,0,0,0,0,0,0,0,0,0,0,0,0,0,0,0,0,0,0,3.32E-05,0,0,0,0,0,0,0,0,0,0,0,0
G160QZKF.04,0,0,0,0,0,0.000318878,0,0,0,0,0,0,0,0,0,0,0,0,0,0,0,0,0,0,0,0,0,0,0,0.001594388,0.304892493,0,0,0,0.011844023,0,0,0,0,0,0,0,0,4.56E-05,2.28E-05,0,0,0,0,0,0,0,0.00022777,0,0,0,0,0,0,0,0.352382471,0,0,0,0,0.006195335,0,0,0,0.236538812,0,0,0,0,0,0,0,0,0,0,0,0,0.000637755,0,0.000432762,0,0.000113885,0,0,0,0,0,0,0.000250547,0,0,0,0,0.000250547,0.000204993,0.025214103,0,0,0,0.0587418,0,0,0,0,0,0,0,9.11E-05,0,0,0,0,0,0,0,0,0,0
H160QPFH.04,0,0,0,0,0,0,0,0,0,0,0,0.001498237,0,0,0,0,0,0,0,0,0,0,0,0,0,0,0,0,0,0,0,0,0,0,0,0,0,0,0,0,0,0,0,0,0.054700353,0,0,0,0,0.552027027,8.81E-05,0,8.81E-05,0,0,0,0,0.234753231,0,0,0.000381904,0,0,0,0,0,0,0,0,2.94E-05,0,0,0,0,0,0,0,0,0,0,0,0,0,0,0,0,0,0,0.003025852,0,0,0,0,0,0,0,0,0,0.002790834,0,5.88E-05,0,0,0,0,0,0,0,0,0,0.09706228,0,0.053495887,0,0,0,0,0,0,0,0,0,0
H160QMKD.04,0,0,0,0,0,0.004353902,0,0,0,0,0,0,0,0,0,0,0,0,0,0,0,0,0,0,0,0,0,0,0,0.00370888,0,0,0,0,0,0,0,0,0,0,0,0,0,0,0.06772737,0,0.001397549,0,0,0.887336057,0,0,0,0,0,0,0,5.38E-05,0,0,0.00628897,0,0,0,0,0.006342722,0,0,0,0.000268759,0,0,0,0,0,0,0,0,0,0,0,0,0,0,0,0,0,0,0,0,0,0,0,0,0,0,0.000215008,0,0.022253279,0,0,0,0,0,0,0,5.38E-05,0,0,0,0,0,0,0,0,0,0,0,0,0,0,0,0
F160RXSB.04,0,0,0,0,0,0,0,0,0,0,0,0,0,0,0.001365671,0,0,0,0,0,0,0,0,0,0,0,0,0,0,0.001390961,0,0,0,0,0,0,0,0,0,0,0,0,0,0.001492122,0.001517412,0,0,0,0,0,0,0,0.033029008,0,0,0,0,0.015831668,0.050099896,0,0.510836853,0,0,0,0,0.003211856,0,0,0,0.333653676,0,0,0,0,0,0,0,0,0,0,0,0,0.000404643,0,0.000278192,0,0.000151741,0,0,0,0,0,0,0.000303482,0,0,0,0,0.000227612,0.000101161,0.041273615,0,0,0,0,0,0.000708126,0,0.004122303,0,0,0,0,0,0,0,0,0,0,0,0,0,0
J160RQXM.04,0,0.000809668,0,0,0,0.03031757,0,0,0,0,0,0,0,0,0.000329865,0,0,0,0,0,0,0,0,0.002279066,0,0,0,0,0,0.003598525,0.05880589,0.005517738,0,3.00E-05,0.000599754,0,0,0,0,0,0.059345668,0,0,3.00E-05,0.000449816,0,0,0,0,0,0,0,0.005997541,0,0,0,0.012564848,0,0,0,0.336222149,0,6.00E-05,0,0,0.021531172,0,3.00E-05,0,0.23507362,0.000359852,0,0.000359852,0,0.000179926,0.044351816,0,0,0,0,0,0,3.00E-05,0,3.00E-05,0,0,0,0,0,0,0,0,0,0,0,0,0,0,0,0.000329865,0,0,0,0.18031607,0,0,0,0.000329865,0.000119951,0,0,0,0,0,0,0,0,0,0,0,0,0
H160RYKW.04,0,0,0,0,0,0.031292577,0,0,0,0,0,0,0,0,0.00355997,0,0,0,0,0,0,0,0,0.006504637,0,0,0,0,0,0.002637015,0.034852547,0.003911572,0,0,0.000395552,0,0,0,0,0,0,0,0,0.000747154,0.000307652,0,0,0,0,0,0,0,0.00523008,0,0,0,0.055201512,0,0,0,0.712433525,0,8.79E-05,0,0,0.002944667,0,0,0,0.099591263,0,0,4.40E-05,0,0,0.002373313,0,0,0,0,0,0,0,0,4.40E-05,0,0,0,0,0,0,0,0,0,0,0,0,0,0,0,0.001670109,0,0,0,0.034852547,0,0,0,0.000966905,0.000351602,0,0,0,0,0,0,0,0,0,0,0,0,0
G160TP63.04,0,0,0,0,0,0.006457355,0,0,0,0,0,0,0,0,0.00055881,0,0,0,0,2.07E-05,0,0,0,0.000144877,0,0,0,0,0,0.005091376,0.005215556,0,0,0,0.000455326,0,0,0,0,0,0,0,0,0,0.003042407,0,0,0,0,2.07E-05,0,0,0.016660803,0,0,0,0.041289815,0,0,0,0.88579589,0,0,0,0,0.000662293,0,0,0,0.033135335,0,0,0,0,0,0,0,0,0,0,0,0,6.21E-05,0,4.14E-05,0,0,0,0,0,0,0,0,0,0,0,0,0,0,0,0,0,0,0,0,0,0,0,0.001241799,0,0,0,0,0,0,0,0,0.000103483,0,0,0,0,0
F160RKND.04,0,0,0,0,0,0,0.000342802,0,0,0,0,0,0,0,0.007635134,0,0,0,0,0,0,0,0,0.000841423,0,0,0,0,0,6.23E-05,0,0.000124655,0,0,0.000124655,0,0,0,0,0,0,0,0,0,0.000950496,0,0,0,0,7.79E-05,0,0,0.015971454,0,0,3.12E-05,0.000202565,0,0.001371208,0,0.952553095,0,0,0,0,0,0,0,0,0.013945806,0,9.35E-05,0,0,4.67E-05,0,0,0,0,0,0,0,0.002493105,0,0.000747932,0,0.000841423,0,0,0,0,0,0,0.000545367,0,0,0,0,0.00040513,0.000451875,9.35E-05,0,0,0,0,0,0,0,0,3.12E-05,0,0,0,0,0,0,0,0,0,1.56E-05,0,0,0
H160PLH2.04,0,0,0,0,0,0,0,0,0,0,0,0,0,0,0.054574886,0,0,0,0,0.000770832,0,0,0,0,0,0,0,0,0,0,0,2.57E-05,0,0,0,0,0,0,0,0,0,0,0.000102778,0,0.002209718,0,0,0,0,5.14E-05,0,0,0.861070428,0,0,0,0.018397184,0,0,0,0.041059637,0,0,0,0,0,0,0,0,0,0,0,0,0,0,0,0,0,0,0,0,0,0.005575683,0,0.006038182,0,0.001927079,0,0,0,0,0,0,0.001361803,0,0,0,0,0.001593052,0.003057633,0.002184023,0,0,0,0,0,0,0,0,0,0,0,0,0,0,0,0,0,0,0,0,0,0
H160R2R1.04,0,0,0,0,0,0.003697431,0,0,0,0,0,0,0,0,0.003888266,0,0,0,0,8.35E-05,0,0,0,2.39E-05,0,0,0,0,0,3.58E-05,0,0,0,0,0.000166981,0,0,0,0,0,0,0,0,0.001383555,0.0013597,0,0,0,0,0.001109229,0,0,0.008826125,0,0,0,0,0,0.00187257,0,0.969048925,0,0,0,0,0,0,0,0,0.002647838,0,0,0,0,0,0,0,0,0,0,0,0,0.001789079,0,0.001431264,0,0.000393597,0,4.77E-05,0,0,0,0,0.000858758,0,0,0,0,0.000584433,0.000739486,1.19E-05,0,0,0,0,0,0,0,0,0,0,0,0,0,0,0,0,0,0,0,0,0,0
J160PSM0.04,0,0,0,0,0,0.001228861,0,0,0,0,0,0,0,0,0.000351103,0,0,0,0,0,0,0,0,5.85E-05,0,0,0,0,0,0.060097139,0.001521447,0.224413365,0,0,0.000234069,0,0,0,0,0,0,0,0,0,0.005208029,0,0,0,0,0.000117034,0,0,0.027503072,0.001345895,0,0,0.05840014,0,0,0,0.31938674,0,0.007782784,0.001345895,0,0.000351103,0,0,0,0.041254608,5.85E-05,0,0,0,0.001111826,0.002633273,0,0,0,0,0,0,0,0,0,0,0,0,0,0,0,0,0,0,0,0,0,0,0,0,0.239218211,0,0,0,0.000292586,0,0,0,0.005910235,0,0,0,0,0,0,0,0,0.000175552,0,0,0,0,0
G160R465.04,0,0,0,0,0,0,0.000143604,0,0,0,0,0,0,0,0.000164119,0,0,0,0,0.001025746,0,0,0,0,0,0,0,0,0,0,0,0,0,0,0,0,0,0,0,0,0,0,0,0,0.000882142,0,0,0,0,0.006031388,0,0,2.05E-05,0,0,0,0,0.470202072,0,0,0.353102882,0,0,0,0,0,0,0,0,0,0,0,0,0,0,0,0,0,0,0,0,0,0.000533388,0,0.000841112,0,0.000307724,0,0,0,0,0,0,0.000246179,0,0,0,0,0.000164119,0.000205149,0,0,0,0,0,0,0,0,0.105795466,0,0.060293363,4.10E-05,0,0,0,0,0,0,0,0,0,0,0
H160QLXW.04,0,0,0,0,0,0,0.000262548,0,0,0,0,0,0,0,0,0,0,0,0,0,0,0,0,0,0,0,0,0,0,0,0,0,0,0,0,0,0,0,0,0,0,0,0,0,0.010983241,0,0,0,0,0.00571041,0,0,0.047980571,0,0,0,0,2.19E-05,0,0,0.381591038,0,0,0,0,0,0,0,0,6.56E-05,0,0,0,0,0,0,0,0,0,0,0,0,0,0,0,0,0,0,0,0,0,0,0,0,0,0,0,0,4.38E-05,0,0,0,0,0,0,0,0.019078458,0,0,0,0.002275412,0,0.531987048,0,0,0,0,0,0,0,0,0,0
G160S026.04,0,0,0,0,0,1.71E-05,0,0,0,0,0,0,0,0,0,0,0,0,0,0,0,0,0,0,0,0,0,0,0,0,0,0,0,0,0,0,0,0,0,0,0,0,0,0,0.005640929,0,0,0,0,0.013555324,0,1.71E-05,0,0,0,0,0,0,0,0,0.978068751,0,0,0,0,0,0,0,0,0,0,0,0,0,0,0,0,0,0,0,0,0,0.000786311,0,0.000632468,0,0.000358968,0,0,0,0,0,0,0.000495718,0,0,0,0,0.000205125,0.000222218,0,0,0,0,0,0,0,0,0,0,0,0,0,0,0,0,0,0,0,0,0,0,0
F160R1XN.04,0,0.000369504,0,0,0,0.012275732,0.001190623,0,0,0,0,0,0,0,0.000821119,0,0,0,0,0,0,0,0,0.000492672,0,0,0,0,0,0.007513241,0.051361005,0.027959108,0,0,0.003038141,0,0,0,0,0,0,0,0,0.000328448,0.005665722,0,0,0,0,0,0,0,0.116804204,0,0,0.000287392,0.045654227,0,0,0,0.517797758,0,0,0,0,0.008991255,0,0,0,0.066592766,0,0,0,0,0.001765406,0.011742004,0,0,0,0,0,0,0.000574783,0,0.000615839,0,8.21E-05,0,0,0,0,0,0,0.000287392,0,0,0,0,0.000123168,0.000123168,0.062856674,0,0,0,0.008170136,0,0,0,0.046516402,0,0,0,0,0,0,0,0,0,0,0,0,0,0
G160RFY4.04,0,0,0,0,0,0,0.000865285,0,0,0,0,0,0,0,0.000269515,0,0,0,0,0.000496475,0,0,0,0,0,0,0,0,0,0,0,2.84E-05,0,0,0,0,0,0,0,0,0,0,0,0,0.00093621,0,7.09E-05,0,0,0.002170305,0,0,0,0,0,0,2.84E-05,0,0.385108586,0,0.552349745,0,0,0,0,0,0,0,0,0,0,0,0,0,0,0,0,0,0,0,0,0,0.017149666,0,0.011986326,0,0.014383591,0,0,0,0,0,0,0.00422713,0,0,0.000156035,0,0.004496645,0.004298055,0,0,0,0,0,0,1.42E-05,0,0,0,0.000524845,0,0.000439735,0,0,0,0,0,0,0,0,0,0
K160RCMM.04,0,0,0,0,0,0,2.63E-05,0,0,0,0,0,0,0,0,0,0,0,0,0,0,0,0,0,0,0,0,0,0,0,0,0,0,2.63E-05,0,0,0,0,0,0,0,0,0,0,0.000499579,0,0,0,0,0.678665334,0,0,0,0,0,2.63E-05,0,0,0,0,0.303717922,0,0,0,0,0,0,0,0,2.63E-05,0,0,0,0,0,0,0,0,0,0,0,0,0.000341817,0,7.89E-05,0,0.000105175,0,0,0,0,0,0,0.000105175,0,0,0,0,7.89E-05,7.89E-05,0,0,0,0,0,0,0.016196887,0,0,2.63E-05,0,0,0,0,0,0,0,0,0,0,0,0,0
D160S1HJ.04,0,0,0,0,0,0,0,0,0,0,0,0,0,0,0.000857063,0,0,0,0,8.75E-06,0,0,0,0,0,0,0,0,0,0,8.75E-06,0,0,0,0.000279857,0,0,0,0,0,0,0,0,0.00413664,0.057895473,0,0,0,0,0.251906528,0,0.005142377,0,0,0,0,0,0,0,0,0.575815084,0,0,0,0,0,0,0,0,0.100906038,0,0,0,0,0,0,0,0,0,0,0,0,7.87E-05,0,2.62E-05,0,1.75E-05,0,0,0,0,0,0,8.75E-06,0,0,0,0,8.75E-06,3.50E-05,0,0,0,0,1.75E-05,0,0.002851046,0,0,0,0,0,0,0,0,0,0,0,0,0,0,0,0
E160S7NX.04,0,0,0,0,0,2.95E-05,0,0,0,0,0,0,0,0,0.00011075,0,0,0,0,7.38E-06,0,0,0,0,0,0,0,7.38E-06,0,2.95E-05,5.91E-05,0,0,0,3.69E-05,0,0,0,0,0,0,0,0,4.43E-05,0.011303898,0,0,0,0,0.024571766,0,4.43E-05,0.015770821,1.48E-05,0,0,2.95E-05,0,0.00011075,0,0.906925576,0,7.38E-06,0,0,7.38E-06,0,0,0,0.040852038,0,0,0,0,0,0,0,0,0,0,0,0,0,0,0,0,0,0,0,0,0,0,0,0,0,0,0,0,0,0,0,0,0,0,1.48E-05,0,2.22E-05,0,0,0,0,0,0,0,0,0,0,0,0,0,0,0,0
A160SV7R.04,0,0,0,0,0,1.62E-05,0,0,0,0,0,0,0,0,0.000146237,0,0,0,0,7.31E-05,0,0,0,0,0,0,0,0,0,8.12E-06,0,2.44E-05,0,0,0,0,0,0,0,0,0,0,0,0,0.081990121,0,0,0,0,0.162964708,0,1.62E-05,0.031221565,0,0,0,2.44E-05,0,8.12E-06,0,0.722409983,0,0,0,0,0,0,0,0,1.62E-05,0,0,0,0,0,3.25E-05,0,0,0,0,0,0,0.000324971,0,0.000308722,0,9.75E-05,0,0,0,0,0,0,0.000129988,0,0,0,0,6.50E-05,8.12E-05,2.44E-05,0,0,0,0,0,1.62E-05,0,0,0,0,0,0,0,0,0,0,0,0,0,0,0,0
C160S300.04,0,3.04E-05,0,0,0,3.04E-05,6.68E-05,0,0,0,0,0,0,0,0,0,0,0,0,3.64E-05,0,0,0,0,0,0,0,0,0,6.07E-06,6.07E-06,4.25E-05,0,0,0,0,0,0,0,0,0,0,0,0,0.051617527,0,0,0,0,0.397949391,0,2.43E-05,4.25E-05,0.007495414,0,0,1.82E-05,0.002241335,0,6.07E-06,0.539171739,0,6.07E-06,0,0,0,0,0,0,7.29E-05,0,0,0,0,0,4.86E-05,0,0,0,0,0,0,0,0,0,0,0,0,0,0,0,0,0,0,0,0,0,0,6.07E-06,0,0,0,0,0,2.43E-05,0,0.00105689,0,0,0,0,0,0,0,0,0,0,0,0,0,0,0,0
C160S4KG.04,0,0,0,0,0,0,9.32E-05,0,0,0,0,0,0,0,0,0,0,0,0,9.32E-06,0,0,0,0,0,0,0,0,0,1.86E-05,0,5.59E-05,0,0,0,0,0,0,0,0,0,0,0,0,0.000512711,0,0,0,0,0.120533592,0,0.000978811,8.39E-05,0,0,0,0,0.000531355,0,0,0.000130508,0,0,0,0,0,0,0,0,9.32E-06,0,0,0,0,0,0.000130508,0,0,0,0,0,0,0,0,0,0,0,0,0,0,0,0,0,0,0,0,0,0,6.53E-05,0,2.80E-05,0,0,0,0,0,0.293717897,0,0,0,0,0,0.58310106,0,0,0,0,0,0,0,0,0,0
D160S33M.04,0,0,0,0,0,0,0.001490059,0,0,0,0,0,0,0,5.87E-06,0,0,0,0,1.17E-05,0,0,0,0,0,0,0,0,0,0,0,0,0,0,0,0,0,0,0,0,0,0,0,0,0.039844424,0,0,0,0,0.394408171,0,0.000240521,1.17E-05,0,0,0,1.17E-05,0,0,0,0.563060606,0,0,0,0,0,0,0,0,4.69E-05,0,0,0,0,0,0,0,0,0,0,0,0,0,0,0,0,0,0,0,0,0,0,0,0,0,0,0,0,5.87E-05,0,5.87E-06,0,0,0,0,0,0.000803693,0,0,0,0,0,0,0,0,0,0,0,0,0,0,0,0
D160S0BN.04,0,0.0004011,0,0,0,0.045095118,0,0,0,0,0,0,0,0,0.0003438,0,0,0,0,0,0,0,0,0.003820002,0,0,0,0.002444801,0,0.005882802,0.137500955,0.001260601,0,0,0.0010314,0,0,0,0,0,0,0,0,0.001356101,0.004908702,0,0,0,0,0.0002865,0,0,0.034991214,0,0,0,0.014038506,0,0.001699901,0,0.47396669,0,0.0004011,0,0,0.007983803,0,0,0,0.202746581,0.002062801,0,0.009034304,0,0.006283903,0.016731607,0,0,0,0,0,0,5.73E-05,0,0,0,0,0,0,0,0,0,0,3.82E-05,0,0,0,0,1.91E-05,0,0.004660402,0,0,0,0.018240507,0,0,0,0.0007067,0,0,0,0,0,0,0,0,0,0.002005501,0,0,0,0
B160S7JB.04,0,0.000160336,0,0.003033016,0,0.113530992,0,0,0,0,0,0,0,0,0.000895207,0,0,0,0,0,0,0,0,0.00184386,0,0,0,0.001883944,0,0.003660997,0.088238045,0.014550459,0,0,0.001322769,0,0,0,0,0,0,0,0,0.00122924,0.002244699,0,0,0,0,0.000440923,0,0,0.012145424,0.000133613,0,0,0.020656574,0,0,4.01E-05,0.437542589,0,0.004663095,0,0,0.001603356,0,0.000146974,0,0.12295071,0.002217976,0,0.001656802,0,0.001015459,0.112114693,0,0,0,0,0,0,0,0,0,0,0,0,0,0,0,0,0,0,0,0,0,0,0,0,0.001977473,0,0,0,0.045401708,0,6.68E-05,0,0.001162433,0,0,0,0,0,0,0,0.001175795,0.000293949,0,0,0,0,0
B160S48S.04,0,0,0,0.001302026,0,0.081613328,0,0,0,0,0,0,0,0,8.88E-05,0,0,0,0,0,0,0,0,0.003610162,0,0,0,0.009927945,0,0.005415243,0.076863894,0.007471851,0,1.48E-05,0.00059183,0,0,0,0,0,0,0,0,0.000606626,0.000946928,0,0,0,0,0.000399485,0,0,0.009262136,0.000221936,0,0,0.029857813,0,0,0,0.297379674,0,0.018908962,0,0,0.023954311,0,4.44E-05,0,0.158018554,0.001893855,0,0.001272434,0,2.96E-05,0.195644133,0,0,0,0,0,0,0,0,0,0,0,0,0,0,0,0,0,0,0,0,0,0,0,0,0.000369894,0,0,0,0.070664477,0,0,0,8.88E-05,0,0,0,0,0,0,0,0.003506592,1.48E-05,1.48E-05,0,0,0,0
C160SF7R.04,0,0.00055481,0,1.11E-05,0,0.010352748,0.001276062,0,0,0,0,0,0,0,0.000577002,0,0,0,0,1.11E-05,0,0,0,1.11E-05,0,0,0,2.22E-05,0,0.004405189,0.013137892,0.009487245,0,0.000432752,0.000166443,0,0,0,0,0,0.000110962,0.000221924,0,0.000721253,0.004760267,0,0,0,0,0.000277405,0,0,0.033499406,0.000410559,0,0.000388367,0.082500194,0,0,0,0.698971383,0,0.00023302,0.00227472,0,0.002308008,0,3.33E-05,0,0.064568746,3.33E-05,9.99E-05,1.11E-05,0,0.000510425,0.015756594,0,0,0,1.11E-05,0,0,6.66E-05,0,7.77E-05,0,1.11E-05,0,0,0,0,5.55E-05,0,4.44E-05,0,0,0,4.44E-05,2.22E-05,1.11E-05,0.04162182,0,0,0,0.008999012,0,0,0,0.000388367,0,0,0,1.11E-05,6.66E-05,0,0,0.00023302,0.000199731,0,0,0,0,0
A160S43W.04,0,0.000458328,0,5.73E-05,0,0.029476217,4.30E-05,0,0,0,0,0,0,0,0.000329423,0,0,0,0,0,0,0,0,0.001604148,0,0,0,0.003766883,0,0.006803306,0.086695599,0.000687492,0,0,0.00057291,0,0,0,0,0,0,0,0,0.001045561,0.002434867,0,0,0,0,1.43E-05,0,0,0.025451525,1.43E-05,0,0,0.018247182,0,0,0,0.507082599,0,0.001804666,0,0,0.006115814,0,0.000358069,0,0.150145376,0.000787751,0.000214841,0.002148412,0,0.000687492,0.119723857,0,0,0,0,0,0,0,0,0,0,0,0,0,0,0,0,0,0,0,0,0,0,0,0,0.007247311,0,0,0,0.022558329,0,0,0,2.86E-05,0,0,0,2.86E-05,0,0,2.86E-05,0.003308555,1.43E-05,1.43E-05,0,0,0,0
C160SWMK.04,0,0.00013541,0,6.25E-05,0,0.000656216,0,0,0,0,0,0,0,0,0.000229155,0,0,0,0,0,0,0,0,7.29E-05,0,0,0,1.04E-05,0,0.030758815,0.002697776,0.013290974,0,0,0.000437477,0,0,0,0,0,0,0,0,0.000218739,0.011843133,0,0,0,0,0,0,0,0.031654601,0.000666632,0,0,0.039362533,0,0,0,0.768866205,0,0.000729129,0,0,0.002062393,0,2.08E-05,0,0.039466694,3.12E-05,0,0.000114577,0,0.000947867,0.027988126,0,0,0,0,0,0,1.04E-05,0,0,0,0,0,0,0,0,0,0,0,0,0,0,0,1.04E-05,0,0.02265507,0,0,0,0.004718504,0,0,0,9.37E-05,0,0,0,0,9.37E-05,0,0,0,2.08E-05,7.29E-05,0,0,0,0
B160SCW0.04,0,0.001273661,0,2.71E-05,0,0.029754888,0,0,0,0,0,0,0,0,0.000799425,0,0,0,0,0,0,0,0,0.005650177,0,0,0,9.48E-05,0,0.03750525,0.106418438,0.001287211,0,0.000230343,0.000867173,0,0,0,0,0,0,0,0,0.00032519,0.002574421,0,0,0,0,1.35E-05,0,0,0.040675853,6.77E-05,0,0.000162595,0.042477948,0,0,0,0.505602753,0,0.000514884,0.00063683,0,0.003468694,1.35E-05,0.000921372,0,0.104020162,0.001111066,0,0.003428045,0,0.001883392,0.006056664,0,0,0,0,0,0,1.35E-05,0,1.35E-05,0,0,0,0,0,0,0,0,2.71E-05,0,0,0,0,1.35E-05,0,0.080823273,0,0,0,0.014728399,0,0,0,0.000149045,0,0,0,0,0,0,6.77E-05,0.006232809,1.35E-05,5.42E-05,0,0,0,0
D160S178.04,0,9.98E-05,0,4.99E-05,0,0.017669651,0,0,0,0,0,0,0,0,0.000336684,0,0,0,0,0,0,0,0,0.001496371,0,0,0,2.49E-05,0,0.025874754,0.012981021,0.000236925,0,4.99E-05,0.000436442,0,0,0,0,0,0,0,0,0.000124698,0.015088411,0,0,0,0,0.000112228,0,0,0.107975659,0.000897823,0,0,0.079507195,0,0,0,0.589295957,0,0.001159688,0,0,0.002356785,0,0,0,0.039017882,0.000211986,1.25E-05,0.000810534,0,0.000473851,0.026922214,0,0,0,0,0,0,3.74E-05,0,2.49E-05,0,4.99E-05,0,0,0,0,0,0,0,0,0,0,2.49E-05,0,0,0.071389381,0,0,0,0.003703519,0,0,0,0.001359204,0,0,0,0,0,0,0,0.000187046,0,0,0,0,0,0
A160SDS6.04,0,5.66E-05,0,0,0,0.000679784,9.44E-06,0,0,0,0,0,0,0,3.78E-05,0,0,0,0,0,0,0,0,2.83E-05,0,0,0,9.44E-06,0,0.072595264,0.001369009,0,0,0,0.001019676,0,0,0,0,0,0,0,0,0.000103856,0.006306885,0,0,0,0,2.83E-05,0,0,0.034244118,0.001170739,0,0,0.017400582,0,0,0,0.577806941,0,5.66E-05,0,0,0.000254919,0,0,0,0.061803693,9.44E-06,0,2.83E-05,0,0.000103856,0.217445901,0,0,0,0,0,0,6.61E-05,0,5.66E-05,0,1.89E-05,0,0,0,0,0,0,0,0,0,0,0,9.44E-06,9.44E-06,0.002114883,0,0,0,0.000509838,0,0,0,0.004522452,0,0,0,0,0,0,0,0.000113297,0,9.44E-06,0,0,0,0
A160S5P1.04,0,0.000204869,0,0.00155359,0,0.070577389,0,0,0,0,0,0,0,0,5.12E-05,0,0,0,0,0,0,0,0,0.002595008,0,0,0,6.83E-05,0,0.001160925,0.023679448,0.112507256,0,0,0.00105849,0,0,0,0,0,0,0,0,0.0004951,0.001382866,0,0,0,0,0.000904838,0,0,0.050927032,0.000204869,0,0,0.034520436,0,1.71E-05,0,0.399289787,0,0.008160617,8.54E-05,0,0.015365179,0,0,0,0.092208147,0.000290231,0,0.000887766,0,0.001348721,0.071618807,0,0,0,0,0,0,1.71E-05,0,3.41E-05,0,0,0,0,0,0,0,0,0,0,0,0,0,0,0,0.040342131,0,0,0,0.066036125,0,0,0,5.12E-05,0,0,0,0,0.000426811,0,0,0.001809677,0.000119507,0,0,0,0,0
B160S2L5.04,0,0.000297247,0,0.000500626,0,0.040926158,0.000610138,0,0,0,0,0,0,0,0.000109512,0,0,0,0,0.000109512,0,0,0,0.011733417,0,0,0,0.002284105,0,0.000610138,0.140988736,0.008760951,0,0,0.000140801,0,0,0,0,0,0.000219024,0,0,0.000469337,0.000375469,0,0,0,0,0.000187735,0,0,0.003660826,0,0,1.56E-05,0.004208385,0,1.56E-05,0,0.374530663,0,0.009637046,0.000954318,0,0.012421777,0,0.001971214,0,0.178488736,0.007415519,0,0.00491239,0,0.000954318,0.128817272,0,0,0,0,0,0,0,0,0,0,0,0,0,0,0,0,0,0,0,0,0,0,0,0,0.001314143,0,0,0,0.060309762,0,0,0,4.69E-05,0,0,0,0,0.000125156,0,0,0.000109512,0.000156446,0.001611389,0,0,0,0
C160S2K8.04,0,1.84E-05,0,0,0,0.001047515,0,0,0,0,0,0,0,0,0.000330794,0,0,0,0,9.19E-06,0,0,0,0,0,0,0,3.68E-05,0,0.007874739,0.007259095,0.021115695,0,9.19E-06,0.000312417,0,0,0,0,0,0,0,0,0.001341554,0.005926729,0,0,0,0,0.000661588,0,0,0.041836275,0.000551324,0,0,0.029495815,0,0,0,0.789192219,0,0.000192963,0,0,0.003620359,0,0,0,0.064265959,0,0,3.68E-05,0,9.19E-06,0.001846934,0,0,0,0,0,0,0,0,0,0,0,0,0,0,0,0,0,0,0,0,0,9.19E-06,9.19E-06,0,0.018368266,0,0,0,0.004612741,0,0,0,9.19E-06,0,0,0,0,0,0,0,0,0,0,0,0,0,0
A160SSRG.04,0,0.001666889,0,7.78E-05,0,0.027248078,1.11E-05,0,0,0,0,0,0,0,0.000933458,0,0,0,0,0,0,0,0,0.000877895,0,0,0,1.11E-05,0,0.058441125,0.025636752,0.002755923,0,0.000911233,0.00124461,0,0,0,0,0,0,0,0,0.000100013,0.004700627,0,0,0,0,1.11E-05,0,0,0.038382895,0.000277815,0,0.000588967,0.088211762,0,0,0,0.534126772,0,0.004267236,0.001222385,0,0.011168156,0.000266702,0.002078055,0,0.057963284,0.002078055,4.45E-05,0.003200427,0,0.002433658,0.006311953,0,0,0,0,0,0,0,0,0,0,0,0,0,0,0,0,0,0,0,0,0,0.000244477,0,0,0.100057785,0,0,0,0.017846824,0,0,0,0.000633418,0,0,0,0,2.22E-05,0,2.22E-05,0.002678135,0.001133484,0.000111126,0,0,0,0
E160SDQQ.04,0,7.79E-06,0,0,0,0.002663302,7.79E-05,0,0,0,0,0,0,0,0.000926705,0,0,0,0,0,0,0,0.000615207,0.008005482,0,0,0,0,3.11E-05,5.45E-05,0.000428309,0,0,0,0.001619786,0,0,0,0,0,0,0.000116812,0,7.79E-06,0.010941345,0,0,0,0,0.002632153,0,0,0.140625487,1.56E-05,0,0,1.56E-05,0,0.001090241,0,0.808810703,0,0,0,0,0.000186898,0,0,0,0.016400336,0,6.23E-05,0,0,0,0,0,0,0,0,0,0,0.001261564,0,0.000397159,0,0.000436096,0,0,0,0,0,0,0.000467246,0,0,0,0,0.000218048,2.34E-05,0,0,0,0,0.001861197,0,0,0,0,0,0,0,0,0,0,0,0,0,0,0,0,0,0
A160SSZB.04,0,3.56E-05,0,0,0,0.016263638,7.13E-05,0,0,0,0,0,0,0,0.000552216,0,0,0,0,0,0,0,0,0.002422623,0,0,0,0.000578936,0,0.000703629,0.004854153,0.053912269,0,0,0.001353819,0,0,0,0,0,0,0,0,0.000570029,0.006439546,0,0,0,0,0,0,0,0.057902472,6.23E-05,0,1.78E-05,0.003571588,8.91E-06,0.001140058,0,0.76162102,0,0.000650189,0,0,0.000801603,0,0,0,0.082965932,3.56E-05,0.000204854,7.13E-05,0,1.78E-05,0.001656647,0,0,0,0,0,0,0,0,0,0,0,0,0,0,0,0,0,0,0,0,0,0,0,0,0.000213761,0,0,0,0.001175685,0,8.91E-06,0,5.34E-05,6.23E-05,0,0,0,0,0,0,0,0,0,0,0,0,0
B160SFGZ.04,0,9.45E-05,0,0.000584202,0,0.019029537,0,0,0,0,0,0,0,0,6.01E-05,0,0,0,0,0,0,0,0,0.000249145,0,0,0,0.000317875,0,0.019287273,0.010008763,0.043230983,0,1.72E-05,0.000541246,0,0,0,0,0,1.72E-05,0,0,0.000721662,0.007998419,0,0,0,0,6.01E-05,0,0,0.026881905,0.000549838,0,0,0.023952302,0,8.59E-06,0.001993161,0.726060585,0,0.002225124,0,0,0.000816165,0,0,0,0.071092287,8.59E-05,0,4.30E-05,0,0.000317875,0.036340831,0,0,0,0,0,0,1.72E-05,0,2.58E-05,0,0,0,0,7.73E-05,0,0,0,8.59E-06,0,0,0,0,0,8.59E-06,0.00021478,0,0,0,0.005850616,0,0,0,0.000996581,0,0,0,0,0,0,0,0.000111686,0.000103095,0,0,0,0,0
E160S29K.04,0,0,0,0,0,2.04E-05,1.02E-05,0,0,0,0,0,0,0,0.000936825,0,0,0,0,0.000336035,0,0,0,0.000397132,0,0,0,0,0,0.000274938,0,0.004541567,0,0,0.000264755,0,0,0,0,0,0,0,0,3.05E-05,0.000112012,0,9.16E-05,0,0,5.09E-05,0,0,0.000834997,4.07E-05,0,0,0.001435787,1.02E-05,0.000478596,0,0.908506782,0,0,0,0,0,0,0,0,0.081483443,0,0,0,0,1.02E-05,2.04E-05,0,0,0,0,0,0,0,0,0,0,0,0,0,0,0,0,0,0,0,0,0,0,0,0,7.13E-05,0,0,0,4.07E-05,0,0,0,0,0,0,0,0,0,0,0,0,0,0,0,0,0,0
C160S3Q7.04,0,0,0,0,0,0.000172633,0,0,0,0,0,0,0,0,0.000353488,0,0,0,0,0,0,0,0,2.47E-05,0,0,0,0,0,0.000156192,0.000838505,0.013013276,0,0,0.00319783,0,0,0,0,0,0,0,0,9.04E-05,0.010390892,0,0,0,0,5.75E-05,0,0,0.056434708,0.001644128,0,0,0.079057914,0,0,0,0.819326729,0,0.000369929,0,0,0.000271281,0,0,0,0.010522422,0,0,0,0,8.22E-06,0.003559538,0,0,0,0,0,0,0,0,0,0,0,0,0,0,0,0,0,0,0,0,0,0,0,0,8.22E-06,0,0,0,0.000501459,0,0,0,0,0,0,0,0,0,0,0,0,0,0,0,0,0,0
C160S608.04,0,0.000132462,0,0,0,0.001909661,1.10E-05,0,0,0,0,0,0,0,0.000209732,0,0,0,0,0,0,0,0,8.83E-05,0,0,0,0,0,0.225339986,0.002053161,0.000684387,0,1.10E-05,0.013654627,0,0,0,0,0,0,0,0,4.42E-05,0.006424408,0,0,0,0,3.31E-05,0,0,0.061683151,0.000993465,0,0.000110385,0.09809917,0,0,0,0.210228276,0,0.000154539,0,0,0.000574002,0,0,0,0.101697722,1.10E-05,0,0.000364271,0,0.006910102,0.122461144,0,0,0,0,0,0,0,0,0,0,0,0,0,0,0,0,0,0,0,0,0,7.73E-05,2.21E-05,0,0.14327976,0,0,0,0.000861003,0,0,0,0.000728541,0,0,0,0,0,0,0,9.93E-05,0.001037619,1.10E-05,0,0,0,0
C160SDPT.04,0,0,0,1.18E-05,0,0.005259868,0,0,0,0,0,0,0,0,0.004033352,0,0,0,0,2.36E-05,0,0,0,0.000389183,0,0,0,0,0,0.013503473,0.041241612,0.000176901,0,5.90E-05,0.000330216,0,0,0,0,0,0,0,0,0.001214723,0.000684019,0,0,0,0,4.72E-05,0,0,0.016463623,4.72E-05,0,0,0.052091564,0,0,0,0.761065182,0,0.000188695,2.36E-05,0,0.005873126,0,0.000459944,0,0.070607244,0.000530704,0,0.001710047,0,0,0.001863361,0,0,0,0,0,0,9.43E-05,0,0.000235869,0,7.08E-05,0,0,0,0,0,0,0.000188695,0,0,0,0,2.36E-05,2.36E-05,0.000224075,0,0,0,0.017595792,0,0,0,0.000365596,0,0,0,0,0,0,0,0.000389183,0.002889389,0,0,0,0,0
E160RYHG.04,0,2.32E-05,0,0,0,0.016309923,0,0,0,0,0,0,0,0,0.00151855,0,0,0,0,1.74E-05,0,0,0,0,0,0,0,0,0,0,1.16E-05,0,0,0,1.16E-05,0,0,0,0,0,0,0,0,1.16E-05,0.009916943,0,0,0,0,0.000220248,0,0,0.052616021,0,0,0,1.16E-05,0,0,0,0.912497899,0,0,0,0,0,0,0,0,2.32E-05,0,0,0,0,0,0,0,0,0,0,0,0,0.000179676,0,0.000237636,0,4.06E-05,0,0,0,0,0,0,5.80E-05,0,0,0,0,2.32E-05,9.85E-05,2.90E-05,0,0,0,0,0,0,0,0.006143752,0,0,0,0,0,0,0,0,0,0,0,0,0,0
D160S5M5.04,0,0,0,0,0,0.08081192,7.60E-05,0,0,0,0,0,0,0,0,0,0,0,0,0,0,0,0,0,0,0,0,7.60E-05,0,0,0.034286149,0.000456135,0,0,0,0,0,0,0,0,0,0,0,0,0.00060818,0,0,0,0.00881861,0.357685875,0,7.60E-05,0.000836248,0,0.0060818,0,0.022350616,7.60E-05,0,0,0.152577163,0,0.000684203,0,0,0.064543105,0,0,0,0.0631747,0,0.011403375,0,0,7.60E-05,0.029952866,0,0,0,0.000152045,0,0,0,0,0,0,0,0,0,0,0,0,0,0,0,0,0,0,0.023262886,0,0,0.00942679,0,0,0.085221225,0,7.60E-05,0,0,0,0,0.015128478,0,0,0,0,0.017181086,0,0,0,0,0,0.014900411
C160S209.04,0,2.36E-05,0,0,0,0.029389547,0,0,0,0,0,0,0,0,0.000259667,0,0,0,0,0,0,0,0,0.001251121,0,0,0,1.18E-05,0,0.004095652,0.009041122,0.00599594,0,0,0.001369152,0,0,0,0,0,0,0,0,0.00128653,0.002632076,0,0,0,0,1.18E-05,0,0,0.019640244,0.000401303,0,0,0.081771399,0,0,0,0.75206553,0,0.000330485,0,0,0,0,0,0,0.057350928,0,0,0,0,0.000436712,0.000472121,0,0,0,0,0,0,3.54E-05,0,1.18E-05,0,0,0,0,0,0,0,0,1.18E-05,0,0,0,0,1.18E-05,1.18E-05,0.028516123,0,0,0,0.003517303,0,0,0,4.72E-05,0,0,0,0,0,0,0,0,0,0,0,0,0,0
A160SCR2.04,0,0,0,0,0,0.000686878,0,0,0,0,0,0,0,0,0.000156109,0,0,0,0,0,0,0,0,0,0,0,0,0,0,0.014080989,0.003090949,0.033781885,0,9.37E-05,0.000874208,0,0,0,0,0,0,0,0,0,0.001498642,0,0,0,0,0,0,0,0.152393144,0,0,0,0.024977364,0,0,0,0.73929876,0,3.12E-05,0,0,6.24E-05,0,0,0,0.013050673,0,0,6.24E-05,0,0.00037466,0.00549502,0,0,0,0,0,0,0.002029411,0,0.001217647,0,0.000218552,0,0,0,0,0,0,0.000655656,0,0,0,0,3.12E-05,6.24E-05,0.003153392,0,0,0,0.002247963,0,0,0,9.37E-05,0,0,0,0,0,0,0,0.000156109,0,0.000124887,0,0,0,0
C160S6KB.04,0,9.84E-06,0,0,0,0.001082667,0.000383854,0,0,0,0,0,0,0,0.000777551,0,0,0,0,0,0,0,0,0.000442909,0,0,0,0.000767709,0,0,0.040029134,0,0,0,0.000226376,0,0,0,0,0,2.95E-05,0,0,0.000167321,0.013956556,0,0,0,0,0.00093503,0,0,0.07454651,1.97E-05,0,1.97E-05,0.006043248,0,0.000570861,0,0.754175648,0,0.018739973,0,0,0.013513647,0,0,0,0.070353638,0,0,0,0,9.84E-06,0.000757867,0,0,0,0,0,0,0,0,0,0,0,0,0,0,0,0,0,0,0,0,0,9.84E-06,0,0,0,0,0,0,0.002007854,0,0,0,0.000108267,0,0,0,0,0,0,0,0,0,0.000314958,0,0,0,0
A160S69G.04,0,0,0,0,0,0.00025763,0,0,0,0,0,0,0,0,0.001691108,0,0,0,0,6.61E-06,0,0,0,0,0,0,0,0,0,0,0,0,0,0,0,0,0,0,0,0,0,0,0,0.000231206,0.018496499,0,0,0,0,0.01376668,0,1.32E-05,0.12101995,0.000647377,0,0,0,0,0,0,0.818793764,0,0,0,0,0,0,0,0,0.024990091,0,0,0,0,0,6.61E-06,0,0,0,0,0,0,0,0,0,0,0,0,0,0,0,0,0,0,0,0,0,0,1.32E-05,0,6.61E-06,0,0,0,0,0,5.28E-05,0,6.61E-06,0,0,0,0,0,0,0,0,0,0,0,0,0,0
D160SBLT.04,0,0,0,0,0,4.54E-06,1.36E-05,0,0,0,0,0,0,0,0.000486125,0,0,0,0,2.73E-05,0,0,0,0,0,0,0,0,0,0,0,0,0,0,0,0,0,0,0,0,0,0,0,0,0.000286223,0,0,0,0,0.004479619,0,4.54E-06,0.001576499,3.63E-05,0,0,3.63E-05,4.54E-06,0,0,0.992885311,0,0,0,0,0,0,0,0,1.36E-05,0,0,0,0,0,0,0,0,0,0,0,0,8.18E-05,0,3.18E-05,0,9.09E-06,0,0,0,0,0,0,4.54E-06,0,0,0,0,9.09E-06,4.54E-06,0,0,0,0,0,0,0,0,4.54E-06,0,0,0,0,0,0,0,0,0,0,0,0,0,0
C160S6H0.04,0,0.000100922,0,0,0,0,0.000157438,0,0,0,0,0,0,0,0,0,0,0,0,2.42E-05,0,0,0,0,0,0,0,0,0,0,0,0,0,0,0,0,0,0,0,0,0,0,0,0,0.005700053,0,0,0,0,0.015053468,0,0,0.000113032,0.014254169,0,0,4.04E-06,0.004533399,0,0,0.959445658,0,0,0,0,0,0,0,0,0,0,0,0,0,0,0,0,0,0,0,0,0,0,0,4.04E-06,0,0,0,0,0,0,0,0,0,0,0,0,0,0,0,0,0,0,0,0,0,0.000609567,0,0,0,0,0,0,0,0,0,0,0,0,0,0,0,0
E160RVSS.04,0,0,0,0,0,0,0,0,0,0,0,0,0,0,0,0,0,0,0,0,0,0,0,0,0,0,0,0,0,9.47E-06,0,1.89E-05,0,0,9.47E-06,0,0,0,0,0,0,0,0,0,0.001363043,0,0,0,0,0.997898643,0,5.68E-05,2.84E-05,0,0,0,4.73E-05,0,0,0,0.00049221,0,0,0,0,0,0,0,0,0,0,0,0,0,0,0,0,0,0,0,0,0,0,0,0,0,0,0,0,0,0,0,0,0,0,0,0,0,2.84E-05,0,4.73E-05,0,0,0,0,0,0,0,0,0,0,0,0,0,0,0,0,0,0,0,0,0,0
D160S6C8.04,0,0,0,0,0,0.009917687,6.38E-05,0,0,0,0,0,0,0,0.000656318,0,0,0,0,0,0,0,0,0,0,0,0,0,0,0,0,0,0,0,3.65E-05,0,0,0,0,0,0,0,0,0.002078339,0.041894935,0,0,0,0,0.209492904,0,0.000136733,9.12E-06,0.003700902,0,0,2.73E-05,9.12E-05,0,0,0.538818446,0,0,0,0,0,0,0,0,0.192939117,0,0,0,0,0,9.12E-06,0,0,0,0,0,0,0,0,0,0,0,0,0,0,0,0,0,0,0,0,0,0,0,0,0,0,0,0,0,0,0.000127617,0,0,0,0,0,0,0,0,0,0,0,0,0,0,0,0
E160S4BL.04,0,0.00010646,0,0,0,0,0,0,0,0,0,0,0,0,0,0,0,0,0,1.12E-05,0,0,0,0,0,0,0,0,0,0,1.12E-05,0,0,0,0,0,0,0,0,0,0,0,0,0,0.013727797,0,0,0,0,0.040959265,0,0,1.12E-05,0.012898526,0,0,0,0.00124951,0,0,0.930268392,0,5.60E-06,0,0,0,0,0,0,5.60E-06,0,0,0,0,0,0,0,0,0,0,0,0,0,0,0,0,0,0,0,0,0,0,0,0,0,0,0,0,5.60E-06,0,0,0,0,0,0,0,0.00073962,0,0,0,0,0,0,0,0,0,0,0,0,0,0,0,0
B160SWG4.04,0,0,0,0,0,5.14E-06,0.000143949,0,0,0,0,0,0,0,0,0,0,0,0,0,0,0,0,0,0,0,0,0,0,3.60E-05,5.14E-06,9.25E-05,0,0,5.14E-06,0,0,0,0,0,0,0,0,0,0.002236343,0,0,0,0,0.103283054,0,0,3.08E-05,5.14E-06,0,0,5.14E-06,0.001254408,0,0,0.891144082,0,0,0,0,0,0,0,0,7.71E-05,0,0,0,0,0,8.74E-05,0,0,0,0,0,0,0.000334166,0,0.000308461,0,5.66E-05,0,0,0,0,0,0,0.000313602,0,0,0,0,8.74E-05,0.000123384,0.000138807,0,0,0,0,0,0.000226205,0,0,0,0,0,0,0,0,0,0,0,0,0,0,0,0
A160S7N0.04,0,0,0,0,0,1.20E-05,0.000251091,0,0,0,0,0,0,0,1.20E-05,0,0,0,0,2.39E-05,0,0,0,0,0,0,0,0,0,0,0,0,0,0,0,0,0,0,0,0,0,0,0,0,2.39E-05,0,0,0,0,0.996986907,0,0,1.20E-05,1.20E-05,0,0,0,1.20E-05,0,0,0.002498954,0,0,0,0,1.20E-05,0,0,0,9.57E-05,0,0,0,0,0,0,0,0,0,0,0,0,0,0,0,0,0,0,0,0,0,0,0,0,0,0,0,0,3.59E-05,0,0,0,0,0,0,0,1.20E-05,0,0,0,0,0,0,0,0,0,0,0,0,0,0,0,0
A160ST32.04,0,0,0,0,0,0,3.80E-06,0,0,0,0,0,0,0,0,0,0,0,0,7.60E-06,0,0,0,0,0,0,0,0,0,7.60E-06,1.90E-05,0,0,0,0,0,0,0,0,0,0,0,0,0,0,0,0,0,0,3.80E-06,0,0,3.80E-06,3.80E-06,0,0,1.14E-05,0,0,0,0.999897463,0,0,0,0,0,0,0,0,7.60E-06,0,0,0,0,0,0,0,0,0,1.52E-05,0,0,3.80E-06,0,7.60E-06,0,0,0,0,0,0,0,0,0,0,0,0,0,7.60E-06,0,0,0,0,0,0,0,0,0,0,0,0,0,0,0,0,0,0,0,0,0,0,0,0
B160S30X.04,0,0,0,0,0,0,0.000773919,0,0,0,0,0,0,0,0,0,0,0,0,0,0,0,0,0,0,0,0,0,0,0,1.07E-05,0,0,0,0,0,0,0,0,0,0,0,0,0,0.000300968,0,0,0,0,0.173777047,0,7.52E-05,5.37E-05,0,0,0,7.52E-05,0.007330732,0,0,0.00076317,0,0,0,0,0,0,0,0,4.30E-05,0,0,0,0,0,1.07E-05,0,0,0,0,0,0,0.000161233,0,0,0,0,0,0,0,0,0,0,0,0,0,0,0,0.00029022,0,5.37E-05,0,0,0,1.07E-05,0,0.010652134,0,0,0,0,0,0.805617362,0,0,0,0,0,0,0,0,0,0
D160RXXJ.04,0,0,0,0,0,0,0,0,0,0,0,0,0,0,0,0,0,0,0,7.90E-06,0,0,0,0,0,0,0,0,0,0,0,1.58E-05,0,0,0,0,0,0,0,0,0,8.69E-05,0,0,0.001397994,0,0,0,0,0.998025432,0,7.11E-05,7.90E-06,0,0,0,0,0,0,0,0.000268541,0,0,0,0,0,0,0,0,0,0,0,0,0,0,0,0,0,0,0,0,0,3.95E-05,0,0,0,0,0,0,0,0,0,0,0,0,0,0,0,6.32E-05,1.58E-05,0,0,0,0,0,0,0,0,0,0,0,0,0,0,0,0,0,0,0,0,0,0,0
K160RZVY.04,0,0,0,0,0,0,0.007753211,0,0,0,0,0,0,0,0,0,0,0,0,0.007178291,0,0,0,0,0,0,0,0,0,3.29E-05,1.64E-05,1.64E-05,0,0,0,0,0,0,0,0,0,0,0,0,0.046256447,0,0,0,0,0.129570617,0,6.57E-05,0.000197116,0,0,0,1.64E-05,0,0,0,0.005174283,0,0,0,0,0,0,0,0,0.001691908,0,0,0,0,0,0,0,0,0,0,0,0,0.265481783,0,0.183366733,0,0.083363448,0,0,0,0,0,0,0.047242025,0,0,0,4.93E-05,0.107345839,0.115049772,1.64E-05,0,0,0,0,0,1.64E-05,0,9.86E-05,0,0,0,0,0,0,0,0,0,0,0,0,0,0
H160S09R.04,0,0,0,0,0,0,6.53E-05,0,0,0,0,0,0,0,0,0,0,0,0,0,0,0,0,0.005003789,0,0,0,6.53E-05,0,6.53E-05,0.123579211,0.000274359,0,0,0,0,0,0,0,0,0,0,0,0.000117583,0.000104518,0,0,0,0,0,0,0,0.002808915,0,0,0,2.61E-05,0,0,0,0.57275744,0,0,0,0,0.025750568,0,0,0,0.251430587,0.002155679,0,0,0,0,0,0,0,0,0,0,0,1.31E-05,0,3.92E-05,0,0,0,0.000143712,0,0,0,0,0,0,0,0,0,2.61E-05,5.23E-05,0.005474119,0,0,0,0.009759348,0,0,0,0.000287424,0,0,0,0,0,0,0,0,0,0,0,0,0,0
F160S1TW.04,0,0.000101854,0,3.82E-05,0,0.007524445,5.09E-05,0,0,0,0,0,0,0,0.000522,0,0,0,0,0,0,0,0,0.001056733,0,0,0,0.000101854,0,0.000229171,0.047056427,8.91E-05,0,1.27E-05,8.91E-05,0,0,0,0,0,0,0,0,0.001158586,0.000662049,0,0,0,0,0,0,0,0.009128641,0.000420147,0,0,0.049131697,0.000763903,0,0,0.689244245,0,0.000178244,6.37E-05,0,0.004366979,0,0,0,0.134396007,0.000152781,0,0.000356488,0,1.27E-05,0.012629864,0,0,0,0,0,0,1.27E-05,0,1.27E-05,0,2.55E-05,0,0,0,0,0,0,1.27E-05,0,0,0,0,0,0,0.015290792,0,0,0,0.024190263,0,0,0,6.37E-05,0,0,0,0.000700244,0,0,0,0.000127317,1.27E-05,1.27E-05,0,0,0,0
H160RW3Q.04,0,0.000359436,0,6.54E-05,0,0.016027579,0.003153234,0,0,0,0,0,0,0,0.000457464,0,0,0,0,0,0,0,0,0.002989854,0,0,0,0.000375774,0,0.007564494,0.080709723,0.006518862,0,0.000996618,0.000392112,0,0,0,0,0,0,0,0,0.001568448,0.001012956,0,0,0,0,0.00073521,0,0,0.013135752,4.90E-05,0,0,0.029424739,0.000196056,1.63E-05,0,0.563644681,0,0.00032676,0.001503096,0,0.009525054,0.000424788,0.000539154,0,0.11652262,0.001356054,4.90E-05,0.00147042,0,0.008381394,0.038394301,0,0,0,0,0,0,0,0,0,0,0,0,0,0,0,0,0,0,0,0,0,0,0,1.63E-05,0.05434019,0,0,0,0.032610649,0,0,0,0.000147042,0.000147042,0,0,0.000751548,0.000114366,0.000506478,0,0.00302253,0.000277746,0.000179718,0,0,0,0
H160SVQ1.04,0,0.001035485,0,0,0,0.000143817,0,0,0,0,0,0,0,0,0.000786201,0,0,0,0,0,0,0,0,0.010978053,0,0,8.63E-05,0.000872492,0,9.59E-06,0.071908647,2.88E-05,0,0,0.001898388,0,0,0,0,0,0,0,0,0.001668281,0.001294356,0,0,0,0,7.67E-05,0,0,0.027910143,0,0,0,0.019674206,0,0,0,0.685049713,0,0,0,0,0.0476227,0,0,0,0.109857237,0,0,0,0,5.75E-05,0.016538989,0,0,0,0,0,0,0,0,0,0,0,0,0,0,0,0,0,0,0,0,0,0,0,0,0,0,0,0,0.002502421,0,0,0,0,0,0,0,0,0,0,0,0,0,0,0,0,0,0
F160RW03.04,0,0.000262149,0,0,0,0.062407838,0,0,0,0,0,0,0,0,6.55E-05,0,0,0,0,1.64E-05,0,0,0,0.001212439,0,0,0.00011469,0.000442376,0,0.000737294,0.06009765,0.000933906,0,0,0.015941934,0,0,0,0,0,0,0,0,0.001703968,0.001622047,0,0,0,0,0.000131074,0,0,0.036864698,0.000131074,0,0,0.050660288,0,0,0,0.571058754,0,4.92E-05,0.000606219,0,0.006717567,0,0,0,0.142953108,0.000311302,0,0.002605105,0,9.83E-05,0.001556509,0,0,0,0,0,0,0,0,0,0,0,0,0,0,0,0,0,0,0,0,0,0,0,0.000180227,0.011124947,0,0,0,0.025805289,0,0,0,0.00072091,0,0,0,0,0,0,0,0.001359898,0.001163286,0.000344071,0,0,0,0
F160RX6M.04,0,1.52E-05,0,0,0,0.012646136,0,0,0,0,0,0,0,0,0.000303265,0,0,0,0,0,0,0,0,0.003305585,0,0,0,0.000242612,0,3.03E-05,0.068037423,3.03E-05,0,0,0,0,0,0,0,0,0,0,0,0.002577749,0.000242612,0,0,0,0,0,0,0,0.000879467,0,0,1.52E-05,0.013783378,0,0,0,0.669274743,0,0,0,0,0.001834751,0,0,0,0.192967293,0.002213832,0,0.001576976,0,0,0.018726592,0,0,0,0,0,0,0,0,3.03E-05,0,0,0,0,0,0,0,0,0,0,0,0,0,0,1.52E-05,9.10E-05,0,0,0,0.011144976,0,0,0,0,0,0,0,0,0,0,0,0,0,1.52E-05,0,0,0,0
G160SC1H.04,0,0.000673619,0,0.000945657,0,0.001541551,0,0,0,0,0,0,0,0,0.000142496,0,0,0,0,0,0,0,0,0,0,0,0,0.000142496,0,0.009508388,0.032191204,0.179467582,0,0.000945657,0.000544077,0,0,0,0,0,0.000440443,0,0,0.000233176,0.00252607,0,0,0,0,0.00064771,0,0,0.049251895,0,0,3.89E-05,0.011788328,0,0,0,0.195414211,0,0.006554829,0,0,0.001373146,0,0,0,0.029121057,0,0,0,0,0.016775698,0.021607617,0,0,0,0,0,0,0,0,0,0,0,0,0,0,0,0,0,0,0,0,0,0,0,1.30E-05,0.433952976,0,0,0,0.003497636,0,0,0,0.000479306,9.07E-05,0,0,0,7.77E-05,0,0,1.30E-05,0,0,0,0,0,0
K160NSW7.04,0,0,0,0,0,0,0,0,0,0,0,0,0,0,0,0,0,0,0,0.001531005,0.00031495,0,0,0,0,0,0,0,0,0,0,0,0,0,0,0,0,0,0,0,0,0,0,0,0.018337066,0,0,0,0,0.963308371,0,0.00043743,9.62E-05,0,0,0,0,0,0,0,0.000297452,0,0,0,0,0,0,0,0,8.75E-06,0,0,0,0,0,0,0,0,0,0,0,0,0,0,0,0,0,0,0.001242301,0,0,0,0,0,0,0,0,0,0.01262423,0,0,0,0,0,0,0,0,0,0,0,0,0,0.001802212,0,0,0,0,0,0,0,0,0,0
J160P05Z.04,0,0,0,0,0,2.50E-05,0,0,0,0,0,0,0,0,0,0,0,0,0,7.51E-05,0,0,0,0,0,0,0,0,0,0,0,0,0,0,0,0,0,0,0,0,0,0,0,1.67E-05,0.230554281,0,0,0,0,0.206998373,0,0.00025024,0.010860408,0,0,0,0,0,0,0,0.503966301,0,0,0,0,0,0,0,0,0.043800309,0,0,0,0,0,0,0,0,0,0,0,0,0,0,0,0,0,0,0,0,0,0,0,0,0,0,0,0,0.002210452,0,0,0,0,0,0,0,0,0,0.001042666,0,0,0,0.000200192,0,0,0,0,0,0,0,0,0,0
J160RYGK.04,0,4.51E-05,0,0,0,0.002667676,0.002901999,0,0,0,0,0,0,0,0.000171236,0,0,0,0,0,0,0,0,2.70E-05,0,0,0,2.70E-05,0,0.010229096,0.002397303,0.001261739,0,0.000387534,0.000811118,0,0,0,0,0,9.01E-06,0,0,0.000693956,0.022855495,0,0,0,0,0.000126174,0,0,0.129697723,0,0,0.000360497,0.007678581,0,0,0,0.793408317,0,1.80E-05,0,0,0.00022531,0,0,0,0.016348528,2.70E-05,0.000576795,0,0,8.11E-05,0.001405937,0,0,0,0,0,0,7.21E-05,0,7.21E-05,0,0,0,9.01E-06,0,0,0,0,1.80E-05,0,1.80E-05,0,9.01E-06,1.80E-05,1.80E-05,0.003974477,0,0,0,0.000937292,0,0,0,0,0,0,0,0,0,0,0,3.60E-05,0.000369509,9.01E-06,0,0,0,0
G160RXDL.04,0,0.000346735,0,1.65E-05,0,0.03117312,0,0,0,0,0,0,0,0,0.000462313,0,0,0,0,0,0,0,0,0.000858582,0,0,1.65E-05,0.000363246,0,0.006802609,0.050986543,0.030809874,0,0,0.002262033,0,0,0,0,0,0,0,0,0.001568563,0.002889458,0,0,0,0,0.000478824,0,0,0.064030381,1.65E-05,0,0,0.060843722,0,0,0,0.576917362,0,0.000462313,0.000809048,0,0.008288616,0,0.000957649,0,0.075010319,0.000627425,0,0.003104103,0,0.001271361,0.030248493,0,0,0,0,0,0,3.30E-05,0,6.60E-05,0,3.30E-05,0,0,0,0,0,0,0,0,0,0,0,4.95E-05,1.65E-05,0.040336828,0,0,0,0.006720053,0,0,0,0.000528358,0,0,0,0,0,0,0,0.000396268,0.000181623,1.65E-05,0,0,0,0
G160SCKR.04,0,0,0,0,0,0.010990417,1.16E-05,0,0,0,0,0,0,0,0.000872255,0,0,0,0,0,0,0,0,0.004419427,0,0,1.16E-05,0.000104671,0,0.031947804,0.029714831,0,0,0,0.000453573,0,0,0,0,0,0,0,0,0.002488835,0.001477019,0,0,0,0,0.000500093,0,0,0.014618999,0,0,0,0.030342854,0,0,0,0.78454131,0,0,0,0,0.000523353,0,0,0,0.081433755,0,0,0,0,0,0.000127931,0,0,0,0,0,0,2.33E-05,0,0,0,0,0,0,0,0,0,0,1.16E-05,0,0,0,0,1.16E-05,1.16E-05,0,0,0,0,0.003849553,0,0,0,0.000209341,0,0,0,0,0,0,0,0.001302568,0,0,0,0,0,0
J160STZG.04,0,0,0,0,0,1.04E-05,0,0,0,0,0,0,0,0,0.0006875,0,0,0,0,2.08E-05,0,0,0,0.000125,0,0,0,0,0,0.000791667,0.001020833,0.032864583,0,0,0.000208333,0,0,0,0,0,0,0,0,0.000875,0.000364583,0,0,0,0,1.04E-05,0,0,0.005291667,0,0,0,0.01125,0,1.04E-05,0,0.851416667,0,0.0003125,0,0,6.25E-05,0,0,0,0.0944375,0,0,0,0,0.000114583,1.04E-05,0,0,0,0,0,0,0,0,0,0,0,0,0,0,0,0,0,0,0,0,0,0,0,0,2.08E-05,0,0,0,9.38E-05,0,0,0,0,0,0,0,0,0,0,0,0,0,0,0,0,0,0
H160RZGP.04,0,0,0,0.001095333,0,0.002242825,0,0,0,0,0,0,0,0,3.91E-05,0,0,0,0,0,0,0,0,0.005359308,0,0,0,0.000117357,0,0,0.044191475,6.52E-05,0,0,0,0,0,0,0,0,0,0,0,0.00080846,0.004368293,0,0,0,0,0.046069189,0,3.91E-05,0.014956513,0,0,0,2.61E-05,1.30E-05,0.031034438,0,0.664176088,0,0,0,0,0.001486523,0,0,0,0.182594635,0,1.30E-05,0.000847579,0,0,0,0,0,0,0,0,0,2.61E-05,0,2.61E-05,0,2.61E-05,0,0,0,0,0,0,1.30E-05,0,0,0,0,0.000104317,2.61E-05,1.30E-05,0,0,0,0,0,5.22E-05,0,0,0,0,0,0.000169516,0,0,0,0,0,0,0,0,0,0
G160RXYH.04,0,0,0,0,0,1.41E-05,0.001135178,0,0,0,0,0,0,0,0,0,0,0,0,7.05E-05,0,0,0,0,0,0,0,0,0,1.41E-05,1.41E-05,0,0,0,0,0,0,0,0,0,0,0,0,2.82E-05,0.028654426,0,0,0,0,0.350198832,0,0.001459514,5.64E-05,0,0,0,4.23E-05,2.12E-05,3.53E-05,0,0.614046592,0,0,0,0,1.41E-05,0,0,0,0.001558225,0,0,0,0,0,2.12E-05,0,0,0,0,0,0,0.000451251,0,0.001170432,0,0.000394844,0,2.12E-05,0,0,0,0,0.000190371,0,0,0,0,3.53E-05,0.000133965,6.35E-05,0,0,0,2.12E-05,0,0,0,0,0,0,0,0.000133965,0,0,0,0,0,0,0,0,0,0
J160S70G.04,0,7.29E-06,0,0,0,5.84E-05,0,0,0,0,0,0,0,0,7.29E-06,0,0,0,0,0,0,0,0,0.005477753,0,0,0,1.46E-05,0,1.46E-05,0.000306346,0.000189643,0,0,0,0,0,0,0,0,0,0,0,0.000167761,0.000196937,0,0,0,0,0.001261853,0,0,0.000714807,0,0,0,2.92E-05,0,0.001021152,0,0.92218089,0,0,0,0,7.29E-06,0,0,0,0.061560904,0,0,0,0,0,7.29E-06,0,0,0,0,0,0,0,0,0,0,0,0,0,0,0,0,0,0,0,0,0,0,0,0,7.29E-06,0,0,0,0.006768782,0,0,0,0,0,0,0,0,0,0,0,0,0,0,0,0,0,0
H160RX46.04,0,3.38E-05,0,0,0,0.006085056,0,0,0,0,0,0,0,0,0.000185674,0,0,0,0,0,0,0,0,0,0,0,0,0,0,0.007545132,0.00231249,0.001105607,0,0.000109717,0.001240642,0,0,0,0,0,8.44E-06,0,0,0.000852414,0.00231249,0,0,0,0,0,0,0,0.022365323,0,0,0,0.012431744,0,0,0,0.922599104,0,0.000835535,0,0,1.69E-05,0,0,0,0.014651396,0,0,0,0,0.000725818,0.000607662,0,0,0,0,0,0,0,0,0,0,0,0,0,0,0,0,0,0,0,0,0,0,0,0,0.002591002,0,0,0,0.001299721,8.44E-06,0,0,7.60E-05,0,0,0,0,0,0,0,0,0,0,0,0,0,0
G160S0Q1.04,0,3.92E-05,0,0,0,0.003109973,1.31E-05,0,0,0,0,0,0,0,0.000614154,0,0,0,0,1.31E-05,0,0,0,0.000196007,0,0,0,1.31E-05,0,0.001071503,0.053261551,0.000849362,0,0,0.001947,0,0,0,0,0,0,0,0,0.001633389,0.002025402,0,0,0,0,0.001215241,0,0,0.037476479,0,0,0,0.001202174,0,0,0,0.681306189,0,0.000561886,0,0,0.010205415,0,0,0,0.143228622,0,0,0,0,0,0.057011813,0,0,0,0,0,0,0,0,2.61E-05,0,0,0,0,0,0,0,0,1.31E-05,0,0,0,0,1.31E-05,0,3.92E-05,0,0,0,0.001947,0,0,0,0.000966966,0,0,0,0,0,0,0,0,0,0,0,0,0,0
J160S5QV.04,0,1.81E-05,0,0,0,0.009264547,0,0,0,0,0,0,0,0,0.001396028,0,0,0,0,9.07E-06,0,0,0,2.72E-05,0,0,0,1.81E-05,0,0.005058334,0.005874194,0.000226628,0,0.000344474,0.001568265,0,0,0,0,0,0,0,0,0.001087814,0.000208498,0,0,0,0,0,0,0,0.00081586,0,0,0,0.018565355,0,0,0,0.863932628,0,5.44E-05,1.81E-05,0,0.003290637,0,9.07E-06,0,0.086390543,9.07E-06,0,7.25E-05,0,0,0.000435126,0,0,0,0,0,0,0,0,0,0,0,0,0,0,0,0,0,0,0,0,0,0,0,0.000416995,0.000290084,0,0,0,0.000172237,0,0,0,0.000163172,0,0,0,0,0,0,0,0.000262888,0,0,0,0,0,0
K160RYFN.04,0,0.00106827,0,0,0,0.014359535,0,0,0,0,0,0,0,0,0.001204909,0,0,0,0,0,0,0,0,7.45E-05,0,0,0,1.24E-05,0,0.019253702,0.005142602,0.000695618,0,0.000149061,0.000645931,0,0,0,0,0,0,0,0,0.000919209,0.000223591,0,0,0,0,0,0,0,0.007477889,1.24E-05,0,0,0.046208884,0,0,0,0.749565239,0,0.000198748,2.48E-05,0,0.0014285,0,0,0,0.088765776,7.45E-05,0,0.000149061,0,9.94E-05,0.001316705,0,0,0,0,0,0,7.45E-05,0,2.48E-05,0,4.97E-05,0,0,0,0,0,0,2.48E-05,0,0,0,0,1.24E-05,0.000236013,0.057077909,0,0,0,0.000844679,0,0,0,0.001577561,0,0,0,0,0,0,0,0.000968896,3.73E-05,0,0,0,0,0
F160RX7J.04,0,0,0,0,0,0.004655374,0,0,0,0,0,0,0,0,0.001290225,0,0,0,0,0,0,0,0,0.001124231,0,0,0,0,0,0.000173539,0.000784698,0.00062625,0,0,1.51E-05,0,0,0,0,0,0,0,0,0.000354623,0.000618704,0,0,0,0,0,0,0,0.014509375,0,0,0,0.016282491,0,0,0,0.91823292,0,0,0,0,0,0,0,0,0.039989437,0,0,0,0,0,0,0,0,0,0,0,0,0.000324443,0,0.0002339,0,0.000143358,0,0,0,0,0,3.02E-05,0.000256536,0,0,0,0,4.53E-05,0.000113178,6.79E-05,0,0,0,0.000128268,0,0,0,0,0,0,0,0,0,0,0,0,0,0,0,0,0,0
G160SDXW.04,0,0,0,0,0,0.003915921,1.19E-05,0,0,0,0,0,0,0,0.001356884,0,0,0,0,3.57E-05,0,0,0,0.000785565,0,0,0,3.57E-05,0,0.069736717,0.012473815,0.000559417,0,0.001356884,4.76E-05,0,0,0,0,0,0,0,0,0.00023805,0.001154542,0,0,0,0,0.000107122,0,0,0.047907541,0,0,0.000583222,0.039611503,0,3.57E-05,0,0.643317939,0,0.000797467,3.57E-05,0,0.002773281,0,0,0,0.103123215,0.000178537,2.38E-05,0.000726052,0,0,0.043836888,0,0,0,0,0,0,0.000630832,0,0.000202342,0,0.000261855,4.76E-05,0,0,0,0,0,0.000154732,0,1.19E-05,0,7.14E-05,4.76E-05,7.14E-05,0.012830889,0,0,0,0.007296229,3.57E-05,0,0,0.001952009,0,0,0,0,7.14E-05,0,0,0.000440392,0.001083127,2.38E-05,0,0,0,0
G160S2Y6.04,0,0,0,0,0,0,0,0,0,0,0,0,0,0,0.012340102,0,0,0,0,0,0,0,0,0.00114367,0,0,0,8.65E-05,0,0,0.012686087,5.77E-05,0,0,0,0,0,0,0,0,0,0,0,9.61E-06,9.61E-06,0,0,0,0,0,0,0,9.61E-06,0,0,0,3.84E-05,2.88E-05,0.121094463,0,0.746422427,0,0,0,0,0,0,0,0,0.105851938,0,0,0,0,0,0,0,0,0,0,0,0,0,0,0,0,0,0.000105717,0,0,0,0,0,0,0,0,0,0,3.84E-05,0,0,0,0,0,0,0,6.73E-05,0,9.61E-06,0,0,0,0,0,0,0,0,0,0,0,0,0,0
J160S4DD.04,0,0,0,0,0,0,0,0,0,0,0,0,0,0,1.63E-05,0,0,0,0,0,0,0,0,0,0,0,0,0,0,0,0,0,0,0,0,0,0,0,0,0,0,0,0,9.22E-05,0.001654085,0,0,0,0,0.001431732,0,5.42E-06,0.088404052,2.71E-05,0,0,0,0,0,0,0.89574385,0,0,0,0,0,0,0,0,0.012522235,0,0,0,0,0,0,0,0,0,0,0,0,0,0,1.63E-05,0,0,0,0,0,0,0,0,0,0,0,0,0,2.17E-05,0,0,0,0,0,0,0,6.51E-05,0,0,0,0,0,0,0,0,0,0,0,0,0,0,0,0
H160S32Q.04,0,0,0,0,0,0,0,0,0,0,0,0,0,0,0.000438883,0,0,0,0,0,0,0,0,0,0,0,0,0,0,0,4.14E-05,0.000173897,0,0,4.97E-05,0,0,0,0,0,0,0,0,0.003800896,0.04579293,0,0,0,0,0.007866778,0,0.000455445,0.134828297,0.000107651,0,0,0,0,0,0,0.610644165,0,8.28E-06,0,0,0,0,0,0,0.194210051,0,0,0,0,1.66E-05,8.28E-06,0,0,0,0,0,0,0,0,0,0,0,0,0,0,0,0,0,0,0,0,0,0,0,0,0.000289829,0,0,0,8.28E-06,0,0.001258685,0,0,0,0,0,0,0,0,0,0,0,0,0,0,0,0
F160Q3GQ.04,0,0,0,0,0,0,0.002019437,0,0,0,0,0,0,0,6.88E-05,0,0,0,0,0,0,0,0.003247163,0.045070164,0,0,0,0,0,0.000160637,0.003017682,3.44E-05,0,0,0.0009294,0,0,0,0,0,0,0,0,0.000596652,0.000458963,0,0,0,0,0.188163345,0,2.29E-05,0.007102452,0,0,0,0,0,0,0,0.568792813,0,0,0,0,0,0,0,0,0.18029213,0,0,0,0,0,0,0,0,0,0,0,0,0,0,0,0,0,0,1.15E-05,0,0,0,0,0,0,0,0,0,0,0,0,0,0,0,0,0,1.15E-05,0,0,0,0,0,0,0,0,0,0,0,0,0,0,0,0
K160SBK0.04,0,4.14E-05,0,0,0,0.00158169,0,0,0,0,0,0,0,0,0.000227432,0,0,0,0,0,0,0,0,2.07E-05,0,0,0,0,0,0.047471364,0.0003825,0.229551751,0,0.000103378,0.000775338,0,0,0,0,0,0,0,0,0.001281892,0.001075135,0,0,0,0,0,0,0,0.038715213,0,0,2.07E-05,0.022929331,0,0,0,0.16396849,0,3.10E-05,8.27E-05,0,0.00028946,0,0,0,0.066492991,4.14E-05,4.14E-05,2.07E-05,0,0.003359798,0.191312079,0,0,0,0,0,0,0.000134392,0,8.27E-05,0,6.20E-05,0,0,0,0,0,0,0,0,0,0,1.03E-05,3.10E-05,1.03E-05,0.229076211,0,0,0,0.000258446,0,0,0,0.000268784,0,0,0,0,0,0,0,5.17E-05,0.000196419,0,0,0,0,0
J160S16C.04,0,1.42E-05,0,0,0,0.00037041,0,0,0,0,0,0,0,0,1.42E-05,0,0,0,0,1.42E-05,0,0,0,7.12E-06,0,0,0,0,0,5.70E-05,0.001381914,7.12E-06,0,0,0.00180931,0,0,0,0,0,0,0,0,0.000106849,0.001780817,0,0,0,0,0,0,0,0.037404281,0,0,0,0.001916159,0,0,0,0.94895466,0,7.12E-06,5.70E-05,0,0.000320547,7.12E-06,0,0,0.003504648,3.56E-05,0,2.85E-05,0,0,0,0,0,0,0,0,0,0,0,0,0,0,0,0,0,0,0,0,0,0,0,0,0,3.56E-05,0,0.001061367,0,0,0,0.000911778,0,0,0,0.000135342,0,0,0,0,0,0,0,0,5.70E-05,0,0,0,0,0
J160RXK7.04,0,0,0,0.000568782,0,0.008714553,0.533365158,0,0,0,0,0.000406273,0,0,0.00108678,0,0.000182823,0,0,0.000345332,0,0,0,0.00041643,0,0,1.02E-05,0,0,0.000487527,0.014656293,0.000985212,0,0,0.01185301,0,0,0,0,0,0,0,0,2.03E-05,0.008612984,0,0,0,0,0.001452425,0,0,0.004397904,0,0,0,0.021654343,0,0,0,0.214999594,0,1.02E-05,0,0.00022345,0.001005525,0,0,0.000121882,0.020242545,0,0,0.000132039,0,1.02E-05,0.001127407,0,0,0,0,0,0,0.0067746,0,0.008369221,0,0.004164297,0,0,0,0,0,0,0.002254814,0,0,0,0,0.005830015,0.002793126,0.120998212,0,0.000304705,0,0.001239132,0,0,0,0,0,0,0,0,0,0.000182823,0,0,0,0,0,0,0,0
K160STT4.04,0,0,0,0,0,0,0.000155484,0,0,0,0,0,0,0,0,0,0,0,0,0,0,0,0,0,0,0,0,0,0,2.01E-05,0,0,0,0,0,0,0,0,0,0,0,0,0,0,0.000270844,0,0,0,0,0.082607322,0,5.02E-06,2.51E-05,0,0,0,0,0.001033218,0,0,0.91523596,0,0,0,0,0,0,0,0,2.01E-05,0,0,0,0,0,4.01E-05,0,0,0,0,0,0,0,0,0,0,0,0,0,0,0,0,0,3.51E-05,0,0,0,0,1.50E-05,0,0,0,0,0,0,0,0.000531656,0,0,0,0,0,5.02E-06,0,0,0,0,0,0,0,0,0,0
H160SCJV.04,0,0,0,0,0,0,0,0,0,0,0,0,0,0,0.003984865,0,0,0,0,2.81E-05,0,0,0,0,0,0,0,0,0,1.40E-05,0,2.34E-05,0,0,0,0,0,0,0,0,0,0,0,4.68E-06,9.82E-05,0,0,0,0,0.000364812,0,0,0.003152346,0,0,0,0,0,0,0,0.991225814,0,0,0,0,0,0,0,0,0.000757686,0,0,0,0,0,1.40E-05,0,0,0,0,0,0,6.08E-05,0,0.000130958,0,7.95E-05,0,0,0,0,0,0,1.87E-05,0,0,0,0,2.34E-05,9.35E-06,9.35E-06,0,0,0,0,0,0,0,0,0,0,0,0,0,0,0,0,0,0,0,0,0,0
F160S3KZ.04,0,0,0,0,0,0.00123141,0,0,0,0,0,0,0,0,0.000426257,0,0,0,0,0,0,0,0,0,0,0,0,0,0,0.002652269,0.004073127,0.013734963,0,0,0.00781472,0,0,0,0,0,0,0,0,4.74E-05,4.74E-05,0,0,0,0,0.00023681,0,0,0.101117742,4.74E-05,0,4.74E-05,0.008904045,0,0,0,0.813630766,0,0.001089325,0,0,4.74E-05,0,0,0,0.011272142,0,0,0,0,0,0.025528086,0,0,0,0,0,0,0,0,0,0,0,0,0.000284172,0,0,0,0,0,0,0,0,0,0,0,0.002604907,0,0,0,0.001420858,0,0,0,0.003646869,9.47E-05,0,0,0,0,0,0,0,0,0,0,0,0,0
J160STR2.04,0,0,0,0.000433088,0,0,0.006768824,0.001532839,0,0,0,0,0,0,0,0,0,0,0,0.001377122,0,0,0,0,0,0,0,0,0,0,9.73E-06,0,0,0,0,0,0,0,0,0,0,0,0,0,0.020841748,0,0,0,0,0.011055907,0,3.41E-05,2.43E-05,0.001328461,0,0,9.73E-06,0.00610216,0,0,0.933435847,0,0,0,0,1.46E-05,0,0,0,3.41E-05,0,0,0,0,0,9.73E-06,0,0,0,0,0,0,0,0,0,0,0,0,0,0,0,0,0,0,0,0,0,0,4.87E-06,0,0,0,0,0,0,0,0.016934224,0,0,0,0,0,4.87E-05,0,0,0,0,0,0,0,0,0,0
G160SCLN.04,0,0,0,0,0,0.003496092,5.35E-06,0,0,0,0,0,0,0,0.00196722,0,0,0,0,5.35E-06,0,0,0,0,0,0,0,0,0,0,0,0,0,0,0,0,0,0,0,0,0,0,0,4.28E-05,0.000155025,0,0,0,0,0.000310051,0,0,0.000203137,5.35E-06,0,0,0,5.35E-06,0,0,0.917061358,0,0,0,0,0,0,0,0,0.076652091,0,0,0,0,0,0,0,0,0,0,0,0,3.74E-05,0,2.14E-05,0,5.35E-06,0,0,0,0,0,0,1.60E-05,0,0,0,0,5.35E-06,5.35E-06,0,0,0,0,0,0,0,0,0,0,0,0,0,0,0,0,0,0,0,0,0,0,0
G160S7PT.04,0,0,0,0,0,0,0.000249915,0,0,0,0,0,0,0,9.02E-05,1.39E-05,0,0,0,0,0,0,0,0,0,0,0,0,0,0,0,0.00016661,0,0,0,0,0,0,0,0,0,0,0,0,0.019215684,0,0,0,0,0.30402849,0,0.000416525,0.020250054,0.000340162,0,0,0,0.001256517,0,0,0.653479024,0,0,0,0,0,0,0,0,2.08E-05,0,0,0,0,0,0,0,0,0,0,0,0,0,0,0,0,0,0,0,0,0,0,0,0,0,0,0,0,4.17E-05,0,0,0,0,0,0,0,0.000430409,0,0,0,0,0,0,0,0,0,0,0,0,0,0,0,0
H160RVWH.04,0,0,0,0,0,1.12E-05,0.000224313,0,0,0,0,0,0,0,5.61E-05,0,0,0,0,0,0,0,0,0,0,0,0,0,0,2.24E-05,1.12E-05,0,0,0,0,0,0,0,0,0,0,0,0,0,0.000863606,0,0,0,0,0.033288097,0,2.24E-05,0,0,0,0,2.24E-05,0.606442279,0.000919685,0,0.000762665,0,0,0,0,2.24E-05,0,0,0,0.006718184,0,0,0,0,0,0,0,0,0,0,0,0,0,0,0,0,0,0,0,0,0,0,0,0,0,0,0,0,1.12E-05,0,0.008131358,0,0,0,0.001121567,0,0.120321665,0,0.216114669,0,0,0,0.004912462,0,0,0,0,0,0,0,0,0,0
G160S1M4.04,0,1.26E-05,0,0,0,0,0.000855626,0,0,0,0,0,0,0,0,0,0,0,0,0.00041523,0,0,0,0,0,0,0,0,0,1.26E-05,1.26E-05,1.26E-05,0,0,1.26E-05,0,0,0,0,0,0,0,0,0,0.029078692,0,0,0,0,0.89234215,0,6.29E-05,0.05910109,0,0,0,2.52E-05,7.55E-05,0,0,0.000440396,0,0,0,0,0,0,0,0,1.26E-05,0,0,0,0,0,0,0,0,0,0,0,0,0.003422503,0,0.005196668,0,0.002239726,0,0,0,0,0,0,0.002478798,0,0,0,0,0.001635755,0.002529129,1.26E-05,0,0,0,1.26E-05,0,0,0,0,0,0,0,0,0,0,0,0,0,0,0,0,0,0
G160S1FQ.04,0,0,0,0,0,6.70E-06,0,0,0,0,0,0,0,0,0,1.34E-05,0,0,0,0,0,0,0,0,0,0,0,0,0,0,6.70E-06,0,0,0,0,0,0,0,0,0,0,0,0,0,0.0166861,0,0,0,0,0.251470923,0,0.000522697,0.000656722,0.000837656,0,0,2.68E-05,0.000120622,0,0,0.728224304,0,0,0,0,0,0,0,0,2.01E-05,0,0,0,0,0,0,0,0,0,0,0,0,0.000475788,0,0.000328361,0,0.000201037,0,0,0,0,0,0,7.37E-05,0,0,0,0,0.000113921,0.000201037,1.34E-05,0,0,0,0,0,0,0,0,0,0,0,0,0,0,0,0,0,0,0,0,0,0
F160SD5N.04,0,0,0,0,0,0,1.33E-05,0,0,0,0,0,0,0,6.64E-06,0,0,0,0,6.64E-06,0,0,0,0,0,0,0,0,0,6.64E-06,0,0,0,0,0,0,0,0,0,0,0,0,0,0,1.33E-05,0,0,0,0,5.31E-05,0,0,7.97E-05,6.64E-06,0,0,0,6.64E-06,0,0,0.999515092,0,0,0,0,0,0,0,0,1.33E-05,0,0,0,0,0,1.33E-05,0,0,0,0,0,0,5.98E-05,0,9.30E-05,0,1.33E-05,0,0,0,0,0,0,1.33E-05,0,0,0,0,1.33E-05,1.99E-05,0,0,0,0,0,0,5.31E-05,0,0,0,0,0,0,0,0,0,0,0,0,0,0,0,0
K160Q2XN.04,0,0,0,0,0,1.17E-05,3.52E-05,0,0,0,0,0,0,0,0.000563777,0,0,0,0,0,0,0,0,4.70E-05,0,0,0,0,0,0,1.17E-05,0,0,0,0,0,0,0,0,0,0,0,0,0,3.52E-05,0,0,0,0,4.70E-05,0,0,3.52E-05,1.17E-05,0,0,0,0,0.224477331,0,0.774641767,0,0,0,0,0,0,0,0,8.22E-05,0,0,0,0,0,0,0,0,0,0,0,0,0,0,0,0,0,0,0,0,0,0,0,0,0,0,0,0,0,0,0,0,0,0,0,0,0,0,0,0,0,0,0,0,0,0,0,0,0,0,0,0,0
J160S4CH.04,0,0,0,0,0,0,0.004924599,0,0,0,0,0,0,0,0.000436551,0,0,0,0,0,0,0,0,0,0,0,0,0,0,0,0,0,0,0,0.000291034,0,0,0,0,0,0,7.66E-06,0,0,0.023673307,0,0,0,0,0.208004963,0,0.002626964,7.66E-06,0,0,0,0,0.000283375,0,0,0.674608828,0,0,0,0,0,0,0,0,0.000122541,0,0,0,0,0,0,0,0,0,0,0,0,0,0,0,0,0,0,0,0,0,0,0,0,0,0,0,0,7.66E-06,0,0,0,0,0,0,0,0.084989546,0,0,0,0,0,1.53E-05,0,0,0,0,0,0,0,0,0,0
H160RZQF.04,0,0,0,0,0,7.27E-06,0.000123549,0,0,0,0,0,0,0,0,0,0,0,0,7.27E-06,0,0,0,0,0,0,0,0,0,5.09E-05,1.45E-05,7.27E-05,0,0,0,0,0,0,0,0,0,0,0,0,0.013626751,0,0,0,0,0.898849539,0,0.000276169,6.54E-05,0,0,0,7.27E-06,0.014309905,0,0,0.002732618,0,0,0,0,0,0,0,0,0.000123549,0,0,0,0,0,4.36E-05,0,0,0,0,0,0,0.003154139,0,0.00236197,0,0.000719492,0,0,0,0,0,0,0.000777633,0,0,0,1.45E-05,0.000283436,0.001409914,0,0,0,0,0,0,0.028307303,0,0,0,0.000319774,0,0.032340821,0,0,0,0,0,0,0,0,0,0