,Experiments,Time,PC_OD,PJ_OD,BV_OD,BF_OD,BO_OD,BT_OD,BC_OD,BY_OD,BU_OD,DP_OD,BL_OD,BA_OD,BP_OD,CA_OD,EL_OD,FP_OD,CH_OD,AC_OD,BH_OD,CG_OD,ER_OD,RI_OD,CC_OD,DL_OD,DF_OD,Butyrate,Acetate,Lactate,Succinate
0,PC-BV-BT-BC-BP-EL-FP-CH-AC-BH-CG-ER-RI-DF,0.0,0.0004714285714285,0.0,0.0004714285714285,0.0,0.0,0.0004714285714285,0.0004714285714285,0.0,0.0,0.0,0.0,0.0,0.0004714285714285,0.0,0.0004714285714285,0.0004714285714285,0.0004714285714285,0.0004714285714285,0.0004714285714285,0.0004714285714285,0.0004714285714285,0.0004714285714285,0.0,0.0,0.0004714285714285,0.0,0.0,28.0,0.0
1,PC-BV-BT-BC-BP-EL-FP-CH-AC-BH-CG-ER-RI-DF,16.0,0.4651161245537485,0.0,0.0292066640222134,0.0,0.0,0.2497169773899246,0.5006508991141082,0.0,0.0,0.0,0.0,0.0,0.0425930516990612,0.0,0.0009735554674071,0.0012169443342588,0.0610906055797963,0.351453523733968,0.0009735554674071,0.0243388866851778,0.3276014147824937,0.0014603332011106,0.0,0.0,0.3928296310987703,23.09269672,47.84930212,18.9108516,26.14188487
2,PC-BV-BT-BC-BP-EL-FP-CH-AC-BH-CG-ER-RI-DF,32.0,0.1045232720355104,0.0,0.02792817586134,0.0,0.0,0.2201072077784823,0.3802103149439864,0.0,0.0,0.0,0.0,0.0,0.0251630099344747,0.0,0.0027651659268653,0.0008295497780596,0.1216673007820756,0.7009695624603677,0.0011060663707461,0.0207387444514901,0.2933841048404143,0.0008295497780596,0.0,0.0,0.2801113083914605,23.99626736,38.91521816,17.97713735,26.88474829
3,PC-BV-BT-BC-BP-EL-FP-CH-AC-BH-CG-ER-RI-DF,48.0,0.1248519577988988,0.0,0.0121939958783181,0.0,0.0,0.2682679093229984,0.3339698871151302,0.0,0.0,0.0,0.0,0.0,0.0136499953861769,0.0,0.0016379994463412,0.0010919996308941,0.1708979422349358,0.6056957952692934,0.000545999815447,0.0236599920027067,0.18818793639076,0.0023659992002706,0.0,0.0,0.2249519239641967,24.8392188,34.32591404,19.40697135,31.6280605
4,BV-BF-BO-BT-BU-DP-BL-BA-BP-EL-FP-CH-AC-BH-CG-ER-RI,0.0,0.0,0.0,0.0003882352941176,0.0003882352941176,0.0003882352941176,0.0003882352941176,0.0,0.0,0.0003882352941176,0.0003882352941176,0.0003882352941176,0.0003882352941176,0.0003882352941176,0.0,0.0003882352941176,0.0003882352941176,0.0003882352941176,0.0003882352941176,0.0003882352941176,0.0003882352941176,0.0003882352941176,0.0003882352941176,0.0,0.0,0.0,0.0,0.0,28.0,0.0
5,BV-BF-BO-BT-BU-DP-BL-BA-BP-EL-FP-CH-AC-BH-CG-ER-RI,16.0,0.0,0.0,0.0074129676750541,0.1792193949674865,0.196516319542613,0.1716610749850783,0.0,0.0,0.0597397983224955,0.0045059215279741,0.0162794584236484,0.1892487041749128,0.2037839349103131,0.0,0.002761693839726,0.000290704614708,0.0780541890491,0.0715133352181698,0.000436056922062,0.0162794584236484,0.3411418653598467,0.00145352307354,0.0,0.0,0.0,15.42877712,48.66637932,38.993601,13.71602896
6,BV-BF-BO-BT-BU-DP-BL-BA-BP-EL-FP-CH-AC-BH-CG-ER-RI,32.0,0.0,0.0,0.005350554917719,0.1361802525832376,0.178121699196326,0.1708725602755453,0.0,0.0,0.0491905855338691,0.0050053578262533,0.016396861844623,0.104076923076923,0.2066004592422502,0.0,0.0036245694603903,0.0008629927286643,0.1061481056257175,0.2706345197091465,0.0001725985457328,0.017777650210486,0.2293834672789896,0.0017259854573287,0.0,0.0,0.0,15.86674792,48.02475820000001,42.64385516,13.20005168
7,BV-BF-BO-BT-BU-DP-BL-BA-BP-EL-FP-CH-AC-BH-CG-ER-RI,48.0,0.0,0.0,0.0073707760300859,0.1692598204727003,0.238277086936232,0.2585132174915588,0.0,0.0,0.0406062752202915,0.0022782398638447,0.0033503527409481,0.0166177495951028,0.0997064975706168,0.0,0.0025462680831205,0.0002680282192758,0.1341481237475637,0.3725592247934338,0.0005360564385517,0.0339055697383952,0.2445757500892146,0.0008040846578275,0.0,0.0,0.0,17.3248908,44.27463468,41.00652828,16.93067403
8,PJ-BO-BT-BC-BY-BA-CA-EL-FP-CH-AC-BH-CG-CC-DF,0.0,0.0,0.00044,0.0,0.0,0.00044,0.00044,0.00044,0.00044,0.0,0.0,0.0,0.00044,0.0,0.00044,0.00044,0.00044,0.00044,0.00044,0.00044,0.00044,0.0,0.0,0.00044,0.0,0.00044,0.0,0.0,28.0,0.0
9,PJ-BO-BT-BC-BY-BA-CA-EL-FP-CH-AC-BH-CG-CC-DF,16.0,0.0,0.0211990675990675,0.0,0.0,0.2487104895104894,0.2447356643356642,0.4798181818181817,0.1217053613053612,0.0,0.0,0.0,0.2138834498834498,0.0,0.0800643356643356,0.0007571095571095,0.0007571095571095,0.0497799533799533,0.2252400932400932,0.0011356643356643,0.0113566433566433,0.0,0.0,0.027255944055944,0.0,0.4336344988344987,25.93951568,45.5942904,16.28175639,18.88419378
10,PJ-BO-BT-BC-BY-BA-CA-EL-FP-CH-AC-BH-CG-CC-DF,32.0,0.0,0.0110711014702337,0.0,0.0,0.1825150156664256,0.1673317907929621,0.3305514581826946,0.1094457459628826,0.0,0.0,0.0,0.0822424680645938,0.0,0.1224147505422993,0.0028468546637744,0.0075916124367317,0.2400847433116413,0.4324055917088455,0.0009489515545914,0.0072752952518679,0.0,0.0,0.0278359122680163,0.0,0.4564456977584959,38.472961600000005,27.97758904,4.0760085,25.74488125
11,PJ-BO-BT-BC-BY-BA-CA-EL-FP-CH-AC-BH-CG-CC-DF,48.0,0.0,0.0079958463136033,0.0,0.0,0.1897789645453196,0.1595905651980418,0.2304109182613855,0.0771843940068239,0.0,0.0,0.0,0.0752262275626761,0.0,0.163343717549325,0.0048954161103693,0.0065272214804925,0.1785195074914701,0.3797211096276516,0.0008159026850615,0.0122385402759234,0.0,0.0,0.0326361074024625,0.0,0.3100430203233941,36.28373248,25.3736194,7.06094836,29.30599309
12,PC-PJ-BF-BO-BU-DP-BA-EL-CH-BH-CG,0.0,0.0006,0.0006,0.0,0.0006,0.0006,0.0,0.0,0.0,0.0006,0.0006,0.0,0.0006,0.0,0.0,0.0006,0.0,0.0006,0.0,0.0006,0.0006,0.0,0.0,0.0,0.0,0.0,0.0,0.0,28.0,0.0
13,PC-PJ-BF-BO-BU-DP-BA-EL-CH-BH-CG,16.0,0.1312691344450552,0.0207973245372915,0.0,0.2832237798546209,0.2346966892676073,0.0,0.0,0.0,0.1541909168651884,0.0129703744426119,0.0,0.1841569543705332,0.0,0.0,0.0043607293384643,0.0,0.1564271883208111,0.0,0.0021244578828416,0.0328731903976543,0.0,0.0,0.0,0.0,0.0,0.42151304,44.91579088,41.56161848,12.15813301
14,PC-PJ-BF-BO-BU-DP-BA-EL-CH-BH-CG,32.0,0.1450622387579808,0.0246431032106931,0.0,0.2203897386431491,0.2053591934224427,0.0,0.0,0.0,0.109408387304212,0.0066414037021726,0.0,0.1595684626337788,0.0,0.0,0.0033207018510863,0.0,0.3546160029396904,0.0,0.0012234164714528,0.0365277203619493,0.0,0.0,0.0,0.0,0.0,1.00029792,52.66086164,40.3873738,14.24384781
15,PC-PJ-BF-BO-BU-DP-BA-EL-CH-BH-CG,48.0,0.2042033796016897,0.0254705290685978,0.0,0.2821519814926574,0.3278232749949708,0.0,0.0,0.0,0.0894762120297726,0.005379551398109,0.0,0.0946361899014282,0.0,0.0,0.0031838161335747,0.0,0.3637235465701066,0.0,0.0014272279219472,0.0551129551398108,0.0,0.0,0.0,0.0,0.0,1.23614632,53.4985608,41.10292892,19.31841484
16,PC-PJ-BV-BF-BT-BL-CA-EL-FP-CH-BH-CC-DF,0.0,0.0005076923076923,0.0005076923076923,0.0005076923076923,0.0005076923076923,0.0,0.0005076923076923,0.0,0.0,0.0,0.0,0.0005076923076923,0.0,0.0,0.0005076923076923,0.0005076923076923,0.0005076923076923,0.0005076923076923,0.0,0.0005076923076923,0.0,0.0,0.0,0.0005076923076923,0.0,0.0005076923076923,0.0,0.0,28.0,0.0
17,PC-PJ-BV-BF-BT-BL-CA-EL-FP-CH-BH-CC-DF,16.0,0.205954434722937,0.0200209298335906,0.0672006862240521,0.3598544518785384,0.0,0.3720411048207239,0.0,0.0,0.0,0.0,0.0299443472293703,0.0,0.0,0.1413651741293532,0.0033078057985932,0.0022632355464059,0.1277857608509178,0.0,0.0041782810087493,0.0,0.0,0.0,0.022632355464059,0.0,0.331476960027449,0.70015112,45.05353328,33.23503546,23.18611439
18,PC-PJ-BV-BF-BT-BL-CA-EL-FP-CH-BH-CC-DF,32.0,0.1905054039343752,0.0188177435658191,0.0737189954124873,0.3129177357903739,0.0,0.4033205038488454,0.0,0.0,0.0,0.0,0.0178477567840758,0.0,0.0,0.0479173470181167,0.0046559365523676,0.0001939973563486,0.3022478811911981,0.0,0.003879947126973,0.0,0.0,0.0,0.0215337065547002,0.0,0.2644183967032112,1.34385928,50.64574076,35.03694536,27.46253472
19,PC-PJ-BV-BF-BT-BL-CA-EL-FP-CH-BH-CC-DF,48.0,0.2502412250250713,0.0143250790712026,0.019846203296562,0.4016990922883077,0.0,0.6486574866928951,0.0,0.0,0.0,0.0,0.0138774203502275,0.0,0.0,0.0174586901180282,0.0071625395356013,0.0002984391473167,0.2553146905294556,0.0,0.0028351718995088,0.0,0.0,0.0,0.023576692638021,0.0,0.2768023091362596,1.31193784,49.6557606,39.24518723,31.84851502
20,PJ-BC-BY-BA-CA-EL-FP-AC-ER-CC-DF,0.0,0.0,0.0006,0.0,0.0,0.0,0.0,0.0006,0.0006,0.0,0.0,0.0,0.0006,0.0,0.0006,0.0006,0.0006,0.0,0.0006,0.0,0.0,0.0006,0.0,0.0006,0.0,0.0006,0.0,0.0,28.0,0.0
21,PJ-BC-BY-BA-CA-EL-FP-AC-ER-CC-DF,16.0,0.0,0.0202185649599442,0.0,0.0,0.0,0.0,0.5089301637060258,0.1761903517938,0.0,0.0,0.0,0.3666299779403228,0.0,0.1245848717055613,0.0063544061302682,0.0007702310460931,0.0,0.3053966097759201,0.0,0.0,0.3856931963311273,0.0,0.0319645884128642,0.0,0.2830599094392198,33.14176576,22.82110616,15.89560104,11.76774951
22,PJ-BC-BY-BA-CA-EL-FP-AC-ER-CC-DF,32.0,0.0,0.0130778756984044,0.0,0.0,0.0,0.0,0.357399660157825,0.0922924370715972,0.0,0.0,0.0,0.1444171130695236,0.0,0.1524506652842578,0.0095281665802661,0.0016814411612234,0.0,0.5403030931397961,0.0,0.0,0.4476370024768158,0.0,0.0659498588790968,0.0,0.3368487126317608,50.14434176,22.811398,1.08035787,15.47420239
23,PJ-BC-BY-BA-CA-EL-FP-AC-ER-CC-DF,48.0,0.0,0.0070401459854014,0.0,0.0,0.0,0.0,0.2139980882864094,0.0633613138686131,0.0,0.0,0.0,0.0830290232881473,0.0,0.1389031977754605,0.0098338547097671,0.0001117483489746,0.0,0.3273109141466805,0.0,0.0,0.2408176920403197,0.0,0.0699544664581161,0.0,0.3441849148418491,54.66457768,19.79975656,0.87911634,14.49736523
24,PJ-BV-BO-BT-BY-BU-CA-EL-AC-CG-DF,0.0,0.0,0.0006,0.0006,0.0,0.0006,0.0006,0.0,0.0006,0.0006,0.0,0.0,0.0,0.0,0.0006,0.0006,0.0,0.0,0.0006,0.0,0.0006,0.0,0.0,0.0,0.0,0.0006,0.0,0.0,28.0,0.0
25,PJ-BV-BO-BT-BY-BU-CA-EL-AC-CG-DF,16.0,0.0,0.0278779921059332,0.0933529093455564,0.0,0.2020515024191494,0.4746931499872676,0.0,0.156525974025974,0.0851685446906035,0.0,0.0,0.0,0.0,0.4000108225108225,0.0058825120957473,0.0,0.0,0.5381219760631525,0.0,0.0470600967659791,0.0,0.0,0.0,0.0,0.6455417621594092,35.936941600000004,32.12392684,6.29535647,25.107430800000003
26,PJ-BV-BO-BT-BY-BU-CA-EL-AC-CG-DF,32.0,0.0,0.023454356846473,0.0343997233748271,0.0,0.0732669432918395,0.2638056708160442,0.0,0.0819785615491009,0.0451217150760719,0.0,0.0,0.0,0.0,0.188304979253112,0.0350698478561549,0.0,0.0,0.4965622406639003,0.0,0.0241244813278008,0.0,0.0,0.0,0.0,0.563127939142462,40.596356400000005,25.24189732,1.55627296,25.8638813
27,PJ-BV-BO-BT-BY-BU-CA-EL-AC-CG-DF,48.0,0.0,0.0189255666478307,0.0401958937653042,0.0,0.0495749356438751,0.2862282601871036,0.0,0.0656532931499968,0.0385210648584165,0.0,0.0,0.0,0.0,0.242012777045269,0.0293095058705343,0.0,0.0,0.4002841087461543,0.0,0.022275224461606,0.0,0.0,0.0,0.0,0.583510391159666,42.69463336,25.39299632,1.28169957,27.09612088
28,PC-PJ-BT-BY-BU-DP-BA-CA-FP-CH-BH-CG-ER-RI-CC-DL-DF,0.0,0.0003882352941176,0.0003882352941176,0.0,0.0,0.0,0.0003882352941176,0.0,0.0003882352941176,0.0003882352941176,0.0003882352941176,0.0,0.0003882352941176,0.0,0.0003882352941176,0.0,0.0003882352941176,0.0003882352941176,0.0,0.0003882352941176,0.0003882352941176,0.0003882352941176,0.0003882352941176,0.0003882352941176,0.0003882352941176,0.0003882352941176,0.0,0.0,28.0,0.0
29,PC-PJ-BT-BY-BU-DP-BA-CA-FP-CH-BH-CG-ER-RI-CC-DL-DF,16.0,0.0135087004047386,0.0157232414546958,0.0,0.0,0.0,0.2448175130727643,0.0,0.1084017843954031,0.0897996395757629,0.0095225265148158,0.0,0.272388549144731,0.0,0.0411904635292032,0.0,0.0008858164199828,0.0285675795444473,0.0,0.0008858164199828,0.0212595940795887,0.112387958285326,0.0039861738899228,0.0118477946172708,0.1928865254512688,0.0807200212709385,2.83805248,52.8594928,49.69036575,8.75910855
30,PC-PJ-BT-BY-BU-DP-BA-CA-FP-CH-BH-CG-ER-RI-CC-DL-DF,32.0,0.0256231504707892,0.0160302468462573,0.0,0.0,0.0,0.2543381684662086,0.0,0.102492601883157,0.0602080924855491,0.0051751190606027,0.0,0.1494473406769186,0.0,0.0102240157050932,0.0,0.001009779328898,0.0879770240302468,0.0,0.0007573344966735,0.0251182608063402,0.0966863707419929,0.0018933362416839,0.0114862398662158,0.2059949830952121,0.102492601883157,2.77227656,51.50138268,48.06335267,10.72094492
31,PC-PJ-BT-BY-BU-DP-BA-CA-FP-CH-BH-CG-ER-RI-CC-DL-DF,48.0,0.0322389498751234,0.0175236103850845,0.0,0.0,0.0,0.3247484463030725,0.0,0.1458054248707672,0.0638039147354359,0.0041562409246674,0.0,0.0716670732415635,0.0,0.026734738920834,0.0,0.00123563919382,0.1091855723993727,0.0,0.0008986466864145,0.0308909798455015,0.118509031770924,0.00123563919382,0.0142660161468316,0.2093846779345995,0.1169364000696985,3.19497576,50.37010624,48.20212151,11.85325311
32,BV-BU-DP-BA-CA-EL-FP-CH-CG-RI-DL-DF,0.0,0.0,0.0,0.00055,0.0,0.0,0.0,0.0,0.0,0.00055,0.00055,0.0,0.00055,0.0,0.00055,0.00055,0.00055,0.00055,0.0,0.0,0.00055,0.0,0.00055,0.0,0.00055,0.00055,0.0,0.0,28.0,0.0
33,BV-BU-DP-BA-CA-EL-FP-CH-CG-RI-DL-DF,16.0,0.0,0.0,0.0276130138196727,0.0,0.0,0.0,0.0,0.0,0.1632535256070406,0.0099676245007599,0.0,0.3584303891421906,0.0,0.020608737143463,0.0043103241084367,0.0010775810271091,0.1311954900505425,0.0,0.0,0.0350213833810483,0.0,0.0055226027639345,0.0,0.3864474958470293,0.1260769801717739,1.12429864,53.59144236,39.45163389,7.87109259
34,BV-BU-DP-BA-CA-EL-FP-CH-CG-RI-DL-DF,32.0,0.0,0.0,0.0386832293903145,0.0,0.0,0.0,0.0,0.0,0.1568453123402514,0.0124103193265855,0.0,0.1596178304876802,0.0,0.0530739188222063,0.006601233684354,0.0007921480421224,0.2145400947415056,0.0,0.0,0.0489811539379068,0.0,0.0027725181474286,0.0,0.3591071124288586,0.2338156970998193,0.7934276,51.39340304,45.71303057,9.83286864
35,BV-BU-DP-BA-CA-EL-FP-CH-CG-RI-DL-DF,48.0,0.0,0.0,0.0493580360426627,0.0,0.0,0.0,0.0,0.0,0.1193115115851416,0.0086406154223366,0.0,0.1386049405418659,0.0,0.0216607208532548,0.0131384700257447,0.0010652813534387,0.2714100159372318,0.0,0.0,0.0723207674390094,0.0,0.0030774794654897,0.0,0.2961482162559765,0.2923605492215275,0.98530664,52.34810444,48.20825414,12.60873849
36,PC-PJ-BF-BC-BU-DP-CA-EL-FP-CH-AC-CG,0.0,0.00055,0.00055,0.0,0.00055,0.0,0.0,0.00055,0.0,0.00055,0.00055,0.0,0.0,0.0,0.00055,0.00055,0.00055,0.00055,0.00055,0.0,0.00055,0.0,0.0,0.0,0.0,0.0,0.0,0.0,28.0,0.0
37,PC-PJ-BF-BC-BU-DP-CA-EL-FP-CH-AC-CG,16.0,1.186166369445683,0.0267881185911725,0.0,0.3859793431416258,0.0,0.0,0.5138710060930302,0.0,0.0987991900728191,0.0092174171496507,0.0,0.0,0.0,0.0826687100609303,0.0,0.0011521771437063,0.1290438400951107,0.1106090057958091,0.0,0.0385979343141625,0.0,0.0,0.0,0.0,0.0,14.5200264,48.807242200000005,25.82883666,31.83840765
38,PC-PJ-BF-BC-BU-DP-CA-EL-FP-CH-AC-CG,32.0,0.5911101714822644,0.0209425260355492,0.0,0.2516052775820217,0.0,0.0,0.4793183775741915,0.0,0.0920291284942447,0.0097338501291989,0.0,0.0,0.0,0.2135547725315167,0.001179860621721,0.0002949651554302,0.3669366533552579,0.4480520710985826,0.0,0.0356907838070628,0.0,0.0,0.0,0.0,0.0,14.92650208,43.7177472,24.53021794,38.11791192
39,PC-PJ-BF-BC-BU-DP-CA-EL-FP-CH-AC-CG,48.0,0.6069665605095541,0.0184501061571125,0.0,0.2241268577494692,0.0,0.0,0.4149177282377919,0.0,0.0748487261146496,0.0046125265392781,0.0,0.0,0.0,0.0599628450106157,0.0006289808917197,0.0004193205944798,0.2924761146496815,0.4975238853503184,0.0,0.0423513800424628,0.0,0.0,0.0,0.0,0.0,16.75571272,37.07129028,24.50966083,40.83159939
40,BO-BC-BY-BU-BA-BP-CH-AC-CG-CC-DL,0.0,0.0,0.0,0.0,0.0,0.0006,0.0,0.0006,0.0006,0.0006,0.0,0.0,0.0006,0.0006,0.0,0.0,0.0,0.0006,0.0006,0.0,0.0006,0.0,0.0,0.0006,0.0006,0.0,0.0,0.0,28.0,0.0
41,BO-BC-BY-BU-BA-BP-CH-AC-CG-CC-DL,16.0,0.0,0.0,0.0,0.0,0.3422560246170867,0.0,0.5316178819624521,0.1707228157521695,0.121558966912146,0.0,0.0,0.2039489333748228,0.283097327386509,0.0,0.0,0.0,0.0618600076064032,0.0734756422224527,0.0,0.0372780831863914,0.0,0.0,0.0153974691422051,0.7609591328700342,0.0,18.2513484,67.49368508,30.12283147,13.03976636
42,BO-BC-BY-BU-BA-BP-CH-AC-CG-CC-DL,32.0,0.0,0.0,0.0,0.0,0.2066499061226359,0.0,0.3531457617804643,0.0987874708064294,0.076488986582406,0.0,0.0,0.0362998580391079,0.1503851261620186,0.0,0.0,0.0,0.0495233777533544,0.4413025598754407,0.0,0.0308548793332417,0.0,0.0,0.0150385126162018,0.4278197554609149,0.0,17.95540056,55.96203004,28.47169226,13.04396614
43,BO-BC-BY-BU-BA-BP-CH-AC-CG-CC-DL,48.0,0.0,0.0,0.0,0.0,0.188589430610774,0.0,0.2542238032131315,0.0961543558624537,0.0347862174792494,0.0,0.0,0.0118141870684243,0.0683691381274557,0.0,0.0,0.0,0.0394900141824184,0.534920136709214,0.0,0.0240659366208644,0.0,0.0,0.0096263746483457,0.3058561763269861,0.0,19.34414088,51.14916244,26.13087889,16.66000311
44,PC-BV-BF-BT-BL-CA-CH-BH-CG-ER-RI-CC-DL,0.0,0.0005076923076923,0.0,0.0005076923076923,0.0005076923076923,0.0,0.0005076923076923,0.0,0.0,0.0,0.0,0.0005076923076923,0.0,0.0,0.0005076923076923,0.0,0.0,0.0005076923076923,0.0,0.0005076923076923,0.0005076923076923,0.0005076923076923,0.0005076923076923,0.0005076923076923,0.0005076923076923,0.0,0.0,0.0,28.0,0.0
45,PC-BV-BF-BT-BL-CA-CH-BH-CG-ER-RI-CC-DL,16.0,0.0406304894374244,0.0,0.0280210271982237,0.2328547360172396,0.0,0.2702628073268684,0.0,0.0,0.0,0.0,0.0183537728148365,0.0,0.0,0.0172329317269076,0.0,0.0,0.0863047637705292,0.0,0.0033625232637868,0.029562183694126,0.4226971952852058,0.0022416821758579,0.0107880954713161,0.266199758383126,0.0,5.84280256,55.583845200000006,40.85999441,16.49077158
46,PC-BV-BF-BT-BL-CA-CH-BH-CG-ER-RI-CC-DL,32.0,0.0590127500628524,0.0,0.0258709190819954,0.2133928096828646,0.0,0.3425783141184498,0.0,0.0,0.0,0.0,0.0201218259526631,0.0,0.0,0.0138654599001544,0.0,0.0,0.1095709514060984,0.0,0.0021981826670976,0.0388909241101892,0.3794401465359336,0.0021981826670976,0.0131890960025859,0.3474819523758215,0.0,6.57977552,59.64871956,45.71582791,17.37861035
47,PC-BV-BF-BT-BL-CA-CH-BH-CG-ER-RI-CC-DL,48.0,0.1069233298555123,0.0,0.0125792152771191,0.2787776091561542,0.0,0.5958478295235385,0.0,0.0,0.0,0.0,0.0177588921559328,0.0,0.0,0.0077695153182206,0.0,0.0,0.1317117834898353,0.0,0.0031448038192797,0.0625260994656802,0.36979193145531,0.0027748268993645,0.0164639729362294,0.343523570141326,0.0,6.22692272,57.15808796,47.05898889,21.09880488
48,BC-BU-DP-BL-BP-CA-EL-FP-BH-DL-DF,0.0,0.0,0.0,0.0,0.0,0.0,0.0,0.0006,0.0,0.0006,0.0006,0.0006,0.0,0.0006,0.0006,0.0006,0.0006,0.0,0.0,0.0006,0.0,0.0,0.0,0.0,0.0006,0.0006,0.0,0.0,28.0,0.0
49,BC-BU-DP-BL-BP-CA-EL-FP-BH-DL-DF,16.0,0.0,0.0,0.0,0.0,0.0,0.0,0.7439643537414966,0.0,0.1558798299319727,0.0119779591836734,0.0104807142857142,0.0,0.2091152040816326,0.030277619047619,0.0013308843537414,0.0003327210884353,0.0,0.0,0.0014972448979591,0.0,0.0,0.0,0.0,0.306768843537415,0.1548816666666666,0.30539048,61.39043596,54.17905765,11.98589679
50,BC-BU-DP-BL-BP-CA-EL-FP-BH-DL-DF,32.0,0.0,0.0,0.0,0.0,0.0,0.0,0.7758646416200373,0.0,0.1252676335122378,0.0081559894941189,0.0326239579764759,0.0,0.2796040500932587,0.0353426211411822,0.0043916866506794,0.0002091279357466,0.0,0.0,0.0010456396787332,0.0,0.0,0.0,0.0,0.3392055117810513,0.2271129382208518,0.72099992,52.58407892,55.56850088,11.82875188
51,BC-BU-DP-BL-BP-CA-EL-FP-BH-DL-DF,48.0,0.0,0.0,0.0,0.0,0.0,0.0,0.9497578217329103,0.0,0.1042149343783044,0.0076007650681097,0.0143570006842072,0.0,0.1636698077999626,0.0128368476705853,0.0025335883560365,0.0001689058904024,0.0,0.0,0.001182341232817,0.0,0.0,0.0,0.0,0.2928828139578279,0.2601150712197549,1.76906968,55.35610532,59.45763081,13.98110143
52,PJ-BF-BC-BU-BP-CA-EL-FP-CH-AC-CG,0.0,0.0,0.0006,0.0,0.0006,0.0,0.0,0.0006,0.0,0.0006,0.0,0.0,0.0,0.0006,0.0006,0.0006,0.0006,0.0006,0.0006,0.0,0.0006,0.0,0.0,0.0,0.0,0.0,0.0,0.0,28.0,0.0
53,PJ-BF-BC-BU-BP-CA-EL-FP-CH-AC-CG,16.0,0.0,0.0276468253968253,0.0,0.2560336438923395,0.0,0.0,0.8863812629399586,0.0,0.1978551069703243,0.0,0.0,0.0,0.2262231538992408,0.1723719461697722,0.0012020358868184,0.0009616287094547,0.0586593512767425,0.4618221877156659,0.0,0.0319741545893719,0.0,0.0,0.0,0.0,0.0,39.45740456,37.1693884,7.85269575,23.93151125
54,PJ-BF-BC-BU-BP-CA-EL-FP-CH-AC-CG,32.0,0.0,0.0195358925401132,0.0,0.2354589153518909,0.0,0.0,0.4485029645261782,0.0,0.0590189595685525,0.0,0.0,0.0,0.1357230429102602,0.1661579070780156,0.0129553813687066,0.0016451277928516,0.5611942183365155,0.3806414430710481,0.0,0.0246769168927745,0.0,0.0,0.0,0.0,0.0,43.48798568,34.19913272,1.17199858,25.50339767
55,PJ-BF-BC-BU-BP-CA-EL-FP-CH-AC-CG,48.0,0.0,0.0158440404040404,0.0,0.3159377104377104,0.0,0.0,0.4177922558922559,0.0,0.0537565656565656,0.0,0.0,0.0,0.1373150168350168,0.1808861279461279,0.0073561616161616,0.000377239057239,0.210876632996633,0.4758870707070706,0.0,0.0507386531986532,0.0,0.0,0.0,0.0,0.0,46.92036976,31.54492808,1.04203728,28.09726323
56,BO-BC-BY-BU-BA-CA-EL-AC-RI-DL-DF,0.0,0.0,0.0,0.0,0.0,0.0006,0.0,0.0006,0.0006,0.0006,0.0,0.0,0.0006,0.0,0.0006,0.0006,0.0,0.0,0.0006,0.0,0.0,0.0,0.0006,0.0,0.0006,0.0006,0.0,0.0,28.0,0.0
57,BO-BC-BY-BU-BA-CA-EL-AC-RI-DL-DF,16.0,0.0,0.0,0.0,0.0,0.1031691192972331,0.0,0.1917250488923087,0.0930860184027443,0.0539226700009618,0.0,0.0,0.1670287582956622,0.0,0.0651748260716232,0.0021919784553236,0.0,0.0,0.1049227020614921,0.0,0.0,0.0,0.0017535827642589,0.0,0.3973326280016672,0.3356649674585618,24.38000792,45.69887376,26.04438024,10.01289368
58,BO-BC-BY-BU-BA-CA-EL-AC-RI-DL-DF,32.0,0.0,0.0,0.0,0.0,0.0584897119341563,0.0,0.1900436213991769,0.113719341563786,0.0465999999999999,0.0,0.0,0.0826526748971193,0.0,0.1766197530864197,0.0076707818930041,0.0,0.0,0.4602469135802469,0.0,0.0,0.0,0.0021094650205761,0.0,0.3779777777777777,0.2659843621399177,31.51506296,38.39809316,17.35838726,10.88981453
59,BO-BC-BY-BU-BA-CA-EL-AC-RI-DL-DF,48.0,0.0,0.0,0.0,0.0,0.0367845940467299,0.0,0.1572038123688608,0.0530722998684163,0.0219609516696895,0.0,0.0,0.1132819090294818,0.0,0.2058839219033393,0.0236080230449162,0.0,0.0,0.4004213521106725,0.0,0.0,0.0,0.0003660158611614,0.0,0.5479257441587538,0.1495174792844695,45.05076968,34.35942768,1.07531227,11.16595572
60,BV-BF-BY-BU-DP-BL-CA-EL-CH-BH-ER,0.0,0.0,0.0,0.0006,0.0006,0.0,0.0,0.0,0.0006,0.0006,0.0006,0.0006,0.0,0.0,0.0006,0.0006,0.0,0.0006,0.0,0.0006,0.0,0.0006,0.0,0.0,0.0,0.0,0.0,0.0,28.0,0.0
61,BV-BF-BY-BU-DP-BL-CA-EL-CH-BH-ER,16.0,0.0,0.0,0.0335678676637208,0.2500806140947201,0.0,0.0,0.0,0.1599638001359619,0.1580271923861319,0.0281453659641966,0.0565489462950373,0.0,0.0,0.1869472014502605,0.0054225016995241,0.0,0.0943773510083843,0.0,0.00129107183322,0.0,0.5405717765692273,0.0,0.0,0.0,0.0,6.36688416,42.62972408,36.61382892,18.47539383
62,BV-BF-BY-BU-DP-BL-CA-EL-CH-BH-ER,32.0,0.0,0.0,0.0161283723309039,0.2073647871116225,0.0,0.0,0.0,0.2165809998721391,0.1093747602608362,0.0155862421685206,0.0501470400204577,0.0,0.0,0.1080194348548779,0.0032527809742999,0.0,0.3183659378596087,0.0,0.0025751182713208,0.0,0.362414013553254,0.0,0.0,0.0,0.0,6.16384488,40.4754818,35.41231574,21.66082517
63,BV-BF-BY-BU-DP-BL-CA-EL-CH-BH-ER,48.0,0.0,0.0,0.0121446540880503,0.2346990982799121,0.0,0.0,0.0,0.1703177994998863,0.0616011972417973,0.0092182314162309,0.0283862999166477,0.0,0.0,0.2020694854891263,0.0326296127907857,0.0,0.3341974691217701,0.0,0.0021948170038645,0.0,0.1991430628173069,0.0,0.0,0.0,0.0,6.33244568,39.02726388,35.326154700000004,24.27929375
64,BV-BF-BC-BY-BU-DP-BL-EL-CH-AC-CG,0.0,0.0,0.0,0.0006,0.0006,0.0,0.0,0.0006,0.0006,0.0006,0.0006,0.0006,0.0,0.0,0.0,0.0006,0.0,0.0006,0.0006,0.0,0.0006,0.0,0.0,0.0,0.0,0.0,0.0,0.0,28.0,0.0
65,BV-BF-BC-BY-BU-DP-BL-EL-CH-AC-CG,16.0,0.0,0.0,0.0544113662534715,0.2435650613019034,0.0,0.0,0.7273315721736774,0.2295170358328252,0.1681805866016392,0.0219624060150375,0.0320532412111359,0.0,0.0,0.0,0.0013850165955429,0.0,0.1772821242294926,0.2518751608751608,0.0,0.0375933075933075,0.0,0.0,0.0,0.0,0.0,14.077442,43.37844228,27.60369324,19.50152374
66,BV-BF-BC-BY-BU-DP-BL-EL-CH-AC-CG,32.0,0.0,0.0,0.0114255771274026,0.1453863292443414,0.0,0.0,0.3753881644611868,0.196387456131878,0.0766672784056151,0.0059611706751666,0.026162915741009,0.0,0.0,0.0,0.0013247045944814,0.0,0.3445887826394925,0.4997448082681348,0.0,0.030633793747384,0.0,0.0,0.0,0.0,0.0,15.508095999999998,41.50118988,29.33168139,21.45295114
67,BV-BF-BC-BY-BU-DP-BL-EL-CH-AC-CG,48.0,0.0,0.0,0.0098639578383987,0.1717107397394937,0.0,0.0,0.3492619808306709,0.2119453046066464,0.054251768111193,0.0044128232434941,0.0220641162174708,0.0,0.0,0.0,0.0012978891892629,0.0,0.2459500013653368,0.485150978946506,0.0,0.0273854618934491,0.0,0.0,0.0,0.0,0.0,16.62176648,36.15114268,29.87791582,25.69858942
68,PJ-BF-DP-BL-BA-BP-CA-EL-BH-ER-DF,0.0,0.0,0.0006,0.0,0.0006,0.0,0.0,0.0,0.0,0.0,0.0006,0.0006,0.0006,0.0006,0.0006,0.0006,0.0,0.0,0.0,0.0006,0.0,0.0006,0.0,0.0,0.0,0.0006,0.0,0.0,28.0,0.0
69,PJ-BF-DP-BL-BA-BP-CA-EL-BH-ER-DF,16.0,0.0,0.0350653564475757,0.0,0.5068662896696641,0.0,0.0,0.0,0.0,0.0,0.0053629368684527,0.0277772627545502,0.4594249250641203,0.1244476375884552,0.0178764562281758,0.0024752016315935,0.0,0.0,0.0,0.0015126232193071,0.0,0.1614381508606037,0.0,0.0,0.0,0.1380612465622199,3.12915312,55.42600092,55.97307267,7.07977336
70,PJ-BF-DP-BL-BA-BP-CA-EL-BH-ER-DF,32.0,0.0,0.028037560076371,0.0,0.4607462637434986,0.0,0.0,0.0,0.0,0.0,0.0063310619527289,0.0124037132135097,0.2177110079662914,0.2108631246296662,0.0201560339719533,0.0024549015735071,0.0,0.0,0.0,0.0011628481137665,0.0,0.1625403252353677,0.0,0.0,0.0,0.184763644742906,3.638734,61.89092628,59.43125642,7.21676762
71,PJ-BF-DP-BL-BA-BP-CA-EL-BH-ER-DF,48.0,0.0,0.0305271796583764,0.0,0.5911450509096978,0.0,0.0,0.0,0.0,0.0,0.0044922939965503,0.0089845879931007,0.041553719468091,0.0982178823791242,0.0023482445891058,0.0028587325432593,0.0,0.0,0.0,0.0017356590441217,0.0,0.1630498525566126,0.0,0.0,0.0,0.2776033494686473,4.4250316,62.81001008,62.0930627,10.3376641
72,PJ-BV-BF-BT-BC-BY-BU-CH-AC-RI-DF,0.0,0.0,0.0006,0.0006,0.0006,0.0,0.0006,0.0006,0.0006,0.0006,0.0,0.0,0.0,0.0,0.0,0.0,0.0,0.0006,0.0006,0.0,0.0,0.0,0.0006,0.0,0.0,0.0006,0.0,0.0,28.0,0.0
73,PJ-BV-BF-BT-BC-BY-BU-CH-AC-RI-DF,16.0,0.0,0.0196304017372421,0.0232359857297968,0.2281533426399876,0.0,0.2902495114006515,0.5756915774778968,0.1660571738793237,0.0953476655808903,0.0,0.0,0.0,0.0,0.0,0.0,0.0,0.104361625562277,0.274224693655964,0.0,0.0,0.0,0.0048074453234062,0.0,0.0,0.3659667752442997,21.73576104,45.05355692,14.87206769,25.32429628
74,PJ-BV-BF-BT-BC-BY-BU-CH-AC-RI-DF,32.0,0.0,0.0127276459268762,0.0144745777207611,0.1242817190506735,0.0,0.189167757109258,0.2957305965362412,0.0865979046397263,0.0623904212101774,0.0,0.0,0.0,0.0,0.0,0.0,0.0,0.0980777421423989,0.5769866153517211,0.0,0.0,0.0,0.0044921103271327,0.0,0.0,0.4749158862518708,21.9788744,35.78539248,14.47707512,27.94354902
75,PJ-BV-BF-BT-BC-BY-BU-CH-AC-RI-DF,48.0,0.0,0.0097872717603261,0.0120709685044022,0.1582275601252732,0.0,0.217929917863263,0.3471219050995686,0.1047238078354901,0.0484469952136146,0.0,0.0,0.0,0.0,0.0,0.0,0.0,0.1769864976658984,0.412696625893754,0.0,0.0,0.0,0.0029361815280978,0.0,0.0,0.3481006322756012,22.36020304,33.26759064,16.94501164,32.94025047
76,PC-PJ-BC-BY-BU-CA-EL-AC-BH-ER-RI,0.0,0.0006,0.0006,0.0,0.0,0.0,0.0,0.0006,0.0006,0.0006,0.0,0.0,0.0,0.0,0.0006,0.0006,0.0,0.0,0.0006,0.0006,0.0,0.0006,0.0006,0.0,0.0,0.0,0.0,0.0,28.0,0.0
77,PC-PJ-BC-BY-BU-CA-EL-AC-BH-ER-RI,16.0,0.9288932384341636,0.0329934756820877,0.0,0.0,0.0,0.0,0.5645806642941873,0.1478938315539738,0.0902129300118623,0.0,0.0,0.0,0.0,0.1317431791221826,0.0076138790035587,0.0,0.0,0.4081500593119809,0.0006921708185053,0.0,0.2764068801897983,0.0018457888493475,0.0,0.0,0.0,39.88575104,6.516503599999999,7.46695592,24.87882554
78,PC-PJ-BC-BY-BU-CA-EL-AC-BH-ER-RI,32.0,0.7114257368633558,0.0271087270000576,0.0,0.0,0.0,0.0,0.3279799273230662,0.112536886427871,0.0661666955067197,0.0,0.0,0.0,0.0,0.1692511968622022,0.0192614639210936,0.0,0.0,0.4531794428101747,0.0012484282171079,0.0,0.1708563188556267,0.0012484282171079,0.0,0.0,0.0,47.40061632,7.45156804,1.59716087,28.46613511
79,PC-PJ-BC-BY-BU-CA-EL-AC-BH-ER-RI,48.0,0.5893840453051807,0.0271841571698245,0.0,0.0,0.0,0.0,0.238616490712904,0.1223943694795963,0.0499032836933976,0.0,0.0,0.0,0.0,0.1671760003728821,0.0602779137243934,0.0,0.0,0.4704041110256589,0.0017072176000372,0.0,0.1503664732340534,0.0007879465846325,0.0,0.0,0.0,50.72597656,7.53032864,1.71732777,27.011243100000005
80,BY-BU-BP-CA-EL-FP-AC-BH-CG-ER-RI,0.0,0.0,0.0,0.0,0.0,0.0,0.0,0.0,0.0006,0.0006,0.0,0.0,0.0,0.0006,0.0006,0.0006,0.0006,0.0,0.0006,0.0006,0.0006,0.0006,0.0006,0.0,0.0,0.0,0.0,0.0,28.0,0.0
81,BY-BU-BP-CA-EL-FP-AC-BH-CG-ER-RI,16.0,0.0,0.0,0.0,0.0,0.0,0.0,0.0,0.5957702175125488,0.3670395240751068,0.0,0.0,0.0,0.3960533928239449,0.1980266964119724,0.0343659416248373,0.0028168804610522,0.0,0.4267573898494143,0.0028168804610522,0.1261962446551403,0.3661944599367912,0.0084506413831567,0.0,0.0,0.0,51.88226152,15.20061032,2.50057184,11.54228089
82,BY-BU-BP-CA-EL-FP-AC-BH-CG-ER-RI,32.0,0.0,0.0,0.0,0.0,0.0,0.0,0.0,0.3320109045848822,0.1690872366790582,0.0,0.0,0.0,0.3856339529120198,0.2631843866171003,0.0152034696406443,0.0016436183395291,0.0,0.4750057001239157,0.0018490706319702,0.0743737298636926,0.2138758364312267,0.0012327137546468,0.0,0.0,0.0,55.39724656,18.90451764,1.54067983,13.29784925
83,BY-BU-BP-CA-EL-FP-AC-BH-CG-ER-RI,48.0,0.0,0.0,0.0,0.0,0.0,0.0,0.0,0.2259133338411924,0.075368451791473,0.0,0.0,0.0,0.1820364134988954,0.1176131891013432,0.0332197252482161,0.0004800538330667,0.0,0.4399213326223306,0.0009601076661334,0.059910718366725,0.1182852644676366,0.0010561184327467,0.0,0.0,0.0,55.9028504,16.84983128,1.0982512,12.80834491
84,PJ-BV-BF-BO-BU-DP-BL-CA-EL-FP-CH-AC,0.0,0.0,0.00055,0.00055,0.00055,0.00055,0.0,0.0,0.0,0.00055,0.00055,0.00055,0.0,0.0,0.00055,0.00055,0.00055,0.00055,0.00055,0.0,0.0,0.0,0.0,0.0,0.0,0.0,0.0,0.0,28.0,0.0
85,PJ-BV-BF-BO-BU-DP-BL-CA-EL-FP-CH-AC,16.0,0.0,0.0361778549744937,0.0850815885832316,0.413045660814321,0.5486671674021218,0.0,0.0,0.0,0.2017960754858698,0.0303603104559822,0.0416318029605983,0.0,0.0,0.1283495759396613,0.0009089913310174,0.0039995618564767,0.2443368697774856,0.1985237066942071,0.0,0.0,0.0,0.0,0.0,0.0,0.0,16.26853992,32.2801242,24.43264494,18.76508063
86,PJ-BV-BF-BO-BU-DP-BL-CA-EL-FP-CH-AC,32.0,0.0,0.024794690928917,0.0333240646084645,0.294759285762966,0.3257030600422544,0.0,0.0,0.0,0.1098900701969604,0.0109096640087235,0.0192406801608396,0.0,0.0,0.1795135623253595,0.000595072582294,0.003570435493764,0.4012772779935937,0.5357636815920398,0.0,0.0,0.0,0.0,0.0,0.0,0.0,16.611447199999997,38.97706828,21.85873969,30.2689755
87,PJ-BV-BF-BO-BU-DP-BL-CA-EL-FP-CH-AC,48.0,0.0,0.0187994552264215,0.0295184428555215,0.3824204971058903,0.5903688571104301,0.0,0.0,0.0,0.081629213483146,0.0051121325615707,0.0143469526727953,0.0,0.0,0.0624999432527522,0.0008245375099307,0.0036279650436953,0.2257583702190443,0.5136868686868686,0.0,0.0,0.0,0.0,0.0,0.0,0.0,19.3691828,38.198871,21.70924895,37.32141271
88,PC-BF-BO-BT-BC-BU-BP-CA-EL-AC-BH-RI,0.0,0.00055,0.0,0.0,0.00055,0.00055,0.00055,0.00055,0.0,0.00055,0.0,0.0,0.0,0.00055,0.00055,0.00055,0.0,0.0,0.00055,0.00055,0.0,0.0,0.00055,0.0,0.0,0.0,0.0,0.0,28.0,0.0
89,PC-BF-BO-BT-BC-BU-BP-CA-EL-AC-BH-RI,16.0,0.2774574879630403,0.0,0.0,0.3282142161364838,0.1526489660738638,0.3636302913918344,0.3861677938270574,0.0,0.0967786869277226,0.0,0.0,0.0,0.3869253569341238,0.1676108374384236,0.0045453786423979,0.0,0.0,0.0975362500347889,0.001325735437366,0.0,0.0,0.0030302524282652,0.0,0.0,0.0,32.70559368,25.7946872,17.9159409,23.89721179
90,PC-BF-BO-BT-BC-BU-BP-CA-EL-AC-BH-RI,32.0,0.1819568407423392,0.0,0.0,0.252462379513739,0.0694107322687383,0.2815842324845345,0.2677896705509998,0.0,0.0615281254495755,0.0,0.0,0.0,0.2726068191627104,0.2550899151201266,0.0175169040425838,0.0,0.0,0.3641326427852108,0.0017516904042583,0.0,0.0,0.001532729103726,0.0,0.0,0.0,34.20733216,25.05580324,16.35761476,28.56132761
91,PC-BF-BO-BT-BC-BU-BP-CA-EL-AC-BH-RI,48.0,0.312124316216693,0.0,0.0,0.2828238633021586,0.0792105464384447,0.3734566201988117,0.2890315863772719,0.0,0.0665467913652138,0.0,0.0,0.0,0.2954876183753896,0.3836372860419975,0.0283072172225163,0.0,0.0,0.6960099111816951,0.0007449267690135,0.0,0.0,0.0017381624610317,0.0,0.0,0.0,35.52039192,23.5581856,14.63822268,31.20273287
92,BF-BT-BC-BY-BL-BA-BP-EL-FP-AC-BH-CG-ER,0.0,0.0,0.0,0.0,0.0005076923076923,0.0,0.0005076923076923,0.0005076923076923,0.0005076923076923,0.0,0.0,0.0005076923076923,0.0005076923076923,0.0005076923076923,0.0,0.0005076923076923,0.0005076923076923,0.0,0.0005076923076923,0.0005076923076923,0.0005076923076923,0.0005076923076923,0.0,0.0,0.0,0.0,0.0,0.0,28.0,0.0
93,BF-BT-BC-BY-BL-BA-BP-EL-FP-AC-BH-CG-ER,16.0,0.0,0.0,0.0,0.1944879315612588,0.0,0.1953113351665139,0.3183278337916285,0.1062190650779101,0.0,0.0,0.0135038191261839,0.2755108463183623,0.2766636113657195,0.0,0.0036229758631225,0.0016468072105102,0.0,0.0764118545676749,0.0,0.0164680721051023,0.4942068438741215,0.0,0.0,0.0,0.0,25.15776744,40.85513232,27.02687728,14.67063066
94,BF-BT-BC-BY-BL-BA-BP-EL-FP-AC-BH-CG-ER,32.0,0.0,0.0,0.0,0.1609837225760793,0.0,0.1844813466787989,0.2576406160482594,0.0924906480638964,0.0,0.0,0.0093323897145553,0.0866579044922994,0.185481245576787,0.0,0.0023330974286388,0.0013331985306507,0.0,0.3366326289893169,0.0006665992653253,0.0271639200620092,0.3016361675597344,0.0,0.0,0.0,0.0,25.19941248,39.01400184,28.17841305,15.56591518
95,BF-BT-BC-BY-BL-BA-BP-EL-FP-AC-BH-CG-ER,48.0,0.0,0.0,0.0,0.1757854882125003,0.0,0.2290139911852574,0.273206791492886,0.111714142041589,0.0,0.0,0.0100214156831425,0.066864199721951,0.1373426805099535,0.0,0.0026285680480373,0.000492856509007,0.0,0.5324493152305736,0.0008214275150116,0.0294071050374182,0.2814210666430029,0.0,0.0,0.0,0.0,25.38693488,35.23893812,29.98707144,18.37238235
96,PC-BF-BT-BC-BU-DP-BL-BA-FP-AC-CC-DL-DF,0.0,0.0005076923076923,0.0,0.0,0.0005076923076923,0.0,0.0005076923076923,0.0005076923076923,0.0,0.0005076923076923,0.0005076923076923,0.0005076923076923,0.0005076923076923,0.0,0.0,0.0,0.0005076923076923,0.0,0.0005076923076923,0.0,0.0,0.0,0.0,0.0005076923076923,0.0005076923076923,0.0005076923076923,0.0,0.0,28.0,0.0
97,PC-BF-BT-BC-BU-DP-BL-BA-FP-AC-CC-DL-DF,16.0,0.0709349905621141,0.0,0.0,0.2104031097034264,0.0,0.194550820616182,0.3228102505038872,0.0,0.0624484115558115,0.0091270755350801,0.009927696196052,0.1806200211152701,0.0,0.0,0.0,0.0012809930575551,0.0,0.0171332821447995,0.0,0.0,0.0,0.0,0.0080062066097194,0.4086367853600793,0.1708524490514124,15.21645808,42.478499,38.31999485,12.18822892
98,PC-BF-BT-BC-BU-DP-BL-BA-FP-AC-CC-DL-DF,32.0,0.0568226314132829,0.0,0.0,0.1650483947119924,0.0,0.190175165250236,0.2882188385269122,0.0,0.0448340415486307,0.0057479540446962,0.0080471356625747,0.0653624488511174,0.0,0.0,0.0,0.0018064998426188,0.0,0.1420565785332074,0.0,0.0,0.0,0.0,0.012152817123072,0.2015068460812086,0.2090612999685237,15.4167292,42.52387992,36.77518795,11.60643875
99,PC-BF-BT-BC-BU-DP-BL-BA-FP-AC-CC-DL-DF,48.0,0.0765922288642186,0.0,0.0,0.1893156846000569,0.0,0.2763590947907771,0.3093549672644463,0.0,0.0288153999430685,0.0037325647594648,0.0071665243381725,0.0361312268716196,0.0,0.0,0.0,0.0005972103615143,0.0,0.4011760603472815,0.0,0.0,0.0,0.0,0.0083609450612012,0.1527365499573014,0.2575469684030743,18.0735496,41.45420932,38.48877388,15.54447142
100,BC-BU-DP-BA-BP-CA-FP-CG-RI-CC-DF,0.0,0.0,0.0,0.0,0.0,0.0,0.0,0.0006,0.0,0.0006,0.0006,0.0,0.0006,0.0006,0.0006,0.0,0.0006,0.0,0.0,0.0,0.0006,0.0,0.0006,0.0006,0.0,0.0006,0.0,0.0,28.0,0.0
101,BC-BU-DP-BA-BP-CA-FP-CG-RI-CC-DF,16.0,0.0,0.0,0.0,0.0,0.0,0.0,0.5562966551121382,0.0,0.0871745030071401,0.007375374040826,0.0,0.3420480846147009,0.1144996592895446,0.0191034278434509,0.0,0.0007254466269664,0.0,0.0,0.0,0.0342168992385862,0.0,0.0027808787367048,0.0211588599531893,0.0,0.1738653749296359,1.200972,56.57878976,50.41196817,8.68255116
102,BC-BU-DP-BA-BP-CA-FP-CG-RI-CC-DF,32.0,0.0,0.0,0.0,0.0,0.0,0.0,0.611492975734355,0.0,0.0685351213282247,0.0081510217113665,0.0,0.1402308429118774,0.2859511494252874,0.0191299489144316,0.0,0.0006653895274584,0.0,0.0,0.0,0.0492388250319284,0.0,0.0029942528735632,0.0239540229885057,0.0,0.1779916985951468,1.59898552,61.22271804,53.18028484,8.81368684
103,BC-BU-DP-BA-BP-CA-FP-CG-RI-CC-DF,48.0,0.0,0.0,0.0,0.0,0.0,0.0,0.8998076051229739,0.0,0.0544586025161509,0.0037872889040009,0.0,0.0446638898333899,0.0976859344894026,0.0035260965657939,0.0,0.0006529808455173,0.0,0.0,0.0,0.0814920095205712,0.0,0.0007835770146208,0.0364363311798707,0.0,0.3127778250028334,1.55357368,60.35181256,55.17342669,11.23214938
104,PC-PJ-BV-BO-BC-BY-DP-BL-BA-BP-CA-EL-AC-BH-CG-ER-RI,0.0,0.0003882352941176,0.0003882352941176,0.0003882352941176,0.0,0.0003882352941176,0.0,0.0003882352941176,0.0003882352941176,0.0,0.0003882352941176,0.0003882352941176,0.0003882352941176,0.0003882352941176,0.0003882352941176,0.0003882352941176,0.0,0.0,0.0003882352941176,0.0003882352941176,0.0003882352941176,0.0003882352941176,0.0003882352941176,0.0,0.0,0.0,0.0,0.0,28.0,0.0
105,PC-PJ-BV-BO-BC-BY-DP-BL-BA-BP-CA-EL-AC-BH-CG-ER-RI,16.0,0.1374432098765431,0.0139972839506172,0.0296809876543209,0.0,0.1559938271604938,0.0,0.379613086419753,0.1057385185185185,0.0,0.0069143209876543,0.017876049382716,0.3052419753086419,0.1968051851851851,0.0509298765432098,0.0032041975308641,0.0,0.0,0.0512671604938271,0.0003372839506172,0.0258022222222222,0.3357661728395061,0.0033728395061728,0.0,0.0,0.0,16.58824488,43.654392,42.84282617,16.23109398
106,PC-PJ-BV-BO-BC-BY-DP-BL-BA-BP-CA-EL-AC-BH-CG-ER-RI,32.0,0.1384046633738263,0.0180019579050416,0.0558762070039603,0.0,0.1313909135406932,0.0,0.3315165754460908,0.102868330885952,0.0,0.0067799581720286,0.0060785831887153,0.1024007475637431,0.2178938281493347,0.0383418324211275,0.001636541627731,0.0,0.0,0.2487543274151203,0.0014027499666266,0.0306267076046811,0.3146835758465714,0.0037406665776709,0.0,0.0,0.0,15.81950816,45.79604204,40.88216166,14.85762643
107,PC-PJ-BV-BO-BC-BY-DP-BL-BA-BP-CA-EL-AC-BH-CG-ER-RI,48.0,0.1366545007680491,0.0138611367127496,0.0484324423963133,0.0,0.0918096466973886,0.0,0.328264331797235,0.1144766820276497,0.0,0.0027722273425499,0.0037506605222734,0.0900158525345622,0.0820253149001536,0.0146764976958525,0.0024460829493087,0.0,0.0,0.6121730261136713,0.0,0.0363650998463901,0.1904683256528418,0.001141505376344,0.0,0.0,0.0,17.87633864,38.78385068,37.33314969,17.95597831
108,PC-PJ-BV-BO-BY-BU-DP-BL-CA-EL-FP-CH-BH-CG-CC-DL,0.0,0.0004125,0.0004125,0.0004125,0.0,0.0004125,0.0,0.0,0.0004125,0.0004125,0.0004125,0.0004125,0.0,0.0,0.0004125,0.0004125,0.0004125,0.0004125,0.0,0.0004125,0.0004125,0.0,0.0,0.0004125,0.0004125,0.0,0.0,0.0,28.0,0.0
109,PC-PJ-BV-BO-BY-BU-DP-BL-CA-EL-FP-CH-BH-CG-CC-DL,16.0,0.1138205199030169,0.0159077433017217,0.0186206917717828,0.0,0.2436720989473038,0.0,0.0,0.1334277383911855,0.0808951907436393,0.0064124236565079,0.0103585305220513,0.0,0.0,0.0358849093085351,0.0016031059141269,0.0007398950372893,0.1252888929810023,0.0,0.0016031059141269,0.0307056440475094,0.0,0.0,0.0258963263051284,0.492400147316085,0.0,0.61747424,42.686058200000005,34.35729933,17.38743592
110,PC-PJ-BV-BO-BY-BU-DP-BL-CA-EL-FP-CH-BH-CG-CC-DL,32.0,0.1739508134695421,0.0137782822550132,0.0080373313154243,0.0,0.2334653382099466,0.0,0.0,0.1184549543868499,0.0639159204607558,0.0066977760961869,0.0210501534451591,0.0,0.0,0.0407607516710808,0.0021050153445159,0.0005740950939588,0.1504129146172279,0.0,0.0013395552192373,0.0310011350737797,0.0,0.0,0.0229638037583554,0.6280600327910203,0.0,1.3321383999999998,59.62972876,44.5750734,21.36786224
111,PC-PJ-BV-BO-BY-BU-DP-BL-CA-EL-FP-CH-BH-CG-CC-DL,48.0,0.2167930569320559,0.0207420713577799,0.014288982490915,0.0,0.5105622453474286,0.0,0.0,0.1877541570311639,0.0563877050985574,0.0021510296222882,0.0374893734170245,0.0,0.0,0.0161327221671622,0.0018437396762471,0.0012291597841647,0.1799182634071137,0.0,0.0010755148111441,0.0537757405572073,0.0,0.0,0.0190519766545534,0.540215725140403,0.0,1.3938088,55.51558076,44.14043577,25.24069653
112,BV-BF-BL-CA-FP-CH-AC-BH-ER-RI-DF,0.0,0.0,0.0,0.0006,0.0006,0.0,0.0,0.0,0.0,0.0,0.0,0.0006,0.0,0.0,0.0006,0.0,0.0006,0.0006,0.0006,0.0006,0.0,0.0006,0.0006,0.0,0.0,0.0006,0.0,0.0,28.0,0.0
113,BV-BF-BL-CA-FP-CH-AC-BH-ER-RI-DF,16.0,0.0,0.0,0.0886534216335541,0.4304356918787034,0.0,0.0,0.0,0.0,0.0,0.0,0.018897176716626,0.0,0.0,0.1997034971534797,0.0,0.006532357383525,0.3095870802834902,0.5956110142906936,0.0023329847798303,0.0,0.6000436853723713,0.0086320436853723,0.0,0.0,0.4145713953758568,31.85940104,32.35661536,7.68118245,18.07217348
114,BV-BF-BL-CA-FP-CH-AC-BH-ER-RI-DF,32.0,0.0,0.0,0.0112523051131601,0.2523731289665908,0.0,0.0,0.0,0.0,0.0,0.0,0.0066978006625952,0.0,0.0,0.1315448050133716,0.0,0.0053582405300762,0.7214870873747654,0.6620106174909193,0.0016074721590228,0.0,0.1912891869237217,0.001339560132519,0.0,0.0,0.2494260966750489,34.5199824,39.41342328,1.02817301,24.08999451
115,BV-BF-BL-CA-FP-CH-AC-BH-ER-RI-DF,48.0,0.0,0.0,0.0120096301159991,0.261209455022981,0.0,0.0,0.0,0.0,0.0,0.0,0.0033184504267892,0.0,0.0,0.1731915079886189,0.0,0.002844386080105,0.4517833223900196,0.493026920551543,0.0007901072444736,0.0,0.1360564674983584,0.0007901072444736,0.0,0.0,0.3903129787699715,34.3107644,41.68957704,8.1419459,28.10430182
116,PC-PJ-BO-BT-BC-BL-EL-FP-BH-CG-RI-DL,0.0,0.00055,0.00055,0.0,0.0,0.00055,0.00055,0.00055,0.0,0.0,0.0,0.00055,0.0,0.0,0.0,0.00055,0.00055,0.0,0.0,0.00055,0.00055,0.0,0.00055,0.0,0.00055,0.0,0.0,0.0,28.0,0.0
117,PC-PJ-BO-BT-BC-BL-EL-FP-BH-CG-RI-DL,16.0,0.0290691108301727,0.0243500993317681,0.0,0.0,0.2846507735837698,0.4358479019926555,0.4907771958340858,0.0,0.0,0.0,0.0262377039311299,0.0,0.0,0.0,0.0033976882788513,0.0009438022996809,0.0,0.0,0.002076365059298,0.037374571067365,0.0,0.0052852928782132,0.0,0.7486239841069172,0.0,0.62834832,55.71169032,50.48829771,17.92295688
118,PC-PJ-BO-BT-BC-BL-EL-FP-BH-CG-RI-DL,32.0,0.0377514203340964,0.0304051979988128,0.0,0.0,0.1971236326634443,0.3920025862799965,0.4599551428813703,0.0,0.0,0.0,0.0367311116764182,0.0,0.0,0.0,0.0032649877045705,0.0012243703892139,0.0,0.0,0.0,0.047546383447808,0.0,0.0030609259730348,0.0,0.3946553887899601,0.0,1.54392016,58.67614632,61.19132123,19.09383594
119,PC-PJ-BO-BT-BC-BL-EL-FP-BH-CG-RI-DL,48.0,0.0488128515425259,0.0204988352934492,0.0,0.0,0.1814146923470257,0.4808258053519686,0.4409811942503266,0.0,0.0,0.0,0.0180645986023521,0.0,0.0,0.0,0.002306118970513,0.0002562354411681,0.0,0.0,0.0014092949264246,0.0502221464689506,0.0,0.0005124708823362,0.0,0.2572603829327879,0.0,1.11365816,46.4308706,54.14852064,17.920227399999998
120,PJ-BV-BO-BC-BU-DP-BL-EL-CH-CG-RI,0.0,0.0,0.0006,0.0006,0.0,0.0006,0.0,0.0006,0.0,0.0006,0.0006,0.0006,0.0,0.0,0.0,0.0006,0.0,0.0006,0.0,0.0,0.0006,0.0,0.0006,0.0,0.0,0.0,0.0,0.0,28.0,0.0
121,PJ-BV-BO-BC-BU-DP-BL-EL-CH-CG-RI,16.0,0.0,0.0251471266460343,0.0504331876934279,0.0,0.3627577219491473,0.0,0.7053699557011953,0.0,0.13407169731173,0.0238967170338005,0.0494606468839128,0.0,0.0,0.0,0.0030565568299047,0.0,0.1100360458765701,0.0,0.0,0.0523782693124582,0.0,0.0072245888706839,0.0,0.0,0.0,1.55103328,50.4900162,38.12629946,22.69451016
122,PJ-BV-BO-BC-BU-DP-BL-EL-CH-CG-RI,32.0,0.0,0.0282471264367816,0.0166159567275185,0.0,0.2799788708586883,0.0,0.7294405003380662,0.0,0.0891030679513184,0.0120465686274509,0.058986646382691,0.0,0.0,0.0,0.0047770875591615,0.0,0.3593200642325895,0.0,0.0,0.0513017663962136,0.0,0.0058155848546315,0.0,0.0,0.0,1.26793928,50.3943924,41.83427751,24.45972218
123,PJ-BV-BO-BC-BU-DP-BL-EL-CH-CG-RI,48.0,0.0,0.0221593951563831,0.021395278082025,0.0,0.3030488316903979,0.0,0.7138381708652792,0.0,0.0580728976512108,0.0114617561153705,0.0392756176220031,0.0,0.0,0.0,0.0062657600097359,0.0,0.4427294328830473,0.0,0.0,0.0496676098332724,0.0,0.0053488195205062,0.0,0.0,0.0,1.4403536,48.3770336,43.95759584,26.80896375
124,PC-PJ-BF-BT-BC-BY-DP-BL-BA-FP-AC-BH-RI-CC-DL-DF,0.0,0.0004125,0.0004125,0.0,0.0004125,0.0,0.0004125,0.0004125,0.0004125,0.0,0.0004125,0.0004125,0.0004125,0.0,0.0,0.0,0.0004125,0.0,0.0004125,0.0004125,0.0,0.0,0.0004125,0.0004125,0.0004125,0.0004125,0.0,0.0,28.0,0.0
125,PC-PJ-BF-BT-BC-BY-DP-BL-BA-FP-AC-BH-RI-CC-DL-DF,16.0,0.0253876204202381,0.0147118005512149,0.0,0.1616996131381324,0.0,0.1784945004930592,0.3476151103694151,0.0856669448026498,0.0,0.0096342764671673,0.0102852410933272,0.2432003843333585,0.0,0.0,0.0,0.0023434726541758,0.0,0.0121079420465751,0.0006509646261599,0.0,0.0,0.0024736655794078,0.0118475561961111,0.3679252067056057,0.2312226352120154,14.65557864,41.53750092,35.6978967,9.82404307
126,PC-PJ-BF-BT-BC-BY-DP-BL-BA-FP-AC-BH-RI-CC-DL-DF,32.0,0.0557398996132642,0.0175272772155023,0.0,0.1160589977783263,0.0,0.1670617954414547,0.2676462601826709,0.0688458816753065,0.0,0.0058424257385007,0.0146850160454208,0.105163663293014,0.0,0.0,0.0,0.0026843577717436,0.0,0.1072164074714062,0.0009474203900271,0.0,0.0,0.0020527441783921,0.0090004937052579,0.1452711264708302,0.1929579527688636,15.33324056,44.41543452,37.11854845,12.4293732
127,PC-PJ-BF-BT-BC-BY-DP-BL-BA-FP-AC-BH-RI-CC-DL-DF,48.0,0.0474318581433467,0.0122247057070481,0.0,0.1257922217255252,0.0,0.1911943972582327,0.2704104902399046,0.0658911637609894,0.0,0.0040341528833258,0.0090462822232156,0.0334956936373118,0.0,0.0,0.0,0.0011002235136343,0.0,0.2287242437788705,0.0002444941141409,0.0,0.0,0.0007334823424228,0.0083127998807927,0.1316600804649083,0.2369147966025927,15.81535592,44.52826036,37.91395019,13.108237099999998
128,PC-PJ-BV-BF-BT-BC-DP-CA-EL-CH-AC-BH-CG-RI-DF,0.0,0.00044,0.00044,0.00044,0.00044,0.0,0.00044,0.00044,0.0,0.0,0.00044,0.0,0.0,0.0,0.00044,0.00044,0.0,0.00044,0.00044,0.00044,0.00044,0.0,0.00044,0.0,0.0,0.00044,0.0,0.0,28.0,0.0
129,PC-PJ-BV-BF-BT-BC-DP-CA-EL-CH-AC-BH-CG-RI-DF,16.0,0.5015119059095728,0.0175871653973456,0.0261030560107972,0.229003406279122,0.0,0.246960827790096,0.4024683955139946,0.0,0.0,0.0059240978180532,0.0,0.0,0.0,0.0323974099424788,0.0003702561136283,0.0,0.0655353321122144,0.1371798900992962,0.0009256402840708,0.0192533179086731,0.0,0.0020364086249558,0.0,0.0,0.2306695587904495,16.1066376,41.77171028,25.6849406,23.46888324
130,PC-PJ-BV-BF-BT-BC-DP-CA-EL-CH-AC-BH-CG-RI-DF,32.0,0.4087055210937259,0.0093525290868129,0.0147769959571644,0.1180289170755794,0.0,0.1765757491590285,0.2407340986945653,0.0,0.0,0.0054244668703515,0.0,0.0,0.0,0.048446100669691,0.0003741011634725,0.0,0.1322447612875351,0.4754825787735703,0.0009352529086812,0.0220719686448785,0.0,0.0016834552356263,0.0,0.0,0.3645615838039687,17.4731392,44.76867128,24.86255603,31.22421056
131,PC-PJ-BV-BF-BT-BC-DP-CA-EL-CH-AC-BH-CG-RI-DF,48.0,0.2997047940918763,0.0089442233070471,0.0099706095881837,0.1274185254725247,0.0,0.2467725873075478,0.2692064588809613,0.0,0.0,0.0030791588434096,0.0,0.0,0.0,0.0145160345475028,0.0010263862811365,0.0,0.0860698210038803,0.4637799724621353,0.0005865064463637,0.028005682813869,0.0,0.0017595193390912,0.0,0.0,0.3909065465014394,18.21414176,35.3468232,27.83471494,34.20577915
132,BF-BU-DP-BL-BA-CA-EL-FP-AC-CG-RI,0.0,0.0,0.0,0.0,0.0006,0.0,0.0,0.0,0.0,0.0006,0.0006,0.0006,0.0006,0.0,0.0006,0.0006,0.0006,0.0,0.0006,0.0,0.0006,0.0,0.0006,0.0,0.0,0.0,0.0,0.0,28.0,0.0
133,BF-BU-DP-BL-BA-CA-EL-FP-AC-CG-RI,16.0,0.0,0.0,0.0,0.653899976451195,0.0,0.0,0.0,0.0,0.1188512304250559,0.0113468738961497,0.0804464264688567,0.4954801601318732,0.0,0.1189967031673142,0.0023275638761332,0.0068372188861415,0.0,0.1047403744259978,0.0,0.0477150594607323,0.0,0.0048006004945249,0.0,0.0,0.0,13.98745344,34.65300496,36.67985208,7.51790391
134,BF-BU-DP-BL-BA-CA-EL-FP-AC-CG-RI,32.0,0.0,0.0,0.0,0.3558727266592434,0.0,0.0,0.0151078044336471,0.0,0.1128049397712319,0.0080574956979451,0.0110790565846745,0.1957299996625839,0.0,0.1640036103519249,0.0020143739244862,0.0134291594965752,0.0,0.2882233356952458,0.0,0.0184650943077909,0.0,0.0025179674056078,0.0,0.4634738671255525,0.0,16.31855368,59.05753044,33.70580107,8.21950468
135,BF-BU-DP-BL-BA-CA-EL-FP-AC-CG-RI,48.0,0.0,0.0,0.0,0.558288584875753,0.0,0.0,0.0,0.0,0.3393640110225083,0.008194210744507,0.0083488184944033,0.2265003535981661,0.0,0.1003404296827371,0.0437539932206696,0.0126778354915014,0.0,0.6332733435754871,0.0,0.1393015826566196,0.0,0.002164508498549,0.0,0.0401980149730533,0.0,41.7633344,35.171572,0.97149163,13.56303859
136,PC-BV-BF-BO-BC-DP-BL-EL-CH-BH-CG-RI,0.0,0.00055,0.0,0.00055,0.00055,0.00055,0.0,0.00055,0.0,0.0,0.00055,0.00055,0.0,0.0,0.0,0.00055,0.0,0.00055,0.0,0.00055,0.00055,0.0,0.00055,0.0,0.0,0.0,0.0,0.0,28.0,0.0
137,PC-BV-BF-BO-BC-DP-BL-EL-CH-BH-CG-RI,16.0,0.3709779682108716,0.0,0.0218045421121104,0.2721808360201369,0.2682710560552067,0.0,0.5506774704451609,0.0,0.0,0.0117293398947904,0.0906768199558798,0.0,0.0,0.0,0.0016541376774704,0.0,0.1279701057752135,0.0,0.0016541376774704,0.0490226257141241,0.0,0.0030075230499462,0.0,0.0,0.0,1.27063736,53.08532572,39.32979007,26.75868703
138,PC-BV-BF-BO-BC-DP-BL-EL-CH-BH-CG-RI,32.0,0.3709610552202101,0.0,0.0213486250838363,0.1776756539235412,0.2626110440420299,0.0,0.4866568298680975,0.0,0.0,0.0084935390118488,0.0282352783366867,0.0,0.0,0.0,0.0027546613011401,0.0,0.2938305387882852,0.0,0.0025251061927118,0.0532567851553767,0.0,0.0027546613011401,0.0,0.0,0.0,1.25717616,55.16469224,37.52224468,29.42929471
139,PC-BV-BF-BO-BC-DP-BL-EL-CH-BH-CG-RI,48.0,0.2807772349056883,0.0,0.0136846702792336,0.2228186313701104,0.3469466406088063,0.0,0.5865088685558615,0.0,0.0,0.0059568564744899,0.022056468567706,0.0,0.0,0.0,0.0024149418139824,0.0,0.2625846732403541,0.0,0.0017709573302537,0.061178525954221,0.0,0.003058926297711,0.0,0.0,0.0,1.34362568,52.12638488,40.52766374,34.79907913
140,PC-BV-BF-BO-CA-EL-FP-CH-AC-BH-ER,0.0,0.0006,0.0,0.0006,0.0006,0.0006,0.0,0.0,0.0,0.0,0.0,0.0,0.0,0.0,0.0006,0.0006,0.0006,0.0006,0.0006,0.0006,0.0,0.0006,0.0,0.0,0.0,0.0,0.0,0.0,28.0,0.0
141,PC-BV-BF-BO-CA-EL-FP-CH-AC-BH-ER,16.0,1.0675425247738044,0.0,0.0499743501364354,0.4655901766479965,0.4251586672411316,0.0,0.0,0.0,0.0,0.0,0.0,0.0,0.0,0.0519833692373976,0.0010045095504811,0.0017578917133419,0.1850808846761453,0.2807604193594715,0.0007533821628608,0.0,0.3824670113456844,0.0,0.0,0.0,0.0,30.25104168,25.53095936,6.55218864,32.70966973
142,PC-BV-BF-BO-CA-EL-FP-CH-AC-BH-ER,32.0,0.5084273582044282,0.0,0.019241183445005,0.3145515206661702,0.3643276256652052,0.0,0.0,0.0,0.0,0.0,0.0,0.0,0.0,0.1309237047453607,0.002300576281468,0.0027188628780985,0.2965651970110568,0.5833006590012958,0.000836573193261,0.0,0.3036760691537761,0.0,0.0,0.0,0.0,35.23263176,35.93382804,2.35295465,37.36627571
143,PC-BV-BF-BO-CA-EL-FP-CH-AC-BH-ER,48.0,0.384194989377259,0.0,0.0122391634246613,0.2772935463399829,0.3499635791739094,0.0,0.0,0.0,0.0,0.0,0.0,0.0,0.0,0.1265988466738404,0.0019123692851033,0.0007649477140413,0.2799708633391276,0.6440859752228016,0.0009561846425516,0.0,0.2300580249979306,0.0,0.0,0.0,0.0,33.34001624,28.31363164,4.67256537,38.54482672
144,PJ-BV-BY-BA-EL-FP-CH-BH-ER-DL-DF,0.0,0.0,0.0006,0.0006,0.0,0.0,0.0,0.0,0.0006,0.0,0.0,0.0,0.0006,0.0,0.0,0.0006,0.0006,0.0006,0.0,0.0006,0.0,0.0006,0.0,0.0,0.0006,0.0006,0.0,0.0,28.0,0.0
145,PJ-BV-BY-BA-EL-FP-CH-BH-ER-DL-DF,16.0,0.0,0.016658687235866,0.0369053994148417,0.0,0.0,0.0,0.0,0.1992635280905517,0.0,0.0,0.0,0.1904216094807459,0.0,0.0,0.0014095812276502,0.0007688624878092,0.2252767089280964,0.0,0.002562874959364,0.0,0.233990483789934,0.0,0.0,0.3467569820019505,0.1896527469929367,2.52886536,55.30946360000001,45.11048947,11.92328463
146,PJ-BV-BY-BA-EL-FP-CH-BH-ER-DL-DF,32.0,0.0,0.0240303518667741,0.072753961858716,0.0,0.0,0.0,0.0,0.2567104485629868,0.0,0.0,0.0,0.1695382755842062,0.0,0.0,0.0031488047273704,0.0004971796937953,0.1958887993553585,0.0,0.0024858984689766,0.0,0.2586991673381681,0.0,0.0,0.4444786462530218,0.2167703464947623,4.44107992,63.91845028,46.82584136,13.4973765
147,PJ-BV-BY-BA-EL-FP-CH-BH-ER-DL-DF,48.0,0.0,0.019761815054468,0.0257391541758811,0.0,0.0,0.0,0.0,0.3055762142681628,0.0,0.0,0.0,0.0646528517214077,0.0,0.0,0.0053674065580036,0.0008539055887733,0.2133544106806454,0.0,0.0017078111775466,0.0,0.310333688262757,0.0,0.0,0.2549518115051737,0.28679029131515,6.31640904,47.64077368,36.45518561,13.3952095
148,PJ-BV-BF-BU-DP-BL-BA-EL-RI-DL-DF,0.0,0.0,0.0006,0.0006,0.0006,0.0,0.0,0.0,0.0,0.0006,0.0006,0.0006,0.0006,0.0,0.0,0.0006,0.0,0.0,0.0,0.0,0.0,0.0,0.0006,0.0,0.0006,0.0006,0.0,0.0,28.0,0.0
149,PJ-BV-BF-BU-DP-BL-BA-EL-RI-DL-DF,16.0,0.0,0.0193258895843906,0.0495889584390683,0.2913749506569672,0.0,0.0,0.0,0.0,0.1086284892573168,0.0090258275531494,0.017733096486776,0.3279030056955957,0.0,0.0,0.0025484689561833,0.0,0.0,0.0,0.0,0.0,0.0,0.003822703434275,0.0,0.271624316246546,0.1528019511644955,0.44615784,51.71203872,47.41433269,9.2209524
150,PJ-BV-BF-BU-DP-BL-BA-EL-RI-DL-DF,32.0,0.0,0.0418611028512901,0.0413724518452439,0.4244748405854561,0.0,0.0,0.0,0.0,0.1252575412165064,0.0153110648561139,0.0263871543264942,0.2713641920243169,0.0,0.0,0.0073297650906928,0.0,0.0,0.0,0.0,0.0,0.0,0.0058638120725542,0.0,0.3962959659034591,0.287326791555159,1.02643776,53.90689452,46.95288660000001,10.34284408
151,PJ-BV-BF-BU-DP-BL-BA-EL-RI-DL-DF,48.0,0.0,0.0258073997233748,0.0375300829875518,0.3767880359612724,0.0,0.0,0.0,0.0,0.0897572614107883,0.0063862378976486,0.0146970954356846,0.1040169432918395,0.0,0.0,0.0045491009681881,0.0,0.0,0.0,0.0,0.0,0.0,0.002274550484094,0.0,0.1398848547717842,0.2945542876901798,1.17102448,51.71130588,50.24453587,12.27343092
152,BV-BO-BC-BY-BL-BA-FP-AC-BH-CG-DL-DF,0.0,0.0,0.0,0.00055,0.0,0.00055,0.0,0.00055,0.00055,0.0,0.0,0.00055,0.00055,0.0,0.0,0.0,0.00055,0.0,0.00055,0.00055,0.00055,0.0,0.0,0.0,0.00055,0.00055,0.0,0.0,28.0,0.0
153,BV-BO-BC-BY-BL-BA-FP-AC-BH-CG-DL-DF,16.0,0.0,0.0,0.0780141911570029,0.0,0.1560283823140058,0.0,0.306267725708234,0.1201914747153825,0.0,0.0,0.005099867619804,0.1721549907333862,0.0,0.0,0.0,0.0022053481599152,0.0,0.0919354514164681,0.0009648398199629,0.0179184537993116,0.0,0.0,0.0,0.5354861000794281,0.2481016679904686,19.41169216,48.74993096,26.27989104,11.83862928
154,BV-BO-BC-BY-BL-BA-FP-AC-BH-CG-DL-DF,32.0,0.0,0.0,0.031364371932617,0.0,0.0978354556307202,0.0,0.2680228146969094,0.0851827828624486,0.0,0.0,0.0190681124817615,0.0753814166335057,0.0,0.0,0.0,0.0024948932219127,0.0,0.3491068444090728,0.0005346199761241,0.0192463191404695,0.0,0.0,0.0,0.5807755007295398,0.2592906884202149,19.91755296,49.6916146,27.35828787,12.16559384
155,BV-BO-BC-BY-BL-BA-FP-AC-BH-CG-DL-DF,48.0,0.0,0.0,0.0232275702122251,0.0,0.1186201868089973,0.0,0.3078096327360529,0.091669112974965,0.0,0.0,0.0156032532723344,0.0508878828313635,0.0,0.0,0.0,0.0021277163553183,0.0,0.5760792032024399,0.0007092387851061,0.028901480493074,0.0,0.0,0.0,0.3464631465243359,0.296461812174355,21.092888,51.06959808,27.35823222,13.66278525
156,PJ-BY-BU-EL-FP-CH-AC-BH-CG-CC-DF,0.0,0.0,0.0006,0.0,0.0,0.0,0.0,0.0,0.0006,0.0006,0.0,0.0,0.0,0.0,0.0,0.0006,0.0006,0.0006,0.0006,0.0006,0.0006,0.0,0.0,0.0006,0.0,0.0006,0.0,0.0,28.0,0.0
157,PJ-BY-BU-EL-FP-CH-AC-BH-CG-CC-DF,16.0,0.0,0.043691265646095,0.0,0.0,0.0,0.0,0.0,0.5047398228873481,0.3877599826090936,0.0,0.0,0.0,0.0,0.0,0.0024664424155053,0.0040520125397588,0.1883304958696597,0.6867280382599941,0.0029949657902565,0.0311828791103178,0.0,0.0,0.1041191048259765,0.0,0.6083304043385734,38.002608,43.72336564,8.40138991,12.53650906
158,PJ-BY-BU-EL-FP-CH-AC-BH-CG-CC-DF,32.0,0.0,0.0196153126169973,0.0,0.0,0.0,0.0,0.0,0.1116696306002745,0.0619430924747285,0.0,0.0,0.0,0.0,0.0,0.0018927056033944,0.0030971546237364,0.4516683826282291,0.5669513602895294,0.0017206414576313,0.0104959128915512,0.0,0.0,0.0318318669661799,0.0,0.5750383751403968,44.08083912,27.5001162,2.32491447,15.77692208
159,PJ-BY-BU-EL-FP-CH-AC-BH-CG-CC-DF,48.0,0.0,0.0068668330560177,0.0,0.0,0.0,0.0,0.0,0.0862832501386578,0.0506055740432612,0.0,0.0,0.0,0.0,0.0,0.0291094009983361,0.0022391846921797,0.3694654742096506,0.5451668330560178,0.0004478369384359,0.0226904048807542,0.0,0.0,0.0335877703826955,0.0,0.6475722129783694,46.75032648,22.74484352,1.09821781,15.73613445
160,PC-PJ-BO-BT-BL-BP-CH-AC-BH-CG-CC-DF,0.0,0.00055,0.00055,0.0,0.0,0.00055,0.00055,0.0,0.0,0.0,0.0,0.00055,0.0,0.00055,0.0,0.0,0.0,0.00055,0.00055,0.00055,0.00055,0.0,0.0,0.00055,0.0,0.00055,0.0,0.0,28.0,0.0
161,PC-PJ-BO-BT-BL-BP-CH-AC-BH-CG-CC-DF,16.0,0.6698877340262509,0.0331461123326004,0.0,0.0,0.4390658937970551,0.4035178892664401,0.0,0.0,0.0,0.0,0.0129702178692784,0.0,0.0499593577187021,0.0,0.0,0.0,0.0523612499167166,0.2752568458924645,0.0004803784396029,0.0367489506296222,0.0,0.0,0.0307442201345859,0.0,0.3953514557931907,22.07985384,55.7077976,19.63488407,20.31873156
162,PC-PJ-BO-BT-BL-BP-CH-AC-BH-CG-CC-DF,32.0,0.1950164201971755,0.0163433919531041,0.0,0.0,0.2683408273381294,0.2617151278976818,0.0,0.0,0.0,0.0,0.0070674127364774,0.0,0.0245150879296562,0.0,0.0,0.0,0.0854715227817745,0.8527275179856113,0.0006625699440447,0.02782793764988,0.0,0.0,0.0353370636823874,0.0,0.4339833133493204,24.87976008,41.31161284,17.94437063,21.61295748
163,PC-PJ-BO-BT-BL-BP-CH-AC-BH-CG-CC-DF,48.0,0.1434277687416827,0.012716940213909,0.0,0.0,0.3077821479619498,0.328547784513776,0.0,0.0,0.0,0.0,0.0053121395830252,0.0,0.0172242101631425,0.0,0.0,0.0,0.3415866725812016,0.6614418650500271,0.0012877914140667,0.0268826457686431,0.0,0.0,0.019316871211001,0.0,0.3105187047168416,24.57851536,40.24458204,20.81031966,26.03988752
164,PJ-BO-BT-BU-BP-CA-EL-CH-AC-BH-RI,0.0,0.0,0.0006,0.0,0.0,0.0006,0.0006,0.0,0.0,0.0006,0.0,0.0,0.0,0.0006,0.0006,0.0006,0.0,0.0006,0.0006,0.0006,0.0,0.0,0.0006,0.0,0.0,0.0,0.0,0.0,28.0,0.0
165,PJ-BO-BT-BU-BP-CA-EL-CH-AC-BH-RI,16.0,0.0,0.0382655790571943,0.0,0.0,0.7674374466470644,0.6852373138575357,0.0,0.0,0.2404590091371842,0.0,0.0,0.0,0.2279400233962502,0.1185760536216763,0.0011810363906541,0.0,0.116213980840368,0.2749452717442853,0.0018896582250466,0.0,0.0,0.0037793164500932,0.0,0.0,0.0,30.08325264,56.47411972,17.66679214,27.04950106
166,PJ-BO-BT-BU-BP-CA-EL-CH-AC-BH-RI,32.0,0.0,0.0266542926811515,0.0,0.0,0.4710540452014412,0.4373727117225315,0.0,0.0,0.1589565090803217,0.0,0.0,0.0,0.0959554536521454,0.1979687010954616,0.0053308585362303,0.0,0.3767947738108236,0.4390688939840593,0.0004846235032936,0.0,0.0,0.0016961822615278,0.0,0.0,0.0,40.28632248,21.75963864,2.62496443,28.49397279
167,PJ-BO-BT-BU-BP-CA-EL-CH-AC-BH-RI,48.0,0.0,0.0142939195880372,0.0,0.0,0.3171463408595761,0.3228894335511982,0.0,0.0,0.0770850663497722,0.0,0.0,0.0,0.0423712616359675,0.1497032828282828,0.0016591156664686,0.0,0.1942441572588631,0.5914109229550406,0.0008933699742523,0.0,0.0,0.0024248613586848,0.0,0.0,0.0,29.7185096,26.11947716,18.98429476,32.90851084
168,PC-PJ-BF-BU-DP-BA-CA-FP-CH-AC-RI-CC-DL,0.0,0.0005076923076923,0.0005076923076923,0.0,0.0005076923076923,0.0,0.0,0.0,0.0,0.0005076923076923,0.0005076923076923,0.0,0.0005076923076923,0.0,0.0005076923076923,0.0,0.0005076923076923,0.0005076923076923,0.0005076923076923,0.0,0.0,0.0,0.0005076923076923,0.0005076923076923,0.0005076923076923,0.0,0.0,0.0,28.0,0.0
169,PC-PJ-BF-BU-DP-BA-CA-FP-CH-AC-RI-CC-DL,16.0,0.2347242578662137,0.0183545795249265,0.0,0.4123751516622179,0.0,0.0,0.0,0.0,0.0960600986815497,0.0061628515193183,0.0,0.3314542317129068,0.0,0.0368431340828817,0.0,0.0021436005284585,0.1247307557496831,0.0310822076626493,0.0,0.0,0.0,0.0018756504624012,0.0131295532368087,0.3461914853460595,0.0,13.54771312,40.25249356,31.43729931,8.71148968
170,PC-PJ-BF-BU-DP-BA-CA-FP-CH-AC-RI-CC-DL,32.0,0.213584729981378,0.018061245603145,0.0,0.3095613490585557,0.0,0.0,0.0,0.0,0.0756052141527001,0.0048303331264225,0.0,0.1010169666873577,0.0,0.0233116076970825,0.0,0.0018901303538175,0.1161380095178978,0.2765890751086282,0.0,0.0,0.0,0.001260086902545,0.01092075315539,0.2003538175046555,0.0,14.55722136,49.43749248,33.99626439,11.25567795
171,PC-PJ-BF-BU-DP-BA-CA-FP-CH-AC-RI-CC-DL,48.0,0.2121990484852725,0.0130537325963758,0.0,0.3523495883765946,0.0,0.0,0.0,0.0,0.0558578325054222,0.002023834511066,0.0,0.0365302129247417,0.0,0.0100179808297768,0.0,0.001011917255533,0.1688889899484596,0.3668200051307167,0.0,0.0,0.0,0.0015178758832995,0.0103215560064367,0.2153359919774248,0.0,18.43259864,49.28660624,35.25383196,15.95044764
172,PJ-BV-BO-BT-BY-BU-DP-BL-CA-BH-CG-ER-CC-DL,0.0,0.0,0.0004714285714285,0.0004714285714285,0.0,0.0004714285714285,0.0004714285714285,0.0,0.0004714285714285,0.0004714285714285,0.0004714285714285,0.0004714285714285,0.0,0.0,0.0004714285714285,0.0,0.0,0.0,0.0,0.0004714285714285,0.0004714285714285,0.0004714285714285,0.0,0.0004714285714285,0.0004714285714285,0.0,0.0,0.0,28.0,0.0
173,PJ-BV-BO-BT-BY-BU-DP-BL-CA-BH-CG-ER-CC-DL,16.0,0.0,0.0179054642381163,0.0573493854583148,0.0,0.1929378646527469,0.3020573967125722,0.0,0.140259469865245,0.0700648600621945,0.0094717310824818,0.0596848807937213,0.0,0.0,0.0374976751073596,0.0,0.0,0.0,0.0,0.0009082481859914,0.053846142455205,0.2960889086332,0.0,0.0220574559455056,0.1981278542869835,0.0,3.89192136,39.82677656,38.10007718,15.62483651
174,PJ-BV-BO-BT-BY-BU-DP-BL-CA-BH-CG-ER-CC-DL,32.0,0.0,0.0170400851970181,0.0127800638977635,0.0,0.1900339936102236,0.390810649627263,0.0,0.1211327795527156,0.0531576570820021,0.0075939510117145,0.0418593397231096,0.0,0.0,0.0214853248136315,0.0,0.0,0.0,0.0,0.0009260915867944,0.0385254100106496,0.3120928647497337,0.0,0.0144470287539936,0.2211506709265175,0.0,6.04357008,50.51825024,51.07398057,17.49398366
175,PJ-BV-BO-BT-BY-BU-DP-BL-CA-BH-CG-ER-CC-DL,48.0,0.0,0.0146630627723091,0.0095426281534075,0.0,0.1841028992523264,0.4916780969286213,0.0,0.1432557958151793,0.0361921628745091,0.0037239524501102,0.0223437147006616,0.0,0.0,0.0096590016674735,0.0,0.0,0.0,0.0,0.0009309881125275,0.0436400677747297,0.3507497713947609,0.0,0.0122192189769243,0.1193992254316604,0.0,7.67700056,48.29735104,48.24101715,19.39194869
176,BV-BF-BO-BY-BU-DP-CA-EL-CH-RI-DF,0.0,0.0,0.0,0.0006,0.0006,0.0006,0.0,0.0,0.0006,0.0006,0.0006,0.0,0.0,0.0,0.0006,0.0006,0.0,0.0006,0.0,0.0,0.0,0.0,0.0006,0.0,0.0,0.0006,0.0,0.0,28.0,0.0
177,BV-BF-BO-BY-BU-DP-CA-EL-CH-RI-DF,16.0,0.0,0.0,0.0201343265721294,0.305522168371926,0.3309823490695865,0.0,0.0,0.1741943995691976,0.1067768802728415,0.010391910488841,0.0,0.0,0.0,0.0483223837731107,0.0009092921677735,0.0,0.0906694190151379,0.0,0.0,0.0,0.0,0.0049361574821994,0.0,0.0,0.3513764734039371,0.46527216,33.69138492,33.08148227,22.88228632
178,BV-BF-BO-BY-BU-DP-CA-EL-CH-RI-DF,32.0,0.0,0.0,0.0139091544374563,0.1699524807826694,0.2473221523410202,0.0,0.0,0.1756030747728861,0.0730230607966457,0.0078238993710691,0.0,0.0,0.0,0.08519357092942,0.0021733053808525,0.0,0.2490607966457023,0.0,0.0,0.0,0.0,0.0047812718378756,0.0,0.0,0.4172746331236897,1.10605448,46.48639308,39.84736475,27.25804992
179,BV-BF-BO-BY-BU-DP-CA-EL-CH-RI-DF,48.0,0.0,0.0,0.0334974546007142,0.2545568979054276,0.3463779348073854,0.0,0.0,0.2018162247043031,0.0592738647012638,0.0078398298001671,0.0,0.0,0.0,0.0553539498011802,0.0029696325000633,0.0,0.2481424917052908,0.0,0.0,0.0,0.0,0.003801129600081,0.0,0.0,0.348516070207431,1.1603548,37.17692168,42.3134945,31.11002103
180,BF-BO-BT-BC-BU-CA-EL-AC-ER-RI-DF,0.0,0.0,0.0,0.0,0.0006,0.0006,0.0006,0.0006,0.0,0.0006,0.0,0.0,0.0,0.0,0.0006,0.0006,0.0,0.0,0.0006,0.0,0.0,0.0006,0.0006,0.0,0.0,0.0006,0.0,0.0,28.0,0.0
181,BF-BO-BT-BC-BU-CA-EL-AC-ER-RI-DF,16.0,0.0,0.0,0.0,0.2851260749161929,0.1662855268911237,0.3886838653257542,0.4169683719574405,0.0,0.0590781227226351,0.0,0.0,0.0,0.0,0.139597726278968,0.0059306223582568,0.0,0.0,0.4051071272409269,0.0,0.0,0.2630002915026963,0.0036496137589272,0.0,0.0,0.4733092843608802,40.9549616,17.47333628,9.50877297,19.21585576
182,BF-BO-BT-BC-BU-CA-EL-AC-ER-RI-DF,32.0,0.0,0.0,0.0,0.1342087448807516,0.0451858588291977,0.2459369629808078,0.1735496667469686,0.0,0.0269766321368344,0.0,0.0,0.0,0.0,0.1038600337268128,0.0359688428491126,0.0,0.0,0.3392311491206938,0.0,0.0,0.1746736930860033,0.0029224684814904,0.0,0.0,0.5835944752268529,43.79219712,14.96073524,1.39819728,20.82460901
183,BF-BO-BT-BC-BU-CA-EL-AC-ER-RI-DF,48.0,0.0,0.0,0.0,0.102238257544268,0.0207671460636794,0.2175225427439244,0.1235378945326571,0.0,0.0214327597195666,0.0,0.0,0.0,0.0,0.0997089256518968,0.0163740959348241,0.0,0.0,0.303919195278078,0.0,0.0,0.1203429489843988,0.0010649818494194,0.0,0.0,0.574291462299443,45.66858328,14.6485848,0.92954637,22.79118804
184,PJ-BF-BC-BU-BA-BP-CA-EL-AC-BH-DL,0.0,0.0,0.0006,0.0,0.0006,0.0,0.0,0.0006,0.0,0.0006,0.0,0.0,0.0006,0.0006,0.0006,0.0006,0.0,0.0,0.0006,0.0006,0.0,0.0,0.0,0.0,0.0006,0.0,0.0,0.0,28.0,0.0
185,PJ-BF-BC-BU-BA-BP-CA-EL-AC-BH-DL,16.0,0.0,0.0118104929196007,0.0,0.1923617065180943,0.0,0.0,0.2765284376692719,0.0,0.0929906626428331,0.0,0.0,0.188832133921432,0.2698765508524852,0.0813159225154118,0.0023077974670484,0.0,0.0,0.0161545822693389,0.0005430111687172,0.0,0.0,0.0,0.0,0.6210690242203822,0.0,26.3964548,50.95697712,26.81351147,10.41799526
186,PJ-BF-BC-BU-BA-BP-CA-EL-AC-BH-DL,32.0,0.0,0.0150164038859691,0.0,0.2083526039178213,0.0,0.0,0.4352410813823857,0.0,0.0675738174868609,0.0,0.0,0.085171165790731,0.2135144927536231,0.146644569198917,0.0075082019429845,0.0,0.0,0.1515718267240006,0.000938525242873,0.0,0.0,0.0,0.0,0.6323313823857302,0.0,29.94350728,47.16309596,24.59648596,11.83518727
187,PJ-BF-BC-BU-BA-BP-CA-EL-AC-BH-DL,48.0,0.0,0.0074725249179089,0.0,0.1996231656641385,0.0,0.0,0.2258532531310841,0.0,0.0576451922238688,0.0,0.0,0.0553576845959375,0.0629827100223752,0.1369454566588208,0.0170800569552204,0.0,0.0,0.5682168947781362,0.0004575015255862,0.0,0.0,0.0,0.0,0.4175463923517275,0.0,46.79209416,33.96676728,2.52611519,13.34134374
188,PC-PJ-BV-BF-DP-EL-FP-CH-AC-ER-CC-DF,0.0,0.00055,0.00055,0.00055,0.00055,0.0,0.0,0.0,0.0,0.0,0.00055,0.0,0.0,0.0,0.0,0.00055,0.00055,0.00055,0.00055,0.0,0.0,0.00055,0.0,0.00055,0.0,0.00055,0.0,0.0,28.0,0.0
189,PC-PJ-BV-BF-DP-EL-FP-CH-AC-ER-CC-DF,16.0,0.6154151239329425,0.0232849943433096,0.0403849120641777,0.4829817186053687,0.0,0.0,0.0,0.0,0.0,0.0145531214645685,0.0,0.0,0.0,0.0,0.0030925383112208,0.0012733981281497,0.1779119099043505,0.2705061452226679,0.0,0.0,0.2645029826185334,0.0,0.0609411961328808,0.0,0.401848066440399,22.19800872,44.67109324,21.63353527,20.11522319
190,PC-PJ-BV-BF-DP-EL-FP-CH-AC-ER-CC-DF,32.0,0.3201204318936877,0.018970099667774,0.0155449427833148,0.300359911406423,0.0,0.0,0.0,0.0,0.0,0.007640734588409,0.0,0.0,0.0,0.0,0.0034251568844592,0.0007904208194905,0.212359726836471,0.4339410299003322,0.0,0.0,0.1883836286452565,0.0,0.0371497785160575,0.0,0.3638570505721668,23.09581528,41.6460558,20.58756013,27.06987791
191,PC-PJ-BV-BF-DP-EL-FP-CH-AC-ER-CC-DF,48.0,0.3587783818543201,0.0177397989009704,0.0124902665731322,0.3318066467905998,0.0,0.0,0.0,0.0,0.0,0.0057925873962352,0.0,0.0,0.0,0.0,0.0066976791768969,0.0009050917806617,0.2132396235239097,0.4554421840289957,0.0,0.0,0.1971289898281304,0.0,0.058287910674617,0.0,0.4060241728048638,22.77205152,37.00995236,22.40004724,30.08703907
192,PC-PJ-BT-BC-BU-DP-BL-BP-CA-EL-RI-CC-DF,0.0,0.0005076923076923,0.0005076923076923,0.0,0.0,0.0,0.0005076923076923,0.0005076923076923,0.0,0.0005076923076923,0.0005076923076923,0.0005076923076923,0.0,0.0005076923076923,0.0005076923076923,0.0005076923076923,0.0,0.0,0.0,0.0,0.0,0.0,0.0005076923076923,0.0005076923076923,0.0,0.0005076923076923,0.0,0.0,28.0,0.0
193,PC-PJ-BT-BC-BU-DP-BL-BP-CA-EL-RI-CC-DF,16.0,0.0481280874316939,0.0189267759562841,0.0,0.0,0.0,0.4117925683060109,0.502235519125683,0.0,0.1141014207650273,0.010139344262295,0.0248751912568306,0.0,0.2764661202185792,0.0223065573770491,0.0022982513661202,0.0,0.0,0.0,0.0,0.0,0.0,0.0045965027322404,0.0365016393442622,0.0,0.1756134426229508,1.69484912,52.51124408,53.21587116,19.04229627
194,PC-PJ-BT-BC-BU-DP-BL-BP-CA-EL-RI-CC-DF,32.0,0.0253011449188897,0.0228433194124833,0.0,0.0,0.0,0.4802880195460097,0.558070967925225,0.0,0.0839998011307139,0.0076626324611494,0.0115662376772067,0.0,0.1727706753032756,0.0216866956447626,0.0013012017386857,0.0,0.0,0.0,0.0,0.0,0.0,0.003469871303162,0.041349299696014,0.0,0.2651559987499645,2.31262768,48.67140676,51.94740361,18.54030569
195,PC-PJ-BT-BC-BU-DP-BL-BP-CA-EL-RI-CC-DF,48.0,0.0238360833526996,0.021849743073308,0.0,0.0,0.0,0.5094378598910321,0.5241601466676996,0.0,0.0462700441552405,0.0030379321920107,0.0115675110388101,0.0,0.1171940764841067,0.0060758643840214,0.0017526531876985,0.0,0.0,0.0,0.0,0.0,0.0,0.0008179048209259,0.0196297157022232,0.0,0.2224701112918636,2.1926332000000004,47.57351788,55.31453654,21.16312108
196,PC-BF-BT-BC-BU-DP-BL-CH-BH-RI-CC,0.0,0.0006,0.0,0.0,0.0006,0.0,0.0006,0.0006,0.0,0.0006,0.0006,0.0006,0.0,0.0,0.0,0.0,0.0,0.0006,0.0,0.0006,0.0,0.0,0.0006,0.0006,0.0,0.0,0.0,0.0,28.0,0.0
197,PC-BF-BT-BC-BU-DP-BL-CH-BH-RI-CC,16.0,0.2236307134467085,0.0,0.0,0.2274363413513099,0.0,0.2241314539604718,0.3804626423573872,0.0,0.0775146315305653,0.0073108115009447,0.0595881211378376,0.0,0.0,0.0,0.0,0.0,0.0730079669066952,0.0,0.0010014810275266,0.0,0.0,0.0023034063633113,0.0293433941065318,0.0,0.0,1.39307296,48.2750664,44.61215856,21.51525039
198,PC-BF-BT-BC-BU-DP-BL-CH-BH-RI-CC,32.0,0.2425230378137909,0.0,0.0,0.2154021819722487,0.0,0.3437046922995445,0.4673132083465734,0.0,0.0867519683649331,0.0073017688804152,0.0405074321223034,0.0,0.0,0.0,0.0,0.0,0.1908891007308547,0.0,0.0022600713201285,0.0,0.0,0.0031293295201779,0.0399858772022737,0.0,0.0,1.64920368,54.72584716,54.49250813,25.41522868
199,PC-BF-BT-BC-BU-DP-BL-CH-BH-RI-CC,48.0,0.1255423688299271,0.0,0.0,0.2070028923150471,0.0,0.4349105772678379,0.42718489303215,0.0,0.0541934026532807,0.0034083901039799,0.0136335604159196,0.0,0.0,0.0,0.0,0.0,0.2866456077447114,0.0,0.0011361300346599,0.0,0.0,0.0017041950519899,0.0279487988526353,0.0,0.0,1.20387448,51.52303692,58.47495569,26.93569607
200,PC-PJ-BV-BT-BC-BA-CA-CH-AC-ER-RI-CC-DL,0.0,0.0005076923076923,0.0005076923076923,0.0005076923076923,0.0,0.0,0.0005076923076923,0.0005076923076923,0.0,0.0,0.0,0.0,0.0005076923076923,0.0,0.0005076923076923,0.0,0.0,0.0005076923076923,0.0005076923076923,0.0,0.0,0.0005076923076923,0.0005076923076923,0.0005076923076923,0.0005076923076923,0.0,0.0,0.0,28.0,0.0
201,PC-PJ-BV-BT-BC-BA-CA-CH-AC-ER-RI-CC-DL,16.0,0.2501947774510543,0.0117494784990826,0.0240518736334162,0.0,0.0,0.2145316544773681,0.3678277916006937,0.0,0.0,0.0,0.0,0.1557842619819548,0.0,0.0192138530749704,0.0,0.0,0.0305486440976149,0.0446480182965141,0.0,0.0,0.4217371635376611,0.0012440624293146,0.0051144788760712,0.2850285254718641,0.0,23.06659776,44.34198504,19.0064212,15.69509423
202,PC-PJ-BV-BT-BC-BA-CA-CH-AC-ER-RI-CC-DL,32.0,0.1566175598913312,0.017906355478719,0.0274900386926813,0.0,0.0,0.2451405285255618,0.3487956285502593,0.0,0.0,0.0,0.0,0.0501882357783814,0.0,0.0085748744545978,0.0,0.0,0.0564932905244093,0.3601447270931093,0.0,0.0,0.4022624927965752,0.0027742240882522,0.0060528525561867,0.3586315139540627,0.0,24.43172696,51.75863316,22.40645441,18.78295043
203,PC-PJ-BV-BT-BC-BA-CA-CH-AC-ER-RI-CC-DL,48.0,0.0925718374198519,0.0055035086270948,0.010019208013429,0.0,0.0,0.2434244200445802,0.2558425933569994,0.0,0.0,0.0,0.0,0.0172161039103992,0.0,0.0047979305979801,0.0,0.0,0.0493904620380307,0.6045392553454966,0.0,0.0,0.2485045818542062,0.0012700404524065,0.0045156993863342,0.1713143454690553,0.0,25.56062816,42.13534076,21.47216511,22.72741472
204,BF-BO-BC-BL-CA-EL-BH-CG-RI-CC-DL,0.0,0.0,0.0,0.0,0.0006,0.0006,0.0,0.0006,0.0,0.0,0.0,0.0006,0.0,0.0,0.0006,0.0006,0.0,0.0,0.0,0.0006,0.0006,0.0,0.0006,0.0006,0.0006,0.0,0.0,0.0,28.0,0.0
205,BF-BO-BC-BL-CA-EL-BH-CG-RI-CC-DL,16.0,0.0,0.0,0.0,0.3771578132259562,0.2758876671312787,0.0,0.4656021888389861,0.0,0.0,0.0,0.0223114965670331,0.0,0.0,0.0307284084456145,0.0018704248619069,0.0,0.0,0.0,0.0025384337411594,0.0392789221000464,0.0,0.0020040266377574,0.0157650095503587,0.4897841102679262,0.0,0.9903232,49.95978676,44.20675573,16.65050648
206,BF-BO-BC-BL-CA-EL-BH-CG-RI-CC-DL,32.0,0.0,0.0,0.0,0.3164630552284325,0.2311280913126188,0.0,0.5108036355950116,0.0,0.0,0.0,0.0260829483346921,0.0,0.0,0.0277414016970136,0.0037692121870942,0.0,0.0,0.0,0.0010553794123863,0.0401044176706827,0.0,0.001959990337289,0.0167353021106984,0.4789914847359362,0.0,2.18375056,57.79141932,59.83380255,18.05984558
207,BF-BO-BC-BL-CA-EL-BH-CG-RI-CC-DL,48.0,0.0,0.0,0.0,0.404990661330284,0.2268538212311797,0.0,0.6408251381741947,0.0,0.0,0.0,0.0200526967791118,0.0,0.0,0.0119331999237659,0.0039367257480465,0.0,0.0,0.0,0.002460453592529,0.057820659424433,0.0,0.0039367257480465,0.0145166761959214,0.3310540308747856,0.0,1.97078912,56.472591,57.12771,19.83798493
208,BY-BU-DP-BL-CA-EL-CH-BH-CG-CC-DF,0.0,0.0,0.0,0.0,0.0,0.0,0.0,0.0,0.0006,0.0006,0.0006,0.0006,0.0,0.0,0.0006,0.0006,0.0,0.0006,0.0,0.0006,0.0006,0.0,0.0,0.0006,0.0,0.0006,0.0,0.0,28.0,0.0
209,BY-BU-DP-BL-CA-EL-CH-BH-CG-CC-DF,16.0,0.0,0.0,0.0,0.0,0.0,0.0,0.0,0.4397652110869443,0.2521600858847805,0.0173135909876749,0.0216419887345937,0.0,0.0,0.0754377893034409,0.0033390496904801,0.0,0.2341044838547766,0.0,0.0019786961128771,0.0654206402320004,0.0,0.0,0.078158496458647,0.0,0.2862925938319111,1.89456544,44.12949296,40.21879511,12.06313278
210,BY-BU-DP-BL-CA-EL-CH-BH-CG-CC-DF,32.0,0.0,0.0,0.0,0.0,0.0,0.0,0.0,0.4205639855863003,0.2382419253529042,0.0145624648748718,0.0320374227247181,0.0,0.0,0.1042672485040827,0.0032037422724718,0.0,0.2586293761777248,0.0,0.0011649971899897,0.0620361003669542,0.0,0.0,0.0685892095606466,0.0,0.2624156170451915,3.09133912,52.83701904,47.23850837,14.60883282
211,BY-BU-DP-BL-CA-EL-CH-BH-CG-CC-DF,48.0,0.0,0.0,0.0,0.0,0.0,0.0,0.0,0.4818420746383136,0.1489687904996164,0.0065196910788436,0.0262017773545981,0.0,0.0,0.0975493401042079,0.006888730196514,0.0,0.3054413763918643,0.0,0.0019682086275754,0.0758990452008781,0.0,0.0,0.0608914544156153,0.0,0.3361946361977307,3.25874272,51.39519968,46.88506409,17.77479588
212,PJ-BV-BF-BT-BC-BY-DP-CH-AC-BH-CC-DF,0.0,0.0,0.00055,0.00055,0.00055,0.0,0.00055,0.00055,0.00055,0.0,0.00055,0.0,0.0,0.0,0.0,0.0,0.0,0.00055,0.00055,0.00055,0.0,0.0,0.0,0.00055,0.0,0.00055,0.0,0.0,28.0,0.0
213,PJ-BV-BF-BT-BC-BY-DP-CH-AC-BH-CC-DF,16.0,0.0,0.0189547448497973,0.0222174468321394,0.2176688322505413,0.0,0.2670754622688655,0.4797725581653617,0.134858348603476,0.0,0.0107203065134099,0.0,0.0,0.0,0.0,0.0,0.0,0.2074146260203231,0.1356351824087956,0.0010875673274473,0.0,0.0,0.0,0.017711810761286,0.0,0.3498859459159309,19.17968064,30.62998128,25.32123446,17.31927809
214,PJ-BV-BF-BT-BC-BY-DP-CH-AC-BH-CC-DF,32.0,0.0,0.0132822475206479,0.0136930386810803,0.113104499505724,0.0,0.196221244299882,0.2774209636786887,0.1094073790618323,0.0,0.0058880066328645,0.0,0.0,0.0,0.0,0.0,0.0,0.1106397525431295,0.3828573615230077,0.0002738607736216,0.0,0.0,0.0,0.0154731337096208,0.0,0.1925241238559903,18.96491464,34.70632892,28.10689167,19.40495142
215,PJ-BV-BF-BT-BC-BY-DP-CH-AC-BH-CC-DF,48.0,0.0,0.0067946643126869,0.0092927026629395,0.1087146290029915,0.0,0.2073371830709627,0.197944558874013,0.0860324407826982,0.0,0.001998430680202,0.0,0.0,0.0,0.0,0.0,0.0,0.1847549163846795,0.322646633318621,0.0002997646020303,0.0,0.0,0.0,0.0132895640233436,0.0,0.2191279240841547,19.29709384,31.326526,29.43884845,22.09970595
216,PC-PJ-BF-BT-BC-BU-DP-BL-CH-AC-BH-CG-RI-DF,0.0,0.0004714285714285,0.0004714285714285,0.0,0.0004714285714285,0.0,0.0004714285714285,0.0004714285714285,0.0,0.0004714285714285,0.0004714285714285,0.0004714285714285,0.0,0.0,0.0,0.0,0.0,0.0004714285714285,0.0004714285714285,0.0004714285714285,0.0004714285714285,0.0,0.0004714285714285,0.0,0.0,0.0004714285714285,0.0,0.0,28.0,0.0
217,PC-PJ-BF-BT-BC-BU-DP-BL-CH-AC-BH-CG-RI-DF,16.0,0.5394037903102553,0.0206920372917621,0.0,0.2526936675327322,0.0,0.2326286616740537,0.3666566304956952,0.0,0.0760275612613989,0.0078378929135462,0.010502776504152,0.0,0.0,0.0,0.0,0.0,0.092800652096388,0.0937411992460135,0.0012540628661674,0.0360543074023129,0.0,0.0018810942992511,0.0,0.0,0.3174346629986245,17.3061152,42.03031612,25.89670369,19.86752665
218,PC-PJ-BF-BT-BC-BU-DP-BL-CH-AC-BH-CG-RI-DF,32.0,0.4693874538745387,0.0120507721743884,0.0,0.1177419707530408,0.0,0.1758227415607489,0.2382496924969249,0.0,0.0442520158534918,0.0061241629082957,0.0031608582752494,0.0,0.0,0.0,0.0,0.0,0.1278172065053983,0.3836491731583982,0.0007902145688123,0.0209406860735274,0.0,0.0025681973486401,0.0,0.0,0.320827114937816,18.10319344,45.18682348,24.79163196,29.05299216
219,PC-PJ-BF-BT-BC-BU-DP-BL-CH-AC-BH-CG-RI-DF,48.0,0.3398765432098765,0.0078304889857177,0.0,0.1107930888404744,0.0,0.182933551198257,0.2070914427499394,0.0,0.032488198983297,0.0041651537158073,0.0021658799322198,0.0,0.0,0.0,0.0,0.0,0.2309161220043573,0.4198474945533769,0.0006664245945291,0.019992737835875,0.0,0.0008330307431614,0.0,0.0,0.2742337206487533,18.41040664,42.94501864,25.06092231,31.0136636
220,PJ-BV-BO-BT-BC-BY-BP-CA-EL-FP-AC-BH-CG,0.0,0.0,0.0005076923076923,0.0005076923076923,0.0,0.0005076923076923,0.0005076923076923,0.0005076923076923,0.0005076923076923,0.0,0.0,0.0,0.0,0.0005076923076923,0.0005076923076923,0.0005076923076923,0.0005076923076923,0.0,0.0005076923076923,0.0005076923076923,0.0005076923076923,0.0,0.0,0.0,0.0,0.0,0.0,0.0,28.0,0.0
221,PJ-BV-BO-BT-BC-BY-BP-CA-EL-FP-AC-BH-CG,16.0,0.0,0.0218802665098961,0.0654810895551636,0.0,0.1817499510092102,0.3890534979423868,0.4859974524789339,0.1605085243974132,0.0,0.0,0.0,0.0,0.5586654908877131,0.1458152067411326,0.0044718792866941,0.0004791299235743,0.0,0.1202616108171663,0.0009582598471487,0.0364138741916519,0.0,0.0,0.0,0.0,0.0,27.6256872,38.64036376,19.94689136,26.23714146
222,PJ-BV-BO-BT-BC-BY-BP-CA-EL-FP-AC-BH-CG,32.0,0.0,0.016761191578809,0.0423634512431438,0.0,0.086937169507669,0.2637585312181824,0.3720616152658718,0.1460618123296219,0.0,0.0,0.0,0.0,0.3462751666830886,0.2291310145498735,0.0088410680855256,0.0020260781029329,0.0,0.3311716753703155,0.0009209445922422,0.0213659145400203,0.0,0.0,0.0,0.0,0.0,28.31971864,30.10306144,18.35188816,27.24849297
223,PJ-BV-BO-BT-BC-BY-BP-CA-EL-FP-AC-BH-CG,48.0,0.0,0.011548718799237,0.0209587859689858,0.0,0.0516127926583188,0.2430934018851756,0.2385309450756005,0.0982353981811648,0.0,0.0,0.0,0.0,0.1900548414738646,0.3101044862758105,0.0086971832932526,0.0032792658318821,0.0,0.5201200762915664,0.0008554606517953,0.0222419769466788,0.0,0.0,0.0,0.0,0.0,31.56232608,26.84050504,14.07963024,31.26035732
224,PJ-BC-BP-EL-FP-AC-BH-ER-RI-CC-DF,0.0,0.0,0.0006,0.0,0.0,0.0,0.0,0.0006,0.0,0.0,0.0,0.0,0.0,0.0006,0.0,0.0006,0.0006,0.0,0.0006,0.0006,0.0,0.0006,0.0006,0.0006,0.0,0.0006,0.0,0.0,28.0,0.0
225,PJ-BC-BP-EL-FP-AC-BH-ER-RI-CC-DF,16.0,0.0,0.038163850161949,0.0,0.0,0.0,0.0,0.835887445430221,0.0,0.0,0.0,0.0,0.0,0.1556292071539219,0.0,0.0034694409238135,0.0004956344176876,0.0,0.3219145542881284,0.0014869032530629,0.0,0.4354148359386001,0.002725989297282,0.0830187649626813,0.0,0.4646572665821715,36.42101336,32.9392862,23.6212902,8.04930049
226,PJ-BC-BP-EL-FP-AC-BH-ER-RI-CC-DF,32.0,0.0,0.0315989277980246,0.0,0.0,0.0,0.0,0.3775240321132414,0.0,0.0,0.0,0.0,0.0,0.0709085987429356,0.0,0.0036285850102994,0.000755955210479,0.0,0.7869493741086991,0.0009071462525748,0.0,0.1970019278508424,0.0010583372946706,0.066524058522157,0.0,0.3710228173031215,37.68227232,24.35392376,20.18353371,7.34536986
227,PJ-BC-BP-EL-FP-AC-BH-ER-RI-CC-DF,48.0,0.0,0.0224065297525013,0.0,0.0,0.0,0.0,0.297446682464455,0.0,0.0,0.0,0.0,0.0,0.0373068720379147,0.0,0.0040331753554502,0.000224065297525,0.0,0.4823005529225908,0.0005601632438125,0.0,0.1157297261716693,0.0012323591363875,0.04380476566614,0.0,0.4130643759873618,43.73560752,19.1224942,15.12762733,8.62438006
228,BV-BO-BC-BU-DP-BP-EL-FP-AC-RI-DL-DF,0.0,0.0,0.0,0.00055,0.0,0.00055,0.0,0.00055,0.0,0.00055,0.00055,0.0,0.0,0.00055,0.0,0.00055,0.00055,0.0,0.00055,0.0,0.0,0.0,0.00055,0.0,0.00055,0.00055,0.0,0.0,28.0,0.0
229,BV-BO-BC-BU-DP-BP-EL-FP-AC-RI-DL-DF,16.0,0.0,0.0,0.026314898872935,0.0,0.1617829241932993,0.0,0.4457421645823683,0.0,0.0437686583294735,0.0046990890844526,0.0,0.0,0.1816533580361278,0.0,0.0038935309556893,0.0001342596881272,0.0,0.0323565848386598,0.0,0.0,0.0,0.0016111162575266,0.0,0.2585841593330245,0.2867786938397406,16.23735432,41.22649308,42.43175075,13.71224011
230,BV-BO-BC-BU-DP-BP-EL-FP-AC-RI-DL-DF,32.0,0.0,0.0,0.0766655066699809,0.0,0.1285274670643798,0.0,0.4167405750269284,0.0,0.0522719363658961,0.0100444113016819,0.0,0.0,0.136317010522827,0.0,0.0040997597149722,0.0002049879857486,0.0,0.3062520507084265,0.0,0.0,0.0,0.0014349159002402,0.0,0.2509052945563012,0.2652544535587041,15.86196496,42.51488096,45.65597819,13.72554444
231,BV-BO-BC-BU-DP-BP-EL-FP-AC-RI-DL-DF,48.0,0.0,0.0,0.0300222586691658,0.0,0.0889230709153389,0.0,0.2844966416744767,0.0,0.0203007653858169,0.0031451890034364,0.0,0.0,0.0285926273039675,0.0,0.0034311152764761,9.530875767989168e-05,0.0,0.4636771061126731,0.0,0.0,0.0,0.0009530875767989,0.0,0.1290480578985733,0.1672668697282099,17.12129088,41.64904232,46.12810166,15.3458829
232,PC-BF-BO-BU-BA-BP-CA-FP-CG-CC-DL-DF,0.0,0.00055,0.0,0.0,0.00055,0.00055,0.0,0.0,0.0,0.00055,0.0,0.0,0.00055,0.00055,0.00055,0.0,0.00055,0.0,0.0,0.0,0.00055,0.0,0.0,0.00055,0.00055,0.00055,0.0,0.0,28.0,0.0
233,PC-BF-BO-BU-BA-BP-CA-FP-CG-CC-DL-DF,16.0,0.0248475456621004,0.0,0.0,0.3186779109589042,0.2339358447488584,0.0,0.0,0.0,0.0647772260273972,0.0,0.0,0.187712899543379,0.0597860159817351,0.0110674657534246,0.0,0.0011935502283105,0.0,0.0,0.0,0.0366745433789954,0.0,0.0,0.0142140981735159,0.1962847602739726,0.1159913812785388,0.41472696,54.95272024,47.06975531,12.03608303
234,PC-BF-BO-BU-BA-BP-CA-FP-CG-CC-DL-DF,32.0,0.0289523291150723,0.0,0.0,0.396607248151676,0.3234332108676916,0.0,0.0,0.0,0.0642503742005715,0.0,0.0,0.0674232321857849,0.1447616455753617,0.008527055835261,0.0,0.0003966072481516,0.0,0.0,0.0,0.0319268834762099,0.0,0.0,0.0148727718056878,0.2524405134485417,0.1233448541751712,1.63867416,65.2522112,52.73987816,11.26604922
235,PC-BF-BO-BU-BA-BP-CA-FP-CG-CC-DL-DF,48.0,0.0348041439806412,0.0,0.0,0.4374999999999999,0.3407630066545674,0.0,0.0,0.0,0.0547867513611615,0.0,0.0,0.0265993647912885,0.0975310042347247,0.0033083787053841,0.0,0.0009263460375075,0.0,0.0,0.0,0.0623298548094373,0.0,0.0,0.0092634603750756,0.1573464912280701,0.2293368118572292,1.41900256,62.52077468,59.88472601,16.39035763
236,BC-BU-BL-CA-EL-FP-AC-ER-RI-CC-DL,0.0,0.0,0.0,0.0,0.0,0.0,0.0,0.0006,0.0,0.0006,0.0,0.0006,0.0,0.0,0.0006,0.0006,0.0006,0.0,0.0006,0.0,0.0,0.0006,0.0006,0.0006,0.0006,0.0,0.0,0.0,28.0,0.0
237,BC-BU-BL-CA-EL-FP-AC-ER-RI-CC-DL,16.0,0.0,0.0,0.0,0.0,0.0,0.0,0.3418411207183239,0.0,0.0729995288770646,0.0,0.008330700587518,0.0,0.0,0.0324756124598159,0.0021179747256401,0.000423594945128,0.0,0.1208657576765325,0.0,0.0,0.4971592672652699,0.000847189890256,0.0163790045449506,0.6037639951224919,0.0,37.06220448,31.8131948,14.47690446,6.76492558
238,BC-BU-BL-CA-EL-FP-AC-ER-RI-CC-DL,32.0,0.0,0.0,0.0,0.0,0.0,0.0,0.2233613857914299,0.0,0.0676945087313275,0.0,0.0093003716950697,0.0,0.0,0.0882772985482853,0.0111299530121326,0.0013721859877971,0.0,0.580129742618697,0.0,0.0,0.2468410126937373,0.0013721859877971,0.0121972087804193,0.207047619047619,0.0,44.18220984,29.59939548,6.48711895,8.74292394
239,BC-BU-BL-CA-EL-FP-AC-ER-RI-CC-DL,48.0,0.0,0.0,0.0,0.0,0.0,0.0,0.1842522974101921,0.0,0.0264456238635805,0.0,0.0080203941225613,0.0,0.0,0.0821548479040739,0.0214599734630694,0.0010838370435893,0.0,0.5528652759349353,0.0,0.0,0.2786545039068259,0.0004335348174357,0.0175581601061477,0.2970797336478451,0.0,49.125764,25.67435172,3.18149782,7.94510523
240,PC-PJ-BV-BF-BC-BY-BU-DP-BL-BA-BP-CA-FP-BH-ER-RI-CC-DL-DF,0.0,0.0003473684210526,0.0003473684210526,0.0003473684210526,0.0003473684210526,0.0,0.0,0.0003473684210526,0.0003473684210526,0.0003473684210526,0.0003473684210526,0.0003473684210526,0.0003473684210526,0.0003473684210526,0.0003473684210526,0.0,0.0003473684210526,0.0,0.0,0.0003473684210526,0.0,0.0003473684210526,0.0003473684210526,0.0003473684210526,0.0003473684210526,0.0003473684210526,0.0,0.0,28.0,0.0
241,PC-PJ-BV-BF-BC-BY-BU-DP-BL-BA-BP-CA-FP-BH-ER-RI-CC-DL-DF,16.0,0.0175627282073097,0.0121694494664823,0.0389975539721365,0.2132419440604062,0.0,0.0,0.32290527845723,0.1178223971073061,0.0609855365308944,0.0052549895423446,0.0098185330922755,0.1507352263462015,0.0732932751958594,0.0138289198482753,0.0,0.0006914459924137,0.0,0.0,0.0008297351908965,0.0,0.0616769825233081,0.0020743379772413,0.0081590627104824,0.0997065121060654,0.0898879790137899,0.92889808,50.68101952,46.16085354,12.37388257
242,PC-PJ-BV-BF-BC-BY-BU-DP-BL-BA-BP-CA-FP-BH-ER-RI-CC-DL-DF,32.0,0.0158094613310008,0.0177340914060791,0.0422043880749325,0.241541074422334,0.0,0.0,0.331173846490269,0.1201519061156061,0.0483906990305415,0.0043991544573219,0.0122351483344267,0.0526523799110722,0.0925197171805525,0.0072860995699395,0.0,0.0006873678839565,0.0,0.0,0.0015122093447044,0.0,0.0669496318973686,0.0005498943071652,0.0074235731467308,0.0745106786208907,0.1174024345797798,2.07398192,59.49701379999999,51.12721907,13.67614613
243,PC-PJ-BV-BF-BC-BY-BU-DP-BL-BA-BP-CA-FP-BH-ER-RI-CC-DL-DF,48.0,0.0168447421445297,0.0118799760387736,0.0131211675652126,0.2064810760768937,0.0,0.0,0.348686162391766,0.1193316996133529,0.0312957577737842,0.0021277569024669,0.0055853618689756,0.0167560856069269,0.0304091923977563,0.0025710395904808,0.0,0.0001773130752055,0.0,0.0,0.0008865653760278,0.0,0.0769538746392201,0.0008865653760278,0.0053193922561672,0.049381691444753,0.1466379131950117,2.2748896,57.86552284,50.62089682,15.90120013
244,PC-PJ-BV-BO-BC-BY-BU-BP-EL-FP-AC-BH-CG-ER,0.0,0.0004714285714285,0.0004714285714285,0.0004714285714285,0.0,0.0004714285714285,0.0,0.0004714285714285,0.0004714285714285,0.0004714285714285,0.0,0.0,0.0,0.0004714285714285,0.0,0.0004714285714285,0.0004714285714285,0.0,0.0004714285714285,0.0004714285714285,0.0004714285714285,0.0004714285714285,0.0,0.0,0.0,0.0,0.0,0.0,28.0,0.0
245,PC-PJ-BV-BO-BC-BY-BU-BP-EL-FP-AC-BH-CG-ER,16.0,0.3255719386683469,0.0234522159210249,0.0967650253548174,0.0,0.1588444204398835,0.0,0.5433425150778647,0.1304652684009961,0.0512401356257688,0.0,0.0,0.0,0.1635742791130314,0.0,0.0013795421130014,0.0007883097788579,0.0,0.1998365289404986,0.0,0.0327148558226062,0.4609641431872055,0.0,0.0,0.0,0.0,27.34492336,39.02568,19.65877647,24.68229167
246,PC-PJ-BV-BO-BC-BY-BU-BP-EL-FP-AC-BH-CG-ER,32.0,0.0816406175610419,0.0192212133578181,0.049935523362579,0.0,0.1206775147928993,0.0,0.4262353601305855,0.1422766102156022,0.0469631707814731,0.0,0.0,0.0,0.0925392436917635,0.0,0.0025760389036251,0.0003963136774807,0.0,0.6788853295245868,0.0003963136774807,0.0259585458749914,0.2540370672651839,0.0,0.0,0.0,0.0,28.930430800000003,29.442812,16.89358733,26.87886709
247,PC-PJ-BV-BO-BC-BY-BU-BP-EL-FP-AC-BH-CG-ER,48.0,0.1322612399165115,0.0144364528685056,0.0487048005866756,0.0,0.0777235290799345,0.0,0.36455689061883,0.1379483274101653,0.029602019518249,0.0,0.0,0.0,0.0720364415862808,0.0,0.0040830371749308,0.000291645512495,0.0,0.6140596265583573,0.0005832910249901,0.0434551813617645,0.1834450273593952,0.0,0.0,0.0,0.0,32.80726808,25.28251872,14.04004825,28.29793656
248,PC-BV-BF-BY-BU-EL-FP-CH-AC-ER-DF,0.0,0.0006,0.0,0.0006,0.0006,0.0,0.0,0.0,0.0006,0.0006,0.0,0.0,0.0,0.0,0.0,0.0006,0.0006,0.0006,0.0006,0.0,0.0,0.0006,0.0,0.0,0.0,0.0006,0.0,0.0,28.0,0.0
249,PC-BV-BF-BY-BU-EL-FP-CH-AC-ER-DF,16.0,0.7876674165729285,0.0,0.0417491563554555,0.3992932133483314,0.0,0.0,0.0,0.1665684289463817,0.0957019122609673,0.0,0.0,0.0,0.0,0.0,0.0006422947131608,0.0006422947131608,0.0918481439820022,0.231440194975628,0.0,0.0,0.2230903637045369,0.0,0.0,0.0,0.4348335208098988,28.76135112,35.59840008,12.28203507,30.72382223
250,PC-BV-BF-BY-BU-EL-FP-CH-AC-ER-DF,32.0,0.3046930458300915,0.0,0.0111966951946945,0.2377511022192582,0.0,0.0,0.0,0.1467481753176984,0.0838561001815419,0.0,0.0,0.0,0.0,0.0,0.0002382275573339,0.0007146826720017,0.1603271460857322,0.5784165092067726,0.0,0.0,0.1577066429550591,0.0,0.0,0.0,0.4614467785558148,27.62634128,32.68439184,11.42920624,32.95573009
251,PC-BV-BF-BY-BU-EL-FP-CH-AC-ER-DF,48.0,0.3441785659272951,0.0,0.0112414125077017,0.287493145409735,0.0,0.0,0.0,0.1602499229821318,0.0727104128157732,0.0,0.0,0.0,0.0,0.0,0.0040660428219346,0.0009567159581022,0.1705346195317313,0.3881874999999999,0.0,0.0,0.1444641096734442,0.0,0.0,0.0,0.486011706715958,28.42469848,30.0191946,10.64239686,35.99038782
252,PC-BF-BO-BT-BC-BY-DP-BL-BP-CA-FP-CH-AC-BH-ER-RI-DL-DF,0.0,0.0003666666666666,0.0,0.0,0.0003666666666666,0.0003666666666666,0.0003666666666666,0.0003666666666666,0.0003666666666666,0.0,0.0003666666666666,0.0003666666666666,0.0,0.0003666666666666,0.0003666666666666,0.0,0.0003666666666666,0.0003666666666666,0.0003666666666666,0.0003666666666666,0.0,0.0003666666666666,0.0003666666666666,0.0,0.0003666666666666,0.0003666666666666,0.0,0.0,28.0,0.0
253,PC-BF-BO-BT-BC-BY-DP-BL-BP-CA-FP-CH-AC-BH-ER-RI-DL-DF,16.0,0.1315310504349575,0.0,0.0,0.1487961482375421,0.1387797556192487,0.1342987378689596,0.2653026097450596,0.0778906320712022,0.0,0.0060625534268617,0.0067215266254337,0.0,0.0780224267109166,0.0313671242520239,0.0,0.001054357117715,0.0293902046563081,0.0159471514054407,0.0003953839191431,0.0,0.2233919143158847,0.0021087142354301,0.0,0.3391076079851158,0.1166382561472318,19.5605888,45.50596348,32.41479527,15.30427718
254,PC-BF-BO-BT-BC-BY-DP-BL-BP-CA-FP-CH-AC-BH-ER-RI-DL-DF,32.0,0.106934772778657,0.0,0.0,0.1422025020724998,0.1290006782726656,0.155404325872334,0.2104747908659281,0.0748732006933454,0.0,0.0045263395885145,0.0060351194513527,0.0,0.101088250810159,0.0113158489712864,0.0,0.0013201823799834,0.0418686411937598,0.1950097972718366,0.000754389931419,0.0,0.1740754766749566,0.0005657924485643,0.0,0.2093432059687994,0.1029742256387067,19.28122656,48.95213964,35.92655884,17.25907119
255,PC-BF-BO-BT-BC-BY-DP-BL-BP-CA-FP-CH-AC-BH-ER-RI-DL-DF,48.0,0.0715688305709024,0.0,0.0,0.1396771902131018,0.1522607208629308,0.1698776637726913,0.2310650815574848,0.0817929492238884,0.0,0.0023594119968429,0.0034604709287029,0.0,0.0190325901078663,0.0124262365167061,0.0,0.0001572941331228,0.0729844777690081,0.2680292028413575,0.0004718823993685,0.0,0.1299249539594843,0.00110105893186,0.0,0.1247342475664298,0.1134090699815837,19.09550288,45.82366144,36.55860186,19.60339291
256,BF-BC-BY-BA-CA-EL-FP-CH-AC-BH-ER-CC-DL-DF,0.0,0.0,0.0,0.0,0.0004714285714285,0.0,0.0,0.0004714285714285,0.0004714285714285,0.0,0.0,0.0,0.0004714285714285,0.0,0.0004714285714285,0.0004714285714285,0.0004714285714285,0.0004714285714285,0.0004714285714285,0.0004714285714285,0.0,0.0004714285714285,0.0,0.0004714285714285,0.0004714285714285,0.0004714285714285,0.0,0.0,28.0,0.0
257,BF-BC-BY-BA-CA-EL-FP-CH-AC-BH-ER-CC-DL-DF,16.0,0.0,0.0,0.0,0.1586619176110811,0.0,0.0,0.3385878035617916,0.1187919769742759,0.0,0.0,0.0,0.0915986328476344,0.0,0.0171747436589314,0.0004089224680697,0.0002044612340348,0.0355762547220723,0.1243124302932182,0.0006133837021046,0.0,0.3461528692210829,0.0,0.0069516819571865,0.551023025724051,0.1030484619535887,25.63802568,59.685464,22.14417596,13.593172199999998
258,BF-BC-BY-BA-CA-EL-FP-CH-AC-BH-ER-CC-DL-DF,32.0,0.0,0.0,0.0,0.1266276735459662,0.0,0.0,0.2772414008755472,0.0749174796747967,0.0,0.0,0.0,0.0378481238273921,0.0,0.0356675734834271,0.0009345215759849,0.0006230143839899,0.0556040337711069,0.4569810506566604,0.0003115071919949,0.0,0.1976513133208255,0.0,0.0051398686679174,0.2354994371482176,0.1551305816135084,27.37300208,41.15194828,21.36678998,14.47412695
259,BF-BC-BY-BA-CA-EL-FP-CH-AC-BH-ER-CC-DL-DF,48.0,0.0,0.0,0.0,0.1535315493256875,0.0,0.0,0.2191472443453329,0.0833273441648083,0.0,0.0,0.0,0.023401401720293,0.0,0.0493723691196771,0.0013765530423701,0.0006423914197727,0.056255134331528,0.4066337687161516,0.0001835404056493,0.0,0.1147127535308484,0.0,0.005414441966656,0.1458228522884145,0.1804202187533184,28.44683208,36.78762604,23.73217468,20.582903
260,BV-BO-BT-BY-BL-BA-BP-EL-FP-AC-BH-DL-DF,0.0,0.0,0.0,0.0005076923076923,0.0,0.0005076923076923,0.0005076923076923,0.0,0.0005076923076923,0.0,0.0,0.0005076923076923,0.0005076923076923,0.0005076923076923,0.0,0.0005076923076923,0.0005076923076923,0.0,0.0005076923076923,0.0005076923076923,0.0,0.0,0.0,0.0,0.0005076923076923,0.0005076923076923,0.0,0.0,28.0,0.0
261,BV-BO-BT-BY-BL-BA-BP-EL-FP-AC-BH-DL-DF,16.0,0.0,0.0,0.0324898124683223,0.0,0.1357126541645548,0.261949113025849,0.0,0.1184524412907585,0.0,0.0,0.0194600439263389,0.1583878357830714,0.0932389930731542,0.0,0.0027074843723601,0.000338435546545,0.0,0.083593579996621,0.0,0.0,0.0,0.0,0.0,0.4411507349214394,0.3196523737117756,21.38343968,48.45826064,31.17420095,14.57282178
262,BV-BO-BT-BY-BL-BA-BP-EL-FP-AC-BH-DL-DF,32.0,0.0,0.0,0.0904314992025518,0.0,0.118181937799043,0.2767281499202552,0.0,0.1195403508771929,0.0,0.0,0.0048514752791068,0.0632632376395534,0.0813107256778309,0.0,0.0031049441786283,0.0003881180223285,0.0,0.3359161483253588,0.0009702950558213,0.0,0.0,0.0,0.0,0.2862370414673046,0.2412153508771929,21.287914800000003,43.13432776,29.60274512,14.07976233
263,BV-BO-BT-BY-BL-BA-BP-EL-FP-AC-BH-DL-DF,48.0,0.0,0.0,0.0248604178522071,0.0,0.0785445085765384,0.2343124407229764,0.0,0.0965593041216161,0.0,0.0,0.0025220713763108,0.0282231796872882,0.0266618974067148,0.0,0.0028823672872124,0.0,0.0,0.4417227867653036,0.0002401972739343,0.0,0.0,0.0,0.0,0.2171383356366691,0.3231854320786927,20.67110568,31.98301668,22.82764329,14.12608055
264,PC-PJ-BV-BF-BY-BU-BA-EL-FP-CH-AC-CG-RI,0.0,0.0005076923076923,0.0005076923076923,0.0005076923076923,0.0005076923076923,0.0,0.0,0.0,0.0005076923076923,0.0005076923076923,0.0,0.0,0.0005076923076923,0.0,0.0,0.0005076923076923,0.0005076923076923,0.0005076923076923,0.0005076923076923,0.0,0.0005076923076923,0.0,0.0005076923076923,0.0,0.0,0.0,0.0,0.0,28.0,0.0
265,PC-PJ-BV-BF-BY-BU-BA-EL-FP-CH-AC-CG-RI,16.0,0.9888823622898192,0.0163807889132576,0.0668163758303931,0.455644575824036,0.0,0.0,0.0,0.1618680588665331,0.0885855821493277,0.0,0.0,0.2172609897968913,0.0,0.0,0.000215536696227,0.0017242935698165,0.1226403801532055,0.0961293665172753,0.0,0.0398742888020088,0.0,0.0028019770509519,0.0,0.0,0.0,27.724354,34.51369444,13.83075231,28.11259582
266,PC-PJ-BV-BF-BY-BU-BA-EL-FP-CH-AC-CG-RI,32.0,0.7017230207351555,0.0203852497643732,0.0316232720703738,0.3389701146716933,0.0,0.0,0.0,0.2009776547282437,0.095131165567075,0.0,0.0,0.0687348806157712,0.0,0.0,0.0,0.0028748429154885,0.1285838831291234,0.5854225573358467,0.0,0.0407704995287464,0.0,0.0023521442035815,0.0,0.0,0.0,27.77576936,39.0649618,13.0004877,33.202224
267,PC-PJ-BV-BF-BY-BU-BA-EL-FP-CH-AC-CG-RI,48.0,0.3980387669425452,0.0148213026268441,0.0142872016312822,0.355043636799808,0.0,0.0,0.0,0.1885376514333693,0.0651603214585582,0.0,0.0,0.0548788772939906,0.0,0.0,0.0005341009955619,0.0016023029866858,0.1211074007436727,0.5831047619047619,0.0,0.0554129782895525,0.0,0.0024034544800287,0.0,0.0,0.0,30.66306536,30.7933652,11.23758845,38.09345216
268,PC-PJ-BV-BO-BT-BY-BA-BP-EL-FP-CH-CG-DL,0.0,0.0005076923076923,0.0005076923076923,0.0005076923076923,0.0,0.0005076923076923,0.0005076923076923,0.0,0.0005076923076923,0.0,0.0,0.0,0.0005076923076923,0.0005076923076923,0.0,0.0005076923076923,0.0005076923076923,0.0005076923076923,0.0,0.0,0.0005076923076923,0.0,0.0,0.0,0.0005076923076923,0.0,0.0,0.0,28.0,0.0
269,PC-PJ-BV-BO-BT-BY-BA-BP-EL-FP-CH-CG-DL,16.0,0.0955752139979859,0.0086264161631419,0.0384765546324269,0.0,0.1925197004028197,0.2620787386706948,0.0,0.1184420631923464,0.0,0.0,0.0,0.0985876132930513,0.0947536505538771,0.0,0.0010954179254783,0.0004107817220543,0.1118695556394763,0.0,0.0,0.0357380098187311,0.0,0.0,0.0,0.389968781470292,0.0,0.2882967999999999,55.20046744,45.46739889,18.52065268
270,PC-PJ-BV-BO-BT-BY-BA-BP-EL-FP-CH-CG-DL,32.0,0.0942496924969249,0.015990159901599,0.0329028290282902,0.0,0.27460024600246,0.3462484624846248,0.0,0.1534440344403443,0.0,0.0,0.0,0.0624231242312423,0.1249999999999999,0.0,0.0019987699876998,0.0004612546125461,0.0636531365313653,0.0,0.0,0.0370541205412054,0.0,0.0,0.0,0.3749999999999999,0.0,0.67634144,62.31156856,54.89961756,19.87302708
271,PC-PJ-BV-BO-BT-BY-BA-BP-EL-FP-CH-CG-DL,48.0,0.0779790201489658,0.0143536603460043,0.016837947713582,0.0,0.3823042226772308,0.4481378379180391,0.0,0.178730674500727,0.0,0.0,0.0,0.0208404106946793,0.072872429448945,0.0,0.0051065907000207,0.0005520638594617,0.0509278910353422,0.0,0.0,0.0592088489272678,0.0,0.0,0.0,0.2219296715036054,0.0,0.85651128,57.06243264,51.04263107,22.54862624
272,PC-PJ-BL-BA-BP-CA-EL-FP-CH-AC-ER-RI,0.0,0.00055,0.00055,0.0,0.0,0.0,0.0,0.0,0.0,0.0,0.0,0.00055,0.00055,0.00055,0.00055,0.00055,0.00055,0.00055,0.00055,0.0,0.0,0.00055,0.00055,0.0,0.0,0.0,0.0,0.0,28.0,0.0
273,PC-PJ-BL-BA-BP-CA-EL-FP-CH-AC-ER-RI,16.0,1.538223250688705,0.0303078787878787,0.0,0.0,0.0,0.0,0.0,0.0,0.0,0.0,0.0076753719008264,0.1934587327823691,0.0980085950413223,0.0212548760330578,0.0037392837465564,0.0001968044077134,0.0854131129476584,0.1826344903581267,0.0,0.0,0.2170752617079889,0.0015744352617079,0.0,0.0,0.0,36.7648784,52.49782444,15.84337908,12.87809368
274,PC-PJ-BL-BA-BP-CA-EL-FP-CH-AC-ER-RI,32.0,0.5763878929826143,0.022461880311083,0.0,0.0,0.0,0.0,0.0,0.0,0.0,0.0,0.0064176800888808,0.1873160375942107,0.0872403387082245,0.065781220911029,0.0423165780860583,0.0008022100111101,0.4265751734078012,0.6327431462630995,0.0,0.0,0.1770878599525568,0.0,0.0,0.0,0.0,52.3777972,32.01914648,1.6869168999999995,15.7903282
275,PC-PJ-BL-BA-BP-CA-EL-FP-CH-AC-ER-RI,48.0,0.512467289481073,0.0190785154554968,0.0,0.0,0.0,0.0,0.0,0.0,0.0,0.0,0.010100390535263,0.1851738264798223,0.0745796513260331,0.0432582382520356,0.0313214130739974,0.0002040482936416,0.0937601909283508,0.2592433570717512,0.0,0.0,0.0996775914439594,0.000612144880925,0.0,0.0,0.0,57.23525808,21.92447248,1.41084838,15.84177739
276,PC-PJ-BF-BY-DP-BA-CA-CG-RI-CC-DL,0.0,0.0006,0.0006,0.0,0.0006,0.0,0.0,0.0,0.0006,0.0,0.0006,0.0,0.0006,0.0,0.0006,0.0,0.0,0.0,0.0,0.0,0.0006,0.0,0.0006,0.0006,0.0006,0.0,0.0,0.0,28.0,0.0
277,PC-PJ-BF-BY-DP-BA-CA-CG-RI-CC-DL,16.0,0.0295573706728899,0.0160637884091793,0.0,0.3164566316608323,0.0,0.0,0.0,0.1958711266692596,0.0,0.0062113315182159,0.0,0.3059616232335018,0.0,0.0142432257228056,0.0,0.0,0.0,0.0,0.0,0.0328772202774536,0.0,0.0022489303772851,0.0115659276546091,0.1506783352781019,0.0,1.16103224,49.845905,47.32895446,9.30105359
278,PC-PJ-BF-BY-DP-BA-CA-CG-RI-CC-DL,32.0,0.0393997971481415,0.0234168605691784,0.0,0.3169639341328083,0.0,0.0,0.0,0.1571345683431776,0.0,0.0086419366386253,0.0,0.1864985681045283,0.0,0.0117084302845892,0.0,0.0,0.0,0.0,0.0,0.0372625440009546,0.0,0.0023231012469423,0.011150885985323,0.2424388461308991,0.0,0.65336104,50.2016476,45.12414227,10.88909069
279,PC-PJ-BF-BY-DP-BA-CA-CG-RI-CC-DL,48.0,0.0546695620702135,0.0232966883821932,0.0,0.4268988719990349,0.0,0.0,0.0,0.2340022921944746,0.0,0.0061089093979973,0.0,0.1441288454578357,0.0,0.0100434612136566,0.0,0.0,0.0,0.0,0.0,0.0709254735191217,0.0,0.0023814392568464,0.0218471166606345,0.1489952648087827,0.0,0.81886664,48.73164936,46.20070636,13.84501951
280,PC-BO-BC-BU-DP-BL-CA-AC-BH-CG-RI-CC-DF,0.0,0.0005076923076923,0.0,0.0,0.0,0.0005076923076923,0.0,0.0005076923076923,0.0,0.0005076923076923,0.0005076923076923,0.0005076923076923,0.0,0.0,0.0005076923076923,0.0,0.0,0.0,0.0005076923076923,0.0005076923076923,0.0005076923076923,0.0,0.0005076923076923,0.0005076923076923,0.0,0.0005076923076923,0.0,0.0,28.0,0.0
281,PC-BO-BC-BU-DP-BL-CA-AC-BH-CG-RI-CC-DF,16.0,0.3532233125693318,0.0,0.0,0.0,0.1157424126063088,0.0,0.4800493785021475,0.0,0.0772221748158261,0.0147176380237221,0.0127189464402537,0.0,0.0,0.0630496344966863,0.0,0.0,0.0,0.1230103820007395,0.0012718946440253,0.0801293625735984,0.0,0.0023620900531899,0.107747646272435,0.0,0.69372767869841,23.90332376,32.30355932,28.1723843,10.42670019
282,PC-BO-BC-BU-DP-BL-CA-AC-BH-CG-RI-CC-DF,32.0,0.4453490391512817,0.0,0.0,0.0,0.0615817570883829,0.0,0.2047753237437233,0.0,0.0415517046098085,0.0059663986106391,0.0070318269339676,0.0,0.0,0.0400601049571487,0.0,0.0,0.0,0.5344188469815381,0.0010654283233284,0.0447479895797938,0.0,0.0004261713293313,0.0475181032204477,0.0,0.445135953486616,25.5111984,31.69792616,25.77871085,14.61425785
283,PC-BO-BC-BU-DP-BL-CA-AC-BH-CG-RI-CC-DF,48.0,0.2112841259459964,0.0,0.0,0.0,0.0310255691550655,0.0,0.1546624622380018,0.0,0.0299396742346382,0.0021717898408545,0.0046538353732598,0.0,0.0,0.0493306549565542,0.0,0.0,0.0,0.610428073125915,0.0004653835373259,0.0522780840262854,0.0,0.0012410227662026,0.0344383817621227,0.0,0.4767078700675823,26.92785392,31.49835728,25.4783307,15.0392688
284,PC-PJ-BF-BO-BY-BU-AC-BH-RI-DL-DF,0.0,0.0006,0.0006,0.0,0.0006,0.0006,0.0,0.0,0.0006,0.0006,0.0,0.0,0.0,0.0,0.0,0.0,0.0,0.0,0.0006,0.0006,0.0,0.0,0.0006,0.0,0.0006,0.0006,0.0,0.0,28.0,0.0
285,PC-PJ-BF-BO-BY-BU-AC-BH-RI-DL-DF,16.0,0.2110149829807926,0.0208149161196207,0.0,0.3488760940919037,0.1206661804035983,0.0,0.0,0.1242861658157062,0.0546014466326282,0.0,0.0,0.0,0.0,0.0,0.0,0.0,0.0,0.1524918854850473,0.0012066618040359,0.0,0.0,0.0022624908825674,0.0,0.359585217602723,0.2561139679066375,29.75742152,37.50445388,17.41829634,11.86131714
286,PC-PJ-BF-BO-BY-BU-AC-BH-RI-DL-DF,32.0,0.2549341973756326,0.0133426830447818,0.0,0.2485297095141374,0.0590636102782345,0.0,0.0,0.0946440983976529,0.0298876100203114,0.0,0.0,0.0,0.0,0.0,0.0,0.0,0.0,0.4689508334139343,0.0012453170841796,0.0,0.0,0.0012453170841796,0.0,0.4926118580133475,0.1725653673791791,32.05792016,39.26244248,17.93265074,15.13697212
287,PC-PJ-BF-BO-BY-BU-AC-BH-RI-DL-DF,48.0,0.1259119135911472,0.0106382070751662,0.0,0.2326115427629642,0.0708155276943904,0.0,0.0,0.0793896050385543,0.0265161280828771,0.0,0.0,0.0,0.0,0.0,0.0,0.0,0.0,0.4260046206368826,0.0001587792100771,0.0,0.0,0.0017465713108481,0.0,0.4369603861322031,0.3858334804873741,33.77785856,35.83016664,13.94135483,15.68195955
288,PJ-BV-BF-BO-BT-BC-BU-BA-CA-BH-ER-CC-DF,0.0,0.0,0.0005076923076923,0.0005076923076923,0.0005076923076923,0.0005076923076923,0.0005076923076923,0.0005076923076923,0.0,0.0005076923076923,0.0,0.0,0.0005076923076923,0.0,0.0005076923076923,0.0,0.0,0.0,0.0,0.0005076923076923,0.0,0.0005076923076923,0.0,0.0005076923076923,0.0,0.0005076923076923,0.0,0.0,28.0,0.0
289,PJ-BV-BF-BO-BT-BC-BU-BA-CA-BH-ER-CC-DF,16.0,0.0,0.0105621726258255,0.0399015410308965,0.1735214074242769,0.1604444317923024,0.2211350110073635,0.2893699992408715,0.0,0.0474459500493433,0.0,0.0,0.1275843391786229,0.0,0.0093885978896227,0.0,0.0,0.0,0.0,0.0011735747362028,0.0,0.2900406133758445,0.0,0.0057002201472709,0.0,0.0943889394974569,5.05911544,46.6192814,42.27323729,21.10740802
290,PJ-BV-BF-BO-BT-BC-BU-BA-CA-BH-ER-CC-DF,32.0,0.0,0.0108130035810205,0.0416661071321993,0.1252866681587585,0.1056790883318412,0.1944898910772903,0.230533236347359,0.0,0.0331598776484631,0.0,0.0,0.0631479409131602,0.0,0.007352842435094,0.0,0.0,0.0,0.0,0.0007208669054013,0.0,0.30982859594151,0.0,0.0144173381080274,0.0,0.151237876753208,6.53377384,39.69249348,36.8475515,20.60186987
291,PJ-BV-BF-BO-BT-BC-BU-BA-CA-BH-ER-CC-DF,48.0,0.0,0.0105491035742834,0.0138036142514559,0.1566654105287198,0.0993186879068174,0.2702366107114308,0.2877436336644969,0.0,0.0212104316546762,0.0,0.0,0.036921862509992,0.0,0.0030300616649537,0.0,0.0,0.0,0.0,0.0016833675916409,0.0,0.2640642628754139,0.0,0.0069579193787826,0.0,0.1376994689962316,6.32236,38.66541428,40.59716317,27.24842511
292,PC-PJ-BV-BO-BC-BU-BL-BA-CA-FP-CH-BH-CG-CC,0.0,0.0004714285714285,0.0004714285714285,0.0004714285714285,0.0,0.0004714285714285,0.0,0.0004714285714285,0.0,0.0004714285714285,0.0,0.0004714285714285,0.0004714285714285,0.0,0.0004714285714285,0.0,0.0004714285714285,0.0004714285714285,0.0,0.0004714285714285,0.0004714285714285,0.0,0.0,0.0004714285714285,0.0,0.0,0.0,0.0,28.0,0.0
293,PC-PJ-BV-BO-BC-BU-BL-BA-CA-FP-CH-BH-CG-CC,16.0,0.1367395064942578,0.0174871127310596,0.0279308050565535,0.0,0.2527130666203824,0.0,0.5112551708177847,0.0,0.0794206369868957,0.0,0.0349742254621192,0.2306112991408487,0.0,0.0082578032341114,0.0,0.0004857531314183,0.0558616101131071,0.0,0.0017001359599641,0.0280522433394081,0.0,0.0,0.0127510196997309,0.0,0.0,0.92661464,52.14866164,39.40872032,19.508377600000003
294,PC-PJ-BV-BO-BC-BU-BL-BA-CA-FP-CH-BH-CG-CC,32.0,0.2394173238961914,0.0263430738119312,0.0697105830805527,0.0,0.3137872261543647,0.0,0.7076789012470509,0.0,0.0991001348163127,0.0,0.0195332996292551,0.1591336703741152,0.0,0.0150531850353892,0.0,0.0005376137512639,0.0672017189079878,0.0,0.0051969329288843,0.0338696663296258,0.0,0.0,0.01469477586788,0.0,0.0,1.18714288,52.10517192,35.44178056,21.84234313
295,PC-PJ-BV-BO-BC-BU-BL-BA-CA-FP-CH-BH-CG-CC,48.0,0.1142799024042547,0.0121050524988348,0.0122076376895029,0.0,0.2851868300572964,0.0,0.4979485155029197,0.0,0.051190010143378,0.0,0.008924911588124,0.0312884831537681,0.0,0.0012310222880171,0.0,0.0012310222880171,0.1716250239877183,0.0,0.0028723853387065,0.0441116319872796,0.0,0.0,0.0126179784521753,0.0,0.0,1.20981376,51.02649448,35.52887281,26.93149629
296,PC-PJ-BC-BU-BL-BP-CA-EL-FP-AC-CG-DL,0.0,0.00055,0.00055,0.0,0.0,0.0,0.0,0.00055,0.0,0.00055,0.0,0.00055,0.0,0.00055,0.00055,0.00055,0.00055,0.0,0.00055,0.0,0.00055,0.0,0.0,0.0,0.00055,0.0,0.0,0.0,28.0,0.0
297,PC-PJ-BC-BU-BL-BP-CA-EL-FP-AC-CG-DL,16.0,0.3139679563661156,0.0306885972387932,0.0,0.0,0.0,0.0,0.6824278450088064,0.0,0.1320003124822453,0.0,0.0291148230214192,0.0,0.251016987671155,0.0723936139992046,0.0066885404238395,0.0003934435543435,0.0,0.1294429293790125,0.0,0.0692460655644565,0.0,0.0,0.0,0.588394835520709,0.0,30.82193088,37.27491736,20.19225963,10.20525416
298,PC-PJ-BC-BU-BL-BP-CA-EL-FP-AC-CG-DL,32.0,0.0819928969359331,0.0298383936861652,0.0,0.0,0.0,0.0,0.4395521355617455,0.0,0.1005478644382544,0.0,0.0072715413184772,0.0,0.1542068245125347,0.2010957288765088,0.007773026926648,0.0010029712163416,0.0,0.3969258588672237,0.0,0.0275817084493964,0.0,0.0,0.0,0.3525443825441039,0.0,36.6179732,38.15057448,15.55068605,10.75713692
299,PC-PJ-BC-BU-BL-BP-CA-EL-FP-AC-CG-DL,48.0,0.0680144293499117,0.0143188272315603,0.0,0.0,0.0,0.0,0.301020799754394,0.0,0.053370174226725,0.0,0.0043390385550182,0.0,0.0620482513367615,0.1142251899608565,0.0235392841609742,0.0008678077110036,0.0,0.5685225266712718,0.0,0.018983293678205,0.0,0.0,0.0,0.1838667587689001,0.0,46.71522808,30.13028684,2.86204456,12.07901202
300,PJ-BF-BO-BU-BA-CA-EL-CH-BH-CG-RI-CC-DL,0.0,0.0,0.0005076923076923,0.0,0.0005076923076923,0.0005076923076923,0.0,0.0,0.0,0.0005076923076923,0.0,0.0,0.0005076923076923,0.0,0.0005076923076923,0.0005076923076923,0.0,0.0005076923076923,0.0,0.0005076923076923,0.0005076923076923,0.0,0.0005076923076923,0.0005076923076923,0.0005076923076923,0.0,0.0,0.0,28.0,0.0
301,PJ-BF-BO-BU-BA-CA-EL-CH-BH-CG-RI-CC-DL,16.0,0.0,0.0083183283316661,0.0,0.2944688229409803,0.2755446259864399,0.0,0.0,0.0,0.089837945981994,0.0,0.0,0.1231112593086584,0.0,0.007174558186062,0.0010397910414582,0.0,0.1427633099922196,0.0,0.0008318328331666,0.0234992775369567,0.0,0.0020795820829165,0.0120615760809158,0.264106924530399,0.0,0.77578496,51.67441172,41.59730497,11.4268171
302,PJ-BF-BO-BU-BA-CA-EL-CH-BH-CG-RI-CC-DL,32.0,0.0,0.0154648528440877,0.0,0.3625982487230272,0.3121497967267799,0.0,0.0,0.0,0.0933896938740053,0.0,0.0,0.1286735814309045,0.0,0.0087083637374474,0.0007507210118489,0.0,0.1183136314673894,0.0,0.0012011536189582,0.0337824455332012,0.0,0.0031530282497654,0.0120115361895826,0.3483345494978977,0.0,1.36226112,56.40909396,49.73110897,14.89064032
303,PJ-BF-BO-BU-BA-CA-EL-CH-BH-CG-RI-CC-DL,48.0,0.0,0.0155023016069902,0.0,0.3538447035475068,0.358700846219576,0.0,0.0,0.0,0.065651313432013,0.0,0.0,0.0514564348521183,0.0,0.0061635656991648,0.0032685575677389,0.0,0.0782586069075773,0.0,0.0015875851043303,0.0498688497477879,0.0,0.0025214586951128,0.0116734198847818,0.1263530968328785,0.0,1.49397064,52.66154720000001,46.31993092,19.4234018
304,PC-BF-BT-DP-BL-CA-CH-AC-CG-ER-DF,0.0,0.0006,0.0,0.0,0.0006,0.0,0.0006,0.0,0.0,0.0,0.0006,0.0006,0.0,0.0,0.0006,0.0,0.0,0.0006,0.0006,0.0,0.0006,0.0006,0.0,0.0,0.0,0.0006,0.0,0.0,28.0,0.0
305,PC-BF-BT-DP-BL-CA-CH-AC-CG-ER-DF,16.0,0.4445913023679417,0.0,0.0,0.368801912568306,0.0,0.3337418602003643,0.0,0.0,0.0,0.0062660519125683,0.0070120104735883,0.0,0.0,0.0198424977231329,0.0,0.0,0.0720595969945355,0.0775796903460837,0.0,0.0368503529143897,0.2305011953551912,0.0,0.0,0.0,0.1487441370673952,20.77778496,28.55026804,24.6828325,15.63046135
306,PC-BF-BT-DP-BL-CA-CH-AC-CG-ER-DF,32.0,0.5482056296978064,0.0,0.0,0.2147741217978217,0.0,0.1909575855192513,0.0,0.0,0.0,0.0025517717441325,0.0025517717441325,0.0,0.0,0.0133968016566958,0.0,0.0,0.1928714143273508,0.3119540957202024,0.0,0.0267936033133916,0.1669284015953367,0.0,0.0,0.0,0.1760722503451449,21.11050728,47.81343236,26.090035500000003,28.98548277
307,PC-BF-BT-DP-BL-CA-CH-AC-CG-ER-DF,48.0,0.2914115635921592,0.0,0.0,0.1579246821658309,0.0,0.2068002836448361,0.0,0.0,0.0,0.0024560603758294,0.0007368181127488,0.0,0.0,0.0057717418831991,0.0,0.0,0.2193261915615661,0.4246528389809046,0.0,0.0244378007395026,0.1382761991591956,0.0,0.0,0.0,0.1442935470799777,20.92626112,41.63440916,28.81644772,29.20006363
308,PC-PJ-BV-BF-BY-BA-BP-CA-EL-BH-CG-ER-DL,0.0,0.0005076923076923,0.0005076923076923,0.0005076923076923,0.0005076923076923,0.0,0.0,0.0,0.0005076923076923,0.0,0.0,0.0,0.0005076923076923,0.0005076923076923,0.0005076923076923,0.0005076923076923,0.0,0.0,0.0,0.0005076923076923,0.0005076923076923,0.0005076923076923,0.0,0.0,0.0005076923076923,0.0,0.0,0.0,28.0,0.0
309,PC-PJ-BV-BF-BY-BA-BP-CA-EL-BH-CG-ER-DL,16.0,0.0495312932879989,0.0259836292658355,0.0714549804810477,0.4559314947739578,0.0,0.0,0.0,0.2756700667422239,0.0,0.0,0.0,0.3641768039289761,0.0891157284976703,0.0219236871930487,0.002435965243672,0.0,0.0,0.0,0.001217982621836,0.0479073164588842,0.2677531797002895,0.0,0.0,0.4754192167233345,0.0,3.32879936,57.43033408,47.80884667,13.42747316
310,PC-PJ-BV-BF-BY-BA-BP-CA-EL-BH-CG-ER-DL,32.0,0.0309030440536963,0.0246198525241066,0.0473162790697674,0.2578673095103044,0.0,0.0,0.0,0.1779810172055208,0.0,0.0,0.0,0.069628020419739,0.0665505388542257,0.0067961051238419,0.0030774815655133,0.0,0.0,0.0,0.0010258271885044,0.0311595008508224,0.3017214218188693,0.0,0.0,0.1106611079599168,0.0,5.72055968,60.73190436,58.21294065,16.56941755
311,PC-PJ-BV-BF-BY-BA-BP-CA-EL-BH-CG-ER-DL,48.0,0.0293683214263906,0.0222630823716187,0.0351472491909385,0.2975674116138486,0.0,0.0,0.0,0.2236729254442205,0.0,0.0,0.0,0.024631495389876,0.0462314221163827,0.002936832142639,0.0041684069121328,0.0,0.0,0.0,0.0008526286865726,0.0582629602491298,0.2687675093118397,0.0,0.0,0.0204630884777431,0.0,5.38280328,59.30790956,58.45139348,21.42695322
312,PC-PJ-BO-BT-BC-BY-FP-CH-AC-ER-RI-DL-DF,0.0,0.0005076923076923,0.0005076923076923,0.0,0.0,0.0005076923076923,0.0005076923076923,0.0005076923076923,0.0005076923076923,0.0,0.0,0.0,0.0,0.0,0.0,0.0,0.0005076923076923,0.0005076923076923,0.0005076923076923,0.0,0.0,0.0005076923076923,0.0005076923076923,0.0,0.0005076923076923,0.0005076923076923,0.0,0.0,28.0,0.0
313,PC-PJ-BO-BT-BC-BY-FP-CH-AC-ER-RI-DL-DF,16.0,0.1427573944263976,0.0114329515016811,0.0,0.0,0.1575893315096597,0.1952871715962842,0.282888299994301,0.0950170969396478,0.0,0.0,0.0,0.0,0.0,0.0,0.0,0.0016994927907904,0.0179219239756083,0.0644262267054197,0.0,0.0,0.2842787940958568,0.0018539921354077,0.0,0.4587085541688037,0.0928541061150054,25.8909152,53.29104888,19.7572139,20.45407456
314,PC-PJ-BO-BT-BC-BY-FP-CH-AC-ER-RI-DL-DF,32.0,0.1379033856644465,0.007540041230574,0.0,0.0,0.1198469711385981,0.136316008563273,0.2115179987313669,0.080162543609261,0.0,0.0,0.0,0.0,0.0,0.0,0.0,0.00059526641294,0.0285727878211227,0.2894978988265144,0.0,0.0,0.2192564620995876,0.0009921106882334,0.0,0.3295791706311449,0.1061558436409768,24.638498,40.82440820000001,19.71871152,23.03363297
315,PC-PJ-BO-BT-BC-BY-FP-CH-AC-ER-RI-DL-DF,48.0,0.0980182453536196,0.0113932646813247,0.0,0.0,0.1529952685777901,0.2177379472430961,0.2463115316819742,0.0906035810372019,0.0,0.0,0.0,0.0,0.0,0.0,0.0,0.0014467637690571,0.0768593252311593,0.4833999443362092,0.0,0.0,0.2700022884002845,0.0010850728267928,0.0,0.1625800785477935,0.1369000216470297,23.27425064,39.4122334,21.3600081,27.84103895
316,BF-BO-BC-BY-BU-DP-BA-BP-FP-CH-AC-BH-ER-RI-CC-DL-DF,0.0,0.0,0.0,0.0,0.0003882352941176,0.0003882352941176,0.0,0.0003882352941176,0.0003882352941176,0.0003882352941176,0.0003882352941176,0.0,0.0003882352941176,0.0003882352941176,0.0,0.0,0.0003882352941176,0.0003882352941176,0.0003882352941176,0.0003882352941176,0.0,0.0003882352941176,0.0003882352941176,0.0003882352941176,0.0003882352941176,0.0003882352941176,0.0,0.0,28.0,0.0
317,BF-BO-BC-BY-BU-DP-BA-BP-FP-CH-AC-BH-ER-RI-CC-DL-DF,16.0,0.0,0.0,0.0,0.1819577912691529,0.1429481352992194,0.0,0.3052701936976005,0.0849572708875397,0.0564200057820179,0.0064143394044521,0.0,0.0994877132119109,0.0782811217114773,0.0,0.0,0.0011781439722463,0.0365224631396357,0.024217403873952,0.0003927146574154,0.0,0.2458393755420641,0.0010472390864411,0.0070688638334778,0.1225269731136166,0.1134945359930615,18.43948984,47.82123356,33.29885859,11.57292722
318,BF-BO-BC-BY-BU-DP-BA-BP-FP-CH-AC-BH-ER-RI-CC-DL-DF,32.0,0.0,0.0,0.0,0.1469115236661649,0.1183850142164241,0.0,0.2329189496571333,0.0658962368289011,0.0359434019066733,0.0027100183977253,0.0,0.0393665830406422,0.0939948486368958,0.0,0.0,0.0021394882087305,0.0504919217260411,0.1946934269944807,0.0005705301889948,0.0,0.1754380331159056,0.0001426325472487,0.0045642415119585,0.1711590566984445,0.0848663656129787,19.00495368,51.6038936,37.45366162,13.58038059
319,BF-BO-BC-BY-BU-DP-BA-BP-FP-CH-AC-BH-ER-RI-CC-DL-DF,48.0,0.0,0.0,0.0,0.1233241096074867,0.1159328755133643,0.0,0.193267084090756,0.0724067191813101,0.0265536928566619,0.0020531205817006,0.0,0.0097181040867164,0.0260061940348751,0.0,0.0,0.0002737494108934,0.0780185821046253,0.3638129670773581,0.0001368747054467,0.0,0.1438553154244933,0.0010949976435736,0.0046537399851881,0.1045722749612872,0.089516057362149,19.23476936,46.16162676,36.94247556,14.64552623
320,PJ-BV-BO-BU-CA-CH-AC-BH-CG-RI-DL-DF,0.0,0.0,0.00055,0.00055,0.0,0.00055,0.0,0.0,0.0,0.00055,0.0,0.0,0.0,0.0,0.00055,0.0,0.0,0.00055,0.00055,0.00055,0.00055,0.0,0.00055,0.0,0.00055,0.00055,0.0,0.0,28.0,0.0
321,PJ-BV-BO-BU-CA-CH-AC-BH-CG-RI-DL-DF,16.0,0.0,0.0230615029967727,0.0608288919625019,0.0,0.5753677885354234,0.0,0.0,0.0,0.1268382664822498,0.0,0.0,0.0,0.0,0.0203877055478715,0.0,0.0,0.0843917319809436,0.2595254648839711,0.0006684493622252,0.0310828953434762,0.0,0.0028409097894575,0.0,0.374498755186722,0.250167173812817,24.48061944,63.8479558,16.80059618,15.47527684
322,PJ-BV-BO-BU-CA-CH-AC-BH-CG-RI-DL-DF,32.0,0.0,0.0175810904071773,0.0242078090991134,0.0,0.3038823857302118,0.0,0.0,0.0,0.0764101236927324,0.0,0.0,0.0,0.0,0.0316459627329192,0.0,0.0,0.0526080320645538,0.4897009874183787,0.0008114349418697,0.0212325476455911,0.0,0.0014876307267611,0.0,0.3505398948877209,0.3267378032595424,28.39006144,45.17825004,13.6192786,16.29883334
323,PJ-BV-BO-BU-CA-CH-AC-BH-CG-RI-DL-DF,48.0,0.0,0.0088422429175527,0.0102121678766102,0.0,0.3823336022096746,0.0,0.0,0.0,0.0552951528928649,0.0,0.0,0.0,0.0,0.0088422429175527,0.0,0.0,0.1425967343746181,0.3224305199090709,0.0007472317958495,0.0212961061817115,0.0,0.0021171567549069,0.0,0.4052487106157268,0.3370015399281366,26.10283712,40.87415464,17.25856229,19.61366993
324,PC-BF-BO-BC-BY-DP-BL-BA-BP-CA-EL-AC-BH-CG-RI-CC-DL,0.0,0.0003882352941176,0.0,0.0,0.0003882352941176,0.0003882352941176,0.0,0.0003882352941176,0.0003882352941176,0.0,0.0003882352941176,0.0003882352941176,0.0003882352941176,0.0003882352941176,0.0003882352941176,0.0003882352941176,0.0,0.0,0.0003882352941176,0.0003882352941176,0.0003882352941176,0.0,0.0003882352941176,0.0003882352941176,0.0003882352941176,0.0,0.0,0.0,28.0,0.0
325,PC-BF-BO-BC-BY-DP-BL-BA-BP-CA-EL-AC-BH-CG-RI-CC-DL,16.0,0.0737980535279805,0.0,0.0,0.2518923357664233,0.0755551500405515,0.0,0.2885403487429034,0.0843406326034063,0.0,0.0040162206001622,0.0141822789943227,0.1509847931873479,0.1058023114355231,0.0107935928629359,0.0017570965125709,0.0,0.0,0.0313767234387672,0.0003765206812652,0.0209596512570965,0.0,0.0017570965125709,0.0116721411192214,0.3153988240064882,0.0,16.2465348,45.67505252,40.57114494,11.56155313
326,PC-BF-BO-BC-BY-DP-BL-BA-BP-CA-EL-AC-BH-CG-RI-CC-DL,32.0,0.0949011928242697,0.0,0.0,0.2238476566168874,0.0615651983344291,0.0,0.2637089947089946,0.0868154409692871,0.0,0.0028371059140289,0.0035463823925362,0.095610469302777,0.1734890266428728,0.0136181083873391,0.0018441188441188,0.0,0.0,0.1394437556745248,0.0001418552957014,0.0195760308068,0.0,0.0014185529570144,0.0085113177420869,0.3188907047368586,0.0,15.5104028,47.11692704,44.17931657,11.92693022
327,PC-BF-BO-BC-BY-DP-BL-BA-BP-CA-EL-AC-BH-CG-RI-CC-DL,48.0,0.0441370108439415,0.0,0.0,0.2268010372465818,0.0575921735030645,0.0,0.235873078736445,0.0721685997171145,0.0,0.0021405940594059,0.0023444601603017,0.0431176803394625,0.07481885902876,0.0024463932107496,0.0012231966053748,0.0,0.0,0.4378024516737388,0.0005096652522395,0.0244639321074964,0.0,0.0011212635549269,0.0131493635077793,0.2008081093823668,0.0,20.68401208,43.32903468,39.29952018,13.59232395
328,PJ-BO-BT-BC-CA-EL-FP-AC-BH-ER-RI,0.0,0.0,0.0006,0.0,0.0,0.0006,0.0006,0.0006,0.0,0.0,0.0,0.0,0.0,0.0,0.0006,0.0006,0.0006,0.0,0.0006,0.0006,0.0,0.0006,0.0006,0.0,0.0,0.0,0.0,0.0,28.0,0.0
329,PJ-BO-BT-BC-CA-EL-FP-AC-BH-ER-RI,16.0,0.0,0.0430919767748746,0.0,0.0,0.1438688308260754,0.6573672472948006,0.474870150435471,0.0,0.0,0.0,0.0,0.0,0.0,0.1127945368171021,0.009957508577461,0.0013734494589601,0.0,0.251512932172077,0.00085840591185,0.0,0.4661144101346001,0.0042920295592504,0.0,0.0,0.0,32.55875856,4.33959844,17.4506698,19.94146766
330,PJ-BO-BT-BC-CA-EL-FP-AC-BH-ER-RI,32.0,0.0,0.0336847624922887,0.0,0.0,0.0878298992391527,0.6769389677154019,0.3089017478922475,0.0,0.0,0.0,0.0,0.0,0.0,0.1791530331071354,0.0543946535060662,0.0012475837960106,0.0,0.4586118034135307,0.0022456508328192,0.0,0.2170795805058605,0.0019961340736171,0.0,0.0,0.0,42.33500032,8.59106332,11.44120067,29.89976432
331,PJ-BO-BT-BC-CA-EL-FP-AC-BH-ER-RI,48.0,0.0,0.0226827865989629,0.0,0.0,0.0431792805136885,0.7350042717820584,0.1840585153542354,0.0,0.0,0.0,0.0,0.0,0.0,0.0799363262674296,0.0927807957873243,0.0010931463421186,0.0,0.3656574514387039,0.0010931463421186,0.0,0.1686178232718088,0.0004099298782945,0.0,0.0,0.0,44.88809064,8.75462848,3.79370718,28.27884905
332,PJ-BO-BT-BC-BY-BU-BL-BP-FP-AC-BH-CG-RI-DF,0.0,0.0,0.0004714285714285,0.0,0.0,0.0004714285714285,0.0004714285714285,0.0004714285714285,0.0004714285714285,0.0004714285714285,0.0,0.0004714285714285,0.0,0.0004714285714285,0.0,0.0,0.0004714285714285,0.0,0.0004714285714285,0.0004714285714285,0.0004714285714285,0.0,0.0004714285714285,0.0,0.0,0.0004714285714285,0.0,0.0,28.0,0.0
333,PJ-BO-BT-BC-BY-BU-BL-BP-FP-AC-BH-CG-RI-DF,16.0,0.0,0.0243387665938497,0.0,0.0,0.1353744468716742,0.456709796672828,0.4137590320954461,0.1442827535988349,0.0539270710804906,0.0,0.0119307679381616,0.0,0.1539864448552064,0.0,0.0,0.0030224612110009,0.0,0.1932784405982187,0.0004772307175264,0.0373830728729065,0.0,0.002067999775948,0.0,0.0,0.2607270486752926,26.39078416,27.39044236,18.96005362,15.10007136
334,PJ-BO-BT-BC-BY-BU-BL-BP-FP-AC-BH-CG-RI-DF,32.0,0.0,0.0188505472636815,0.0,0.0,0.0837186069651741,0.3679552902155887,0.2980973797678275,0.1184627529021558,0.0352985737976782,0.0,0.00794679933665,0.0,0.1016451077943615,0.0,0.0,0.0020329021558872,0.0,0.47440543946932,0.0003696185737976,0.0301239137645107,0.0,0.0020329021558872,0.0,0.0,0.3162086898839137,29.4261592,35.39487544,28.0810812,17.66094188
335,PJ-BO-BT-BC-BY-BU-BL-BP-FP-AC-BH-CG-RI-DF,48.0,0.0,0.015390861202989,0.0,0.0,0.0509664584098983,0.3370850912654661,0.2184997672424354,0.1052129364204336,0.0180401078035036,0.0,0.004289256400833,0.0,0.0672404018130589,0.0,0.0,0.0018923190003675,0.0,0.6399822859242925,0.000252309200049,0.0286370942055616,0.0,0.002018473600392,0.0,0.0,0.2265736616440034,29.756498800000003,32.32122628,28.79842083,19.27613052
336,PC-PJ-BC-BY-DP-BL-CA-FP-CH-BH-ER-RI,0.0,0.00055,0.00055,0.0,0.0,0.0,0.0,0.00055,0.00055,0.0,0.00055,0.00055,0.0,0.0,0.00055,0.0,0.00055,0.00055,0.0,0.00055,0.0,0.00055,0.00055,0.0,0.0,0.0,0.0,0.0,28.0,0.0
337,PC-PJ-BC-BY-DP-BL-CA-FP-CH-BH-ER-RI,16.0,0.2184838581897404,0.0284709843533372,0.0,0.0211675579322638,0.0,0.0,0.6660972469795998,0.2038770053475935,0.0,0.0095315904139433,0.0149782135076252,0.0143592790651614,0.0,0.0455535749653396,0.0,0.0008665082194493,0.0266141810259457,0.0,0.0007427213309566,0.0,0.1750346603287779,0.0029708853238264,0.0,0.021043771043771,0.0,2.78475664,33.8350058,35.83376432,18.75250014
338,PC-PJ-BC-BY-DP-BL-CA-FP-CH-BH-ER-RI,32.0,0.2903297204049083,0.0212814503791947,0.0,0.0,0.0,0.0,0.5827734921719884,0.1836405949939784,0.0,0.0043690394818214,0.0150802330501578,0.0,0.0,0.0236773752563226,0.0,0.0002818735149562,0.1110581648927513,0.0,0.0005637470299124,0.0,0.2074589070077791,0.0023959248771278,0.0,0.0,0.0,4.93777776,46.00174156,47.49220559,27.69643683
339,PC-PJ-BC-BY-DP-BL-CA-FP-CH-BH-ER-RI,48.0,0.1341393193044184,0.0156045740577846,0.0,0.0,0.0,0.0,0.6492903218530797,0.1767518100006766,0.0,0.0032009382682635,0.0078022870288923,0.0,0.0,0.0085024922750749,0.0,0.0008002345670658,0.2622768793558427,0.0,0.0008002345670658,0.0,0.2166635090330874,0.0022006450594311,0.0,0.0,0.0,6.29530912,43.38830804,48.25970442,28.900465500000003
340,BF-BU-BL-BA-EL-FP-CH-BH-CG-RI-DL,0.0,0.0,0.0,0.0,0.0006,0.0,0.0,0.0,0.0,0.0006,0.0,0.0006,0.0006,0.0,0.0,0.0006,0.0006,0.0006,0.0,0.0006,0.0006,0.0,0.0006,0.0,0.0006,0.0,0.0,0.0,28.0,0.0
341,BF-BU-BL-BA-EL-FP-CH-BH-CG-RI-DL,16.0,0.0,0.0,0.0,0.4924945334542523,0.0,0.0,0.0,0.0,0.1292705814187827,0.0,0.0186782799274486,0.2694104443772672,0.0,0.0,0.0010552700523982,0.0007386890366787,0.086848725312374,0.0,0.0008442160419185,0.0239546301894397,0.0,0.0017939590890769,0.0,0.3703997883917775,0.0,0.73895208,61.07631552,46.44864195,8.97862434
342,BF-BU-BL-BA-EL-FP-CH-BH-CG-RI-DL,32.0,0.0,0.0,0.0,0.4057503394586765,0.0,0.0,0.0,0.0,0.0897578226366132,0.0,0.0112452852961588,0.1461887088500648,0.0,0.0,0.000715609064301,0.0006133791979723,0.0913935004978727,0.0,0.0006133791979723,0.0274998340424247,0.0,0.0017379077275881,0.0,0.3537153374973598,0.0,0.89013216,61.04556776,51.84108985,10.94157663
343,BF-BU-BL-BA-EL-FP-CH-BH-CG-RI-DL,48.0,0.0,0.0,0.0,0.4509871476888388,0.0,0.0,0.0,0.0,0.1002193661530752,0.0,0.0100886383565075,0.0942995866215708,0.0,0.0,0.0018342978830013,0.0009171489415006,0.1049718652135788,0.0,0.0010005261180007,0.0429392458975322,0.0,0.0020010522360015,0.0,0.2996575723412251,0.0,1.15073048,60.35695032,52.55592152,13.9979571
344,PC-PJ-BO-BC-BY-BU-DP-BL-CA-EL-CH-AC-BH-CG-DL-DF,0.0,0.0004125,0.0004125,0.0,0.0,0.0004125,0.0,0.0004125,0.0004125,0.0004125,0.0004125,0.0004125,0.0,0.0,0.0004125,0.0004125,0.0,0.0004125,0.0004125,0.0004125,0.0004125,0.0,0.0,0.0,0.0004125,0.0004125,0.0,0.0,28.0,0.0
345,PC-PJ-BO-BC-BY-BU-DP-BL-CA-EL-CH-AC-BH-CG-DL-DF,16.0,0.2291016656299674,0.0173062409288824,0.0,0.0,0.2825312507199299,0.0,0.4664443983689266,0.150124772502131,0.0689502614785633,0.0057687469762941,0.0061808003317437,0.0,0.0,0.0315907572511346,0.0010988089478655,0.0,0.0460126246918699,0.0829600755638491,0.0006867555924159,0.0259593613933236,0.0,0.0,0.0,0.4082075241320524,0.1642719377058999,18.32808016,44.60725736,31.59869173,16.99707504
346,PC-PJ-BO-BC-BY-BU-DP-BL-CA-EL-CH-AC-BH-CG-DL-DF,32.0,0.3168891722452449,0.0115864413983636,0.0,0.0,0.155065207381433,0.0,0.2838678142599086,0.1062090461516664,0.0399732228243544,0.0038621471327878,0.0067587574823787,0.0,0.0,0.0158348032444302,0.0007724294265575,0.0,0.0509803421527999,0.3613038642723055,0.0005793220699181,0.0212418092303332,0.0,0.0,0.0,0.2966128997981085,0.1456029469061028,17.86774216,40.31179844,33.33293865,21.18205025
347,PC-PJ-BO-BC-BY-BU-DP-BL-CA-EL-CH-AC-BH-CG-DL-DF,48.0,0.1248809196980096,0.0098915579958819,0.0,0.0,0.1636228551818805,0.0,0.2467394188972775,0.1110052619537863,0.0273391672386181,0.0016485929993136,0.0056326927476549,0.0,0.0,0.0151121024937085,0.0031598032486845,0.0,0.0522054449782658,0.419566918325326,0.0001373827499428,0.0193709677419354,0.0,0.0,0.0,0.2123937314115762,0.188626515671471,17.72923488,40.89335820000001,34.15222908,22.567393300000003
348,PC-PJ-BV-BF-BO-BU-CA-CH-AC-BH-CG,0.0,0.0006,0.0006,0.0006,0.0006,0.0006,0.0,0.0,0.0,0.0006,0.0,0.0,0.0,0.0,0.0006,0.0,0.0,0.0006,0.0006,0.0006,0.0006,0.0,0.0,0.0,0.0,0.0,0.0,0.0,28.0,0.0
349,PC-PJ-BV-BF-BO-BU-CA-CH-AC-BH-CG,16.0,0.9092588778494934,0.0264944520994995,0.1190330456644184,0.4168076486087944,0.5343047840065752,0.0,0.0,0.0,0.1084736625812845,0.0,0.0,0.0,0.0,0.0777554572485314,0.0,0.0,0.0635482872821331,0.3094859187274881,0.0007679551333188,0.0771794908985423,0.0,0.0,0.0,0.0,0.0,31.1674136,54.32102792,5.92075406,29.06237192
350,PC-PJ-BV-BF-BO-BU-CA-CH-AC-BH-CG,32.0,0.565465166884269,0.0141068260185464,0.0168884536841752,0.2435911084329282,0.3147213015968665,0.0,0.0,0.0,0.0659643132134846,0.0,0.0,0.0,0.0,0.0441086672692578,0.0,0.0,0.1011320344146496,0.5646704161226608,0.0009934384520103,0.0445060426500619,0.0,0.0,0.0,0.0,0.0,30.28419536,36.38981212,4.80755001,33.79176906
351,PC-PJ-BV-BF-BO-BU-CA-CH-AC-BH-CG,48.0,0.3122270347942112,0.0165071675390878,0.0110718806664613,0.2170088610626432,0.3110191932669608,0.0,0.0,0.0,0.068846967053269,0.0,0.0,0.0,0.0,0.1246089842279927,0.0,0.0,0.1626559923363782,0.6971258681446508,0.0014091484484587,0.0384496219508022,0.0,0.0,0.0,0.0,0.0,31.47399024,34.29651376,3.5598733,35.95499883
352,PJ-BV-BT-BC-BY-BU-DP-BA-BP-CH-AC-CG-CC-DF,0.0,0.0,0.0004714285714285,0.0004714285714285,0.0,0.0,0.0004714285714285,0.0004714285714285,0.0004714285714285,0.0004714285714285,0.0004714285714285,0.0,0.0004714285714285,0.0004714285714285,0.0,0.0,0.0,0.0004714285714285,0.0004714285714285,0.0,0.0004714285714285,0.0,0.0,0.0004714285714285,0.0,0.0004714285714285,0.0,0.0,28.0,0.0
353,PJ-BV-BT-BC-BY-BU-DP-BA-BP-CH-AC-CG-CC-DF,16.0,0.0,0.0110594834808581,0.0354249080246239,0.0,0.0,0.2562689687830109,0.4301102247477507,0.132195388482133,0.0618639857210505,0.003801697446545,0.0,0.1183710341310603,0.0953880450224019,0.0,0.0,0.0,0.0864022146942046,0.094178414016683,0.0,0.0222917713911047,0.0,0.0,0.0171076385094525,0.0,0.2146231013004043,17.28264424,46.76294956,30.20198432,16.65118885
354,PJ-BV-BT-BC-BY-BU-DP-BA-BP-CH-AC-CG-CC-DF,32.0,0.0,0.0098830855254797,0.0324729952980048,0.0,0.0,0.2263226585334858,0.3224709620027958,0.1112553056296861,0.0516744186046511,0.003529673401957,0.0,0.0392499682297623,0.0865475918159867,0.0,0.0,0.0,0.0594397000889566,0.3500024145380607,0.0,0.0189190494344897,0.0,0.0,0.0159541237768458,0.0,0.1531878256449358,17.74807472,49.65010276,35.91787744,16.4153565
355,PJ-BV-BT-BC-BY-BU-DP-BA-BP-CH-AC-CG-CC-DF,48.0,0.0,0.0063160328470062,0.0068902176512795,0.0,0.0,0.202495840973717,0.2473779531744133,0.0794288979244731,0.027847963007255,0.0015311594780621,0.0,0.0152158973132424,0.0364607350713545,0.0,0.0,0.0,0.1111047596268835,0.2938869223205506,0.0,0.0231587871056897,0.0,0.0,0.0115793935528448,0.0,0.1368473783518031,18.58256984,47.33127092,38.57684557,21.42564126
356,PC-BT-BC-BY-DP-BL-BA-CA-FP-CH-BH-CG-ER-RI,0.0,0.0004714285714285,0.0,0.0,0.0,0.0,0.0004714285714285,0.0004714285714285,0.0004714285714285,0.0,0.0004714285714285,0.0004714285714285,0.0004714285714285,0.0,0.0004714285714285,0.0,0.0004714285714285,0.0004714285714285,0.0,0.0004714285714285,0.0004714285714285,0.0004714285714285,0.0004714285714285,0.0,0.0,0.0,0.0,0.0,28.0,0.0
357,PC-BT-BC-BY-DP-BL-BA-CA-FP-CH-BH-CG-ER-RI,16.0,0.0912574630210667,0.0,0.0,0.0,0.0,0.2783885253249664,0.4437408934707904,0.1445205737337516,0.0,0.0027223367697594,0.0344434782608695,0.1258193037501867,0.0,0.009232272523532,0.0,0.0007101748095024,0.039769789332138,0.0,0.0007101748095024,0.0306558792768564,0.115521769012401,0.0020121619602569,0.0,0.0,0.0,2.27596416,48.74062468,44.43387822,15.03969481
358,PC-BT-BC-BY-DP-BL-BA-CA-FP-CH-BH-CG-ER-RI,32.0,0.07778434678356,0.0,0.0,0.0,0.0,0.2780284365516466,0.3685358735154171,0.1200018732906223,0.0,0.0046265782473492,0.0177834101382488,0.0887724701210145,0.0,0.0131568318908995,0.0,0.0001445805702296,0.1208693567120003,0.0,0.0013012251320669,0.0260245026413397,0.1677134614664119,0.0011566445618373,0.0,0.0,0.0,5.6942096,46.20421816,46.09798759,18.09723267
359,PC-BT-BC-BY-DP-BL-BA-CA-FP-CH-BH-CG-ER-RI,48.0,0.0498756686236138,0.0,0.0,0.0,0.0,0.3891690802348336,0.4302499673842138,0.1449981735159817,0.0,0.0020829745596868,0.008447619047619,0.0163166340508806,0.0,0.0023144161774298,0.0,0.0003471624266144,0.1824917155903457,0.0,0.0013886497064579,0.045015394651011,0.2033214611872145,0.0017358121330724,0.0,0.0,0.0,5.66569872,43.50091324,49.40573455,22.13530229
360,PC-PJ-BF-BO-BU-DP-BA-CA-EL-FP-CH-AC-BH-ER-CC-DL-DF,0.0,0.0003882352941176,0.0003882352941176,0.0,0.0003882352941176,0.0003882352941176,0.0,0.0,0.0,0.0003882352941176,0.0003882352941176,0.0,0.0003882352941176,0.0,0.0003882352941176,0.0003882352941176,0.0003882352941176,0.0003882352941176,0.0003882352941176,0.0003882352941176,0.0,0.0003882352941176,0.0,0.0003882352941176,0.0003882352941176,0.0003882352941176,0.0,0.0,28.0,0.0
361,PC-PJ-BF-BO-BU-DP-BA-CA-EL-FP-CH-AC-BH-ER-CC-DL-DF,16.0,0.1527053560176433,0.0175413988657844,0.0,0.3599386263390043,0.3362781348456206,0.0,0.0,0.0,0.0745169502205418,0.0040793950850661,0.0,0.1570567107750472,0.0,0.0088386893509766,0.0012238185255198,0.0001359798361688,0.0673100189035916,0.0795482041587901,0.0006798991808443,0.0,0.1752780088216761,0.0,0.0093826086956521,0.2285821045998739,0.1236056710775047,18.22885856,36.34701584,27.99296499,11.96597234
362,PC-PJ-BF-BO-BU-DP-BA-CA-EL-FP-CH-AC-BH-ER-CC-DL-DF,32.0,0.2344660490463215,0.0107989827429609,0.0,0.233550881017257,0.1934665213442324,0.0,0.0,0.0,0.0567404178019981,0.0021964032697547,0.0,0.0322139146230699,0.0,0.0058570753860127,0.0021964032697547,0.0005491008174386,0.0571064850136239,0.3049339872842869,0.0003660672116257,0.0,0.1691230517711171,0.0,0.0076874114441416,0.249657838328792,0.1178736421435058,20.665254,41.84834328,29.90170063,16.8616868
363,PC-PJ-BF-BO-BU-DP-BA-CA-EL-FP-CH-AC-BH-ER-CC-DL-DF,48.0,0.1388016746960312,0.0110137646249139,0.0,0.2615063087864189,0.2661659784354209,0.0,0.0,0.0,0.0488559302592337,0.0009884147740307,0.0,0.0392541867400779,0.0,0.0029652443220922,0.0011296168846065,0.0007060105528791,0.0405250057352603,0.3853405597614131,0.0002824042211516,0.0,0.1243990594172975,0.0,0.0112961688460656,0.1352716219316357,0.1717017664601973,23.88072296,39.55549968,28.90266812,20.6676903
364,PC-BV-BF-BO-BT-BU-DP-CA-EL-FP-BH-CG-DF,0.0,0.0005076923076923,0.0,0.0005076923076923,0.0005076923076923,0.0005076923076923,0.0005076923076923,0.0,0.0,0.0005076923076923,0.0005076923076923,0.0,0.0,0.0,0.0005076923076923,0.0005076923076923,0.0005076923076923,0.0,0.0,0.0005076923076923,0.0005076923076923,0.0,0.0,0.0,0.0,0.0005076923076923,0.0,0.0,28.0,0.0
365,PC-BV-BF-BO-BT-BU-DP-CA-EL-FP-BH-CG-DF,16.0,0.0692247388737511,0.0,0.0607854791099,0.2790657924613987,0.184067098092643,0.4104445390554042,0.0,0.0,0.0542849682107175,0.0071847752043596,0.0,0.0,0.0,0.0098077883742052,0.0004561762034514,0.0004561762034514,0.0,0.0,0.0005702202543142,0.0282829246139872,0.0,0.0,0.0,0.0,0.2337903042688465,0.33745208,32.86065956,29.64063906,23.46354115
366,PC-BV-BF-BO-BT-BU-DP-CA-EL-FP-BH-CG-DF,32.0,0.1931333807998101,0.0,0.0149776907559036,0.2048452592856295,0.0976365254538982,0.3314236383054468,0.0,0.0,0.0422303310786756,0.0064190103239587,0.0,0.0,0.0,0.0120497211344487,0.0012387563783078,0.000563071081049,0.0,0.0,0.0009009137296784,0.028941853565919,0.0,0.0,0.0,0.0,0.3297344250622998,2.12533888,45.48051108,42.92767758,32.81205162
367,PC-BV-BF-BO-BT-BU-DP-CA-EL-FP-BH-CG-DF,48.0,0.1377629490570867,0.0,0.0123858122137838,0.276110134539352,0.0988528031401996,0.4414490428648633,0.0,0.0,0.0271085701282817,0.0023369457007139,0.0,0.0,0.0,0.0044401968313564,0.0022200984156782,0.0007010837102141,0.0,0.0,0.000350541855107,0.0413639389026367,0.0,0.0,0.0,0.0,0.3241343686890235,1.95135944,40.34100172,41.52855125,33.82210625
368,PJ-BF-BO-BT-BC-BY-BU-DP-BL-BA-CH-AC-CG-RI-CC-DF,0.0,0.0,0.0004125,0.0,0.0004125,0.0004125,0.0004125,0.0004125,0.0004125,0.0004125,0.0004125,0.0004125,0.0004125,0.0,0.0,0.0,0.0,0.0004125,0.0004125,0.0,0.0004125,0.0,0.0004125,0.0004125,0.0,0.0004125,0.0,0.0,28.0,0.0
369,PJ-BF-BO-BT-BC-BY-BU-DP-BL-BA-CH-AC-CG-RI-CC-DF,16.0,0.0,0.0166141561024111,0.0,0.1958960042257022,0.1909117573949788,0.2279160141685309,0.3422516157096694,0.1276269264230673,0.0616234153616703,0.0046821712652249,0.0058904735272184,0.0900185185185185,0.0,0.0,0.0,0.0,0.0866956872980363,0.0940965386527467,0.0,0.0182755717126522,0.0,0.003171793437733,0.0184266094954014,0.0,0.1324601354710415,18.51045168,30.572213,24.84399861,14.93901319
370,PJ-BF-BO-BT-BC-BY-BU-DP-BL-BA-CH-AC-CG-RI-CC-DF,32.0,0.0,0.0110272658245323,0.0,0.1318919030855249,0.1366800579830192,0.1710677158832056,0.2502899150962932,0.089523987022848,0.0399012908124525,0.0020313384413612,0.0075449713536273,0.0494776006074411,0.0,0.0,0.0,0.0,0.0766104783599088,0.281340374128529,0.0,0.0129135086629391,0.0,0.0010156692206806,0.0181369503692966,0.0,0.1204293504521294,20.752562,36.86685156,28.37824107,19.35014693
371,PJ-BF-BO-BT-BC-BY-BU-DP-BL-BA-CH-AC-CG-RI-CC-DF,48.0,0.0,0.0079918607462325,0.0,0.0940276949525882,0.1098140865500846,0.1300404007843769,0.1630931581916351,0.0575216643833776,0.023778252343729,0.0006906546323904,0.0035519381094367,0.0164770462298869,0.0,0.0,0.0,0.0,0.116917962768958,0.3419727079807667,0.0,0.013714427700325,0.0,0.0006906546323904,0.0174636957047304,0.0,0.1244164987777688,20.87163376,39.51819576,30.57256509,23.92747358
372,PJ-BV-BO-BU-CA-EL-FP-CH-BH-CG-ER,0.0,0.0,0.0006,0.0006,0.0,0.0006,0.0,0.0,0.0,0.0006,0.0,0.0,0.0,0.0,0.0006,0.0006,0.0006,0.0006,0.0,0.0006,0.0006,0.0006,0.0,0.0,0.0,0.0,0.0,0.0,28.0,0.0
373,PJ-BV-BO-BU-CA-EL-FP-CH-BH-CG-ER,16.0,0.0,0.0192266880491797,0.1637420400253917,0.0,0.5468574387758511,0.0,0.0,0.0,0.1344292205405766,0.0,0.0,0.0,0.0,0.0184387090307707,0.0011031706257726,0.0006303832147272,0.1233975142828505,0.0,0.0012607664294544,0.0405021215462229,0.521642110186763,0.0,0.0,0.0,0.0,8.144002,45.87874264,29.79474875,29.37803402
374,PJ-BV-BO-BU-CA-EL-FP-CH-BH-CG-ER,32.0,0.0,0.0279221576516167,0.0300466696468484,0.0,0.7551122634480703,0.0,0.0,0.0,0.1487158396662196,0.0,0.0,0.0,0.0,0.0192723588138876,0.0009105051408135,0.0015175085680226,0.4150385933541946,0.0,0.0022762628520339,0.0371789599165549,0.2587352108478616,0.0,0.0,0.0,0.0,7.874690400000001,48.00822596,26.57751095,33.31910908
375,PJ-BV-BO-BU-CA-EL-FP-CH-BH-CG-ER,48.0,0.0,0.0282735887927482,0.0288751545117428,0.0,0.7745158632056036,0.0,0.0,0.0,0.1376081582200247,0.0,0.0,0.0,0.0,0.0222579316028018,0.0019550885867325,0.0003007828594973,0.3961310259579728,0.0,0.0013535228677379,0.0640667490729295,0.2479954676555418,0.0,0.0,0.0,0.0,8.06209016,46.53832228,28.72104878,38.39884478
376,PC-PJ-BV-BF-BO-BT-BC-BY-BU-DP-BL-BA-BP-CA-EL-FP-CH-AC-BH-CG-ER-RI-CC-DL-DF,0.0,0.000264,0.000264,0.000264,0.000264,0.000264,0.000264,0.000264,0.000264,0.000264,0.000264,0.000264,0.000264,0.000264,0.000264,0.000264,0.000264,0.000264,0.000264,0.000264,0.000264,0.000264,0.000264,0.000264,0.000264,0.000264,0.0,0.0,28.0,0.0
377,PC-PJ-BV-BF-BO-BT-BC-BY-BU-DP-BL-BA-BP-CA-EL-FP-CH-AC-BH-CG-ER-RI-CC-DL-DF,16.0,0.0799238870696521,0.0068083311207481,0.038777885948609,0.1363146296132401,0.1355745936218544,0.1525954214237248,0.2511682154762958,0.0777037790954951,0.0364097707761748,0.0042922087500368,0.0050322447414225,0.0784438150868808,0.0560947281470336,0.0079923887069652,0.0008880431896628,0.0,0.0256052453019441,0.039961943534826,0.0001480071982771,0.013320647844942,0.185008997846417,0.0008880431896628,0.0038481871552054,0.2184586246570492,0.1170736938372127,20.39894416,44.685687,29.86071626,16.86823529
378,PC-PJ-BV-BF-BO-BT-BC-BY-BU-DP-BL-BA-BP-CA-EL-FP-CH-AC-BH-CG-ER-RI-CC-DL-DF,32.0,0.1025937239655651,0.0059846338979912,0.0075520380141318,0.1033061803819926,0.0940442469684347,0.0991739331667129,0.1759767348576013,0.061271251812768,0.0227986053256811,0.001424912832855,0.0052721774815637,0.0423199111357956,0.0390426116202289,0.0041322472152797,0.0007124564164275,0.0001424912832855,0.0290682217902434,0.2348256348545157,0.000284982566571,0.0125392329291246,0.1346542627048042,0.000284982566571,0.0061271251812768,0.2252787188743867,0.1305220154895245,21.1184672,40.78061116,31.04910717,19.13382433
379,PC-PJ-BV-BF-BO-BT-BC-BY-BU-DP-BL-BA-BP-CA-EL-FP-CH-AC-BH-CG-ER-RI-CC-DL-DF,48.0,0.0617674537659179,0.0069469507902988,0.0060408267741729,0.107224675241569,0.126404300249568,0.1594778268381647,0.2016125935880207,0.0709797145965316,0.0256735137902348,0.0028693927177321,0.0040775580725667,0.0184245216612273,0.0197837076854162,0.0030204133870864,0.0012081653548345,0.0001510206693543,0.0246163691047545,0.3207679017085812,0.0,0.0163102322902668,0.1194573494592692,0.0004530620080629,0.0048326614193383,0.098767517757727,0.1724656044026364,21.10767488,39.55471956,31.85526791,21.95824047
